epochs_seen,heldout_EOS_accuracy,heldout_EOS_loss,heldout_accuracy,heldout_answer_accuracy,heldout_answer_loss,heldout_examples,heldout_loss,last_batch_size,step,train_EOS_accuracy,train_EOS_loss,train_accuracy,train_answer_accuracy,train_answer_loss,train_examples,train_loss,training_seconds,wall_seconds
0.055267702936096716,0.0,5.778129674266932,0.0,7.196315486470927e-05,5.852688940352383,27792,5.815409291936669,512,1,0.0001079447322970639,5.777610943519184,0.0,0.0,5.854375256157909,9264,5.815993070190641,0.3032689030005713,2.8514037349959835
13.110535405872193,1.0,0.029310465202155852,0.0072322970639032815,0.0072322970639032815,5.349832586399358,27792,2.689571538737401,512,249,1.0,0.02931108576646123,0.04317789291882556,0.04317789291882556,5.110061948575298,9264,2.569686517402504,7.022504738983116,10.114976083001238
13.221070811744386,1.0,0.028744828910338995,0.007016407599309154,0.007016407599309154,5.362133467547428,27792,2.6954391492669036,512,251,1.0,0.028745788392419435,0.040803108808290155,0.040803108808290155,5.109074378466565,9264,2.5689100955640303,7.068422285999986,11.125351190996298
26.276338514680482,1.0,0.0038473342529781675,0.008707541738629821,0.008707541738629821,5.4990300456888725,27792,2.7514386822179464,512,499,1.0,0.0038481115014493365,0.5131692573402418,0.5131692573402418,3.8629287396893806,9264,1.9333884201313343,13.290900512023654,17.873327866996988
26.386873920552677,1.0,0.003805970448183478,0.00885146804835924,0.00885146804835924,5.500626135229309,27792,2.752216051416831,512,501,1.0,0.003806760518559108,0.508527633851468,0.508527633851468,3.8632937251800907,9264,1.9335502384034258,13.335479091023444,18.89090040299925
39.44214162348877,1.0,0.001767212577554503,0.009211283822682787,0.009211283822682787,5.690476010706346,27792,2.846121603000006,512,749,1.0,0.0017658818331394274,0.8292314335060449,0.8292314335060449,2.426777880838292,9264,1.2142718777137718,20.31595341299544,26.416686835997098
39.552677029360964,1.0,0.0017679895225549884,0.009211283822682787,0.009211283822682787,5.691298265737161,27792,2.8465331258208297,512,751,1.0,0.0017667785278860872,0.8319300518134715,0.8319300518134715,2.4068981765259525,9264,1.2043324826294894,20.365243725995242,27.42913085500186
52.607944732297064,1.0,0.0012050508819070093,0.009283246977547496,0.009283246977547496,5.9264517121433045,27792,2.963828378390772,512,999,1.0,0.001204165244404233,0.969559585492228,0.969559585492228,1.3005625225719393,9264,0.650883344376849,27.549898947036127,35.157761331000074
52.718480138169255,1.0,0.0012044975068688255,0.009247265400115142,0.009247265400115142,5.924295490201205,27792,2.962749995098213,512,1001,1.0,0.001203145921095202,0.9700993091537133,0.9700993091537133,1.2804561896645343,9264,0.640829663614329,27.598574224030017,36.158637710999756
65.77374784110535,1.0,0.0009004820575728524,0.008527633851468049,0.008527633851468049,6.178834299143526,27792,3.0898674024407318,512,1249,1.0,0.0008998938630269084,0.9975172711571675,0.9975172711571675,0.5510438223576917,9264,0.27597185871555807,34.63314981008443,43.737664683998446
65.88428324697755,1.0,0.0008955999906456327,0.00838370754173863,0.00838370754173863,6.183445315012386,27792,3.0921704671680756,512,1251,1.0,0.0008952772286632106,0.9979490500863558,0.9979490500863558,0.540746295802128,9264,0.2708207867100243,34.6767767930869,44.72955866999837
78.93955094991364,1.0,0.0006199861154449213,0.00845567069660334,0.00845567069660334,6.481264363641909,27792,3.240942180328281,512,1499,1.0,0.000619660307764235,0.9995682210708118,0.9995682210708118,0.20606396770642005,9264,0.10334181378954227,41.35924170500948,51.94752376100223
79.0,1.0,0.0006161187233904105,0.008419689119170985,0.008419689119170985,6.483068357477534,27792,3.241842208405507,48,1501,1.0,0.0006158466335057903,0.9993523316062176,0.9993523316062176,0.20455605337245064,9264,0.10258594886214828,41.398850737998146,52.95223849199829
92.05526770293609,1.0,0.0004080831739144313,0.008707541738629821,0.008707541738629821,6.753286338634854,27792,3.376847207306031,512,1749,1.0,0.00040801758081724607,1.0,1.0,0.06368699232325446,9264,0.03204750454950827,48.27444208296947,60.37365150899859
92.16580310880829,1.0,0.0004062097609176091,0.009067357512953367,0.009067357512953367,6.7600446535241145,27792,3.380225421508016,512,1751,1.0,0.0004061467781508525,1.0,1.0,0.0636419687606716,9264,0.032024058099958355,48.318613853974966,61.38460449800186
105.22107081174438,1.0,0.0003099767863857691,0.009175302245250433,0.009175302245250433,6.9635041961055,27792,3.481907070952719,512,1999,1.0,0.0003096260617379363,1.0,1.0,0.03355886006087631,9264,0.016934242897340464,55.214639668942255,68.82611856699805
105.33160621761658,1.0,0.00030904902020875724,0.009175302245250433,0.009175302245250433,6.96599853375072,27792,3.4831537873702416,512,2001,1.0,0.0003087014994955588,1.0,1.0,0.03332756014479669,9264,0.016818130900359524,55.2588522549413,69.83929767899826
118.38687392055267,1.0,0.00023308575043972705,0.008599597006332758,0.008599597006332758,7.097827917965377,27792,3.5490304818425153,512,2249,1.0,0.00023305717701275732,1.0,1.0,0.025729059426689807,9264,0.012981058125720328,61.84199103193532,76.9646071199968
118.49740932642487,1.0,0.00023269888107966746,0.008491652274035694,0.008491652274035694,7.098927648848477,27792,3.5495801276699455,512,2251,1.0,0.000232672737428793,1.0,1.0,0.02552188963778896,9264,0.012877281182582308,61.886189966928214,77.96179983299953
131.55267702936098,1.0,0.00015078382738144768,0.008527633851468049,0.008527633851468049,7.305761237355849,27792,3.652955996832356,512,2499,1.0,0.0001494117327065035,0.9731217616580311,0.9731217616580311,0.18880357756721747,9264,0.09447649448132062,68.93364702494728,85.55122736500198
131.66321243523316,1.0,0.00015352843782371774,0.00838370754173863,0.00838370754173863,7.300399121431077,27792,3.650276311458221,512,2501,1.0,0.00014989645765621428,0.9799222797927462,0.9799222797927462,0.15380802637348934,9264,0.07697896090607981,68.98390903494874,86.57221868199849
144.71848013816927,1.0,0.00013926877706136315,0.008275762809441567,0.008275762809441567,7.391969697257192,27792,3.696054494854494,512,2749,1.0,0.00013917707435992613,1.0,1.0,0.011251522752493363,9264,0.005695349786153935,75.64771789494262,93.78243858299538
144.82901554404145,1.0,0.0001388777971748106,0.008311744386873921,0.008311744386873921,7.3948700267416205,27792,3.697504446571012,512,2751,1.0,0.00013878836244423528,1.0,1.0,0.011173310507867415,9264,0.005656049524100951,75.69291190896183,94.80262912799662
157.88428324697756,1.0,9.790394406537292e-05,0.008563615428900403,0.008563615428900403,7.510576580884337,27792,3.755337246821815,512,2999,1.0,9.178199846738232e-05,0.9993523316062176,0.9993523316062176,0.029763459644581165,9264,0.014927620882094421,83.10744244389934,102.76775676699617
157.99481865284974,1.0,9.727972413793369e-05,0.008815486470926885,0.008815486470926885,7.50296266475627,27792,3.751529972513448,512,3001,1.0,9.190492972969649e-05,0.9994602763385146,0.9994602763385146,0.026983270656465455,9264,0.013537587736297353,83.15152503090212,103.7899440839974
171.0,1.0,8.340949997162178e-05,0.00838370754173863,0.00838370754173863,7.64881351451182,27792,3.8244484619773114,48,3249,1.0,8.31722932813821e-05,1.0,1.0,0.00640077818191525,9264,0.0032419752239511834,90.58311591393431,111.77428368099936
171.11053540587218,1.0,8.311886848398217e-05,0.008275762809441567,0.008275762809441567,7.654441236145687,27792,3.827262191025773,512,3251,1.0,8.289515338789845e-05,1.0,1.0,0.006363357055372525,9264,0.0032231261123724553,90.62738782293309,112.78196095900057
184.1658031088083,0.9999640184225677,0.00021931032591060266,0.008599597006332758,0.008599597006332758,7.7088812442092145,27792,3.854550286415465,512,3499,1.0,6.002726370914291e-05,0.9994602763385146,0.9994602763385146,0.01857311895602931,9264,0.009316572896968927,97.36416063186334,120.06509425799595
184.27633851468048,0.9999640184225677,0.00021382943224017097,0.008491652274035694,0.008491652274035694,7.698751903088119,27792,3.8494828662861336,512,3501,1.0,6.002954697752748e-05,0.9988126079447323,0.9988126079447323,0.021208056694279474,9264,0.010634043017508452,97.41048555286397,121.07344442299654
197.33160621761658,0.9999280368451353,0.0004050639955228796,0.008635578583765112,0.008635578583765112,7.683690977563238,27792,3.8420480213154304,512,3749,1.0,6.320473300904319e-05,0.9970854922279793,0.9970854922279793,0.03350981408553214,9264,0.016786509368806716,104.62722387087706,128.83544436500233
197.44214162348877,0.9999280368451353,0.00038747768788815627,0.008599597006332758,0.008599597006332758,7.686784813441143,27792,3.843586163474145,512,3751,1.0,6.343323032356419e-05,0.9976252158894646,0.9976252158894646,0.031476278379173474,9264,0.015769855886543352,104.67358499090187,129.85795245199552
210.49740932642487,0.9999640184225677,0.0001299362331408971,0.00838370754173863,0.00838370754173863,7.775765901608376,27792,3.8879479280338933,512,3999,1.0,6.0019491528706154e-05,1.0,1.0,0.004650717417810865,9264,0.0023553684918412583,112.1955331109275,137.9480675119994
210.60794473229706,0.9999640184225677,0.0001281251879269552,0.008347725964306276,0.008347725964306276,7.777934634966897,27792,3.8890314250412383,512,4001,1.0,5.989497581666532e-05,1.0,1.0,0.0046225138208048746,9264,0.0023412044185804064,112.2407708019091,138.97144947500055
223.66321243523316,0.999892055267703,0.0006434345156384367,0.008599597006332758,0.008599597006332758,8.128038084637385,27792,4.064340823123561,512,4249,1.0,3.4987889198583934e-05,0.9801381692573402,0.9801381692573402,0.09798421771209269,9264,0.04900960287075998,118.92930178887036,146.20550417900085
223.77374784110535,0.999892055267703,0.0006834608508717906,0.008491652274035694,0.008491652274035694,8.124453938275009,27792,4.062568761180994,512,4251,1.0,3.5047271467977734e-05,0.9846718480138169,0.9846718480138169,0.08032050587249749,9264,0.04017777638011234,118.97467166787101,147.2234507059984
236.82901554404145,0.9999280368451353,0.0004976612385592939,0.00791594703511802,0.00791594703511802,7.9438377604377495,27792,3.97216769423235,512,4499,1.0,3.8862927966197836e-05,0.9964378238341969,0.9964378238341969,0.02855669517900042,9264,0.014297779125124473,125.7543576808821,154.5455216449991
236.93955094991364,0.9999280368451353,0.0004981874388969135,0.00845567069660334,0.00845567069660334,7.946804294794815,27792,3.9736512469092387,512,4501,1.0,3.8743127150089514e-05,0.9975172711571675,0.9975172711571675,0.023357699192507072,9264,0.011698221199098646,125.80171037189575,155.56097666599817
249.99481865284974,0.9999640184225677,0.0003267615960769368,0.008815486470926885,0.008815486470926885,7.887799282216724,27792,3.9440630318175534,512,4749,1.0,4.0854166354541706e-05,1.0,1.0,0.004029480071291199,9264,0.0020351671060428204,132.88256445385923,163.19119816499733
250.0552677029361,0.9999640184225677,0.00032617804514180934,0.008923431203223949,0.008923431203223949,7.889369632982288,27792,3.944847919505838,512,4751,1.0,4.084824787196261e-05,1.0,1.0,0.003999957538150341,9264,0.0020204028798289763,132.92301092186244,164.2109358269954
263.1105354058722,0.9999640184225677,8.818316506624016e-05,0.008671560161197467,0.008671560161197467,8.214659651875428,27792,4.107373893707047,512,4999,1.0,2.8661778081081396e-05,1.0,1.0,0.0017518761136692937,9264,0.0008902689192720749,140.00047274080134,171.84641466500034
263.22107081174437,0.9999640184225677,8.529494379158628e-05,0.008707541738629821,0.008707541738629821,8.218649069742698,27792,4.1093672673868324,512,5001,1.0,2.843904020851848e-05,1.0,1.0,0.0017383353742859318,9264,0.000883387221547812,140.04537381578848,172.8776284859996
276.2763385146805,0.9999640184225677,0.00013915170779975564,0.008527633851468049,0.008527633851468049,8.389275005650232,27792,4.194707173208567,512,5249,1.0,1.6927565793311368e-05,0.9992443868739206,0.9992443868739206,0.009999256384830813,9264,0.005008091968331415,147.28152596676955,180.66067294299864
276.38687392055266,0.9999640184225677,0.00013616895604389142,0.008419689119170985,0.008419689119170985,8.390415892219433,27792,4.195276140686281,512,5251,1.0,1.6934361512590175e-05,0.9993523316062176,0.9993523316062176,0.00971235123837756,9264,0.004864642856600783,147.3257706207587,181.69794953699602
289.4421416234888,0.9999640184225677,5.1533972705614144e-05,0.008311744386873921,0.008311744386873921,8.300248057662445,27792,4.150149778586801,512,5499,1.0,1.813420063887589e-05,1.0,1.0,0.0017790057726963608,9264,0.0008985700109082439,154.05975379577285,188.97804579199874
289.55267702936095,0.9999640184225677,5.086521982930056e-05,0.008311744386873921,0.008311744386873921,8.300855264350746,27792,4.1504530656866185,512,5501,1.0,1.813341568997017e-05,1.0,1.0,0.0017699550319340768,9264,0.0008940442480526491,154.10404567576188,189.98458251999546
302.6079447322971,1.0,1.2991635654835812e-05,0.008347725964306276,0.008347725964306276,8.622896000099512,27792,4.311454375447662,512,5749,1.0,1.2859090867018832e-05,1.0,1.0,0.00084245931526038,9264,0.00042765921573693477,160.9473487077994,197.3782874019962
302.71848013816924,1.0,1.2885232691573452e-05,0.008347725964306276,0.008347725964306276,8.629955355436142,27792,4.314983965270328,512,5751,1.0,1.2760858351766053e-05,1.0,1.0,0.000835661224647713,9264,0.00042421105301686414,160.99155889581016,198.38590433799982
315.7737478411054,0.9999640184225677,8.910503388901504e-05,0.008095854922279792,0.008095854922279792,8.621501709581725,27792,4.310795506733755,512,5999,1.0,1.1347122847795042e-05,0.9991364421416234,0.9991364421416234,0.007778554241171361,9264,0.003894950692672186,167.77628436673695,205.72732222299965
315.88428324697753,0.9999640184225677,8.634884337273736e-05,0.008203799654576857,0.008203799654576857,8.623863892234052,27792,4.31197522986395,512,6001,1.0,1.1307121718858107e-05,0.9994602763385146,0.9994602763385146,0.006274976164411387,9264,0.0031431415978825567,167.8253773857432,206.74389543399593
328.93955094991367,1.0,1.6494816560946967e-05,0.008671560161197467,0.008671560161197467,8.618764799356324,27792,4.309390703288042,512,6249,1.0,1.2311796841311343e-05,0.9963298791018999,0.9963298791018999,0.020794601071889744,9264,0.010403456478435965,174.58122336567612,214.05151374400157
329.0,1.0,1.952055435604644e-05,0.008599597006332758,0.008599597006332758,8.603174577448378,27792,4.301597107671498,48,6251,1.0,1.2349954727652687e-05,0.9960060449050087,0.9960060449050087,0.02394139210794874,9264,0.011976870951051334,174.62847127868008,215.06841273399914
342.0552677029361,0.9999280368451353,0.0006477136896386615,0.008527633851468049,0.008527633851468049,8.3590003031729,27792,4.179823933075952,512,6499,1.0,1.3570371248535346e-05,0.9974093264248705,0.9974093264248705,0.019391554946623524,9264,0.009702562713200975,181.43263123068027,222.42911354499665
342.1658031088083,0.9999280368451353,0.0006515637631547516,0.00845567069660334,0.00845567069660334,8.35441577057078,27792,4.177533581810019,512,6501,1.0,1.3580845008370593e-05,0.9975172711571675,0.9975172711571675,0.018824838616584454,9264,0.009419209759727454,181.479193505671,223.46089886499976
355.22107081174437,0.9998200921128382,0.0005001118189840758,0.008239781232009212,0.008239781232009212,8.339091141195084,27792,4.169795588096394,512,6749,1.0,1.5492841589509064e-05,0.9946027633851469,0.9946027633851469,0.031295519997727686,9264,0.01565550658884032,188.41839262861322,230.96123884899862
355.3316062176166,0.9998200921128382,0.00045685910173570097,0.008203799654576857,0.008203799654576857,8.343750944340716,27792,4.1721038796397965,512,6751,1.0,1.5469945973028236e-05,0.9929835924006909,0.9929835924006909,0.04011579283186603,9264,0.020065631205939877,188.4664154226266,231.98593339999934
368.38687392055266,0.9998560736902706,0.0007543742367043388,0.007879965457685665,0.007879965457685665,8.278547986458276,27792,4.139651195853348,512,6999,1.0,1.7265998837544096e-05,0.9900690846286702,0.9900690846286702,0.059584868695451806,9264,0.029801067807719704,195.84946519057848,239.9175991000011
368.4974093264249,0.9998560736902706,0.0006912264670459816,0.00791594703511802,0.00791594703511802,8.287003371656525,27792,4.143847299157441,512,7001,1.0,1.724913771683873e-05,0.9906088082901554,0.9906088082901554,0.05397476433472312,9264,0.026996006902841294,195.89882397458132,240.95710306600085
381.55267702936095,0.9999640184225677,0.00030481713925443793,0.008203799654576857,0.008203799654576857,8.265299953533166,27792,4.132802417515747,512,7249,1.0,1.820676299132727e-05,0.9984887737478411,0.9984887737478411,0.015366954880160166,9264,0.007692580865712157,203.4469222265252,249.0609705320021
381.66321243523316,0.9999640184225677,0.0002938419087085161,0.008311744386873921,0.008311744386873921,8.267652776231694,27792,4.133973345100434,512,7251,1.0,1.8176602978339348e-05,0.9990284974093264,0.9990284974093264,0.013367094298975868,9264,0.006692635480938592,203.4909388615415,250.07346605199564
394.71848013816924,0.9999280368451353,0.0003823107241175181,0.008311744386873921,0.008311744386873921,8.198513121047649,27792,4.099447677515674,512,7499,1.0,1.9156933896443025e-05,1.0,1.0,0.0016265561746269311,9264,0.0008228565353115246,210.19294398753846,257.3153673249981
394.82901554404145,0.9999280368451353,0.00037718759778625384,0.008311744386873921,0.008311744386873921,8.200547046474705,27792,4.100462090509269,512,7501,1.0,1.9144465192180893e-05,1.0,1.0,0.0016165884374118118,9264,0.0008178664321507712,210.23685451653728,258.3106044419983
407.88428324697753,1.0,1.2257246050724162e-05,0.008491652274035694,0.008491652274035694,8.588419337209505,27792,4.294215710189196,512,7749,1.0,1.1620418635472038e-05,1.0,1.0,0.0006467064212049022,9264,0.0003291634247205598,217.1974709194692,265.8089407699954
407.99481865284974,1.0,1.2104011157988134e-05,0.008491652274035694,0.008491652274035694,8.593131487576798,27792,4.296571767803712,512,7751,1.0,1.1511891117719178e-05,1.0,1.0,0.0006402005402882791,9264,0.0003258562198436348,217.24522367345344,266.82425795699965
421.0,1.0,4.8781318824149015e-06,0.008311744386873921,0.008311744386873921,9.067400930664906,27792,4.533702795438267,48,7999,1.0,4.207945816286812e-06,0.9948186528497409,0.9948186528497409,0.026999324489391324,9264,0.013501766293803438,224.27543386343314,274.4082190049958
421.1105354058722,1.0,5.278322350094524e-06,0.008347725964306276,0.008347725964306276,9.07036129825748,27792,4.53518315492585,512,8001,1.0,4.2339361400728716e-06,0.9948186528497409,0.9948186528497409,0.02742777154209906,9264,0.013716002710691183,224.32338002341567,275.4368007449957
434.1658031088083,1.0,2.2264732865302484e-05,0.008203799654576857,0.008203799654576857,8.884661914427937,27792,4.442342091649857,512,8249,1.0,4.774896463526844e-06,1.0,1.0,0.0007185299308980222,9264,0.00036165241971579805,231.78133798245108,283.44933017600124
434.2763385146805,1.0,2.1739998928452996e-05,0.008239781232009212,0.008239781232009212,8.884446903419825,27792,4.442234305039726,512,8251,1.0,4.778499457418568e-06,1.0,1.0,0.0007142000992513794,9264,0.0003594893054145554,231.82558023644378,284.4737480199983
447.3316062176166,1.0,5.428722566186687e-06,0.007987910189982728,0.007987910189982728,8.961931578922217,27792,4.4809685258530445,512,8499,1.0,4.730348049577354e-06,1.0,1.0,0.00036880915939473325,9264,0.00018676975943045191,239.2415000934052,292.4487272019978
447.4421416234888,1.0,5.394251634182905e-06,0.007951928612550374,0.007951928612550374,8.963519643762705,27792,4.4817625407041595,512,8501,1.0,4.7205426725289515e-06,1.0,1.0,0.0003668532951289405,9264,0.00018578692458389852,239.28675112640485,293.4787114439969
460.4974093264249,1.0,1.921569429137318e-06,0.00845567069660334,0.00845567069660334,9.567106327107396,27792,4.783554112286697,512,8749,1.0,1.9151448308209133e-06,1.0,1.0,0.0001407132106724586,9264,7.131417866113446e-05,246.72141224839288,301.46461112499674
460.6079447322971,1.0,1.8905318359675227e-06,0.008419689119170985,0.008419689119170985,9.569054857780005,27792,4.784528382015283,512,8751,1.0,1.8839913668741902e-06,1.0,1.0,0.00013913672881052928,9264,7.051036099819644e-05,246.76557747038896,302.48583989399776
473.66321243523316,1.0,1.2542727349994078e-06,0.008311744386873921,0.008311744386873921,9.49939641694468,27792,4.74969872017324,512,8999,1.0,1.2356247072244712e-06,0.9996761658031088,0.9996761658031088,0.0018267788247097547,9264,0.0009140072057477242,253.93608075637167,310.2193732259984
473.7737478411054,1.0,1.2561383500127427e-06,0.008275762809441567,0.008275762809441567,9.492843584006863,27792,4.746422303704332,512,9001,1.0,1.2365898083380623e-06,0.999892055267703,0.999892055267703,0.0014624410310505997,9264,0.0007318388172047332,253.9871853333825,311.24733352899784
486.82901554404145,0.9999640184225677,0.00022362807795439936,0.008023891767415083,0.008023891767415083,9.458007360094912,27792,4.7291152813548525,512,9249,1.0,1.4066530519575467e-06,0.9994602763385146,0.9994602763385146,0.0034201043064421323,9264,0.0017107554867426143,260.8023854964267,318.61788165899634
486.93955094991367,0.9999640184225677,0.0002275347681178158,0.007951928612550374,0.007951928612550374,9.453911526009621,27792,4.727069316681734,512,9251,1.0,1.4073221887296366e-06,0.9995682210708118,0.9995682210708118,0.0028060138585859836,9264,0.0014037105780809037,260.8511152474239,319.6491268769969
499.99481865284974,0.9999280368451353,0.00032299675431586604,0.008059873344847437,0.008059873344847437,9.369133540248486,27792,4.6847283028979785,512,9499,1.0,1.743832950721859e-06,0.9995682210708118,0.9995682210708118,0.003822368746607312,9264,0.001912056245649674,267.75562492952304,327.1019185049954
500.0552677029361,0.9999280368451353,0.00034864584626969914,0.007951928612550374,0.007951928612550374,9.37023327552387,27792,4.685291017961695,512,9501,1.0,1.7449138639690813e-06,0.9993523316062176,0.9993523316062176,0.005055153488289301,9264,0.0025284491891173293,267.8051625925218,328.125419967997
513.1105354058722,0.9999280368451353,0.0003574820873456736,0.00791594703511802,0.00791594703511802,9.238190927104698,27792,4.61927416356185,512,9749,1.0,2.8093241067735528e-06,0.9938471502590673,0.9938471502590673,0.026049919542253327,9264,0.013026364430759442,275.30208873150696,336.1766054959953
513.2210708117444,0.9999280368451353,0.0003434833173994311,0.007879965457685665,0.007879965457685665,9.227003766259175,27792,4.613673573056376,512,9751,1.0,2.7039787963136068e-06,0.9949265975820379,0.9949265975820379,0.02349685943188445,9264,0.011749781790432328,275.35222465751576,337.21325923100085
526.2763385146804,0.9999640184225677,0.00029985553541751834,0.007628094415659183,0.007628094415659183,9.203197292576045,27792,4.6017484450793225,512,9999,1.0,2.6880516842552917e-06,0.9990284974093264,0.9990284974093264,0.008305813441622442,9264,0.004154250707753993,282.0608238365894,344.4669717659999
526.3868739205527,0.9999640184225677,0.0002907257908246219,0.007700057570523892,0.007700057570523892,9.18819121348151,27792,4.594240859519769,512,10001,1.0,2.6311294173874888e-06,0.9990284974093264,0.9990284974093264,0.007692427035028659,9264,0.003847529104748332,282.1050234975846,345.4756872239959
539.4421416234887,0.999892055267703,0.0004515995324008526,0.008311744386873921,0.008311744386873921,9.08170335733417,27792,4.541077466140071,512,10249,1.0,4.284447724364448e-06,0.9987046632124352,0.9987046632124352,0.008346066583391916,9264,0.004175175520203789,288.6023975625794,352.50982687000214
539.552677029361,0.9999280368451353,0.0004250003070044984,0.008239781232009212,0.008239781232009212,9.083306206597221,27792,4.541865608509615,512,10251,1.0,3.89936883631092e-06,0.9987046632124352,0.9987046632124352,0.008183881071024609,9264,0.004093890194177936,288.6466628755734,353.5088726169997
552.607944732297,0.9999280368451353,0.0002563296572306804,0.007412204951065054,0.007412204951065054,8.994217959916242,27792,4.497237087462781,512,10499,1.0,3.1841414692718778e-06,0.9997841105354058,0.9997841105354058,0.005183876181642215,9264,0.0025935301280520947,295.71510866349126,361.1219741419991
552.7184801381693,0.9999280368451353,0.0002405208939008568,0.007412204951065054,0.007412204951065054,8.990965452836585,27792,4.495602890480231,512,10501,1.0,3.1636340256560424e-06,0.9997841105354058,0.9997841105354058,0.005055737030243626,9264,0.002529450328715004,295.7616052615049,362.1340045199977
565.7737478411053,0.9999640184225677,0.00022636407794905092,0.008059873344847437,0.008059873344847437,8.813621296989691,27792,4.4069237497666816,512,10749,1.0,3.3111649833616376e-06,1.0,1.0,0.0005940428320945776,9264,0.0002986770018690711,302.8729631984679,369.7978617519984
565.8842832469776,0.9999640184225677,0.0002256420649331485,0.008059873344847437,0.008059873344847437,8.81407248102253,27792,4.407148994792791,512,10751,1.0,3.3117183331329383e-06,1.0,1.0,0.0005900371986214515,9264,0.0002966744618953587,302.9221366884667,370.8210982820019
578.9395509499136,0.9999640184225677,4.9497314036671535e-05,0.008167818077144501,0.008167818077144501,9.025970630283389,27792,4.513009993180367,512,10999,1.0,3.0087950879545875e-06,1.0,1.0,0.0002523554605230792,9264,0.00012768212987740552,309.8155387184379,378.2651624419959
579.0,0.9999640184225677,4.687611713081118e-05,0.008131836499712147,0.008131836499712147,9.0302947268928,27792,4.515170736977199,48,11001,1.0,2.9991183659218215e-06,1.0,1.0,0.0002503496865558539,9264,0.0001266744044699444,309.8588778244375,379.2631316170009
592.0552677029361,1.0,9.709299242861995e-07,0.008419689119170985,0.008419689119170985,9.783459221417697,27792,4.891730087271489,512,11249,1.0,9.67275579548684e-07,1.0,1.0,7.430290140208365e-05,9264,3.7635088605092055e-05,316.604428235456,386.5441667949999
592.1658031088083,1.0,9.66692091573419e-07,0.008419689119170985,0.008419689119170985,9.783671575094958,27792,4.891836261913978,512,11251,1.0,9.63582459287342e-07,1.0,1.0,7.339907249730138e-05,9264,3.718132760513667e-05,316.64837461646675,387.5426023530017
605.2210708117444,0.9999640184225677,8.742260764733598e-05,0.008743523316062176,0.008743523316062176,9.978072022046588,27792,4.989079918474319,512,11499,1.0,5.240883948413606e-07,0.998380829015544,0.998380829015544,0.0070758044730955556,9264,0.0035381642679341253,323.4070822144349,394.83924318899517
605.3316062176166,0.9999640184225677,0.00010097348813904985,0.008707541738629821,0.008707541738629821,9.980785293008104,27792,4.9904433180699765,512,11501,1.0,5.24487303301645e-07,0.998380829015544,0.998380829015544,0.006502479193362187,9264,0.003251501795150571,323.45169224344863,395.846366056001
618.3868739205527,0.9999280368451353,0.00018315591785823641,0.008887449625791594,0.008887449625791594,9.871277672433276,27792,4.935730533896333,512,11749,1.0,7.425693546759913e-07,0.9980569948186528,0.9980569948186528,0.011096682619876092,9264,0.0055487125457324,330.80194766547356,403.738968013
618.4974093264249,0.9999280368451353,0.00016163989758716913,0.008707541738629821,0.008707541738629821,9.857279881294527,27792,4.928720883823498,512,11751,1.0,7.363547192590809e-07,0.9975172711571675,0.9975172711571675,0.010860622826712737,9264,0.005430679605865211,330.8531505084611,404.77460389299813
631.552677029361,0.999892055267703,0.0002100425345969308,0.007412204951065054,0.007412204951065054,9.733339901552437,27792,4.866775022955824,512,11999,1.0,9.471492636931733e-07,0.9984887737478411,0.9984887737478411,0.007125133320380369,9264,0.003563040280344676,338.4380556385513,412.9208754930005
631.6632124352332,0.999892055267703,0.00022615370661993825,0.007448186528497409,0.007448186528497409,9.747492156086397,27792,4.87385919029574,512,12001,1.0,9.340693475753962e-07,0.9990284974093264,0.9990284974093264,0.005922688492967881,9264,0.0029618112717808218,338.4823345605546,413.94448005600134
644.7184801381693,0.999892055267703,0.00019259848594931265,0.007484168105929764,0.007484168105929764,9.641723641597064,27792,4.8209581369631715,512,12249,1.0,1.0035447022206688e-06,0.9971934369602763,0.9971934369602763,0.016741880789939604,9264,0.00837144214460475,346.1667768265179,422.1873204779986
644.8290155440415,0.999892055267703,0.00020163145565008154,0.0075561312607944735,0.0075561312607944735,9.637221385228887,27792,4.818711506476262,512,12251,1.0,9.891055643353218e-07,0.9969775474956822,0.9969775474956822,0.01619532066099796,9264,0.008098154822573554,346.2187384875142,423.2432993190014
657.8842832469776,0.9996042026482441,0.0024376182158517617,0.008131836499712147,0.008131836499712147,9.48633436204101,27792,4.74438593616826,512,12499,1.0,3.458628271676896e-06,0.991580310880829,0.991580310880829,0.036107840521553844,9264,0.0180556495675563,353.4142486354831,431.00463152399607
657.9948186528497,0.9996042026482441,0.0024244075652595045,0.008095854922279792,0.008095854922279792,9.493096904502082,27792,4.7477606365443235,512,12501,1.0,2.812102612302068e-06,0.9934153713298791,0.9934153713298791,0.031132286826280525,9264,0.015567549513990706,353.4624172144977,432.02696872999513
671.0,0.9998560736902706,0.0008185802532489342,0.008239781232009212,0.008239781232009212,9.412574754889558,27792,4.706696654711226,48,12749,1.0,2.2153743223392924e-06,0.9992443868739206,0.9992443868739206,0.006730918228845008,9264,0.0033665667159325204,360.3417330065713,439.45974015200045
671.1105354058722,0.9998200921128382,0.0007589620482845327,0.008167818077144501,0.008167818077144501,9.415366674059756,27792,4.708062764345124,512,12751,1.0,1.9495632582243984e-06,0.9990284974093264,0.9990284974093264,0.007236954435989235,9264,0.003619452002289382,360.3862794135639,440.4707164689971
684.1658031088083,0.9999280368451353,0.00015644933537375122,0.008527633851468049,0.008527633851468049,9.311006931443288,27792,4.655581597837141,512,12999,1.0,1.2761974449420571e-06,0.9961139896373057,0.9961139896373057,0.016784003811899657,9264,0.008392639876389956,367.3393665235417,447.9712405530008
684.2763385146804,0.9999280368451353,0.0001254084060915194,0.008527633851468049,0.008527633851468049,9.320509941878509,27792,4.660317554375051,512,13001,1.0,1.2739841966539044e-06,0.9957901554404145,0.9957901554404145,0.021253550134837266,9264,0.010627412033751478,367.3843225175442,448.98584301299707
697.3316062176166,0.9998200921128382,0.0008817009013595454,0.008131836499712147,0.008131836499712147,9.233391392279028,27792,4.617136562700991,512,13249,1.0,2.423948165812326e-06,0.9990284974093264,0.9990284974093264,0.007554038049772202,9264,0.0037782309731285188,374.86710067657987,457.0161096209995
697.4421416234887,0.9998200921128382,0.0008670281993453206,0.008131836499712147,0.008131836499712147,9.231756874659862,27792,4.616311942426103,512,13251,1.0,2.2460189326397875e-06,0.9990284974093264,0.9990284974093264,0.006475448640568475,9264,0.003238847299876248,374.9161532475773,458.03062749200035
710.4974093264249,0.999892055267703,0.0011267234156613437,0.008563615428900403,0.008563615428900403,9.173170609109073,27792,4.587148733364143,512,13499,1.0,2.0238850258201494e-06,0.9997841105354058,0.9997841105354058,0.0031053379390369425,9264,0.0015536808973380938,381.8728861665368,465.533874697001
710.607944732297,0.999892055267703,0.001138134021838322,0.008599597006332758,0.008599597006332758,9.171778211665002,27792,4.586458244609229,512,13501,1.0,2.0467307787434407e-06,0.999892055267703,0.999892055267703,0.002860330095086794,9264,0.0014311883772284255,381.9178126165425,466.5396535740001
723.6632124352332,0.999892055267703,0.0009106195317232703,0.008167818077144501,0.008167818077144501,9.052614101131002,27792,4.526762376520644,512,13749,1.0,1.9492821788082753e-06,0.999892055267703,0.999892055267703,0.00222198793983058,9264,0.0011119686066300089,388.7730289745159,473.9332021579976
723.7737478411053,0.999892055267703,0.0009085995391316167,0.008203799654576857,0.008203799654576857,9.045891594324019,27792,4.523400086538505,512,13751,1.0,1.948754615332354e-06,0.999892055267703,0.999892055267703,0.002168237648273791,9264,0.0010850931966551844,388.81748955450894,474.9377029749958
736.8290155440415,0.999892055267703,0.0009224075895562927,0.008167818077144501,0.008167818077144501,8.918716465802321,27792,4.459819356669073,512,13999,1.0,2.1325487588615307e-06,1.0,1.0,0.000426047659335925,9264,0.00021409010554829513,395.1817873435066,481.8386863179985
736.9395509499136,0.999892055267703,0.000920353258956045,0.008203799654576857,0.008203799654576857,8.918816702079004,27792,4.459868453601756,512,14001,1.0,2.1335395960048175e-06,1.0,1.0,0.00042281531212475014,9264,0.00021247442736127935,395.22582104050525,482.8376766549991
749.9948186528497,0.9999280368451353,0.0006419860216052623,0.008239781232009212,0.008239781232009212,9.150550943307652,27792,4.575596428905744,512,14249,1.0,1.962820775566634e-06,1.0,1.0,0.00016444197265569617,9264,8.320239765025895e-05,401.4389599885544,489.58566462399904
750.0552677029361,0.9999280368451353,0.0006361470958881988,0.008167818077144501,0.008167818077144501,9.158629391614774,27792,4.5796327343876495,512,14251,1.0,1.957583493523546e-06,1.0,1.0,0.00016304669863124584,9264,8.250214199701224e-05,401.4775378065533,490.5787028889972
763.1105354058722,1.0,6.40314317302636e-06,0.008203799654576857,0.008203799654576857,9.898968667495367,27792,4.949487638940191,512,14499,1.0,7.288442463154619e-07,1.0,1.0,4.6269170134062905e-05,9264,2.3499007247523477e-05,407.6778037085387,497.31333593399904
763.2210708117444,1.0,5.570631022409914e-06,0.008131836499712147,0.008131836499712147,9.902215635906916,27792,4.9511107190559835,512,14501,1.0,7.239029286138751e-07,1.0,1.0,4.6071731633207536e-05,9264,2.339781735081142e-05,407.7217841445381,498.31173168199894
776.2763385146804,0.999892055267703,0.0005384818374517202,0.00877950489349453,0.00877950489349453,9.937051227330201,27792,4.968794915479837,512,14749,1.0,7.742680936832816e-07,0.999892055267703,0.999892055267703,0.0010505257816164914,9264,0.0005256500250349442,414.2624906285346,505.38850894400093
776.3868739205527,0.999892055267703,0.000539046858493638,0.00877950489349453,0.00877950489349453,9.938678572352206,27792,4.969608886666043,512,14751,1.0,7.749629664850672e-07,0.999892055267703,0.999892055267703,0.0011539772379699457,9264,0.0005773760877800574,414.30642248252843,506.3889159809987
789.4421416234887,0.999892055267703,0.0005495171427598099,0.008275762809441567,0.008275762809441567,9.743239258374713,27792,4.871894397197541,512,14999,1.0,9.000139138016919e-07,1.0,1.0,0.0001493986962010862,9264,7.514935544778839e-05,421.1203703854262,513.744230860997
789.552677029361,0.999892055267703,0.0005484324034542557,0.008275762809441567,0.008275762809441567,9.741860920626609,27792,4.87120468148433,512,15001,1.0,9.012878472716323e-07,1.0,1.0,0.00014842414468669996,9264,7.466271668246309e-05,421.16462471942214,514.7688754740011
802.607944732297,0.9999640184225677,0.00014549592939360888,0.008203799654576857,0.008203799654576857,9.738578717325636,27792,4.869362114624656,512,15249,1.0,9.102701987667419e-07,1.0,1.0,7.07645229400105e-05,9264,3.583739672116742e-05,428.44967016536975,522.5995851589978
802.7184801381693,0.9999640184225677,0.00014272114152966936,0.008167818077144501,0.008167818077144501,9.740085933423963,27792,4.87011433471258,512,15251,1.0,9.092922296383029e-07,1.0,1.0,7.03531319021355e-05,9264,3.563121221766571e-05,428.4948603723751,523.6290562549984
815.7737478411053,1.0,3.836297250092457e-07,0.008563615428900403,0.008563615428900403,10.26407836316712,27792,5.13203918158356,512,15499,1.0,3.845991708319109e-07,1.0,1.0,2.840336788480294e-05,9264,1.4393983556288222e-05,433.98745010740095,529.6398802330004
815.8842832469776,1.0,3.798207999446847e-07,0.008599597006332758,0.008599597006332758,10.274044082984199,27792,5.1370220414920995,512,15501,1.0,3.804814060805886e-07,1.0,1.0,2.8121875460695522e-05,9264,1.4251178468142062e-05,434.0340878733987,530.6647495979996
828.9395509499136,1.0,2.0293398074081266e-06,0.007987910189982728,0.007987910189982728,10.656666427902195,27792,5.328334164880237,512,15749,1.0,1.2470391299210828e-07,0.9938471502590673,0.9938471502590673,0.026408915882061568,9264,0.01320452001633441,439.53051880240673,536.6839215869986
829.0,1.0,1.21861815709892e-06,0.00791594703511802,0.00791594703511802,10.66006691976052,27792,5.330034004523278,48,15751,1.0,1.2458810085847734e-07,0.9949265975820379,0.9949265975820379,0.020865252033593407,9264,0.010432688298089098,439.57057958841324,537.6815823989964
842.0552677029361,0.9999280368451353,0.00027448248362930635,0.007736039147956246,0.007736039147956246,10.554450632994657,27792,5.277362496261289,512,15999,1.0,2.0218891253635353e-07,0.9973013816925734,0.9973013816925734,0.013175439700767372,9264,0.006587820909338294,447.3563721473838,546.0105305629986
842.1658031088083,0.9999280368451353,0.0002604850373973624,0.007664075993091537,0.007664075993091537,10.55968744588708,27792,5.279973890428647,512,16001,1.0,1.990624200406366e-07,0.996653713298791,0.996653713298791,0.014446187204647559,9264,0.007223193091380576,447.4026407813799,547.052768800997
855.2210708117444,0.9999640184225677,0.00018057038282541103,0.008023891767415083,0.008023891767415083,10.372644295964216,27792,5.186412347893503,512,16249,1.0,2.117538923850089e-07,0.9974093264248705,0.9974093264248705,0.011550240868474124,9264,0.00577522636373529,452.8819831193832,553.0496802599955
855.3316062176166,0.9999640184225677,0.0001706488076689051,0.00784398388025331,0.00784398388025331,10.372019203901978,27792,5.186094847367835,512,16251,1.0,2.0300485337724873e-07,0.9965457685664939,0.9965457685664939,0.012029385443500183,9264,0.006014794276123271,452.92727845237823,554.0666826579982
868.3868739205527,1.0,2.649387382231887e-05,0.007700057570523892,0.007700057570523892,10.14927372029271,27792,5.074650036993559,512,16499,1.0,3.9965524163229793e-07,0.9991364421416234,0.9991364421416234,0.0034723642582977785,9264,0.0017363819372494397,459.8651871524271,561.5570886139976
868.4974093264249,1.0,2.5574545879553927e-05,0.007736039147956246,0.007736039147956246,10.148753441265416,27792,5.074389442878684,512,16501,1.0,3.848031397450578e-07,0.9990284974093264,0.9990284974093264,0.004989931179734915,9264,0.0024951579859914556,459.91340855042654,562.5744667899999
881.552677029361,1.0,6.424738489330309e-06,0.008095854922279792,0.008095854922279792,10.026310658825494,27792,5.013158419383417,512,16749,1.0,2.8581135192575504e-07,0.999892055267703,0.999892055267703,0.0013232513713700269,9264,0.0006617685978579141,467.2147973914325,570.4292219010022
881.6632124352332,1.0,6.031820871170138e-06,0.008059873344847437,0.008059873344847437,10.017700906862249,27792,5.00885335233751,512,16751,1.0,2.8572127896342504e-07,0.9996761658031088,0.9996761658031088,0.0015900024761395957,9264,0.000795144098770639,467.26248691545334,571.4446695689985
894.7184801381693,1.0,1.594311261220134e-05,0.008239781232009212,0.008239781232009212,9.877178673093594,27792,4.938597189947731,512,16999,1.0,4.1147923490632425e-07,0.999892055267703,0.999892055267703,0.0008797016946216064,9264,0.0004400565811321911,473.8854371584239,578.6051789139965
894.8290155440415,1.0,1.5471710553495143e-05,0.008311744386873921,0.008311744386873921,9.870824015545447,27792,4.935419630578831,512,17001,1.0,4.142843364789551e-07,0.999892055267703,0.999892055267703,0.0008973951241570896,9264,0.00044890470494755863,473.9294385574249,579.6034492819963
907.8842832469776,0.9999640184225677,0.00011214373565251837,0.007987910189982728,0.007987910189982728,9.848937557837575,27792,4.924524719027452,512,17249,1.0,5.961067410479636e-07,0.9977331606217616,0.9977331606217616,0.012701740004250938,9264,0.006351168071191649,480.31874008434534,586.5288285310016
907.9948186528497,0.9999640184225677,0.00013250337562010326,0.008095854922279792,0.008095854922279792,9.841334661946052,27792,4.9207334787459915,512,17251,1.0,6.617809262046812e-07,0.998272884283247,0.998272884283247,0.009535433404430721,9264,0.004768047616085189,480.3626444313486,587.5268267809952
921.0,1.0,9.401470663404275e-07,0.008707541738629821,0.008707541738629821,9.831250710671293,27792,4.915625761621769,48,17499,1.0,5.985925487189709e-07,0.9978411053540587,0.9978411053540587,0.011684592626667187,9264,0.005842595649094985,487.0177700083732,594.7148036219951
921.1105354058722,1.0,8.114375734365508e-07,0.008707541738629821,0.008707541738629821,9.836855407960812,27792,4.918428057559139,512,17501,1.0,5.299556759318137e-07,0.9964378238341969,0.9964378238341969,0.015098599474137208,9264,0.007549564689494322,487.0620100753731,595.712929948997
934.1658031088083,1.0,1.6094304050984784e-05,0.008311744386873921,0.008311744386873921,9.6467380995852,27792,4.823377186495748,512,17749,1.0,6.115844555163257e-07,0.9988126079447323,0.9988126079447323,0.007125154626595954,9264,0.0035628830573307623,493.4601209684188,602.6465618889997
934.2763385146804,1.0,1.8313141552171334e-05,0.008203799654576857,0.008203799654576857,9.656223707797546,27792,4.828121097457086,512,17751,1.0,6.202813360239608e-07,0.9968696027633851,0.9968696027633851,0.016788939532014786,9264,0.008394779756485077,493.50405467041855,603.6445348900015
947.3316062176166,0.9999640184225677,0.00010858409360853764,0.008239781232009212,0.008239781232009212,9.669484684778894,27792,4.834796718845576,512,17999,1.0,8.896388200043628e-07,0.9994602763385146,0.9994602763385146,0.003266924025494097,9264,0.001633906841120443,500.00336779440113,610.6799749779966
947.4421416234887,0.9999640184225677,0.00012050895128960535,0.008095854922279792,0.008095854922279792,9.669791450566372,27792,4.834956042301264,512,18001,1.0,8.870196951756198e-07,0.9994602763385146,0.9994602763385146,0.0036180060154184157,9264,0.001809446516708955,500.04745364540577,611.6800858669958
960.4974093264249,1.0,2.0129457863347337e-05,0.008059873344847437,0.008059873344847437,9.562451280803604,27792,4.781235729474478,512,18249,1.0,7.967323929047098e-07,0.9997841105354058,0.9997841105354058,0.0023032419579763074,9264,0.001152019340557807,506.8307204373705,619.0039867890009
960.607944732297,1.0,1.9152133210079654e-05,0.008023891767415083,0.008023891767415083,9.560492788434509,27792,4.78025600672729,512,18251,1.0,7.963594906521673e-07,0.9997841105354058,0.9997841105354058,0.002464809818498932,9264,0.0012328030777988964,506.87490467336465,620.0212834900012
973.6632124352332,1.0,2.5554286495251093e-05,0.008167818077144501,0.008167818077144501,9.38381181452284,27792,4.691918664645654,512,18499,1.0,9.158801258434478e-07,1.0,1.0,0.0001970676585407815,9264,9.899176974878976e-05,513.1157679433018,626.803823606002
973.7737478411053,1.0,2.5485560243796353e-05,0.008131836499712147,0.008131836499712147,9.38382955495146,27792,4.691927497525564,512,18501,1.0,9.165621494800166e-07,1.0,1.0,0.0001954530658914558,9264,9.818481442652039e-05,513.15969925229,627.8013668979984
986.8290155440415,1.0,2.005325308828833e-06,0.008095854922279792,0.008095854922279792,9.567381380615938,27792,4.783691729082756,512,18749,1.0,8.482849967700352e-07,1.0,1.0,7.144676010520077e-05,9264,3.6147522690001434e-05,519.4696110122823,634.6480554169975
986.9395509499136,1.0,1.9639087108250507e-06,0.008095854922279792,0.008095854922279792,9.570736961386707,27792,4.785369519468142,512,18751,1.0,8.45943024350931e-07,1.0,1.0,7.083827378055393e-05,9264,3.5842108525760434e-05,519.5138151952997,635.6610813309962
999.9948186528497,1.0,3.6427198427501907e-07,0.008203799654576857,0.008203799654576857,10.255459361057138,27792,5.127729680528569,512,18999,1.0,3.6273642303017457e-07,1.0,1.0,2.241531408183592e-05,9264,1.1389025276191436e-05,526.3989136183227,643.0920911729991
1000.0552677029361,1.0,3.6379158048176827e-07,0.008059873344847437,0.008059873344847437,10.249187498032258,27792,5.124593749016129,512,19001,1.0,3.6220883442141135e-07,1.0,1.0,2.2178715748779977e-05,9264,1.1270462309075874e-05,526.4389051863182,644.1008890739977
1013.1105354058722,1.0,1.685011905925462e-07,0.008023891767415083,0.008023891767415083,10.590047991131666,27792,5.295024013134962,512,19249,1.0,1.2368734296073075e-07,0.9971934369602763,0.9971934369602763,0.013558532987175981,9264,0.006779328427343454,533.076131126254,651.2800682169982
1013.2210708117444,1.0,1.855979877122648e-07,0.00784398388025331,0.00784398388025331,10.57537978836086,27792,5.28768993151483,512,19251,1.0,1.2404764737647146e-07,0.9960060449050087,0.9960060449050087,0.017357559813530744,9264,0.008678841994937014,533.120036496257,652.2768076270004
1026.2763385146804,1.0,1.1426768485701558e-06,0.008599597006332758,0.008599597006332758,10.566907822296546,27792,5.283454420653032,512,19499,1.0,1.682601938370833e-07,0.9973013816925734,0.9973013816925734,0.011061520048695421,9264,0.005530844180360565,539.7821521652586,659.474022082999
1026.3868739205527,1.0,1.907312422016608e-06,0.00877950489349453,0.00877950489349453,10.540499057451335,27792,5.270250407182147,512,19501,1.0,1.7549119193942883e-07,0.9960060449050087,0.9960060449050087,0.013338333703513179,9264,0.006669254618051859,539.8261597642559,660.4720464269994
1039.4421416234889,0.9999640184225677,0.00013222460641791248,0.008023891767415083,0.008023891767415083,10.438592404556054,27792,5.219362242440074,512,19749,1.0,8.74974379350442e-07,0.9997841105354058,0.9997841105354058,0.0020318601906962296,9264,0.001016367575783437,546.6618978892366,667.8439074349953
1039.552677029361,0.9999640184225677,0.00012284027957517435,0.008203799654576857,0.008203799654576857,10.437612749889244,27792,5.218867726345205,512,19751,1.0,8.357939664942862e-07,0.999892055267703,0.999892055267703,0.0019529813539481277,9264,0.0009769085593222414,546.7062035892377,668.8461128339986
1052.607944732297,0.9998560736902706,0.00020467876536699834,0.00791594703511802,0.00791594703511802,10.162704309651271,27792,5.08145442472907,512,19999,1.0,4.623048872356451e-07,0.9989205526770294,0.9989205526770294,0.005968873869203069,9264,0.0029846680827522475,552.9683987802928,675.6457613469975
1052.7184801381693,0.9998560736902706,0.0002242263700903948,0.007951928612550374,0.007951928612550374,10.157502942477826,27792,5.078863527147538,512,20001,1.0,4.473600420216656e-07,0.9988126079447323,0.9988126079447323,0.005903547628105511,9264,0.002951997460150811,553.0134947612969,676.6564864069951
1065.7737478411054,0.999892055267703,0.0003682332127461163,0.007628094415659183,0.007628094415659183,10.014195048541398,27792,5.007281596041577,512,20249,1.0,7.232887775902285e-07,0.9991364421416234,0.9991364421416234,0.003366798569813422,9264,0.001683760927595996,559.6085001332685,683.7866998819954
1065.8842832469775,0.999892055267703,0.0003523211323397554,0.007484168105929764,0.007484168105929764,10.013089010340767,27792,5.006720582987292,512,20251,1.0,5.946156945814726e-07,0.9992443868739206,0.9992443868739206,0.0027838684353070245,9264,0.0013922314752305058,559.6525209882602,684.7852422049982
1078.9395509499136,0.9999640184225677,0.00015146577922788742,0.008311744386873921,0.008311744386873921,9.995402712209787,27792,4.997777026346104,512,20499,1.0,1.4959853003609559e-06,0.9984887737478411,0.9984887737478411,0.007616059826075747,9264,0.0038087779629110185,565.8928178272836,691.5597485559992
1079.0,0.9999640184225677,0.00015872766802403857,0.008167818077144501,0.008167818077144501,9.992096408455277,27792,4.9961275112786785,48,20501,1.0,1.7012356569849922e-06,0.9977331606217616,0.9977331606217616,0.009302456843922485,9264,0.004652079017044709,565.9314349502893,692.552778514997
1092.0552677029361,0.9999280368451353,0.0002129286453252499,0.008239781232009212,0.008239781232009212,9.868069224338388,27792,4.934141063525475,512,20749,1.0,5.676067899403655e-07,0.9993523316062176,0.9993523316062176,0.005619155062886923,9264,0.0028098612583028425,572.2881621543493,699.4467020169977
1092.1658031088082,0.9999280368451353,0.00024307453044762097,0.008239781232009212,0.008239781232009212,9.866698419354602,27792,4.933470719973795,512,20751,1.0,5.996449204830648e-07,0.9989205526770294,0.9989205526770294,0.006864269621129789,9264,0.00343243463531085,572.3328694803567,700.4629533119951
1105.2210708117443,1.0,7.465716882918518e-06,0.00845567069660334,0.00845567069660334,9.717916125186091,27792,4.858961774071675,512,20999,1.0,4.477421364146363e-07,0.9974093264248705,0.9974093264248705,0.00987052245126693,9264,0.004935485103355788,578.9968484624042,707.6693513400023
1105.3316062176166,1.0,1.107931832706512e-05,0.008527633851468049,0.008527633851468049,9.720526454224968,27792,4.860268675738803,512,21001,1.0,4.5385429895354176e-07,0.9974093264248705,0.9974093264248705,0.010998370383250074,9264,0.005499412067594821,579.0416096864137,708.6692467789981
1118.3868739205527,1.0,4.159893897322277e-05,0.008347725964306276,0.008347725964306276,9.754337809315068,27792,4.877189814117906,512,21249,1.0,6.467670972312946e-07,0.9956822107081175,0.9956822107081175,0.018386332688142187,9264,0.009193489652944146,585.8420406254154,716.0043507660012
1118.4974093264248,1.0,4.108227091081818e-05,0.008203799654576857,0.008203799654576857,9.741848055631454,27792,4.870944691308284,512,21251,1.0,6.444764649241641e-07,0.9956822107081175,0.9956822107081175,0.018550784914192965,9264,0.009275714736528348,585.8860369084359,717.0034790119971
1131.552677029361,0.9999280368451353,0.00029367110244987515,0.008887449625791594,0.008887449625791594,9.63797720479224,27792,4.819135500084894,512,21499,1.0,7.097981957511033e-07,0.9935233160621761,0.9935233160621761,0.023756308387804112,9264,0.011878509010109464,592.6387029584366,724.2900549350015
1131.6632124352332,0.9999280368451353,0.0002652322028156224,0.008887449625791594,0.008887449625791594,9.644232030153686,27792,4.822248699339766,512,21501,1.0,7.171581033391062e-07,0.9950345423143351,0.9950345423143351,0.01821602417062807,9264,0.009108370864870017,592.6830225344311,725.2912252929964
1144.7184801381693,0.9999280368451353,0.0006202869500554138,0.00784398388025331,0.00784398388025331,9.606505899643444,27792,4.8035631174319215,512,21749,1.0,1.1640399555483268e-06,0.9936312607944733,0.9936312607944733,0.02657016088931929,9264,0.013285662535745297,599.5447094314295,732.6887095150014
1144.8290155440413,0.9999280368451353,0.0006080669350400078,0.008059873344847437,0.008059873344847437,9.60529904977714,27792,4.802953560872536,512,21751,1.0,1.1579441544892378e-06,0.9951424870466321,0.9951424870466321,0.020546936445317788,9264,0.010274047096740834,599.589284214424,733.6938914369966
1157.8842832469775,0.999892055267703,0.0005655644542044473,0.008239781232009212,0.008239781232009212,9.531871556274906,27792,4.766218537905467,512,21999,1.0,1.1032476575624632e-06,0.9974093264248705,0.9974093264248705,0.012424345350211457,9264,0.006212724223958139,606.8869011045244,741.5289597750016
1157.9948186528497,0.999892055267703,0.0006571067361553001,0.008275762809441567,0.008275762809441567,9.52865466182096,27792,4.764655856064976,512,22001,1.0,1.1420904766667786e-06,0.9977331606217616,0.9977331606217616,0.011788780612803494,9264,0.005894961318126614,606.9315235285467,742.542828409998
1171.0,0.9998560736902706,0.0006401743110825942,0.008023891767415083,0.008023891767415083,9.31042860840406,27792,4.655534292955679,48,22249,1.0,1.2276629387686654e-06,1.0,1.0,0.0003311754976815845,9264,0.00016620158205180396,612.904724732507,749.0474394549965
1171.1105354058723,0.999892055267703,0.0006374537512616689,0.008023891767415083,0.008023891767415083,9.310249447204907,27792,4.655443359533122,512,22251,1.0,1.226453521302855e-06,1.0,1.0,0.00032787755234665617,9264,0.00016455200463790762,612.948850924513,750.0449662550018
1184.1658031088082,0.9999640184225677,0.0004644938763087698,0.008059873344847437,0.008059873344847437,9.380540947702745,27792,4.690502634526123,512,22499,1.0,1.0760999412924981e-06,1.0,1.0,0.00011151461261453265,9264,5.629535663723366e-05,619.1690108105686,756.7983741099961
1184.2763385146804,0.9999640184225677,0.0004636091579558952,0.008023891767415083,0.008023891767415083,9.381769166022934,27792,4.691116322027106,512,22501,1.0,1.0752635203273858e-06,1.0,1.0,0.00011059218249163094,9264,5.583372334016741e-05,619.2131080485779,757.7986785859975
1197.3316062176166,0.9999640184225677,0.00032696297730172726,0.008095854922279792,0.008095854922279792,9.850691571891755,27792,4.925509409446035,512,22749,1.0,6.758408935497355e-07,1.0,1.0,3.657430892533563e-05,9264,1.8625074966580627e-05,625.4397409676094,764.5596615479953
1197.4421416234889,0.9999640184225677,0.00032411309377450054,0.008131836499712147,0.008131836499712147,9.85613466832716,27792,4.928229534564241,512,22751,1.0,6.674509478689163e-07,1.0,1.0,3.622392704338398e-05,9264,1.8445689059047604e-05,625.4837656686213,765.5599834730019
1210.4974093264248,1.0,3.042104298735216e-07,0.00845567069660334,0.00845567069660334,10.838683291420418,27792,5.419341735751998,512,22999,1.0,1.1962105262500387e-07,1.0,1.0,8.859621015924636e-06,9264,4.489621040975275e-06,631.9406159865975,772.5641812229951
1210.607944732297,1.0,2.879606404047963e-07,0.008527633851468049,0.008527633851468049,10.857782028980068,27792,5.428891102335682,512,23001,1.0,1.1958244858046022e-07,1.0,1.0,8.748493750763828e-06,9264,4.434038104801797e-06,631.9876601765936,773.610871441997
1223.6632124352332,1.0,9.424765256069885e-07,0.008419689119170985,0.008419689119170985,10.859129620751363,27792,5.429565267173051,512,23249,1.0,2.201717006370306e-08,0.9940630397236615,0.9940630397236615,0.03373355642407457,9264,0.016866789194887957,638.6499329316284,780.8157178729962
1223.7737478411054,1.0,4.6148755714257467e-07,0.008563615428900403,0.008563615428900403,10.840814980269165,27792,5.4204077185332675,512,23251,1.0,2.0086968230755356e-08,0.9943868739205527,0.9943868739205527,0.029130054970347485,9264,0.014565037560829368,638.6962542376277,781.8344079519957
1236.8290155440413,1.0,1.2355863295064013e-07,0.008239781232009212,0.008239781232009212,10.829041238893499,27792,5.4145206194467494,512,23499,1.0,1.2151264845143865e-07,0.9962219343696027,0.9962219343696027,0.022400187807791384,9264,0.011200154640925775,645.213257713629,788.8907899879996
1236.9395509499136,1.0,1.2328841249284757e-07,0.008419689119170985,0.008419689119170985,10.819121831302061,27792,5.4095609156510305,512,23501,1.0,1.2173140470385264e-07,0.9974093264248705,0.9974093264248705,0.016687616216909906,9264,0.008343868948429154,645.2571604826226,789.8873712109998
1249.9948186528497,1.0,1.304858712763624e-07,0.008059873344847437,0.008059873344847437,10.80152234224046,27792,5.40076117112023,512,23749,1.0,1.294007101371386e-07,0.9971934369602763,0.9971934369602763,0.011458998912742718,9264,0.005729564105277955,651.8953675296289,797.0571565169957
1250.0552677029361,1.0,1.3408453865414244e-07,0.008203799654576857,0.008203799654576857,10.811007634208472,27792,5.405503817104236,512,23751,1.0,1.3174266527741427e-07,0.9953583765112263,0.9953583765112263,0.014782524193172216,9264,0.007391327980822129,651.9358972686459,798.0505767159993
1263.1105354058723,1.0,2.1809077018090196e-05,0.008239781232009212,0.008239781232009212,10.686649864956642,27792,5.3433357704351465,512,23999,1.0,3.2493754553604563e-07,0.9976252158894646,0.9976252158894646,0.00774104031693956,9264,0.0038706826493272715,658.6134914066351,805.2614914660007
1263.2210708117443,1.0,3.2735437598283914e-05,0.008311744386873921,0.008311744386873921,10.686023191672739,27792,5.343027882419514,512,24001,1.0,4.049772450605419e-07,0.9981649395509499,0.9981649395509499,0.007180996927624128,9264,0.003590700922723673,658.6574921116335,806.2583548159964
1276.2763385146804,0.9999280368451353,0.00042360974082346966,0.008671560161197467,0.008671560161197467,10.439644061908272,27792,5.220033756535013,512,24249,1.0,4.859483896331684e-07,0.9961139896373057,0.9961139896373057,0.016974164541353937,9264,0.008487325244533326,665.0104923816107,813.1402566489996
1276.3868739205527,0.9999280368451353,0.0004362223636193659,0.008671560161197467,0.008671560161197467,10.422137917632266,27792,5.211286991714539,512,24251,1.0,3.819336557846927e-07,0.9974093264248705,0.9974093264248705,0.012018063153897852,9264,0.006009222512553238,665.0543960606155,814.1359136890023
1289.4421416234889,0.9999280368451353,0.0006472470521936225,0.008743523316062176,0.008743523316062176,10.355535011972307,27792,5.178091041507842,512,24499,1.0,3.574194763590929e-07,0.9936312607944733,0.9936312607944733,0.0268345528172847,9264,0.013417455042424468,671.601058504617,821.2141657589964
1289.552677029361,0.9999280368451353,0.0006515324579688149,0.008743523316062176,0.008743523316062176,10.353419996227556,27792,5.177035677069278,512,24501,1.0,4.2803806741529664e-07,0.9950345423143351,0.9950345423143351,0.023185346684931732,9264,0.011592887369722823,671.6451305696246,822.2143100149988
1302.607944732297,0.9999640184225677,0.0003668103200933083,0.008671560161197467,0.008671560161197467,10.277619840087187,27792,5.13899321877277,512,24749,1.0,3.510462558539241e-07,0.9967616580310881,0.9967616580310881,0.011306135214717225,9264,0.005653243178553197,677.9367199575499,829.0409449879953
1302.7184801381693,0.9999640184225677,0.0003961007922565559,0.008491652274035694,0.008491652274035694,10.261151425235905,27792,5.130773664001219,512,24751,1.0,3.875348628453249e-07,0.9974093264248705,0.9974093264248705,0.010142907455228977,9264,0.005071647552088135,677.9808947495621,830.0384386570004
1315.7737478411054,1.0,5.11318410563208e-06,0.008959412780656303,0.008959412780656303,10.024695994322782,27792,5.012350474408665,512,24999,1.0,5.068846449800899e-07,0.9994602763385146,0.9994602763385146,0.0021039062583359,9264,0.0010522065647203792,684.1758326206182,836.7674326289998
1315.8842832469775,1.0,6.650069276178989e-06,0.008887449625791594,0.008887449625791594,10.01851810417988,27792,5.009262287005928,512,25001,1.0,5.361700633582646e-07,0.9996761658031088,0.9996761658031088,0.001644883226017775,9264,0.0008227096855260805,684.219799879611,837.7751842879952
1328.9395509499136,0.9999280368451353,0.00027208992890189826,0.008671560161197467,0.008671560161197467,10.003565747091395,27792,5.001918808097598,512,25249,1.0,4.2638036154251483e-07,0.9991364421416234,0.9991364421416234,0.004020788899256119,9264,0.002010607634130576,690.5221728835604,844.6110579919987
1329.0,0.9999280368451353,0.00026162786034091495,0.008707541738629821,0.008707541738629821,10.00460381032958,27792,5.002432619489056,48,25251,1.0,4.287608343331915e-07,0.9985967184801382,0.9985967184801382,0.005785255593172112,9264,0.0028928421391093773,690.5652777685609,845.6103931629987
1342.0552677029361,1.0,9.835429968259167e-07,0.008707541738629821,0.008707541738629821,9.92757109629401,27792,4.963786024709646,512,25499,1.0,4.946803097397366e-07,0.9957901554404145,0.9957901554404145,0.01957508335806854,9264,0.00978778906661972,696.981146102713,852.5609025189988
1342.1658031088082,1.0,7.767077218524366e-07,0.008599597006332758,0.008599597006332758,9.924435481025903,27792,4.962218113856955,512,25501,1.0,4.803730784313958e-07,0.9946027633851469,0.9946027633851469,0.022767546693657707,9264,0.011384013682340042,697.0254399157129,853.5606086560001
1355.2210708117443,1.0,9.298155130965932e-07,0.008491652274035694,0.008491652274035694,9.916528555738836,27792,4.9582646490172815,512,25749,1.0,6.00585001852943e-07,0.9985967184801382,0.9985967184801382,0.00853830879949844,9264,0.004269454623403636,703.2511562046348,860.3201154509952
1355.3316062176166,1.0,8.184488188740371e-07,0.008419689119170985,0.008419689119170985,9.917123507959237,27792,4.958562105362211,512,25751,1.0,5.902471447164997e-07,0.9979490500863558,0.9979490500863558,0.009182328657473924,9264,0.004591459405185439,703.295078520634,861.3166740250017
1368.3868739205527,1.0,1.1404998968829865e-06,0.008203799654576857,0.008203799654576857,9.84884536382997,27792,4.92442340444544,512,25999,1.0,6.398835009721849e-07,0.9993523316062176,0.9993523316062176,0.0035739113111853188,9264,0.0017872756445178816,709.7869624727246,868.3416398100017
1368.4974093264248,1.0,1.242486807311886e-06,0.008095854922279792,0.008095854922279792,9.847208351394398,27792,4.9236049333659135,512,26001,1.0,6.456865735431157e-07,0.9993523316062176,0.9993523316062176,0.004178213972971486,9264,0.0020894297806382024,709.8309395807082,869.3390198330017
1381.552677029361,1.0,3.494993618574168e-06,0.008311744386873921,0.008311744386873921,9.641806374628377,27792,4.820905016699809,512,26249,1.0,7.512716823343209e-07,1.0,1.0,0.00015242400836313727,9264,7.658764083700059e-05,716.4322807167337,876.4731606869973
1381.6632124352332,1.0,3.461515691944853e-06,0.008347725964306276,0.008347725964306276,9.641610298749697,27792,4.820806958995197,512,26251,1.0,7.50808465215849e-07,1.0,1.0,0.00015105253237497466,9264,7.590167121865202e-05,716.476237253737,877.4703276329965
1394.7184801381693,1.0,7.132906907489696e-07,0.007951928612550374,0.007951928612550374,9.771445512085313,27792,4.8857232479782855,512,26499,1.0,6.518549016995629e-07,1.0,1.0,4.9086846949070986e-05,9264,2.486935097604366e-05,722.8682024438458,884.396467423001
1394.8290155440413,1.0,7.101866717259613e-07,0.00791594703511802,0.00791594703511802,9.774051945169699,27792,4.887026466716619,512,26501,1.0,6.510056127196026e-07,1.0,1.0,4.8638093227959706e-05,9264,2.464454948356446e-05,722.9122261278462,885.3932300099987
1407.8842832469775,1.0,3.624790639113188e-07,0.008239781232009212,0.008239781232009212,10.343503614918692,27792,5.171751809655488,512,26749,1.0,3.626334757697863e-07,1.0,1.0,1.5480725046622026e-05,9264,7.921679286525098e-06,729.3997048308302,892.4132062499993
1407.9948186528497,1.0,3.620844447893171e-07,0.008239781232009212,0.008239781232009212,10.350232481750593,27792,5.175116240875297,512,26751,1.0,3.6217022723526255e-07,1.0,1.0,1.5327084392537596e-05,9264,7.844627335215622e-06,729.4436506268394,893.4103104809983
1421.0,1.0,3.534414326617897e-09,0.008419689119170985,0.008419689119170985,11.372602384805543,27792,5.686301192402771,48,26999,1.0,4.529540684957177e-09,1.0,1.0,3.828598463312491e-06,9264,1.916564002269473e-06,736.1044117828278,900.6055213610016
1421.1105354058723,1.0,3.5000996203568775e-09,0.008635578583765112,0.008635578583765112,11.34406241865493,27792,5.672031209327465,512,27001,1.0,4.465200610717765e-09,1.0,1.0,3.794678528541325e-06,9264,1.8995718640613688e-06,736.1484901408257,901.6026943559991
1434.1658031088082,1.0,8.87928133905349e-08,0.008635578583765112,0.008635578583765112,11.207057977038412,27792,5.603528988519206,512,27249,1.0,8.46843954546087e-08,0.998272884283247,0.998272884283247,0.006741624055486591,9264,0.00337085435064413,742.4823808138462,908.4714495699955
1434.2763385146804,1.0,9.678294687597754e-08,0.008563615428900403,0.008563615428900403,11.189272865730246,27792,5.594636432865123,512,27251,1.0,8.894370601305385e-08,0.9981649395509499,0.9981649395509499,0.007042278513848775,9264,0.003521183728783702,742.5262950428514,909.4687150679965
1447.3316062176166,0.9999640184225677,5.3150487647456016e-05,0.008095854922279792,0.008095854922279792,11.076305703452489,27792,5.538179381111949,512,27499,1.0,1.687357952122918e-07,0.9857512953367875,0.9857512953367875,0.06358010172586573,9264,0.03179013496827791,749.3691193978084,916.8540060009982
1447.4421416234889,0.9999640184225677,6.706367476377588e-05,0.008059873344847437,0.008059873344847437,11.064677807813961,27792,5.53237239066801,512,27501,1.0,1.7605685213974396e-07,0.9846718480138169,0.9846718480138169,0.0733521531282929,9264,0.036676164787256244,749.4133275578133,917.8576140349978
1460.4974093264248,1.0,2.8204765124961925e-07,0.008275762809441567,0.008275762809441567,10.803669377723917,27792,5.4018347613346185,512,27749,1.0,3.3584424212816625e-07,0.9976252158894646,0.9976252158894646,0.011105730388931197,9264,0.005553033122059363,756.5721935518159,925.5664605619968
1460.607944732297,1.0,3.309821625653063e-07,0.008419689119170985,0.008419689119170985,10.802786880343826,27792,5.401393530213703,512,27751,1.0,4.309452021884689e-07,0.9977331606217616,0.9977331606217616,0.008519870681456565,9264,0.004260150777032866,756.6199397108139,926.590374956002
1473.6632124352332,0.9999280368451353,0.00028085163934301233,0.008131836499712147,0.008131836499712147,10.775040560092608,27792,5.387660622253594,512,27999,1.0,5.291234398793365e-07,0.9980569948186528,0.9980569948186528,0.007577416967980191,9264,0.0037889730117713232,763.9265363858722,934.4473096270012
1473.7737478411054,0.9999640184225677,0.00026946192632585557,0.008167818077144501,0.008167818077144501,10.764376098421982,27792,5.382322699020289,512,28001,1.0,5.88885295290716e-07,0.9989205526770294,0.9989205526770294,0.004937513199810176,9264,0.002469051007216793,763.9748531618825,935.4581625599967
1486.8290155440413,1.0,1.3922760297590662e-07,0.008203799654576857,0.008203799654576857,10.692531341921686,27792,5.346265670960843,512,28249,1.0,1.4129077779873055e-07,0.9993523316062176,0.9993523316062176,0.0037930442932317602,9264,0.0018965927859855131,771.0643492918825,943.0859253309973
1486.9395509499136,1.0,1.401412315065054e-07,0.008563615428900403,0.008563615428900403,10.685864863069014,27792,5.342932429338366,512,28251,1.0,1.4230735097171324e-07,0.9994602763385146,0.9994602763385146,0.0027257620963382187,9264,0.001362952176121181,771.1085419878946,944.0988586640015
1499.9948186528497,1.0,2.465724957228466e-07,0.00845567069660334,0.00845567069660334,10.447956504668047,27792,5.223978252334024,512,28499,1.0,2.4819819793268337e-07,0.9984887737478411,0.9984887737478411,0.00832241914711172,9264,0.004161333589048956,778.0388622768878,951.5750802370021
1500.0552677029361,1.0,2.4916319635505497e-07,0.008527633851468049,0.008527633851468049,10.441749019326323,27792,5.220874509663162,512,28501,1.0,2.5060449785960624e-07,0.9984887737478411,0.9984887737478411,0.00844059769862005,9264,0.004220424177340636,778.0793062888915,952.5838745919973
1513.1105354058723,1.0,9.472260790816122e-06,0.008527633851468049,0.008527633851468049,10.352433849767356,27792,5.176221530191776,512,28749,1.0,2.978544440835111e-07,0.9991364421416234,0.9991364421416234,0.004265490758501392,9264,0.0021328942428804638,784.9403636209972,959.9903752600003
1513.2210708117443,1.0,1.131192650501625e-05,0.008635578583765112,0.008635578583765112,10.355687059612197,27792,5.177849048708936,512,28751,1.0,3.09228412035598e-07,0.9985967184801382,0.9985967184801382,0.005604407922179794,9264,0.0028023585445522644,784.9845679789869,961.0034607729976
1526.2763385146804,0.9999640184225677,0.0001754861702199347,0.008671560161197467,0.008671560161197467,10.187780759083381,27792,5.093978016556305,512,28999,1.0,3.677791362355373e-07,0.999892055267703,0.999892055267703,0.0014968559335730648,9264,0.000748611857152716,791.2831627460691,967.842578693002
1526.3868739205527,0.9999640184225677,0.00016720642298765538,0.00877950489349453,0.00877950489349453,10.183348981278616,27792,5.091757998908465,512,29001,1.0,3.6213038245302015e-07,0.9995682210708118,0.9995682210708118,0.0017695684783765482,9264,0.000884965298792254,791.3274410610684,968.8417065870017
1539.4421416234889,0.9998200921128382,0.0010131825998420424,0.008599597006332758,0.008599597006332758,10.126543957540614,27792,5.063778450657873,512,29249,1.0,5.384050042338865e-07,0.9994602763385146,0.9994602763385146,0.0029102981280348873,9264,0.0014554182307180243,798.4063817550559,976.4669114429998
1539.552677029361,0.9998200921128382,0.0010039210569779311,0.00845567069660334,0.00845567069660334,10.139185499719456,27792,5.070094568124089,512,29251,1.0,5.573304768495448e-07,0.9994602763385146,0.9994602763385146,0.003088348795256106,9264,0.0015444530609235914,798.4583921180601,977.4875730950007
1552.607944732297,0.9997841105354058,0.0007332958346379296,0.008563615428900403,0.008563615428900403,9.948358376546365,27792,4.974545866988758,512,29499,1.0,1.0088291220860915e-06,0.9995682210708118,0.9995682210708118,0.0021868163656639595,9264,0.0010939126025800094,805.6784791121099,985.2632190730001
1552.7184801381693,0.9997841105354058,0.000737211843580403,0.008491652274035694,0.008491652274035694,9.938067930899066,27792,4.969402554807954,512,29501,1.0,9.535385986694506e-07,0.9997841105354058,0.9997841105354058,0.0012153318728479541,9264,0.0006081426947655893,805.7270841821082,986.2761219149979
1565.7737478411054,0.9998560736902706,0.0005646907726472716,0.008635578583765112,0.008635578583765112,10.034919251226185,27792,5.017742031802373,512,29749,1.0,6.959925633372111e-07,0.9971934369602763,0.9971934369602763,0.012862735039462852,9264,0.006431715509456957,813.2592567981046,994.3638551869954
1565.8842832469775,0.9998560736902706,0.00046447489123466776,0.008635578583765112,0.008635578583765112,10.03720783240231,27792,5.018836234998072,512,29751,1.0,6.234325105408331e-07,0.9969775474956822,0.9969775474956822,0.012997978262358791,9264,0.00649930089744313,813.3042692711097,995.4010450679998
1578.9395509499136,0.9997481289579735,0.0007336522669744874,0.008203799654576857,0.008203799654576857,9.876498971784258,27792,4.938616313945307,512,29999,1.0,2.706453207419096e-06,0.9987046632124352,0.9987046632124352,0.009831184627478605,9264,0.004916945475576661,819.8518568580548,1002.4907670510001
1579.0,0.9997121473805411,0.0007733238552497892,0.008239781232009212,0.008239781232009212,9.879119337188422,27792,4.9399463321947135,48,30001,1.0,6.263211938126155e-06,0.998380829015544,0.998380829015544,0.009412770328435256,9264,0.0047095167790000714,819.8912153660494,1003.5112307309973
1592.0552677029361,1.0,5.154781407404884e-05,0.008347725964306276,0.008347725964306276,9.80820498908465,27792,4.904128323358987,512,30249,1.0,8.643980258817396e-07,0.9992443868739206,0.9992443868739206,0.005117775534564349,9264,0.002559319984598893,826.9459961079774,1011.1053340369981
1592.1658031088082,1.0,3.053452595872095e-05,0.008347725964306276,0.008347725964306276,9.816825620731404,27792,4.908428150411989,512,30251,1.0,8.52806313274109e-07,0.9990284974093264,0.9990284974093264,0.005784342876138465,9264,0.002892597858747387,826.9907851859753,1012.1084936900006
1605.2210708117443,0.9999640184225677,7.832268250800034e-05,0.008275762809441567,0.008275762809441567,9.648244986262347,27792,4.824161656917205,512,30499,1.0,1.0571251611834226e-06,0.999892055267703,0.999892055267703,0.0009355837527890923,9264,0.00046832044297243774,833.8515417888921,1019.5155411829983
1605.3316062176166,0.9999640184225677,7.847240081355371e-05,0.008239781232009212,0.008239781232009212,9.645591318573016,27792,4.822834891152917,512,30501,1.0,1.062677728439915e-06,0.999892055267703,0.999892055267703,0.0009816850109117521,9264,0.00049137383865696,833.8995576318848,1020.5246129029983
1618.3868739205527,0.9999280368451353,0.00047111325138742113,0.008815486470926885,0.008815486470926885,9.735775233275875,27792,4.8681231681547015,512,30749,1.0,2.1371927668291947e-06,0.9992443868739206,0.9992443868739206,0.0038058783879925035,9264,0.0019040077730501795,840.8870769898713,1028.0535730659976
1618.4974093264248,0.9999280368451353,0.00047396396730388634,0.008815486470926885,0.008815486470926885,9.731425560406041,27792,4.865949792153683,512,30751,1.0,2.1534714849838878e-06,0.9993523316062176,0.9993523316062176,0.0039035523075462417,9264,0.0019528528394753399,840.9346783398723,1029.068059297002
1631.552677029361,0.9999640184225677,0.0002458281493953802,0.008743523316062176,0.008743523316062176,9.704288638592041,27792,4.8522671648463644,512,30999,1.0,1.2903395330613107e-06,0.9974093264248705,0.9974093264248705,0.013741093692538653,9264,0.00687119191985365,848.0889466928347,1036.7640712520006
1631.6632124352332,0.9999640184225677,0.00024378571875156925,0.008887449625791594,0.008887449625791594,9.700023442489632,27792,4.850133565354772,512,31001,1.0,1.2584900025028308e-06,0.9974093264248705,0.9974093264248705,0.011469544254127561,9264,0.005735401340819805,848.1340056418412,1037.7761242709967
1644.7184801381693,0.9999640184225677,7.197316025833514e-05,0.009175302245250433,0.009175302245250433,9.554480065679028,27792,4.77727596610184,512,31249,1.0,2.4380568900844887e-06,0.9993523316062176,0.9993523316062176,0.0036523318085465613,9264,0.0018273849234898575,855.029087006842,1045.2298141669962
1644.8290155440413,0.9999640184225677,7.911971523443396e-05,0.009139320667818078,0.009139320667818078,9.554946293279091,27792,4.7775126442390405,512,31251,1.0,2.516401825557762e-06,0.9995682210708118,0.9995682210708118,0.0033008038409742717,9264,0.0016516601163749172,855.0745893128551,1046.2395487350004
1657.8842832469775,1.0,6.77414375948404e-05,0.008887449625791594,0.008887449625791594,9.523780269326323,27792,4.761923887157275,512,31499,1.0,1.288625258071071e-06,1.0,1.0,0.0005817336508029483,9264,0.00029151113977292245,861.8227764658877,1053.5339145629987
1657.9948186528497,1.0,6.185733777336074e-05,0.008815486470926885,0.008815486470926885,9.525736082403153,27792,4.7628988772201755,512,31501,1.0,1.2823718301133058e-06,1.0,1.0,0.0005535611561909704,9264,0.0002774217655393255,861.8677761338913,1054.5478208339991
1671.0,1.0,1.7405953455149912e-05,0.008275762809441567,0.008275762809441567,9.516490253279384,27792,4.7582538101819996,48,31749,1.0,1.4224151512033897e-06,0.9990284974093264,0.9990284974093264,0.00553168560376645,9264,0.0027665539913278377,867.9340217198187,1061.143938784
1671.1105354058723,1.0,1.7214446983475208e-05,0.008347725964306276,0.008347725964306276,9.521972045722746,27792,4.760994600988903,512,31751,1.0,1.4208583350359487e-06,0.9985967184801382,0.9985967184801382,0.007810043986558606,9264,0.003905732429945047,867.9789905338184,1062.1506450839952
1684.1658031088082,1.0,2.302051261926431e-05,0.00931922855497985,0.00931922855497985,9.42958362691349,27792,4.714803446416685,512,31999,1.0,1.5848731459339594e-06,0.9988126079447323,0.9988126079447323,0.005836127536204066,9264,0.0029188562061923952,874.9810443178139,1069.7024606269988
1684.2763385146804,1.0,2.844850455699337e-05,0.009427173287276915,0.009427173287276915,9.434518773458302,27792,4.717273712158203,512,32001,1.0,1.5814634738590517e-06,0.9989205526770294,0.9989205526770294,0.0038307553152384845,9264,0.0019161683456595852,875.0301347348213,1070.7192256900016
1697.3316062176166,0.9999280368451353,0.000128759550053407,0.009247265400115142,0.009247265400115142,9.32690396745382,27792,4.663516378979197,512,32249,1.0,1.931707651401321e-06,0.9996761658031088,0.9996761658031088,0.0029521960192496707,9264,0.0014770638317493834,882.1585422227654,1078.3923025389959
1697.4421416234889,0.9999280368451353,0.00012925130651033793,0.009139320667818078,0.009139320667818078,9.328534123536562,27792,4.664331720557512,512,32251,1.0,1.9321588990040285e-06,0.9996761658031088,0.9996761658031088,0.002896171469331457,9264,0.0014490518073144406,882.2070841957611,1079.407318835998
1710.4974093264248,0.9999640184225677,8.34028680912423e-05,0.009643062751871042,0.009643062751871042,9.255212690477476,27792,4.627648008233456,512,32499,1.0,2.082052332814984e-06,1.0,1.0,0.00018414812659545574,9264,9.311509132867805e-05,889.3581626147934,1087.0972441799968
1710.607944732297,0.9999640184225677,8.327505732963902e-05,0.009607081174438687,0.009607081174438687,9.25550492659477,27792,4.627794053819445,512,32501,1.0,2.081125961410144e-06,1.0,1.0,0.00018251318398489904,9264,9.229715677486517e-05,889.4020765907917,1088.0978746549954
1723.6632124352332,0.9999640184225677,3.448569034341515e-05,0.009283246977547496,0.009283246977547496,9.464457989013532,27792,4.732246269353451,512,32749,1.0,1.7912257991409266e-06,1.0,1.0,5.9463659034791e-05,9264,3.0627442546557177e-05,896.4893481268737,1095.7305032939985
1723.7737478411054,0.9999640184225677,3.353460743240787e-05,0.009283246977547496,0.009283246977547496,9.468939746599741,27792,4.734486673780056,512,32751,1.0,1.7836594189767926e-06,1.0,1.0,5.890492575857563e-05,9264,3.0344292511021484e-05,896.540789194878,1096.7505267439992
1736.8290155440413,1.0,5.234634816600934e-07,0.00931922855497985,0.00931922855497985,10.137410850722555,27792,5.068705901923918,512,32999,1.0,5.137425109036632e-07,1.0,1.0,1.6436670699596345e-05,9264,8.475206662191598e-06,903.627904527857,1104.3886237709958
1736.9395509499136,1.0,5.134525514786773e-07,0.009283246977547496,0.009283246977547496,10.145065834691076,27792,5.07253339610432,512,33001,1.0,5.034352310105096e-07,1.0,1.0,1.6245185408623816e-05,9264,8.374310376758757e-06,903.6794167398548,1105.4125450489955
1749.9948186528497,1.0,3.1397951151336047e-09,0.00885146804835924,0.00885146804835924,11.265988549214365,27792,5.632994274607182,512,33249,1.0,3.744591878178514e-09,1.0,1.0,3.4632381272545674e-06,9264,1.7334913597876505e-06,910.5996782537695,1112.8768622349962
1750.0552677029361,1.0,3.1269271330107765e-09,0.008887449625791594,0.008887449625791594,11.285554546560443,27792,5.64277727108408,512,33251,1.0,3.7188558484827498e-09,1.0,1.0,3.4216746167966006e-06,9264,1.7126967365438192e-06,910.6389189287802,1113.8779627319964
1763.1105354058723,1.0,2.687110384265761e-06,0.008707541738629821,0.008707541738629821,10.658839830256909,27792,5.329421250382304,512,33499,1.0,1.7204533096578095e-08,0.9987046632124352,0.9987046632124352,0.005965379128793161,9264,0.0029826981795325214,917.852724029719,1121.6407688909967
1763.2210708117443,1.0,1.0826953594948944e-05,0.008671560161197467,0.008671560161197467,10.65260146277762,27792,5.326306142680728,512,33501,1.0,1.831118198079532e-08,0.9985967184801382,0.9985967184801382,0.005884702874209638,9264,0.0029423605798293687,917.8990124807169,1122.6576033890015
1776.2763385146804,1.0,2.149379406042393e-05,0.009427173287276915,0.009427173287276915,10.77874933307584,27792,5.38938534856872,512,33749,1.0,1.2218178522352854e-07,0.9949265975820379,0.9949265975820379,0.024976867699870176,9264,0.012488494895797526,924.8208791197467,1130.125990249995
1776.3868739205527,1.0,2.1629421500159837e-05,0.009427173287276915,0.009427173287276915,10.762373973119512,27792,5.381197738867075,512,33751,1.0,1.2193729294141877e-07,0.9946027633851469,0.9946027633851469,0.030965509571919993,9264,0.015482815677406257,924.8676760417438,1131.1402834949986
1789.4421416234889,1.0,2.30630636570536e-05,0.009930915371329879,0.009930915371329879,10.98093514011451,27792,5.4904790426988885,512,33999,1.0,1.307130968545736e-07,0.9950345423143351,0.9950345423143351,0.016123058348379397,9264,0.008061594447195015,932.3025556338325,1139.115592449998
1789.552677029361,1.0,2.5266917574939805e-05,0.009822970639032815,0.009822970639032815,10.975643731151838,27792,5.487834445072717,512,34001,1.0,1.309704445851105e-07,0.9961139896373057,0.9961139896373057,0.01429022520471731,9264,0.007145178106988238,932.3478277628383,1140.1349350599994
1802.607944732297,1.0,5.4202235658340946e-06,0.009283246977547496,0.009283246977547496,10.955749845532212,27792,5.477877593273806,512,34249,1.0,1.355773587858371e-07,0.9950345423143351,0.9950345423143351,0.017128388787859435,9264,0.008564262060385797,937.7486345368015,1146.0545454149978
1802.7184801381693,1.0,1.8157548895083227e-06,0.009427173287276915,0.009427173287276915,10.953841574520096,27792,5.476921648147399,512,34251,1.0,1.3317105571730907e-07,0.9955742659758203,0.9955742659758203,0.014567615060193629,9264,0.007283873986959496,937.792764930804,1147.063104879002
1815.7737478411054,0.9999640184225677,0.00010422565072819385,0.008599597006332758,0.008599597006332758,10.744840131110683,27792,5.372472140455493,512,34499,1.0,2.3181016379666116e-07,1.0,1.0,0.00011830034405186077,9264,5.926607705054351e-05,943.8810341268181,1153.6806407619952
1815.8842832469775,0.9999640184225677,0.0001055158976202924,0.008563615428900403,0.008563615428900403,10.743790788491292,27792,5.3719481170074515,512,34501,1.0,2.320160913042921e-07,1.0,1.0,0.00011652571672737753,9264,5.8378866332420673e-05,943.9251416588231,1154.6805048749957
1828.9395509499136,0.9999640184225677,0.0002072422110431965,0.008527633851468049,0.008527633851468049,10.705085117513583,27792,5.352646126579676,512,34749,1.0,2.5307475144333043e-07,1.0,1.0,2.863823934031943e-05,9264,1.4445656992572268e-05,950.6276226968839,1161.927342336996
1829.0,0.9999640184225677,0.00020768516831371698,0.008527633851468049,0.008527633851468049,10.705849374651429,27792,5.353028485743424,48,34751,1.0,2.5340932611258575e-07,1.0,1.0,2.833847183441029e-05,9264,1.429594052381072e-05,950.6681785428955,1162.9336615909997
1842.0552677029361,0.9999280368451353,0.00018939135784523626,0.008959412780656303,0.008959412780656303,10.853079502103517,27792,5.426634378383814,512,34999,1.0,2.2564060874521322e-07,1.0,1.0,8.551569266782813e-06,9264,4.388604950428609e-06,957.5872694378413,1170.3976114690013
1842.1658031088082,0.9999280368451353,0.0001882104043157606,0.008995394358088658,0.008995394358088658,10.85466614823679,27792,5.427427139238303,512,35001,1.0,2.2459829954253475e-07,1.0,1.0,8.477463179807997e-06,9264,4.351030755481467e-06,957.6316410518411,1171.415273833998
1855.2210708117443,1.0,3.088761478056584e-06,0.009247265400115142,0.009247265400115142,11.310380952140004,27792,5.655191951876889,512,35249,1.0,1.2035452868593184e-07,1.0,1.0,3.157354725008756e-06,9264,1.6388546331550978e-06,964.706205964867,1179.029430810995
1855.3316062176166,1.0,2.821871550591853e-06,0.009211283822682787,0.009211283822682787,11.312102691703098,27792,5.656052696478388,512,35251,1.0,1.2032879265623608e-07,1.0,1.0,3.133072831256485e-06,9264,1.626700819049516e-06,964.7502118028569,1180.0277006649994
1868.3868739205527,1.0,3.461483160745856e-09,0.009211283822682787,0.009211283822682787,12.054383391543373,27792,6.027191695771687,512,35499,1.0,2.6508107641382592e-09,1.0,1.0,1.085107550115213e-06,9264,5.438791805869384e-07,971.5301255288796,1187.3444543610021
1868.4974093264248,1.0,3.3242254524442476e-09,0.009283246977547496,0.009283246977547496,12.068713098678632,27792,6.034356549339316,512,35501,1.0,2.6122067195946123e-09,1.0,1.0,1.0754694199532708e-06,9264,5.390408132873451e-07,971.5740904768827,1188.3421943689973
1881.552677029361,1.0,2.005694246342904e-08,0.008887449625791594,0.008887449625791594,11.457878727712504,27792,5.728939366052393,512,35749,1.0,2.2210190087002995e-08,0.9979490500863558,0.9979490500863558,0.006446812052556373,9264,0.003223417105638971,978.3411139248783,1195.644472932996
1881.6632124352332,1.0,2.0889073959358542e-08,0.008923431203223949,0.008923431203223949,11.44010229116208,27792,5.72005114558104,512,35751,1.0,2.3303971349072987e-08,0.998272884283247,0.998272884283247,0.00548437447488205,9264,0.002742198850824425,978.3851318438828,1196.6444952460006
1894.7184801381693,1.0,1.3639045755396445e-07,0.008491652274035694,0.008491652274035694,11.576163621901367,27792,5.7880818131468255,512,35999,1.0,1.2090785332439078e-07,0.9994602763385146,0.9994602763385146,0.002650373738374889,9264,0.0013252473038191776,985.2461675809463,1204.0447413049988
1894.8290155440413,1.0,1.368749669015944e-07,0.008599597006332758,0.008599597006332758,11.57114623426087,27792,5.785573117130435,512,36001,1.0,1.2085638126499925e-07,0.9993523316062176,0.9993523316062176,0.0024518572463169824,9264,0.0012259890127521722,985.2903319479519,1205.0608302260007
1907.8842832469775,1.0,1.2772353899315294e-07,0.009355210132412205,0.009355210132412205,11.439791660166089,27792,5.719895830083044,512,36249,1.0,1.235200556261031e-07,0.9954663212435233,0.9954663212435233,0.015365866446362515,9264,0.007682995015388557,991.5358384660722,1211.8471795029982
1907.9948186528497,1.0,1.2807954674019892e-07,0.00939119170984456,0.00939119170984456,11.43489154646571,27792,5.717445771036713,512,36251,1.0,1.2371307584882132e-07,0.9960060449050087,0.9960060449050087,0.014342334210737537,9264,0.007171228936582238,991.5797955550661,1212.8455836329958
1921.0,1.0,1.197692562625577e-06,0.00931922855497985,0.00931922855497985,11.265128733580594,27792,5.632564893864186,48,36499,1.0,1.8861351977632446e-07,0.9984887737478411,0.9984887737478411,0.007493604087175895,9264,0.0037468963404007527,998.3276011440976,1220.1260558099966
1921.1105354058723,1.0,7.84861096677726e-07,0.009031375935521013,0.009031375935521013,11.26836227039256,27792,5.634181451440613,512,36501,1.0,1.718116874440567e-07,0.9974093264248705,0.9974093264248705,0.011168150633367643,9264,0.005584161204248924,998.3716979680903,1221.1234545789994
1934.1658031088082,1.0,1.557891127739098e-06,0.009139320667818078,0.009139320667818078,11.067439363135918,27792,5.533720366764014,512,36749,1.0,1.959925644032394e-07,0.9975172711571675,0.9975172711571675,0.010732227582516653,9264,0.0053662118004934155,1005.5667227540835,1228.8582867160003
1934.2763385146804,1.0,8.970835987110064e-07,0.009139320667818078,0.009139320667818078,11.068731234412668,27792,5.534365988354197,512,36751,1.0,1.9182339984944487e-07,0.9975172711571675,0.9975172711571675,0.011561974783352413,9264,0.005781083264820831,1005.6118487420827,1229.8611529100017
1947.3316062176166,1.0,3.5034309494263703e-05,0.008959412780656303,0.008959412780656303,10.736129611404586,27792,5.368082234278861,512,36999,1.0,2.860934586467744e-07,0.9975172711571675,0.9975172711571675,0.011048885197451078,9264,0.005524585626710573,1012.6124278210482,1237.4063464950013
1947.4421416234889,1.0,2.825982789103459e-05,0.008671560161197467,0.008671560161197467,10.729644626053023,27792,5.364836368330196,512,37001,1.0,2.853212960741666e-07,0.9977331606217616,0.9977331606217616,0.012253839985848709,9264,0.006127062699209017,1012.6567240800505,1238.411667843
1960.4974093264248,1.0,1.0115903892342423e-05,0.009175302245250433,0.009175302245250433,10.534990335924569,27792,5.267500109279986,512,37249,1.0,2.8729108566831624e-07,1.0,1.0,0.0001561459994734955,9264,7.821664538649465e-05,1019.611022187979,1245.9146732169975
1960.607944732297,1.0,1.0184790970420723e-05,0.009211283822682787,0.009211283822682787,10.534108813631171,27792,5.267059381075405,512,37251,1.0,2.877414567631766e-07,1.0,1.0,0.00015969750496948104,9264,7.999262332474726e-05,1019.655934279981,1246.9273039030013
1973.6632124352332,0.9999280368451353,0.0004437315792722994,0.009463154864709269,0.009499136442141624,10.525159388900695,27792,5.262801454200371,512,37499,1.0,3.4999532922821644e-07,0.9997841105354058,0.9997841105354058,0.0016404061225550137,9264,0.0008203780342099323,1026.6163463239282,1254.4365286269967
1973.7737478411054,0.9999280368451353,0.0004349423796169337,0.009535118019573978,0.009571099597006333,10.525442809707211,27792,5.2629387723212275,512,37501,1.0,3.3995865778109597e-07,0.999892055267703,0.999892055267703,0.000906334044484161,9264,0.0004533369958502062,1026.6677707269118,1255.4669014519968
1986.8290155440413,0.9999280368451353,9.716229035273466e-05,0.009283246977547496,0.009283246977547496,10.50573072065618,27792,5.252913835752813,512,37749,1.0,4.462798859012937e-07,0.998272884283247,0.998272884283247,0.00733921203009514,9264,0.003669829115863497,1033.7760957349237,1263.1229592469972
1986.9395509499136,0.9999640184225677,8.984872214548998e-05,0.009463154864709269,0.009463154864709269,10.498025308893409,27792,5.249057510630729,512,37751,1.0,4.2340314418443355e-07,0.9988126079447323,0.9988126079447323,0.0056574057581768545,9264,0.002828914557932675,1033.825228407928,1264.139168558002
1999.9948186528497,1.0,3.6610492031119385e-07,0.009283246977547496,0.009283246977547496,10.35788164155265,27792,5.178940855914584,512,37999,1.0,3.2172603781691265e-07,1.0,1.0,0.0005485007076142983,9264,0.00027441121686076254,1040.8261128539962,1271.6925357500004
2000.0552677029361,1.0,3.9180667299995957e-07,0.009175302245250433,0.009175302245250433,10.360334142707996,27792,5.180167124061387,512,38001,1.0,3.255606999583712e-07,1.0,1.0,0.0005814971085412617,9264,0.0002909113346584566,1040.87166922701,1272.726544582998
2013.1105354058723,0.9999640184225677,7.473009490935475e-05,0.009103339090385722,0.009103339090385722,10.204767902486271,27792,5.102421178032628,512,38249,1.0,4.3051119851302225e-07,0.9989205526770294,0.9989205526770294,0.003974439586723458,9264,0.001987435068816127,1048.7656076310232,1281.1876137200015
2013.2210708117443,0.9999640184225677,0.00010324752086489228,0.009067357512953367,0.009067357512953367,10.226457252129098,27792,5.113280121183423,512,38251,1.0,4.3717653175173244e-07,0.9971934369602763,0.9971934369602763,0.013383444134043031,9264,0.00669194057234764,1048.81164786702,1282.2381794850007
2026.2763385146804,1.0,1.5945754474397627e-06,0.009031375935521013,0.009031375935521013,10.154661596953765,27792,5.077331430965549,512,38499,1.0,4.1969022218924435e-07,0.9987046632124352,0.9987046632124352,0.007091975832013783,9264,0.0035461976839509346,1055.9694726180096,1289.9589739129951
2026.3868739205527,1.0,1.5246316356094657e-06,0.008923431203223949,0.008923431203223949,10.154996398679813,27792,5.077498796690313,512,38501,1.0,4.1764421411164144e-07,0.9975172711571675,0.9975172711571675,0.011914216763692198,9264,0.005957317178255021,1056.0146795810142,1290.9697194289984
2039.4421416234889,0.9999280368451353,0.00026706220946465806,0.009966896948762233,0.009966896948762233,10.131438189974858,27792,5.065852745552481,512,38749,1.0,6.26990692576163e-07,0.9979490500863558,0.9979490500863558,0.009523781096894094,9264,0.004762203987552712,1063.2296372909695,1298.733943334999
2039.552677029361,0.9999280368451353,0.00023845844227947404,0.009930915371329879,0.009930915371329879,10.128155112609688,27792,5.064196940736656,512,38751,1.0,6.073165534530941e-07,0.9978411053540587,0.9978411053540587,0.009326153018211042,9264,0.0046633801363498645,1063.274732936974,1299.7403526740018
2052.6079447322973,0.9999640184225677,0.0003108955309795748,0.00985895221646517,0.00985895221646517,10.02421961615809,27792,5.012265367348714,512,38999,1.0,7.186164561021628e-07,0.998380829015544,0.998380829015544,0.006130602538894496,9264,0.00306566059589386,1070.793155124913,1307.8109748380011
2052.718480138169,0.9999640184225677,0.00029726664296968603,0.009715025906735751,0.009715025906735751,10.025454721577084,27792,5.012876085666795,512,39001,1.0,7.389308355128074e-07,0.9988126079447323,0.9988126079447323,0.005713619211357286,9264,0.002857179033516911,1070.8411103559047,1308.8490966940008
2065.7737478411054,0.9999280368451353,0.00023287724318048154,0.009966896948762233,0.009966896948762233,9.95785411775421,27792,4.9790435971099205,512,39249,1.0,7.879902167334816e-07,0.9984887737478411,0.9984887737478411,0.006278470781871434,9264,0.003139629435286389,1077.7024541018764,1316.270489057999
2065.8842832469777,0.9999280368451353,0.00021220040235310746,0.009894933793897524,0.009894933793897524,9.96021632676023,27792,4.980214353395593,512,39251,1.0,7.75677348655067e-07,0.9992443868739206,0.9992443868739206,0.004690598016073975,9264,0.0023456867856644285,1077.7550224018778,1317.2989407849964
2078.9395509499136,0.999892055267703,0.00047814175514451616,0.009930915371329879,0.009930915371329879,9.814259565899135,27792,4.907368832919264,512,39499,1.0,1.479947370143156e-06,1.0,1.0,0.0005206903676978523,9264,0.0002610851558257499,1085.118954224854,1325.2265363490005
2079.0,0.999892055267703,0.0004308415166653915,0.009930915371329879,0.009930915371329879,9.828927751100812,27792,4.9146792928446414,48,39501,1.0,1.3695253136652017e-06,0.999892055267703,0.999892055267703,0.0008170829372301968,9264,0.00040922623198271917,1085.1711860888536,1326.2602747990022
2092.055267702936,0.999892055267703,0.0003600049474580274,0.009822970639032815,0.009822970639032815,9.71042679614834,27792,4.855393380630133,512,39749,1.0,1.0307040856268989e-06,0.9993523316062176,0.9993523316062176,0.0017489202729537312,9264,0.000874975481169501,1092.8882526838424,1334.5397632940003
2092.165803108808,0.999892055267703,0.0004394806443594719,0.009894933793897524,0.009894933793897524,9.701665000937489,27792,4.851052222199733,512,39751,1.0,1.0463611798609558e-06,0.9992443868739206,0.9992443868739206,0.002136898495052621,9264,0.0010689724159719735,1092.9448798518642,1335.7537527320019
2105.2210708117445,0.9999640184225677,5.662968506852159e-05,0.009463154864709269,0.009463154864709269,9.746192418231866,27792,4.87312444490335,512,39999,1.0,1.161336816342858e-06,0.9987046632124352,0.9987046632124352,0.007749005717857514,9264,0.003875083502362738,1099.9774759678403,1343.3398927129965
2105.3316062176164,1.0,4.872165296624375e-05,0.009355210132412205,0.009355210132412205,9.7443868124286,27792,4.872217686751415,512,40001,1.0,1.158634570924065e-06,0.998272884283247,0.998272884283247,0.009668829533977625,9264,0.004834994078583256,1100.025467300824,1344.3696510599984
2118.3868739205527,0.999892055267703,0.0005109748011955922,0.009535118019573978,0.009535118019573978,9.649649256045748,27792,4.825080069990493,512,40249,1.0,1.5198942600519316e-06,0.9992443868739206,0.9992443868739206,0.00412472832138893,9264,0.002063124100613329,1107.1821914918473,1352.0907682809993
2118.497409326425,0.999892055267703,0.0004488016676079248,0.009535118019573978,0.009535118019573978,9.65388837516754,27792,4.827168479484597,512,40251,1.0,1.4272956105146863e-06,0.9990284974093264,0.9990284974093264,0.004215395860197039,9264,0.002108411577333968,1107.2266570818465,1353.1017920660015
2131.552677029361,0.9998200921128382,0.001277228425933216,0.009751007484168106,0.009751007484168106,9.627030394032005,27792,4.8141538392694505,512,40499,1.0,1.801257123576018e-06,0.9971934369602763,0.9971934369602763,0.010400711214539815,9264,0.005201256303969185,1114.4341944138869,1360.857879051
2131.663212435233,0.9998200921128382,0.0014767988643141232,0.009751007484168106,0.009751007484168106,9.634704510782667,27792,4.818090707870071,512,40501,1.0,2.0218341875245708e-06,0.9978411053540587,0.9978411053540587,0.008749685497931968,9264,0.0043758537108802426,1114.478293369888,1361.859276821
2144.718480138169,0.9997841105354058,0.0009635299691489014,0.009966896948762233,0.009966896948762233,9.506523202600738,27792,4.753743439072085,512,40749,1.0,1.7352956778949708e-06,1.0,1.0,0.00016438193351435692,9264,8.305861437307198e-05,1121.70588536188,1369.6349312160019
2144.8290155440413,0.9997841105354058,0.0009598669976452229,0.009966896948762233,0.009966896948762233,9.50607435965442,27792,4.7535171728403185,512,40751,1.0,1.733468595716462e-06,1.0,1.0,0.0001627693157031849,9264,8.225139183843177e-05,1121.7582763058672,1370.6537142839952
2157.8842832469777,0.9999280368451353,0.00042316802546573913,0.009607081174438687,0.009607081174438687,9.58714734101062,27792,4.7937853126328225,512,40999,1.0,1.4683937117991613e-06,1.0,1.0,4.883320518167744e-05,9264,2.515080004599949e-05,1128.6912877598443,1378.1398281340007
2157.9948186528495,0.9999640184225677,0.0004196934657976399,0.009643062751871042,0.009643062751871042,9.589428090747225,27792,4.794923965726423,512,41001,1.0,1.4649708198496247e-06,1.0,1.0,4.8343833119307674e-05,9264,2.4904402568839836e-05,1128.7390435438501,1379.163863296999
2171.0,0.9999640184225677,7.577792822315351e-05,0.009643062751871042,0.009643062751871042,10.06468993051339,27792,5.0323829519110435,48,41249,1.0,7.215609499115605e-07,1.0,1.0,1.3939898883033582e-05,9264,7.330729973806866e-06,1135.820266656876,1386.799474982996
2171.1105354058723,0.9999640184225677,7.279638355368408e-05,0.009571099597006333,0.009571099597006333,10.068540161343643,27792,5.034306591519282,512,41251,1.0,7.092977321542293e-07,1.0,1.0,1.3794261417898554e-05,9264,7.251779632164336e-06,1135.8688940398642,1387.8331081919969
2184.165803108808,1.0,1.7349348110010013e-07,0.00978698906160046,0.00978698906160046,10.981195027071921,27792,5.490597550870361,512,41499,1.0,1.1923501767737646e-07,1.0,1.0,3.5963194729631206e-06,9264,1.8577772492717989e-06,1143.4450759468746,1395.9700472850018
2184.2763385146804,1.0,1.7266685408915974e-07,0.009643062751871042,0.009643062751871042,10.986839865430307,27792,5.493419965657271,512,41501,1.0,1.1922214966252857e-07,1.0,1.0,3.554369871794035e-06,9264,1.836796014679832e-06,1143.4954885238694,1397.010106871996
2197.3316062176164,1.0,8.988271868084233e-07,0.010002878526194588,0.010002878526194588,10.869850980048215,27792,5.434925909487077,512,41749,1.0,4.465200444126787e-08,0.9938471502590673,0.9938471502590673,0.026982864464708767,9264,0.013491454532624115,1151.0239518868475,1405.0942672449964
2197.4421416234886,1.0,1.1100464804526688e-06,0.010182786413356362,0.010182786413356362,10.86769963134344,27792,5.433850342745608,512,41751,1.0,4.849954008311148e-08,0.9936312607944733,0.9936312607944733,0.02720541992129851,9264,0.013602734332669378,1151.0782236578452,1406.1211929939964
2210.497409326425,0.9999640184225677,8.937999844121144e-05,0.009211283822682787,0.009247265400115142,11.199262049119913,27792,5.599675685287414,512,41999,1.0,1.4283422177277865e-07,0.9938471502590673,0.9938471502590673,0.037592333472866266,9264,0.01879623797376333,1158.1182636828016,1413.7218895190017
2210.6079447322973,0.9999640184225677,5.1267343765822255e-05,0.009535118019573978,0.009571099597006333,11.176983619738257,27792,5.588517372952705,512,42001,1.0,1.4529143455336968e-07,0.996653713298791,0.996653713298791,0.01966950261968611,9264,0.009834823737464627,1158.1659622988009,1414.7378165580012
2223.663212435233,0.999892055267703,0.0002602653822039457,0.009715025906735751,0.009751007484168106,10.958385346741531,27792,5.479322755206366,512,42249,1.0,1.8131920105062287e-07,1.0,1.0,5.728521163934047e-05,9264,2.873326540765367e-05,1165.1231555398335,1422.2495696889964
2223.7737478411054,0.999892055267703,0.0002619079902651861,0.009715025906735751,0.009751007484168106,10.957984884785864,27792,5.4791233697428945,512,42251,1.0,1.8088177965234532e-07,1.0,1.0,5.660476772752405e-05,9264,2.839282489655578e-05,1165.1712298888378,1423.2667183489975
2236.8290155440413,0.999892055267703,0.0003658866664207571,0.009427173287276915,0.009463154864709269,11.050254281526609,27792,5.52531001783337,512,42499,1.0,1.4508672598855147e-07,1.0,1.0,1.3988621195935884e-05,9264,7.066853981407195e-06,1172.1573972318365,1430.8055265110015
2236.9395509499136,0.999892055267703,0.00036613173719123927,0.009427173287276915,0.009463154864709269,11.052178057295603,27792,5.526272028701773,512,42501,1.0,1.4493231609358724e-07,1.0,1.0,1.3837323833744738e-05,9264,6.991128092222535e-06,1172.203761475852,1431.8240198819985
2249.9948186528495,0.9999280368451353,0.00024348951890271122,0.009283246977547496,0.00931922855497985,11.14975148641864,27792,5.5749974270009695,512,42749,1.0,1.3209014566077973e-07,1.0,1.0,4.510998162588737e-06,9264,2.321544167501124e-06,1179.0971329148815,1439.271588443
2250.055267702936,0.9999280368451353,0.00024319625959323254,0.00931922855497985,0.009355210132412205,11.153050679067942,27792,5.576646865203453,512,42751,1.0,1.3198720154199665e-07,1.0,1.0,4.475276704168064e-06,9264,2.303631967016798e-06,1179.1470302598827,1440.2975303970015
2263.1105354058723,0.9999640184225677,3.465223770461466e-05,0.009643062751871042,0.009643062751871042,11.534391992862155,27792,5.7672133173967275,512,42999,1.0,1.5081311631497117e-08,1.0,1.0,1.91251937722852e-06,9264,9.638003327486983e-07,1185.9635295778498,1447.6651117459987
2263.2210708117445,0.9999640184225677,3.4682244885644265e-05,0.009607081174438687,0.009607081174438687,11.52459347405925,27792,5.762314079956687,512,43001,1.0,1.4811083319691588e-08,1.0,1.0,1.8993168199128356e-06,9264,9.570639521086735e-07,1186.0089775188608,1448.6862969649956
2276.2763385146804,1.0,2.131260444605896e-08,0.00978698906160046,0.00978698906160046,12.156296984244849,27792,6.078148511887695,512,43249,1.0,1.9688060753756615e-09,1.0,1.0,7.274029155547122e-07,9264,3.6468586091321913e-07,1193.00573221191,1456.2324297559971
2276.3868739205527,1.0,1.927621606580589e-08,0.010002878526194588,0.010002878526194588,12.16036433877105,27792,6.080182189150795,512,43251,1.0,1.9688060753756615e-09,1.0,1.0,7.214836287246865e-07,9264,3.617262174982062e-07,1193.0580450109119,1457.2540419419965
2289.4421416234886,1.0,3.3885769441482144e-10,0.009499136442141624,0.009499136442141624,12.659397017633221,27792,6.329698508816611,512,43499,1.0,4.632485000090559e-10,1.0,1.0,3.2319300407599195e-07,9264,1.6182812630525785e-07,1200.1657050848735,1464.9096756930012
2289.552677029361,1.0,3.34568356643523e-10,0.009607081174438687,0.009607081174438687,12.674947085295454,27792,6.337473542647727,512,43501,1.0,4.5038048516117365e-10,1.0,1.0,3.212628018488096e-07,9264,1.6085659118424276e-07,1200.2098845778746,1465.9147551560018
2302.6079447322973,1.0,4.632484987307335e-10,0.009247265400115142,0.009247265400115142,12.895255616429075,27792,6.447627808214538,512,43749,1.0,5.147205555656177e-10,1.0,1.0,1.9963435545005096e-07,9264,1.0007453802198312e-07,1207.322855686878,1473.5767839690016
2302.718480138169,1.0,4.804058500715918e-10,0.009211283822682787,0.009211283822682787,12.908565259899431,27792,6.454282629949716,512,43751,1.0,5.275885704134999e-10,1.0,1.0,1.9971156353913826e-07,9264,1.0011957607395071e-07,1207.3715156668768,1474.5892076949967
2315.7737478411054,1.0,3.7317240374381465e-10,0.008887449625791594,0.008887449625791594,13.303466770521306,27792,6.651733385260653,512,43999,1.0,3.731724045108081e-10,1.0,1.0,1.5072303896543862e-07,9264,7.55481056980136e-08,1214.2342097968867,1482.0028696759982
2315.8842832469777,1.0,3.7317240374381465e-10,0.009067357512953367,0.009067357512953367,13.281202291028556,27792,6.640601145514278,512,44001,1.0,3.731724045108081e-10,1.0,1.0,1.483295913453377e-07,9264,7.435138188796315e-08,1214.278925018887,1483.0164313630012
2328.9395509499136,1.0,4.5895916223775746e-10,0.008995394358088658,0.008995394358088658,13.446187675445328,27792,6.723093835526523,512,44249,1.0,5.275885658115392e-10,1.0,1.0,1.2341711617064024e-07,9264,6.197235238970171e-08,1221.1116736359181,1490.3956638579984
2329.0,1.0,4.546698242107945e-10,0.008923431203223949,0.008923431203223949,13.446561730999198,27792,6.723280863303457,48,44251,1.0,5.275885658115392e-10,1.0,1.0,1.235200602894233e-07,9264,6.202382444909324e-08,1221.154122758926,1491.4070274990008
2342.055267702936,1.0,3.645937279455532e-10,0.009031375935521013,0.009031375935521013,13.71255707946672,27792,6.856278537537219,512,44499,1.0,4.2464446006736984e-10,1.0,1.0,1.1949237164203614e-07,9264,5.995850809055193e-08,1228.060620915996,1498.8583093080015
2342.165803108808,1.0,3.731724045108081e-10,0.009067357512953367,0.009067357512953367,13.69230997967322,27792,6.84615498983661,512,44501,1.0,4.5038048516117365e-10,1.0,1.0,1.191706712708391e-07,9264,5.981052591980127e-08,1228.1048063759881,1499.8604429039988
2355.2210708117445,1.0,2.1017756050887449e-10,0.009175302245250433,0.009175302245250433,13.72465632849887,27792,6.862328164249435,512,44749,1.0,2.573602800837892e-10,1.0,1.0,1.1487275431164642e-07,9264,5.7565057328845826e-08,1234.9825561650214,1507.2851205909974
2355.3316062176164,1.0,2.1017756050887449e-10,0.009175302245250433,0.009175302245250433,13.714164246343373,27792,6.857082123171686,512,44751,1.0,2.573602800837892e-10,1.0,1.0,1.147440741631676e-07,9264,5.7500717254606417e-08,1235.0273620680164,1508.2894181320007
2368.3868739205527,1.0,1.4154815361145445e-10,0.009355210132412205,0.009355210132412205,13.75589857172815,27792,6.877949285864075,512,44999,1.0,1.8015219559845636e-10,1.0,1.0,1.0935237751270752e-07,9264,5.476626488483273e-08,1241.8754307730997,1515.6924263690016
2368.497409326425,1.0,1.4154815361145445e-10,0.00939119170984456,0.00939119170984456,13.736505788430854,27792,6.868252894215427,512,45001,1.0,1.8015219559845636e-10,1.0,1.0,1.0876044882970494e-07,9264,5.4470300543331435e-08,1241.9403379981013,1516.7390913889976
2381.552677029361,1.0,9.43654360818556e-11,0.009607081174438687,0.009607081174438687,13.810960417172657,27792,6.9054802085863285,512,45249,1.0,1.158121259610058e-10,1.0,1.0,1.0208195388514942e-07,9264,5.109888300939018e-08,1248.7679408010736,1524.124200623999
2381.663212435233,1.0,9.43654360818556e-11,0.009535118019573978,0.009535118019573978,13.834047738065923,27792,6.9170238690329615,512,45251,1.0,1.0294411188011699e-10,1.0,1.0,1.0483570749179362e-07,9264,5.246932580528834e-08,1248.8145709770615,1525.155702655
2394.718480138169,1.0,6.434007040444402e-11,0.009679044329303397,0.009679044329303397,13.941922088429786,27792,6.970961044214893,512,45499,1.0,6.434006963745057e-11,1.0,1.0,1.0137421306851588e-07,9264,5.071927657137765e-08,1255.965272735004,1532.8519096039963
2394.8290155440413,1.0,6.005073237748109e-11,0.009643062751871042,0.009643062751871042,13.931687385238446,27792,6.965843692619223,512,45501,1.0,6.434006963745057e-11,1.0,1.0,1.0075654835581755e-07,9264,5.0410444215028474e-08,1256.0108933380034,1533.8668364469995
2407.8842832469777,1.0,3.0025366188740546e-11,0.009715025906735751,0.009715025906735751,13.990055398276708,27792,6.995027699138354,512,45749,1.0,5.147205632355522e-11,1.0,1.0,8.727086958063823e-08,9264,4.366117082001488e-08,1263.0749642599694,1541.4943861610009
2407.9948186528495,1.0,3.0025366188740546e-11,0.009751007484168106,0.009751007484168106,13.971304393322495,27792,6.985652196661247,512,45751,1.0,5.147205632355522e-11,1.0,1.0,8.486455080408424e-08,9264,4.245801143173789e-08,1263.1196674859675,1542.5095985200023
2421.0,1.0,2.1446690134814675e-11,0.009822970639032815,0.009822970639032815,14.084424903355732,27792,7.042212447285584,48,45999,1.0,2.573602816177761e-11,1.0,1.0,8.294721659174979e-08,9264,4.148647631072278e-08,1270.595189265965,1550.5382048969986
2421.1105354058723,1.0,2.1446690134814675e-11,0.009822970639032815,0.009822970639032815,14.119823897234928,27792,7.059911948617464,512,46001,1.0,2.573602816177761e-11,1.0,1.0,9.231513140100807e-08,9264,4.617043371535192e-08,1270.65113573696,1551.5688775460003
2434.165803108808,1.0,2.1446690134814675e-11,0.009535118019573978,0.009535118019573978,14.147142909900444,27792,7.073571454950222,512,46249,1.0,1.2868014080888805e-11,1.0,1.0,8.5842519147122e-08,9264,4.2927693580984945e-08,1278.0332532049433,1559.5073188469978
2434.2763385146804,1.0,2.1446690134814675e-11,0.009607081174438687,0.009607081174438687,14.088780641967563,27792,7.044390320983782,512,46251,1.0,1.2868014080888805e-11,1.0,1.0,7.006633372901965e-08,9264,3.5039600871933763e-08,1278.092231066934,1560.544890379002
2447.3316062176164,1.0,1.715735210785174e-11,0.009535118019573978,0.009535118019573978,14.228943433305897,27792,7.114471712260666,512,46499,1.0,1.2868014080888805e-11,1.0,1.0,8.543074345739107e-08,9264,4.272180573611947e-08,1285.0267466898658,1568.0304131480007
2447.4421416234886,1.0,1.715735210785174e-11,0.009571099597006333,0.009571099597006333,14.241195494235077,27792,7.120597747117539,512,46501,1.0,1.2868014080888805e-11,1.0,1.0,8.711645340246364e-08,9264,4.356466070865576e-08,1285.0736974948813,1569.0460510289995
2460.497409326425,1.0,1.715735210785174e-11,0.009643062751871042,0.009643062751871042,14.292420558018044,27792,7.146210279009022,512,46749,1.0,1.2868014080888805e-11,1.0,1.0,7.864929963255712e-08,9264,3.9331083823702497e-08,1291.8560242008898,1576.3723202440015
2460.6079447322973,1.0,1.715735210785174e-11,0.009535118019573978,0.009535118019573978,14.310462789145708,27792,7.155231390180571,512,46751,1.0,1.2868014080888805e-11,1.0,1.0,8.357774931929602e-08,9264,4.1795308667071954e-08,1291.9003820278886,1577.38048711
2473.663212435233,1.0,2.1446690134814675e-11,0.00939119170984456,0.00939119170984456,14.425795366795638,27792,7.212897687790101,512,46999,1.0,2.573602816177761e-11,1.0,1.0,9.671599012277992e-08,9264,4.837086307623784e-08,1298.8923063068578,1584.919613500002
2473.7737478411054,1.0,2.1446690134814675e-11,0.009607081174438687,0.009607081174438687,14.313686654151825,27792,7.156843318291347,512,47001,1.0,2.573602816177761e-11,1.0,1.0,6.736405061096438e-08,9264,3.369489332033007e-08,1298.9416500438601,1585.9319190109964
2486.8290155440413,1.0,3.860404224266642e-11,0.009463154864709269,0.009463154864709269,14.418736881130924,27792,7.209368440565462,512,47249,1.0,3.860404224266642e-11,1.0,1.0,8.760543796668317e-08,9264,4.382202100561341e-08,1305.8311268748512,1593.3718885389972
2486.9395509499136,1.0,3.860404224266642e-11,0.009499136442141624,0.009499136442141624,14.379773339253427,27792,7.189886669626714,512,47251,1.0,3.860404224266642e-11,1.0,1.0,8.131297870606874e-08,9264,4.067579137530619e-08,1305.8759374978545,1594.3788008359988
2499.9948186528495,1.0,4.289338026962935e-11,0.009427173287276915,0.009427173287276915,14.458488811345779,27792,7.2292444056728895,512,47499,1.0,3.860404224266642e-11,1.0,1.0,9.589243874331805e-08,9264,4.796552139393085e-08,1312.928293642959,1601.9841715930015
2500.055267702936,1.0,4.289338026962935e-11,0.009607081174438687,0.009607081174438687,14.42500024948164,27792,7.21250012474082,512,47501,1.0,3.860404224266642e-11,1.0,1.0,7.137887124350364e-08,9264,3.5708737644023645e-08,1312.9833801919594,1603.0149919260002
2513.1105354058723,1.0,7.29187464583699e-11,0.009175302245250433,0.009175302245250433,14.560844337933354,27792,7.280422168966677,512,47749,1.0,7.720808448533283e-11,1.0,1.0,1.1024026980089769e-07,9264,5.515873894499249e-08,1319.7530184079224,1610.337556503
2513.2210708117445,1.0,6.862940843140696e-11,0.009607081174438687,0.009607081174438687,14.262470199242363,27792,7.131235099621182,512,47751,1.0,7.720808448533283e-11,1.0,1.0,3.4756503759879056e-08,9264,1.7416855924483175e-08,1319.7978538119278,1611.364283695999
2526.2763385146804,1.0,1.0294411264711044e-10,0.009247265400115142,0.009247265400115142,14.568054128942231,27792,7.284027064471116,512,47999,1.0,1.1581212672799925e-10,1.0,1.0,1.024679911889807e-07,9264,5.129190166130582e-08,1326.7271628398958,1618.8420014639996
2526.3868739205527,1.0,1.0294411264711044e-10,0.009499136442141624,0.009499136442141624,14.46422339281819,27792,7.232111696409095,512,48001,1.0,1.1581212672799925e-10,1.0,1.0,7.541942790573867e-08,9264,3.77676200196848e-08,1326.7718763919038,1619.8787907250007
2539.4421416234886,1.0,1.072334504184089e-10,0.009139320667818078,0.009139320667818078,14.67433998402193,27792,7.33717000079553,512,48249,1.0,1.9302020967934517e-10,1.0,1.0,1.0540189700349526e-07,9264,5.2797458613106746e-08,1334.030669317901,1627.6943028609967
2539.552677029361,1.0,1.1152278844537183e-10,0.00939119170984456,0.00939119170984456,14.496053736307323,27792,7.248026868153661,512,48251,1.0,2.0588822299324053e-10,1.0,1.0,4.363543125601328e-08,9264,2.1920659746789697e-08,1334.0773548929064,1628.7233511410013
2552.6079447322973,1.0,1.072334504184089e-10,0.009355210132412205,0.009355210132412205,14.544073953666972,27792,7.272036976833486,512,48499,1.0,1.5441616820367222e-10,1.0,1.0,4.2078401852120174e-08,9264,2.111640901514738e-08,1341.09254924985,1636.2913021970016
2552.718480138169,1.0,1.072334504184089e-10,0.009103339090385722,0.009103339090385722,14.67606904991207,27792,7.338034524956035,512,48501,1.0,1.4154815488977686e-10,1.0,1.0,1.0390920885194351e-07,9264,5.20253785076351e-08,1341.1410075288586,1637.3297977760012
2565.7737478411054,1.0,1.7680649905704853e-08,0.00939119170984456,0.00939119170984456,10.87095322331685,27792,5.435476613854566,512,48749,1.0,1.9186206990451312e-08,0.9604922279792746,0.9604922279792746,0.23027672607046334,9264,0.11513837291786708,1348.6650787798862,1645.4100760369984
2565.8842832469777,1.0,4.8104921738329786e-08,0.010506620610247553,0.010506620610247553,10.636712148399551,27792,5.318356074199776,512,48751,1.0,4.94260379375603e-08,0.9856433506044905,0.9856433506044905,0.07833691798783385,9264,0.039168483835619584,1348.713803850871,1646.4436706790002
2578.9395509499136,1.0,1.2023871496513577e-07,0.010578583765112263,0.010578583765112263,11.703609960684505,27792,5.851804980342252,512,48999,1.0,1.1971112794353773e-07,0.9913644214162349,0.9913644214162349,0.03352040264977461,9264,0.01676026092953208,1355.7764810058943,1654.0701805630015
2579.0,1.0,1.2058614874802427e-07,0.010506620610247553,0.010506620610247553,11.646170195039828,27792,5.823085097519914,48,49001,1.0,1.1978833603262502e-07,0.9883419689119171,0.9883419689119171,0.0434083673581867,9264,0.021704243283738125,1355.8184332858946,1655.0827057269998
2592.055267702936,1.0,2.1781788971552516e-05,0.010542602187679908,0.010542602187679908,11.217491448577547,27792,5.608756546872611,512,49249,1.0,2.0419880943312904e-07,1.0,1.0,8.764023516996279e-05,9264,4.3922217240290065e-05,1362.7226414039615,1662.5356685029983
2592.165803108808,1.0,2.1899152682724247e-05,0.010542602187679908,0.010542602187679908,11.21787518911411,27792,5.608948487417411,512,49251,1.0,2.045590965700412e-07,1.0,1.0,8.635008769972002e-05,9264,4.327732360711086e-05,1362.7688508589563,1663.5443751929997
2605.2210708117445,1.0,1.842420931519899e-05,0.010650546919976972,0.010650546919976972,11.416528353693847,27792,5.708273312794318,512,49499,1.0,2.2482929391795654e-07,1.0,1.0,1.5303723064503778e-05,9264,7.764276208368891e-06,1368.1425590139625,1669.4296032450002
2605.3316062176164,1.0,1.8425915580666805e-05,0.010650546919976972,0.010650546919976972,11.419060161900232,27792,5.70953921470137,512,49501,1.0,2.2484217449922517e-07,1.0,1.0,1.5088148742921438e-05,9264,7.656495481585144e-06,1368.1871490319754,1670.4325326319959
2618.3868739205527,1.0,3.859519621198176e-06,0.010686528497409326,0.010686528497409326,11.99443577759281,27792,5.997219751124144,512,49749,1.0,1.454728716777617e-07,1.0,1.0,2.457089544844328e-06,9264,1.3012812255644171e-06,1374.7004515730223,1677.4893971089987
2618.497409326425,1.0,3.777329078230971e-06,0.010650546919976972,0.010650546919976972,11.999943857846345,27792,5.999973756112651,512,49751,1.0,1.4477799887597606e-07,1.0,1.0,2.424160495911329e-06,9264,1.2844692654824263e-06,1374.7446005560269,1678.4906953039972
2631.552677029361,1.0,4.6550400996172776e-08,0.010578583765112263,0.010578583765112263,12.349553795058492,27792,6.174776915098376,512,49999,1.0,2.5967650416448668e-08,1.0,1.0,6.376871160352771e-07,9264,3.3182738499915177e-07,1381.4930258160311,1685.7890208870012
2631.663212435233,1.0,4.518266822744946e-08,0.010578583765112263,0.010578583765112263,12.355794736415268,27792,6.177897385776763,512,50001,1.0,2.5684554089795258e-08,1.0,1.0,6.313174486855754e-07,9264,3.285010031609742e-07,1381.5390363520419,1686.8118850199971
2644.718480138169,1.0,4.1863936555833665e-09,0.010614565342544617,0.010614565342544617,12.851755224567208,27792,6.425877612283604,512,50249,1.0,5.1858093938785844e-09,1.0,1.0,2.754011970291324e-07,9264,1.4029350350641447e-07,1388.2229623130188,1694.0401969929953
2644.8290155440413,1.0,4.104896244575973e-09,0.010614565342544617,0.010614565342544617,12.85134080393807,27792,6.425670401969035,512,50251,1.0,5.0828652750955265e-09,1.0,1.0,2.732522385495361e-07,9264,1.391675522072248e-07,1388.2673598140245,1695.0488839699974
2657.8842832469777,0.9998560736902706,0.0005389430037572912,0.010974381116868163,0.010974381116868163,11.329043004591025,27792,5.6647909622324155,512,50499,1.0,1.9347982380004742e-07,0.9971934369602763,0.9971934369602763,0.013357806750146965,9264,0.006679000136111131,1395.1920263150241,1702.5172409549996
2657.9948186528495,0.999892055267703,0.0004062447916357478,0.011046344271732872,0.011046344271732872,11.35118182088427,27792,5.675793994207388,512,50501,1.0,1.7309900415209567e-07,0.9978411053540587,0.9978411053540587,0.010529754486333882,9264,0.005264963812736829,1395.2367794900201,1703.5264093169972
2671.0,0.9999640184225677,0.00018997383527148728,0.011945883707541738,0.011945883707541738,10.835502009592183,27792,5.41784592860721,48,50749,1.0,1.8506358440552406e-07,0.9997841105354058,0.9997841105354058,0.002054445561349701,9264,0.001027315298484603,1402.4193783511,1711.2554267259984
2671.1105354058723,0.9999640184225677,0.00019646999773142345,0.011945883707541738,0.011945883707541738,10.830814464790903,27792,5.415505408691687,512,50751,1.0,1.8673602735188994e-07,0.9996761658031088,0.9996761658031088,0.0020212873314637593,9264,0.0010107370199625974,1402.4661375101132,1712.2707338109976
2684.165803108808,0.9999280368451353,0.00022519887971547873,0.01172999424294761,0.01172999424294761,10.958908717935635,27792,5.479566906812072,512,50999,1.0,1.6564963930729182e-07,1.0,1.0,4.313138413318595e-05,9264,2.164851704416137e-05,1409.2095255981549,1719.565730176997
2684.2763385146804,0.9999280368451353,0.00022457914304242592,0.01172999424294761,0.01172999424294761,10.960838427678153,27792,5.480531463008127,512,51001,1.0,1.6552096544202337e-07,1.0,1.0,4.253476842657208e-05,9264,2.135014485078019e-05,1409.2615529491522,1720.5906639620007
2697.3316062176164,0.9999280368451353,0.00011047710324932965,0.011298215313759356,0.011298215313759356,11.420984596511586,27792,5.710547502657155,512,51249,1.0,1.3681269140192657e-07,1.0,1.0,7.1968123924879066e-06,9264,3.666812536471651e-06,1416.3918580202226,1728.273982271996
2697.4421416234886,0.9999280368451353,0.00010830064561256305,0.011298215313759356,0.011298215313759356,11.425199681064077,27792,5.712653935882094,512,51251,1.0,1.3654246309012104e-07,1.0,1.0,7.102607232872365e-06,9264,3.6195748692116217e-06,1416.4359504772292,1729.285984557995
2710.497409326425,1.0,1.3071159141373028e-06,0.010974381116868163,0.010974381116868163,11.714725918240017,27792,5.857363554274274,512,51499,1.0,8.415680527504294e-08,1.0,1.0,1.7838006341299693e-06,9264,9.339787256175596e-07,1423.584644141265,1736.9766194059994
2710.6079447322973,1.0,1.2359027138234703e-06,0.010974381116868163,0.010974381116868163,11.72074274338726,27792,5.8603719514749075,512,51501,1.0,8.226520787780555e-08,1.0,1.0,1.7657083183516336e-06,9264,9.239867686370725e-07,1423.6286213632557,1737.9769406459964
2723.663212435233,1.0,1.566037085872678e-08,0.011262233736327001,0.011262233736327001,12.326850983351212,27792,6.163425491675606,512,51749,1.0,1.787367026136862e-08,1.0,1.0,6.656365322498226e-07,9264,3.417551024367656e-07,1430.9206464902527,1745.8222850029997
2723.7737478411054,1.0,1.548450815276433e-08,0.01133419689119171,0.01133419689119171,12.335979055383799,27792,6.167989525495758,512,51751,1.0,1.764204599410674e-08,1.0,1.0,6.615573719357446e-07,9264,3.395997101460956e-07,1430.9648160462457,1746.83599865
2736.8290155440413,0.9999640184225677,5.122776156895532e-05,0.011226252158894647,0.011226252158894647,10.719671008912186,27792,5.359861067539669,512,51999,1.0,1.1868168361410196e-07,0.9942789291882557,0.9942789291882557,0.026210919415034572,9264,0.013105518906819593,1437.5485388492234,1753.961775003998
2736.9395509499136,0.9999640184225677,5.672264841542038e-05,0.011190270581462292,0.011190270581462292,10.709837997515585,27792,5.354947302625587,512,52001,1.0,1.186559475844062e-07,0.9943868739205527,0.9943868739205527,0.02276856241191195,9264,0.011384340559674463,1437.5924677272196,1754.960036083001
2749.9948186528495,0.999892055267703,0.0003691542071413101,0.011514104778353483,0.011514104778353483,10.626821628849466,27792,5.31359537813124,512,52249,1.0,3.209013336646973e-07,0.9980569948186528,0.9980569948186528,0.00727354832128694,9264,0.0036369346247886233,1443.7839395181509,1761.6866667969953
2750.055267702936,0.9999280368451353,0.00030979922108268653,0.011478123200921128,0.011478123200921128,10.601937794177505,27792,5.301123749200956,512,52251,1.0,2.815521050829901e-07,0.9975172711571675,0.9975172711571675,0.009121473478909344,9264,0.004560877476933063,1443.8225129241546,1762.6795895469986
2763.1105354058723,0.9998200921128382,0.0007509054826079573,0.010758491652274035,0.010758491652274035,10.725218698768417,27792,5.362984716034375,512,52499,1.0,5.068547260012621e-07,0.9971934369602763,0.9971934369602763,0.009495281788885646,9264,0.004747894284957199,1450.0266933821622,1769.4176432370004
2763.2210708117445,0.9998200921128382,0.0006926335673457549,0.011010362694300517,0.011010362694300517,10.729871746583719,27792,5.365282108128997,512,52501,1.0,3.7318472359150893e-07,0.9955742659758203,0.9955742659758203,0.014159875474741524,9264,0.007080124368624109,1450.0706956671565,1770.4142963039994
2776.2763385146804,0.9999280368451353,0.00041644437263478053,0.011298215313759356,0.011298215313759356,10.519613328581235,27792,5.260014823338185,512,52749,1.0,2.607596989288448e-07,0.9979490500863558,0.9979490500863558,0.007868544232351175,9264,0.0039344024337789555,1456.235034074176,1777.1111972419967
2776.3868739205527,0.9999280368451353,0.00038658612154741565,0.011370178468624065,0.011370178468624065,10.516199317277678,27792,5.258292901495372,512,52751,1.0,2.4073022540944173e-07,0.9967616580310881,0.9967616580310881,0.011082893285726637,9264,0.005541566984538175,1456.2789866781895,1778.1070636149962
2789.4421416234886,0.9997481289579735,0.0008623965055434798,0.012053828439838803,0.012053828439838803,10.352761557957326,27792,5.176812011068693,512,52999,1.0,9.076055915452477e-07,0.9964378238341969,0.9964378238341969,0.01811436564695341,9264,0.009057636536812226,1462.5197512311788,1784.8818446849982
2789.552677029361,0.9997841105354058,0.0007724345084055967,0.012233736327000576,0.012233736327000576,10.3393688212885,27792,5.1700706503895,512,53001,1.0,8.050013850186584e-07,0.9964378238341969,0.9964378238341969,0.016316009456989886,9264,0.008158407330075487,1462.5637407001777,1785.8810243999978
2802.6079447322973,1.0,1.7915921672997397e-05,0.013385146804835924,0.013385146804835924,10.170069973978011,27792,5.085043822065056,512,53249,1.0,5.591451278926771e-07,0.9955742659758203,0.9955742659758203,0.01770015164167461,9264,0.008850355301251786,1468.7852763851552,1792.637062638998
2802.718480138169,1.0,2.3340638550281522e-05,0.01327720207253886,0.01327720207253886,10.165517092162876,27792,5.082770088999588,512,53251,1.0,6.082755070343843e-07,0.9962219343696027,0.9962219343696027,0.012382305659907058,9264,0.006191456965484459,1468.8291890521577,1793.6342867829953
2815.7737478411054,1.0,7.569325525026448e-06,0.012989349453080024,0.012989349453080024,10.061261754099089,27792,5.030634584135891,512,53499,1.0,3.322515745454307e-07,1.0,1.0,8.383616869416674e-05,9264,4.2084210418769525e-05,1475.3535920131835,1800.6915388019988
2815.8842832469777,1.0,7.4585361792972195e-06,0.012917386298215313,0.012917386298215313,10.060434968428977,27792,5.030221138593446,512,53501,1.0,3.318398137783244e-07,1.0,1.0,8.28624438994688e-05,9264,4.1597142158315835e-05,1475.3977178581845,1801.6905251299977
2828.9395509499136,1.0,6.401281968041308e-07,0.013097294185377088,0.013097294185377088,10.140577321774533,27792,5.070288871716822,512,53749,1.0,2.720169059825342e-07,1.0,1.0,1.9378725460974584e-05,9264,9.825371213421984e-06,1482.0767784672425,1808.9029367900002
2829.0,1.0,6.282722720586286e-07,0.013097294185377088,0.013097294185377088,10.142749907164719,27792,5.0713751292736555,48,53751,1.0,2.7148931737377104e-07,1.0,1.0,1.9140920776659495e-05,9264,9.706205076960057e-06,1482.1192820892466,1809.8991738990007
2842.055267702936,1.0,1.6561130279006492e-07,0.01280944156591825,0.01280944156591825,10.787654729567524,27792,5.393827364783762,512,53999,1.0,1.6934305173791645e-07,1.0,1.0,4.148122710569895e-06,9264,2.158732892984013e-06,1488.8253727112606,1817.1395226179957
2842.165803108808,1.0,1.6416579788322293e-07,0.012881404720782958,0.012881404720782958,10.790913232112658,27792,5.395456616056329,512,54001,1.0,1.6805625025312824e-07,1.0,1.0,4.106353337007204e-06,9264,2.137204805460273e-06,1488.869288631271,1818.136567403999
2855.2210708117445,1.0,9.303573489421505e-09,0.012881404720782958,0.012881404720782958,11.49133320985749,27792,5.745666604928745,512,54249,1.0,1.2108800299811476e-08,1.0,1.0,1.4788039719395578e-06,9264,7.454563869557075e-07,1495.4164397822751,1825.218936377998
2855.3316062176164,1.0,8.96900513610162e-09,0.012917386298215313,0.012917386298215313,11.464644652231026,27792,5.732322326115513,512,54251,1.0,1.1709891839527126e-08,1.0,1.0,1.4818279679952307e-06,9264,7.467689307534019e-07,1495.4603422232904,1826.2163004169997
2868.3868739205527,1.0,1.8344320258359412e-05,0.012233736327000576,0.012233736327000576,10.053703479404483,27792,5.026860893218766,512,54499,1.0,4.825504858640301e-08,0.9901770293609672,0.9901770293609672,0.04456963054256736,9264,0.022284839257263354,1501.9418691103274,1833.2331850089977
2868.497409326425,0.9999640184225677,5.421945345827874e-05,0.012701496833621186,0.012701496833621186,10.129859911139558,27792,5.064957047167631,512,54501,1.0,5.4393091668842846e-08,0.9901770293609672,0.9901770293609672,0.04286219503904254,9264,0.021431124825448775,1501.9857730973235,1834.2302006979953
2881.552677029361,0.999892055267703,0.0006267389025164203,0.012305699481865285,0.012305699481865285,10.578595676982134,27792,5.289611170740737,512,54749,1.0,2.7155911106206665e-05,0.9934153713298791,0.9934153713298791,0.023989823502882517,9264,0.012008489778310394,1508.285843214304,1841.0635421779953
2881.663212435233,0.9998560736902706,0.0006240280099605108,0.012629533678756476,0.012629533678756476,10.57086313409097,27792,5.285743559649022,512,54751,1.0,1.0305587339172629e-05,0.9946027633851469,0.9946027633851469,0.019606424333119123,9264,0.009808365092331316,1508.3298498252989,1842.0611136289954
2894.718480138169,0.9997841105354058,0.0017891188809976203,0.013888888888888888,0.013888888888888888,10.44663852127242,27792,5.224213757731823,512,54999,1.0,3.7227037196811615e-07,0.9971934369602763,0.9971934369602763,0.01340042424206469,9264,0.0067003983083391795,1514.597002430237,1848.862423241997
2894.8290155440413,0.9997841105354058,0.001854477207508386,0.013637017846862406,0.013637017846862406,10.434811365350471,27792,5.218332878117185,512,55001,1.0,3.991421783332942e-07,0.9975172711571675,0.9975172711571675,0.01231267794022507,9264,0.006156538559456834,1514.6410930552302,1849.8724421610023
2907.8842832469777,0.9999280368451353,0.00030647155735348395,0.013133275762809442,0.013133275762809442,10.148756717908087,27792,5.074531526625946,512,55249,1.0,3.27317696263103e-07,0.9975172711571675,0.9975172711571675,0.010889526913408994,9264,0.005444927189325421,1520.8376945562632,1856.604978055002
2907.9948186528495,0.9999280368451353,0.000332406486253573,0.013097294185377088,0.013097294185377088,10.13605490043785,27792,5.068193601477606,512,55251,1.0,2.9153993870666875e-07,0.9991364421416234,0.9991364421416234,0.007330873366670493,9264,0.0036655824393394287,1520.8817398392785,1857.6036700039986
2921.0,0.9998560736902706,0.0007531643983066303,0.013780944156591824,0.013780944156591824,10.065381073718381,27792,5.033067056483486,48,55499,1.0,3.248155946567908e-07,0.9996761658031088,0.9996761658031088,0.0022924766694444884,9264,0.0011464007322866284,1527.4989145842337,1864.7557017290019
2921.1105354058723,0.9998560736902706,0.0008085654066050462,0.013529073114565342,0.013529073114565342,10.060213535903992,27792,5.030510980916833,512,55501,1.0,3.529631267776686e-07,0.9994602763385146,0.9994602763385146,0.002644316878391748,9264,0.001322334888632472,1527.5430711052322,1865.754321610002
2934.165803108808,0.9998200921128382,0.0004013728067599385,0.014032815198618308,0.014032815198618308,9.815938621261852,27792,4.908169967660152,512,55749,1.0,3.572080369051605e-07,0.9997841105354058,0.9997841105354058,0.002348103452938736,9264,0.0011742303441664677,1534.2287733331978,1872.9733477639966
2934.2763385146804,0.9998200921128382,0.0003854820189126043,0.014176741508347726,0.014176741508347726,9.812292741370324,27792,4.906339013995147,512,55751,1.0,3.410664003366191e-07,0.9997841105354058,0.9997841105354058,0.0024737354391294697,9264,0.0012370382336294842,1534.2727652371977,1873.970981585997
2947.3316062176164,0.999892055267703,0.00025457127181390205,0.0143566493955095,0.0143566493955095,9.679381182225326,27792,4.839817809180137,512,55999,1.0,3.1310380508831213e-07,1.0,1.0,7.162471861813366e-05,9264,3.596891157770616e-05,1540.908545275146,1881.1412642389987
2947.4421416234886,0.999892055267703,0.00025277502798167883,0.0143566493955095,0.0143566493955095,9.679901061554922,27792,4.840076852819325,512,56001,1.0,3.127306483657495e-07,1.0,1.0,7.081076090922981e-05,9264,3.556174613703895e-05,1540.9525134931537,1882.1397908049985
2960.497409326425,0.9999280368451353,9.003631351958931e-05,0.014464594127806563,0.014464594127806563,9.912954221735346,27792,4.956522017562945,512,56249,1.0,2.70048096569203e-07,1.0,1.0,1.584875820696616e-05,9264,8.059403133016225e-06,1546.225037699107,1887.910512012997
2960.6079447322973,0.9999280368451353,8.887391079221121e-05,0.014464594127806563,0.014464594127806563,9.916872642749881,27792,4.958480665858065,512,56251,1.0,2.69610584064375e-07,1.0,1.0,1.5654636587734884e-05,9264,7.962123564006567e-06,1546.269014278114,1888.9053288849973
2973.663212435233,1.0,1.5711346534190299e-06,0.0147524467472654,0.0147524467472654,10.698661487954887,27792,5.349331464311756,512,56499,1.0,1.5956335731192077e-07,1.0,1.0,3.696985403337196e-06,9264,1.9282743552408043e-06,1552.4772565610983,1895.648309514996
2973.7737478411054,1.0,1.4832019436570625e-06,0.014716465169833045,0.014716465169833045,10.703836865993361,27792,5.351919118192735,512,56501,1.0,1.5781330729260876e-07,1.0,1.0,3.6667716060684664e-06,9264,1.9122924449486058e-06,1552.521653336109,1896.6627952650015
2986.8290155440413,1.0,9.942683290005342e-09,0.014788428324697754,0.014788428324697754,11.349964728215404,27792,5.674982359715419,512,56749,1.0,1.2404764543137607e-08,1.0,1.0,1.3472802073793084e-06,9264,6.798424868463335e-07,1558.707061604102,1903.390338006
2986.9395509499136,1.0,9.891211426964138e-09,0.01468048359240069,0.01468048359240069,11.311722794413635,27792,5.6558613972068175,512,56751,1.0,1.2340424468898196e-08,1.0,1.0,1.337436150887837e-06,9264,6.74888288563478e-07,1558.75103906609,1904.3877606919996
2999.9948186528495,0.9999280368451353,8.44786963215817e-05,0.01629965457685665,0.01629965457685665,10.264167658268342,27792,5.1321260126143535,512,56999,1.0,1.4313050655800907e-07,0.9996761658031088,0.9996761658031088,0.0025408542916075757,9264,0.0012704986855323348,1564.282548497169,1910.4314038439989
3000.055267702936,0.9999640184225677,8.286410614731728e-05,0.016515544041450777,0.016515544041450777,10.2757121356795,27792,5.1378974409438305,512,57001,1.0,1.403897324931969e-07,0.9992443868739206,0.9992443868739206,0.003578196191639094,9264,0.00178916827153852,1564.32241866416,1911.4389797370022
3013.1105354058723,0.9998560736902706,0.000880438716395146,0.015723949337938976,0.015723949337938976,10.084264980353497,27792,5.042572667149888,512,57249,1.0,8.291148322821626e-07,0.9996761658031088,0.9996761658031088,0.0018210370071065035,9264,0.0009109330595195911,1571.090316724054,1918.7463170159972
3013.2210708117445,0.9998560736902706,0.0009406171558699969,0.015939838802533104,0.015939838802533104,10.083361039850722,27792,5.042150810386644,512,57251,1.0,1.27615394225145e-06,0.9995682210708118,0.9995682210708118,0.0018993950294514084,9264,0.0009503355688079291,1571.1342394300518,1919.7426344409978
3026.2763385146804,0.999892055267703,0.0004383188670890345,0.016407599309153715,0.016407599309153715,9.884588528173575,27792,4.9425134060365,512,57499,1.0,9.947842889331522e-07,0.999892055267703,0.999892055267703,0.0009364296424014426,9264,0.00046871221822964766,1577.6013615681077,1926.7468058519953
3026.3868739205527,0.999892055267703,0.00044011120834598974,0.01637161773172136,0.01637161773172136,9.883669732971718,27792,4.9420549374033,512,57501,1.0,1.0018568621691039e-06,0.999892055267703,0.999892055267703,0.0009961709905325698,9264,0.000498586424565287,1577.6452897691197,1927.7438815729984
3039.4421416234886,0.9995682210708118,0.00143157317710581,0.01676741508347726,0.01676741508347726,9.7221524200703,27792,4.861791996140554,512,57749,1.0,1.7160346565160988e-06,0.999892055267703,0.999892055267703,0.001233162398012564,9264,0.0006174392076748036,1584.3113764021473,1934.9432933209973
3039.552677029361,0.9995682210708118,0.0013662690106510391,0.016731433506044904,0.016731433506044904,9.72232142631254,27792,4.861843820680608,512,57751,1.0,1.5547982199845866e-06,0.999892055267703,0.999892055267703,0.0009477112232345528,9264,0.0004746330053897796,1584.3553891001357,1935.9410666139956
3052.6079447322973,0.9999280368451353,0.00037368040079108705,0.01777489925158319,0.01777489925158319,9.660211276513925,27792,4.830292468381189,512,57999,1.0,3.2375841770938746e-07,1.0,1.0,5.125209344518797e-05,9264,2.5787926148317612e-05,1591.0213745630608,1943.1412562869955
3052.718480138169,0.9999280368451353,0.00037082791769342945,0.017738917674150836,0.017738917674150836,9.661438937014248,27792,4.830904822824464,512,58001,1.0,3.2288341469096775e-07,1.0,1.0,5.065386750255205e-05,9264,2.5488375664494823e-05,1591.0656534050722,1944.139310323997
3065.7737478411054,0.9999640184225677,0.0001179121161242729,0.017810880829015545,0.017810880829015545,10.0085903205059,27792,5.004354034406259,512,58249,1.0,2.5566166225248103e-07,1.0,1.0,1.1503113359727595e-05,9264,5.87938753936266e-06,1597.462856314014,1951.0745900269976
3065.8842832469777,0.9999640184225677,0.0001161468264892154,0.017846862406447898,0.017846862406447898,10.014231258517514,27792,5.007173607386456,512,58251,1.0,2.5519841371795727e-07,1.0,1.0,1.1362159349340366e-05,9264,5.808678909901784e-06,1597.5071966320247,1952.0733612839977
3078.9395509499136,1.0,3.7415033675402063e-07,0.017882843983880254,0.017882843983880254,10.777649268379278,27792,5.388824757173546,512,58499,1.0,1.3138241583976435e-07,1.0,1.0,3.3463594218040858e-06,9264,1.7388709267004818e-06,1603.8676248250413,1958.9695971449983
3079.0,1.0,3.5452742569234024e-07,0.01809873344847438,0.01809873344847438,10.81071260459957,27792,5.405356407714563,48,58501,1.0,1.3079048872756437e-07,1.0,1.0,3.322077605021142e-06,9264,1.7264340539675086e-06,1603.9108313600445,1959.9662703880022
3092.055267702936,1.0,6.339641079739025e-09,0.018674438687392055,0.018674438687392055,11.174689407656093,27792,5.587344701631905,512,58749,1.0,7.952432289346803e-09,1.0,1.0,1.3220975274548445e-06,9264,6.650249803154179e-07,1610.5500306760587,1967.143465276
3092.165803108808,1.0,6.21096099671031e-09,0.018458549222797927,0.018458549222797927,11.198699916033616,27792,5.599349958016808,512,58751,1.0,7.810884126020098e-09,1.0,1.0,1.3068618104413727e-06,9264,6.573363473343179e-07,1610.5942331610568,1968.1422397819988
3105.2210708117445,1.0,1.0637558035863726e-09,0.017954807138744963,0.017954807138744963,11.736495110792337,27792,5.868247555396168,512,58999,1.0,1.3254054119818742e-09,1.0,1.0,4.6811257148664085e-07,9264,2.3471898850798637e-07,1616.4998076379707,1974.572648057001
3105.3316062176164,1.0,1.0594664653037452e-09,0.018278641335636156,0.018278641335636156,11.692981436668488,27792,5.846490718334244,512,59001,1.0,1.3254054119818742e-09,1.0,1.0,4.64097757137312e-07,9264,2.3271158133332193e-07,1616.5442848509701,1975.5729103999984
3118.3868739205527,1.0,5.404565811707505e-10,0.016479562464018424,0.016479562464018424,12.248902219290287,27792,6.124451109645143,512,59249,1.0,5.790606221350944e-10,1.0,1.0,2.5159539469339173e-07,9264,1.2608722768077323e-07,1623.0740013009854,1982.638801148998
3118.497409326425,1.0,5.447459174080619e-10,0.01683937823834197,0.01683937823834197,12.13808292263736,27792,6.06904146131868,512,59251,1.0,5.919286362159833e-10,1.0,1.0,2.485714143457446e-07,9264,1.245816715143736e-07,1623.1181636819965,1983.637129269002
3131.552677029361,1.0,3.7317240220982775e-10,0.015723949337938976,0.015723949337938976,12.687562427509771,27792,6.343781213754886,512,59499,1.0,5.147205532646373e-10,1.0,1.0,1.732549281534975e-07,9264,8.68848243737064e-08,1629.5747444749868,1990.6287007099963
3131.663212435233,1.0,3.903297543176795e-10,0.015076280944156592,0.015076280944156592,12.86820346127314,27792,6.43410173063657,512,59501,1.0,5.275885681125196e-10,1.0,1.0,1.8483614151659153e-07,9264,9.268186506267736e-08,1629.6191181059912,1991.6305392060021
3144.718480138169,1.0,6.519793673151419e-10,0.014104778353483017,0.014104778353483017,13.66863328036592,27792,6.834316637986819,512,59749,1.0,8.62156926545694e-10,1.0,1.0,1.5783904489310713e-07,9264,7.935060094395762e-08,1636.643410256067,1999.2000364319974
3144.8290155440413,1.0,6.519793678264709e-10,0.014608520437535981,0.014608520437535981,13.36062112565554,27792,6.68031056282777,512,59751,1.0,8.62156926545694e-10,1.0,1.0,1.3109932103482595e-07,9264,6.598073903936082e-08,1636.6921323520655,2000.216134039998
3157.8842832469777,1.0,8.707355936513629e-10,0.013097294185377088,0.013097294185377088,13.808975992768264,27792,6.904487996384132,512,59999,1.0,1.0937811631278366e-09,1.0,1.0,1.2273511138370248e-07,9264,6.191444634743003e-08,1644.1327104871089,2008.214600059
3157.9948186528495,1.0,8.578675849394282e-10,0.013097294185377088,0.013097294185377088,13.793710457159996,27792,6.896855228579998,512,60001,1.0,1.0551771185841897e-09,1.0,1.0,1.2269650733915884e-07,9264,6.187584230288638e-08,1644.1830404831053,2009.2751149079995
3171.0,1.0,8.364208940376201e-10,0.01367299942429476,0.01367299942429476,13.835791693793404,27792,6.917895846896702,48,60249,1.0,9.393650094970398e-10,1.0,1.0,1.1832138229087887e-07,9264,5.963037371193093e-08,1651.4548451671508,2017.1062998900015
3171.1105354058723,1.0,7.034514210820522e-10,0.013601036269430052,0.013601036269430052,13.876966951905,27792,6.9384834759525,512,60251,1.0,8.878929501055108e-10,1.0,1.0,1.2207884262646049e-07,9264,6.148336785002597e-08,1651.4995117351427,2018.1157435290006
3184.165803108808,1.0,3.388577005507691e-10,0.014968336211859529,0.014968336211859529,13.534079758683086,27792,6.767039881537684,512,60499,1.0,4.761165125559578e-10,1.0,1.0,1.1289108081047385e-07,9264,5.668359870446654e-08,1658.6281708731913,2025.7995945509974
3184.2763385146804,1.0,3.4743637660469495e-10,0.014860391479562463,0.014860391479562463,13.612532444911643,27792,6.806266222455822,512,60501,1.0,4.761165125559578e-10,1.0,1.0,1.1531026760187572e-07,9264,5.789319210016747e-08,1658.6852195861866,2026.8448922390016
3197.3316062176164,1.0,1.7157352005585945e-10,0.014716465169833045,0.014716465169833045,13.560631725111431,27792,6.780315862555716,512,60749,1.0,2.316242519220116e-10,1.0,1.0,1.1164288263391555e-07,9264,5.5937253450588716e-08,1666.4130605401224,2035.1386250579963
3197.4421416234886,1.0,1.7157352005585945e-10,0.015256188831318365,0.015256188831318365,13.387412374844548,27792,6.693706189618416,512,60751,1.0,2.316242519220116e-10,1.0,1.0,1.0231357736700999e-07,9264,5.127260081713594e-08,1666.4619318131226,2036.1619433059968
3210.497409326425,1.0,1.9730954796197258e-10,0.015508059873344847,0.015508059873344847,13.487940083856753,27792,6.743970041928376,512,60999,1.0,2.702282933976845e-10,1.0,1.0,9.071949677446937e-08,9264,4.549486254313745e-08,1674.0446510971015,2044.3084801500008
3210.6079447322973,1.0,2.0159888598893553e-10,0.015472078295912493,0.015472078295912493,13.53961064366685,27792,6.769805321833425,512,61001,1.0,2.702282933976845e-10,1.0,1.0,1.0127126816433154e-07,9264,5.0770748238068534e-08,1674.102043112107,2045.3466262239963
3223.663212435233,1.0,2.0588822324890502e-10,0.015256188831318365,0.015256188831318365,13.706254597841218,27792,6.853127298920609,512,61249,1.0,2.5736027931679574e-10,1.0,1.0,1.0998290950394004e-07,9264,5.5120134900448846e-08,1681.6679456651254,2053.471735412997
3223.7737478411054,1.0,2.0159888522194207e-10,0.015939838802533104,0.015939838802533104,13.410017752551319,27792,6.7050088762756594,512,61251,1.0,2.5736027931679574e-10,1.0,1.0,7.072260248626165e-08,9264,3.548998139160964e-08,1681.7124588131337,2054.4987370439994
3236.8290155440413,1.0,1.758628578271579e-10,0.015436096718480138,0.015436096718480138,13.615991547386331,27792,6.8079957736931656,512,61499,1.0,2.3162425115501812e-10,1.0,1.0,9.261109574250937e-08,9264,4.6421360004885625e-08,1687.199630722047,2060.510625527997
3236.9395509499136,1.0,1.758628578271579e-10,0.015508059873344847,0.015508059873344847,13.583006503599844,27792,6.791503251799922,512,61501,1.0,2.3162425115501812e-10,1.0,1.0,9.656157551540792e-08,9264,4.83965998913349e-08,1687.2458430010447,2061.550616264998
3249.9948186528495,1.0,2.40202927720273e-10,0.015184225676453656,0.015184225676453656,13.732154947213902,27792,6.866077473606951,512,61749,1.0,3.8604041782470343e-10,1.0,1.0,1.0646994223586948e-07,9264,5.3427991340652975e-08,1694.5186240010662,2069.3848066649953
3250.055267702936,1.0,2.316242519220116e-10,0.015544041450777202,0.015544041450777202,13.671434801065448,27792,6.835717402728865,512,61751,1.0,3.603043896629258e-10,1.0,1.0,8.821023387913234e-08,9264,4.428526914743652e-08,1694.5688755900555,2070.4060964449964
3263.1105354058723,1.0,2.40202927208944e-10,0.016047783534830166,0.016047783534830166,13.540236442886554,27792,6.770118221443277,512,61999,1.0,3.4743637711602393e-10,1.0,1.0,4.3378071351756285e-08,9264,2.186275387632455e-08,1702.0975321480437,2078.4932548669967
3263.2210708117445,1.0,2.3591358918198107e-10,0.014896373056994818,0.014896373056994818,13.826540071249145,27792,6.913270035624572,512,62001,1.0,3.4743637711602393e-10,1.0,1.0,1.1201605584990544e-07,9264,5.618174612539913e-08,1702.1422628920554,2079.5050521079975
3276.2763385146804,1.0,2.40202927720273e-10,0.015651986183074267,0.015651986183074267,13.565287215035745,27792,6.782643609714014,512,62249,1.0,3.217003489542463e-10,1.0,1.0,3.859117023331663e-08,9264,1.945643530225684e-08,1709.2369994580586,2087.150595164996
3276.3868739205527,1.0,2.40202927720273e-10,0.014644502014968336,0.014644502014968336,13.841957931211095,27792,6.920978965605547,512,62251,1.0,3.217003489542463e-10,1.0,1.0,1.1106382191667328e-07,9264,5.569276116847896e-08,1709.2832171300543,2088.158952443002
3289.4421416234886,1.0,3.4314703960038997e-10,0.0147524467472654,0.0147524467472654,13.788860709761915,27792,6.894430354880957,512,62499,1.0,4.761165102549775e-10,1.0,1.0,9.388502921244972e-08,9264,4.718057288091068e-08,1716.259580558035,2095.6935708999954
3289.552677029361,1.0,3.4314703960038997e-10,0.01468048359240069,0.01468048359240069,13.835903556441602,27792,6.917951782613083,512,62501,1.0,4.761165102549775e-10,1.0,1.0,1.0592948875386362e-07,9264,5.320280265161763e-08,1716.30480450303,2096.7127973530005
3302.6079447322973,1.0,3.9890842960461186e-10,0.01529217040875072,0.01529217040875072,13.69278487324646,27792,6.84639243662323,512,62749,1.0,5.275885665785327e-10,1.0,1.0,5.645197404450401e-08,9264,2.848978132663359e-08,1723.2164495050165,2104.174498569002
3302.718480138169,1.0,3.9890842960461186e-10,0.015004317789291883,0.015004317789291883,13.790949767117674,27792,6.895474881362696,512,62751,1.0,5.018525399507419e-10,1.0,1.0,8.810729054575057e-08,9264,4.430457156240899e-08,1723.263608608002,2105.1994394020003
3315.7737478411054,1.0,4.2464445648806704e-10,0.01428468624064479,0.01428468624064479,13.96268992404795,27792,6.981344966416257,512,62999,1.0,5.147205532646373e-10,1.0,1.0,1.143709025670679e-07,9264,5.7442811580491594e-08,1730.166924841993,2112.6494077499956
3315.8842832469777,1.0,4.2464445648806704e-10,0.015004317789291883,0.015004317789291883,13.751709326973028,27792,6.875854665682655,512,63001,1.0,5.147205532646373e-10,1.0,1.0,6.660483775948312e-08,9264,3.35597791766992e-08,1730.2111466439892,2113.6718014189973
3328.9395509499136,1.0,5.147205558212821e-10,0.014032815198618308,0.014032815198618308,13.967974972985706,27792,6.983987486492853,512,63249,1.0,5.661926095881925e-10,1.0,1.0,1.1416501354410048e-07,9264,5.736560309870365e-08,1737.850652748013,2121.8638864800014
3329.0,1.0,5.490352579916698e-10,0.014860391479562463,0.014860391479562463,13.882919750751677,27792,6.941459870983556,48,63251,1.0,6.176646636107674e-10,1.0,1.0,7.644886909356925e-08,9264,3.8533266903133796e-08,1737.8861614010093,2122.8827427279975
3342.055267702936,1.0,1.8888277175250536e-06,0.01910621761658031,0.01910621761658031,10.554979520895458,27792,5.277490623531221,512,63499,1.0,5.78751597183621e-06,0.9902849740932642,0.9902849740932642,0.036162294151457684,9264,0.018084040583981546,1744.9233225479547,2130.4696420539985
3342.165803108808,1.0,1.197978188402557e-06,0.01896229130685089,0.01896229130685089,10.546083238389757,27792,5.273042161641755,512,63501,1.0,2.975880469886842e-06,0.9888816925734024,0.9888816925734024,0.04117078102468827,9264,0.02058687842159897,1744.9690044789604,2131.485420181998
3355.2210708117445,1.0,5.488090018461422e-07,0.02018566493955095,0.02018566493955095,10.405926200941368,27792,5.20296329373111,512,63749,1.0,1.8932705523463871e-07,0.9940630397236615,0.9940630397236615,0.019218005233529525,9264,0.009609097138767828,1752.051244036942,2139.126173664001
3355.3316062176164,1.0,3.907503188585899e-07,0.020473517559009786,0.020473517559009786,10.385330586716163,27792,5.19266539877286,512,63751,1.0,1.8708802693431758e-07,0.9948186528497409,0.9948186528497409,0.016531373121629313,9264,0.008265780053376534,1752.0999140399435,2140.1622654359962
3368.3868739205527,0.999892055267703,0.00022490658579103618,0.021984743811168682,0.021984743811168682,9.981087468860474,27792,4.9906561329368895,512,63999,1.0,1.446978845173824e-06,0.9980569948186528,0.9980569948186528,0.009510390351917305,9264,0.004755918673659467,1759.4931942489275,2148.1116547099955
3368.497409326425,0.999892055267703,0.00023144344969344767,0.02227259643062752,0.02227259643062752,9.992356392042899,27792,4.9962938755630555,512,64001,1.0,1.2127809655175513e-06,0.9985967184801382,0.9985967184801382,0.007453826934884146,9264,0.00372751984690575,1759.5384366019425,2149.1511715789966
3381.552677029361,1.0,7.095348592309576e-05,0.02421560161197467,0.02421560161197467,9.83610727049938,27792,4.918089107322364,512,64249,1.0,5.074491474498058e-07,0.9992443868739206,0.9992443868739206,0.0032673882244521548,9264,0.00163394779237132,1766.6369668039697,2156.804009651998
3381.663212435233,1.0,5.95374312958458e-05,0.024179620034542316,0.024179620034542316,9.812915048725522,27792,4.9064872886644535,512,64251,1.0,4.85490285378964e-07,0.9995682210708118,0.9995682210708118,0.001964171890560248,9264,0.000982328703597233,1766.6816396529684,2157.8115471369965
3394.718480138169,1.0,8.27458598231776e-06,0.023891767415083476,0.023891767415083476,9.600276509989385,27792,4.800142302482926,512,64499,1.0,3.010339464543588e-07,0.9994602763385146,0.9994602763385146,0.002407480638461358,9264,0.0012038908299663472,1773.6654771359827,2165.341446667997
3394.8290155440413,1.0,9.507890613849485e-06,0.023891767415083476,0.023891767415083476,9.603989069120049,27792,4.8019991969677935,512,64501,1.0,3.008023536031488e-07,0.9995682210708118,0.9995682210708118,0.0017895394584746302,9264,0.0008949201112928349,1773.7098415829823,2166.3446783789987
3407.8842832469777,0.9999640184225677,6.137947176773317e-05,0.025331030512377662,0.025331030512377662,9.453295543541081,27792,4.726678370605891,512,64749,1.0,3.4101335433302863e-07,0.999892055267703,0.999892055267703,0.001593549169651482,9264,0.0007969450923559515,1780.3849254589077,2173.564857723999
3407.9948186528495,0.9999640184225677,6.92224545637397e-05,0.025115141047783535,0.025115141047783535,9.459735885734316,27792,4.729902483775963,512,64751,1.0,3.3871029697738164e-07,0.9997841105354058,0.9997841105354058,0.0014674017766397286,9264,0.0007338702378292698,1780.429056510904,2174.5778625179955
3421.0,0.9999640184225677,6.54649285926953e-05,0.02421560161197467,0.02421560161197467,9.255551902055053,27792,4.627808598862616,48,64999,1.0,4.084750908501811e-07,0.9984887737478411,0.9984887737478411,0.005626424875219766,9264,0.0028134167109115857,1787.340832066926,2182.0359451900003
3421.1105354058723,1.0,4.082638566032816e-05,0.02453943580886586,0.02453943580886586,9.250431901913096,27792,4.625236291616349,512,65001,1.0,3.7113553925288634e-07,0.998272884283247,0.998272884283247,0.007805536631398251,9264,0.0039029538724732315,1787.3852947869236,2183.059776877002
3434.165803108808,1.0,1.2201226946652878e-06,0.028137593552101325,0.028137593552101325,9.193739228366638,27792,4.596870106118948,512,65249,1.0,3.070043974664678e-07,0.9991364421416234,0.9991364421416234,0.004925762324888317,9264,0.002463034607087212,1794.2363099579015,2190.456528572002
3434.2763385146804,1.0,1.0438915760659045e-06,0.02810161197466897,0.02810161197466897,9.199540027888533,27792,4.599770435603378,512,65251,1.0,3.0368450618460757e-07,0.9989205526770294,0.9989205526770294,0.006564700577105677,9264,0.0032825021311280434,1794.2807048679024,2191.4704922999954
3447.3316062176164,1.0,1.3127092077104532e-05,0.029324985607369028,0.029324985607369028,9.067247126112056,27792,4.533630030691864,512,65499,1.0,3.313634678917741e-07,0.9961139896373057,0.9961139896373057,0.013720604597505614,9264,0.006860468013048017,1801.2026858878671,2198.939466420001
3447.4421416234886,1.0,1.2533530546638362e-05,0.029684801381692574,0.029684801381692574,9.09277290603383,27792,4.5463926044084175,512,65501,1.0,3.4339464079944886e-07,0.9976252158894646,0.9976252158894646,0.010918603902795258,9264,0.005459473662187759,1801.24689124187,2199.954103074997
3460.497409326425,0.999892055267703,0.00042965741862415456,0.0299006908462867,0.0299006908462867,8.852683568591006,27792,4.42655659984705,512,65749,1.0,4.329939179861303e-07,1.0,1.0,0.0002999141553355725,9264,0.00015017357558359446,1807.9990143308096,2207.2505294779985
3460.6079447322973,0.999892055267703,0.0004265944226303713,0.029936672423719057,0.029936672423719057,8.853082023273615,27792,4.426754296477938,512,65751,1.0,4.3201600540658464e-07,1.0,1.0,0.00029855691795663617,9264,0.00014949446790956205,1808.0433853828072,2208.2536198419984
3473.663212435233,0.9999280368451353,9.602740500697851e-05,0.0299006908462867,0.0299006908462867,8.918248037668777,27792,4.459171949616094,512,65999,1.0,2.891957026628518e-07,1.0,1.0,3.823486229093964e-05,9264,1.9262029028315473e-05,1815.443132757886,2216.1988746989955
3473.7737478411054,0.9999280368451353,9.400223711715207e-05,0.0299006908462867,0.0299006908462867,8.919966808048967,27792,4.460030317992812,512,66001,1.0,2.8846222895812774e-07,1.0,1.0,3.77791151430519e-05,9264,1.9033788715948437e-05,1815.491498493895,2217.2368961979955
3486.8290155440413,1.0,1.3333116442517826e-06,0.03044041450777202,0.03044041450777202,9.438107966553156,27792,4.719054527919596,512,66249,1.0,2.425749194266315e-07,1.0,1.0,7.268884943557714e-06,9264,3.755729945727571e-06,1823.144642530955,2225.442449836999
3486.9395509499136,1.0,1.2631283644823721e-06,0.030332469775474956,0.030332469775474956,9.446478835453435,27792,4.723239946996747,512,66251,1.0,2.424333712633048e-07,1.0,1.0,7.163998916926544e-06,9264,3.7032161331974814e-06,1823.1928704249658,2226.4614552130006
3499.9948186528495,1.0,1.2151264365721825e-07,0.03119602763385147,0.03119602763385147,10.445206553756195,27792,5.222603276878098,512,66499,1.0,1.2070196508682466e-07,1.0,1.0,1.5360406993494036e-06,9264,8.283713393112696e-07,1830.6435206929673,2234.4650451769994
3500.055267702936,1.0,1.213753858793759e-07,0.031160046056419113,0.031160046056419113,10.443544799593857,27792,5.2217723997969285,512,66501,1.0,1.2065049302743315e-07,1.0,1.0,1.5208307183656274e-06,9264,8.207406127896857e-07,1830.6882903309743,2235.471472903002
3513.1105354058723,1.0,5.906418027731344e-09,0.03119602763385147,0.03119602763385147,10.993855214489557,27792,5.496927605048637,512,66749,1.0,7.000199192137503e-09,1.0,1.0,5.67723832994179e-07,9264,2.873620165357135e-07,1838.228334767984,2243.5609215930017
3513.2210708117445,1.0,5.932154057427108e-09,0.031411917098445596,0.031411917098445596,10.990404922933365,27792,5.495202461466683,512,66751,1.0,7.03880323668115e-09,1.0,1.0,5.632843678716597e-07,9264,2.851615859967256e-07,1838.2791307779917,2244.612049247
3526.2763385146804,0.999892055267703,0.0003985219713784383,0.029864709268854348,0.029864709268854348,9.93186428001988,27792,4.966131349782115,512,66999,1.0,1.308547722529104e-07,0.991472366148532,0.991472366148532,0.0368850302845497,9264,0.018442580775584583,1845.8147051269843,2252.709763728002
3526.3868739205527,0.999892055267703,0.000434170126760876,0.029648819804260217,0.029648819804260217,9.936760704203042,27792,4.968597412109375,512,67001,1.0,1.318069959268381e-07,0.9916882556131261,0.9916882556131261,0.042168369732269555,9264,0.02108425075680481,1845.8602330649883,2253.7321688070006
3539.4421416234886,1.0,7.01732006464996e-06,0.032023603914795626,0.032023603914795626,9.458283068053532,27792,4.72914496220318,512,67249,1.0,7.433434138945559e-07,0.9974093264248705,0.9974093264248705,0.014069498698379914,9264,0.00703512096459075,1853.4777439750833,2261.9037676859953
3539.552677029361,1.0,8.777623469094508e-06,0.03195164075993091,0.03195164075993091,9.458223376935697,27792,4.729115995100742,512,67251,1.0,8.943664982448094e-07,0.9976252158894646,0.9976252158894646,0.013906859569187198,9264,0.006953877025317651,1853.5238622410834,2262.929477304002
3552.6079447322973,1.0,2.752487023718827e-05,0.031555843408175015,0.031555843408175015,9.227923352071864,27792,4.613975379957025,512,67499,1.0,1.6341060158215512e-07,0.9973013816925734,0.9973013816925734,0.010618074377274883,9264,0.0053091188876637115,1860.0244688060484,2269.9702808119982
3552.718480138169,1.0,1.1044489661264042e-05,0.030908175014392632,0.030908175014392632,9.238070455582992,27792,4.619040674221673,512,67501,1.0,1.5596015764505695e-07,0.9970854922279793,0.9970854922279793,0.010964076184315386,9264,0.0054821160530256485,1860.0684893530488,2270.967847312997
3565.7737478411054,0.9999280368451353,7.313215200515978e-05,0.03533390903857225,0.03533390903857225,8.866271840887778,27792,4.4331724664296095,512,67749,1.0,2.475096508511179e-07,0.9997841105354058,0.9997841105354058,0.0016426792632087113,9264,0.0008214633768691403,1866.8678969031098,2278.3014616229993
3565.8842832469777,0.9999280368451353,0.0001046417395566156,0.03576568796776051,0.03576568796776051,8.869013152180147,27792,4.434558846446791,512,67751,1.0,2.763682146200631e-07,0.9996761658031088,0.9996761658031088,0.0017579910425800632,9264,0.0008791336980334681,1866.911885237103,2279.299463149
3578.9395509499136,1.0,1.4426677192701704e-07,0.03756476683937824,0.03756476683937824,8.709794518312092,27792,4.354897259156046,512,67999,1.0,1.3423910409128847e-07,0.9997841105354058,0.9997841105354058,0.0009697534291504759,9264,0.0004849438212726696,1873.153577364079,2286.075603851001
3579.0,1.0,1.4481562854839832e-07,0.03770869314910766,0.03770869314910766,8.707309329791116,27792,4.353654667091699,48,68001,1.0,1.3381446117211094e-07,0.9997841105354058,0.9997841105354058,0.0008651094900408763,9264,0.0004326216393956249,1873.192060550071,2287.0674256529965
3592.055267702936,1.0,4.998127558941178e-07,0.03803252734599885,0.03803252734599885,8.566218418435387,27792,4.2831093673398595,512,68249,1.0,7.809253213842577e-07,0.9981649395509499,0.9981649395509499,0.006458945943336992,9264,0.0032298634258430253,1879.6508958830818,2294.0647582439997
3592.165803108808,1.0,4.442799691642476e-07,0.038248416810592975,0.038248416810592975,8.568772561397783,27792,4.28438640587894,512,68251,1.0,7.849038847513284e-07,0.9979490500863558,0.9979490500863558,0.007950079368768398,9264,0.003975432088062978,1879.6950535070791,2295.077557058001
3605.2210708117445,1.0,9.870260655159583e-06,0.03796056419113414,0.03796056419113414,8.695982287927956,27792,4.3479959930437495,512,68499,1.0,3.627244317195243e-07,0.9975172711571675,0.9975172711571675,0.009790481722049917,9264,0.004895422190656187,1886.5910731131444,2302.519521663002
3605.3316062176164,1.0,1.7212195527246565e-05,0.03810449050086356,0.03810449050086356,8.681117126429706,27792,4.3405670842427115,512,68501,1.0,3.553270007991621e-07,0.9968696027633851,0.9968696027633851,0.011132334969416647,9264,0.0055663450826152466,1886.6352310961593,2303.532585007997
3618.3868739205527,1.0,6.006504499975121e-07,0.03986758779504893,0.03986758779504893,8.405466223559163,27792,4.202733287470878,512,68749,1.0,2.534355082502182e-07,0.9981649395509499,0.9981649395509499,0.006099253031545816,9264,0.003049753181876,1893.4657052841649,2310.907881375999
3618.497409326425,1.0,5.467862603656574e-07,0.04062320092112838,0.04062320092112838,8.400649321648878,27792,4.200324801377476,512,68751,1.0,2.5387302075504615e-07,0.9980569948186528,0.9980569948186528,0.006158763082337683,9264,0.0030795084777013085,1893.50987786716,2311.9207907039963
3631.552677029361,0.9999640184225677,0.0001324253636521064,0.04263816925734024,0.04263816925734024,8.288944066497328,27792,4.1445380953721225,512,68999,1.0,3.997177091134953e-07,0.9985967184801382,0.9985967184801382,0.00773062795181059,9264,0.0038655138419119123,1900.3794733261093,2319.3362684719978
3631.663212435233,0.9999640184225677,0.00011528865466378467,0.04292602187679908,0.04292602187679908,8.27406336071166,27792,4.137089188509312,512,69001,1.0,3.9732442799846934e-07,0.9985967184801382,0.9985967184801382,0.005865047984581203,9264,0.002932722655037299,1900.423644028131,2320.3494188609984
3644.718480138169,1.0,9.686296763109915e-07,0.04260218767990789,0.04260218767990789,8.288703259614671,27792,4.1443519460516685,512,69249,1.0,3.7466506336934585e-07,0.9988126079447323,0.9988126079447323,0.007606022158036063,9264,0.003803198392276165,1906.6812115271023,2327.1473207320014
3644.8290155440413,1.0,1.1937660136374933e-06,0.04339378238341969,0.04339378238341969,8.279762114336522,27792,4.1398814788273715,512,69251,1.0,3.7505110067317714e-07,0.9989205526770294,0.9989205526770294,0.007114127794657038,9264,0.003557251332832793,1906.725183397095,2328.1445843269976
3657.8842832469777,0.9999640184225677,6.469571828884613e-05,0.04666810592976396,0.04670408750719632,8.115208306803948,27792,4.057636401539365,512,69499,1.0,4.09961644821254e-07,1.0,1.0,0.00012038461461869134,9264,6.0397288351865014e-05,1913.5768930120903,2335.5368328729965
3657.9948186528495,0.9999640184225677,6.42283084783392e-05,0.046632124352331605,0.04666810592976396,8.115239136234123,27792,4.0576515878557675,512,69501,1.0,4.09717165105565e-07,1.0,1.0,0.00011895412470805997,9264,5.968192115040828e-05,1913.623173471089,2336.560528433998
3671.0,1.0,1.6382330291312949e-06,0.0477475532527346,0.0477475532527346,8.309551302701767,27792,4.1547763014086785,48,69749,1.0,3.706373747219587e-07,1.0,1.0,2.760518510546053e-05,9264,1.398791126856204e-05,1920.6717757320657,2344.154605345
3671.1105354058723,1.0,1.5600390551176916e-06,0.04778353483016695,0.04778353483016695,8.313011173825876,27792,4.1565062018324745,512,69751,1.0,3.7044435449924047e-07,1.0,1.0,2.7260520052734204e-05,9264,1.3815482232087518e-05,1920.7176486360695,2345.1640574170015
3684.165803108808,1.0,2.6812220351168603e-07,0.04951065054691998,0.04951065054691998,9.057803288505347,27792,4.528901644252674,512,69999,1.0,2.728533583636984e-07,1.0,1.0,5.6003467579698354e-06,9264,2.936600072402165e-06,1927.7065618661582,2352.699607581999
3684.2763385146804,1.0,2.6617484497857494e-07,0.049546632124352334,0.049546632124352334,9.063026098801476,27792,4.531513049400738,512,70001,1.0,2.708845520919724e-07,1.0,1.0,5.536843613635577e-06,9264,2.9038640955283704e-06,1927.7526193651647,2353.726794422997
3697.3316062176164,1.0,1.1925646304342492e-07,0.05102187679907887,0.05102187679907887,9.73062884869353,27792,4.8653144265429065,512,70249,1.0,1.19209282433082e-07,1.0,1.0,1.6184602449143414e-06,9264,8.688347672325613e-07,1934.6448048351376,2361.175643249
3697.4421416234886,1.0,1.1925217370514228e-07,0.051237766263673,0.051237766263673,9.707127458553721,27792,4.853563731473002,512,70251,1.0,1.19209282433082e-07,1.0,1.0,1.6082559342728123e-06,9264,8.637326119117968e-07,1934.6913414001392,2362.2180609159986
3710.497409326425,1.0,2.5736027067533618e-09,0.05397236614853195,0.05397236614853195,10.105344083848601,27792,5.052672041924301,512,70499,1.0,3.3714195204543073e-09,1.0,1.0,5.702845677525573e-07,9264,2.8682799382135123e-07,1942.1148168031432,2370.205489447995
3710.6079447322973,1.0,2.4921052793834407e-09,0.05375647668393782,0.05375647668393782,10.048898796823838,27792,5.024449398411919,512,70501,1.0,3.2298714062151834e-09,1.0,1.0,5.676337566938935e-07,9264,2.8543181421035597e-07,1942.1609500901468,2371.2212884139954
3723.663212435233,1.0,6.862940684628716e-10,0.048791018998272886,0.048791018998272886,10.459814208914098,27792,5.229907104457049,512,70749,1.0,7.592128108306097e-10,1.0,1.0,2.8062562048218816e-07,9264,1.406924166791066e-07,1948.9905029500005,2378.5945380129997
3723.7737478411054,1.0,6.90583406745499e-10,0.04886298215313759,0.04886298215313759,10.490076200126161,27792,5.245038100063081,512,70751,1.0,7.592128108306097e-10,1.0,1.0,2.7896564656681136e-07,9264,1.398624297214182e-07,1949.0349522030083,2379.6026735749983
3736.8290155440413,1.0,5.661926072872122e-10,0.04562464018422568,0.04562464018422568,10.920289342130268,27792,5.460144671065134,512,70999,1.0,5.404565806594214e-10,1.0,1.0,1.8463025327902544e-07,9264,9.258535495131825e-08,1956.2443469750142,2387.363175904
3736.9395509499136,1.0,5.661926072872122e-10,0.04278209556706966,0.04278209556706966,11.150222339092073,27792,5.5751111717421775,512,71001,1.0,5.404565806594214e-10,1.0,1.0,1.969835459621898e-07,9264,9.876200129290043e-08,1956.291415985026,2388.394651151997
3749.9948186528495,1.0,9.093396361496938e-10,0.039579735175590096,0.039579735175590096,11.630784249401806,27792,5.815392124700903,512,71249,1.0,9.779690540406867e-10,1.0,1.0,1.4170256369867834e-07,9264,7.13402664135587e-08,1963.3178639000107,2395.980711308999
3750.055267702936,1.0,9.651010276879025e-10,0.03698906160046057,0.03698906160046057,11.873466272085098,27792,5.936733136042549,512,71251,1.0,1.0423091152412092e-09,1.0,1.0,1.6729703727892802e-07,9264,8.416967324080325e-08,1963.3593941450163,2396.988149617995
3763.1105354058723,1.0,1.4755322278413723e-09,0.037744674726540015,0.037744674726540015,11.709859686606082,27792,5.854929843303041,512,71499,1.0,1.7500498336995713e-09,1.0,1.0,1.211137415128693e-07,9264,6.143189579063444e-08,1970.1392964770494,2404.3245580770017
3763.2210708117445,1.0,1.441217521580353e-09,0.03270725388601036,0.03270725388601036,12.3253226491591,27792,6.16266132457955,512,71501,1.0,1.7114457891559246e-09,1.0,1.0,1.495777856439771e-07,9264,7.564461580937272e-08,1970.187180098059,2405.3438790380023
3776.2763385146804,1.0,1.4926895871078298e-09,0.03468624064478987,0.03468624064478987,12.052217592229498,27792,6.026108796114749,512,71749,1.0,1.788653865971323e-09,1.0,1.0,1.1908059516690392e-07,9264,6.043462463992357e-08,1977.1414755760852,2412.8545068070016
3776.3868739205527,1.0,1.4755322380679518e-09,0.033031088082901554,0.033031088082901554,12.22300336329362,27792,6.11150168164681,512,71751,1.0,1.7500498336995713e-09,1.0,1.0,1.2390610073485978e-07,9264,6.282807537708588e-08,1977.1939201730856,2413.8961307189966
3789.4421416234886,1.0,1.3554307743356476e-09,0.03540587219343696,0.03540587219343696,12.177228063430743,27792,6.088614031715371,512,71999,1.0,1.6342377123405264e-09,1.0,1.0,1.211137415128693e-07,9264,6.137398972381897e-08,1984.4056337420989,2421.670030563997
3789.552677029361,1.0,1.1967252670823544e-09,0.03720495106505469,0.03720495106505469,11.913069791469892,27792,5.956534895734946,512,72001,1.0,1.3254054112148809e-09,1.0,1.0,1.1291681605476832e-07,9264,5.7121110816593886e-08,1984.4497943971073,2422.683266608001
3802.6079447322973,1.0,7.120300976473072e-10,0.04047927461139896,0.04047927461139896,11.762426320341174,27792,5.881213160170587,512,72249,1.0,6.691367184003357e-10,1.0,1.0,1.054533713700031e-07,9264,5.306125409559028e-08,1991.199512845058,2429.976133352997
3802.718480138169,1.0,7.034514221047102e-10,0.03904001151410478,0.03904001151410478,11.886088272999537,27792,5.943044138695909,512,72251,1.0,6.691367184003357e-10,1.0,1.0,1.1209326310450385e-07,9264,5.6381199962840656e-08,1991.243623709066,2430.976232164998
3815.7737478411054,1.0,4.975632039690949e-10,0.0415587219343696,0.0415587219343696,11.738512837481897,27792,5.869256416544808,512,72499,1.0,4.50380487462154e-10,1.0,1.0,1.053632953151555e-07,9264,5.290683791741569e-08,1997.8792872370905,2438.1455773929993
3815.8842832469777,1.0,5.619032705385717e-10,0.042134427173287275,0.042134427173287275,11.683731193300906,27792,5.841865594454311,512,72501,1.0,5.404565844943887e-10,1.0,1.0,9.724357951694438e-08,9264,4.889201807027772e-08,1997.9232584530837,2439.1417544649958
3828.9395509499136,1.0,5.66192609843857e-10,0.04058721934369603,0.04058721934369603,11.901672297397013,27792,5.950836148698507,512,72749,1.0,5.533245962742972e-10,1.0,1.0,1.0990570141485275e-07,9264,5.522951302665584e-08,2004.5588097480431,2446.3111901859957
3829.0,1.0,5.962179701523144e-10,0.04324985607369027,0.04324985607369027,11.626596537553242,27792,5.813298268776621,48,72751,1.0,5.790606229020878e-10,1.0,1.0,7.168770359985282e-08,9264,3.6133382134003755e-08,2004.6012945510593,2447.3069749049973
3842.055267702936,1.0,5.74771283852467e-10,0.040191421991940125,0.040191421991940125,11.83880745245934,27792,5.91940372622967,512,72999,1.0,5.661926095881925e-10,1.0,1.0,1.0982849563288177e-07,9264,5.519734416763808e-08,2011.2932343910434,2454.5335021360006
3842.165803108808,1.0,6.090859860228546e-10,0.04242227979274611,0.04242227979274611,11.607303599619495,27792,5.803651799809748,512,73001,1.0,6.047966510638655e-10,1.0,1.0,7.137887126804743e-08,9264,3.599183398294895e-08,2011.337329860049,2455.5316318019977
3855.2210708117445,1.0,4.846951880985547e-10,0.04022740356937248,0.04022740356937248,11.86940045925002,27792,5.93470022962501,512,73249,1.0,5.018525414847288e-10,1.0,1.0,1.0636699811708642e-07,9264,5.3434425348076914e-08,2017.6322338621321,2462.360640081999
3855.3316062176164,1.0,4.97563202435108e-10,0.04256620610247553,0.04256620610247553,11.761844751405249,27792,5.8809223735064835,512,73251,1.0,5.275885681125196e-10,1.0,1.0,6.620592929919876e-08,9264,3.336675895398097e-08,2017.6761576291174,2463.356112729998
3868.3868739205527,1.0,6.176646615654515e-10,0.04134283246977547,0.04134283246977547,11.714947117974035,27792,5.857473558987017,512,73499,1.0,6.562687073874208e-10,1.0,1.0,6.504780793834556e-08,9264,3.285203834779378e-08,2024.236064176097,2470.453067208
3868.497409326425,1.0,6.562687030411245e-10,0.03900402993667242,0.03900402993667242,11.936354747502092,27792,5.968177375947187,512,73501,1.0,6.562687073874208e-10,1.0,1.0,1.0598096159865644e-07,9264,5.331861517794922e-08,2024.2802471620962,2471.466239634996
3881.552677029361,1.0,1.2313825214250028e-07,0.053324697754749566,0.053324697754749566,9.489495597492365,27792,4.744747798746182,512,73749,1.0,1.1989128015140807e-07,0.9993523316062176,0.9993523316062176,0.0022727371209955716,9264,0.0011364284932769398,2031.511988650098,2479.250461153002
3881.663212435233,1.0,1.2346851914744271e-07,0.05264104778353483,0.05264104778353483,9.480970001659932,27792,4.740485000829966,512,73751,1.0,1.198784121365602e-07,0.9993523316062176,0.9993523316062176,0.0027869062281365704,9264,0.0013935130404134318,2031.566859727085,2480.302230073001
3894.718480138169,1.0,2.0362386325329324e-07,0.05408031088082901,0.05408031088082901,9.114301603555543,27792,4.55715083691603,512,73999,1.0,1.3181992206138197e-07,0.9994602763385146,0.9994602763385146,0.002691722501633087,9264,0.0013459271607885945,2039.4272578831515,2488.7248971149966
3894.8290155440413,1.0,2.1940905434446592e-07,0.05436816350028785,0.05436816350028785,9.115506393441402,27792,4.55775324942809,512,74001,1.0,1.319486022098608e-07,0.9992443868739206,0.9992443868739206,0.004250998615302525,9264,0.0021255652755293804,2039.471537778154,2489.729327002002
3907.8842832469777,1.0,2.2618797272321082e-05,0.056850892343120324,0.056850892343120324,8.745711089964907,27792,4.372866791421542,512,74249,1.0,2.3180377524433727e-07,0.9991364421416234,0.9991364421416234,0.004413376249443733,9264,0.002206803975459542,2046.2260901041736,2497.0297548340022
3907.9948186528495,1.0,1.847661251809364e-05,0.05814622913068509,0.05814622913068509,8.755436784725596,27792,4.377727563448452,512,74251,1.0,2.3227992949297116e-07,0.9990284974093264,0.9990284974093264,0.0037891190766078616,9264,0.0018946756528359105,2046.2700890821725,2498.0280909779976
3921.0,0.9999280368451353,0.00035163179961944003,0.06494674726540012,0.06494674726540012,8.38518875552514,27792,4.192770123962156,48,74499,1.0,3.5332129637450924e-07,0.9988126079447323,0.9988126079447323,0.00713563543971184,9264,0.003567994333359707,2052.5699450521715,2504.863292629998
3921.1105354058723,0.9999280368451353,0.0003915988639616816,0.06505469199769717,0.06505469199769717,8.399624733933102,27792,4.200008104639487,512,74501,1.0,3.769944381479986e-07,0.9987046632124352,0.9987046632124352,0.008208980481823929,9264,0.004104678667253382,2052.614029911165,2505.861805804001
3934.165803108808,1.0,1.497821831571567e-07,0.06706966033390904,0.06706966033390904,8.123694253503144,27792,4.061847126751572,512,74749,1.0,1.3268207120217712e-07,0.9970854922279793,0.9970854922279793,0.013851900960983056,9264,0.006926016731667034,2058.8782864341265,2512.6601003079995
3934.2763385146804,1.0,1.5439174316213962e-07,0.06663788140472078,0.06663788140472078,8.13321583890064,27792,4.06660793921559,512,74751,1.0,1.3277214730611228e-07,0.9955742659758203,0.9955742659758203,0.016574118586356826,9264,0.008287125621360946,2058.923115697122,2513.6685430450016
3947.3316062176164,0.9999280368451353,0.00024936707784557624,0.07091968911917099,0.07095567069660334,7.891549918043524,27792,3.945899576858055,512,74999,1.0,2.815385601013119e-07,0.9979490500863558,0.9979490500863558,0.011382686180530666,9264,0.005691483853479754,2065.6307550841884,2520.920618842996
3947.4421416234886,0.9999280368451353,0.0002497407130126177,0.07030800230282096,0.07034398388025331,7.8935177220513095,27792,3.9468836721223735,512,75001,1.0,2.531340069768367e-07,0.9977331606217616,0.9977331606217616,0.010254471575670807,9264,0.005127362216081284,2065.674767277196,2521.9279690569965
3960.497409326425,0.999892055267703,0.00045899302100660465,0.07843983880253311,0.07843983880253311,7.723343976009283,27792,3.861901458406421,512,75249,1.0,1.0577467591759981e-05,0.998380829015544,0.998380829015544,0.008101738186710753,9264,0.004056157808853812,2072.233524844167,2529.0213450779993
3960.6079447322973,0.999892055267703,0.00042187272995637736,0.07869170984455959,0.07869170984455959,7.705583053000302,27792,3.8530024548817723,512,75251,1.0,8.080782078233325e-06,0.998380829015544,0.998380829015544,0.006877370622646006,9264,0.0034427256813990225,2072.2774578731623,2530.019081159997
3973.663212435233,1.0,1.268184823977583e-07,0.0823978123200921,0.0823978123200921,7.512555093276617,27792,3.7562775466383087,512,75499,1.0,1.2413772190960406e-07,1.0,1.0,6.655725926045804e-05,9264,3.334069849984778e-05,2078.657056430151,2536.9313403510023
3973.7737478411054,1.0,1.268356397508888e-07,0.08246977547495682,0.08246977547495682,7.5127176955711175,27792,3.7563588477855587,512,75501,1.0,1.241763259541477e-07,1.0,1.0,6.575197783569822e-05,9264,3.293807708949015e-05,2078.701019054155,2537.928169457002
3986.8290155440413,1.0,1.2795951287824698e-07,0.08567213586643639,0.08567213586643639,7.7325314097385265,27792,3.8662657048692632,512,75749,1.0,1.2849997737223354e-07,1.0,1.0,1.3489239363684214e-05,9264,6.8088696799775836e-06,2085.470701870174,2545.232106839001
3986.9395509499136,1.0,1.2793806723403557e-07,0.08560017271157168,0.08560017271157168,7.736969556352772,27792,3.868484778176386,512,75751,1.0,1.2848710935738565e-07,1.0,1.0,1.3298463635659328e-05,9264,6.713475381957716e-06,2085.5146963491716,2546.229779823996
3999.9948186528495,1.0,1.2027732058048204e-07,0.08754317789291882,0.08754317789291882,8.61074003352471,27792,4.305370014566214,512,75999,1.0,1.2027732059684454e-07,1.0,1.0,2.293308558908013e-06,9264,1.2067929468455842e-06,2092.5247255211434,2553.7760269790015
4000.055267702936,1.0,1.2023442719765575e-07,0.0877230857800806,0.0877230857800806,8.616409842008547,27792,4.308204921004274,512,76001,1.0,1.2018724449290938e-07,1.0,1.0,2.2650376559514232e-06,9264,1.1926124573153218e-06,2092.56630168813,2554.7721156929983
4013.1105354058723,1.0,2.1639708093368233e-08,0.09096142774899252,0.09096142774899252,9.296470571813325,27792,4.6482352859066625,512,76249,1.0,2.632795483218937e-08,1.0,1.0,6.188613175201025e-07,9264,3.2259463794943475e-07,2099.3335029721347,2562.0751249379973
4013.2210708117445,1.0,2.1086383585809512e-08,0.09132124352331607,0.09132124352331607,9.310914412406785,27792,4.655457206203392,512,76251,1.0,2.5787498208578317e-08,1.0,1.0,6.128519608693517e-07,9264,3.1931973131225394e-07,2099.377501255127,2563.0730811469984
4026.2763385146804,1.0,2.131800925002214e-09,0.08750719631548647,0.08750719631548647,9.528607383293192,27792,4.764303689450455,512,76499,1.0,2.676546817610821e-09,1.0,1.0,3.1010623287752053e-07,9264,1.5639138998294001e-07,2106.1986278339973,2570.429739852996
4026.3868739205527,1.0,2.1789836420204837e-09,0.09016983304548071,0.09016983304548071,9.439610702523433,27792,4.719805351261717,512,76501,1.0,2.740886891850232e-09,1.0,1.0,3.0407113391386377e-07,9264,1.5340601053823134e-07,2106.2426099520017,2571.4292649900017
4039.4421416234886,1.0,6.176646630994384e-10,0.08513241220495106,0.08513241220495106,9.813052803878477,27792,4.906526406331521,512,76749,1.0,7.720808318144396e-10,1.0,1.0,1.904465944194656e-07,9264,9.560933765516928e-08,2112.928963696104,2578.651795869002
4039.552677029361,1.0,6.176646630994384e-10,0.08459268854346574,0.08459268854346574,9.886239604697394,27792,4.943119802348697,512,76751,1.0,7.334767964747143e-10,1.0,1.0,1.8933994514254774e-07,9264,9.503671099443852e-08,2112.9729278321174,2579.649955445995
4052.6079447322973,1.0,1.2638532153971582e-07,0.08405296488198043,0.08405296488198043,8.284007167431838,27792,4.142003583715919,512,76999,1.0,1.247039113722181e-07,0.9991364421416234,0.9991364421416234,0.0030037304199508202,9264,0.0015019275298718499,2119.860457213159,2587.079073756002
4052.718480138169,1.0,1.2644108293738997e-07,0.08470063327576281,0.08470063327576281,8.273071578953138,27792,4.136535789476569,512,77001,1.0,1.2489693159493633e-07,0.9994602763385146,0.9994602763385146,0.0020676243615767795,9264,0.001033874622830439,2119.904939076172,2588.0958233240017
4065.7737478411054,1.0,2.3622872790495344e-06,0.09812176165803109,0.09812176165803109,7.728902110713065,27792,3.864452179780827,512,77249,1.0,1.7469506839314375e-07,0.9996761658031088,0.9996761658031088,0.0012296828134097995,9264,0.0006149287547896872,2126.631667071153,2595.3678927340006
4065.8842832469777,1.0,3.0995721865019573e-06,0.09844559585492228,0.09844559585492228,7.727244990408661,27792,3.8636239951687705,512,77251,1.0,1.832260862841038e-07,0.9996761658031088,0.9996761658031088,0.0010802172558078147,9264,0.0005402002417356168,2126.67565239314,2596.370331473998
4078.9395509499136,1.0,7.326417971853516e-06,0.10614565342544617,0.10614565342544617,7.335098688260673,27792,3.6675529545864705,512,77499,1.0,2.0054579338189507e-07,0.9995682210708118,0.9995682210708118,0.0016227143090612388,9264,0.000811457434970329,2132.9157242861693,2603.1460418849965
4079.0,1.0,4.8329911694656985e-06,0.10632556131260794,0.10632556131260794,7.3517438836940485,27792,3.675874313679521,48,77501,1.0,1.954246611949956e-07,0.9995682210708118,0.9995682210708118,0.0018219537326273072,9264,0.000911074579584401,2132.9547021271646,2604.1407065189997
4092.055267702936,1.0,1.3898021324369253e-06,0.11291018998272884,0.11291018998272884,7.0311254085174015,27792,3.5155633543164964,512,77749,1.0,1.48818528834567e-07,1.0,1.0,0.00011419128446231737,9264,5.717005152701656e-05,2139.1488628541847,2610.8685909289998
4092.165803108808,1.0,1.3817353291240844e-06,0.11298215313759355,0.11298215313759355,7.031019791694777,27792,3.515510545905184,512,77751,1.0,1.4887000089395853e-07,1.0,1.0,0.0001124185051556696,9264,5.628368760972237e-05,2139.1927909891747,2611.866241199001
4105.2210708117445,1.0,3.226526429113635e-07,0.11557282671272309,0.11557282671272309,7.107371917179966,27792,3.5536860727893256,512,77999,1.0,1.4414746929003502e-07,1.0,1.0,2.2731838495123147e-05,9264,1.1437992998724562e-05,2145.4771910271156,2618.686498916999
4105.331606217616,1.0,3.1729669196832735e-07,0.11568077144502015,0.11568077144502015,7.109691942705803,27792,3.5548460877483854,512,78001,1.0,1.439415810524689e-07,1.0,1.0,2.2436123999199204e-05,9264,1.1290032806643807e-05,2145.521273432125,2619.685604860002
4118.386873920553,1.0,1.2545024736490563e-07,0.11654432930339666,0.11654432930339666,7.79547239928391,27792,3.897736199641955,512,78249,1.0,1.227865834921816e-07,1.0,1.0,3.563787056397448e-06,9264,1.8432868270379703e-06,2152.0995146021305,2626.799111164997
4118.4974093264245,1.0,1.2527438501891875e-07,0.11665227403569373,0.11665227403569373,7.806266305909187,27792,3.9031331529545934,512,78251,1.0,1.2267077135855065e-07,1.0,1.0,3.5087251240282605e-06,9264,1.815697954786561e-06,2152.1437750861223,2627.799583690001
4131.552677029361,1.0,4.170093968236705e-08,0.12093408175014393,0.12093408175014393,8.761014500224322,27792,4.380507250112161,512,78499,1.0,4.78304040964229e-08,1.0,1.0,7.941749562427274e-07,9264,4.210026839125032e-07,2158.8748064541214,2635.066273630997
4131.663212435233,1.0,4.102751358835707e-08,0.12075417386298215,0.12075417386298215,8.762135243786432,27792,4.381067621893216,512,78501,1.0,4.714839930948514e-08,1.0,1.0,7.859909117585956e-07,9264,4.165696590806181e-07,2158.918860003112,2636.064692799002
4144.718480138169,1.0,5.078575870084468e-09,0.1257915947035118,0.1257915947035118,8.768324720770309,27792,4.3841623603851545,512,78749,1.0,6.6398947763968e-09,1.0,1.0,3.947134305023464e-07,9264,2.006766630819268e-07,2165.7868909840618,2643.4681535359996
4144.829015544042,1.0,4.91129172614958e-09,0.12410046056419113,0.12410046056419113,8.774397204920144,27792,4.387198602460072,512,78751,1.0,6.395402494287037e-09,1.0,1.0,3.9558845551200237e-07,9264,2.0099192944569993e-07,2165.831253099066,2644.471491987999
4157.884283246977,1.0,6.905834082794859e-10,0.11895509499136442,0.11895509499136442,8.974341085606357,27792,4.487170540607037,512,78999,1.0,8.750249321896548e-10,1.0,1.0,2.307363457665798e-07,9264,1.1580568538811789e-07,2172.3266971531266,2651.5080674939964
4157.99481865285,1.0,6.648473826743531e-10,0.1180195739781232,0.1180195739781232,8.97753229399282,27792,4.48876614699641,512,79001,1.0,8.235528758660996e-10,1.0,1.0,2.3228050754832564e-07,9264,1.1655203024929506e-07,2172.3714957941265,2652.5238017730007
4171.0,1.0,7.549234717809888e-10,0.10848445595854922,0.10848445595854922,9.476774410056738,27792,4.738387205028369,48,79249,1.0,7.592128046946621e-10,1.0,1.0,1.6154503621272725e-07,9264,8.115212454437615e-08,2178.95322547917,2659.6493792990004
4171.110535405872,1.0,7.592128100636163e-10,0.10377086931491077,0.10377086931491077,9.62365658528927,27792,4.811828292644635,512,79251,1.0,8.106848548822697e-10,1.0,1.0,1.773855609196677e-07,9264,8.909812292754215e-08,2178.997780752179,2660.647072998996
4184.165803108808,1.0,1.351141430172737e-09,0.10028065630397237,0.10028065630397237,9.851780190300378,27792,4.925890095150189,512,79499,1.0,1.5956336862047224e-09,1.0,1.0,1.32733558920507e-07,9264,6.71645963808222e-08,2185.458893437186,2667.651955467998
4184.276338514681,1.0,1.4755322301423528e-09,0.09643062751871043,0.09643062751871043,10.028987834010238,27792,5.014493917005119,512,79501,1.0,1.737181837259532e-09,1.0,1.0,1.4300223005670927e-07,9264,7.236970603058669e-08,2185.509955276182,2668.687513949997
4197.331606217616,1.0,3.3928662041975095e-09,0.08858664363845711,0.08858664363845711,10.238839245556274,27792,5.11941962717042,512,79749,1.0,3.6931198655735864e-09,1.0,1.0,1.3161404005793866e-07,9264,6.765358015964042e-08,2192.6509755793013,2676.3798928789984
4197.442141623489,1.0,2.299085077885359e-09,0.09171704087507196,0.09171704087507196,10.050623870129275,27792,5.0253119328684965,512,79751,1.0,2.586470700636756e-09,1.0,1.0,1.2394470477940343e-07,9264,6.326558790645767e-08,2192.6956039363213,2677.393246382002
4210.4974093264245,1.0,1.4455068642092766e-09,0.0920048934945308,0.0920048934945308,10.149098578031953,27792,5.074549289015977,512,79999,1.0,1.6471057271884087e-09,1.0,1.0,1.1736914919213558e-07,9264,5.950812757087604e-08,2199.477097301329,2684.7125325519955
4210.607944732297,1.0,1.411192162038889e-09,0.09571099597006333,0.09571099597006333,9.983918510090021,27792,4.9919592572411515,512,80001,1.0,1.5827656529489973e-09,1.0,1.0,1.146025259998409e-07,9264,5.8092645937609e-08,2199.5210339033365,2685.7182375139964
4223.663212435233,1.0,1.5355829558725573e-09,0.1021516983304548,0.1021516983304548,9.94935589023342,27792,4.97467794511671,512,80249,1.0,1.7371818433954798e-09,1.0,1.0,1.1103808588697751e-07,9264,5.6387633970264595e-08,2206.4417907183597,2693.1750602969987
4223.773747841105,1.0,1.6771311130633145e-09,0.10441853770869315,0.10441853770869315,9.767287896155763,27792,4.883643948077881,512,80251,1.0,1.9173340021782503e-09,1.0,1.0,1.0787255501979977e-07,9264,5.4894944640610904e-08,2206.485958973368,2694.188880130998
4236.829015544042,1.0,6.777153918976167e-10,0.11093120322394934,0.11093120322394934,9.62094847086729,27792,4.810474235433645,512,80499,1.0,6.562687073874208e-10,1.0,1.0,9.086104572319738e-08,9264,4.575865724021969e-08,2212.4123335213953,2700.64019464
4236.939550949914,1.0,7.377661252977558e-10,0.10657743235463443,0.10657743235463443,9.803705991790016,27792,4.901852995895008,512,80501,1.0,6.948727457951198e-10,1.0,1.0,1.0899207152616423e-07,9264,5.4843472188518725e-08,2212.4562796423925,2701.6378237440003
4249.99481865285,1.0,8.53578243588827e-10,0.10844847438111686,0.10844847438111686,9.676495927054098,27792,4.838247963527049,512,80749,1.0,8.235528820020472e-10,1.0,1.0,1.0595522164195419e-07,9264,5.338938729610933e-08,2218.630412054379,2708.3462342939965
4250.055267702936,1.0,9.651010287105606e-10,0.10880829015544041,0.10880829015544041,9.637724389409497,27792,4.81886219690089,512,80751,1.0,9.264969701053671e-10,1.0,1.0,1.0649567748016396e-07,9264,5.3711087274605734e-08,2218.668992436382,2709.3379298770014
4263.110535405872,1.0,8.492889063288575e-10,0.11057138744962579,0.11057138744962579,9.695805871905304,27792,4.847902935952652,512,80999,1.0,8.364208968499294e-10,1.0,1.0,1.0356177323645198e-07,9264,5.219909710078216e-08,2224.855718567429,2716.0593315529986
4263.2210708117445,1.0,9.179183157829224e-10,0.10808865860679333,0.10808865860679333,9.751043162678053,27792,4.875521581339027,512,81001,1.0,8.750249229857334e-10,1.0,1.0,1.1063917742669316e-07,9264,5.5757101242718366e-08,2224.8997043724303,2717.0565173799987
4276.276338514681,1.0,1.1928219802591894e-07,0.1165083477259643,0.1165083477259643,7.8924470197626,27792,3.9462235098813,512,81249,1.0,1.1922214966252857e-07,0.9910405872193437,0.9910405872193437,0.036907954714526396,9264,0.018454036961907973,2231.3180641044964,2724.013987282
4276.386873920553,1.0,1.1932937996162655e-07,0.11618451352907311,0.11618451352907311,7.877488794584829,27792,3.9387443972924143,512,81251,1.0,1.1923501689197517e-07,0.9924438687392055,0.9924438687392055,0.03537807575650578,9264,0.017689097482897664,2231.362239455513,2725.0150813360015
4289.442141623489,1.0,1.5682180095469186e-07,0.13575849165227405,0.13575849165227405,6.993272613367268,27792,3.496636315468199,512,81499,1.0,1.4835531323781012e-07,0.9984887737478411,0.9984887737478411,0.0073019721784945806,9264,0.003651060215446821,2237.4695319934617,2731.6540697730015
4289.552677029361,1.0,1.5994855629804279e-07,0.13629821531375935,0.13629821531375935,6.96635905668251,27792,3.4831795371258196,512,81501,1.0,1.4956490506270847e-07,0.9984887737478411,0.9984887737478411,0.0064248820181311925,9264,0.0032125157722318626,2237.513501904461,2732.6522591600005
4302.607944732297,1.0,5.774298492517661e-07,0.15155440414507773,0.15155440414507773,6.5581786353902425,27792,3.2790895647610063,512,81749,1.0,3.7966119285298874e-07,0.9989205526770294,0.9989205526770294,0.0038763438343409843,9264,0.0019383617591946056,2244.7870323194365,2740.4658786360014
4302.718480138169,1.0,4.977906797794318e-07,0.1524539435808866,0.1524539435808866,6.530783952483516,27792,3.2653921695021837,512,81751,1.0,3.127275664510606e-07,0.9992443868739206,0.9992443868739206,0.0035014836703119914,9264,0.0017508981686683825,2244.831900870442,2741.4756460589997
4315.773747841105,0.9999640184225677,0.00024840399731073217,0.17138025331030513,0.17141623488773747,6.143701110822275,27792,3.07197477025552,512,81999,1.0,1.7719511321999228e-06,0.9987046632124352,0.9987046632124352,0.006217009823010118,9264,0.0031093909000633655,2252.011879145488,2749.2082033619954
4315.884283246977,0.9999640184225677,0.00023351184932038246,0.1723517559009787,0.17238773747841105,6.130199245701045,27792,3.0652164147376464,512,82001,1.0,9.8748518858618e-07,0.9984887737478411,0.9984887737478411,0.006859638977720239,9264,0.003430313260325863,2252.056627343496,2750.219557739001
4328.939550949914,1.0,5.952336300612681e-07,0.18825561312607944,0.18825561312607944,5.8010520210331995,27792,2.9005262389152846,512,82249,1.0,1.482008782100044e-07,0.998272884283247,0.998272884283247,0.007987488099793697,9264,0.003993818118190312,2259.2450806174747,2757.957626919997
4329.0,1.0,5.302934704845857e-07,0.18602475532527346,0.18602475532527346,5.849497514547942,27792,2.924748949436326,48,82251,1.0,1.4832955521687805e-07,0.9978411053540587,0.9978411053540587,0.009540760860696358,9264,0.0047704546015857625,2259.289424789473,2758.9707357949956
4342.055267702936,1.0,1.6551643580366896e-07,0.1956678180771445,0.1956678180771445,5.552255049613817,27792,2.7761275423760376,512,82499,1.0,1.3602753986267116e-07,0.9974093264248705,0.9974093264248705,0.009708429590617153,9264,0.004854282789899033,2266.0891921734874,2766.3219069039988
4342.165803108808,1.0,1.4006186199304912e-07,0.1952720207253886,0.1952720207253886,5.5485339431016,27792,2.7742669803353652,512,82501,1.0,1.253344221576156e-07,0.9975172711571675,0.9975172711571675,0.010568012147643226,9264,0.00528406864454381,2266.1377723034966,2767.3392206380013
4355.2210708117445,1.0,1.0504363530199002e-06,0.22758347725964306,0.22758347725964306,5.03981999741523,27792,2.519910473074114,512,82749,1.0,1.7559521053627358e-07,0.9987046632124352,0.9987046632124352,0.0067348310636237444,9264,0.0033675032981071423,2272.971060919379,2774.7320461249983
4355.331606217616,1.0,1.089214441967332e-06,0.22679188255613125,0.22679188255613125,5.0376145928909395,27792,2.518807807048299,512,82751,1.0,1.7778274635676949e-07,0.9988126079447323,0.9988126079447323,0.006250930710378809,9264,0.0031255542023979218,2273.0272200903855,2775.7893788910005
4368.386873920553,1.0,4.63003498056728e-06,0.23942141623488775,0.23942141623488775,4.884089404574468,27792,2.442046951135823,512,82999,1.0,1.3515267193327455e-07,0.9960060449050087,0.9960060449050087,0.015550340225016102,9264,0.007775237566641884,2280.5329090023297,2783.8698614059977
4368.4974093264245,1.0,4.415875986155951e-06,0.24233592400690845,0.24233592400690845,4.850179664554717,27792,2.42509197571117,512,83001,1.0,1.354100259470218e-07,0.9973013816925734,0.9973013816925734,0.010993180046942155,9264,0.005496657683493148,2280.577103817319,2784.8846427379976
4381.552677029361,0.9999640184225677,4.2598420998411826e-05,0.2521229130685089,0.25215889464594127,4.732640114335679,27792,2.3663413421683566,512,83249,1.0,3.049400292100108e-07,0.9968696027633851,0.9968696027633851,0.014914601352805713,9264,0.0074574530723027,2287.6441829443647,2792.496602403
4381.663212435233,0.9999640184225677,5.715344241220026e-05,0.25248272884283246,0.2525187104202648,4.725680850330412,27792,2.36286898378538,512,83251,1.0,5.144461196749864e-07,0.9976252158894646,0.9976252158894646,0.011385131379611958,9264,0.005692822831346684,2287.68935907336,2793.507171498997
4394.718480138169,1.0,5.658265025339951e-06,0.26622769142199193,0.26622769142199193,4.5379676357658,27792,2.2689866223552135,512,83499,1.0,1.6975378682001664e-07,0.998380829015544,0.998380829015544,0.004552629355675765,9264,0.0022763995488298116,2294.61950670043,2800.9820265439994
4394.829015544042,1.0,8.409221631956808e-06,0.2702216465169833,0.2702216465169833,4.491833897109133,27792,2.2459211113402127,512,83501,1.0,1.6319123119501455e-07,0.9989205526770294,0.9989205526770294,0.004265626480670997,9264,0.002132894829983641,2294.663815312437,2801.9863474629965
4407.884283246977,1.0,1.6031592304224492e-07,0.30469199769717903,0.30469199769717903,4.248375775694641,27792,2.1241879185932975,512,83749,1.0,1.3010846980340326e-07,0.9987046632124352,0.9987046632124352,0.007260925276647282,9264,0.0036305276797046894,2301.485335920457,2809.3599456890006
4407.99481865285,1.0,1.7971798711325903e-07,0.2988629821531376,0.2988629821531376,4.297490631085947,27792,2.1487453506812324,512,83751,1.0,1.3088054755267102e-07,0.9973013816925734,0.9973013816925734,0.011389016248173175,9264,0.005694573628716171,2301.530994210465,2810.3691305230022
4421.0,1.0,4.633121948331783e-07,0.33218192285549797,0.33218192285549797,3.960656771662596,27792,1.9803286405836773,48,83999,1.0,1.3337693610086222e-07,0.9989205526770294,0.9989205526770294,0.004965175861160597,9264,0.0024826545547271734,2308.3091901644584,2817.6978098379986
4421.110535405872,1.0,7.48873679910299e-07,0.32642487046632124,0.32642487046632124,3.994726616964302,27792,1.9973636950030023,512,84001,1.0,1.3528139287353322e-07,0.9987046632124352,0.9987046632124352,0.0057480726427268335,9264,0.0028741039363474347,2308.3577882074533,2818.7144103030005
4434.165803108808,0.9999280368451353,0.00024207924306324393,0.33524035693724813,0.33527633851468047,3.830560926877704,27792,1.9154014894862113,512,84249,1.0,5.853409190393824e-07,0.9991364421416234,0.9991364421416234,0.0038146739616501104,9264,0.0019076296284357295,2315.6244306894296,2826.5384179609973
4434.276338514681,0.9999280368451353,0.00021634576641414084,0.3339810017271157,0.3340169833045481,3.834629816506605,27792,1.9174230736977902,512,84251,1.0,4.452439511137158e-07,0.9989205526770294,0.9989205526770294,0.004001038757012916,9264,0.002000741988729319,2315.674018291429,2827.558788328999
4447.331606217616,0.9999640184225677,5.625571622426275e-05,0.36877518710420265,0.368811168681635,3.5320839494827085,27792,1.766070102917853,512,84499,1.0,4.2355592996769096e-07,0.9991364421416234,0.9991364421416234,0.002911558712346862,9264,0.00145599113152779,2322.8845634754616,2835.318133590001
4447.442141623489,0.9999640184225677,4.876009607630206e-05,0.37097006332757626,0.37100604490500866,3.5202146715725298,27792,1.760131720640087,512,84501,1.0,4.861336861704456e-07,0.9993523316062176,0.9993523316062176,0.002729547541389091,9264,0.0013650168185419885,2322.933356052461,2836.3523827949975
4460.4974093264245,1.0,1.8094021349246976e-07,0.41396804835924006,0.41396804835924006,3.2220381702166145,27792,1.6110192042489675,512,84749,1.0,1.6687226093970518e-07,0.9994602763385146,0.9994602763385146,0.001552075765293497,9264,0.0007761213059870073,2330.4936480084652,2844.4765969479995
4460.607944732297,1.0,1.8692329774988897e-07,0.4095782959124928,0.4095782959124928,3.245286761444742,27792,1.622643499863031,512,84751,1.0,1.69510169425864e-07,0.9993523316062176,0.9993523316062176,0.0026678445629151424,9264,0.0013340070366373669,2330.5383332674683,2845.5027655649974
4473.663212435233,0.9999640184225677,7.260139400901272e-05,0.45142487046632124,0.45142487046632124,2.8983380191958905,27792,1.4492053162042753,512,84999,1.0,2.4797390460112646e-07,0.9995682210708118,0.9995682210708118,0.0024717471189153522,9264,0.001235997543182861,2337.899854238516,2853.4156559859985
4473.773747841105,0.9999640184225677,0.00010108893123964229,0.45088514680483593,0.45088514680483593,2.8943139901432966,27792,1.4472075463988414,512,85001,1.0,2.3862076947347266e-07,0.9995682210708118,0.9995682210708118,0.0020110556358770696,9264,0.0010056471494742265,2337.947819695517,2854.443105393002
4486.829015544042,1.0,2.785403981948641e-06,0.4657455382843984,0.4657455382843984,2.8020754931092466,27792,1.4010391443984977,512,85249,1.0,2.2663139248121197e-07,0.999892055267703,0.999892055267703,0.0012678760514049333,9264,0.0006340513350072096,2344.6406961274843,2861.691024423999
4486.939550949914,1.0,3.533049281533318e-06,0.4664651698330455,0.4664651698330455,2.792710382772302,27792,1.3963569675153469,512,85251,1.0,2.2652845778724446e-07,0.9996761658031088,0.9996761658031088,0.0012649791371495509,9264,0.0006326028264074591,2344.6889974884907,2862.709717724996
4499.99481865285,1.0,3.221980213555848e-07,0.5126655152561889,0.5126655152561889,2.505171695109682,27792,1.2525859996376192,512,85499,1.0,2.539630811509554e-07,1.0,1.0,4.139403312292918e-05,9264,2.0823998125700283e-05,2351.8404100144908,2870.4204447609955
4500.055267702936,1.0,3.19300727807925e-07,0.5128454231433506,0.5128454231433506,2.5045673653663543,27792,1.2522838331188495,512,85501,1.0,2.538215361292339e-07,1.0,1.0,4.091728660631893e-05,9264,2.0585554087030283e-05,2351.885570014485,2871.465747399998
4513.110535405872,1.0,2.411894581216845e-07,0.541702648244099,0.541702648244099,2.515490519293575,27792,1.2577453787874475,512,85749,1.0,2.400913925609902e-07,1.0,1.0,9.445188878337726e-06,9264,4.8426401496847565e-06,2359.4738672064195,2879.6081707139965
4513.2210708117445,1.0,2.41137986062293e-07,0.5424582613701785,0.5424582613701785,2.515404351497424,27792,1.2577022943403369,512,85751,1.0,2.400270524867508e-07,1.0,1.0,9.335375156005063e-06,9264,4.787701118481305e-06,2359.5228120024185,2880.641599454997
4526.276338514681,1.0,1.20195823087662e-07,0.5899899251583189,0.5899899251583189,2.460245882428509,27792,1.2301230603549147,512,85999,1.0,1.2030305662654033e-07,1.0,1.0,2.26335227273329e-06,9264,1.1918276717730705e-06,2367.0904679984887,2888.7718941679996
4526.386873920553,1.0,1.2014435102827046e-07,0.590709556706966,0.590709556706966,2.458792777053227,27792,1.2293965076672735,512,86001,1.0,1.2018724449290938e-07,1.0,1.0,2.2374876390729726e-06,9264,1.1788374488760963e-06,2367.1433802034953,2889.827633023
4539.442141623489,1.0,6.957305839479638e-09,0.6395725388601037,0.6395725388601037,2.334898989847081,27792,1.1674494943745053,512,86249,1.0,8.634437076284563e-09,1.0,1.0,7.057846506102701e-07,9264,3.572095442865995e-07,2374.3496106065068,2897.6070863290006
4539.552677029361,1.0,6.7728642933266594e-09,0.6398603914795624,0.6398603914795624,2.336036498751116,27792,1.168018249375558,512,86251,1.0,8.364208764479036e-09,1.0,1.0,7.009462770274663e-07,9264,3.546552433392949e-07,2374.395144920498,2898.620211198002
4552.607944732297,1.0,7.549234748489627e-10,0.6758059873344847,0.6758059873344847,2.134622478320397,27792,1.0673112397092337,512,86499,1.0,1.0037050814354709e-09,1.0,1.0,3.0712085343281185e-07,9264,1.5406227929547333e-07,2381.4028387965154,2906.1840233019975
4552.718480138169,1.0,7.377661237637689e-10,0.6750863557858376,0.6750863557858376,2.133852405800652,27792,1.066926202900326,512,86501,1.0,9.393650071960595e-10,1.0,1.0,3.076741780712708e-07,9264,1.543067715775831e-07,2381.4472095925303,2907.1904644659953
4565.773747841105,1.0,5.661926113778439e-10,0.6723877374784111,0.6723877374784111,2.1238150116212764,27792,1.0619075058106382,512,86749,1.0,8.106848587172369e-10,1.0,1.0,2.0036783543798543e-07,9264,1.0058926018670101e-07,2388.175665864561,2914.4682795249973
4565.884283246977,1.0,5.833499642526892e-10,0.6760218767990789,0.6760218767990789,2.1050021962729693,27792,1.0525010986855199,512,86751,1.0,8.62156918108766e-10,1.0,1.0,1.9612139525059207e-07,9264,9.849177612270008e-08,2388.2208762255686,2915.4785569000014
4578.939550949914,1.0,9.73679703997493e-10,0.66335636154289,0.66335636154289,2.2105364868128925,27792,1.105268242857411,512,86999,1.0,1.2095932913898226e-09,1.0,1.0,1.6405430234784465e-07,9264,8.263194787177278e-08,2395.5364750495864,2923.3507316589967
4579.0,1.0,1.063755803842037e-09,0.667098445595855,0.667098445595855,2.183612697208209,27792,1.0918063486041045,48,87001,1.0,1.2481973359334695e-09,1.0,1.0,1.5521397771815212e-07,9264,7.823108757919834e-08,2395.5806279745957,2924.369278566999
4592.055267702936,1.0,2.196140999241625e-09,0.6542530224525043,0.6542530224525043,2.273612719125698,27792,1.136806359562849,512,87249,1.0,2.303374423837921e-09,1.0,1.0,1.3721162808757002e-07,9264,6.975750137267047e-08,2402.6036180746523,2931.937341658995
4592.165803108808,1.0,2.487815928828918e-09,0.6543249856073691,0.6543249856073691,2.2700574651969596,27792,1.1350287325984798,512,87251,1.0,2.689414844730598e-09,1.0,1.0,1.3619505491458734e-07,9264,6.944223500889737e-08,2402.650088730654,2932.9551806969976
4605.2210708117445,1.0,2.8910136783083145e-09,0.6471286701208981,0.6471286701208981,2.3311029092704145,27792,1.1655514551842425,512,87499,1.0,3.088323243655472e-09,1.0,1.0,1.2955515925308007e-07,9264,6.632174140828591e-08,2409.6339038416554,2940.4863173830017
4605.331606217616,1.0,2.5307092952926653e-09,0.655332469775475,0.655332469775475,2.260575391673877,27792,1.1302876963859738,512,87501,1.0,2.663678827306729e-09,1.0,1.0,1.1908059516690392e-07,9264,6.087213714475156e-08,2409.6837131996726,2941.5232487839967
4618.386873920553,1.0,2.5307093080758893e-09,0.6605497985031664,0.6605497985031664,2.244038565926121,27792,1.1220192829630604,512,87749,1.0,2.67654679306703e-09,1.0,1.0,1.1554189113282388e-07,9264,5.9109219110591696e-08,2416.639813926733,2949.032191719998
4618.4974093264245,1.0,2.406318506060958e-09,0.6610895221646517,0.6610895221646517,2.2391917921032243,27792,1.1195958960516121,512,87751,1.0,2.4577905651968222e-09,1.0,1.0,1.1522019076162682e-07,9264,5.883899079878617e-08,2416.684773510744,2950.0366534179993
4631.552677029361,1.0,1.544161640363411e-09,0.6851252158894646,0.6851252158894646,2.070336486254194,27792,1.035168243127097,512,87999,1.0,1.5184255917484746e-09,1.0,1.0,1.0773100926176454e-07,9264,5.4624717506907324e-08,2424.1590290957247,2958.0698247659966
4631.663212435233,1.0,1.4626642211747536e-09,0.6860247553252734,0.6860247553252734,2.0658303745601394,27792,1.0329151867310344,512,88001,1.0,1.4026134887972726e-09,1.0,1.0,1.0677877537761995e-07,9264,5.409069449801956e-08,2424.209654545717,2959.1157781739967
4644.718480138169,1.0,9.951263915756627e-10,0.7025762809441566,0.7025762809441566,1.9423752248321515,27792,0.9711876124160758,512,88249,1.0,9.522330128400203e-10,1.0,1.0,9.992012739070519e-08,9264,5.043618024472424e-08,2431.896127455693,2967.379381754996
4644.829015544042,1.0,1.0251517595540546e-09,0.7082253886010362,0.7082253886010362,1.9088213222769395,27792,0.9544106611384697,512,88251,1.0,1.0037050660956018e-09,1.0,1.0,8.657599677885258e-08,9264,4.37898509684937e-08,2431.9453624387024,2968.418347138002
4657.884283246977,1.0,7.33476784202819e-10,0.7127230857800806,0.7127230857800806,1.8631025225387337,27792,0.9315512612693668,512,88499,1.0,7.206087823938254e-10,1.0,1.0,8.257404416116121e-08,9264,4.1647326496321305e-08,2438.9269811696868,2975.9585400939977
4657.99481865285,1.0,7.377661224854465e-10,0.7064622913068509,0.7064622913068509,1.8972892058465285,27792,0.9486446029232642,512,88501,1.0,7.206087823938254e-10,1.0,1.0,1.0008740922752377e-07,9264,5.0404009029502586e-08,2438.97320438068,2976.9707181880003
4671.0,1.0,6.86294068207207e-10,0.71347869890616,0.71347869890616,1.8474577517775743,27792,0.9237288758887872,48,88749,1.0,7.4634481208959e-10,1.0,1.0,8.428549013592955e-08,9264,4.251591749855336e-08,2445.764195333657,2984.308012524998
4671.110535405872,1.0,6.77715395732584e-10,0.7114637305699482,0.7114637305699482,1.8613568856651643,27792,0.9306784428325822,512,88751,1.0,7.4634481208959e-10,1.0,1.0,9.361479854444029e-08,9264,4.718057170280873e-08,2445.810414295658,2985.3237226669953
4684.165803108808,1.0,6.948727414488236e-10,0.7168609671848014,0.7168609671848014,1.834047154990434,27792,0.917023577495217,512,88999,1.0,7.720808295134593e-10,1.0,1.0,8.356488051904684e-08,9264,4.216848070495989e-08,2452.742670590611,2992.8025489899956
4684.276338514681,1.0,8.321315526870189e-10,0.711751583189407,0.711751583189407,1.8605008726498828,27792,0.9302504357759062,512,89001,1.0,8.492889001929099e-10,1.0,1.0,1.0097530146662636e-07,9264,5.091229522329329e-08,2452.787020291609,2993.8112213299974
4697.331606217616,1.0,8.878929472932015e-10,0.7186960276338514,0.7186960276338514,1.796340528410196,27792,0.898170264205098,512,89249,1.0,9.651010207849614e-10,1.0,1.0,6.529230022045534e-08,9264,3.312870066702325e-08,2459.642366200598,3001.213548556996
4697.442141623489,1.0,8.664462558800644e-10,0.7096646516983305,0.7096646516983305,1.8573911443961786,27792,0.9286955721980893,512,89251,1.0,9.522330059370792e-10,1.0,1.0,1.0230070621055692e-07,9264,5.162646965465011e-08,2459.686335634593,3002.2111018119977
4710.4974093264245,1.0,8.707355977419946e-10,0.7206390328151986,0.7206390328151986,1.7913041265791836,27792,0.8956520627405565,512,89499,1.0,9.52233009005053e-10,1.0,1.0,6.445587925534298e-08,9264,3.270405617704314e-08,2466.5113541565515,3009.577837994002
4710.607944732297,1.0,7.763701637054549e-10,0.7135146804835925,0.7135146804835925,1.8309618522191637,27792,0.9154809261095819,512,89501,1.0,8.364208845780342e-10,1.0,1.0,1.0176025272855106e-07,9264,5.1298336846831706e-08,2466.5561444725536,3010.590470212999
4723.663212435233,1.0,1.0894918286801763e-09,0.7160693724812895,0.7160693724812895,1.8148665837192919,27792,0.9074332918596459,512,89749,1.0,1.1195171989595487e-09,1.0,1.0,8.631863648189495e-08,9264,4.371907688683035e-08,2473.6400173724833,3018.2278552459975
4723.773747841105,1.0,9.136289754549792e-10,0.7175086355785838,0.7175086355785838,1.8018002123000914,27792,0.9009001061500457,512,89751,1.0,9.908370535487e-10,1.0,1.0,7.239544441648634e-08,9264,3.6693140779886635e-08,2473.715686285497,3019.2796930350014
4736.829015544042,1.0,1.4884002345079912e-09,0.7148100172711571,0.7148100172711571,1.8193074842946038,27792,0.9096537421473019,512,89999,1.0,1.4540855359169063e-09,1.0,1.0,9.844030411239614e-08,9264,4.9947194895103416e-08,2480.871632744427,3026.9846897219977
4736.939550949914,1.0,1.2267506353164108e-09,0.7156375935521013,0.7156375935521013,1.8125552230685624,27792,0.9062776109852458,512,90001,1.0,1.1967252819108945e-09,1.0,1.0,9.391076288594159e-08,9264,4.7553744133397314e-08,2480.915934618417,3028.0014697259976
4749.99481865285,1.0,1.9688060648934175e-09,0.715601611974669,0.715601611974669,1.8050935917636342,27792,0.9025467964308524,512,90249,1.0,1.943070020369113e-09,1.0,1.0,8.311450078477225e-08,9264,4.252878551340124e-08,2487.9239017793516,3035.560120418995
4750.055267702936,1.0,2.0760395178684715e-09,0.7141983304548072,0.7141983304548072,1.80871459486571,27792,0.904357297432855,512,90251,1.0,2.0331461243042887e-09,1.0,1.0,8.422115006169014e-08,9264,4.3127148203827766e-08,2487.9703026993593,3036.5684801379975
4763.110535405872,1.0,1.6256590595520686e-09,0.7208549222797928,0.7208549222797928,1.773403957237371,27792,0.8867019791677209,512,90499,1.0,1.6085016895477029e-09,1.0,1.0,5.5757101242718366e-08,9264,2.8682801549351826e-08,2494.816135402325,3043.9660517199954
4763.2210708117445,1.0,1.6127910447041863e-09,0.7168249856073691,0.7168249856073691,1.80212257837659,27792,0.9010612897373302,512,90501,1.0,1.6085016834117553e-09,1.0,1.0,9.295853214340219e-08,9264,4.7283516999693735e-08,2494.8625159443254,3044.9863338180003
4776.276338514681,1.0,1.1925646304342492e-07,0.5496185952792171,0.5496185952792171,2.7443587874707367,27792,1.372179429422663,512,90749,1.0,1.192864889513667e-07,0.9962219343696027,0.9962219343696027,0.012378661734669668,9264,0.006189390523451669,2501.633200291246,3052.309050234995
4776.386873920553,1.0,1.1925217370514228e-07,0.5574265975820379,0.5574265975820379,2.64287977048427,27792,1.3214399209294294,512,90751,1.0,1.192864889513667e-07,0.9965457685664939,0.9965457685664939,0.010834255781939932,9264,0.005417187547086801,2501.6818480102593,3053.3325949779974
4789.442141623489,1.0,1.1928648710240114e-07,0.5886226252158895,0.5886226252158895,2.2373825802361065,27792,1.11869134776676,512,90999,1.0,1.1929935539541198e-07,0.9987046632124352,0.9987046632124352,0.006320819763759463,9264,0.0031604695122605365,2508.5078604981827,3060.713949250996
4789.552677029361,1.0,1.1928219776411853e-07,0.5993451352907312,0.5993451352907312,2.161393648190408,27792,1.0806968817439104,512,91001,1.0,1.1929935539541198e-07,0.9985967184801382,0.9985967184801382,0.0058673639296809785,9264,0.0029337415952212943,2508.5555603201938,3061.736624635996
4802.607944732297,1.0,1.196424987764536e-07,0.6361183074265976,0.6361183074265976,1.804163475453888,27792,0.9020817997679329,512,91249,1.0,1.1955671176536314e-07,0.9987046632124352,0.9987046632124352,0.006057132786664217,9264,0.0030286261716950848,2515.4588554511647,3069.1856384109997
4802.718480138169,1.0,1.1967681348271463e-07,0.6425949913644214,0.6425949913644214,1.7854469016014192,27792,0.8927235128416985,512,91251,1.0,1.195953158099068e-07,0.9993523316062176,0.9993523316062176,0.004559194121432583,9264,0.0022796568069092297,2515.5056130221637,3070.2013051359972
4815.773747841105,1.0,1.1993846285615447e-07,0.6191709844559585,0.6191709844559585,1.9399449321546978,27792,0.9699725369029026,512,91499,1.0,1.1999422427019115e-07,0.9973013816925734,0.9973013816925734,0.011552131933438396,9264,0.0057761259059323595,2522.4781429161594,3077.725536910999
4815.884283246977,1.0,1.2001567094524176e-07,0.6143134715025906,0.6143134715025906,1.9570886659155513,27792,0.9785444081756117,512,91501,1.0,1.2012290441866996e-07,0.9968696027633851,0.9968696027633851,0.011595399650569767,9264,0.005797759867442164,2522.526634058151,3078.740756938001
4828.939550949914,1.0,2.0601672586396568e-08,0.6932930339666091,0.6932930339666091,1.4167874236867286,27792,0.7083937115688467,512,91749,1.0,2.1579657558875064e-08,0.9994602763385146,0.9994602763385146,0.0030959006138540006,9264,0.0015479611031914578,2529.5198225571658,3086.283666614996
4829.0,1.0,2.2840663907406644e-08,0.6936168681635003,0.6936168681635003,1.4115786478309433,27792,0.7057893261116129,48,91751,1.0,2.2673438817877082e-08,0.9996761658031088,0.9996761658031088,0.002762774179250465,9264,0.0013813984199123061,2529.5638142421594,3087.297568502996
4842.055267702936,1.0,2.3327870028564577e-07,0.729814335060449,0.729814335060449,1.1804680371325662,27792,0.5902341239810608,512,91999,1.0,2.664965383813808e-08,0.9992443868739206,0.9992443868739206,0.00381284850948717,9264,0.00190643757957296,2536.5724499651333,3094.855254353999
4842.165803108808,1.0,1.8872914993411117e-07,0.7306059297639609,0.7306059297639609,1.1852083255589936,27792,0.5926042462328623,512,92001,1.0,2.5259908627267443e-08,0.9993523316062176,0.9993523316062176,0.0031807663812686484,9264,0.0015903958398929196,2536.6177392361424,3095.866506626
4855.2210708117445,1.0,4.61520563149381e-08,0.7677029360967185,0.7677029360967185,0.9869293741062584,27792,0.49346469885738814,512,92249,1.0,2.711290335134549e-08,0.999892055267703,0.999892055267703,0.0005902447431132725,9264,0.0002951359280102785,2543.6020580761106,3103.403540250998
4855.331606217616,1.0,4.505892615054321e-08,0.7676669545192861,0.7676669545192861,0.9867547671549198,27792,0.4933773956562365,512,92251,1.0,2.737026345195281e-08,0.999892055267703,0.999892055267703,0.0007357559226564291,9264,0.0003678916528960127,2543.648060202104,3104.416629047999
4868.386873920553,0.9999640184225677,6.434664769025399e-05,0.7710492227979274,0.7710852043753598,0.9653666858091118,27792,0.4827155166476639,512,92499,1.0,6.080107325000967e-08,0.9997841105354058,0.9997841105354058,0.0007642547827976432,9264,0.00038215779208389977,2550.3114239391507,3111.6244231839955
4868.4974093264245,0.9999640184225677,7.33622248908385e-05,0.7710132412204951,0.7710492227979274,0.971149751490811,27792,0.4856115526760455,512,92501,1.0,6.228081484658385e-08,0.9995682210708118,0.9995682210708118,0.0015152703012807844,9264,0.0007576662912363242,2550.355366023141,3112.621485538999
4881.552677029361,0.9999640184225677,5.66506959299231e-05,0.7921704087507196,0.792206390328152,0.8427546945329226,27792,0.42140567666439743,512,92749,1.0,4.817765083517442e-08,0.9994602763385146,0.9994602763385146,0.00190198219571076,9264,0.0009510151676782158,2557.2725034590912,3120.073914952998
4881.663212435233,0.9999640184225677,5.8503137931266423e-05,0.7954447322970639,0.7954807138744963,0.8298055119533682,27792,0.4149320131070187,512,92751,1.0,4.9284261627428744e-08,0.9993523316062176,0.9993523316062176,0.0021151994682353033,9264,0.0010576243763660855,2557.316433191103,3121.0746865129986
4894.718480138169,1.0,6.903906781643717e-08,0.8133275762809442,0.8133275762809442,0.7443732276481668,27792,0.37218663921696604,512,92999,1.0,2.3316838572383627e-08,0.9995682210708118,0.9995682210708118,0.002010276704778917,9264,0.0010051499915088886,2564.414061815056,3128.7165008320007
4894.829015544042,1.0,5.908267923903112e-08,0.8141911341393206,0.8141911341393206,0.7364826682798465,27792,0.3682413539051941,512,93001,1.0,2.2750646311777455e-08,0.9995682210708118,0.9995682210708118,0.0023272021034039195,9264,0.0011636124398951002,2564.4594747790543,3129.736912305001
4907.884283246977,1.0,3.7093309490183184e-08,0.8319660333909038,0.8319660333909038,0.6594110712898004,27792,0.329705546762865,512,93249,1.0,2.9313333687847084e-08,0.9992443868739206,0.9992443868739206,0.0029490161845975257,9264,0.0014745227167976373,2571.1619559250976,3136.9833214710015
4907.99481865285,1.0,4.788285673751483e-08,0.833405296488198,0.833405296488198,0.6506043106368993,27792,0.32530217082869683,512,93251,1.0,3.111485478479898e-08,0.9991364421416234,0.9991364421416234,0.0026002928199622913,9264,0.001300161954543082,2571.206021424092,3137.9821325640005
4921.0,0.9999640184225677,3.544406314593919e-05,0.8610391479562464,0.8610751295336787,0.5248135614477497,27792,0.26242450262255274,48,93499,1.0,6.212672029024033e-08,0.9991364421416234,0.9991364421416234,0.0032160897081354328,9264,0.0016080759045875442,2577.4304869761327,3144.740701679002
4921.110535405872,0.9999640184225677,2.696681402987266e-05,0.8600316637881404,0.8600676453655728,0.5320698917083653,27792,0.26604843071019024,512,93501,1.0,5.544823511411343e-08,0.9990284974093264,0.9990284974093264,0.004546084515939407,9264,0.0022730699692396785,2577.474559306116,3145.737895475002
4934.165803108808,1.0,4.362256284028348e-08,0.9033894645941278,0.9033894645941278,0.36283465617678945,27792,0.18141734689285374,512,93749,1.0,4.7045455190702075e-08,1.0,1.0,4.253639367946692e-05,9264,2.12917195771586e-05,2583.761852617972,3152.558888212996
4934.276338514681,1.0,4.388421247552376e-08,0.9034974093264249,0.9034974093264249,0.36224576709046746,27792,0.18112290234969275,512,93751,1.0,4.73928915915949e-08,1.0,1.0,4.206140795716572e-05,9264,2.1054400427925236e-05,2583.8060068449704,3153.557074307995
4947.331606217616,1.0,5.750715125384909e-08,0.9227115716753023,0.9227115716753023,0.3019828804622248,27792,0.15099147001627744,512,93999,1.0,6.15348399094175e-08,1.0,1.0,9.702627039979943e-06,9264,4.882080943491257e-06,2590.5098271259485,3160.7978504139974
4947.442141623489,1.0,5.762296338748003e-08,0.9228195164075993,0.9228195164075993,0.3018400039079893,27792,0.15092003180778912,512,94001,1.0,6.171499211728785e-08,1.0,1.0,9.576561413878263e-06,9264,4.819138206544353e-06,2590.5538751719505,3161.796896433996
4960.4974093264245,1.0,6.286024543056811e-08,0.9418897524467472,0.9418897524467472,0.2519587504156856,27792,0.1259794053361549,512,94249,1.0,6.627026937343817e-08,1.0,1.0,2.0939579334071115e-06,9264,1.0801141049368527e-06,2596.794272558014,3168.572678286997
4960.607944732297,1.0,6.353796087922324e-08,0.9420336787564767,0.9420336787564767,0.2516645635759686,27792,0.1258323119162964,512,94251,1.0,6.695227416037594e-08,1.0,1.0,2.0706925884803834e-06,9264,1.0688224348669574e-06,2596.8382564320127,3169.572970905996
4973.663212435233,1.0,1.741471099763206e-08,0.9629749568221071,0.9629749568221071,0.17217777992845887,27792,0.08608889771935305,512,94499,1.0,1.9121867112562226e-08,1.0,1.0,6.777452462567346e-07,9264,3.484335581603438e-07,2603.1902584300333,3176.461373100996
4973.773747841105,1.0,1.7779304751655394e-08,0.9631908462867013,0.9631908462867013,0.17149680856321486,27792,0.08574841203673104,512,94501,1.0,1.9495039150450164e-08,1.0,1.0,6.719675075900355e-07,9264,3.457312750422886e-07,2603.234384855037,3177.4608942709965
4986.829015544042,1.0,1.685709785282273e-09,0.977583477259643,0.977583477259643,0.10361093896932827,27792,0.05180546951897884,512,94749,1.0,1.917334040527923e-09,1.0,1.0,3.100804968478248e-07,9264,1.5599891553007963e-07,2609.871316192053,3184.636954490001
4986.939550949914,1.0,1.7286031640179155e-09,0.9775474956822107,0.9775474956822107,0.10333056867156964,27792,0.05166528440441424,512,94751,1.0,1.9430700579517923e-09,1.0,1.0,3.089738475709069e-07,9264,1.5545845890646857e-07,2609.9156084010538,3185.636950451997
4999.99481865285,1.0,1.012283752887436e-09,0.9847797927461139,0.9847797927461139,0.06405687949818033,27792,0.03202843971477546,512,94999,1.0,1.0551771193511832e-09,1.0,1.0,1.986563863216119e-07,9264,9.985578176956913e-08,2616.6507468759955,3192.9121802969967
5000.055267702936,1.0,1.0079944146048085e-09,0.9851036269430051,0.9851036269430051,0.0626866772865247,27792,0.03134333860894765,512,95001,1.0,1.0551771193511832e-09,1.0,1.0,1.8793734094894413e-07,9264,9.449625908323524e-08,2616.690797615993,3193.919411349001
5013.110535405872,1.0,1.7757858690199545e-09,0.9878742084052965,0.9878742084052965,0.050543103673777914,27792,0.025271552385924257,512,95249,1.0,1.8143899094729695e-09,1.0,1.0,1.6781176577594387e-07,9264,8.481307793474764e-08,2623.4742953879468,3201.2474473129987
5013.2210708117445,1.0,1.9730954054770254e-09,0.98823402417962,0.98823402417962,0.04933535908582091,27792,0.024667680435092817,512,95251,1.0,2.0074100953755176e-09,1.0,1.0,1.588556290126204e-07,9264,8.043151966444502e-08,2623.5276623969476,3202.2805348139955
5026.276338514681,1.0,3.3456834759300023e-09,0.9893134715025906,0.9893134715025906,0.0421226224339276,27792,0.02106131303564323,512,95499,1.0,3.5773076613792482e-09,1.0,1.0,1.4548576163475833e-07,9264,7.453153488123479e-08,2630.4792253489068,3209.789085479999
5026.386873920553,1.0,2.5950493869172612e-09,0.9897812320092113,0.9897812320092113,0.040998560605408754,27792,0.02049928176107939,512,95501,1.0,2.7408868435296442e-09,1.0,1.0,1.3616931888489156e-07,9264,6.945510302374524e-08,2630.5282145619058,3210.8416555270014
5039.442141623489,1.0,3.1440846175528313e-09,0.9899971214738054,0.9899971214738054,0.03802136957611101,27792,0.01901068650379082,512,95749,1.0,3.2942114329010005e-09,1.0,1.0,1.2740620077348373e-07,9264,6.53502062872708e-08,2637.3013199578418,3218.175097498999
5039.552677029361,1.0,3.4529169079405686e-09,0.9901770293609672,0.9901770293609672,0.03813125034413532,27792,0.01906562712800592,512,95751,1.0,3.5644396710751563e-09,1.0,1.0,1.2574622685810694e-07,9264,6.465533348548516e-08,2637.3464049818285,3219.190572088999
5052.607944732297,1.0,3.6116224325790464e-09,0.9911485319516408,0.9911485319516408,0.034589437177006924,27792,0.017294720475812306,512,95999,1.0,3.770327858786698e-09,1.0,1.0,1.1852727057753257e-07,9264,6.114879946398104e-08,2644.219094318796,3226.610371098999
5052.718480138169,1.0,2.6551000860583593e-09,0.9911485319516408,0.9911485319516408,0.03419108413455812,27792,0.017095543594283488,512,96001,1.0,2.6894148086819057e-09,1.0,1.0,1.1802541799846516e-07,9264,6.035741655083627e-08,2644.2654527367995,3227.620196785996
5065.773747841105,1.0,1.990252758607535e-09,0.9924438687392055,0.9924438687392055,0.029902613585065272,27792,0.014951307719029704,512,96249,1.0,2.0202781585439876e-09,1.0,1.0,1.096612083473417e-07,9264,5.58407433392296e-08,2651.1148400507955,3235.013186133998
5065.884283246977,1.0,2.187562307336501e-09,0.9926597582037997,0.9926597582037997,0.02992060608951676,27792,0.014960304211458393,512,96251,1.0,2.2004303295986533e-09,1.0,1.0,1.0815565061013946e-07,9264,5.517804057456366e-08,2651.1591189057945,3236.015027761001
5078.939550949914,1.0,1.7886538879584686e-09,0.9936672423719056,0.9936672423719056,0.02632764738458426,27792,0.013163824498687726,512,96499,1.0,1.7886538974180546e-09,1.0,1.0,8.887937065122221e-08,9264,4.5334012357538925e-08,2658.1135498897274,3243.5155131389984
5079.0,1.0,1.7843645496758412e-09,0.9934873344847438,0.9934873344847438,0.026567438912240678,27792,0.013283720219622553,48,96501,1.0,1.7886538974180546e-09,1.0,1.0,9.640715933723334e-08,9264,4.9097906700544486e-08,2658.156324256728,3244.5193379039993
5092.055267702936,1.0,2.2047196441044837e-09,0.9945308002302821,0.9945308002302821,0.022207209912263326,27792,0.011103605994151527,512,96749,1.0,2.0588821662719484e-09,1.0,1.0,9.804139643751309e-08,9264,5.0050139406587127e-08,2665.3557851207297,3252.277265163997
5092.165803108808,1.0,2.8395416442275693e-09,0.9943508923431204,0.9943508923431204,0.022132419191288,27792,0.011066211028282986,512,96751,1.0,2.7666228724584154e-09,1.0,1.0,9.307434270623054e-08,9264,4.792048294926261e-08,2665.409686122737,3253.3046997540005
5105.2210708117445,1.0,1.6085017066772233e-09,0.9947826712723086,0.9947826712723086,0.01964801561921646,27792,0.009824008607425152,512,96999,1.0,1.595633668563873e-09,1.0,1.0,8.792713833788023e-08,9264,4.4761386089508814e-08,2672.083701276759,3260.5241942939974
5105.331606217616,1.0,2.071750185977456e-09,0.9948906160046056,0.9948906160046056,0.019544909500705147,27792,0.009772455642534936,512,97001,1.0,1.930202017793126e-09,1.0,1.0,8.571383978404447e-08,9264,4.382202100561341e-08,2672.1276552927666,3261.5229632830014
5118.386873920553,1.0,9.994157288356323e-10,0.9949985607369027,0.9949985607369027,0.017984697529826277,27792,0.008992349142374907,512,97249,1.0,9.651010361248307e-10,1.0,1.0,8.827457473877305e-08,9264,4.461983792618211e-08,2678.256393809803,3268.185466775998
5118.4974093264245,1.0,1.3211160703756086e-09,0.9950345423143351,0.9950345423143351,0.017741121124383974,27792,0.008870561197014053,512,97251,1.0,1.27393334031845e-09,1.0,1.0,8.476160668530119e-08,9264,4.3017770077620764e-08,2678.3005278977944,3269.182894163998
5131.552677029361,1.0,9.736797057871444e-10,0.9954663212435233,0.9954663212435233,0.016483436585776615,27792,0.008241718743268827,512,97499,1.0,9.52233009005053e-10,1.0,1.0,9.436114497642006e-08,9264,4.765668903758167e-08,2684.881064640773,3276.2964974880015
5131.663212435233,1.0,1.668552428316796e-09,0.9956102475532528,0.9956102475532528,0.016068390991472278,27792,0.008034196254949015,512,97501,1.0,1.6728417760590095e-09,1.0,1.0,8.821023466453363e-08,9264,4.4941538297379164e-08,2684.925062623777,3277.295639600001
5144.718480138169,1.0,1.2953800457931337e-09,0.9958981001727115,0.9958981001727115,0.014387479220304122,27792,0.007193740257842141,512,97749,1.0,1.1709892491471562e-09,1.0,1.0,1.0381913431881093e-07,9264,5.2495061810440314e-08,2691.197804873853,3284.1023765380014
5144.829015544042,1.0,1.2439079889582496e-09,0.9960060449050087,0.9960060449050087,0.014042791092814422,27792,0.007021396185518615,512,97751,1.0,1.158121234299274e-09,1.0,1.0,6.482905168593157e-08,9264,3.2993586511120484e-08,2691.2422108508617,3285.101334854997
5157.884283246977,1.0,9.136289708530184e-10,0.9961139896373057,0.9961139896373057,0.013467453904857428,27792,0.006733727321311805,512,97999,1.0,8.106848640861911e-10,1.0,1.0,1.0684311388105678e-07,9264,5.3826899408236675e-08,2697.9919392928205,3292.3902769769993
5157.99481865285,1.0,1.046598448410547e-09,0.9964018422567645,0.9964018422567645,0.013000867578855655,27792,0.006500434329884452,512,98001,1.0,8.750249321896548e-10,1.0,1.0,6.800745135335848e-08,9264,3.444123818150724e-08,2698.0362336218313,3293.3999670819976
5171.0,1.0,1.642816398365367e-09,0.9964738054116292,0.9964738054116292,0.012267778823275503,27792,0.006133890149403936,48,98249,1.0,1.5827656843957289e-09,1.0,1.0,1.0775674293525641e-07,9264,5.466975438077297e-08,2704.878194453806,3300.7890761789968
5171.110535405872,1.0,2.054592828244986e-09,0.9966177317213587,0.9966177317213587,0.012462630481917623,27792,0.00623131614600919,512,98251,1.0,2.1232222282394646e-09,1.0,1.0,6.345217409720816e-08,9264,3.278769827355437e-08,2704.924433866807,3301.8017393069968
5184.165803108808,1.0,1.4884002406439388e-09,0.9964378238341969,0.9964378238341969,0.011896510061067483,27792,0.005948255725406543,512,98499,1.0,1.4412175456128145e-09,1.0,1.0,1.067401721184776e-07,9264,5.4090694890720206e-08,2711.841154062786,3309.2763242579967
5184.276338514681,1.0,2.281927719897224e-09,0.9965457685664939,0.9965457685664939,0.0112407841024278,27792,0.005620393162152516,512,98501,1.0,2.2390343495985097e-09,1.0,1.0,5.804760788564141e-08,9264,3.0143321234586463e-08,2711.886872793795,3310.298785346
5197.331606217616,1.0,2.0545928323356173e-09,0.9970135290731146,0.9970135290731146,0.01073369747547837,27792,0.005366849737155005,512,98749,1.0,1.9559380352169953e-09,1.0,1.0,9.286845603946702e-08,9264,4.741219714817256e-08,2718.7787505688684,3317.741750590998
5197.442141623489,1.0,1.5613189750860779e-09,0.9969415659182499,0.9969415659182499,0.010452967027720186,27792,0.005226484264494293,512,98751,1.0,1.4412175456128145e-09,1.0,1.0,7.674483343507054e-08,9264,3.9093025549016676e-08,2718.8238796658698,3318.7584083699985
5210.4974093264245,1.0,2.1961409670278997e-09,0.9973373632700058,0.9973373632700058,0.009339061889006066,27792,0.004669531991101574,512,98999,1.0,2.007410082336629e-09,1.0,1.0,9.809286849690461e-08,9264,5.0050139406587127e-08,2725.6904336798834,3326.171356343002
5210.607944732297,1.0,2.2304556732889195e-09,0.9971934369602763,0.9971934369602763,0.00944285793042279,27792,0.004721430054703319,512,99001,1.0,2.020278097184511e-09,1.0,1.0,7.855922352862194e-08,9264,4.028975092986973e-08,2725.734749777883,3327.179225590997
5223.663212435233,1.0,2.0674608349116045e-09,0.9972294185377087,0.9972294185377087,0.009221383348476222,27792,0.004610692665075254,512,99249,1.0,1.8915979977932696e-09,1.0,1.0,8.244536401268238e-08,9264,4.216848109766054e-08,2732.52935729795,3334.5198039940005
5223.773747841105,1.0,2.4191865449413016e-09,0.9974812895797351,0.9974812895797351,0.009133045794844422,27792,0.00456652409843693,512,99251,1.0,2.1489582211195434e-09,1.0,1.0,8.702637651312717e-08,9264,4.4587667496361755e-08,2732.574259795947,3335.5308266919965
5236.829015544042,1.0,3.2985007619797065e-09,0.9971214738054116,0.9971214738054116,0.009073402198588086,27792,0.004536702735676598,512,99499,1.0,3.114059199719865e-09,1.0,1.0,1.0037050791038108e-07,9264,5.174228375178429e-08,2737.9953519009505,3341.461802138998
5236.939550949914,1.0,2.286217066361115e-09,0.9974453080023028,0.9974453080023028,0.008766541496631258,27792,0.0043832718549649055,512,99501,1.0,2.0074101068804195e-09,1.0,1.0,9.972710716798696e-08,9264,5.08672587421283e-08,2738.051685156948,3342.493479767996
5249.99481865285,1.0,3.041140522290906e-09,0.9975892343120323,0.9975892343120323,0.008091060411470266,27792,0.0040455317241608856,512,99749,1.0,2.90817103578512e-09,1.0,1.0,7.108290692654613e-08,9264,3.6995539141083764e-08,2744.8976615639476,3349.889338462999
5250.055267702936,1.0,2.9038817136093555e-09,0.9974453080023028,0.9974453080023028,0.00816040522985645,27792,0.004080204056145888,512,99751,1.0,2.7666228724584154e-09,1.0,1.0,8.974152764603032e-08,9264,4.6254075419162505e-08,2744.9466187789585,3350.912226413995
5263.110535405872,1.0,2.432054539336025e-09,0.9977331606217616,0.9977331606217616,0.007552901479143758,27792,0.0037764518826805316,512,99999,1.0,2.2776383941421566e-09,1.0,1.0,9.581522986882946e-08,9264,4.904643424845231e-08,2751.8591943530046,3358.371909114998
5263.2210708117445,1.0,3.0883232597623345e-09,0.997661197466897,0.997661197466897,0.007799541932639543,27792,0.003899772476166847,512,100001,1.0,2.946775080328767e-09,1.0,1.0,1.0474563060245715e-07,9264,5.3846203001311094e-08,2751.903863241023,3359.3950086139957
5276.276338514681,1.0,2.2304556855608147e-09,0.9979130685089235,0.9979130685089235,0.007166592375293297,27792,0.0035832972664152263,512,100249,1.0,2.071750181119831e-09,1.0,1.0,1.0185032961788754e-07,9264,5.196104000419829e-08,2758.9230998179773,3366.961962911002
5276.386873920553,1.0,2.7494655436160316e-09,0.9979850316637882,0.9979850316637882,0.0070291186694139435,27792,0.0035145607051505533,512,100251,1.0,2.5736026865558673e-09,1.0,1.0,8.361635257843837e-08,9264,4.309497777400741e-08,2758.9674011159877,3367.966104107996
5289.442141623489,1.0,3.4786529606461366e-09,0.997661197466897,0.997661197466897,0.006998490561475408,27792,0.003499246979315664,512,100499,1.0,3.474363615460568e-09,1.0,1.0,9.09897250862749e-08,9264,4.7232044547601556e-08,2765.8834171620256,3375.432481609998
5289.552677029361,1.0,3.255607402674565e-09,0.9977331606217616,0.9977331606217616,0.007247235177746434,27792,0.003623619197375073,512,100501,1.0,3.2170033430467133e-09,1.0,1.0,1.0538902898864737e-07,9264,5.430301635030897e-08,2765.9274597550248,3376.4304622799973
5302.607944732297,1.0,1.8401259550199322e-09,0.9978770869314911,0.9978770869314911,0.0065903473263697575,27792,0.0032951745682352567,512,100749,1.0,1.595633699243611e-09,1.0,1.0,3.9028683118573376e-08,9264,2.031215847985539e-08,2772.0936829010825,3383.131007297001
5302.718480138169,1.0,1.269644010728415e-09,0.9980929763960852,0.9980929763960852,0.006398130240423898,27792,0.003199065727153316,512,100751,1.0,1.2353293019107507e-09,1.0,1.0,1.0863176873031371e-07,9264,5.49335490778552e-08,2772.137648597076,3384.1291269020003
5315.773747841105,1.0,2.0031207811253517e-09,0.9981649395509499,0.9981649395509499,0.006375000660377943,27792,0.003187501325315453,512,100999,1.0,1.7500498651463031e-09,1.0,1.0,1.0897920827281171e-07,9264,5.536462914606185e-08,2778.8834500250086,3391.413629509996
5315.884283246977,1.0,1.8830193255743113e-09,0.9981289579735175,0.9981289579735175,0.006242153671756173,27792,0.003121077758085817,512,101001,1.0,1.6342377315153628e-09,1.0,1.0,5.5795705287262013e-08,9264,2.871497158647153e-08,2778.927398240012,3392.4116375230005
5328.939550949914,1.0,2.8867243512749243e-09,0.9981649395509499,0.9981649395509499,0.00596854041470456,27792,0.002984271663582627,512,101249,1.0,2.8052269170020623e-09,1.0,1.0,7.908681213738511e-08,9264,4.094601968711172e-08,2785.171035461026,3399.1913718829965
5329.0,1.0,1.6042123556113717e-09,0.9978051237766263,0.9978051237766263,0.006023671785793087,27792,0.0030118367057261485,48,101251,1.0,1.4154814791013644e-09,1.0,1.0,3.923457096343884e-08,9264,2.0325026298352946e-08,2785.2095586860232,3400.183313012996
5342.055267702936,1.0,2.4535012430210576e-09,0.9980929763960852,0.9980929763960852,0.005774491086975383,27792,0.002887246729489727,512,101499,1.0,2.3548464464137643e-09,1.0,1.0,6.690080207644062e-08,9264,3.462782439680153e-08,2791.673310732105,3407.183085607998
5342.165803108808,1.0,1.8787299791104203e-09,0.9982369027058147,0.9982369027058147,0.0053576011469112636,27792,0.002678801499952701,512,101501,1.0,1.7243138231786432e-09,1.0,1.0,1.0358751162235164e-07,9264,5.265591280598393e-08,2791.7173527371124,3408.181315210997
5355.2210708117445,1.0,5.147205555656177e-10,0.9985247553252734,0.9985247553252734,0.005341691678635472,27792,0.002670846068797334,512,101749,1.0,5.018525414847288e-10,1.0,1.0,1.0627692122774995e-07,9264,5.338938690340868e-08,2797.9453810131818,3414.9447849869975
5355.331606217616,1.0,1.2095932860208685e-09,0.9983088658606794,0.9983088658606794,0.005253145635818605,27792,0.0026265734248506695,512,101751,1.0,1.2095932722149862e-09,1.0,1.0,5.9051313043776225e-08,9264,3.013045321973858e-08,2797.9893717341765,3415.941055051997
5368.386873920553,1.0,2.607917396651854e-09,0.9983448474381117,0.9983448474381117,0.00534119088847188,27792,0.0026705967288927555,512,101999,1.0,2.586470676859959e-09,1.0,1.0,3.819226176076038e-08,9264,2.0389366372592356e-08,2804.176426400234,3422.662851964
5368.4974093264245,1.0,1.617080370459254e-09,0.9984887737478411,0.9984887737478411,0.005036206541729852,27792,0.002518104040801148,512,102001,1.0,1.5827656721238336e-09,1.0,1.0,1.0910788920669184e-07,9264,5.534532751649067e-08,2804.220351157215,3423.6611066729965
5381.552677029361,1.0,4.13921096617686e-09,0.998272884283247,0.998272884283247,0.0051361875947421145,27792,0.002568095866976779,512,102249,1.0,4.478068675420222e-09,1.0,1.0,4.9953626558595364e-08,9264,2.7215847862829196e-08,2810.448324867226,3430.4255206410016
5381.663212435233,1.0,3.8904293703282605e-09,0.9982369027058147,0.9982369027058147,0.005223547704689415,27792,0.0026117757696789198,512,102251,1.0,4.104896293919218e-09,1.0,1.0,1.1256938205916697e-07,9264,5.8337139397820706e-08,2810.492273083233,3431.423798459
5394.718480138169,1.0,1.921623372163274e-09,0.9986327000575705,0.9986327000575705,0.0046815161406136,27792,0.0023407590246845677,512,102499,1.0,1.9173340397609293e-09,1.0,1.0,6.847069988788225e-08,9264,3.519401705010835e-08,2816.7769439191834,3438.2449800920003
5394.829015544042,1.0,2.003120791351931e-09,0.9984168105929764,0.9984168105929764,0.004645103335093169,27792,0.0023225526498050508,512,102501,1.0,1.9688060868805635e-09,1.0,1.0,8.239389195329085e-08,9264,4.2181349112508416e-08,2816.820913320189,3439.242974143999
5407.884283246977,1.0,1.4540855364282352e-09,0.9985607369027059,0.9985607369027059,0.0043075492524605715,27792,0.0021537753189584184,512,102749,1.0,1.4283495246289847e-09,1.0,1.0,7.796729487016315e-08,9264,3.969782225913904e-08,2823.0187625091494,3445.9775266020006
5407.99481865285,1.0,2.080328859474737e-09,0.9986327000575705,0.9986327000575705,0.003944459523272175,27792,0.0019722307760645912,512,102751,1.0,2.0717502056636214e-09,1.0,1.0,8.01805933994551e-08,9264,4.112617189498207e-08,2823.0626468871415,3446.973320491001
5421.0,1.0,3.3027901237834663e-09,0.9985607369027059,0.9985607369027059,0.004458661968071844,27792,0.0022293326011164545,48,102999,1.0,3.525835699395888e-09,1.0,1.0,6.107159135034994e-08,9264,3.2298713709334846e-08,2829.416360641124,3453.8601919079956
5421.110535405872,1.0,2.4277652092346612e-09,0.9984527921704087,0.9984527921704087,0.00475691640122258,27792,0.0023784593909026634,512,103001,1.0,2.5607346594360897e-09,1.0,1.0,9.326736449975137e-08,9264,4.791404972723996e-08,2829.460482588125,3454.8582977359983
5434.165803108808,1.0,2.0374354684671994e-09,0.9984887737478411,0.9984887737478411,0.0044726998731279485,27792,0.002236350923111779,512,103249,1.0,2.1746942876309935e-09,1.0,1.0,9.22250552970729e-08,9264,4.71998749031825e-08,2835.707229691172,3461.639849234998
5434.276338514681,1.0,1.329694743617225e-09,0.9986686816350029,0.9986686816350029,0.004265437080381705,27792,0.002132719181446926,512,103251,1.0,1.338273409188907e-09,1.0,1.0,8.317884085901167e-08,9264,4.225855720159571e-08,2835.751138273168,3462.636421064002
5447.331606217616,1.0,1.4412175256709849e-09,0.9988126079447323,0.9988126079447323,0.0037492131916232402,27792,0.001874607292829091,512,103499,1.0,1.4798215725156119e-09,1.0,1.0,9.232799941585596e-08,9264,4.690391056168121e-08,2842.2199488071346,3469.6403562920023
5447.442141623489,1.0,7.463448005846882e-10,0.9988126079447323,0.9988126079447323,0.003843750125874921,27792,0.0019218754103738616,512,103501,1.0,8.364208914809753e-10,1.0,1.0,7.942138052343005e-08,9264,4.01289007442712e-08,2842.2638562611464,3470.6368433009993
5460.4974093264245,1.0,1.411192169964488e-09,0.9990284974093264,0.9990284974093264,0.003343295038285814,27792,0.0016716482054370322,512,103749,1.0,1.4540855366838998e-09,1.0,1.0,1.0738357286087172e-07,9264,5.4418829269341205e-08,2847.6141057312343,3476.492341872996
5460.607944732297,1.0,2.0846181813948374e-09,0.9989925158318941,0.9989925158318941,0.0033651125110915306,27792,0.0016825572742636074,512,103751,1.0,2.2004303050548628e-09,1.0,1.0,7.302597716857636e-08,9264,3.7613203853782115e-08,2847.6580862822375,3477.489582796996
5473.663212435233,1.0,1.8873086694815574e-09,0.9987766263672999,0.9987766263672999,0.003785573881951621,27792,0.001892787869617549,512,103999,1.0,1.9816741017284455e-09,1.0,1.0,8.355201328960026e-08,9264,4.2766843788087065e-08,2853.936838733229,3484.3046881389964
5473.773747841105,1.0,2.3720038176964523e-09,0.9987406447898676,0.9987406447898676,0.0038109527840228105,27792,0.0019054775608560873,512,104001,1.0,2.6250746968598154e-09,1.0,1.0,1.0734496803092678e-07,9264,5.498502152994738e-08,2853.98082640324,3485.3028533789984
5486.829015544042,1.0,2.9596430938983267e-09,0.9988485895221646,0.9988485895221646,0.0037332751255248664,27792,0.0018666390189927802,512,104249,1.0,3.178399298503067e-09,1.0,1.0,8.652452471946106e-08,9264,4.4851462193443986e-08,2860.624061759212,3492.4808205279987
5486.939550949914,1.0,1.4026134913539175e-09,0.9987766263672999,0.9987766263672999,0.0037191388379272006,27792,0.0018595700988237181,512,104251,1.0,1.5570296493310103e-09,1.0,1.0,7.836620330590371e-08,9264,3.996161655124873e-08,2860.667971930219,3493.478290506995
5499.99481865285,1.0,3.5901757396319226e-09,0.9989205526770294,0.9989205526770294,0.0036103516130396645,27792,0.001805177590884558,512,104499,1.0,3.911876071200984e-09,1.0,1.0,8.344906919536098e-08,9264,4.36804728545586e-08,2866.4412788491536,3499.770319907999
5500.055267702936,1.0,1.3296947466851989e-09,0.9987406447898676,0.9987406447898676,0.003816569238577025,27792,0.0019082852691232623,512,104501,1.0,1.4669535576677296e-09,1.0,1.0,7.821178715227291e-08,9264,3.9839370422465745e-08,2866.497305812147,3500.7924002069994
5513.110535405872,1.0,2.0846182100292597e-09,0.9987046632124352,0.9987046632124352,0.0035381782206824123,27792,0.0017690901290590482,512,104749,1.0,2.1360902438543403e-09,1.0,1.0,8.546934750193472e-08,9264,4.3802718983341587e-08,2873.759082325065,3508.604797426997
5513.2210708117445,1.0,2.4449225705464342e-09,0.9987046632124352,0.9987046632124352,0.0034028687068005455,27792,0.0017014355608489992,512,104751,1.0,2.5221306394362336e-09,1.0,1.0,9.204490308920254e-08,9264,4.7283516999693735e-08,2873.8030080250683,3509.601452857998
5526.276338514681,1.0,2.0974862172072075e-09,0.998884571099597,0.998884571099597,0.003450160412890992,27792,0.001725081238031353,512,104999,1.0,2.2647703677893722e-09,1.0,1.0,6.566547265104391e-08,9264,3.3965121632135595e-08,2879.952520932071,3516.2846516880018
5526.386873920553,1.0,4.967053154503474e-09,0.9989925158318941,0.9989925158318941,0.0033304515706507136,27792,0.001665228258128877,512,105001,1.0,5.095733240088834e-09,1.0,1.0,1.0794976472877724e-07,9264,5.652274930426931e-08,2879.9964912680807,3517.2966092179995
5539.442141623489,1.0,3.284249920234633e-07,0.9743091537132987,0.9743091537132987,0.08335666589237316,27792,0.04167849714205604,512,105249,1.0,4.5998952588145653e-07,1.0,1.0,0.0006124919906921285,9264,0.0003064759918094479,2886.6288037830745,3524.4637956699953
5539.552677029361,1.0,3.2685682628368174e-07,0.9751007484168106,0.9751007484168106,0.08158272810207404,27792,0.04079152769787118,512,105251,1.0,4.519660547289662e-07,1.0,1.0,0.0005781798650042535,9264,0.00028931591736188156,2886.672743164083,3525.4600308829977
5552.607944732297,1.0,3.1314967533840386e-07,0.9867227979274611,0.9867227979274611,0.04269022741191471,27792,0.021345270112388494,512,105499,1.0,2.7401601303629335e-07,1.0,1.0,3.692555951767051e-05,9264,1.8599787721469104e-05,2893.379565149022,3532.7002780539988
5552.718480138169,1.0,3.1261824559369814e-07,0.9867227979274611,0.9867227979274611,0.04254733685727907,27792,0.021273824732126554,512,105501,1.0,2.7285833466631536e-07,1.0,1.0,3.642231450378549e-05,9264,1.834758655912551e-05,2893.423889344027,3533.699875762999
5565.773747841105,1.0,2.4985720364461146e-07,0.9912204951065055,0.9912204951065055,0.027138933891116303,27792,0.01356959183393159,512,105749,1.0,2.422659551228644e-07,1.0,1.0,5.41882483694139e-06,9264,2.8305454000573088e-06,2899.8629088250527,3540.678631515002
5565.884283246977,1.0,2.490251160002544e-07,0.9912564766839378,0.9912564766839378,0.02704566957350771,27792,0.01352295928050817,512,105751,1.0,2.4185418807254775e-07,1.0,1.0,5.325623767330619e-06,9264,2.7837390029325997e-06,2899.9071210530383,3541.692069208002
5578.939550949914,1.0,8.767406136597652e-09,0.9938831318364997,0.9938831318364997,0.01984285364634152,27792,0.009921431155402425,512,105999,1.0,8.930401319610694e-09,1.0,1.0,8.241828723425025e-07,9264,4.165566373234664e-07,2906.7176939970377,3549.0496124509955
5579.0,1.0,8.591543267009928e-09,0.9938831318364997,0.9938831318364997,0.019801001714850268,27792,0.009900505043819298,48,106001,1.0,8.8531932305234e-09,1.0,1.0,8.15548459512415e-07,9264,4.12200826863879e-07,2906.757627097024,3550.059039478998
5592.055267702936,1.0,5.4260122218897085e-09,0.9961139896373057,0.9961139896373057,0.013385947692922702,27792,0.0066929765058510865,512,106249,1.0,5.2372814041825324e-09,1.0,1.0,2.68452469011276e-07,9264,1.3684487552718203e-07,2913.9007518411017,3557.7466012570003
5592.165803108808,1.0,5.468905604715982e-09,0.9961139896373057,0.9961139896373057,0.013349864715533347,27792,0.006674935102943175,512,106251,1.0,5.2372814041825324e-09,1.0,1.0,2.66702418991964e-07,9264,1.3596985051752604e-07,2913.944818555108,3558.7442950069963
5605.2210708117445,1.0,3.3928662205600366e-09,0.998272884283247,0.998272884283247,0.006856294943981632,27792,0.0034281491512667536,512,106499,1.0,3.307079423205092e-09,1.0,1.0,1.6693673924457286e-07,9264,8.51219095302393e-08,2920.4177080801383,3565.7543053339978
5605.331606217616,1.0,3.3113688013713794e-09,0.9983088658606794,0.9983088658606794,0.006751331885141001,27792,0.0033756675617957017,512,106501,1.0,3.217003319269916e-09,1.0,1.0,1.5988507024953857e-07,9264,8.155103698075457e-08,2920.4617419881324,3566.7532795840016
5618.386873920553,1.0,2.213298324504706e-09,0.9991724237190558,0.9991724237190558,0.00253454965585387,27792,0.0012672759174188588,512,106749,1.0,2.123222241278353e-09,1.0,1.0,1.4350408734818444e-07,9264,7.281365489904251e-08,2926.465529836183,3573.2854395489994
5618.4974093264245,1.0,3.5687290482187853e-09,0.9991364421416234,0.9991364421416234,0.0026326356703661076,27792,0.001316319628126456,512,106751,1.0,3.5644396956189467e-09,1.0,1.0,1.40274215621366e-07,9264,7.19193278671147e-08,2926.5102407901795,3574.288246828997
5631.552677029361,1.0,2.9296177177386713e-09,0.9994242947610823,0.9994242947610823,0.0018894566094278154,27792,0.0009447297480762397,512,106999,1.0,2.8824350551769366e-09,1.0,1.0,1.263510235559574e-07,9264,6.46167294654853e-08,2932.315060392146,3580.6262505549967
5631.663212435233,1.0,4.799768979888848e-09,0.9994602763385146,0.9994602763385146,0.001967243841853557,27792,0.0009836243036541945,512,107001,1.0,4.825505027225462e-09,1.0,1.0,1.5569009583832636e-07,9264,8.02578007031411e-08,2932.359744464149,3581.6260848199963
5644.718480138169,1.0,2.3505571395778685e-09,0.9996401842256765,0.9996401842256765,0.0012831323194088576,27792,0.0006415673349831183,512,107249,1.0,2.0074101191523147e-09,1.0,1.0,1.211137415619569e-07,9264,6.156057591456948e-08,2938.634291470131,3588.442733949996
5644.829015544042,1.0,3.744591901443982e-09,0.9996401842256765,0.9996401842256765,0.0013091492832529212,27792,0.0006545765139226211,512,107251,1.0,3.860404011809455e-09,1.0,1.0,1.3311959941503105e-07,9264,6.849000191015407e-08,2938.6789838941404,3589.4463632339975
5657.884283246977,1.0,2.5135520076122637e-09,0.9998200921128382,0.9998200921128382,0.0006774042187262354,27792,0.0003387033639945654,512,107499,1.0,2.187562302478876e-09,1.0,1.0,1.279466573970948e-07,9264,6.506710996061739e-08,2945.199669044232,3596.5087043499952
5657.99481865285,1.0,5.666215149354317e-09,0.9997841105354058,0.9997841105354058,0.0008070307340472669,27792,0.0004035182044209074,512,107501,1.0,6.112306215187222e-09,1.0,1.0,1.4111063658647836e-07,9264,7.36114718196112e-08,2945.244311854214,3597.5143758689956
5671.0,1.0,1.4197708416721177e-09,0.9997481289579735,0.9997481289579735,0.0008259886331974475,27792,0.00041299503291821697,48,107749,1.0,1.1323851930986075e-09,1.0,1.0,1.26505439734132e-07,9264,6.381891252037281e-08,2951.550944997245,3604.3617240599997
5671.110535405872,1.0,1.2181719577284981e-09,0.9997121473805411,0.9997121473805411,0.0009416425501792083,27792,0.0004708218755969637,512,107751,1.0,9.651010276879025e-10,1.0,1.0,1.1551615510312812e-07,9264,5.824062810835964e-08,2951.5954348412342,3605.364483323996
5684.165803108808,1.0,6.79431101746485e-09,0.9998560736902706,0.9998560736902706,0.0006980666827975312,27792,0.0003490367428440237,512,107999,1.0,7.1031433093865744e-09,1.0,1.0,1.0344595717581455e-07,9264,5.527455068592278e-08,2958.2282932343005,3612.5404743289982
5684.276338514681,1.0,3.8475360038645135e-09,0.9998200921128382,0.9998200921128382,0.0006990081671747756,27792,0.0003495060073556076,512,108001,1.0,3.564439719395744e-09,1.0,1.0,1.2346858827911935e-07,9264,6.351651417144758e-08,2958.2728198433106,3613.5428156900016
5697.331606217616,1.0,8.184056391960756e-09,0.9997841105354058,0.9997841105354058,0.0006004266052515711,27792,0.00030021739250983803,512,108249,1.0,8.299868490821327e-09,1.0,1.0,9.647149312826237e-08,9264,5.2385681352573214e-08,2965.0710697073155,3620.882250925002
5697.442141623489,1.0,3.169820646225938e-09,0.9997481289579735,0.9997481289579735,0.000675384557770803,27792,0.0003376938595065586,512,108251,1.0,2.625074733675501e-09,1.0,1.0,1.1866881874085928e-07,9264,6.064694688491363e-08,2965.115131765313,3621.8804534340015
5710.4974093264245,1.0,5.267306788267787e-09,0.9998200921128382,0.9998200921128382,0.0005810716658196692,27792,0.000290538464418871,512,108499,1.0,5.069997257946664e-09,1.0,1.0,1.0020321821954952e-07,9264,5.2636608034807566e-08,2971.8152766722123,3629.117475975996
5710.607944732297,1.0,2.90817106825451e-09,0.9998200921128382,0.9998200921128382,0.00044498575737167857,27792,0.0002224943284821788,512,108501,1.0,2.3548464464137643e-09,1.0,1.0,1.0987996459975568e-07,9264,5.611740565845907e-08,2971.8592797081947,3630.112739147
5723.663212435233,1.0,9.55235504231847e-09,0.9997841105354058,0.9997841105354058,0.0009305968190210243,27792,0.00046530317067600585,512,108749,1.0,9.805426031673226e-09,1.0,1.0,1.0314999357062698e-07,9264,5.647771044235663e-08,2978.004429714165,3636.794483673999
5723.773747841105,1.0,3.740302564184013e-09,0.9998200921128382,0.9998200921128382,0.0008363317104973274,27792,0.00041816772325548577,512,108751,1.0,3.461495622855496e-09,1.0,1.0,8.389944890509177e-08,9264,4.368047244958605e-08,2978.049000321167,3637.7970785750003
5736.829015544042,1.0,1.1920928241671947e-07,0.9224237190558434,0.9224237190558434,0.3109987340717393,27792,0.1554994266061997,512,108999,1.0,1.19209282433082e-07,0.9803540587219344,0.9803540587219344,0.08299984606642385,9264,0.0414999826378567,2984.2928120101933,3644.584313296
5736.939550949914,1.0,1.1920928241671947e-07,0.9187176165803109,0.9187176165803109,0.32686438626370073,27792,0.16343225270218045,512,109001,1.0,1.19209282433082e-07,0.9791666666666666,0.9791666666666666,0.08250566158887636,9264,0.041252890399082955,2984.3372695282014,3645.5856622150022
5749.99481865285,1.0,2.4221032560715804e-07,0.9902130109383995,0.9902130109383995,0.030939927475851847,27792,0.01547008468010814,512,109249,1.0,2.4198299074362885e-07,1.0,1.0,3.4575270056975473e-05,9264,1.740862653809495e-05,2990.6839779731527,3652.475906710002
5750.055267702936,1.0,2.421631428860491e-07,0.9902489925158319,0.9902489925158319,0.03086482768231723,27792,0.015432534783340833,512,109251,1.0,2.4198299074362885e-07,1.0,1.0,3.413474392338892e-05,9264,1.7188363471301673e-05,2990.728882417163,3653.4813066720017
5763.110535405872,1.0,1.1920928241671947e-07,0.992695739781232,0.992695739781232,0.023247819713428916,27792,0.011623969461359233,512,109499,1.0,1.19209282433082e-07,1.0,1.0,2.4988488652704193e-06,9264,1.3090290774106003e-06,2997.658679138098,3660.959645433999
5763.2210708117445,1.0,1.1920928241671947e-07,0.9926597582037997,0.9926597582037997,0.023214886766023585,27792,0.011607502987656568,512,109501,1.0,1.19209282433082e-07,1.0,1.0,2.467387022929297e-06,9264,1.293298156240039e-06,2997.7052464611043,3661.9776164819996
5776.276338514681,1.0,3.9461909183331343e-10,0.9952144502014968,0.9952144502014968,0.01657977294033124,27792,0.00828988654737371,512,109749,1.0,4.3751247414825867e-10,1.0,1.0,6.456135426108259e-07,9264,3.230255275578269e-07,3004.7161081860613,3669.5421870069986
5776.386873920553,1.0,3.860404152680586e-10,0.9951784686240644,0.9951784686240644,0.016513616882509106,27792,0.008256808518462642,512,109751,1.0,4.3751247414825867e-10,1.0,1.0,6.402475929856797e-07,9264,3.2034255274525385e-07,3004.760426080051,3670.5416291079964
5789.442141623489,1.0,0.0,0.9972654001151411,0.9972654001151411,0.009701862446020133,27792,0.004850931223010066,512,109999,1.0,0.0,1.0,1.0,2.436429410969668e-07,9264,1.218214705484834e-07,3011.112965402026,3677.4314923839993
5789.552677029361,1.0,0.0,0.9972654001151411,0.9972654001151411,0.009670332700676817,27792,0.004835166350338409,512,110001,1.0,0.0,1.0,1.0,2.396538564941233e-07,9264,1.1982692824706165e-07,3011.157252881043,3678.440982889995
5802.607944732297,1.0,4.932738661977965e-10,0.9989205526770294,0.9989205526770294,0.004259062526503896,27792,0.0021295314820082008,512,110249,1.0,5.018525414847288e-10,1.0,1.0,1.7387259443699845e-07,9264,8.718722350803293e-08,3018.3024984150325,3686.137874182001
5802.718480138169,1.0,5.36167243399452e-10,0.9989205526770294,0.9989205526770294,0.004236912520134003,27792,0.0021184564916912688,512,110251,1.0,5.661926080542056e-10,1.0,1.0,1.586368712384914e-07,9264,7.96015319458991e-08,3018.348140810027,3687.157244046997
5815.773747841105,1.0,6.180935628731918e-09,0.9995682210708118,0.9995682210708118,0.0015096426392636928,27792,0.0007548244122447482,512,110499,1.0,6.112306264274803e-09,1.0,1.0,1.7724401442531877e-07,9264,9.167816073903142e-08,3025.5539540040118,3694.923279263996
5815.884283246977,1.0,3.0497192075487533e-09,0.9995322394933794,0.9995322394933794,0.0014266055492508918,27792,0.000713304293051198,512,110501,1.0,3.0111151768109887e-09,1.0,1.0,1.3085482880180377e-07,9264,6.693297213810412e-08,3025.6057030459997,3695.948304093996
5828.939550949914,1.0,1.1978404667797988e-07,0.9877302820955671,0.9877302820955671,0.04207371443801731,27792,0.021036916857968133,512,110749,1.0,1.199427522107996e-07,0.999892055267703,0.999892055267703,0.0004376825070875618,9264,0.00021890121849297203,3032.861670758968,3703.761558847
5829.0,1.0,1.1980549336939302e-07,0.9879101899827288,0.9879101899827288,0.04239214925019303,27792,0.021196134264055998,48,110751,1.0,1.1998135625534326e-07,0.999892055267703,0.999892055267703,0.00029351048465876074,9264,0.0001468152330146012,3032.9016238719705,3704.767109237
5842.055267702936,1.0,1.445807091299954e-07,0.9744530800230282,0.9744530800230282,0.08696286566448266,27792,0.0434815051419061,512,110999,1.0,1.461548968360456e-07,0.9980569948186528,0.9980569948186528,0.006012217235785228,9264,0.003006181676046913,3040.177749993876,3712.5956029160006
5842.165803108808,1.0,1.464723073126341e-07,0.966321243523316,0.966321243523316,0.11356409864310361,27792,0.05678212342415998,512,111001,1.0,1.481108350929237e-07,0.9961139896373057,0.9961139896373057,0.012096146478708544,9264,0.006048147243709788,3040.223236887876,3713.6293325559964
5855.2210708117445,1.0,1.2081348780036035e-07,0.9747769142199194,0.9747769142199194,0.08187149195713632,27792,0.04093580559179161,512,111249,1.0,1.205990209680416e-07,0.9977331606217616,0.9977331606217616,0.009180617219742728,9264,0.004590368857916882,3046.8388001588464,3720.793819184997
5855.331606217616,1.0,1.20852091844904e-07,0.9744170984455959,0.9744170984455959,0.08289918600311894,27792,0.04144965261478292,512,111251,1.0,1.20663361042281e-07,0.9978411053540587,0.9978411053540587,0.008823243912594113,9264,0.00441168217865681,3046.8832595578424,3721.795793707999
5868.386873920553,1.0,2.1575369373127933e-09,0.9830886586067933,0.9830886586067933,0.05433761201923307,27792,0.027168807133423165,512,111499,1.0,2.586470702170743e-09,0.9988126079447323,0.9988126079447323,0.005646271864957593,9264,0.002823137199978259,3053.285886446887,3728.7387735390002
5868.4974093264245,1.0,2.6079173567681942e-09,0.9871545768566494,0.9871545768566494,0.04455019558512348,27792,0.02227509943966764,512,111501,1.0,3.0368511359433553e-09,0.9994602763385146,0.9994602763385146,0.0021712871976936675,9264,0.0010856451172725858,3053.330291302882,3729.7383036539977
5881.552677029361,1.0,1.7130559199014747e-08,0.9884499136442142,0.9884499136442142,0.03621696860507499,27792,0.018108492675325827,512,111749,1.0,2.740886450828996e-09,0.999892055267703,0.999892055267703,0.0012197290454301114,9264,0.000609865893158637,3059.728449680828,3736.675044292999
5881.663212435233,1.0,1.7456380079940656e-08,0.9880181347150259,0.9880181347150259,0.03626292482421668,27792,0.01813147093502351,512,111751,1.0,2.6765464502209564e-09,0.9993523316062176,0.9993523316062176,0.001501604771508557,9264,0.0007508037240278227,3059.7728496208147,3737.675873968001
5894.718480138169,1.0,1.527002538232162e-09,0.9953223949337939,0.9953223949337939,0.01602756961639681,27792,0.008013785503071207,512,111999,1.0,1.0165730310889094e-09,1.0,1.0,0.0001077827262520848,9264,5.389187140006247e-05,3066.4039621878183,3744.8447355120006
5894.829015544042,1.0,1.5312918581069463e-09,0.9953583765112263,0.9953583765112263,0.016019783292135152,27792,0.008009892358097731,512,112001,1.0,1.0165730310889094e-09,1.0,1.0,0.00010444745889885773,9264,5.222423772344893e-05,3066.448302235818,3745.8463827539963
5907.884283246977,1.0,5.747710373919038e-10,0.9982369027058147,0.9982369027058147,0.007343263840908694,27792,0.0036716321413552684,512,112249,1.0,3.3456836073415474e-10,1.0,1.0,1.0286604263704143e-05,9264,5.143469416045094e-06,3073.292309443823,3753.2354559609958
5907.99481865285,1.0,5.61903047087812e-10,0.9982369027058147,0.9982369027058147,0.007317637843463225,27792,0.0036588191361985266,512,112251,1.0,3.3456836073415474e-10,1.0,1.0,1.0155792466990308e-05,9264,5.078063516117373e-06,3073.3388109048246,3754.249011676002
5921.0,1.0,3.0025366188740546e-11,0.9987406447898676,0.9987406447898676,0.005062442433215553,27792,0.0025312212273311224,48,112499,1.0,0.0,1.0,1.0,1.8162792648440298e-06,9264,9.081396324220149e-07,3080.3987104048283,3761.8678675279953
5921.110535405872,1.0,3.0025366188740546e-11,0.9987406447898676,0.9987406447898676,0.005102009877613995,27792,0.002551004949530343,512,112501,1.0,0.0,1.0,1.0,1.7992291828698483e-06,9264,8.996145914349241e-07,3080.4501331008214,3762.892529208002
5934.165803108808,1.0,0.0,0.9994602763385146,0.9994602763385146,0.002671894075514649,27792,0.0013359470377573245,512,112749,1.0,0.0,1.0,1.0,5.767957832655857e-07,9264,2.8839789163279284e-07,3087.110408143817,3770.1074994899973
5934.276338514681,1.0,0.0,0.9994602763385146,0.9994602763385146,0.002688192859262943,27792,0.0013440964296314716,512,112751,1.0,0.0,1.0,1.0,5.75225885454144e-07,9264,2.87612942727072e-07,3087.155283459826,3771.112612140001
5947.331606217616,1.0,0.0,0.9998200921128382,0.9998200921128382,0.00044434337468948385,27792,0.00022217168734474193,512,112999,1.0,0.0,1.0,1.0,3.2149442601789634e-07,9264,1.6074721300894817e-07,3093.5890760898037,3778.091263893999
5947.442141623489,1.0,0.0,0.9998200921128382,0.9998200921128382,0.0004155900341398434,27792,0.0002077950170699217,512,113001,1.0,0.0,1.0,1.0,3.0547375067388813e-07,9264,1.5273687533694406e-07,3093.6333384048266,3779.0924592209994
5960.4974093264245,1.0,0.0,1.0,1.0,7.827319739005827e-06,27792,3.9136598695029134e-06,512,113249,1.0,0.0,1.0,1.0,2.1615688494392917e-07,9264,1.0807844247196459e-07,3100.026260781815,3786.0234112420003
5960.607944732297,1.0,0.0,1.0,1.0,7.547922247193596e-06,27792,3.773961123596798e-06,512,113251,1.0,0.0,1.0,1.0,2.2080223830401467e-07,9264,1.1040111915200733e-07,3100.07089867982,3787.029394887999
5973.663212435233,1.0,1.4583748841704486e-09,1.0,1.0,1.6579040242929724e-06,27792,8.296811996545329e-07,512,113499,1.0,1.3640094626614687e-09,1.0,1.0,1.9107713814263e-07,9264,9.622057385825276e-08,3106.797638638811,3794.3005453160004
5973.773747841105,1.0,1.4884002521488405e-09,1.0,1.0,1.3650655775970107e-06,27792,6.832769889905411e-07,512,113501,1.0,1.3897454923572332e-09,1.0,1.0,1.596534459822767e-07,9264,8.05215957438364e-08,3106.847836135814,3795.328095594996
5986.829015544042,1.0,4.508094040074976e-09,1.0,1.0,4.776139627591978e-07,27792,2.4106102864711955e-07,512,113749,1.0,4.555276763740522e-09,1.0,1.0,1.6052847099193268e-07,9264,8.25418741240415e-08,3113.6341923068394,3802.6679799139965
5986.939550949914,1.0,8.878929457592146e-10,1.0,1.0,4.352074618469711e-07,27792,2.180476774357375e-07,512,113751,1.0,6.820047309472376e-10,1.0,1.0,1.5933174561107963e-07,9264,8.000687519900869e-08,3113.6838856328395,3803.705743658
5999.99481865285,1.0,3.5815970201150344e-09,1.0,1.0,3.5085948552747584e-07,27792,1.7722054156218498e-07,512,113999,1.0,3.371419545765091e-09,1.0,1.0,1.776300627247682e-07,9264,9.050074130745668e-08,3120.8867277568206,3811.4583636909956
6000.055267702936,1.0,6.931569809783874e-09,1.0,1.0,3.3763631771095904e-07,27792,1.7228394340244117e-07,512,114001,1.0,6.639894774862813e-09,1.0,1.0,1.4392873183816456e-07,9264,7.52843137498359e-08,3120.92905726382,3812.463654809995
6013.110535405872,1.0,6.682788222116537e-09,1.0,1.0,2.5821715013749555e-07,27792,1.3244996913276378e-07,512,114249,1.0,6.614158745167048e-09,1.0,1.0,1.311121890987614e-07,9264,6.886317434074266e-08,3127.894214682776,3819.979711260996
6013.2210708117445,1.0,5.631900391960401e-09,1.0,1.0,2.865930096727914e-07,27792,1.4611245541894063e-07,512,114251,1.0,5.4817736349037335e-09,1.0,1.0,1.6104319001504537e-07,9264,8.326248217012161e-08,3127.938832261789,3820.9900785329955
6026.276338514681,1.0,2.269059720389211e-09,1.0,1.0,2.5231544739530485e-07,27792,1.2729225347705705e-07,512,114499,1.0,1.917334040527923e-09,1.0,1.0,1.4132939283889235e-07,9264,7.16233635256134e-08,3135.0876762957414,3828.6899334779955
6026.386873920553,1.0,2.1318009117076603e-09,1.0,1.0,2.3310799607903861e-07,27792,1.1761989860275222e-07,512,114501,1.0,1.8272579365927472e-09,1.0,1.0,1.2664698794654628e-07,9264,6.423712300292899e-08,3135.132893521746,3829.701083373002
6039.442141623489,1.0,3.384287477522016e-09,1.0,1.0,2.330706872921337e-07,27792,1.1822748759856337e-07,512,114749,1.0,3.191267338661733e-09,1.0,1.0,1.2218178679433113e-07,9264,6.268652723830297e-08,3142.2396628776623,3837.359798093996
6039.552677029361,1.0,7.04738191068976e-09,1.0,1.0,2.3636727139780875e-07,27792,1.217073270980828e-07,512,114751,1.0,6.935859165451686e-09,1.0,1.0,1.2888602253007778e-07,9264,6.791094124199937e-08,3142.285349656653,3838.369220929999
6052.607944732297,1.0,1.2696440099614216e-09,1.0,1.0,2.374813902337605e-07,27792,1.193755172481592e-07,512,114999,1.0,8.492889093968313e-10,1.0,1.0,1.341104365092304e-07,9264,6.747986274459532e-08,3148.9335115016293,3845.576380669001
6052.718480138169,1.0,6.717102846564922e-09,1.0,1.0,1.997068443899959e-07,27792,1.0321197407029522e-07,512,115001,1.0,6.9615951951474506e-09,1.0,1.0,1.1163001461906767e-07,9264,5.929580532588599e-08,3148.977669805645,3846.590471655996
6065.773747841105,1.0,4.889845032691127e-09,1.0,1.0,1.987806231277038e-07,27792,1.0183523438494953e-07,512,115249,1.0,4.6067488484428355e-09,1.0,1.0,1.1644265217217563e-07,9264,6.052470074385874e-08,3155.732782727595,3853.8876048189995
6065.884283246977,1.0,1.1280958619745858e-09,1.0,1.0,2.1495132582743972e-07,27792,1.0803971089788536e-07,512,115251,1.0,7.334767865037993e-10,1.0,1.0,1.3126660522784842e-07,9264,6.600004103708886e-08,3155.7768899375806,3854.8859320979973
6078.939550949914,1.0,6.189514352339438e-09,1.0,1.0,2.15191439235519e-07,27792,1.1069047718867519e-07,512,115499,1.0,6.305326537614604e-09,1.0,1.0,1.3692852861931142e-07,9264,7.161692797193065e-08,3162.733001241555,3862.3885792930014
6079.0,1.0,1.4206286551277726e-08,1.0,1.0,1.8996535070497792e-07,27792,1.0208581954851997e-07,48,115501,1.0,1.4682403168144793e-08,1.0,1.0,1.0641846860567535e-07,9264,6.055043677355451e-08,3162.773934937555,3863.4012659169966
6092.055267702936,1.0,5.172941310256956e-09,1.0,1.0,1.7933285642432477e-07,27792,9.225289919658672e-08,512,115749,1.0,4.92844899951277e-09,1.0,1.0,1.0514453513573502e-07,9264,5.503649241123696e-08,3169.7113591335656,3870.8890952219954
6092.165803108808,1.0,5.486063004888757e-09,1.0,1.0,1.995183047507761e-07,27792,1.0250218427257838e-07,512,115751,1.0,5.21154532616618e-09,1.0,1.0,1.2276084746248584e-07,9264,6.398619673793907e-08,3169.756102099571,3871.9018292109977
6105.2210708117445,1.0,5.76058055680175e-09,1.0,1.0,1.9697062133299843e-07,27792,1.0136560132328354e-07,512,115999,1.0,5.40456554811742e-09,1.0,1.0,1.3589909062217363e-07,9264,7.065182842914208e-08,3177.197130072622,3879.8993969329968
6105.331606217616,1.0,2.5736027098213354e-09,1.0,1.0,1.5565134063675811e-07,27792,7.911247180316728e-08,512,116001,1.0,2.0331461189353344e-09,1.0,1.0,8.644731584497247e-08,9264,4.424023109546893e-08,3177.243928682634,3880.926808008
6118.386873920553,1.0,3.178399313587271e-09,1.0,1.0,1.5620908688816808e-07,27792,7.969374327779751e-08,512,116249,1.0,2.740886831257749e-09,1.0,1.0,9.804139172510531e-08,9264,5.039113944385211e-08,3184.523836391585,3888.764160063998
6118.4974093264245,1.0,2.9296177381918303e-09,1.0,1.0,1.6025821856176234e-07,27792,8.159391830439843e-08,512,116251,1.0,2.483526583387685e-09,1.0,1.0,9.89936240384473e-08,9264,5.073857545204429e-08,3184.57326821459,3889.8035164870016
6131.552677029361,1.0,2.659389459111357e-09,1.0,1.0,1.6680372201195758e-07,27792,8.473155587359329e-08,512,116499,1.0,2.1489582587022224e-09,1.0,1.0,1.0765379803107205e-07,9264,5.4901378255334195e-08,3192.069075639658,3897.8693589169998
6131.663212435233,1.0,1.0813420296969977e-08,1.0,1.0,1.6859240317215795e-07,27792,8.970291245860578e-08,512,116501,1.0,1.0603242564910233e-08,1.0,1.0,1.1004724874369058e-07,9264,6.032524651371657e-08,3192.115730126672,3898.9432017599975
6144.718480138169,1.0,1.492689573046283e-09,1.0,1.0,1.6770003512741485e-07,27792,8.459636242488459e-08,512,116749,1.0,1.0294410865874449e-09,1.0,1.0,1.1437090173257902e-07,9264,5.770017148474859e-08,3199.9914457777268,3907.3876424119953
6144.829015544042,1.0,7.750833290865495e-09,1.0,1.0,1.537468747665221e-07,27792,8.074885425981448e-08,512,116751,1.0,7.65646785197133e-09,1.0,1.0,9.02819795572336e-08,9264,4.896922419586177e-08,3200.039582296733,3908.420634625996
6157.884283246977,1.0,8.394234000534553e-09,1.0,1.0,1.4832527880499177e-07,27792,7.835975691204681e-08,512,116999,1.0,8.287000580284554e-09,1.0,1.0,9.297139544584229e-08,9264,5.0629198503939234e-08,3207.404319636771,3916.3625742779986
6157.99481865285,1.0,3.581597071247931e-09,1.0,1.0,1.5426171572318612e-07,27792,7.892165659459e-08,512,117001,1.0,3.0883231953348843e-09,1.0,1.0,1.0322720165971427e-07,9264,5.31577626361468e-08,3207.454156462758,3917.3962776779954
6171.0,1.0,3.5601505316994977e-10,1.0,1.0,1.5632483618969528e-07,27792,7.834042563357668e-08,48,117249,1.0,1.80152193297476e-10,1.0,1.0,1.1164288263391555e-07,9264,5.5911517420892954e-08,3214.646776028727,3925.149236831996
6171.110535405872,1.0,3.0025366188740546e-11,1.0,1.0,1.33398383806752e-07,27792,6.67142045873652e-08,512,117251,1.0,0.0,1.0,1.0,7.333480792957914e-08,9264,3.666740396478957e-08,3214.6923042107373,3926.165048347997
6184.165803108808,1.0,1.441217485429395e-08,1.0,1.0,1.324590161048523e-07,27792,7.343559636724021e-08,512,117499,1.0,1.4206286621841122e-08,1.0,1.0,7.580546678037255e-08,9264,4.500587758621728e-08,3221.6330590128564,3933.6625260619985
6184.276338514681,1.0,1.0294411213578147e-10,1.0,1.0,1.4042001794354226e-07,27792,7.026148103116265e-08,512,117501,1.0,1.2868014080888805e-11,1.0,1.0,8.86091407686141e-08,9264,4.431100439173099e-08,3221.677402361871,3934.6668953789995
6197.331606217616,1.0,5.275885701578354e-10,1.0,1.0,1.2958944539036893e-07,27792,6.505851699956605e-08,512,117749,1.0,3.2170034665326596e-10,1.0,1.0,7.819891911288123e-08,9264,3.926030974203915e-08,3228.132970797931,3941.665079599996
6197.442141623489,1.0,7.128879305334627e-09,1.0,1.0,1.4020983094287793e-07,27792,7.366935558430236e-08,512,117751,1.0,6.820046936713557e-09,1.0,1.0,1.0223636456551492e-07,9264,5.452820621744626e-08,3228.1770789049406,3942.6651627979954
6210.4974093264245,1.0,2.402029190788134e-09,1.0,1.0,1.4973016170955802e-07,27792,7.606609557391468e-08,512,117999,1.0,1.9044660256800406e-09,1.0,1.0,9.81314669945516e-08,9264,5.001796662056288e-08,3234.386793916987,3949.413567527001
6210.607944732297,1.0,5.661925759938793e-09,1.0,1.0,1.337104643210646e-07,27792,6.968619529616618e-08,512,118001,1.0,5.468905672211406e-09,1.0,1.0,7.504625547515009e-08,9264,4.025758089275002e-08,3234.430840840985,3950.411943922998
6223.663212435233,1.0,3.0025366188740546e-11,1.0,1.0,1.110037198351067e-07,27792,5.551687260154255e-08,512,118249,1.0,0.0,1.0,1.0,5.1021671778697694e-08,9264,2.5510835889348847e-08,3241.138154476983,3957.663340801999
6223.773747841105,1.0,3.148802799669823e-08,1.0,1.0,1.257676044014809e-07,27792,7.862781731992266e-08,512,118251,1.0,3.1899804868621744e-08,1.0,1.0,8.616421873291776e-08,9264,5.90320110215044e-08,3241.2027631779856,3958.717319973999
6236.829015544042,1.0,0.0,1.0,1.0,1.2260640842586099e-07,27792,6.130320421293049e-08,512,118499,1.0,0.0,1.0,1.0,8.537926985174074e-08,9264,4.268963492587037e-08,3248.341628497037,3966.4201181530007
6236.939550949914,1.0,0.0,1.0,1.0,1.2370873249783702e-07,27792,6.185436624891851e-08,512,118501,1.0,0.0,1.0,1.0,8.573957581374024e-08,9264,4.286978790687012e-08,3248.3870466490334,3967.4324037379993
6249.99481865285,1.0,2.78806968173288e-10,1.0,1.0,1.2368302893139487e-07,27792,6.198091795988282e-08,512,118749,1.0,1.4154815488977686e-10,1.0,1.0,8.784992867799034e-08,9264,4.399573842065852e-08,3255.2806798680613,3974.8730195730022
6250.055267702936,1.0,4.696824908148055e-09,1.0,1.0,1.3619075245355804e-07,27792,7.044378893651752e-08,512,118751,1.0,4.516672647099491e-09,1.0,1.0,1.1648125616763171e-07,9264,6.049896471416298e-08,3255.3203831080755,3975.874651667
6263.110535405872,1.0,0.0,1.0,1.0,1.242106124350496e-07,27792,6.21053062175248e-08,512,118999,1.0,0.0,1.0,1.0,9.358905858773805e-08,9264,4.6794529293869024e-08,3262.19880662403,3983.3059564840005
6263.2210708117445,1.0,0.0,1.0,1.0,1.1566197917110277e-07,27792,5.7830989585551385e-08,512,119001,1.0,0.0,1.0,1.0,7.958866393105122e-08,9264,3.979433196552561e-08,3262.243268877035,3984.3147628699953
6276.276338514681,1.0,1.9302021019067415e-10,1.0,1.0,1.2238754745327409e-07,27792,6.129028383799616e-08,512,119249,1.0,9.007609856622163e-11,1.0,1.0,9.246954522297877e-08,9264,4.627981066345697e-08,3269.034158929033,3991.666583612001
6276.386873920553,1.0,1.419770787471247e-08,1.0,1.0,1.1713745878753949e-07,27792,6.56675839897177e-08,512,119251,1.0,1.4103342503058064e-08,1.0,1.0,7.594701651450184e-08,9264,4.50251803938904e-08,3269.0811188060397,3992.6848637789954
6289.442141623489,1.0,0.0,1.0,1.0,1.2086062405189252e-07,27792,6.043031202594626e-08,512,119499,1.0,0.0,1.0,1.0,9.590530597276463e-08,9264,4.7952652986382315e-08,3275.921908379991,4000.084665622002
6289.552677029361,1.0,0.0,1.0,1.0,1.1450788406364154e-07,27792,5.725394203182077e-08,512,119501,1.0,0.0,1.0,1.0,6.578128399927356e-08,9264,3.289064199963678e-08,3275.970461352983,4001.114382212996
6302.607944732297,1.0,1.6428164160062166e-09,1.0,1.0,1.2669381139564945e-07,27792,6.416831397894787e-08,512,119749,1.0,1.2996693769171556e-09,1.0,1.0,1.0199187306880645e-07,9264,5.1645771284221285e-08,3282.797926892061,4008.4969445949973
6302.718480138169,1.0,4.3493885563428155e-09,1.0,1.0,1.078252124368019e-07,27792,5.6087300793143164e-08,512,119751,1.0,4.259312423773217e-09,1.0,1.0,4.290195440968399e-08,9264,2.3580633662166508e-08,3282.86996512107,4009.5476981050015
6315.773747841105,1.0,0.0,1.0,1.0,1.259648803211262e-07,27792,6.29824401605631e-08,512,119999,1.0,0.0,1.0,1.0,1.1052336529306222e-07,9264,5.52616826710749e-08,3289.7341658410587,4016.960480116999
6315.884283246977,1.0,5.01852540462071e-10,1.0,1.0,1.102314315982914e-07,27792,5.536664208867941e-08,512,120001,1.0,2.9596431849148834e-10,1.0,1.0,5.915425716255928e-08,9264,2.9725110752030286e-08,3289.7783639410773,4017.979469838996
6328.939550949914,1.0,6.940148404536493e-09,1.0,1.0,1.1956091174788572e-07,27792,6.325052989008737e-08,512,120249,1.0,6.871519092746261e-09,1.0,1.0,9.957268941900978e-08,9264,5.322210467388945e-08,3297.073376845052,4025.8320193379986
6329.0,1.0,1.0508877902724772e-09,1.0,1.0,1.0668008543404896e-07,27792,5.386548655847118e-08,48,120251,1.0,7.463448013516816e-10,1.0,1.0,5.6709334341461655e-08,9264,2.8727839601319412e-08,3297.119278740065,4026.8693374689974
6342.055267702936,1.0,0.0,1.0,1.0,1.1198577913714952e-07,27792,5.599288956857476e-08,512,120499,1.0,0.0,1.0,1.0,6.969316129843106e-08,9264,3.484658064921553e-08,3304.5244470721664,4034.843776089998
6342.165803108808,1.0,1.1697023885016063e-08,1.0,1.0,1.1496267382619804e-07,27792,6.332984939966107e-08,512,120501,1.0,1.1799967846821127e-08,1.0,1.0,8.240675996813873e-08,9264,4.7103364791823385e-08,3304.569517108168,4035.8534116110022
6355.2210708117445,1.0,4.289338026962935e-11,1.0,1.0,1.1381294914970333e-07,27792,5.6927921266264804e-08,512,120749,1.0,2.573602816177761e-11,1.0,1.0,6.956448036455094e-08,9264,3.4795108197123357e-08,3312.0863832612813,4043.934165546998
6355.331606217616,1.0,2.2540469189988838e-08,1.0,1.0,1.1416926955191557e-07,27792,6.835487072086068e-08,512,120751,1.0,2.1875621700958057e-08,1.0,1.0,8.4607188936324e-08,9264,5.3241404339957385e-08,3312.1375111202724,4044.984049136998
6368.386873920553,1.0,5.833499642526892e-10,1.0,1.0,1.1614663198536964e-07,27792,5.8364990995903485e-08,512,120999,1.0,3.3456836073415474e-10,1.0,1.0,8.495462690801943e-08,9264,4.264459764703218e-08,3319.3539723732683,4052.771587281997
6368.4974093264245,1.0,2.273349131280552e-10,1.0,1.0,1.1351725269549438e-07,27792,5.687229384496187e-08,512,121001,1.0,1.4154815335578995e-10,1.0,1.0,7.776140660805324e-08,9264,3.895147738568997e-08,3319.4041355812587,4053.7929292209956
6381.552677029361,1.0,9.062897425825458e-07,0.9993163500287853,0.9993163500287853,0.003443157035486411,27792,0.001722031639150044,512,121249,1.0,5.82396911098862e-07,1.0,1.0,0.0002521091789334517,9264,0.0001263457894257297,3326.8023603611873,4061.744225069
6381.663212435233,1.0,8.775514682582246e-07,0.9993163500287853,0.9993163500287853,0.0033341368845844653,27792,0.0016675072008498317,512,121251,1.0,5.747026707452031e-07,1.0,1.0,0.0002338816213746441,9264,0.0001172281630596207,3326.855227903201,4062.760850122999
6394.718480138169,1.0,1.647019840181825e-07,0.9996761658031088,0.9996761658031088,0.0010723596949196782,27792,0.0005362622006101963,512,121499,1.0,1.6803050322781433e-07,1.0,1.0,1.0700645113607349e-05,9264,5.434337827316301e-06,3334.0841920912426,4070.542018829001
6394.829015544042,1.0,1.5579731826704883e-07,0.9996761658031088,0.9996761658031088,0.001068525106920102,27792,0.0005343404435539253,512,121501,1.0,1.5898429193135827e-07,1.0,1.0,1.0525606116366417e-05,9264,5.342295219906001e-06,3334.129098024234,4071.551178208996
6407.884283246977,1.0,2.5736026730056497e-09,0.9999280368451353,0.9999280368451353,0.00048767495210077155,27792,0.0002438387607072014,512,121749,1.0,2.71515083837767e-09,1.0,1.0,1.5985877259901045e-06,9264,8.006514385615038e-07,3341.321386561198,4079.292597380998
6407.99481865285,1.0,2.5392879749258937e-09,0.9999280368451353,0.9999280368451353,0.0004918691552060221,27792,0.0002459358451024736,512,121751,1.0,2.71515083837767e-09,1.0,1.0,1.5684639922588894e-06,9264,7.855895716958962e-07,3341.365928424202,4080.298740958002
6421.0,1.0,2.058882166016284e-09,0.9999280368451353,0.9999280368451353,0.00032204716796713315,27792,0.0001610246091354161,48,121999,1.0,2.200430342637542e-09,1.0,1.0,4.124969009652115e-07,9264,2.073486657520997e-07,3346.7366461101556,4086.1853415430014
6421.110535405872,1.0,2.046014151168402e-09,0.9999280368451353,0.9999280368451353,0.0002754393893595094,27792,0.00013772071339759683,512,122001,1.0,2.1618262980938953e-09,1.0,1.0,4.1559809568515634e-07,9264,2.0887996108980028e-07,3346.781966279159,4087.195616302997
6434.165803108808,1.0,1.5784763264269362e-09,0.9992803684513529,0.9992803684513529,0.0022225730795634156,27792,0.0011112873204412754,512,122249,1.0,1.6728417829619506e-09,1.0,1.0,3.263179457300891e-05,9264,1.6316733707469568e-05,3352.147346135229,4093.0746043010004
6434.276338514681,1.0,1.6428163945303997e-09,0.9992803684513529,0.9992803684513529,0.0022071611772092443,27792,0.0011035814097448196,512,122251,1.0,1.7114458275055973e-09,1.0,1.0,3.21563941839558e-05,9264,1.6079052814965285e-05,3352.1924495532294,4094.0759682790012
6447.331606217616,1.0,1.3597200750355956e-09,0.9996401842256765,0.9996401842256765,0.0011001711190669063,27792,0.0005500862436829093,512,122499,1.0,1.5055575776675859e-09,1.0,1.0,3.5101509164097527e-06,9264,1.7558282370734774e-06,3357.5567219232253,4099.953233886001
6447.442141623489,1.0,1.3382733877130904e-09,0.9996401842256765,0.9996401842256765,0.0010939159015838054,27792,0.0005469586221068544,512,122501,1.0,1.4926895628197037e-09,1.0,1.0,3.460867126403531e-06,9264,1.7311799080629426e-06,3357.6035053302403,4100.975570616996
6460.4974093264245,1.0,9.436543408767263e-10,0.9998560736902706,0.9998560736902706,0.0005501880132602329,27792,0.0002750944763126584,512,122749,1.0,9.651010276879025e-10,1.0,1.0,8.023587603940623e-07,9264,4.0166193075382674e-07,3363.0112669832306,4106.904052963
6460.607944732297,1.0,9.393650036167567e-10,0.9998560736902706,0.9998560736902706,0.0005446470578959256,27792,0.00027232399648583557,512,122751,1.0,9.39364997992138e-10,1.0,1.0,7.938272791163371e-07,9264,3.9738332210011623e-07,3363.055888406241,4107.906555135996
6473.663212435233,1.0,1.1709892445451956e-09,0.9999640184225677,0.9999640184225677,0.00022491327937463595,27792,0.00011245722732666269,512,122999,1.0,1.1967252704059927e-09,1.0,1.0,2.748350043758256e-07,9264,1.3801586487833933e-07,3368.435735789193,4113.800985561997
6473.773747841105,1.0,1.2181719615634654e-09,0.9999640184225677,0.9999640184225677,0.00022190348049669988,27792,0.00011095235147905522,512,123001,1.0,1.3125373917650378e-09,1.0,1.0,2.704727473423935e-07,9264,1.3589264242843875e-07,3368.4810506061913,4114.808194423997
6486.829015544042,1.0,7.806595035220692e-10,1.0,1.0,7.3823763200293805e-06,27792,3.691578489798409e-06,512,123249,1.0,5.790606267370552e-10,1.0,1.0,1.972795103036911e-07,9264,9.89292854859229e-08,3373.8534897342033,4120.695153932997
6486.939550949914,1.0,8.021061949352064e-10,1.0,1.0,6.046340281518632e-06,27792,3.023571193888742e-06,512,123251,1.0,5.919286415849374e-10,1.0,1.0,1.8868368109771351e-07,9264,9.463780489035805e-08,3373.899197723178,4121.7077538079975
6499.99481865285,1.0,2.281927733191777e-09,1.0,1.0,2.4664954241196737e-07,27792,1.244657346655617e-07,512,123499,1.0,2.3291104412617903e-09,1.0,1.0,1.8160627921458865e-07,9264,9.196769495102768e-08,3379.267058084137,4127.5852728409955
6500.055267702936,1.0,1.8915979944696315e-09,1.0,1.0,2.6025510942260816e-07,27792,1.3107335380262342e-07,512,123501,1.0,1.6728417699230619e-09,1.0,1.0,1.9854057418798096e-07,9264,1.0010670805910283e-07,3379.304617212132,4128.58779387
6513.110535405872,1.0,4.971342496365405e-09,1.0,1.0,2.196826916251504e-07,27792,1.1232701734735779e-07,512,123749,1.0,5.2372814041825324e-09,1.0,1.0,1.5693829484937352e-07,9264,8.10877884462308e-08,3384.69821345916,4134.501434471
6513.2210708117445,1.0,1.8101005668440459e-09,1.0,1.0,2.3358872188682114e-07,27792,1.1769941119014474e-07,512,123751,1.0,1.364009456525521e-09,1.0,1.0,1.7652341344785032e-07,9264,8.894371151086292e-08,3384.7428704971608,4135.511822854001
6526.276338514681,1.0,9.56522352912299e-10,1.0,1.0,2.121077342243535e-07,27792,1.0653212839613982e-07,512,123999,1.0,6.176646620767804e-10,1.0,1.0,1.5287200048846497e-07,9264,7.674483264966924e-08,3390.1436195351707,4141.425647894001
6526.386873920553,1.0,1.1349587418673134e-08,1.0,1.0,2.1795839439076184e-07,27792,1.1465399121969614e-07,512,124001,1.0,1.1619815637416789e-08,1.0,1.0,1.6124907982341408e-07,9264,8.643444861552589e-08,3390.1889535651717,4142.432857590997
6539.442141623489,1.0,4.645352850801842e-09,1.0,1.0,2.2133405440070834e-07,27792,1.1298970388039692e-07,512,124249,1.0,4.3365205120935174e-09,1.0,1.0,1.618152724767209e-07,9264,8.307589674022862e-08,3395.554449400115,4148.312843307998
6539.552677029361,1.0,1.8101005829509084e-09,1.0,1.0,2.1761084698648572e-07,27792,1.0971047387087725e-07,512,124251,1.0,1.3254054004769725e-09,1.0,1.0,1.5960197392288515e-07,9264,8.046368972610852e-08,3395.599741087113,4149.319947689997
6552.607944732297,1.0,4.876977086361327e-09,1.0,1.0,2.0774100838844246e-07,27792,1.0630899300789492e-07,512,124499,1.0,4.323652546333216e-09,1.0,1.0,1.439029958084688e-07,9264,7.411332439867862e-08,3402.0701823750787,4156.333597457997
6552.718480138169,1.0,6.5626867358857585e-09,1.0,1.0,2.0348068394237316e-07,27792,1.0502168579012162e-07,512,124501,1.0,6.215250433679429e-09,1.0,1.0,1.3667116989315638e-07,9264,7.144321055688555e-08,3402.118437452089,4157.355431614997
6565.773747841105,1.0,1.8401259263855098e-09,1.0,1.0,2.0942243331493955e-07,27792,1.0563127978454346e-07,512,124749,1.0,1.1967252734739665e-09,1.0,1.0,1.5087745985602098e-07,9264,7.603709261843702e-08,3408.9270557811105,4164.710405149999
6565.884283246977,1.0,8.321315514086964e-10,1.0,1.0,2.1135271395135135e-07,27792,1.0609242278909054e-07,512,124751,1.0,5.147205563326112e-10,1.0,1.0,1.5098040397480405e-07,9264,7.574756228435966e-08,3408.971130125101,4165.705778709998
6578.939550949914,1.0,1.1858732836573849e-07,0.9991004605641911,0.9991004605641911,0.002706597505001138,27792,0.0013533580290109658,512,124999,1.0,1.1860448573523153e-07,1.0,1.0,5.964532112324729e-05,9264,2.988196260698738e-05,3415.428579795109,4172.701581898997
6579.0,1.0,1.1858732836573849e-07,0.9991004605641911,0.9991004605641911,0.002647234293137327,27792,0.001323676405921707,48,125001,1.0,1.1860448573523153e-07,1.0,1.0,5.7118261813641314e-05,9264,2.8618433153247122e-05,3415.467559388111,4173.703822732998
6592.055267702936,1.0,1.2696440206993298e-09,0.9995682210708118,0.9995682210708118,0.0012351515446615308,27792,0.000617576402863493,512,125249,1.0,1.2095932959917834e-09,1.0,1.0,4.412288242728459e-06,9264,2.2067489164912774e-06,3422.1286189130697,4180.904669265998
6592.165803108808,1.0,1.2524866675688202e-09,0.9995682210708118,0.9995682210708118,0.0012318634507972822,27792,0.0006159323494973612,512,125251,1.0,1.2095932959917834e-09,1.0,1.0,4.3636878209658265e-06,9264,2.182448705609961e-06,3422.172656055074,4181.901272383002
6605.2210708117445,1.0,5.104312165159968e-10,0.9997841105354058,0.9997841105354058,0.0007200429910900061,27792,0.00036002173789261607,512,125499,1.0,3.860404185916969e-10,1.0,1.0,8.737371769393026e-07,9264,4.3706160869236953e-07,3428.440068322081,4188.704704812997
6605.331606217616,1.0,5.018525409733999e-10,0.9997841105354058,0.9997841105354058,0.0007176246467514514,27792,0.00035881256357866954,512,125501,1.0,3.7317240374381465e-10,1.0,1.0,8.621302275465128e-07,9264,4.312516999885507e-07,3428.484229120062,4189.700770559
6618.386873920553,1.0,8.27842213637398e-10,0.9999280368451353,0.9999280368451353,0.00027174171624204146,27792,0.00013587126775282672,512,125749,1.0,8.750249375586089e-10,1.0,1.0,2.5351270357653436e-07,9264,1.271938642930952e-07,3434.8146493110326,4196.569962690002
6618.4974093264245,1.0,6.777153921532813e-10,0.9999280368451353,0.9999280368451353,0.0002686766757638591,27792,0.00013433867459498476,512,125751,1.0,7.463447982837078e-10,1.0,1.0,2.506688722951524e-07,9264,1.2570760857816477e-07,3434.859168551033,4197.58563732
6631.552677029361,1.0,1.3768774677941006e-09,0.9999640184225677,0.9999640184225677,9.69485707165212e-05,27792,4.847497165238582e-05,512,125999,1.0,1.158121224328359e-09,1.0,1.0,1.9536217294975146e-07,9264,9.826014714303043e-08,3441.3890458429887,4204.661650406
6631.663212435233,1.0,1.2739333592376218e-09,0.9999640184225677,0.9999640184225677,0.00010170413597854724,27792,5.085270281133945e-05,512,126001,1.0,1.0809131482799541e-09,1.0,1.0,1.9188780894082323e-07,9264,9.648436109402267e-08,3441.433114240979,4205.6584064069975
6644.718480138169,1.0,9.093396433082994e-10,1.0,1.0,3.359212125515486e-07,27792,1.684152761337328e-07,512,126249,1.0,5.404565806594214e-10,1.0,1.0,1.6445321552053677e-07,9264,8.249683607207392e-08,3447.659067663997,4212.423507508996
6644.829015544042,1.0,6.734260561716342e-10,1.0,1.0,3.5400747864549495e-07,27792,1.7734045237793374e-07,512,126251,1.0,4.246444593003764e-10,1.0,1.0,1.5850819266081518e-07,9264,7.946641857539763e-08,3447.703858040004,4213.432325346999
6657.884283246977,1.0,1.861572634161174e-09,1.0,1.0,2.401031804527045e-07,27792,1.2098237663368243e-07,512,126499,1.0,1.3768774537325538e-09,1.0,1.0,1.3023716404001785e-07,9264,6.580702081437062e-08,3454.6367180820234,4220.915945802997
6657.99481865285,1.0,5.975047490363622e-09,1.0,1.0,2.517828718810072e-07,27792,1.2887896011980372e-07,512,126501,1.0,4.954185124315723e-09,1.0,1.0,1.388201299435553e-07,9264,7.188715782999499e-08,3454.6810301610312,4221.929067598001
6671.0,1.0,4.207840387902821e-09,1.0,1.0,2.302786714214102e-07,27792,1.1724325613833386e-07,48,126749,1.0,3.4872316310754438e-09,1.0,1.0,1.5810928420053082e-07,9264,8.079825811215345e-08,3461.5333504150476,4229.331179793997
6671.110535405872,1.0,1.8529939494146556e-09,1.0,1.0,2.1385173403567527e-07,27792,1.0785236408688516e-07,512,126751,1.0,1.4026134772923706e-09,1.0,1.0,1.324504625938536e-07,9264,6.692653810613638e-08,3461.577883464066,4230.345223591001
6684.165803108808,1.0,0.0,1.0,1.0,2.2802363140665026e-07,27792,1.1401181570332513e-07,512,126999,1.0,0.0,1.0,1.0,1.6702681063610025e-07,9264,8.351340531805013e-08,3468.653552814023,4237.971673068001
6684.276338514681,1.0,0.0,1.0,1.0,1.9182686049118415e-07,27792,9.591343024559207e-08,512,127001,1.0,0.0,1.0,1.0,1.3180706185145948e-07,9264,6.590353092572974e-08,3468.6982442230365,4238.979040455
6697.331606217616,1.0,0.0,1.0,1.0,2.3823568296336133e-07,27792,1.1911784148168066e-07,512,127249,1.0,0.0,1.0,1.0,1.760730281175915e-07,9264,8.803651405879575e-08,3475.334092322024,4246.163185969999
6697.442141623489,1.0,0.0,1.0,1.0,2.391042589120685e-07,27792,1.1955212945603426e-07,512,127251,1.0,0.0,1.0,1.0,1.3597629866217332e-07,9264,6.798814933108666e-08,3475.378290478031,4247.173742870997
6710.4974093264245,1.0,1.715735210785174e-11,1.0,1.0,2.479994144352487e-07,27792,1.240082858941896e-07,512,127499,1.0,0.0,1.0,1.0,1.2645396767474045e-07,9264,6.322698383737023e-08,3482.0318576389473,4254.3692819869975
6710.607944732297,1.0,5.730555240978913e-09,1.0,1.0,2.321042504072869e-07,27792,1.1891740314371351e-07,512,127501,1.0,5.391697483414964e-09,1.0,1.0,1.427577424870073e-07,9264,7.407472035413497e-08,3482.0758756919604,4255.365960037998
6723.663212435233,1.0,0.0,1.0,1.0,1.888165850034667e-07,27792,9.440829250173334e-08,512,127749,1.0,0.0,1.0,1.0,1.393219825226227e-07,9264,6.966099126131136e-08,3488.7705545049976,4262.597210998996
6723.773747841105,1.0,0.0,1.0,1.0,1.7950447668700703e-07,27792,8.975223834350352e-08,512,127751,1.0,0.0,1.0,1.0,1.2883455047068627e-07,9264,6.441727521079933e-08,3488.814682901,4263.593906579998
6736.829015544042,1.0,0.0,1.0,1.0,1.7066402809480982e-07,27792,8.533201404740491e-08,512,127999,1.0,0.0,1.0,1.0,1.2151264997315367e-07,9264,6.075632498657684e-08,3495.1529764739753,4270.47319497
6736.939550949914,1.0,3.707274591707826e-08,1.0,1.0,1.7388487974953417e-07,27792,1.0547881526314147e-07,512,128001,1.0,3.6738177273323524e-08,1.0,1.0,1.2041886871108367e-07,9264,7.857852240928857e-08,3495.1973594549563,4271.488638800998
6749.99481865285,1.0,0.0,1.0,1.0,1.5442403624546248e-07,27792,7.721201812273124e-08,512,128249,1.0,0.0,1.0,1.0,1.0107824244380423e-07,9264,5.0539121221902114e-08,3502.0846842220126,4278.923669454001
6750.055267702936,1.0,0.0,1.0,1.0,2.0316769458785988e-07,27792,1.0158384729392994e-07,512,128251,1.0,0.0,1.0,1.0,1.560246642243713e-07,9264,7.801233211218565e-08,3502.123269197,4279.9171795229995
6763.110535405872,1.0,0.0,1.0,1.0,1.4686664421376983e-07,27792,7.343332210688491e-08,512,128499,1.0,0.0,1.0,1.0,1.015286229634801e-07,9264,5.076431148174005e-08,3508.5177603500633,4286.852378058997
6763.2210708117445,1.0,0.0,1.0,1.0,1.821803212339065e-07,27792,9.109016061695324e-08,512,128501,1.0,0.0,1.0,1.0,1.3688992771637296e-07,9264,6.844496385818648e-08,3508.561978044061,4287.852294488999
6776.276338514681,1.0,0.0,1.0,1.0,1.6000264269655117e-07,27792,8.000132134827559e-08,512,128749,1.0,0.0,1.0,1.0,1.0365184541338068e-07,9264,5.182592270669034e-08,3515.1903314320953,4295.020643147996
6776.386873920553,1.0,8.847188428341138e-08,1.0,1.0,1.7114784052968903e-07,27792,1.298098659735811e-07,512,128751,1.0,8.945843210477821e-08,1.0,1.0,1.2407338492788223e-07,9264,1.0676590500656818e-07,3515.2343388961017,4296.018611364001
6789.442141623489,1.0,0.0,1.0,1.0,1.5928286743764618e-07,27792,7.964143371882309e-08,512,128999,1.0,0.0,1.0,1.0,1.0383199762125102e-07,9264,5.191599878608172e-08,3521.4633949851195,4302.786695180999
6789.552677029361,1.0,0.0,1.0,1.0,1.532577346928458e-07,27792,7.66288673464229e-08,512,129001,1.0,0.0,1.0,1.0,1.0661148882839359e-07,9264,5.330574438965301e-08,3521.507478082116,4303.785019654999
6802.607944732297,1.0,0.0,1.0,1.0,1.5131490268920894e-07,27792,7.565745134460447e-08,512,129249,1.0,0.0,1.0,1.0,1.127881359062895e-07,9264,5.639406795314475e-08,3528.5948843781225,4311.421494937997
6802.718480138169,1.0,0.0,1.0,1.0,1.5713052492566206e-07,27792,7.856526246283103e-08,512,129251,1.0,0.0,1.0,1.0,1.113340502284788e-07,9264,5.56670251142394e-08,3528.6764190891045,4312.492269563998
6815.773747841105,1.0,1.5441616303924962e-09,1.0,1.0,1.4343262679306258e-07,27792,7.248839428740423e-08,512,129499,1.0,1.454085542052854e-09,1.0,1.0,8.891797155416067e-08,9264,4.5186028615985686e-08,3534.9606667860935,4319.321571672001
6815.884283246977,1.0,8.986162585361976e-09,1.0,1.0,1.6169433739950587e-07,27792,8.534025055080516e-08,512,129501,1.0,8.685908939325768e-09,1.0,1.0,1.2345572021518388e-07,9264,6.60708151187522e-08,3535.00471998009,4320.320116522002
6828.939550949914,1.0,1.3331261611162471e-08,1.0,1.0,1.4074142038584735e-07,27792,7.703634191685174e-08,512,129749,1.0,1.2970957291551614e-08,1.0,1.0,9.235372837694005e-08,9264,5.266234367180268e-08,3541.720088551032,4327.5765644529965
6829.0,1.0,1.758628578271579e-10,1.0,1.0,1.3870407796800334e-07,27792,6.943997041879552e-08,48,129751,1.0,1.2868013774091424e-10,1.0,1.0,8.923967192535773e-08,9264,4.4684176036918277e-08,3541.759635381037,4328.584294050997
6842.055267702936,1.0,0.0,1.0,1.0,1.424057454898589e-07,27792,7.120287274492946e-08,512,129999,1.0,0.0,1.0,1.0,1.0285402844372439e-07,9264,5.1427014246405986e-08,3548.682179689029,4336.056899843999
6842.165803108808,1.0,0.0,1.0,1.0,1.553934486885726e-07,27792,7.76967243442863e-08,512,130001,1.0,0.0,1.0,1.0,1.0178598326043775e-07,9264,5.0892991630218875e-08,3548.7264011050283,4337.081258813996
6855.2210708117445,1.0,0.0,1.0,1.0,1.5174250081166614e-07,27792,7.587125040583307e-08,512,130249,1.0,0.0,1.0,1.0,9.824727912818254e-08,9264,4.912363956409127e-08,3555.6315354060644,4344.536828678996
6855.331606217616,1.0,0.0,1.0,1.0,1.3831347591183465e-07,27792,6.915673795591733e-08,512,130251,1.0,0.0,1.0,1.0,1.0114258325435735e-07,9264,5.057129162717868e-08,3555.6758798270675,4345.549477184999
6868.386873920553,1.0,3.408179233864798e-07,0.9995322394933794,0.9995322394933794,0.001241982915445682,27792,0.0006211618602647948,512,130499,1.0,3.407064004602312e-07,1.0,1.0,4.634652404389658e-05,9264,2.3343615236511977e-05,3562.604149453058,4353.022082812997
6868.4974093264245,1.0,3.409337355201107e-07,0.9995322394933794,0.9995322394933794,0.0012301253117342138,27792,0.0006152331098811202,512,130501,1.0,3.408350806087101e-07,1.0,1.0,4.4791259025167253e-05,9264,2.2566047067221557e-05,3562.6481918760546,4354.019915416
6881.552677029361,1.0,3.255607383755393e-09,0.9998200921128382,0.9998200921128382,0.0005365571774320894,27792,0.00026828021437525385,512,130749,1.0,3.1140592242636555e-09,1.0,1.0,6.068902943351279e-06,9264,3.036008501472233e-06,3569.4498311870266,4361.359526007
6881.663212435233,1.0,3.2641860603206478e-09,0.9998200921128382,0.9998200921128382,0.0005309317964298043,27792,0.0002654675281634495,512,130751,1.0,3.1140592242636555e-09,1.0,1.0,5.964187631545997e-06,9264,2.983650845569592e-06,3569.493868158017,4362.356820328001
6894.718480138169,1.0,3.766038602061041e-09,0.999892055267703,0.999892055267703,0.00017177331158359173,27792,8.588853881130195e-05,512,130999,1.0,3.4357596200045024e-09,1.0,1.0,8.35454830410649e-07,9264,4.194452951875168e-07,3576.093896561957,4369.495872362
6894.829015544042,1.0,3.568729057422707e-09,0.9999280368451353,0.9999280368451353,0.00016689077604616466,27792,8.34471723878079e-05,512,131001,1.0,3.281343441829915e-09,1.0,1.0,8.179672359316392e-07,9264,4.106242898589246e-07,3576.1379407019413,4370.493231004002
6907.884283246977,1.0,3.1226379340652932e-09,1.0,1.0,2.4941663690263626e-05,27792,1.2472393163219488e-05,512,131249,1.0,2.8695670625718648e-09,1.0,1.0,2.2529316920271522e-07,9264,1.1408136825689648e-07,3582.3974437669895,4377.290919097999
6907.99481865285,1.0,3.2598967427468437e-09,1.0,1.0,2.498031544322365e-05,27792,1.2491787670159224e-05,512,131251,1.0,2.972511156811132e-09,1.0,1.0,2.388303019730562e-07,9264,1.209014059160572e-07,3582.441443361975,4378.288286021001
6921.0,1.0,3.813221266412427e-09,1.0,1.0,7.39398828394765e-07,27792,3.7160602454040957e-07,48,131499,1.0,3.5129676577032346e-09,1.0,1.0,1.4114923591861421e-07,9264,7.233110201058683e-08,3588.829431262988,4385.218388551999
6921.110535405872,1.0,2.7537548788306852e-09,1.0,1.0,7.499257837216505e-07,27792,3.7633976944954866e-07,512,131501,1.0,2.1746942607862228e-09,1.0,1.0,1.5372128328338998e-07,9264,7.794798889634105e-08,3588.8738260419777,4386.231103058002
6934.165803108808,1.0,1.2782226916399662e-09,1.0,1.0,1.6226530856520305e-07,27792,8.177176568671302e-08,512,131749,1.0,7.720808256784919e-10,1.0,1.0,1.1286534399537679e-07,9264,5.6818712467668657e-08,3595.800990077034,4393.709079202999
6934.276338514681,1.0,1.1546896946948941e-08,1.0,1.0,1.988832375088424e-07,27792,1.0521506788648738e-07,512,131751,1.0,1.1336719408938541e-08,1.0,1.0,1.4578172283465443e-07,9264,7.855922195781934e-08,3595.8454240170176,4394.722035546998
6947.331606217616,1.0,3.0025366188740546e-11,1.0,1.0,1.8175602690200456e-07,27792,9.089302620044158e-08,512,131999,1.0,0.0,1.0,1.0,1.3815099160066282e-07,9264,6.907549580033141e-08,3602.7856092289585,4402.213168784998
6947.442141623489,1.0,1.7800752113932138e-09,1.0,1.0,1.8437235858193536e-07,27792,9.307621698461288e-08,512,132001,1.0,1.7629178615863423e-09,1.0,1.0,1.4104629651223893e-07,9264,7.14046072731994e-08,3602.8298852239604,4403.225849486997
6960.4974093264245,1.0,0.0,1.0,1.0,1.4127789980274118e-07,27792,7.063894993409564e-08,512,132249,1.0,0.0,1.0,1.0,1.0877331527375023e-07,9264,5.4386657636875115e-08,3609.5110834549923,4410.453730873996
6960.607944732297,1.0,0.0,1.0,1.0,1.641786543788518e-07,27792,8.20893271894259e-08,512,132251,1.0,0.0,1.0,1.0,1.281654136495088e-07,9264,6.40827068247544e-08,3609.5555253260027,4411.452728060998
6973.663212435233,1.0,0.0,1.0,1.0,5.317718566748718e-07,27792,2.658859283374359e-07,512,132499,1.0,0.0,1.0,1.0,1.3181992829550476e-07,9264,6.590996414775238e-08,3615.835855185993,4418.272359229995
6973.773747841105,1.0,0.0,1.0,1.0,2.1129751189030078e-07,27792,1.0564875594515039e-07,512,132501,1.0,0.0,1.0,1.0,1.0936524395675281e-07,9264,5.46826220029202e-08,3615.880294317998,4419.273905219001
6986.829015544042,1.0,0.0,1.0,1.0,1.3629335623177911e-07,27792,6.814667814861461e-08,512,132749,1.0,0.0,1.0,1.0,9.824728310427661e-08,9264,4.9123641527594514e-08,3622.182727635016,4426.115603099999
6986.939550949914,1.0,0.0,1.0,1.0,1.6949308900933552e-07,27792,8.474654450466776e-08,512,132751,1.0,0.0,1.0,1.0,1.3677411558274202e-07,9264,6.838705779137101e-08,3622.2270815220254,4427.115422441995
6999.99481865285,1.0,0.0,1.0,1.0,1.5236053099776795e-07,27792,7.618026549888398e-08,512,132999,1.0,0.0,1.0,1.0,1.1112816204000026e-07,9264,5.556408099545634e-08,3628.801386971063,4434.229106735998
7000.055267702936,1.0,0.0,1.0,1.0,1.397802882322598e-07,27792,6.989014414885495e-08,512,133001,1.0,0.0,1.0,1.0,9.873626452689095e-08,9264,4.9368132263445476e-08,3628.840881620061,4435.221232135002
7013.110535405872,1.0,0.0,1.0,1.0,1.309018433652225e-07,27792,6.545092168261125e-08,512,133249,1.0,0.0,1.0,1.0,8.91881990805649e-08,9264,4.459409954028245e-08,3635.180983273007,4442.100842847998
7013.2210708117445,1.0,0.0,1.0,1.0,1.285128065588048e-07,27792,6.42564032794024e-08,512,133251,1.0,0.0,1.0,1.0,9.183901092462994e-08,9264,4.591950546231497e-08,3635.225384751997,4443.101770535002
7026.276338514681,1.0,2.0711926338510667e-07,0.9967256764536557,0.9967256764536557,0.015809861386584082,27792,0.007905034169288772,512,133499,1.0,2.0736804494004895e-07,0.9995682210708118,0.9995682210708118,0.007116941776969478,9264,0.003558574508174302,3642.115768818003,4450.547543713998
7026.386873920553,1.0,2.1481862560242288e-07,0.9969415659182499,0.9969415659182499,0.015482704874147405,27792,0.007741459764896211,512,133501,1.0,2.1555210238330205e-07,0.9992443868739206,0.9992443868739206,0.0073312646154449395,9264,0.0036657401095168576,3642.1619252390155,4451.558721720998
7039.442141623489,1.0,2.3831989643931602e-07,0.9997841105354058,0.9997841105354058,0.0010379228746828398,27792,0.0005190805994482495,512,133749,1.0,2.3823839842289513e-07,1.0,1.0,1.0115221604811018e-05,9264,5.176730016637756e-06,3649.244736144996,4459.1984783009975
7039.552677029361,1.0,2.38285581733055e-07,0.9997841105354058,0.9997841105354058,0.001041029906329293,27792,0.000520634098114123,512,133751,1.0,2.3819979437835148e-07,1.0,1.0,9.967883541663933e-06,9264,5.103041682256541e-06,3649.2949331230047,4460.241076086997
7052.607944732297,1.0,1.737181836748203e-09,0.9998200921128382,0.9998200921128382,0.0004949159644089455,27792,0.00024745885079547497,512,133999,1.0,1.6342377261464085e-09,1.0,1.0,1.985037880725491e-06,9264,9.933360593055861e-07,3656.948480293977,4468.477310367001
7052.718480138169,1.0,1.8058112431342942e-09,0.9998200921128382,0.9998200921128382,0.0005063891046099841,27792,0.0002531954530660314,512,134001,1.0,1.6985777881139246e-09,1.0,1.0,1.959057471060002e-06,9264,9.803780245099613e-07,3657.015829674987,4469.534433978995
7065.773747841105,1.0,1.9130446815364723e-09,0.999892055267703,0.999892055267703,0.00018468374159496983,27792,9.234282731992194e-05,512,134249,1.0,1.827257924320852e-09,1.0,1.0,4.609578382064251e-07,9264,2.313925481574122e-07,3664.7552652469603,4477.828724977997
7065.884283246977,1.0,1.9087553432538447e-09,0.999892055267703,0.999892055267703,0.0001894859372147975,27792,9.474392298516663e-05,512,134251,1.0,1.8529939540166164e-09,1.0,1.0,4.549356072576162e-07,9264,2.2839430069785563e-07,3664.803484351971,4478.842043493998
7078.939550949914,1.0,1.2439079935602102e-09,0.9999640184225677,0.9999640184225677,7.584600662640012e-05,27792,3.792362526725104e-05,512,134499,1.0,1.3511414363086845e-09,1.0,1.0,2.1726353265004445e-07,9264,1.0930733710453605e-07,3671.469678370995,4486.058041407996
7079.0,1.0,1.6599737596771402e-09,1.0,1.0,4.3676191376277625e-05,27792,2.18389256750965e-05,48,134501,1.0,1.7371818081137809e-09,1.0,1.0,2.229640632276563e-07,9264,1.1235062261606021e-07,3671.510533215005,4487.063943779001
7092.055267702936,1.0,1.2782226893389856e-09,1.0,1.0,9.081748165151515e-06,27792,4.541513193979869e-06,512,134749,1.0,1.2481973297975217e-09,1.0,1.0,1.4247464616035387e-07,9264,7.186142180029923e-08,3678.426699780939,4494.534997294999
7092.165803108808,1.0,1.415481483703325e-09,1.0,1.0,7.546055187041875e-06,27792,3.77373533355217e-06,512,134751,1.0,1.428349513124083e-09,1.0,1.0,1.882204247091768e-07,9264,9.482438717864586e-08,3678.4755186199327,4495.5478577589965
7105.2210708117445,1.0,4.345099171017923e-09,1.0,1.0,3.0513275809793546e-07,27792,1.5473892888911852e-07,512,134999,1.0,4.272180484640707e-09,1.0,1.0,2.1203912019260684e-07,9264,1.0815565056105188e-07,3685.4077170319215,4503.039300117998
7105.331606217616,1.0,1.3854561412913816e-09,1.0,1.0,2.6285144216751637e-07,27792,1.3211844921640252e-07,512,135001,1.0,9.651010276879025e-10,1.0,1.0,1.1367602897988096e-07,9264,5.732056504673606e-08,3685.4567464029096,4504.076413579998
7118.386873920553,1.0,2.891013674984676e-09,0.9916522740356937,0.9916522740356937,0.034189867266444685,27792,0.017094935177384127,512,135249,1.0,2.7794908627625074e-09,0.9957901554404145,0.9957901554404145,0.02064422188754578,9264,0.010322112301348456,3692.4385963909153,4511.625027582995
7118.4974093264245,1.0,2.7451761979191344e-09,0.9911125503742084,0.9911125503742084,0.03087673080193976,27792,0.015438366842187542,512,135251,1.0,2.7280188279147685e-09,0.9958981001727115,0.9958981001727115,0.01503134091000277,9264,0.007515671722500847,3692.4837542909227,4512.643790214999
7131.552677029361,1.0,9.483297295654784e-08,0.9960060449050087,0.9960060449050087,0.014981067848805216,27792,0.007490581259395226,512,135499,1.0,9.38978972272976e-08,0.9988126079447323,0.9988126079447323,0.004112092478905317,9264,0.002056093156234794,3699.364639622916,4520.078688121001
7131.663212435233,1.0,8.23424198775368e-08,0.9967976396085204,0.9967976396085204,0.01252234489407667,27792,0.00626121359466048,512,135501,1.0,8.23552879087472e-08,0.9993523316062176,0.9993523316062176,0.003180389699891261,9264,0.0015902360340271512,3699.410044150907,4521.095686267996
7144.718480138169,1.0,2.230455748454278e-10,0.999496257915947,0.999496257915947,0.002020147484317036,27792,0.0010100738408132983,512,135749,1.0,2.0588822452722743e-10,1.0,1.0,3.556684923484127e-05,9264,1.7783527567822628e-05,3706.4216648039146,4528.662488026996
7144.829015544042,1.0,2.1017756050887449e-10,0.999496257915947,0.999496257915947,0.001996643324401369,27792,0.0009983217565661267,512,135751,1.0,2.0588822452722743e-10,1.0,1.0,3.4770714945444556e-05,9264,1.738546041055785e-05,3706.466078133919,4529.6648674809985
7157.884283246977,1.0,8.57867605392587e-12,0.9997121473805411,0.9997121473805411,0.0010404438008251346,27792,0.0005202219047019056,512,135999,1.0,0.0,1.0,1.0,5.994301576035448e-06,9264,2.997150788017724e-06,3713.4866582698523,4537.23425953
7157.99481865285,1.0,8.57867605392587e-12,0.9997121473805411,0.9997121473805411,0.0010357436828023583,27792,0.0005178718456905174,512,136001,1.0,0.0,1.0,1.0,5.902464112302285e-06,9264,2.9512320561511425e-06,3713.5315987158538,4538.241191023
7171.0,1.0,3.860404224266642e-11,0.9998560736902706,0.9998560736902706,0.0006514832970535326,27792,0.0003257416656841194,48,136249,1.0,2.573602816177761e-11,1.0,1.0,6.369150159020724e-07,9264,3.184703759658841e-07,3720.5006917547435,4545.766013973996
7171.110535405872,1.0,3.431470421570348e-11,0.9998560736902706,0.9998560736902706,0.0006498278801663332,27792,0.0003249139550958506,512,136251,1.0,1.2868014080888805e-11,1.0,1.0,6.279074180749756e-07,9264,3.1396014324126206e-07,3720.5526755987594,4546.784145190999
7184.165803108808,1.0,1.3725881635148495e-10,0.9999280368451353,0.9999280368451353,0.00037210204526247207,27792,0.0001860510869713103,512,136499,1.0,6.434007040444402e-11,1.0,1.0,3.07648442041575e-07,9264,1.538563910579072e-07,3727.793127304656,4554.576822693998
7184.276338514681,1.0,1.329694785801865e-10,0.9999280368451353,0.9999280368451353,0.0003706932380835708,27792,0.00018534668123719052,512,136501,1.0,5.147205632355522e-11,1.0,1.0,3.00107785340716e-07,9264,1.5007962870005378e-07,3727.8375273946585,4555.588274968999
7197.331606217616,1.0,5.404565834717308e-10,1.0,1.0,3.3764582499365764e-06,27792,1.6884993532800936e-06,512,136749,1.0,5.533245985752776e-10,1.0,1.0,2.2422513025355135e-07,9264,1.1238922744600515e-07,3734.984820287689,4563.290594368998
7197.442141623489,1.0,4.5038048464984466e-10,1.0,1.0,2.8958517461818446e-06,27792,1.4481510633507602e-06,512,136751,1.0,4.375124756822456e-10,1.0,1.0,2.2246221221939148e-07,9264,1.1144986236210975e-07,3735.0434946506793,4564.327931380998
7210.4974093264245,1.0,6.991620840777473e-10,1.0,1.0,2.1320136927088206e-07,27792,1.0695026570547517e-07,512,136999,1.0,4.761165156239316e-10,1.0,1.0,1.7465755119673223e-07,9264,8.756683387305194e-08,3741.9544285326556,4571.7938224269965
7210.607944732297,1.0,2.4492119011591272e-09,1.0,1.0,2.4776066206216683e-07,27792,1.2510493711077353e-07,512,137001,1.0,2.444922587931619e-09,1.0,1.0,2.1946396475983492e-07,9264,1.1095444379046628e-07,3742.0017200306465,4572.821667263001
7223.663212435233,1.0,1.1023598381591044e-09,1.0,1.0,2.2781959514534217e-07,27792,1.144609775419887e-07,512,137249,1.0,9.522330243449222e-10,1.0,1.0,2.0600402908296303e-07,9264,1.0347813109085317e-07,3748.9462208876066,4580.319706875998
7223.773747841105,1.0,4.194972357459405e-09,1.0,1.0,1.703381776631601e-07,27792,8.726657525178486e-08,512,137251,1.0,4.014820213760839e-09,1.0,1.0,1.3830540934964003e-07,9264,7.116011499108964e-08,3748.992629446606,4581.337378901
7236.829015544042,1.0,5.533245896270206e-10,1.0,1.0,2.39383650108104e-07,27792,1.1996848737328144e-07,512,137499,1.0,4.3751247108028487e-10,1.0,1.0,2.2452109459505264e-07,9264,1.1247930354994032e-07,3756.0446957246313,4588.9442325639975
7236.939550949914,1.0,2.48352661560141e-09,1.0,1.0,1.4310088428088378e-07,27792,7.279220557326253e-08,512,137501,1.0,2.4706585800447047e-09,1.0,1.0,1.2285092351733342e-07,9264,6.266079118406341e-08,3756.0891636836386,4589.955590742
7249.99481865285,1.0,4.93273864919474e-10,1.0,1.0,1.632693528857979e-07,27792,8.188131339415003e-08,512,137749,1.0,4.1177644138452034e-10,1.0,1.0,1.3220597031174382e-07,9264,6.630887339343803e-08,3763.368219038588,4597.801816934996
7250.055267702936,1.0,1.0637558007740632e-09,1.0,1.0,2.2313134892603124e-07,27792,1.1209755247551153e-07,512,137751,1.0,1.0809131367750524e-09,1.0,1.0,2.0229804080677296e-07,9264,1.0168947702699754e-07,3763.420041372592,4598.853579356
7263.110535405872,1.0,4.289338026962935e-12,1.0,1.0,2.2969832583673383e-07,27792,1.1485130758750824e-07,512,137999,1.0,0.0,1.0,1.0,2.0931110104485583e-07,9264,1.0465555052242792e-07,3770.4445807596276,4606.449459857002
7263.2210708117445,1.0,5.506222843275146e-08,1.0,1.0,1.4818374857499467e-07,27792,1.0162298838933538e-07,512,138001,1.0,5.567989315363107e-08,1.0,1.0,1.270587643725909e-07,9264,9.136932524107705e-08,3770.4891363936185,4607.453067654002
7276.276338514681,1.0,3.529267039888767e-08,1.0,1.0,1.8110012584346972e-07,27792,1.0819640009286319e-07,512,138249,1.0,3.5901757486313125e-08,1.0,1.0,1.507230421070438e-07,9264,9.331240098091636e-08,3776.799694573572,4614.303861118002
7276.386873920553,1.0,0.0,1.0,1.0,1.827086292702576e-07,27792,9.13543146351288e-08,512,138251,1.0,0.0,1.0,1.0,1.5491801651825601e-07,9264,7.745900825912801e-08,3776.845498119568,4615.318664079998
7289.442141623489,1.0,7.291874620270541e-11,1.0,1.0,1.6564993406185353e-07,27792,8.286142640632909e-08,512,138499,1.0,2.573602816177761e-11,1.0,1.0,1.3233465046022265e-07,9264,6.61801932449592e-08,3783.8050224945546,4622.832846658996
7289.552677029361,1.0,4.856817027285355e-08,1.0,1.0,1.513964660902878e-07,27792,9.998231649623038e-08,512,138501,1.0,4.9760606323605237e-08,1.0,1.0,1.2242627907644088e-07,9264,8.609343915344533e-08,3783.8501224965585,4623.845978238998
7302.607944732297,1.0,1.801521953427919e-10,1.0,1.0,1.588985166521997e-07,27792,7.953933443003503e-08,512,138749,1.0,9.007609856622163e-11,1.0,1.0,1.3278503097989852e-07,9264,6.643755354191685e-08,3790.819430079544,4631.370405289999
7302.718480138169,1.0,0.0,1.0,1.0,1.5496519397063122e-07,27792,7.748259698531561e-08,512,138751,1.0,0.0,1.0,1.0,1.3218023428204806e-07,9264,6.609011714102403e-08,3790.86380741655,4632.3733080189995
7315.773747841105,1.0,0.0,1.0,1.0,1.5532121218969448e-07,27792,7.766060609484724e-08,512,138999,1.0,0.0,1.0,1.0,1.2499988199692976e-07,9264,6.249994099846488e-08,3797.931959093541,4639.995537242001
7315.884283246977,1.0,0.0,1.0,1.0,1.5597319056145213e-07,27792,7.798659528072606e-08,512,139001,1.0,0.0,1.0,1.0,1.2638962760050105e-07,9264,6.319481380025052e-08,3797.9852060255434,4641.020338203001
7328.939550949914,1.0,0.0,1.0,1.0,1.5247308633402123e-07,27792,7.623654319973567e-08,512,139249,1.0,0.0,1.0,1.0,1.2770216511498504e-07,9264,6.385108255749252e-08,3804.9970307566036,4648.584916323001
7329.0,1.0,0.0,1.0,1.0,1.7519799689017524e-07,27792,8.759899844508762e-08,48,139251,1.0,0.0,1.0,1.0,1.5121202352965814e-07,9264,7.560601176482907e-08,3805.0383673926044,4649.590672990002
7342.055267702936,1.0,0.0,1.0,1.0,1.6274604837930872e-07,27792,8.137302418965436e-08,512,139499,1.0,0.0,1.0,1.0,1.3827967331994425e-07,9264,6.913983665997212e-08,3811.9379704326566,4657.038384777996
7342.165803108808,1.0,0.0,1.0,1.0,1.517867927324017e-07,27792,7.589339636620085e-08,512,139501,1.0,0.0,1.0,1.0,1.259907191402167e-07,9264,6.299535957010834e-08,3811.9835278616592,4658.044910231998
7355.2210708117445,1.0,0.0,1.0,1.0,1.6622899054120131e-07,27792,8.311449527060066e-08,512,139749,1.0,0.0,1.0,1.0,1.4349121933333658e-07,9264,7.174560966666829e-08,3817.358925813576,4663.9401542179985
7355.331606217616,1.0,1.0079944250768258e-07,1.0,1.0,1.2924632686400586e-07,27792,1.1502288118426343e-07,512,139751,1.0,1.0046058479971754e-07,1.0,1.0,1.054533674920842e-07,9264,1.0295697261159504e-07,3817.4039090555743,4664.946964331
7368.386873920553,1.0,0.0,1.0,1.0,1.6868678294794942e-07,27792,8.434339147397471e-08,512,139999,1.0,0.0,1.0,1.0,1.4836819538988134e-07,9264,7.418409769494067e-08,3822.7825803475716,4670.840230301001
7368.4974093264245,1.0,0.0,1.0,1.0,1.3839977266472932e-07,27792,6.919988636508971e-08,512,140001,1.0,0.0,1.0,1.0,1.1299402414385561e-07,9264,5.6497012071927805e-08,3822.8269192715743,4671.856915454999
7381.552677029361,1.0,0.0,1.0,1.0,1.3983669732420344e-07,27792,6.991834866210172e-08,512,140249,1.0,0.0,1.0,1.0,1.1671288043489359e-07,9264,5.8356440217446795e-08,3829.971731092599,4679.558243833002
7381.663212435233,1.0,0.0,1.0,1.0,1.2909619792971044e-07,27792,6.454809896485522e-08,512,140251,1.0,0.0,1.0,1.0,1.0151575494863222e-07,9264,5.075787744977232e-08,3830.0216571045967,4680.567973038997
7394.718480138169,1.0,0.0,1.0,1.0,1.3272926640789412e-07,27792,6.636463323667211e-08,512,140499,1.0,0.0,1.0,1.0,1.0734496567472288e-07,9264,5.367248283736144e-08,3837.117367983643,4688.215435819002
7394.829015544042,1.0,0.0,1.0,1.0,1.437228378082639e-07,27792,7.1861418936857e-08,512,140501,1.0,0.0,1.0,1.0,1.213453657801312e-07,9264,6.06726828900656e-08,3837.1765791616344,4689.246533220001
7407.884283246977,1.0,0.0,1.0,1.0,1.3052454600702278e-07,27792,6.526227303623644e-08,512,140749,1.0,0.0,1.0,1.0,1.0604529617508678e-07,9264,5.302264808754339e-08,3844.463733325625,4697.083933324
7407.99481865285,1.0,0.0,1.0,1.0,1.4946196981241504e-07,27792,7.473098493893257e-08,512,140751,1.0,0.0,1.0,1.0,1.3088056478241196e-07,9264,6.544028239120598e-08,3844.508306131618,4698.090998373998
7421.0,1.0,0.0,1.0,1.0,1.5555711637042343e-07,27792,7.777855818521172e-08,48,140999,1.0,0.0,1.0,1.0,1.4112350303052364e-07,9264,7.056175151526182e-08,3851.7482499856196,4705.886935137001
7421.110535405872,1.0,0.0,1.0,1.0,1.1250932888519366e-07,27792,5.6254664475321884e-08,512,141001,1.0,0.0,1.0,1.0,8.86734800574522e-08,9264,4.43367400287261e-08,3851.799002331616,4706.912726265997
7434.165803108808,1.0,0.0,1.0,1.0,1.4605623416880715e-07,27792,7.302811708440358e-08,512,141249,1.0,0.0,1.0,1.0,1.2905330667401266e-07,9264,6.452665333700633e-08,3859.125667121625,4714.794659646999
7434.276338514681,1.0,0.0,1.0,1.0,1.0718626014190315e-07,27792,5.359313007095157e-08,512,141251,1.0,0.0,1.0,1.0,8.231668229340097e-08,9264,4.1158341146700485e-08,3859.171266646641,4715.805819697001
7447.331606217616,1.0,0.0,1.0,1.0,1.1283102932184082e-07,27792,5.641551466092041e-08,512,141499,1.0,0.0,1.0,1.0,8.842898620453985e-08,9264,4.421449310226993e-08,3866.2166966857258,4723.409277385996
7447.442141623489,1.0,0.0,1.0,1.0,1.3329546010840267e-07,27792,6.664773008692639e-08,512,141501,1.0,0.0,1.0,1.0,1.1644265212308806e-07,9264,5.822132606154403e-08,3866.2616629997356,4724.414298263
7460.4974093264245,1.0,2.414897205636016e-09,1.0,1.0,1.0992285744261857e-07,27792,5.6168877447868905e-08,512,141749,1.0,2.509262636093253e-09,1.0,1.0,8.26512498940446e-08,9264,4.258025639469082e-08,3873.2873004607245,4732.000052313
7460.607944732297,1.0,4.4866473404805755e-09,1.0,1.0,1.1766082363902833e-07,27792,6.107373577405336e-08,512,141751,1.0,4.7225608079662615e-09,1.0,1.0,9.461849977556862e-08,9264,4.9670530612370706e-08,3873.3384751967315,4733.040977140998
7473.663212435233,1.0,0.0,1.0,1.0,1.1703029150053307e-07,27792,5.8515145750266535e-08,512,141999,1.0,0.0,1.0,1.0,9.774542659820271e-08,9264,4.887271329910136e-08,3880.8939664357604,4741.154738690995
7473.773747841105,1.0,0.0,1.0,1.0,1.0284973907271671e-07,27792,5.142486956908341e-08,512,142001,1.0,0.0,1.0,1.0,7.56124481284569e-08,9264,3.780622406422845e-08,3880.9455173817623,4742.171951577002
7486.829015544042,1.0,9.36889907416352e-07,0.9950705238917674,0.9950705238917674,0.016197376105468987,27792,0.008099156416304919,512,142249,1.0,9.364438159731582e-07,0.9987046632124352,0.9987046632124352,0.004300703385455569,9264,0.0021508198763470652,3888.355424315807,4750.1451103599975
7486.939550949914,1.0,9.433453615317062e-07,0.9953943580886586,0.9953943580886586,0.015423676130942525,27792,0.007712309678215437,512,142251,1.0,9.433282039167753e-07,0.9994602763385146,0.9994602763385146,0.003109755717935314,9264,0.0015553494910138543,3888.4011075888047,4751.1694675109975
7499.99481865285,1.0,2.4105220427084864e-07,0.9966896948762234,0.9966896948762234,0.011898830623103753,27792,0.0059495357947748975,512,142499,1.0,2.4097928558549403e-07,0.9992443868739206,0.9992443868739206,0.0029220524859664533,9264,0.0014611467390742623,3895.5824513368207,4758.910534149996
7500.055267702936,1.0,2.4000989506817014e-07,0.9964378238341969,0.9964378238341969,0.012759927927774297,27792,0.006380083996729649,512,142501,1.0,2.400913925609902e-07,0.9991364421416234,0.9991364421416234,0.0033388120063543576,9264,0.0016695260360196798,3895.6304509038164,4759.922920042001
7513.110535405872,1.0,5.275885696465065e-10,0.999892055267703,0.999892055267703,0.00063373586798283,27792,0.00031686819993038853,512,142749,1.0,6.305326845945973e-10,1.0,1.0,8.352509691367499e-06,9264,4.176570112047523e-06,3902.748321035804,4767.602239546002
7513.2210708117445,1.0,5.018525425073868e-10,0.9998560736902706,0.9998560736902706,0.000632103072789272,27792,0.00031605178946559465,512,142751,1.0,6.047966548988327e-10,1.0,1.0,8.23607337105149e-06,9264,4.11833908387467e-06,3902.8016957838117,4768.654447515997
7526.276338514681,1.0,0.0,0.999892055267703,0.999892055267703,0.0005050763904954005,27792,0.0002525381955157839,512,142999,1.0,0.0,1.0,1.0,1.325171487599419e-06,9264,6.625857441924102e-07,3910.210175263848,4776.632969259001
7526.386873920553,1.0,0.0,0.999892055267703,0.999892055267703,0.0005029425743014793,27792,0.0002514712871507397,512,143001,1.0,0.0,1.0,1.0,1.3088549209562301e-06,9264,6.544274608708157e-07,3910.2552957178414,4777.648993737996
7539.442141623489,1.0,0.0,0.999892055267703,0.999892055267703,0.00048569504373979517,27792,0.00024284752186989758,512,143249,1.0,0.0,1.0,1.0,2.339919377168929e-07,9264,1.1699596885844645e-07,3917.2281877258138,4785.173333621999
7539.552677029361,1.0,0.0,0.9998560736902706,0.9998560736902706,0.00048637039911410214,27792,0.00024318519955705107,512,143251,1.0,0.0,1.0,1.0,2.3266653218756102e-07,9264,1.1633326609378051e-07,3917.27312993582,4786.178450241998
7552.607944732297,1.0,0.0,0.9999640184225677,0.9999640184225677,4.653871568447824e-05,27792,2.326935784223912e-05,512,143499,1.0,0.0,1.0,1.0,1.3807378508237815e-07,9264,6.903689254118907e-08,3924.08877137892,4793.545605432002
7552.718480138169,1.0,0.0,0.9999640184225677,0.9999640184225677,4.459850698976466e-05,27792,2.229925349488233e-05,512,143501,1.0,0.0,1.0,1.0,1.377392166963332e-07,9264,6.88696083481666e-08,3924.133139087913,4794.553286893002
7565.773747841105,1.0,0.0,1.0,1.0,1.7582983299117364e-07,27792,8.791491652831187e-08,512,143749,1.0,0.0,1.0,1.0,1.2169280218102402e-07,9264,6.084640109051201e-08,3930.943509814977,4801.9202164009985
7565.884283246977,1.0,0.0,1.0,1.0,1.5885245888754835e-07,27792,7.942622944377418e-08,512,143751,1.0,0.0,1.0,1.0,1.1075498960941169e-07,9264,5.537749478016205e-08,3931.001603437988,4802.949546484997
7578.939550949914,1.0,4.5466982395513005e-10,1.0,1.0,1.4083182171136954e-07,27792,7.064324578466403e-08,512,143999,1.0,4.761165140899447e-10,1.0,1.0,1.1734341316243982e-07,9264,5.890976485590573e-08,3937.963136054961,4810.5019887829985
7579.0,1.0,3.946190936229648e-10,1.0,1.0,1.2531299894642871e-07,27792,6.285380903421523e-08,48,144001,1.0,3.8604041782470343e-10,1.0,1.0,9.917377781712024e-08,9264,4.9779909131278355e-08,3938.014640548965,4811.546623549002
7592.055267702936,1.0,5.914996655209018e-09,1.0,1.0,1.3879867850700933e-07,27792,7.235683799937628e-08,512,144249,1.0,5.957890086100215e-09,1.0,1.0,1.1536173887586595e-07,9264,6.065981487521772e-08,3944.977094814909,4819.065762125996
7592.165803108808,1.0,7.806595027550758e-10,1.0,1.0,1.220531060404388e-07,27792,6.14168828039385e-08,512,144251,1.0,6.176646659117477e-10,1.0,1.0,9.531337257735427e-08,9264,4.796551862048252e-08,3945.0228126299044,4820.0774377080015
7605.2210708117445,1.0,5.318779033271732e-10,1.0,1.0,1.3532860593076721e-07,27792,6.793024193890651e-08,512,144499,1.0,2.8309630594458646e-10,1.0,1.0,1.1336719662353178e-07,9264,5.6825146450548803e-08,3951.740596277996,4827.350695093002
7605.331606217616,1.0,1.2756490314015452e-08,1.0,1.0,1.332997494466853e-07,27792,7.302812074960962e-08,512,144501,1.0,1.3189713543965613e-08,1.0,1.0,1.100215127630824e-07,9264,6.160561396653707e-08,3951.7886980429976,4828.3716499639995
7618.386873920553,1.0,0.0,1.0,1.0,1.3141243903152664e-07,27792,6.570621951576332e-08,512,144749,1.0,0.0,1.0,1.0,1.124278314905488e-07,9264,5.62139157452744e-08,3959.086459467013,4836.2310311409965
7618.4974093264245,1.0,4.289338026962935e-12,1.0,1.0,1.364566992810939e-07,27792,6.823049430968826e-08,512,144751,1.0,0.0,1.0,1.0,1.1792247383059452e-07,9264,5.896123691529726e-08,3959.138859687002,4837.261494694001
7631.552677029361,1.0,0.0,1.0,1.0,1.2345571965885796e-07,27792,6.172785982942898e-08,512,144999,1.0,0.0,1.0,1.0,1.0311138878976962e-07,9264,5.155569439488481e-08,3966.7054257049604,4845.384816633996
7631.663212435233,1.0,0.0,1.0,1.0,1.2800241823844305e-07,27792,6.400120911922152e-08,512,145001,1.0,0.0,1.0,1.0,1.0863176711042352e-07,9264,5.431588357975555e-08,3966.751294537942,4846.435030369998
7644.718480138169,1.0,0.0,1.0,1.0,1.369585550017665e-07,27792,6.847927750088325e-08,512,145249,1.0,0.0,1.0,1.0,1.213453658292188e-07,9264,6.06726828900656e-08,3974.1425680060056,4854.391755261997
7644.829015544042,1.0,0.0,1.0,1.0,1.1853155983400256e-07,27792,5.926577991700128e-08,512,145251,1.0,0.0,1.0,1.0,9.518469321427674e-08,9264,4.759234660713837e-08,3974.1915953820135,4855.409838100997
7657.884283246977,1.0,0.0,1.0,1.0,1.0145141511983071e-07,27792,5.072570755991536e-08,512,145499,1.0,0.0,1.0,1.0,7.641026504902561e-08,9264,3.8205132524512804e-08,3981.5401604740036,4863.311044189002
7657.99481865285,1.0,0.0,1.0,1.0,1.254545518876133e-07,27792,6.272727594380665e-08,512,145501,1.0,0.0,1.0,1.0,1.0998290871853875e-07,9264,5.4991454359269374e-08,3981.585438419992,4864.322532029
7671.0,1.0,0.0,1.0,1.0,1.313609701137403e-07,27792,6.568048505687015e-08,48,145749,1.0,0.0,1.0,1.0,1.2036739670077973e-07,9264,6.018369835038986e-08,3988.4585579979466,4871.7613200060005
7671.110535405872,1.0,0.0,1.0,1.0,1.1016306091004657e-07,27792,5.5081530455023286e-08,512,145751,1.0,0.0,1.0,1.0,9.273976960777782e-08,9264,4.636988480388891e-08,3988.5069078619417,4872.806200599
7684.165803108808,1.0,0.0,1.0,1.0,1.0726346823099044e-07,27792,5.363173411549522e-08,512,145999,1.0,0.0,1.0,1.0,8.783705982865357e-08,9264,4.391852993887058e-08,3995.5219061319367,4880.387700854
7684.276338514681,1.0,0.0,1.0,1.0,1.1854013857601793e-07,27792,5.927006928800896e-08,512,146001,1.0,0.0,1.0,1.0,1.0235217591374456e-07,9264,5.117608795687228e-08,3995.5726633669256,4881.416318228999
7697.331606217616,1.0,1.715735210785174e-11,1.0,1.0,9.67760361299664e-08,27792,4.839659674154845e-08,512,146249,1.0,0.0,1.0,1.0,7.540655989089079e-08,9264,3.7703279945445394e-08,4002.641129889904,4889.042025638002
7697.442141623489,1.0,4.9417459252813774e-08,1.0,1.0,1.1663996165136387e-07,27792,8.302870693414551e-08,512,146251,1.0,4.9979362576019234e-08,1.0,1.0,1.0181172002644723e-07,9264,7.589553817189994e-08,4002.6879048388946,4890.049411891996
7710.4974093264245,1.0,4.332231343316443e-10,1.0,1.0,9.774971592012282e-08,27792,4.9091469543334095e-08,512,146499,1.0,3.6030439042991927e-10,1.0,1.0,7.746544226655195e-08,9264,3.8912873341146326e-08,4009.9247900808477,4897.843394800999
7710.607944732297,1.0,0.0,1.0,1.0,1.2090785330802825e-07,27792,6.045392665401413e-08,512,146501,1.0,0.0,1.0,1.0,1.1094800983212992e-07,9264,5.547400491606496e-08,4009.9737238098605,4898.8626312199995
7723.663212435233,1.0,0.0,1.0,1.0,1.0269961229827487e-07,27792,5.134980614913743e-08,512,146749,1.0,0.0,1.0,1.0,8.541787387174059e-08,9264,4.2708936935870294e-08,4017.3568976048336,4906.804023395998
7723.773747841105,1.0,0.0,1.0,1.0,1.1122252746585554e-07,27792,5.561126373292777e-08,512,146751,1.0,0.0,1.0,1.0,9.80413925105066e-08,9264,4.90206962552533e-08,4017.402017571847,4907.832685075999
7736.829015544042,1.0,0.0,1.0,1.0,1.0815565059377693e-07,27792,5.4077825296888466e-08,512,146999,1.0,0.0,1.0,1.0,9.49273344881217e-08,9264,4.746366724406085e-08,4024.453567437886,4915.448463973997
7736.939550949914,1.0,5.470621335529339e-08,1.0,1.0,1.0758516860218749e-07,27792,8.114568742807208e-08,512,147001,1.0,5.5049360426084844e-08,1.0,1.0,9.316441640487424e-08,9264,7.41068864642482e-08,4024.49884015289,4916.461231522997
7749.99481865285,1.0,0.0,1.0,1.0,1.0874328993849689e-07,27792,5.4371644969248444e-08,512,147249,1.0,0.0,1.0,1.0,9.622700241695521e-08,9264,4.8113501208477605e-08,4031.3000024899375,4923.819921185997
7750.055267702936,1.0,3.2170033724481294e-09,1.0,1.0,9.527905785473071e-08,27792,4.924803078335064e-08,512,147251,1.0,2.8695670625718648e-09,1.0,1.0,7.511059554938949e-08,9264,3.899008143023362e-08,4031.347466096937,4924.841516640001
7763.110535405872,1.0,0.0,1.0,1.0,1.0760661529360062e-07,27792,5.380330764680031e-08,512,147499,1.0,0.0,1.0,1.0,9.593103802636633e-08,9264,4.7965519013183164e-08,4038.2976445379536,4932.347643271001
7763.2210708117445,1.0,0.0,1.0,1.0,9.775829512028894e-08,27792,4.887914756014447e-08,512,147501,1.0,0.0,1.0,1.0,7.9537192657061e-08,9264,3.97685963285305e-08,4038.3454284619656,4933.373957964999
7776.276338514681,1.0,0.0,1.0,1.0,9.910085800275132e-08,27792,4.955042900137566e-08,512,147749,1.0,0.0,1.0,1.0,8.123577061698145e-08,9264,4.061788530849072e-08,4045.7106029959687,4941.305998969998
7776.386873920553,1.0,0.0,1.0,1.0,9.622271253870918e-08,27792,4.811135626935459e-08,512,147751,1.0,0.0,1.0,1.0,7.826325918712065e-08,9264,3.913162959356032e-08,4045.7566663779653,4942.341428018
7789.442141623489,1.0,8.767406267497869e-09,1.0,1.0,9.943971572707889e-08,27792,5.410356158838467e-08,512,147999,1.0,8.763117025345088e-09,1.0,1.0,8.590685922136141e-08,9264,4.733498866638462e-08,4053.4126264669976,4950.565768029999
7789.552677029361,1.0,1.252486654785596e-09,1.0,1.0,1.0101390287680315e-07,27792,5.1133194827665176e-08,512,148001,1.0,8.621569165747791e-10,1.0,1.0,8.887937065122221e-08,9264,4.487076382301516e-08,4053.4633432830014,4951.621427029
7802.607944732297,1.0,0.0,1.0,1.0,9.717494563745247e-08,27792,4.858747281872623e-08,512,148249,1.0,0.0,1.0,1.0,8.050229377065217e-08,9264,4.0251146885326084e-08,4060.518838518954,4959.248904524
7802.718480138169,1.0,0.0,1.0,1.0,9.19505334418153e-08,27792,4.597526672090765e-08,512,148251,1.0,0.0,1.0,1.0,7.347635766370844e-08,9264,3.673817883185422e-08,4060.5688306909506,4960.278893677001
7815.773747841105,1.0,0.0,1.0,1.0,1.0375478951580121e-07,27792,5.1877394757900605e-08,512,148499,1.0,0.0,1.0,1.0,9.325449569950218e-08,9264,4.662724784975109e-08,4068.0707916409738,4968.338853110996
7815.884283246977,1.0,8.57867605392587e-12,1.0,1.0,9.848748236653517e-08,27792,4.924803052155021e-08,512,148501,1.0,1.2868014080888805e-11,1.0,1.0,8.365495740838331e-08,9264,4.18339127116156e-08,4068.1199419289624,4969.368650860997
7828.939550949914,1.0,0.0,1.0,1.0,8.865632321156003e-08,27792,4.432816160578002e-08,512,148749,1.0,0.0,1.0,1.0,7.107003891169825e-08,9264,3.553501945584913e-08,4075.596666431942,4977.402821406999
7829.0,1.0,0.0,1.0,1.0,9.265827661465272e-08,27792,4.632913830732636e-08,48,148751,1.0,0.0,1.0,1.0,7.825039117227277e-08,9264,3.9125195586136384e-08,4075.643636759938,4978.431840692996
7842.055267702936,1.0,1.0002735431094133e-08,1.0,1.0,9.601253496286045e-08,27792,5.300763591897379e-08,512,148999,1.0,9.94697409682477e-09,1.0,1.0,8.146739488424333e-08,9264,4.570718518082816e-08,4083.2108323909706,4986.568750856
7842.165803108808,1.0,2.1446690134814675e-11,1.0,1.0,1.0544478879915641e-07,27792,5.273311774528477e-08,512,149001,1.0,1.2868014080888805e-11,1.0,1.0,9.568654972035063e-08,9264,4.784970886759926e-08,4083.2613045989783,4987.627886319002
7855.2210708117445,1.0,0.0,1.0,1.0,1.0277682195816475e-07,27792,5.1388410979082374e-08,512,149249,1.0,0.0,1.0,1.0,9.437401299126794e-08,9264,4.718700649563397e-08,4090.050557903007,4994.979972699002
7855.331606217616,1.0,0.0,1.0,1.0,9.503456871422615e-08,27792,4.7517284357113073e-08,512,149251,1.0,0.0,1.0,1.0,8.127437466152509e-08,9264,4.0637187330762546e-08,4090.0945006490147,4995.976126636
7868.386873920553,1.0,0.0,1.0,1.0,1.0598095634628527e-07,27792,5.2990478173142634e-08,512,149499,1.0,0.0,1.0,1.0,9.755241030249097e-08,9264,4.8776205151245484e-08,4096.193945464009,5002.606224395997
7868.4974093264245,1.0,0.0,1.0,1.0,8.448708692444705e-08,27792,4.224354347858605e-08,512,149501,1.0,0.0,1.0,1.0,6.359372226053487e-08,9264,3.1796861130267436e-08,4096.238021327001,5003.604260150998
7881.552677029361,1.0,0.0,1.0,1.0,1.0080801673364049e-07,27792,5.0404008366820246e-08,512,149749,1.0,0.0,1.0,1.0,9.10669331753622e-08,9264,4.55334665876811e-08,4102.536472040032,5010.445540954999
7881.663212435233,1.0,0.0,1.0,1.0,9.692616558786267e-08,27792,4.8463082793931335e-08,512,149751,1.0,0.0,1.0,1.0,8.343620115596932e-08,9264,4.171810057798466e-08,4102.580677148042,5011.457993088996
7894.718480138169,1.0,2.1017756229852588e-10,1.0,1.0,8.887079117289313e-08,27792,4.454048437437094e-08,512,149999,1.0,1.5441616897066567e-10,1.0,1.0,7.024648596143379e-08,9264,3.520045106980419e-08,4109.92421939515,5019.3515285620015
7894.829015544042,1.0,1.5398722593848147e-08,1.0,1.0,1.0214200067773719e-07,27792,5.8770362425284594e-08,512,150001,1.0,1.5596032216208485e-08,1.0,1.0,9.185188129568172e-08,9264,5.372395764565751e-08,4110.40474536315,5023.824527093995
7907.884283246977,1.0,6.005073237748109e-11,1.0,1.0,1.0327009559886647e-07,27792,5.166507316741163e-08,512,150249,1.0,3.860404224266642e-11,1.0,1.0,9.436114497642006e-08,9264,4.7199874510481855e-08,4116.602722368116,5030.625403312995
7907.99481865285,1.0,3.0025365881943164e-10,1.0,1.0,8.656741546792049e-08,27792,4.34338345738522e-08,512,150251,1.0,2.0588822452722743e-10,1.0,1.0,6.663057376463509e-08,9264,3.34182310011006e-08,4116.6474873111,5031.621754897002
7921.0,1.0,0.0,1.0,1.0,1.0703184422552899e-07,27792,5.351592211276449e-08,48,150499,1.0,0.0,1.0,1.0,9.943114047028178e-08,9264,4.971557023514089e-08,4122.7433754110825,5038.254187396989
7921.110535405872,1.0,0.0,1.0,1.0,8.72022388427515e-08,27792,4.360111943773828e-08,512,150501,1.0,0.0,1.0,1.0,6.988618152114929e-08,9264,3.4943090760574646e-08,4122.788258160079,5039.248680274992
7934.165803108808,1.0,6.348220175082705e-10,1.0,1.0,8.939838004345674e-08,27792,4.501660107100533e-08,512,150749,1.0,4.50380487462154e-10,1.0,1.0,7.320612935190291e-08,9264,3.68282549357894e-08,4129.974771705056,5046.987181226999
7934.276338514681,1.0,1.715735210785174e-11,1.0,1.0,9.415096738420879e-08,27792,4.708406236866965e-08,512,150751,1.0,2.573602816177761e-11,1.0,1.0,7.934417245888655e-08,9264,3.968495424429116e-08,4130.023017911044,5048.00498503499
7947.331606217616,1.0,3.920454746487916e-09,1.0,1.0,9.12256378900556e-08,27792,4.7573046540188526e-08,512,150999,1.0,3.705987782246306e-09,1.0,1.0,7.614003673722008e-08,9264,3.9923012506705085e-08,4137.334924051014,5055.883391857991
7947.442141623489,1.0,1.226750634293753e-09,1.0,1.0,1.0010027670240826e-07,27792,5.066351372561985e-08,512,151001,1.0,9.39365006429066e-10,1.0,1.0,8.96128482829528e-08,9264,4.52761066834241e-08,4137.387699764011,5056.9114604149945
7960.4974093264245,1.0,1.4841109036396338e-09,1.0,1.0,9.577662449892112e-08,27792,4.86303677723551e-08,512,151249,1.0,1.1452532294223066e-09,1.0,1.0,8.193064341876709e-08,9264,4.153794837011431e-08,4144.818606830973,5064.938634086997
7960.607944732297,1.0,1.638527065451694e-09,1.0,1.0,8.598406729408618e-08,27792,4.381129727538745e-08,512,151251,1.0,1.1581212381342413e-09,1.0,1.0,6.696514217522382e-08,9264,3.406163175576661e-08,4144.8672637099735,5065.968785645993
7973.663212435233,1.0,0.0,1.0,1.0,9.462279223909391e-08,27792,4.7311396119546954e-08,512,151499,1.0,0.0,1.0,1.0,7.794155884046738e-08,9264,3.897077942023369e-08,4152.036646969995,5073.711172181007
7973.773747841105,1.0,2.5573031290356313e-08,1.0,1.0,9.793844942256274e-08,27792,6.175574082279155e-08,512,151501,1.0,2.5736026136914893e-08,1.0,1.0,8.436269822501683e-08,9264,5.504936040154105e-08,4152.081397146998,5074.709719457998
7986.829015544042,1.0,4.049134878604212e-09,1.0,1.0,1.0462123715789411e-07,27792,5.43351862483472e-08,512,151749,1.0,3.886139991650645e-09,1.0,1.0,9.542919020879428e-08,9264,4.9657665346427366e-08,4158.267949464986,5081.4316535929975
7986.939550949914,1.0,1.7157352005585945e-10,1.0,1.0,8.637868510708575e-08,27792,4.327512931919542e-08,512,151751,1.0,9.007609856622163e-11,1.0,1.0,6.522796014621592e-08,9264,3.2659018125075546e-08,4158.312450693971,5082.429718005995
7999.99481865285,1.0,0.0,1.0,1.0,8.114998200236335e-08,27792,4.0574991001181675e-08,512,151999,1.0,0.0,1.0,1.0,5.847225237562152e-08,9264,2.923612618781076e-08,4164.569380206027,5089.222314856001
8000.055267702936,1.0,0.0,1.0,1.0,1.024036497893766e-07,27792,5.12018248946883e-08,512,152001,1.0,0.0,1.0,1.0,9.114414126444949e-08,9264,4.5572070632224745e-08,4164.609177491038,5090.21464780299
8013.110535405872,1.0,0.0,1.0,1.0,1.0533326757461068e-07,27792,5.266663378730534e-08,512,152249,1.0,0.0,1.0,1.0,9.688327588660498e-08,9264,4.844163794330249e-08,4170.906830911983,5097.048399227002
8013.2210708117445,1.0,0.0,1.0,1.0,9.239662488500898e-08,27792,4.619831244250449e-08,512,152251,1.0,0.0,1.0,1.0,7.678343747961419e-08,9264,3.839171873980709e-08,4170.951446974977,5098.045356496004
8026.276338514681,1.0,0.0,1.0,1.0,9.13157142557912e-08,27792,4.5657857144258123e-08,512,152499,1.0,0.0,1.0,1.0,7.529074775725985e-08,9264,3.7645373878629924e-08,4177.26376982595,5104.893826346
8026.386873920553,1.0,0.0,1.0,1.0,9.800279185300604e-08,27792,4.900139592650302e-08,512,152501,1.0,0.0,1.0,1.0,8.356488051904684e-08,9264,4.178244025952342e-08,4177.30833448896,5105.890807395001
8039.442141623489,1.0,0.0,1.0,1.0,8.592401603452853e-08,27792,4.2962008017264266e-08,512,152749,1.0,0.0,1.0,1.0,6.566547267558771e-08,9264,3.2832736337793856e-08,4183.617658493,5112.738099723996
8039.552677029361,1.0,0.0,1.0,1.0,1.0091525045250661e-07,27792,5.0457625226253304e-08,512,152751,1.0,0.0,1.0,1.0,8.958711146785574e-08,9264,4.479355573392787e-08,4183.662179095001,5113.736411502003
8052.607944732297,1.0,0.0,1.0,1.0,1.0104393190998759e-07,27792,5.0521965954993794e-08,512,152999,1.0,0.0,1.0,1.0,9.051360932230456e-08,9264,4.525680466115228e-08,4189.935533343036,5120.546214222006
8052.718480138169,1.0,0.0,1.0,1.0,1.017173572349588e-07,27792,5.08586786174794e-08,512,153001,1.0,0.0,1.0,1.0,9.125995339808043e-08,9264,4.5629976699040216e-08,4189.980108863041,5121.545643756996
8065.773747841105,1.0,0.0,1.0,1.0,9.381639899816385e-08,27792,4.690819951544445e-08,512,153249,1.0,0.0,1.0,1.0,7.993610111734534e-08,9264,3.996805055867267e-08,4196.313665575995,5128.416679746006
8065.884283246977,1.0,0.0,1.0,1.0,1.0746078224259864e-07,27792,5.373039112129932e-08,512,153251,1.0,0.0,1.0,1.0,1.0146428995785236e-07,9264,5.073214497892618e-08,4196.358208581987,5129.414655130997
8078.939550949914,1.0,0.0,1.0,1.0,1.0258809526253605e-07,27792,5.129404763126803e-08,512,153499,1.0,0.0,1.0,1.0,9.191622294072372e-08,9264,4.595811147036186e-08,4202.655295101977,5136.249238281001
8079.0,1.0,0.0,1.0,1.0,9.007609627751318e-08,27792,4.503804813875659e-08,48,153501,1.0,0.0,1.0,1.0,7.215095213437657e-08,9264,3.6075476067188285e-08,4202.694705543981,5137.243041335998
8092.055267702936,1.0,1.641958490876315e-08,1.0,1.0,9.943114045391926e-08,27792,5.7925363307207856e-08,512,153749,1.0,1.670268110042571e-08,1.0,1.0,8.844185893179551e-08,9264,5.257227031677205e-08,4208.981933459916,5144.068388632004
8092.165803108808,1.0,0.0,1.0,1.0,8.919678166777412e-08,27792,4.459839083388706e-08,512,153751,1.0,0.0,1.0,1.0,7.354069773794786e-08,9264,3.677034886897393e-08,4209.026434439918,5145.068268037998
8105.2210708117445,1.0,2.3843143127748424e-07,0.9737334484743811,0.9737334484743811,0.08661543218033987,27792,0.04330783529945949,512,153999,1.0,2.3841856476798883e-07,0.9808937823834197,0.9808937823834197,0.06187549323512689,9264,0.030937865826852994,4215.320259837936,5151.900229375999
8105.331606217616,1.0,2.3843572009216597e-07,0.9540155440414507,0.9540155440414507,0.1596003457191832,27792,0.07980029206888115,512,154001,1.0,2.384442976560794e-07,0.9645941278065631,0.9645941278065631,0.11721333238539094,9264,0.05860678540198502,4215.364919999949,5152.8994210429955
8118.386873920553,1.0,1.1920928241671947e-07,0.9997841105354058,0.9997841105354058,0.0005223681173347919,27792,0.00026124366331217134,512,154249,1.0,1.19209282433082e-07,1.0,1.0,1.1241725418105035e-05,9264,5.680467353827908e-06,4221.693418706978,5159.765412409994
8118.4974093264245,1.0,1.1920928241671947e-07,0.9997841105354058,0.9997841105354058,0.000519199320926102,27792,0.0002596592650910712,512,154251,1.0,1.19209282433082e-07,1.0,1.0,1.1043551611989119e-05,9264,5.58138045076995e-06,4221.7381514369845,5160.768081796006
8131.552677029361,1.0,1.0337304335626648e-09,0.9999280368451353,0.9999280368451353,0.000254779507314874,27792,0.0001273902683780309,512,154499,1.0,7.849488412933677e-10,1.0,1.0,2.3906341147344054e-06,9264,1.1957095318200632e-06,4227.929552912079,5167.494676750997
8131.663212435233,1.0,1.0208624187147826e-09,0.9999280368451353,0.9999280368451353,0.0002533118658033645,27792,0.00012665644118826873,512,154501,1.0,7.849488412933677e-10,1.0,1.0,2.3507565655499263e-06,9264,1.1757707576205242e-06,4227.974350776072,5168.497859764
8144.718480138169,1.0,3.0025365856376717e-10,0.9999640184225677,0.9999640184225677,7.80191806752272e-05,27792,3.90097404644535e-05,512,154749,1.0,2.316242534559985e-10,1.0,1.0,3.960902099159077e-07,9264,1.981609170915848e-07,4234.23124606807,5175.292490441992
8144.829015544042,1.0,2.959643210481332e-10,0.9999640184225677,0.9999640184225677,7.05744166524462e-05,27792,3.528735630839385e-05,512,154751,1.0,2.316242534559985e-10,1.0,1.0,3.8876831889227826e-07,9264,1.9449997157977007e-07,4234.275889616067,5176.293526438996
8157.884283246977,1.0,2.4878160351853437e-10,1.0,1.0,1.505696369432336e-06,27792,7.529725755263643e-07,512,154999,1.0,2.0588822376023398e-10,1.0,1.0,1.865475827789521e-07,9264,9.33767355573467e-08,4240.554809703026,5183.11053700099
8157.99481865285,1.0,2.4878160351853437e-10,1.0,1.0,1.4523723903316863e-06,27792,7.263105860414894e-07,512,155001,1.0,2.0588822376023398e-10,1.0,1.0,1.7693517568758407e-07,9264,8.857053201166267e-08,4240.599617362022,5184.125995273993
8171.0,1.0,4.4180180910724776e-10,1.0,1.0,9.992246387775073e-07,27792,4.99833220343034e-07,48,155249,1.0,4.3751247414825867e-10,1.0,1.0,1.7240564712572542e-07,9264,8.64215798152767e-08,4246.887809983986,5190.951975425007
8171.110535405872,1.0,5.619032720725586e-10,1.0,1.0,1.0141944314782805e-06,27792,5.073781674621025e-07,512,155251,1.0,5.018525437857092e-10,1.0,1.0,1.5740154338389728e-07,9264,7.895169798148235e-08,4246.9329226269765,5191.954797176004
8184.165803108808,1.0,7.29187447198514e-10,1.0,1.0,1.7965033369274856e-07,27792,9.018976063312267e-08,512,155499,1.0,4.761165125559578e-10,1.0,1.0,1.5929314156653598e-07,9264,7.988462905795382e-08,4253.28227726098,5198.843842012997
8184.276338514681,1.0,3.864693374891537e-09,1.0,1.0,1.6082014177361937e-07,27792,8.234241778313334e-08,512,155501,1.0,3.551571705314855e-09,1.0,1.0,1.3640094315215344e-07,9264,6.997625764962826e-08,4253.326968984962,5199.845485252998
8197.331606217616,1.0,3.088323235218544e-09,1.0,1.0,1.572128114195349e-07,27792,8.015056749151332e-08,512,155749,1.0,2.509262625355345e-09,1.0,1.0,1.3566746630582415e-07,9264,6.90883646005806e-08,4259.629385529915,5206.6879928660055
8197.442141623489,1.0,8.878929064891497e-09,1.0,1.0,1.6846374573486661e-07,27792,8.867133802267774e-08,512,155751,1.0,8.415680629054227e-09,1.0,1.0,1.465924109116762e-07,9264,7.75040463110956e-08,4259.674344341911,5207.690083046007
8210.497409326425,1.0,0.0,1.0,1.0,1.8807030369434446e-07,27792,9.403515184717223e-08,512,155999,1.0,0.0,1.0,1.0,1.6629334154560877e-07,9264,8.314667077280438e-08,4265.974825846912,5214.529629653
8210.607944732297,1.0,0.0,1.0,1.0,1.6733135938105125e-07,27792,8.366567969052563e-08,512,156001,1.0,0.0,1.0,1.0,1.4923035395549205e-07,9264,7.461517697774603e-08,4266.019526487915,5215.5307494770095
8223.663212435233,1.0,2.1961409915716906e-09,1.0,1.0,1.6804768044505263e-07,27792,8.512191082287893e-08,512,156249,1.0,1.4669535630366838e-09,1.0,1.0,1.4620637046623973e-07,9264,7.383666207944916e-08,4272.382737900909,5222.434841915994
8223.773747841105,1.0,8.166899089963143e-09,1.0,1.0,1.517267482796553e-07,27792,7.9946824217614e-08,512,156251,1.0,7.411975665735749e-09,1.0,1.0,1.2898896659977326e-07,9264,6.820047157607672e-08,4272.427631302897,5223.438981793006
8236.82901554404,1.0,3.487875139156015e-07,0.9973733448474381,0.9973733448474381,0.009422279023616288,27792,0.0047113138884220165,512,156499,1.0,3.4927649834892084e-07,0.9994602763385146,0.9994602763385146,0.002153796951297754,9264,0.001077073094610363,4278.759397221947,5230.310543483996
8236.939550949914,1.0,3.4938373193688674e-07,0.9975172711571675,0.9975172711571675,0.008252998025820869,27792,0.004126673653318612,512,156501,1.0,3.498298229873798e-07,1.0,1.0,0.001213240619774567,9264,0.0006067952248131107,4278.804180936953,5231.315919333996
8249.994818652849,1.0,4.889845248471952e-10,0.9993523316062176,0.9993523316062176,0.0020079078057874157,27792,0.0010039541366626441,512,156749,1.0,3.6030439196390617e-10,1.0,1.0,1.3040473440578385e-05,9264,6.520416872497062e-06,4285.125557983927,5238.177185852997
8250.055267702935,1.0,5.361672408428071e-10,0.9993523316062176,0.9993523316062176,0.0019986486354886747,27792,0.0009993245772493035,512,156751,1.0,3.860404216596707e-10,1.0,1.0,1.2816759848276343e-05,9264,6.4085729443608894e-06,4285.165327873932,5239.175692846999
8263.110535405873,1.0,1.2825120304339225e-09,0.9996401842256765,0.9996401842256765,0.0010226883792595065,27792,0.0005113448265964883,512,156999,1.0,1.119517192823601e-09,1.0,1.0,1.5287424402653954e-06,9264,7.649309787785806e-07,4291.51428507892,5246.0644219359965
8263.221070811744,1.0,1.3296947433615605e-09,0.9996401842256765,0.9996401842256765,0.001014051726925689,27792,0.0005070265261656093,512,157001,1.0,1.1709892460791824e-09,1.0,1.0,1.5108946057735514e-06,9264,7.560327975623543e-07,4291.559216944937,5247.069036301997
8276.27633851468,1.0,1.085202481960621e-09,0.9998560736902706,0.9998560736902706,0.0002641881737343772,27792,0.00013209462946848135,512,157249,1.0,1.042309109872255e-09,1.0,1.0,3.272721615429903e-07,9264,1.6415723537283437e-07,4297.957311643957,5254.006556326
8276.386873920552,1.0,1.068045132920743e-09,0.9998560736902706,0.9998560736902706,0.00025778164063007574,27792,0.00012889135433765406,512,157251,1.0,1.0165730801764906e-09,1.0,1.0,3.1764688643677436e-07,9264,1.5933172980487854e-07,4298.002311634948,5255.009444572992
8289.442141623489,1.0,1.3211160662849767e-09,1.0,1.0,1.330644892374237e-05,27792,6.653885019966709e-06,512,157499,1.0,1.2224613116066591e-09,1.0,1.0,1.8201804155249754e-07,9264,9.162025153061076e-08,4304.303320237006,5261.850228110998
8289.552677029362,1.0,1.9387807030509734e-09,1.0,1.0,1.1406887041084283e-05,27792,5.704412910994015e-06,512,157501,1.0,1.994542092032537e-09,1.0,1.0,1.850806290862935e-07,9264,9.353758569385764e-08,4304.348101746014,5262.8534650169895
8302.607944732297,1.0,6.562687030411245e-10,1.0,1.0,1.8378925335890223e-07,27792,9.222276105807211e-08,512,157749,1.0,4.761165133229513e-10,1.0,1.0,1.5076164772239004e-07,9264,7.561888213588085e-08,4310.70390317397,5269.749412539008
8302.71848013817,1.0,1.1581212279076618e-09,1.0,1.0,2.1256212932275832e-07,27792,1.0686012532953386e-07,512,157751,1.0,8.750249321896548e-10,1.0,1.0,1.8222394078568182e-07,9264,9.15494828976689e-08,4310.749207413974,5270.7571537600015
8315.773747841105,1.0,9.736797083437892e-10,1.0,1.0,2.124895011704335e-07,27792,1.0673159048029496e-07,512,157999,1.0,6.047966541318393e-10,1.0,1.0,1.9756261291355487e-07,9264,9.908370480570268e-08,4317.671381733926,5278.229474313994
8315.884283246978,1.0,6.176646373795913e-09,1.0,1.0,1.4108489790605322e-07,27792,7.363077251651835e-08,512,158001,1.0,5.417433513110728e-09,1.0,1.0,1.2297960366581226e-07,9264,6.419851895838534e-08,4317.7197189209255,5279.272408801
8328.939550949914,1.0,1.7886538133044391e-09,0.9982009211283823,0.9982009211283823,0.006061241243015299,27792,0.0030306214986773284,512,158249,1.0,2.1103540293131533e-09,0.9995682210708118,0.9995682210708118,0.0015177521800854772,9264,0.0007588771516539636,4324.981478921938,5287.09733643799
8329.0,1.0,2.457790165081904e-09,0.9981649395509499,0.9981649395509499,0.006795888766646385,27792,0.0033979455864825807,48,158251,1.0,3.1140581435698786e-09,0.9993523316062176,0.9993523316062176,0.0018678480789020323,9264,0.0009339255707447831,4325.021279462948,5288.090464645997
8342.055267702935,1.0,0.0,0.999496257915947,0.999496257915947,0.0015823842789259325,27792,0.0007911921394629663,512,158499,1.0,0.0,1.0,1.0,7.932971369166294e-05,9264,3.966485684583147e-05,4331.272188893963,5294.874482457992
8342.165803108808,1.0,0.0,0.999496257915947,0.999496257915947,0.0015216735352493423,27792,0.000760836767758713,512,158501,1.0,0.0,1.0,1.0,7.649711588564907e-05,9264,3.8248557942824534e-05,4331.316750460959,5295.873683163998
8355.221070811744,1.0,3.645937284568822e-10,0.9998560736902706,0.9998560736902706,0.0003685160865363808,27792,0.00018425822559857787,512,158749,1.0,3.088323333393706e-10,1.0,1.0,1.0510596990768697e-05,9264,5.255452911562523e-06,4337.546817142844,5302.639982957
8355.331606217616,1.0,3.17411009648961e-10,0.9998560736902706,0.9998560736902706,0.0003635390707164055,27792,0.00018176969191905005,512,158751,1.0,3.088323333393706e-10,1.0,1.0,1.038822693852201e-05,9264,5.19426788543918e-06,4337.591456702838,5303.639878985996
8368.386873920552,1.0,3.860404183360324e-10,0.9999280368451353,0.9999280368451353,0.00014460594809806004,27792,7.230316706925274e-05,512,158999,1.0,3.3456836073415474e-10,1.0,1.0,1.3321468509314561e-06,9264,6.662407100514512e-07,4343.849664265865,5310.434769225001
8368.497409326425,1.0,2.530709400115104e-10,0.9999280368451353,0.9999280368451353,0.00014238716111597929,27792,7.119370709346899e-05,512,159001,1.0,1.9302020967934517e-10,1.0,1.0,1.3071443742659467e-06,9264,6.536686972443325e-07,4343.894292545861,5311.435180258995
8381.552677029362,1.0,4.2035511948376207e-10,0.9999640184225677,0.9999640184225677,5.7007205474930024e-05,27792,2.850381291504086e-05,512,159249,1.0,3.345683584331744e-10,1.0,1.0,3.295626713275185e-07,9264,1.6494861985678174e-07,4350.209484954859,5318.2885586119955
8381.663212435233,1.0,1.0423091034806429e-09,0.9999640184225677,0.9999640184225677,5.60223470804199e-05,27792,2.801169469494219e-05,512,159251,1.0,9.13628977500295e-10,1.0,1.0,3.3810703318651235e-07,9264,1.69510331120356e-07,4350.254161023848,5319.289239660997
8394.71848013817,1.0,1.359720112618275e-09,1.0,1.0,4.887922342336473e-07,27792,2.450759772346201e-07,512,159499,1.0,1.0294410896554187e-09,1.0,1.0,2.2032612175464304e-07,9264,1.1067778147123681e-07,4356.524441321795,5326.098643147008
8394.82901554404,1.0,7.377661206957951e-10,1.0,1.0,4.78909700147241e-07,27792,2.398237332313766e-07,512,159501,1.0,5.404565821934083e-10,1.0,1.0,2.3655268847782256e-07,9264,1.185465725507168e-07,4356.5692501788,5327.100343270999
8407.884283246978,1.0,5.576139304662928e-10,1.0,1.0,2.3554897867273007e-07,27792,1.1805329606293539e-07,512,159749,1.0,2.0588822529422088e-10,1.0,1.0,2.1650432291562458e-07,9264,1.0835510557659536e-07,4362.86609245673,5333.937281605991
8407.994818652849,1.0,1.2224612906421714e-09,1.0,1.0,1.998659778192597e-07,27792,1.0054421961490426e-07,512,159751,1.0,7.978168500053023e-10,1.0,1.0,1.7394981038009872e-07,9264,8.737381365033371e-08,4362.910774022734,5334.940213377005
8421.0,1.0,0.0,1.0,1.0,2.2110678125663113e-07,27792,1.1055339069376567e-07,48,159999,1.0,0.0,1.0,1.0,2.040866917290234e-07,9264,1.020433458645117e-07,4369.204771990793,5341.772209885006
8421.110535405873,1.0,0.0,1.0,1.0,1.578390474783864e-07,27792,7.89195237391932e-08,512,160001,1.0,0.0,1.0,1.0,1.388973380326426e-07,9264,6.94486690163213e-08,4369.249754116798,5342.785852971996
8434.165803108808,1.0,1.32969478324522e-10,0.993811168681635,0.993811168681635,0.020875448394281532,27792,0.010437724197140766,512,160249,1.0,1.8015219559845636e-10,0.9979490500863558,0.9979490500863558,0.00822525012704169,9264,0.0041126250643250956,4375.552922655879,5349.628627055994
8434.27633851468,1.0,1.2481973295418573e-09,0.9948186528497409,0.9948186528497409,0.017991014198648327,27792,0.008995507590453396,512,160251,1.0,1.2996693700142145e-09,0.9987046632124352,0.9987046632124352,0.0044929782527423304,9264,0.0022464897633379002,4375.597629589887,5350.629523698997
8447.331606217616,1.0,1.977384755520219e-09,0.9985247553252734,0.9985247553252734,0.005274175658230131,27792,0.0026370887936800116,512,160499,1.0,1.724313817809689e-09,0.9994602763385146,0.9994602763385146,0.0014924487108702487,9264,0.0007462252047241043,4381.942526072904,5357.512507078005
8447.442141623489,1.0,3.13121660219362e-09,0.9989205526770294,0.9989205526770294,0.003758890009831013,27792,0.0018794465384879843,512,160501,1.0,2.921039051399996e-09,0.9997841105354058,0.9997841105354058,0.0009363946413005251,9264,0.0004681987746856746,4381.987291751895,5358.5148886489915
8460.497409326425,1.0,1.0637558030750435e-09,0.9967256764536557,0.9967256764536557,0.010801123780084191,27792,0.005400562387605337,512,160749,1.0,8.878929355326352e-10,0.9990284974093264,0.9990284974093264,0.002877187965412034,9264,0.0014385944459545514,4388.354554144891,5365.421125952998
8460.607944732297,1.0,3.0497191487459216e-09,0.997769142199194,0.997769142199194,0.007630740233928086,27792,0.0038153716482578095,512,160751,1.0,2.946775105639551e-09,0.9997841105354058,0.9997841105354058,0.001106495696658008,9264,0.0005532493217669697,4388.399248804897,5366.423432306998
8473.663212435233,1.0,1.093781164917488e-09,0.9979130685089235,0.9979130685089235,0.006897194093338841,27792,0.003448597563534683,512,160999,1.0,8.75024936024622e-10,0.9992443868739206,0.9992443868739206,0.0016675893330322467,9264,0.0008337951040286281,4394.762657288913,5373.325089339996
8473.773747841105,1.0,1.5141362642037556e-09,0.9975172711571675,0.9975172711571675,0.007912591406426762,27792,0.0039562964152435355,512,161001,1.0,1.2224613001017572e-09,0.9988126079447323,0.9988126079447323,0.003035696582074095,9264,0.0015178488829657307,4394.8077768109215,5374.3353311060055
8486.82901554404,1.0,2.899592326239147e-09,0.9977331606217616,0.9977331606217616,0.006614071404412346,27792,0.0033070371348451594,512,161249,1.0,2.9081710603289107e-09,0.9997841105354058,0.9997841105354058,0.0014307085217164896,9264,0.00071535572137793,4401.21331235292,5381.280809472999
8486.939550949914,1.0,2.1318009091510155e-09,0.9983448474381117,0.9983448474381117,0.005386707617991878,27792,0.002693354840581796,512,161251,1.0,2.0717501688479357e-09,0.9996761658031088,0.9996761658031088,0.0009673554522656098,9264,0.0004836787555739927,4401.258518900904,5382.288989264998
8499.994818652849,1.0,1.2524866639895174e-09,0.9998560736902706,0.9998560736902706,0.0006549150989639959,27792,0.0003274581735807181,512,161499,1.0,1.3511414416776389e-09,1.0,1.0,9.132059519236468e-06,9264,4.566705330397748e-06,4407.525650881871,5389.094922028002
8500.055267702935,1.0,1.0766238148549521e-09,0.9998560736902706,0.9998560736902706,0.0006524585031779085,27792,0.00032622979204557787,512,161501,1.0,1.1066491871796402e-09,1.0,1.0,9.006367888665937e-06,9264,4.503737268971427e-06,4407.565242132863,5390.092312943001
8513.110535405873,1.0,2.0717501645016392e-09,0.9999640184225677,0.9999640184225677,0.0002304204246352131,27792,0.00011521124604708546,512,161749,1.0,1.7629178554503947e-09,1.0,1.0,1.3316453227231243e-06,9264,6.667041203786421e-07,4413.820506870834,5396.886136504996
8513.221070811744,1.0,2.3033744235822565e-09,0.9999640184225677,0.9999640184225677,0.0002255042763036168,27792,0.000112753285549799,512,161751,1.0,2.0074101191523147e-09,1.0,1.0,1.320102763670257e-06,9264,6.610550869932633e-07,4413.86529121083,5397.888609788002
8526.27633851468,1.0,3.929033390328117e-09,0.9999640184225677,0.9999640184225677,7.996572561113491e-05,27792,3.9984827322762695e-05,512,161999,1.0,3.603043715618803e-09,1.0,1.0,4.6788092817339755e-07,9264,2.3574198606722712e-07,4420.110435063849,5404.671654507998
8526.386873920552,1.0,2.573602705730704e-09,0.9999640184225677,0.9999640184225677,8.156572559285335e-05,27792,4.078414745324232e-05,512,162001,1.0,2.1618262612782096e-09,1.0,1.0,4.632999274539722e-07,9264,2.3273087687603305e-07,4420.155105323851,5405.6726652149955
8539.442141623489,1.0,5.391697562670954e-09,1.0,1.0,9.797985526842277e-07,27792,4.925951254527452e-07,512,162249,1.0,5.108601304024297e-09,1.0,1.0,2.8313489908555113e-07,9264,1.441217504900802e-07,4426.416673572858,5412.471712628001
8539.552677029362,1.0,4.5895916070377056e-10,1.0,1.0,9.397341978956922e-07,27792,4.7009657867686687e-07,512,162251,1.0,3.08832335640351e-10,1.0,1.0,3.1074963361991466e-07,9264,1.5552923298813192e-07,4426.46132810085,5413.472198750009
8552.607944732297,1.0,2.0588821619256524e-09,1.0,1.0,2.42111638363404e-07,27792,1.2208526036953256e-07,512,162499,1.0,1.698577805754774e-09,1.0,1.0,2.1250237029793322e-07,9264,1.0710047412892683e-07,4432.712868387898,5420.2607104769995
8552.71848013817,1.0,4.177815027083035e-09,1.0,1.0,2.657844806371988e-07,27792,1.3498114806223894e-07,512,162501,1.0,3.860404011042462e-09,1.0,1.0,2.3803251018532903e-07,9264,1.2094645731984686e-07,4432.757465130904,5421.261702602991
8565.773747841105,1.0,2.963932423999691e-09,1.0,1.0,2.105464304048024e-07,27792,1.0675518164449908e-07,512,162749,1.0,2.9725111100245316e-09,1.0,1.0,1.922481259229847e-07,9264,9.761031867642275e-08,4438.962347930967,5428.003133031001
8565.884283246978,1.0,1.5827656846513934e-09,1.0,1.0,2.0228945479979559e-07,27792,1.019361103457676e-07,512,162751,1.0,1.2353293149496394e-09,1.0,1.0,1.8221107277083393e-07,9264,9.172320109811532e-08,4439.007004747968,5429.003975009997
8578.939550949914,1.0,7.390528969209322e-09,1.0,1.0,1.6316640981421658e-07,27792,8.527846983759181e-08,512,162999,1.0,7.514919683275671e-09,1.0,1.0,1.4158675313585e-07,9264,7.455083690350661e-08,4445.316374303024,5435.850740605994
8579.0,1.0,5.876393012569941e-10,1.0,1.0,1.869636538938257e-07,27792,9.377564661927283e-08,48,163001,1.0,3.731723991418539e-10,1.0,1.0,1.670010823622423e-07,9264,8.368712739641544e-08,4445.356569175019,5436.846418778005
8592.055267702935,1.0,0.0,1.0,1.0,1.6927442595787543e-07,27792,8.463721297893772e-08,512,163249,1.0,0.0,1.0,1.0,1.4741596386194065e-07,9264,7.370798193097032e-08,4451.665604395981,5443.693091024994
8592.165803108808,1.0,8.57867605392587e-12,1.0,1.0,2.0547643373283873e-07,27792,1.0274250620470199e-07,512,163251,1.0,0.0,1.0,1.0,1.8997048572410693e-07,9264,9.498524286205347e-08,4451.7103205659805,5444.693714224006
8605.221070811744,1.0,1.1924359244534307e-09,1.0,1.0,1.459833222248137e-07,27792,7.358787913369208e-08,512,163499,1.0,9.007609588174455e-10,1.0,1.0,1.2897609858492537e-07,9264,6.493842981213857e-08,4458.056600872049,5451.578646423004
8605.331606217616,1.0,1.3897454064028335e-08,1.0,1.0,2.1168739491158216e-07,27792,1.1279242553909761e-07,512,163501,1.0,1.3099637341855275e-08,1.0,1.0,1.9975017229608967e-07,9264,1.0642490570561691e-07,4458.101394631049,5452.5822401059995
8618.386873920552,1.0,5.782027299347784e-09,1.0,1.0,2.0852615482258943e-07,27792,1.071540914137856e-07,512,163749,1.0,5.430301526424624e-09,1.0,1.0,1.973309917878982e-07,9264,1.0138064702685224e-07,4464.44340749902,5459.463423498004
8618.497409326425,1.0,1.406902817108985e-09,1.0,1.0,1.3689421649832968e-07,27792,6.915055976024079e-08,512,163751,1.0,1.093781160826856e-09,1.0,1.0,1.2270937535400673e-07,9264,6.190157833258215e-08,4464.488096768015,5460.465767034999
8631.552677029362,1.0,0.0,1.0,1.0,1.9730953724247207e-07,27792,9.865476865396109e-08,512,163999,1.0,0.0,1.0,1.0,1.8236549209061372e-07,9264,9.118274604530686e-08,4470.885974236036,5467.404887993995
8631.663212435233,1.0,0.0,1.0,1.0,1.6189676620615973e-07,27792,8.094838310307986e-08,512,164001,1.0,0.0,1.0,1.0,1.38961678106882e-07,9264,6.9480839053441e-08,4470.93066233203,5468.407485461008
8644.71848013817,1.0,6.774151239619811e-08,1.0,1.0,1.9781996437474793e-07,27792,1.3278074167434095e-07,512,164249,1.0,6.82133395909246e-08,1.0,1.0,1.8352361195429568e-07,9264,1.258684729991618e-07,4477.256028054027,5475.273163569
8644.82901554404,1.0,0.0,1.0,1.0,1.4383007597773735e-07,27792,7.191503802159373e-08,512,164251,1.0,0.0,1.0,1.0,1.2813967766890062e-07,9264,6.406983880990651e-08,4477.300761541017,5476.274779407002
8657.884283246978,1.0,0.0,1.0,1.0,2.1081236990192617e-07,27792,1.0540618501641319e-07,512,164499,1.0,0.0,1.0,1.0,2.0013621588313132e-07,9264,1.0006810794156566e-07,4483.589441414959,5483.102698617993
8657.994818652849,1.0,0.0,1.0,1.0,1.2611939925597046e-07,27792,6.305969966071028e-08,512,164501,1.0,0.0,1.0,1.0,1.1654559707635999e-07,9264,5.8272798538179996e-08,4483.634146087963,5484.104614020995
8671.0,1.0,0.0,1.0,1.0,1.7913560943362722e-07,27792,8.956780471681361e-08,48,164749,1.0,0.0,1.0,1.0,1.6280610804920523e-07,9264,8.140305402460262e-08,4489.954597859985,5490.963755466
8671.110535405873,1.0,1.2010146398796873e-10,1.0,1.0,1.5571154040261097e-07,27792,7.791582093726227e-08,512,164751,1.0,1.2868014080888805e-10,1.0,1.0,1.356288622612805e-07,9264,6.787877120487967e-08,4489.9993753009985,5491.965546608
8684.165803108808,1.0,0.0,1.0,1.0,1.446021537270051e-07,27792,7.230107686350255e-08,512,164999,1.0,0.0,1.0,1.0,1.2740620077348373e-07,9264,6.370310038674187e-08,4496.306455871978,5498.813817432994
8684.27633851468,1.0,3.431470421570348e-11,1.0,1.0,1.6975911751860628e-07,27792,8.489671611243364e-08,512,165001,1.0,5.147205632355522e-11,1.0,1.0,1.5284626612774697e-07,9264,7.644886909356925e-08,4496.351279012983,5499.828036927007
8697.331606217616,1.0,6.408270623161279e-09,1.0,1.0,1.5759455886148268e-07,27792,8.200141512786402e-08,512,165249,1.0,5.674793906709549e-09,1.0,1.0,1.421529457891568e-07,9264,7.391387016853645e-08,4502.798231668028,5506.816494681989
8697.442141623489,1.0,3.9032973943800646e-09,1.0,1.0,1.3576183014451432e-07,27792,6.983256402357769e-08,512,165251,1.0,3.0883232191116814e-09,1.0,1.0,1.1821843822118339e-07,9264,6.065338086779377e-08,4502.843061386018,5507.820277007995
8710.497409326425,1.0,0.0,1.0,1.0,1.3866142282357045e-07,27792,6.933071141178522e-08,512,165499,1.0,0.0,1.0,1.0,1.1989128015140807e-07,9264,5.994564005116025e-08,4509.540187292994,5515.061845866992
8710.607944732297,1.0,4.701114232113472e-09,1.0,1.0,1.5526544922121774e-07,27792,7.998328198948869e-08,512,165501,1.0,4.066292274686355e-09,1.0,1.0,1.3836974942387943e-07,9264,7.121802105790511e-08,4509.5849447559885,5516.064184012997
8723.663212435233,1.0,1.0508877846478585e-09,1.0,1.0,1.6566708774977797e-07,27792,8.335898781451084e-08,512,165749,1.0,7.206087670539564e-10,1.0,1.0,1.536183470186199e-07,9264,7.716947792505065e-08,4515.895635725981,5522.914392848004
8723.773747841105,1.0,2.1412373156207715e-08,1.0,1.0,1.3452221190443586e-07,27792,7.796729430565596e-08,512,165751,1.0,2.0871916929387942e-08,1.0,1.0,1.1601800768219553e-07,9264,6.844496385818648e-08,4515.940266593978,5523.9171697690035
8736.82901554404,1.0,0.0,1.0,1.0,1.227479793658253e-07,27792,6.13739897156377e-08,512,165999,1.0,0.0,1.0,1.0,1.0446253034879725e-07,9264,5.2231265174398626e-08,4522.580344526039,5531.099818479008
8736.939550949914,1.0,0.0,1.0,1.0,1.446622070809662e-07,27792,7.233110357320815e-08,512,166001,1.0,0.0,1.0,1.0,1.297610474906462e-07,9264,6.48805237453231e-08,4522.636663726036,5532.126279482007
8749.994818652849,1.0,0.0,1.0,1.0,1.431223341139021e-07,27792,7.15611670896761e-08,512,166249,1.0,0.0,1.0,1.0,1.3015995595093056e-07,9264,6.507997797546528e-08,4529.994312663992,5540.046727100009
8750.055267702935,1.0,8.950132547124197e-08,1.0,1.0,1.273590180850999e-07,27792,1.0843016824386509e-07,512,166251,1.0,8.89565795257108e-08,1.0,1.0,1.1025313698125669e-07,9264,9.960485469463413e-08,4530.046645461996,5541.081045432002
8763.110535405873,1.0,0.0,1.0,1.0,1.2759921939267434e-07,27792,6.379960972906222e-08,512,166499,1.0,0.0,1.0,1.0,1.1317417635172597e-07,9264,5.658708817586298e-08,4536.766972055972,5548.361084450997
8763.221070811744,1.0,0.0,1.0,1.0,1.2994119914219062e-07,27792,6.497059960382037e-08,512,166501,1.0,0.0,1.0,1.0,1.1523305872738713e-07,9264,5.7616529363693565e-08,4536.811549336984,5549.363561564009
8776.27633851468,1.0,0.0,1.0,1.0,1.1033463437590156e-07,27792,5.516731722067583e-08,512,166749,1.0,0.0,1.0,1.0,9.328022858759276e-08,9264,4.664011429379638e-08,4543.112978242978,5556.20375251901
8776.386873920552,1.0,0.0,1.0,1.0,1.355387840302168e-07,27792,6.776939204783347e-08,512,166751,1.0,0.0,1.0,1.0,1.2456236949210175e-07,9264,6.228118474605088e-08,4543.1576231989675,5557.205863773997
8789.442141623489,1.0,7.620008745681434e-08,1.0,1.0,1.3175129996290952e-07,27792,1.0397569043735652e-07,512,166999,1.0,7.635879301417787e-08,1.0,1.0,1.2081777717136803e-07,9264,9.8588281570739e-08,4549.494592145944,5564.082268775004
8789.552677029362,1.0,0.0,1.0,1.0,1.0791115831166717e-07,27792,5.3955579155833586e-08,512,167001,1.0,0.0,1.0,1.0,9.246954286677488e-08,9264,4.623477143338744e-08,4549.539244754938,5565.081606487001
8802.607944732297,1.0,3.508678321465923e-09,1.0,1.0,1.1970683852344248e-07,27792,6.160775865204091e-08,512,167249,1.0,2.6508107764101545e-09,1.0,1.0,1.0661148877930602e-07,9264,5.463114991898488e-08,4555.7463861749275,5571.824750002008
8802.71848013817,1.0,0.0,1.0,1.0,1.1743348929910004e-07,27792,5.871674464955002e-08,512,167251,1.0,2.573602816177761e-11,1.0,1.0,1.0304704871553021e-07,9264,5.153639237261299e-08,4555.791141523936,5572.8250148539955
8815.773747841105,1.0,0.0,1.0,1.0,1.1252219690004154e-07,27792,5.626109848274582e-08,512,167499,1.0,0.0,1.0,1.0,9.524903250311485e-08,9264,4.7624516251557426e-08,4562.085112924957,5579.659521385009
8815.884283246978,1.0,0.0,1.0,1.0,1.2892033715452618e-07,27792,6.446016857726309e-08,512,167501,1.0,1.2868014080888805e-11,1.0,1.0,1.1845006243935769e-07,9264,5.9231465227102783e-08,4562.12977950096,5580.662462895998
8828.939550949914,1.0,2.1017756153153243e-10,1.0,1.0,1.224648830391719e-07,27792,6.133753034023538e-08,512,167749,1.0,1.286801400418946e-10,1.0,1.0,1.1052336529306222e-07,9264,5.532602272077052e-08,4568.457881935996,5587.530179175999
8829.0,1.0,1.1585501061033328e-08,1.0,1.0,1.077910568397536e-07,27792,5.968827977056513e-08,48,167751,1.0,1.137532355165735e-08,1.0,1.0,9.138862883415147e-08,9264,5.1381976979839695e-08,4568.4975498580025,5588.52864456299
8842.055267702935,1.0,0.0,1.0,1.0,9.55407067045697e-08,27792,4.777035335228485e-08,512,167999,1.0,0.0,1.0,1.0,7.711800429485653e-08,9264,3.8559002147428264e-08,4574.815217022013,5595.384583628009
8842.165803108808,1.0,0.0,1.0,1.0,1.3012564121194448e-07,27792,6.506282063869729e-08,512,168001,1.0,0.0,1.0,1.0,1.2287665954702918e-07,9264,6.143832977351459e-08,4574.859936201021,5596.386602011
8855.221070811744,1.0,0.0,1.0,1.0,1.221088676999134e-07,27792,6.105443388268175e-08,512,168249,1.0,0.0,1.0,1.0,1.1345727272746696e-07,9264,5.6728636339189686e-08,4581.218426496023,5603.283511490998
8855.331606217616,1.0,2.394737208124052e-08,1.0,1.0,9.634710256350408e-08,27792,6.014723896680627e-08,512,168251,1.0,2.3921636055635388e-08,1.0,1.0,8.118429855758992e-08,9264,5.2552965545595686e-08,4581.263014404023,5604.285573303001
8868.386873920552,1.0,2.2304557561242124e-10,1.0,1.0,9.982575564891449e-08,27792,5.002440061980556e-08,512,168499,1.0,1.5441616820367222e-10,1.0,1.0,8.594546090970116e-08,9264,4.3049938543937876e-08,4587.6130891450375,5611.176552217003
8868.497409326425,1.0,1.293235315087812e-08,1.0,1.0,1.1239780615529545e-07,27792,6.266508053870856e-08,512,168501,1.0,1.2932353148832806e-08,1.0,1.0,1.0268674429978951e-07,9264,5.7809549610955585e-08,4587.658220402038,5612.181012068002
8881.552677029362,1.0,0.0,1.0,1.0,1.0993143664278469e-07,27792,5.4965718321392345e-08,512,168749,1.0,0.0,1.0,1.0,1.0042197447196352e-07,9264,5.021098723598176e-08,4593.932977903074,5618.994431300991
8881.663212435233,1.0,1.1109385085884116e-09,1.0,1.0,9.720496995822914e-08,27792,4.915795428671482e-08,512,168751,1.0,8.49288898658923e-10,1.0,1.0,8.472300106995494e-08,9264,4.278614502495759e-08,4593.977653008078,5619.995692696
8894.71848013817,1.0,0.0,1.0,1.0,8.79871843450667e-08,27792,4.399359217253335e-08,512,168999,1.0,0.0,1.0,1.0,7.423556975433221e-08,9264,3.7117784877166104e-08,4600.193404530044,5626.7487760950025
8894.82901554404,1.0,0.0,1.0,1.0,1.0311567837349016e-07,27792,5.155783918674508e-08,512,169001,1.0,0.0,1.0,1.0,9.43354050197178e-08,9264,4.71677025098589e-08,4600.238084615055,5627.748854042002
8907.884283246978,1.0,0.0,1.0,1.0,8.974581408814568e-08,27792,4.487290704407284e-08,512,169249,1.0,0.0,1.0,1.0,7.749117751084641e-08,9264,3.8745588755423207e-08,4606.480757566082,5634.528561282001
8907.994818652849,1.0,0.0,1.0,1.0,9.663448927564185e-08,27792,4.8317244637820925e-08,512,169251,1.0,0.0,1.0,1.0,8.733520808407504e-08,9264,4.366760404203752e-08,4606.525483101075,5635.530174325002
8921.0,1.0,4.242154892291163e-08,1.0,1.0,1.0083803948361456e-07,27792,7.16297912661895e-08,48,169499,1.0,4.312071066209799e-08,1.0,1.0,9.210923766563288e-08,9264,6.7614971402689e-08,4612.765280220039,5642.308158945001
8921.110535405873,1.0,0.0,1.0,1.0,9.13671821263758e-08,27792,4.56835910631879e-08,512,169501,1.0,0.0,1.0,1.0,7.964013677584404e-08,9264,3.982006838792202e-08,4612.810163857037,5643.308340251009
8934.165803108808,1.0,0.0,1.0,1.0,9.671598565581005e-08,27792,4.8357992827905024e-08,512,169749,1.0,0.0,1.0,1.0,8.763117164017504e-08,9264,4.381558582008752e-08,4619.111164220085,5650.146517966001
8934.27633851468,1.0,0.0,1.0,1.0,9.582809315490704e-08,27792,4.791404657745352e-08,512,169751,1.0,0.0,1.0,1.0,8.57781790728826e-08,9264,4.28890895364413e-08,4619.155936116098,5651.146573545993
8947.331606217616,1.0,7.862356086213808e-09,1.0,1.0,9.249527992730985e-08,27792,5.017881849968296e-08,512,169999,1.0,7.682203977541277e-09,1.0,1.0,8.329465299264261e-08,9264,4.548842892841416e-08,4625.522056484071,5658.05067994399
8947.442141623489,1.0,0.0,1.0,1.0,9.598679945676554e-08,27792,4.799339972838277e-08,512,170001,1.0,0.0,1.0,1.0,8.81716282637861e-08,9264,4.408581413189305e-08,4625.566790195073,5659.062738932
8960.497409326425,1.0,1.621369712321184e-09,1.0,1.0,8.189632633993965e-08,27792,4.175884810538641e-08,512,170249,1.0,1.3125373794931426e-09,1.0,1.0,6.773722306609675e-08,9264,3.452488029029037e-08,4631.934743009057,5665.968951190996
8960.607944732297,1.0,5.17294137775238e-09,1.0,1.0,9.842314229229575e-08,27792,5.179804213057221e-08,512,170251,1.0,4.722560955229005e-09,1.0,1.0,9.046213726291303e-08,9264,4.759234935604291e-08,4631.979342444065,5666.9713403529895
8973.663212435233,1.0,0.0,1.0,1.0,9.550639278370997e-08,27792,4.7753196391854985e-08,512,170499,1.0,0.0,1.0,1.0,8.680762026071317e-08,9264,4.3403810130356586e-08,4638.189110248088,5673.718534118991
8973.773747841105,1.0,1.2868014080888805e-11,1.0,1.0,9.300999790322081e-08,27792,4.651143295903435e-08,512,170501,1.0,1.2868014080888805e-11,1.0,1.0,8.23681543527925e-08,9264,4.1190511183820186e-08,4638.233855814091,5674.723556095996
8986.82901554404,1.0,5.657636505514116e-09,1.0,1.0,8.111995715798582e-08,27792,4.3388797176385695e-08,512,170749,1.0,5.198677357337906e-09,1.0,1.0,6.693940614552805e-08,9264,3.606904207203624e-08,4644.526625783103,5681.555455991009
8986.939550949914,1.0,9.994157288356323e-10,1.0,1.0,1.0236933325051255e-07,27792,5.168437453518237e-08,512,170751,1.0,8.364208930149622e-10,1.0,1.0,9.676746061136886e-08,9264,4.88019407882406e-08,4644.571312075095,5682.557429003995
8999.994818652849,1.0,0.0,1.0,1.0,8.743815140109428e-08,27792,4.371907570054714e-08,512,170999,1.0,0.0,1.0,1.0,7.482749922273608e-08,9264,3.741374961136804e-08,4650.8621764800555,5689.38641153599
9000.055267702935,1.0,0.0,1.0,1.0,9.723928623529275e-08,27792,4.8619643117646375e-08,512,171001,1.0,0.0,1.0,1.0,8.948416656367138e-08,9264,4.474208328183569e-08,4650.902039787063,5690.383749328001
9013.110535405873,1.0,9.608116858259724e-10,1.0,1.0,9.298426370612807e-08,27792,4.697253774071831e-08,512,171249,1.0,7.720808295134593e-10,1.0,1.0,8.423401729113672e-08,9264,4.250304909100483e-08,4657.200995211111,5697.2175740329985
9013.221070811744,1.0,3.4271809176171347e-09,1.0,1.0,9.164599225635178e-08,27792,4.7536586772085544e-08,512,171251,1.0,2.998247090632715e-09,1.0,1.0,8.329465220724132e-08,9264,4.314644983339894e-08,4657.245665698116,5698.216624310007
9026.27633851468,1.0,2.573602816177761e-11,1.0,1.0,8.446135168015259e-08,27792,4.224354385492417e-08,512,171499,1.0,1.2868014080888805e-11,1.0,1.0,7.39396061982322e-08,9264,3.697623710654005e-08,4663.567038352099,5705.077341844008
9026.386873920552,1.0,8.57867605392587e-12,1.0,1.0,9.614121799114402e-08,27792,4.8074898333854634e-08,512,171501,1.0,1.2868014080888805e-11,1.0,1.0,8.86734831990574e-08,9264,4.434317560695264e-08,4663.611766055095,5706.080359729996
9039.442141623489,1.0,3.2212926718697548e-09,1.0,1.0,8.796145198057699e-08,27792,4.559137251541509e-08,512,171749,1.0,2.8180949318499443e-09,1.0,1.0,7.841767536529523e-08,9264,4.061788530849072e-08,4669.979877914047,5712.988984997006
9039.552677029362,1.0,3.487231629030128e-09,1.0,1.0,8.704782318817779e-08,27792,4.5267527605976936e-08,512,171751,1.0,3.0368511597201525e-09,1.0,1.0,7.69249856429409e-08,9264,3.9980918573520555e-08,4670.024676270048,5713.992530677991
9052.607944732297,1.0,0.0,1.0,1.0,9.616266546795845e-08,27792,4.808133273397923e-08,512,171999,1.0,0.0,1.0,1.0,9.001175595783585e-08,9264,4.5005877978917926e-08,4676.509199142987,5721.019424586993
9052.71848013817,1.0,0.0,1.0,1.0,8.302013480259107e-08,27792,4.1510067401295534e-08,512,172001,1.0,0.0,1.0,1.0,7.289729699555375e-08,9264,3.6448648497776876e-08,4676.553825194969,5722.020220952996
9065.773747841105,1.0,0.0,1.0,1.0,9.279553517789636e-08,27792,4.639776758894818e-08,512,172249,1.0,0.0,1.0,1.0,8.508330627109695e-08,9264,4.2541653135548476e-08,4682.782625633983,5728.78620156899
9065.884283246978,1.0,1.7157351494256978e-09,1.0,1.0,9.049644959660764e-08,27792,4.61060924548293e-08,512,172251,1.0,1.4026135010691678e-09,1.0,1.0,8.100414634971956e-08,9264,4.1203379984069365e-08,4682.827365925972,5729.789349729996
9078.939550949914,1.0,0.0,1.0,1.0,9.565223421232579e-08,27792,4.7826117106162896e-08,512,172499,1.0,0.0,1.0,1.0,8.85962751099701e-08,9264,4.429813755498505e-08,4689.188357792969,5736.690819787997
9079.0,1.0,0.0,1.0,1.0,9.382926570400958e-08,27792,4.691463285200479e-08,48,172501,1.0,0.0,1.0,1.0,8.609988022948094e-08,9264,4.304994011474047e-08,4689.227726915982,5737.690791044006
9092.055267702935,1.0,0.0,1.0,1.0,9.040208520159156e-08,27792,4.520104260079578e-08,512,172749,1.0,0.0,1.0,1.0,8.248396805722602e-08,9264,4.124198402861301e-08,4695.456087431943,5744.457360109998
9092.165803108808,1.0,0.0,1.0,1.0,9.702482246276656e-08,27792,4.851241123138328e-08,512,172751,1.0,0.0,1.0,1.0,9.068089351532702e-08,9264,4.534044675766351e-08,4695.500669308938,5745.45814891599
9105.221070811744,1.0,0.0,1.0,1.0,9.61069040702843e-08,27792,4.805345203514215e-08,512,172999,1.0,0.0,1.0,1.0,8.971579240173586e-08,9264,4.485789620086793e-08,4701.825739356958,5752.322317733997
9105.331606217616,1.0,0.0,1.0,1.0,8.238960207504484e-08,27792,4.119480103752242e-08,512,173001,1.0,0.0,1.0,1.0,6.952587712995239e-08,9264,3.4762938564976195e-08,4701.870603724958,5753.322265080002
9118.386873920552,1.0,0.0,1.0,1.0,8.479163125151576e-08,27792,4.239581562575788e-08,512,173249,1.0,0.0,1.0,1.0,7.440285473275597e-08,9264,3.7201427366377984e-08,4708.17177602087,5760.162730640004
9118.497409326425,1.0,0.0,1.0,1.0,9.459276896551898e-08,27792,4.729638448275949e-08,512,173251,1.0,0.0,1.0,1.0,8.772125010031411e-08,9264,4.386062505015706e-08,4708.2164675958775,5761.1622027659905
9131.552677029362,1.0,4.289338026962935e-12,1.0,1.0,8.632721514209767e-08,27792,4.316575225655268e-08,512,173499,1.0,1.2868014080888805e-11,1.0,1.0,7.527787974241197e-08,9264,3.7645373878629924e-08,4714.416472544894,5767.899169427998
9131.663212435233,1.0,3.3027902551950114e-10,1.0,1.0,9.574231241066442e-08,27792,4.803629572921337e-08,512,173501,1.0,1.801521963654498e-10,1.0,1.0,8.863487915451375e-08,9264,4.440751568119205e-08,4714.461101742891,5768.902527664992
9144.71848013817,1.0,8.57867605392587e-12,1.0,1.0,7.704508709849193e-08,27792,3.85268328875286e-08,512,173749,1.0,1.2868014080888805e-11,1.0,1.0,6.30661336517717e-08,9264,3.153950083330979e-08,4720.677499034871,5775.657410176005
9144.82901554404,1.0,3.5172571539865135e-10,1.0,1.0,1.011811917822334e-07,27792,5.076645876070442e-08,512,173751,1.0,2.702282933976845e-10,1.0,1.0,9.719210824295415e-08,9264,4.873116827737984e-08,4720.722184746875,5776.658784216997
9157.884283246978,1.0,1.0037050722315495e-09,1.0,1.0,9.711060818121739e-08,27792,4.90571566696761e-08,512,173999,1.0,7.206087793258516e-10,1.0,1.0,9.001175674323715e-08,9264,4.536618278735928e-08,4726.993182472819,5783.468104710002
9157.994818652849,1.0,9.00760958561781e-10,1.0,1.0,9.076667790841316e-08,27792,4.583371947388246e-08,512,174001,1.0,6.562687066204272e-10,1.0,1.0,8.168615113665733e-08,9264,4.1171209946949664e-08,4727.037928784819,5784.4713084230025
9171.0,1.0,9.2092081760586e-09,1.0,1.0,1.0692890036854636e-07,27792,5.8069054830673716e-08,48,174249,1.0,9.213497351738616e-09,1.0,1.0,1.0401215061452267e-07,9264,5.6612824622803185e-08,4733.304670959893,5791.276576841003
9171.110535405873,1.0,4.846951888655481e-10,1.0,1.0,8.871208513283505e-08,27792,4.459839017938598e-08,512,174251,1.0,3.474363778830174e-10,1.0,1.0,7.893239595921052e-08,9264,3.963991618005167e-08,4733.349598582892,5792.279315041
9184.165803108808,1.0,0.0,1.0,1.0,8.597548783211963e-08,27792,4.2987743916059814e-08,512,174499,1.0,0.0,1.0,1.0,7.527787974241197e-08,9264,3.7638939871205985e-08,4739.628200622945,5799.096094474997
9184.27633851468,1.0,2.209008980341795e-09,1.0,1.0,9.144010480418696e-08,27792,4.682455700987004e-08,512,174501,1.0,1.7500498597773488e-09,1.0,1.0,8.312736801421885e-08,9264,4.243870901676542e-08,4739.673151698946,5800.098336808995
9197.331606217616,1.0,9.093396371723517e-10,1.0,1.0,8.46372153351416e-08,27792,4.277327754189184e-08,512,174749,1.0,7.334767880377862e-10,1.0,1.0,7.315465729251139e-08,9264,3.694406706942034e-08,4745.955847084937,5806.918108707992
9197.442141623489,1.0,1.1049333902514484e-08,1.0,1.0,8.614706005442256e-08,27792,4.85981977352354e-08,512,174751,1.0,1.0809131192876016e-08,1.0,1.0,7.50333874603022e-08,9264,4.2921259966261647e-08,4746.000580716929,5807.918675285007
9210.497409326425,1.0,2.1446690134814675e-11,1.0,1.0,9.27354862745426e-08,27792,4.637846648297787e-08,512,174999,1.0,1.2868014080888805e-11,1.0,1.0,8.539213941284742e-08,9264,4.270250371384765e-08,4752.294899321991,5814.752327246999
9210.607944732297,1.0,0.0,1.0,1.0,9.642002785931956e-08,27792,4.821001392965978e-08,512,175001,1.0,0.0,1.0,1.0,8.945843210477821e-08,9264,4.4729216052389106e-08,4752.339552394005,5815.763952139008
9223.663212435233,1.0,0.0,1.0,1.0,8.728802665560579e-08,27792,4.364401334416542e-08,512,175249,1.0,0.0,1.0,1.0,7.68477775538536e-08,9264,3.84238887769268e-08,4758.629458291987,5822.591381077
9223.773747841105,1.0,0.0,1.0,1.0,9.574231162526313e-08,27792,4.787115581263156e-08,512,175251,1.0,0.0,1.0,1.0,8.855767106542646e-08,9264,4.427883553271323e-08,4758.67410546499,5823.591305423004
9236.82901554404,1.0,2.3591358243243867e-09,1.0,1.0,9.154304997017175e-08,27792,4.6951093012808417e-08,512,175499,1.0,1.8787299829453876e-09,1.0,1.0,8.297295262144556e-08,9264,4.242584139461818e-08,4764.924998568051,5830.3784825979965
9236.939550949914,1.0,2.0116994602472514e-09,1.0,1.0,9.379066165946593e-08,27792,4.790118065700909e-08,512,175501,1.0,1.582765660618932e-09,1.0,1.0,8.434983021016895e-08,9264,4.296629801822924e-08,4764.9699294640595,5831.379991511989
9249.994818652849,1.0,0.0,1.0,1.0,8.645589476697563e-08,27792,4.3227947383487815e-08,512,175749,1.0,0.0,1.0,1.0,7.638452901932984e-08,9264,3.819226450966492e-08,4771.2282373690905,5838.176162549993
9250.055267702935,1.0,0.0,1.0,1.0,9.59095950328843e-08,27792,4.795479751644215e-08,512,175751,1.0,0.0,1.0,1.0,8.812015856059846e-08,9264,4.406007928029923e-08,4771.268323250093,5839.171459623991
9263.110535405873,1.0,0.0,1.0,1.0,8.883647777563428e-08,27792,4.4418238904179664e-08,512,175999,1.0,0.0,1.0,1.0,7.985889302825805e-08,9264,3.9929446514129024e-08,4777.535954459097,5845.976960733999
9263.221070811744,1.0,0.0,1.0,1.0,9.707200518387546e-08,27792,4.853600259193773e-08,512,176001,1.0,0.0,1.0,1.0,9.071949755987067e-08,9264,4.5359748779935335e-08,4777.580620860092,5846.980171453004
9276.27633851468,1.0,6.232407735165712e-09,1.0,1.0,9.248670360694848e-08,27792,4.935955606580306e-08,512,176249,1.0,6.073702221265142e-09,1.0,1.0,8.247110004237815e-08,9264,4.427240152528929e-08,4783.833237522005,5853.770707521995
9276.386873920552,1.0,1.5956336908066832e-09,1.0,1.0,9.211353143816033e-08,27792,4.6854582639648865e-08,512,176251,1.0,1.2739333648622405e-09,1.0,1.0,8.360348534899179e-08,9264,4.243870940946607e-08,4783.878078203008,5854.772917618
9289.442141623489,1.0,1.5141362603687883e-09,1.0,1.0,8.851906700452028e-08,27792,4.501660170914388e-08,512,176499,1.0,1.1066491894806205e-09,1.0,1.0,7.839193933559946e-08,9264,3.9749294306258674e-08,4790.133998821992,5861.566075267008
9289.552677029362,1.0,2.1489582607475385e-09,1.0,1.0,8.982731491892122e-08,27792,4.598813669925878e-08,512,176501,1.0,1.8915979862883677e-09,1.0,1.0,7.9614399960747e-08,9264,4.075299907169284e-08,4790.178743757999,5862.567188419998
9302.607944732297,1.0,0.0,1.0,1.0,9.786553512236543e-08,27792,4.8932767561182714e-08,512,176749,1.0,0.0,1.0,1.0,9.024338101049903e-08,9264,4.5121690505249514e-08,4796.53136491101,5869.460252942998
9302.71848013817,1.0,0.0,1.0,1.0,8.636152958655826e-08,27792,4.318076479327913e-08,512,176751,1.0,0.0,1.0,1.0,7.494331135636702e-08,9264,3.747165567818351e-08,4796.576050265008,5870.465011877008
9315.773747841105,1.0,4.718271829659229e-11,1.0,1.0,9.79341640112866e-08,27792,4.899067336619775e-08,512,176999,1.0,1.2868014080888805e-11,1.0,1.0,9.191622294072372e-08,9264,4.59645454777858e-08,4802.869535395977,5877.2998413690075
9315.884283246978,1.0,3.2598968544722235e-10,1.0,1.0,8.685051415077778e-08,27792,4.3588251930128736e-08,512,177001,1.0,1.6728418228456103e-10,1.0,1.0,7.624298085600313e-08,9264,3.8205132524512804e-08,4802.914214376979,5878.3023797299975
9328.939550949914,1.0,2.573602816177761e-11,1.0,1.0,9.598680416917333e-08,27792,4.800627009943454e-08,512,177249,1.0,1.2868014080888805e-11,1.0,1.0,8.739954972911705e-08,9264,4.370620887198247e-08,4809.2566578599,5885.184676295001
9329.0,1.0,0.0,1.0,1.0,9.856898581531503e-08,27792,4.9284492907657515e-08,48,177251,1.0,0.0,1.0,1.0,9.234086743070384e-08,9264,4.617043371535192e-08,4809.2959554459085,5886.181726561001
9342.055267702935,1.0,1.788224887043845e-08,1.0,1.0,7.805308159490938e-08,27792,4.796766515495191e-08,512,177499,1.0,1.769351766079762e-08,1.0,1.0,6.475184362138806e-08,9264,4.1222680055109845e-08,4815.621084510945,5893.046159095
9342.165803108808,1.0,3.431470421570348e-11,1.0,1.0,1.0318860078950087e-07,27792,5.1611457747880946e-08,512,177501,1.0,1.2868014080888805e-11,1.0,1.0,9.827302149017627e-08,9264,4.914294475251207e-08,4815.6657738489375,5894.048000383002
9355.221070811744,1.0,0.0,1.0,1.0,9.379066244486722e-08,27792,4.689533122243361e-08,512,177749,1.0,0.0,1.0,1.0,8.516051514558554e-08,9264,4.258025757279277e-08,4822.033961433866,5900.955469127002
9355.331606217616,1.0,0.0,1.0,1.0,8.883218739014993e-08,27792,4.4416093695074964e-08,512,177751,1.0,0.0,1.0,1.0,7.918975625616817e-08,9264,3.9594878128084086e-08,4822.078618194857,5901.958488919001
9368.386873920552,1.0,0.0,1.0,1.0,8.736952434477613e-08,27792,4.368476218875059e-08,512,177999,1.0,0.0,1.0,1.0,7.839193933559946e-08,9264,3.919596966779973e-08,4828.438955958911,5908.85742909601
9368.497409326425,1.0,0.0,1.0,1.0,9.448124617017067e-08,27792,4.7240623085085335e-08,512,178001,1.0,0.0,1.0,1.0,8.694916920944118e-08,9264,4.347458460472059e-08,4828.483639579921,5909.858313019999
9381.552677029362,1.0,4.3751247286993624e-10,1.0,1.0,9.080957286204203e-08,27792,4.562354268343501e-08,512,178249,1.0,2.573602800837892e-10,1.0,1.0,8.034787759247758e-08,9264,4.030261894471761e-08,4834.838278864954,5916.751394161998
9381.663212435233,1.0,1.5012683017670927e-10,1.0,1.0,9.539058510068638e-08,27792,4.777035597028917e-08,512,178251,1.0,6.434007040444402e-11,1.0,1.0,8.756683313673822e-08,9264,4.381558660548882e-08,4834.883034616963,5917.754391360999
9394.71848013817,1.0,1.5484509748110712e-09,1.0,1.0,8.910670634924024e-08,27792,4.532757873463437e-08,512,178499,1.0,1.1581212473381627e-09,1.0,1.0,7.891952794436264e-08,9264,4.0038824640336026e-08,4841.177958910004,5924.587396862
9394.82901554404,1.0,6.991620794757865e-10,1.0,1.0,9.468713545493852e-08,27792,4.7693148797503394e-08,512,178501,1.0,4.3751247108028487e-10,1.0,1.0,8.588112397706694e-08,9264,4.3159318240947474e-08,4841.222603825008,5925.587913897994
9407.884283246978,1.0,3.950901981597315e-06,0.9935952792170408,0.9935952792170408,0.03336596495815578,27792,0.016684957839458513,512,178749,1.0,3.977458931839997e-06,0.9957901554404145,0.9957901554404145,0.027810201493601777,9264,0.013907089511363643,4847.567790937064,5932.471498945
9407.994818652849,1.0,4.222527838564892e-06,0.993811168681635,0.993811168681635,0.0324120523432719,27792,0.01620813756409087,512,178751,1.0,4.0739848627520355e-06,0.9958981001727115,0.9958981001727115,0.025761691004919315,9264,0.01288288255424813,4847.612374888064,5933.472992730007
9421.0,1.0,1.2036229539041985e-05,0.997769142199194,0.997769142199194,0.007614914853303818,27792,0.003813475533401959,48,178999,1.0,1.7300649712315401e-06,0.9992443868739206,0.9992443868739206,0.0019106251176161972,9264,0.0009561775789362104,4853.950397655113,5940.348679832008
9421.110535405873,1.0,1.347175682928396e-05,0.9974093264248705,0.9974093264248705,0.008160084631845192,27792,0.004086778174804831,512,179001,1.0,1.7617296870473509e-06,0.9993523316062176,0.9993523316062176,0.00254098853817779,9264,0.0012713751040072548,4853.995304068121,5941.349915689003
9434.165803108808,0.9999640184225677,0.0002207220994768981,0.992695739781232,0.9927317213586644,0.025955881856952374,27792,0.013088301999444033,512,179249,1.0,2.1761713826031397e-06,0.9948186528497409,0.9948186528497409,0.01679127645197876,9264,0.008396726158738703,4860.305507869132,5948.195702555007
9434.27633851468,0.9999640184225677,0.0003257681169148969,0.9913284398388025,0.9913644214162349,0.03173231625598123,27792,0.016029042137650558,512,179251,1.0,1.9114350239236176e-06,0.9940630397236615,0.9940630397236615,0.023057952413652317,9264,0.011529932062371613,4860.35012282712,5949.196741622989
9447.331606217616,1.0,1.1117963220951992e-08,0.9949265975820379,0.9949265975820379,0.019094598399680033,27792,0.009547304696627026,512,179499,1.0,1.1246643301935391e-08,0.9984887737478411,0.9984887737478411,0.004857138539173854,9264,0.0024285748285693414,4866.695303666951,5956.078878308006
9447.442141623489,1.0,1.2035881515259098e-08,0.9951424870466321,0.9951424870466321,0.016350202459711142,27792,0.008175107123406371,512,179501,1.0,1.209593228189562e-08,0.9987046632124352,0.9987046632124352,0.004650201727290331,9264,0.002325106866574092,4866.7398474339425,5957.079310722998
9460.497409326425,1.0,3.7317240348815013e-10,0.9993163500287853,0.9993163500287853,0.0031848740310900913,27792,0.00159243720427593,512,179749,1.0,3.4743637711602393e-10,0.9997841105354058,0.9997841105354058,0.0006818914213354518,9264,0.0003409458843859263,4873.034627581859,5963.909624118009
9460.607944732297,1.0,3.474363697017539e-10,0.9991364421416234,0.9991364421416234,0.0033076706508074812,27792,0.0016538354948326028,512,179751,1.0,2.8309630747857336e-10,0.999892055267703,0.999892055267703,0.0006110469677159,9264,0.0003055236254061133,4873.079215157843,5964.910401560002
9473.663212435233,1.0,4.7182696309446604e-11,0.998272884283247,0.998272884283247,0.0057792097124205145,27792,0.002889604879801618,512,179999,1.0,1.2868014080888805e-11,0.9997841105354058,0.9997841105354058,0.0016090177711934198,9264,0.0008045088920307173,4879.325053990833,5971.693077556993
9473.773747841105,1.0,2.27334241497454e-10,0.9980210132412205,0.9980210132412205,0.00745721583436396,27792,0.0037286080308494445,512,180001,1.0,1.2868014080888805e-11,0.9991364421416234,0.9991364421416234,0.002954482592150508,9264,0.001477241296075254,4879.369711081839,5972.7048603110015
9486.82901554404,1.0,0.0,0.9998560736902706,0.9998560736902706,0.0003621939118794998,27792,0.0001810969602290882,512,180249,1.0,0.0,1.0,1.0,7.130614105904184e-06,9264,3.565307052952092e-06,4885.596311891844,5979.467625688005
9486.939550949914,1.0,0.0,0.9998560736902706,0.9998560736902706,0.0003586923375819039,27792,0.00017934616879095196,512,180251,1.0,0.0,1.0,1.0,7.019102421366217e-06,9264,3.5095512106831084e-06,4885.640966420855,5980.46871399699
9499.994818652849,1.0,4.289338026962935e-12,0.9999280368451353,0.9999280368451353,0.00015573393078719276,27792,7.786696753826552e-05,512,180499,1.0,1.2868014080888805e-11,1.0,1.0,9.638136362685652e-07,9264,4.819132521417066e-07,4891.858548080847,5987.222949413001
9500.055267702935,1.0,4.289338026962935e-12,0.9999280368451353,0.9999280368451353,0.00016163087953931598,27792,8.081544191432713e-05,512,180501,1.0,1.2868014080888805e-11,1.0,1.0,9.519750688917239e-07,9264,4.7599396845328593e-07,4891.898028886862,5988.218291475001
9513.110535405873,1.0,0.0,1.0,1.0,1.2758910518850558e-05,27792,6.379455259425279e-06,512,180749,1.0,0.0,1.0,1.0,2.9812611115231734e-07,9264,1.4906305557615867e-07,4898.213321573887,5995.0713133389945
9513.221070811744,1.0,0.0,1.0,1.0,1.2155808262513183e-05,27792,6.077904131256591e-06,512,180751,1.0,0.0,1.0,1.0,2.9950298874104074e-07,9264,1.4975149437052037e-07,4898.257971169885,5996.072768972997
9526.27633851468,1.0,0.0,1.0,1.0,2.813018051182656e-07,27792,1.406509025591328e-07,512,180999,1.0,0.0,1.0,1.0,2.0720074660980311e-07,9264,1.0360037330490156e-07,4904.60839574899,6002.962020385996
9526.386873920552,1.0,0.0,1.0,1.0,2.3898788875081616e-07,27792,1.1949394463720852e-07,512,181001,1.0,0.0,1.0,1.0,1.7056551786087306e-07,9264,8.528275893043653e-08,4904.6532538619795,6003.964177809001
9539.442141623489,1.0,1.1366745410964855e-09,1.0,1.0,2.2506583892069364e-07,27792,1.1310125678279495e-07,512,181249,1.0,1.209593290622829e-09,1.0,1.0,2.0660881792680055e-07,9264,1.0390920566125073e-07,4910.9409540530105,6010.7903536079975
9539.552677029362,1.0,6.005073104802577e-10,1.0,1.0,1.6479634893679944e-07,27792,8.269842814818363e-08,512,181251,1.0,6.691367160993554e-10,1.0,1.0,1.4228162593763563e-07,9264,7.147538137940655e-08,4910.9855613200125,6011.790492262997
9552.607944732297,1.0,4.242155066552076e-09,1.0,1.0,1.3753332528443685e-07,27792,7.088774042297768e-08,512,181499,1.0,4.207840411935282e-09,1.0,1.0,1.236744764675979e-07,9264,6.39411586614277e-08,4917.26447743296,6018.606601409992
9552.71848013817,1.0,2.054592834892262e-09,1.0,1.0,2.1115980584466824e-07,27792,1.0660719947374844e-07,512,181501,1.0,1.8401259261298455e-09,1.0,1.0,1.9743393433587865e-07,9264,9.96370302295629e-08,4917.309094871969,6019.605411741009
9565.773747841105,1.0,5.876392979333559e-10,1.0,1.0,1.4601334811639298e-07,27792,7.330049373055647e-08,512,181749,1.0,4.1177644445249415e-10,1.0,1.0,1.2992833168366867e-07,9264,6.517005407940045e-08,4923.6024770980075,6026.436383494001
9565.884283246978,1.0,2.6422321182527425e-09,1.0,1.0,1.9926118465571508e-07,27792,1.0095170851890679e-07,512,181751,1.0,2.136090230048458e-09,1.0,1.0,1.856983080343904e-07,9264,9.391719920048183e-08,4923.647145099007,6027.435706849006
9578.939550949914,1.0,5.142915911598826e-09,1.0,1.0,2.07878462516609e-07,27792,1.0651068962418975e-07,512,181999,1.0,4.1821042840643556e-09,1.0,1.0,1.97704159506079e-07,9264,1.0094313216582037e-07,4929.915459629985,6034.241587547003
9579.0,1.0,9.479436768583732e-10,1.0,1.0,1.2479399320303772e-07,27792,6.287096851447424e-08,48,182001,1.0,5.919286392839571e-10,1.0,1.0,1.1341866868292331e-07,9264,5.7005298682962946e-08,4929.955230479987,6035.236792179989
9592.055267702935,1.0,4.1992617021336445e-09,1.0,1.0,1.361478716371525e-07,27792,7.017356690792238e-08,512,182249,1.0,3.2684753771274585e-09,1.0,1.0,1.2407338492788223e-07,9264,6.367093037416595e-08,4936.1823719850945,6042.0024381490075
9592.165803108808,1.0,7.266138163103758e-09,1.0,1.0,1.9587260531803596e-07,27792,1.015693721844034e-07,512,182251,1.0,6.601290730319166e-09,1.0,1.0,1.846302579914332e-07,9264,9.56157748041984e-08,4936.227084717102,6043.007733164995
9605.221070811744,1.0,5.061418769550469e-10,1.0,1.0,1.41702564713155e-07,27792,7.110435331525253e-08,512,182499,1.0,2.573602785498023e-10,1.0,1.0,1.2871873833705533e-07,9264,6.448804929246268e-08,4942.44985715513,6049.768771340998
9605.331606217616,1.0,1.153831899340285e-09,1.0,1.0,1.4411317230439077e-07,27792,7.263350215120877e-08,512,182501,1.0,6.30532673856689e-10,1.0,1.0,1.2891175851068596e-07,9264,6.47711456191161e-08,4942.494470830119,6050.770897137991
9618.386873920552,1.0,9.934106214922418e-09,1.0,1.0,1.2508137886797377e-07,27792,6.750774316526943e-08,512,182749,1.0,8.89179717382391e-09,1.0,1.0,1.1098661387667357e-07,9264,5.99392060437363e-08,4948.716400712168,6057.531371785008
9618.497409326425,1.0,1.9302020282753697e-09,1.0,1.0,1.7818338157089256e-07,27792,9.005679189903745e-08,512,182751,1.0,1.2224613054707115e-09,1.0,1.0,1.6730991481676662e-07,9264,8.426618811365773e-08,4948.761424659162,6058.535889685008
9631.552677029362,1.0,4.134921595169179e-09,1.0,1.0,1.3825822502500347e-07,27792,7.119657356472815e-08,512,182999,1.0,3.229871357127602e-09,1.0,1.0,1.2498701398208187e-07,9264,6.410844285445016e-08,4955.094413851126,6065.407743335993
9631.663212435233,1.0,6.74712826567621e-09,1.0,1.0,1.6437171439523574e-07,27792,8.555942175690434e-08,512,183001,1.0,6.047966239122973e-09,1.0,1.0,1.524730889847506e-07,9264,7.926052798162764e-08,4955.1391940561225,6066.410205264998
9644.71848013817,1.0,0.0,1.0,1.0,1.5231867591545615e-07,27792,7.615933795772808e-08,512,183249,1.0,0.0,1.0,1.0,1.360020346918691e-07,9264,6.800101734593455e-08,4961.36698508016,6073.17494442701
9644.82901554404,1.0,1.715735210785174e-11,1.0,1.0,1.635310035682399e-07,27792,8.17740804606852e-08,512,183251,1.0,0.0,1.0,1.0,1.4749317195102794e-07,9264,7.374658597551397e-08,4961.411818710163,6074.175531531
9657.884283246978,1.0,6.862940843140696e-11,1.0,1.0,1.5517966088476258e-07,27792,7.762414514864231e-08,512,183499,1.0,1.2868014080888805e-11,1.0,1.0,1.4044149981438847e-07,9264,7.022718391461818e-08,4967.5762926251045,6080.875933106989
9657.994818652849,1.0,7.549234707583309e-10,1.0,1.0,1.3031437157277922e-07,27792,6.553464755526082e-08,512,183501,1.0,4.889845274038401e-10,1.0,1.0,1.1354734883140213e-07,9264,5.701816667326704e-08,4967.6214723550875,6081.879309737007
9671.0,1.0,8.32131534790505e-09,1.0,1.0,1.7943157325152765e-07,27792,9.387644475991241e-08,48,183749,1.0,7.566391892997917e-09,1.0,1.0,1.7066846188148096e-07,9264,8.911742730601787e-08,4973.851816810042,6088.650354974001
9671.110535405873,1.0,2.234745006969586e-09,1.0,1.0,1.327078213527337e-07,27792,6.747128326626624e-08,512,183751,1.0,1.582765665987886e-09,1.0,1.0,1.1842432640966192e-07,9264,6.000354611797572e-08,4973.896922034037,6089.655213277001
9684.165803108808,1.0,2.10778049665131e-08,1.0,1.0,1.4596187710420318e-07,27792,8.351984271251716e-08,512,183999,1.0,2.0241384005491386e-08,1.0,1.0,1.3391741628651217e-07,9264,7.707940182111548e-08,4980.151576959062,6096.4488229359995
9684.27633851468,1.0,6.005073237748109e-11,1.0,1.0,1.293449817099564e-07,27792,6.470251622295659e-08,512,184001,1.0,1.2868014080888805e-11,1.0,1.0,1.1561909922191117e-07,9264,5.781598361837953e-08,4980.196481459061,6097.452727245996
9697.331606217616,1.0,4.319363133140895e-09,1.0,1.0,1.436284734132478e-07,27792,7.397391856465186e-08,512,184249,1.0,3.577307708932842e-09,1.0,1.0,1.3088056321160937e-07,9264,6.722893566966032e-08,4986.471914306043,6104.265987096005
9697.442141623489,1.0,7.729386664902465e-09,1.0,1.0,1.2513285151641627e-07,27792,6.643111955085544e-08,512,184251,1.0,6.871519091212275e-09,1.0,1.0,1.0762806195228871e-07,9264,5.724979094052892e-08,4986.51675805304,6105.268612082989
9710.497409326425,1.0,0.0,1.0,1.0,1.2991975297437836e-07,27792,6.495987651991423e-08,512,184499,1.0,0.0,1.0,1.0,1.1875889479570686e-07,9264,5.937944739785343e-08,4992.786708750042,6112.077399182002
9710.607944732297,1.0,0.0,1.0,1.0,1.1293397344062388e-07,27792,5.646698672031194e-08,512,184501,1.0,0.0,1.0,1.0,9.787410753208284e-08,9264,4.893705376604142e-08,4992.831324042054,6113.078341393004
9723.663212435233,1.0,0.0,1.0,1.0,1.3822820018062593e-07,27792,6.911410012303802e-08,512,184749,1.0,0.0,1.0,1.0,1.2873160630281562e-07,9264,6.436580315140781e-08,4999.148880705143,6119.935419355999
9723.773747841105,1.0,8.42983581344149e-08,1.0,1.0,1.2251635516401353e-07,27792,1.0340735311490839e-07,512,184751,1.0,8.44656423437999e-08,1.0,1.0,1.1027887306004003e-07,9264,9.737225411852655e-08,4999.193621657163,6120.937690635998
9736.82901554404,1.0,3.0454298605735332e-09,1.0,1.0,1.2308254775187024e-07,27792,6.306398899899292e-08,512,184999,1.0,2.470658591549606e-09,1.0,1.0,1.1090940578758627e-07,9264,5.669003231918983e-08,5005.502338527149,6127.785430880991
9736.939550949914,1.0,3.1655313243058374e-09,1.0,1.0,1.1790531644473895e-07,27792,6.053542408138405e-08,512,185001,1.0,2.650810750332377e-09,1.0,1.0,1.0417943402214385e-07,9264,5.3415122540403796e-08,5005.547476983149,6128.800771333001
9749.994818652849,1.0,3.937612076097293e-09,1.0,1.0,1.091979597964554e-07,27792,5.6567786169953685e-08,512,185249,1.0,3.4100235895417443e-09,1.0,1.0,9.451555644218687e-08,9264,4.896279018843783e-08,5011.869365819068,6135.663679557998
9750.055267702935,1.0,4.289338026962935e-12,1.0,1.0,1.0206050089416337e-07,27792,5.1032395116223e-08,512,185251,1.0,0.0,1.0,1.0,8.657599128104351e-08,9264,4.3287995640521754e-08,5011.908565922073,6136.659442853008
9763.110535405873,1.0,0.0,1.0,1.0,1.3713870773323771e-07,27792,6.856935389934391e-08,512,185499,1.0,0.0,1.0,1.0,1.3009561430588854e-07,9264,6.504780715294427e-08,5018.241880653026,6143.534401846002
9763.221070811744,1.0,0.0,1.0,1.0,9.344322028436488e-08,27792,4.672161014218244e-08,512,185501,1.0,0.0,1.0,1.0,7.962726797559487e-08,9264,3.9813633987797436e-08,5018.286905908026,6144.539136662992
9776.27633851468,1.0,9.339175529358503e-08,1.0,1.0,1.0315428215623336e-07,27792,9.827301519060336e-08,512,185749,1.0,9.291992809885854e-08,1.0,1.0,8.920106709541279e-08,9264,9.106049524093178e-08,5024.6793411830295,6151.473888389999
9776.386873920552,1.0,0.0,1.0,1.0,1.2177429957566888e-07,27792,6.08871498205595e-08,512,185751,1.0,0.0,1.0,1.0,1.121189991832872e-07,9264,5.60594995916436e-08,5024.724203487029,6152.475880315993
9789.442141623489,1.0,0.0,1.0,1.0,1.1147130908624793e-07,27792,5.5735654543123964e-08,512,185999,1.0,0.0,1.0,1.0,9.980430897386388e-08,9264,4.990215448693194e-08,5030.969245178036,6159.258487400002
9789.552677029362,1.0,0.0,1.0,1.0,1.2233191355241045e-07,27792,6.116595680893027e-08,512,186001,1.0,0.0,1.0,1.0,1.1466686612316789e-07,9264,5.7333433061583944e-08,5031.013815255028,6160.260541281998
9802.607944732297,1.0,2.6855543436861913e-08,1.0,1.0,1.0350600789540881e-07,27792,6.518077744146954e-08,512,186249,1.0,2.6225010713406315e-08,1.0,1.0,9.2533883677328e-08,9264,5.9379447422397224e-08,5037.199933508011,6166.982687905998
9802.71848013817,1.0,0.0,1.0,1.0,1.1016306091004657e-07,27792,5.5081530455023286e-08,512,186251,1.0,0.0,1.0,1.0,1.0231357186920092e-07,9264,5.115678593460046e-08,5037.244652886016,6167.9830335720035
9815.773747841105,1.0,3.0025366188740546e-11,1.0,1.0,1.0346740385086516e-07,27792,5.174871460942178e-08,512,186499,1.0,2.573602816177761e-11,1.0,1.0,9.22379193849143e-08,9264,4.613182770730503e-08,5043.433349894032,6174.7080283520045
9815.884283246978,1.0,0.0,1.0,1.0,9.771969055214443e-08,27792,4.8859845276072213e-08,512,186501,1.0,0.0,1.0,1.0,8.552081877592495e-08,9264,4.276040938796247e-08,5043.477996602043,6175.709326382988
9828.939550949914,1.0,0.0,1.0,1.0,1.0154149096196546e-07,27792,5.077074548098273e-08,512,186749,1.0,0.0,1.0,1.0,8.980586222246066e-08,9264,4.490293111123033e-08,5049.681360813018,6182.450470447002
9829.0,1.0,0.0,1.0,1.0,1.243092985661518e-07,27792,6.21546492830759e-08,48,186751,1.0,0.0,1.0,1.0,1.1761364147424535e-07,9264,5.880682076166646e-08,5049.720761347024,6183.446298922005
9842.055267702935,1.0,0.0,1.0,1.0,1.1976259998656674e-07,27792,5.988129999328337e-08,512,186999,1.0,0.0,1.0,1.0,1.1412640949955683e-07,9264,5.7063204749778416e-08,5055.99384207806,6190.256348720999
9842.165803108808,1.0,0.0,1.0,1.0,9.056507508212319e-08,27792,4.5282537541061595e-08,512,187001,1.0,0.0,1.0,1.0,7.810884143814347e-08,9264,3.9054420719071735e-08,5056.03858559404,6191.255676435001
9855.221070811744,1.0,5.207256034925818e-09,1.0,1.0,1.1308410028051585e-07,27792,5.9145678477812764e-08,512,187249,1.0,5.10860125340273e-09,1.0,1.0,1.0661148882839359e-07,9264,5.586004536150142e-08,5062.255531881121,6198.010218351003
9855.331606217616,1.0,3.1355059266703655e-09,1.0,1.0,8.922680179974387e-08,27792,4.618115404217225e-08,512,187251,1.0,2.818094931082951e-09,1.0,1.0,7.831473046111088e-08,9264,4.056641285639855e-08,5062.300190768117,6199.009537356003
9868.386873920552,1.0,1.8658619686088343e-09,1.0,1.0,9.994156778254543e-08,27792,5.090371496774418e-08,512,187499,1.0,1.5055576129492848e-09,1.0,1.0,9.181327332413158e-08,9264,4.665941553066691e-08,5068.522413101135,6205.768340595008
9868.497409326425,1.0,3.774617269422375e-09,1.0,1.0,1.0004880150141155e-07,27792,5.191170959506184e-08,512,187501,1.0,3.538703687398999e-09,1.0,1.0,9.023050906864466e-08,9264,4.6884606575906144e-08,5068.567083437141,6206.767905900997
9881.552677029362,1.0,0.0,1.0,1.0,9.520184976564343e-08,27792,4.7600924882821717e-08,512,187749,1.0,0.0,1.0,1.0,8.544361068683765e-08,9264,4.2721805343418826e-08,5074.837296038066,6213.57540829599
9881.663212435233,1.0,0.0,1.0,1.0,1.022406536256346e-07,27792,5.11203268128173e-08,512,187751,1.0,0.0,1.0,1.0,9.414238558240087e-08,9264,4.707119279120043e-08,5074.882024628074,6214.575301516001
9894.71848013817,1.0,0.0,1.0,1.0,8.684621983828694e-08,27792,4.342310991914347e-08,512,187999,1.0,0.0,1.0,1.0,7.657754924204807e-08,9264,3.8288774621024037e-08,5081.2425589590275,6221.474233162997
9894.82901554404,1.0,0.0,1.0,1.0,9.796418309605463e-08,27792,4.898209154802731e-08,512,188001,1.0,0.0,1.0,1.0,9.113127089339771e-08,9264,4.556563544669886e-08,5081.287178141036,6222.473818564991
9907.884283246978,1.0,0.0,1.0,1.0,8.35391423785851e-08,27792,4.176957118929255e-08,512,188249,1.0,0.0,1.0,1.0,7.105717087230658e-08,9264,3.552858543615329e-08,5087.604778167086,6229.328689357004
9907.994818652849,1.0,0.0,1.0,1.0,1.0068362330543997e-07,27792,5.034181165271999e-08,512,188251,1.0,0.0,1.0,1.0,9.364053300333347e-08,9264,4.6820266501666735e-08,5087.649505309091,6230.332530437008
9921.0,1.0,1.3039587182677568e-09,1.0,1.0,9.141436563288601e-08,27792,4.63591622517649e-08,48,188499,1.0,1.0680451495389344e-09,1.0,1.0,8.181483128513615e-08,9264,4.144143825875519e-08,5094.048465303036,6237.272123959992
9921.110535405873,1.0,3.1869779983337897e-09,1.0,1.0,8.439272174402968e-08,27792,4.378985004401093e-08,512,188501,1.0,2.728018863963461e-09,1.0,1.0,7.448006282184326e-08,9264,3.860404098479715e-08,5094.093355334044,6238.275463888
9934.165803108808,1.0,0.0,1.0,1.0,9.284271528100094e-08,27792,4.642135764050047e-08,512,188749,1.0,0.0,1.0,1.0,8.413107317235366e-08,9264,4.206553658617683e-08,5100.491532427048,6245.212814243001
9934.27633851468,1.0,0.0,1.0,1.0,9.253388371005307e-08,27792,4.6266941855026534e-08,512,188751,1.0,0.0,1.0,1.0,8.371929669722143e-08,9264,4.1859648348610716e-08,5100.5364043440495,6246.216774879998
9947.331606217616,1.0,0.0,1.0,1.0,9.329309580067682e-08,27792,4.664654790033841e-08,512,188999,1.0,0.0,1.0,1.0,8.633150371134153e-08,9264,4.3165751855670765e-08,5106.893923224103,6253.1134334980015
9947.442141623489,1.0,0.0,1.0,1.0,9.290276758776031e-08,27792,4.645138379388016e-08,512,189001,1.0,0.0,1.0,1.0,8.571383899864318e-08,9264,4.285691949932159e-08,5106.938603534109,6254.11671152999
9960.497409326425,1.0,4.932738417562717e-09,1.0,1.0,8.816733864734052e-08,27792,4.655003883618102e-08,512,189249,1.0,4.490936589791962e-09,1.0,1.0,7.903534007799358e-08,9264,4.1763138629952246e-08,5113.320452806103,6261.037454795995
9960.607944732297,1.0,0.0,1.0,1.0,8.625858363517217e-08,27792,4.3129291817586084e-08,512,189251,1.0,0.0,1.0,1.0,7.710513785081124e-08,9264,3.855256892540562e-08,5113.365259794111,6262.040536945002
9973.663212435233,1.0,1.5784763404884828e-09,1.0,1.0,9.152589052263778e-08,27792,4.6552183505322334e-08,512,189499,1.0,1.3125374101728807e-09,1.0,1.0,8.543074345739107e-08,9264,4.337164048593753e-08,5119.666517632031,6268.881597875996
9973.773747841105,1.0,8.79314242809385e-09,1.0,1.0,8.875926837754482e-08,27792,4.8776205944828045e-08,512,189501,1.0,8.287000626304162e-09,1.0,1.0,8.097841032002381e-08,9264,4.463270594102999e-08,5119.711222696031,6269.884025167004
9986.82901554404,1.0,0.0,1.0,1.0,8.546076750000477e-08,27792,4.2730383750002384e-08,512,189749,1.0,0.0,1.0,1.0,7.498191540091067e-08,9264,3.7490957700455336e-08,5126.105894815017,6276.819230258989
9986.939550949914,1.0,0.0,1.0,1.0,9.301000130662643e-08,27792,4.6505000653313215e-08,512,189751,1.0,0.0,1.0,1.0,8.489028683378001e-08,9264,4.2445143416890006e-08,5126.151039013013,6277.825460303997
9999.994818652849,1.0,0.0,1.0,1.0,8.896086649142701e-08,27792,4.4480433245713506e-08,512,189999,1.0,0.0,1.0,1.0,8.084973017154498e-08,9264,4.042486508577249e-08,5132.245522062949,6284.456115002002
10000.055267702935,1.0,0.0,1.0,1.0,7.528216778805495e-08,27792,3.7641083894027476e-08,512,190001,1.0,0.0,1.0,1.0,6.431433111656007e-08,9264,3.2157165558280035e-08,5132.287220820959,6285.470682957995
10013.110535405873,1.0,0.0,1.0,1.0,1.0376765883965125e-07,27792,5.1883829419825625e-08,512,190249,1.0,0.0,1.0,1.0,9.983004971596743e-08,9264,4.9915024857983715e-08,5138.718503004056,6292.442985361005
10013.221070811744,1.0,0.0,1.0,1.0,7.289300767363364e-08,27792,3.644650383681682e-08,512,190251,1.0,0.0,1.0,1.0,6.313047375055491e-08,9264,3.1565236875277454e-08,5138.7633225130485,6293.44578405199
10026.27633851468,1.0,3.778906591342475e-09,1.0,1.0,9.38978951165316e-08,27792,4.883840107176318e-08,512,190499,1.0,3.3070794469818892e-09,1.0,1.0,8.609988022948094e-08,9264,4.4703480022693344e-08,5145.050975490092,6300.272225966008
10026.386873920552,1.0,5.962179724532947e-10,1.0,1.0,8.564092049327642e-08,27792,4.3118569257280814e-08,512,190501,1.0,4.761165125559578e-10,1.0,1.0,7.841767536529523e-08,9264,3.944689595733344e-08,5145.095569558092,6301.273326972994
10039.442141623489,1.0,5.104312157490034e-10,1.0,1.0,9.608545764067159e-08,27792,4.8297944448152125e-08,512,190749,1.0,4.1177644445249415e-10,1.0,1.0,9.107980119021009e-08,9264,4.5745788832671156e-08,5151.3648966841065,6308.079719025001
10039.552677029362,1.0,4.6667995340337155e-09,1.0,1.0,7.461303232496724e-08,27792,3.963991618823294e-08,512,190751,1.0,4.297916416161309e-09,1.0,1.0,6.464889950260501e-08,9264,3.4473408230898844e-08,5151.409543336093,6309.079783574009
10052.607944732297,1.0,1.7157352005585945e-10,1.0,1.0,9.484583940059313e-08,27792,4.7508706465949116e-08,512,190999,1.0,9.007609856622163e-11,1.0,1.0,8.949703614932186e-08,9264,4.4793556126628515e-08,5157.643694988088,6315.851462770996
10052.71848013817,1.0,0.0,1.0,1.0,7.895813197254376e-08,27792,3.947906598627188e-08,512,191001,1.0,0.0,1.0,1.0,6.894681643725389e-08,9264,3.4473408218626944e-08,5157.68838189009,6316.852117867005
10065.773747841105,1.0,0.0,1.0,1.0,7.89795786639569e-08,27792,3.948978933197845e-08,512,191249,1.0,0.0,1.0,1.0,6.795597929396696e-08,9264,3.397798964698348e-08,5163.928854255108,6323.630767772003
10065.884283246978,1.0,1.7843645555561242e-09,1.0,1.0,1.0144712892315327e-07,27792,5.161574682436314e-08,512,191251,1.0,1.4026134957002137e-09,1.0,1.0,9.795132111897921e-08,9264,4.967696736869919e-08,5163.973474706094,6324.630837675999
10078.939550949914,1.0,7.3218995280528606e-09,1.0,1.0,7.774853857684283e-08,27792,4.2535219529006444e-08,512,191499,1.0,6.704234898189805e-09,1.0,1.0,6.630887339343803e-08,9264,3.6506554564592346e-08,5170.227083576079,6331.42114873699
10079.0,1.0,4.242155110526367e-09,1.0,1.0,6.841922781212819e-08,27792,3.633069170318588e-08,48,191501,1.0,3.834668031968265e-09,1.0,1.0,5.465045196580049e-08,9264,2.9242560195234703e-08,5170.266219008081,6332.417814200002
10092.055267702935,1.0,7.300452871410093e-09,1.0,1.0,7.962297914455058e-08,27792,4.3461716450791224e-08,512,191749,1.0,6.678498917581622e-09,1.0,1.0,6.904976055603695e-08,9264,3.786413013104392e-08,5176.45627183804,6339.143320982999
10092.165803108808,1.0,1.5870550648629963e-10,1.0,1.0,9.670312182976907e-08,27792,4.843091367311314e-08,512,191751,1.0,6.434006963745057e-11,1.0,1.0,9.135003028741691e-08,9264,4.570718518082816e-08,5176.500876147031,6340.144326003996
10105.221070811744,1.0,3.1526632930954283e-09,1.0,1.0,9.245238942428833e-08,27792,4.780252653100974e-08,512,191999,1.0,2.5349986550511094e-09,1.0,1.0,8.689769715004964e-08,9264,4.471634803754122e-08,5182.702335455084,6346.882174889004
10105.331606217616,1.0,5.018525399507419e-10,1.0,1.0,8.372787591375007e-08,27792,4.211486424640874e-08,512,192001,1.0,3.7317240374381465e-10,1.0,1.0,7.570252423239207e-08,9264,3.803784833149033e-08,5182.746867665082,6347.882328781008
10118.386873920552,1.0,1.5784763386988314e-09,1.0,1.0,8.488599747913485e-08,27792,4.3232236983570875e-08,512,192249,1.0,1.145253223286359e-09,1.0,1.0,7.570252423239207e-08,9264,3.84238887769268e-08,5188.970115352095,6354.642170473991
10118.497409326425,1.0,2.8953030165909417e-09,1.0,1.0,9.067231482239925e-08,27792,4.678380908158638e-08,512,192251,1.0,2.2776383826372547e-09,1.0,1.0,8.409246991321132e-08,9264,4.3185054270643236e-08,5189.014782553102,6355.643094152008
10131.552677029362,1.0,0.0,1.0,1.0,8.172904450312107e-08,27792,4.086452226792307e-08,512,192499,1.0,0.0,1.0,1.0,7.186785580772316e-08,9264,3.593392790386158e-08,5195.210755124135,6362.375654001997
10131.663212435233,1.0,0.0,1.0,1.0,9.059939607159458e-08,27792,4.529969803579729e-08,512,192501,1.0,0.0,1.0,1.0,8.293434857690191e-08,9264,4.1467174288450955e-08,5195.255362002135,6363.3777816759975
10144.71848013817,1.0,6.579844054245898e-09,1.0,1.0,9.242665417999387e-08,27792,4.950324955277216e-08,512,192749,1.0,5.790605991252908e-09,1.0,1.0,8.611274824432882e-08,9264,4.595167746293792e-08,5201.557519162117,6370.218792614003
10144.82901554404,1.0,1.209593293179474e-09,1.0,1.0,7.710513783444872e-08,27792,3.9157365615074826e-08,512,192751,1.0,8.75024936024622e-10,1.0,1.0,6.525369620045547e-08,9264,3.306436060505573e-08,5201.602241652123,6371.221469783995
10157.884283246978,1.0,1.5055575937744484e-09,1.0,1.0,8.943269605871992e-08,27792,4.546912689796107e-08,512,192999,1.0,1.0423091075712747e-09,1.0,1.0,8.054089781519581e-08,9264,4.0791603508937134e-08,5207.923053537139,6378.081648765001
10157.994818652849,1.0,3.6974091731764755e-09,1.0,1.0,8.019346139794046e-08,27792,4.194543549878265e-08,512,193001,1.0,3.242739372742478e-09,1.0,1.0,7.001486166962812e-08,9264,3.6628800705647226e-08,5207.967769401141,6379.082992577998
10171.0,1.0,2.114643562412118e-09,1.0,1.0,9.296282146532228e-08,27792,4.7538732619328806e-08,48,193249,1.0,1.7243138300815843e-09,1.0,1.0,8.666607288278777e-08,9264,4.4195193436201995e-08,5214.18688216609,6385.838287535007
10171.110535405873,1.0,0.0,1.0,1.0,9.703769283381834e-08,27792,4.851884641690917e-08,512,193251,1.0,0.0,1.0,1.0,9.237947147524749e-08,9264,4.618973573762374e-08,5214.231919132093,6386.841657445999
10184.165803108808,1.0,1.0899206968537994e-08,1.0,1.0,9.614979980931446e-08,27792,5.3524504192735364e-08,512,193499,1.0,1.0088522161976312e-08,1.0,1.0,9.136289830226479e-08,9264,5.072571097150224e-08,5220.45963721905,6393.604820990993
10184.27633851468,1.0,8.57867605392587e-12,1.0,1.0,8.62585854677752e-08,27792,4.3133582072170225e-08,512,193501,1.0,0.0,1.0,1.0,7.879084779588383e-08,9264,3.939542389794191e-08,5220.504559825058,6394.60417629499
10197.331606217616,1.0,0.0,1.0,1.0,1.0040053378559781e-07,27792,5.0200266892798903e-08,512,193749,1.0,0.0,1.0,1.0,9.488873437058452e-08,9264,4.744436718529226e-08,5226.721565367028,6401.357328134996
10197.442141623489,1.0,0.0,1.0,1.0,8.148026288272869e-08,27792,4.074013144136434e-08,512,193751,1.0,0.0,1.0,1.0,7.004059769932388e-08,9264,3.502029884966194e-08,5226.766315295034,6402.358078271995
10210.497409326425,1.0,0.0,1.0,1.0,8.097841033638633e-08,27792,4.048920515183064e-08,512,193999,1.0,0.0,1.0,1.0,7.004059769932388e-08,9264,3.502029884966194e-08,5232.990090991043,6409.120159023994
10210.607944732297,1.0,0.0,1.0,1.0,9.555358047902709e-08,27792,4.7776790239513545e-08,512,194001,1.0,0.0,1.0,1.0,8.774698613000987e-08,9264,4.3873493065004935e-08,5233.034849778043,6410.120113337995
10223.663212435233,1.0,0.0,1.0,1.0,8.551653020668108e-08,27792,4.275826510334054e-08,512,194249,1.0,0.0,1.0,1.0,7.61915087966116e-08,9264,3.80957543983058e-08,5239.281219499084,6416.904275289999
10223.773747841105,1.0,0.0,1.0,1.0,9.215213626810527e-08,27792,4.6076068134052636e-08,512,194251,1.0,0.0,1.0,1.0,8.543074345739107e-08,9264,4.2715371728695534e-08,5239.3260257110815,6417.907432073
10236.82901554404,1.0,0.0,1.0,1.0,8.193922207896982e-08,27792,4.096961103948491e-08,512,194499,1.0,0.0,1.0,1.0,7.202227198589775e-08,9264,3.6011135992948875e-08,5245.60893159909,6424.729578655999
10236.939550949914,1.0,0.0,1.0,1.0,9.961558357087483e-08,27792,4.9807791785437414e-08,512,194501,1.0,0.0,1.0,1.0,9.401370857552724e-08,9264,4.700685428776362e-08,5245.6536195500885,6425.7317228610045
10249.994818652849,1.0,0.0,1.0,1.0,8.853622435765079e-08,27792,4.426811219518792e-08,512,194749,1.0,0.0,1.0,1.0,8.060523788943522e-08,9264,4.030261894471761e-08,5251.94540404209,6432.562532312993
10250.055267702935,1.0,0.0,1.0,1.0,8.184485666947708e-08,27792,4.0922428318376006e-08,512,194751,1.0,0.0,1.0,1.0,7.217668816407234e-08,9264,3.608834408203617e-08,5251.987257108085,6433.567405815003
10263.110535405873,1.0,1.4583749138275287e-10,1.0,1.0,8.363780003889027e-08,27792,4.1891818770249805e-08,512,194999,1.0,6.434007040444402e-11,1.0,1.0,7.530361577210772e-08,9264,3.768397792317357e-08,5258.208250445197,6440.3296215459995
10263.221070811744,1.0,0.0,1.0,1.0,9.242236484171124e-08,27792,4.621118242085562e-08,512,195001,1.0,0.0,1.0,1.0,8.685909310550599e-08,9264,4.3429546552752995e-08,5258.253238464204,6441.3426160590025
10276.27633851468,1.0,0.0,1.0,1.0,7.968731948059042e-08,27792,3.984365975665774e-08,512,195249,1.0,0.0,1.0,1.0,6.94358010260172e-08,9264,3.47179005130086e-08,5264.511365245133,6448.137638136002
10276.386873920552,1.0,1.8873087190804672e-10,1.0,1.0,9.81786565551968e-08,27792,4.9183693719816206e-08,512,195251,1.0,6.434007040444402e-11,1.0,1.0,9.375634906397088e-08,9264,4.691034456910515e-08,5264.556029981119,6449.1385869549995
10289.442141623489,1.0,1.0869181698734764e-08,1.0,1.0,9.243523285655912e-08,27792,5.165220804873103e-08,512,195499,1.0,1.075765893406619e-08,1.0,1.0,8.384797763110154e-08,9264,4.730281902196556e-08,5270.778884306179,6455.8941792760015
10289.552677029362,1.0,4.718271829659229e-11,1.0,1.0,9.403944511246134e-08,27792,4.704331391678512e-08,512,195501,1.0,0.0,1.0,1.0,8.751536186274799e-08,9264,4.3757680931373994e-08,5270.82375179018,6456.893203207001
10302.607944732297,1.0,0.0,1.0,1.0,9.500883425533298e-08,27792,4.750441712766649e-08,512,195749,1.0,0.0,1.0,1.0,8.730947362518188e-08,9264,4.365473681259094e-08,5276.8535843582285,6463.459386592993
10302.71848013817,1.0,0.0,1.0,1.0,9.023909060865215e-08,27792,4.5119545304326074e-08,512,195751,1.0,0.0,1.0,1.0,8.052802980034792e-08,9264,4.026401490017396e-08,5276.89819598422,6464.460249231997
10315.773747841105,1.0,0.0,1.0,1.0,9.24781254539841e-08,27792,4.623906272699205e-08,512,195999,1.0,0.0,1.0,1.0,8.351340924505661e-08,9264,4.175670462252831e-08,5283.077882625177,6471.176605449989
10315.884283246978,1.0,0.0,1.0,1.0,9.397081596173973e-08,27792,4.698540799723239e-08,512,196001,1.0,0.0,1.0,1.0,8.675614898672294e-08,9264,4.337807449336147e-08,5283.122439945175,6472.176889872993
10328.939550949914,1.0,0.0,1.0,1.0,9.714063669080096e-08,27792,4.857031834540048e-08,512,196249,1.0,0.0,1.0,1.0,8.999888872838927e-08,9264,4.4999444364194634e-08,5289.306519354228,6478.897110266989
10329.0,1.0,0.0,1.0,1.0,9.668167752728489e-08,27792,4.8340838763642445e-08,48,196251,1.0,0.0,1.0,1.0,9.195482698526737e-08,9264,4.5977413492633685e-08,5289.346137620232,6479.892580704007
10342.055267702935,1.0,3.431470421570348e-11,1.0,1.0,8.049371511044943e-08,27792,4.026401490835523e-08,512,196499,1.0,0.0,1.0,1.0,6.996338961023659e-08,9264,3.498169480511829e-08,5295.561586167198,6486.644484561999
10342.165803108808,1.0,4.289338026962935e-11,1.0,1.0,8.875069100998173e-08,27792,4.4396792196404e-08,512,196501,1.0,0.0,1.0,1.0,8.00390452361284e-08,9264,4.00195226180642e-08,5295.606212877188,6487.644173535999
10355.221070811744,1.0,4.289338026962935e-12,1.0,1.0,8.966860966426443e-08,27792,4.483644950127353e-08,512,196749,1.0,0.0,1.0,1.0,8.280566842842309e-08,9264,4.1402834214211546e-08,5301.808859644276,6494.382508826995
10355.331606217616,1.0,8.57867605392587e-12,1.0,1.0,8.929972657195847e-08,27792,4.4654152624261866e-08,512,196751,1.0,0.0,1.0,1.0,8.289574453235826e-08,9264,4.144787226617913e-08,5301.853477833283,6495.382014625007
10368.386873920552,1.0,0.0,1.0,1.0,9.460563698036686e-08,27792,4.730281849018343e-08,512,196999,1.0,0.0,1.0,1.0,8.853193503573069e-08,9264,4.426596751786534e-08,5308.32946563929,6502.399362320997
10368.497409326425,1.0,0.0,1.0,1.0,9.492733813696521e-08,27792,4.7463669068482605e-08,512,197001,1.0,0.0,1.0,1.0,8.775985414485776e-08,9264,4.387992707242888e-08,5308.37486985229,6503.434515517001
10381.552677029362,1.0,0.0,1.0,1.0,8.213224230168806e-08,27792,4.106612115084403e-08,512,197249,1.0,0.0,1.0,1.0,7.274288003197786e-08,9264,3.637144001598893e-08,5316.137518166259,6511.759473448008
10381.663212435233,1.0,6.434006871705843e-10,0.9999640184225677,0.9999640184225677,0.00012755109959141026,27792,6.377587149607632e-05,512,197251,1.0,4.503804828601933e-10,0.999892055267703,0.999892055267703,0.0017752217611473203,9264,0.0008876110928958806,5316.1879651772615,6512.812911468005
10394.71848013817,1.0,2.6895475500881307e-05,0.999892055267703,0.999892055267703,0.00045872703902359043,27792,0.00024281125893697324,512,197499,1.0,1.312830033662703e-06,1.0,1.0,4.03012946727187e-05,9264,2.0807062065144774e-05,5323.831867243331,6521.028204770992
10394.82901554404,1.0,2.581202575095248e-05,0.999892055267703,0.999892055267703,0.0004526287656133725,27792,0.0002392203966343307,512,197501,1.0,1.3073363589370551e-06,1.0,1.0,3.950411209250303e-05,9264,2.0405724057055115e-05,5323.883535018329,6522.098386555008
10407.884283246978,1.0,5.353464252574095e-07,1.0,1.0,8.431728463485906e-05,27792,4.2426315574302506e-05,512,197749,1.0,4.770042063830578e-07,1.0,1.0,3.6021071846554875e-06,9264,2.0395556996426293e-06,5331.629470274274,6530.415738839001
10407.994818652849,1.0,5.203392327940812e-07,1.0,1.0,8.184885607242036e-05,27792,4.118459786649817e-05,512,197751,1.0,4.6489542640243686e-07,1.0,1.0,3.5259812905903323e-06,9264,1.995438376756965e-06,5331.674350295281,6531.430366075001
10421.0,1.0,6.468298280796362e-09,1.0,1.0,1.290679120318723e-05,27792,6.456629752186698e-06,48,197999,1.0,2.444922474416588e-09,1.0,1.0,5.057384923741434e-07,9264,2.540917075976205e-07,5338.873254599326,6539.178073582007
10421.110535405873,1.0,6.026499211134068e-09,1.0,1.0,1.3291116587708558e-05,27792,6.648571547714615e-06,512,198001,1.0,2.3291103898732287e-09,1.0,1.0,4.973871509342181e-07,9264,2.4985813081084244e-07,5338.9273038553365,6540.220449059998
10434.165803108808,1.0,7.635019893229342e-10,1.0,1.0,7.937566712779482e-07,27792,3.9726008674612797e-07,512,198249,1.0,2.8309630594458646e-10,1.0,1.0,2.0245244913093457e-07,9264,1.01367772728794e-07,5345.564266913367,6547.413598756
10434.27633851468,1.0,7.59212647461004e-10,1.0,1.0,3.5581042203874535e-06,27792,1.7794317166317393e-06,512,198251,1.0,2.702282918636976e-10,1.0,1.0,2.0171897228460528e-07,9264,1.009946002982054e-07,5345.608834902356,6548.415424820007
10447.331606217616,1.0,3.168061794058848e-07,0.999496257915947,0.999496257915947,0.0015786978677258315,27792,0.0007895073241130093,512,198499,1.0,3.175182095280759e-07,1.0,1.0,8.838203998438577e-05,9264,4.434977913794505e-05,5352.3694404954,6555.7188366889895
10447.442141623489,1.0,3.155451139507923e-07,0.9995682210708118,0.9995682210708118,0.0015526681036083054,27792,0.0007764918136661877,512,198501,1.0,3.162828801026792e-07,1.0,1.0,8.613871602906116e-05,9264,4.322749949557005e-05,5352.4229526934,6556.761444945994
10460.497409326425,1.0,4.902713047539009e-09,0.9997481289579735,0.9997481289579735,0.0006202993235295069,27792,0.00031015211097691283,512,198749,1.0,4.979921106457894e-09,1.0,1.0,5.7826111141318015e-06,9264,2.893795517938966e-06,5360.070710530381,6564.979434845009
10460.607944732297,1.0,4.658220816562143e-09,0.9997481289579735,0.9997481289579735,0.0006176557903385533,27792,0.000308830222135295,512,198751,1.0,4.671088897371463e-09,1.0,1.0,5.71046282210253e-06,9264,2.8575669557461556e-06,5360.139804143386,6566.069607559999
10473.663212435233,1.0,3.90329740153867e-09,0.9999640184225677,0.9999640184225677,0.00014585209089709595,27792,7.292799709746657e-05,512,198999,1.0,3.899008080129899e-09,1.0,1.0,1.7941064963737823e-06,9264,8.990027524363452e-07,5367.812262891384,6574.307920196006
10473.773747841105,1.0,3.693119850233717e-09,0.9999280368451353,0.9999280368451353,0.00014586961944135137,27792,7.293665628080636e-05,512,199001,1.0,3.6931198425637825e-09,1.0,1.0,1.755065078341337e-06,9264,8.793790993013396e-07,5367.856973636393,6575.326377518999
10486.82901554404,1.0,7.849488397593808e-10,0.9999640184225677,0.9999640184225677,5.079865613581067e-05,27792,2.5399720542358196e-05,512,199249,1.0,7.07740755274048e-10,1.0,1.0,3.5528583261573453e-07,9264,1.77996786716184e-07,5375.706910417335,6583.731200000009
10486.939550949914,1.0,7.849488397593808e-10,0.9999640184225677,0.9999640184225677,5.239277448362266e-05,27792,2.619677971626419e-05,512,199251,1.0,7.07740755274048e-10,1.0,1.0,3.5323981845127155e-07,9264,1.7697377963395254e-07,5375.75547082234,6584.764810858993
10499.994818652849,1.0,7.463447936817471e-10,1.0,1.0,2.9661588397532986e-07,27792,1.486811144182535e-07,512,199499,1.0,8.106848709891322e-10,1.0,1.0,2.0458854116648563e-07,9264,1.0269961305095111e-07,5383.207838460359,6592.788816799002
10500.055267702935,1.0,6.519793668038129e-10,1.0,1.0,3.0781061235585336e-07,27792,1.5423129588740636e-07,512,199501,1.0,6.69136713798375e-10,1.0,1.0,2.011270451724053e-07,9264,1.0089809097224758e-07,5383.259653339366,6593.848805838003
10513.110535405873,1.0,2.067460858944066e-09,1.0,1.0,1.9376225559539104e-07,27792,9.791485832380873e-08,512,199749,1.0,2.007410107647413e-09,1.0,1.0,1.7518513990367056e-07,9264,8.85962751099701e-08,5390.798218473399,6601.962079475998
10513.221070811744,1.0,1.6385270700536546e-09,1.0,1.0,1.942683969891402e-07,27792,9.795346210655194e-08,512,199751,1.0,1.5184256047873634e-09,1.0,1.0,1.7454173916127646e-07,9264,8.803008245666329e-08,5390.845302682399,6603.002153702997
10526.27633851468,1.0,9.8225837954009e-10,0.9996042026482441,0.9996042026482441,0.0019178644388862635,27792,0.0009589327062830269,512,199999,1.0,9.264969915811839e-10,1.0,1.0,5.068108802866384e-05,9264,2.5341007262866442e-05,5397.124134034435,6609.8262740029895
10526.386873920552,1.0,1.020862417947789e-09,0.9996401842256765,0.9996401842256765,0.0018856828387828826,27792,0.0009428419255333586,512,200001,1.0,9.264969915811839e-10,1.0,1.0,4.9315931442167954e-05,9264,2.46584289696185e-05,5397.168680728428,6610.839015159989
10539.442141623489,1.0,8.535782433331625e-10,0.9997481289579735,0.9997481289579735,0.0008839141280177463,27792,0.0004419574843640249,512,200249,1.0,7.206087770248713e-10,1.0,1.0,4.927903612925219e-06,9264,2.4643121116637514e-06,5403.5248675774565,6617.732013650995
10539.552677029362,1.0,9.093396358940293e-10,0.9997481289579735,0.9997481289579735,0.0008784032468964165,27792,0.0004392020716840588,512,200251,1.0,7.849488389923873e-10,1.0,1.0,4.8520222425582255e-06,9264,2.4264035957319735e-06,5403.569701491448,6618.735540502006
10552.607944732297,1.0,7.720807349175999e-10,0.999892055267703,0.999892055267703,0.000257510407475851,27792,0.0001287555876337018,512,200499,1.0,7.463447898467799e-10,1.0,1.0,1.0695755553851226e-06,9264,5.351609501231499e-07,5409.802257590432,6625.504548441997
10552.71848013817,1.0,1.020862328209555e-09,0.999892055267703,0.999892055267703,0.00025124379858679474,27792,0.000125622409724653,512,200501,1.0,9.52233018975968e-10,1.0,1.0,1.0560898883909628e-06,9264,5.28521060744853e-07,5409.8468483694305,6626.504944615008
10565.773747841105,1.0,1.6213697133438422e-09,1.0,1.0,1.9851463935881794e-05,27792,9.926542652876313e-06,512,200749,1.0,1.3897454563085408e-09,1.0,1.0,3.2875198658845224e-07,9264,1.6507086609601177e-07,5415.843338197454,6633.031771726994
10565.884283246978,1.0,1.2524866619442015e-09,1.0,1.0,1.9398659724352675e-05,27792,9.699956105565601e-06,512,200751,1.0,9.908370451117718e-10,1.0,1.0,3.281343218757539e-07,9264,1.645625795095204e-07,5415.888298757469,6634.034738446993
10578.939550949914,1.0,1.6299484323494014e-10,1.0,1.0,2.8590622100655445e-07,27792,1.4303460793064716e-07,512,200999,1.0,9.007609856622163e-11,1.0,1.0,2.351500748594034e-07,9264,1.1762007548166928e-07,5422.1313234984555,6640.8146463640005
10579.0,1.0,1.0766238176672613e-09,1.0,1.0,2.7922048408935334e-07,27792,1.4014855399914642e-07,48,201001,1.0,8.750249344906351e-10,1.0,1.0,2.3164997482077942e-07,9264,1.162624999152177e-07,5422.170933966459,6641.810271322989
10592.055267702935,1.0,5.962179752656041e-10,1.0,1.0,2.045628046786391e-07,27792,1.0257951134996215e-07,512,201249,1.0,2.9596431849148834e-10,1.0,1.0,1.8258424687040026e-07,9264,9.14401055568632e-08,5428.17997687334,6648.353658991997
10592.165803108808,1.0,3.624490463278127e-09,1.0,1.0,2.389246924826654e-07,27792,1.212745917311929e-07,512,201251,1.0,3.397155527140268e-09,1.0,1.0,2.228096486202843e-07,9264,1.1310340227006262e-07,5428.224618159336,6649.3538706550025
10605.221070811744,1.0,1.432638857031329e-09,1.0,1.0,1.9499758606798947e-07,27792,9.821511252719351e-08,512,201499,1.0,1.13238518696266e-09,1.0,1.0,1.7707673808630926e-07,9264,8.910456164737387e-08,5434.493261859345,6656.162587347993
10605.331606217616,1.0,2.5049732988332838e-09,1.0,1.0,2.1048638137054843e-07,27792,1.0649567746380142e-07,512,201501,1.0,1.9302020308320146e-09,1.0,1.0,1.9574822596160867e-07,9264,9.883921409439551e-08,5434.537954352352,6657.162871911001
10618.386873920552,1.0,0.0,1.0,1.0,1.8785155320153998e-07,27792,9.392577660076999e-08,512,201749,1.0,0.0,1.0,1.0,1.7289463326074753e-07,9264,8.644731663037377e-08,5440.768873167333,6663.9314829259965
10618.497409326425,1.0,0.0,1.0,1.0,1.8818183224930227e-07,27792,9.409091612465113e-08,512,201751,1.0,0.0,1.0,1.0,1.7311338941498635e-07,9264,8.655669470749318e-08,5440.813697983336,6664.932266813994
10631.552677029362,1.0,8.57867605392587e-12,1.0,1.0,1.8013932454017846e-07,27792,9.007395164109691e-08,512,201999,1.0,0.0,1.0,1.0,1.6383555080783842e-07,9264,8.191777535483163e-08,5447.139679949345,6671.796802250989
10631.663212435233,1.0,4.830652063761328e-08,1.0,1.0,1.562133955996827e-07,27792,1.0225995512430555e-07,512,202001,1.0,4.7869008140966544e-08,1.0,1.0,1.3921903840383966e-07,9264,9.354401975036916e-08,5447.184352396347,6672.798359106004
10644.71848013817,1.0,0.0,1.0,1.0,1.8984609759736517e-07,27792,9.492304883140764e-08,512,202249,1.0,0.0,1.0,1.0,1.7786168689385492e-07,9264,8.893084349601505e-08,5453.384404028329,6679.534857135004
10644.82901554404,1.0,0.0,1.0,1.0,1.6541402726312024e-07,27792,8.270701366428519e-08,512,202251,1.0,0.0,1.0,1.0,1.4890865358429499e-07,9264,7.445432679214749e-08,5453.429113858336,6680.536825593008
10657.884283246978,1.0,0.0,1.0,1.0,1.7507361655199634e-07,27792,8.753680830872322e-08,512,202499,1.0,0.0,1.0,1.0,1.6074722724434667e-07,9264,8.037361362217334e-08,5459.657067154345,6687.3018728150055
10657.994818652849,1.0,0.0,1.0,1.0,1.6651638667815465e-07,27792,8.325819337180237e-08,512,202501,1.0,0.0,1.0,1.0,1.5110908412328286e-07,9264,7.555454206164143e-08,5459.701779594339,6688.303434670001
10671.0,1.0,7.206087757465489e-10,1.0,1.0,1.7860374248219957e-07,27792,8.966217565684049e-08,48,202749,1.0,3.731724029768212e-10,1.0,1.0,1.6666651407437251e-07,9264,8.351984325248055e-08,5465.910801973339,6695.049502459995
10671.110535405873,1.0,7.514919750771094e-09,1.0,1.0,1.5304786447070454e-07,27792,8.028139260365895e-08,512,202751,1.0,5.893550014928778e-09,1.0,1.0,1.3921903840383966e-07,9264,7.255629460208486e-08,5465.955756419331,6696.049739078997
10684.165803108808,1.0,0.0,1.0,1.0,1.6418727599068794e-07,27792,8.209363802806903e-08,512,202999,1.0,0.0,1.0,1.0,1.5105761206389135e-07,9264,7.552880603194567e-08,5472.329767166368,6702.96053318301
10684.27633851468,1.0,0.0,1.0,1.0,1.4794784177626141e-07,27792,7.397392092085576e-08,512,203001,1.0,0.0,1.0,1.0,1.3561599424643264e-07,9264,6.780799712321632e-08,5472.374505587373,6703.963604028002
10697.331606217616,1.0,0.0,1.0,1.0,1.6670082874790848e-07,27792,8.335041437395424e-08,512,203249,1.0,0.0,1.0,1.0,1.5620481800304425e-07,9264,7.810240900152213e-08,5478.718936289384,6710.846773049998
10697.442141623489,1.0,0.0,1.0,1.0,1.494662675283115e-07,27792,7.47331337968808e-08,512,203251,1.0,0.0,1.0,1.0,1.362979990333704e-07,9264,6.814899954122898e-08,5478.76353906939,6711.847461831989
10710.497409326425,1.0,0.0,1.0,1.0,1.4730443998666557e-07,27792,7.365222002605784e-08,512,203499,1.0,0.0,1.0,1.0,1.3477957328132027e-07,9264,6.738978664066013e-08,5485.111667776342,6718.735965247004
10710.607944732297,1.0,0.0,1.0,1.0,1.5352826983475795e-07,27792,7.676413491737898e-08,512,203501,1.0,0.0,1.0,1.0,1.4010693142834354e-07,9264,7.005346571417177e-08,5485.156822547346,6719.742524881003
10723.663212435233,1.0,0.0,1.0,1.0,1.5249882759972564e-07,27792,7.624941383258787e-08,512,203749,1.0,0.0,1.0,1.0,1.41149240631022e-07,9264,7.0574620315511e-08,5491.527230904285,6726.65427965
10723.773747841105,1.0,0.0,1.0,1.0,1.4693126807967785e-07,27792,7.346563407256398e-08,512,203751,1.0,0.0,1.0,1.0,1.342519846725571e-07,9264,6.712599233627855e-08,5491.572763104297,6727.6575926929945
10736.82901554404,1.0,0.0,1.0,1.0,1.3568891296451222e-07,27792,6.784445651498118e-08,512,203999,1.0,0.0,1.0,1.0,1.2156412203254518e-07,9264,6.078206101627259e-08,5497.756306611227,6734.377343836997
10736.939550949914,1.0,0.0,1.0,1.0,1.4353840202172041e-07,27792,7.176920104358526e-08,512,204001,1.0,0.0,1.0,1.0,1.308419607378683e-07,9264,6.542098036893415e-08,5497.801041019236,6735.377435140996
10749.994818652849,1.0,0.0,1.0,1.0,1.3187569123125646e-07,27792,6.593784564835328e-08,512,204249,1.0,0.0,1.0,1.0,1.1869455472146745e-07,9264,5.9347277360733724e-08,5504.030351218178,6742.143121697998
10750.055267702935,1.0,0.0,1.0,1.0,1.249655672579437e-07,27792,6.24827836616969e-08,512,204251,1.0,0.0,1.0,1.0,1.104590252188228e-07,9264,5.52295126094114e-08,5504.069993523175,6743.138816488994
10763.110535405873,1.0,8.757970192062487e-08,1.0,1.0,1.405315758855986e-07,27792,1.1405563540153095e-07,512,204499,1.0,8.788853429333658e-08,1.0,1.0,1.3067467654484583e-07,9264,1.0928160186024159e-07,5510.321542713085,6749.927663016002
10763.221070811744,1.0,0.0,1.0,1.0,1.316612228117726e-07,27792,6.58306114058863e-08,512,204501,1.0,0.0,1.0,1.0,1.2129389372073968e-07,9264,6.064694686036984e-08,5510.3660729110925,6750.926367104999
10776.27633851468,1.0,0.0,1.0,1.0,1.3969944321156716e-07,27792,6.984972163850863e-08,512,204749,1.0,0.0,1.0,1.0,1.2970957386045207e-07,9264,6.485478693022603e-08,5515.8031947171185,6756.872718503
10776.386873920552,1.0,0.0,1.0,1.0,1.2244343641320888e-07,27792,6.122171820660444e-08,512,204751,1.0,0.0,1.0,1.0,1.1004724874369058e-07,9264,5.502362437184529e-08,5515.847965213106,6757.875257731997
10789.442141623489,1.0,0.0,1.0,1.0,1.291605400983533e-07,27792,6.458027008190171e-08,512,204999,1.0,0.0,1.0,1.0,1.1950523965688403e-07,9264,5.975261982844202e-08,5522.122544141079,6764.6889895990025
10789.552677029362,1.0,0.0,1.0,1.0,1.1239780615529545e-07,27792,5.6198903077647727e-08,512,205001,1.0,0.0,1.0,1.0,9.999732919658211e-08,9264,4.999866459829106e-08,5522.167435565083,6765.707157787998
10802.607944732297,1.0,0.0,1.0,1.0,1.1937655947568016e-07,27792,5.968827977056513e-08,512,205249,1.0,0.0,1.0,1.0,1.0945532010977557e-07,9264,5.4727660054887784e-08,5528.501323596145,6772.582271135994
10802.71848013817,1.0,0.0,1.0,1.0,1.10042959438133e-07,27792,5.50214797190665e-08,512,205251,1.0,0.0,1.0,1.0,9.880060460113035e-08,9264,4.940030230056518e-08,5528.546059154141,6773.584479762008
10815.773747841105,1.0,0.0,1.0,1.0,1.1178443078087973e-07,27792,5.5892215390439864e-08,512,205499,1.0,0.0,1.0,1.0,9.858184756331507e-08,9264,4.9290923781657535e-08,5534.82174708118,6780.399611396002
10815.884283246978,1.0,0.0,1.0,1.0,1.2463099893734886e-07,27792,6.231549946867443e-08,512,205501,1.0,0.0,1.0,1.0,1.1491135840527765e-07,9264,5.7455679202638824e-08,5534.866347668176,6781.400291158003
10828.939550949914,1.0,0.0,1.0,1.0,1.0397783510649783e-07,27792,5.198891755324891e-08,512,205749,1.0,0.0,1.0,1.0,9.156878025662053e-08,9264,4.5784390128310265e-08,5541.158498764184,6788.2319277740025
10829.0,1.0,2.6979934888264633e-09,1.0,1.0,1.2544597314559795e-07,27792,6.407198349541035e-08,48,205751,1.0,2.1746943006698825e-09,1.0,1.0,1.1529739880162653e-07,9264,5.873604665545932e-08,5541.198583660182,6789.229103363992
10842.055267702935,1.0,0.0,1.0,1.0,1.0180742993548836e-07,27792,5.090371496774418e-08,512,205999,1.0,0.0,1.0,1.0,9.118274054749777e-08,9264,4.5591370273748886e-08,5547.469866960149,6796.039844539002
10842.165803108808,1.0,0.0,1.0,1.0,1.0831435611023415e-07,27792,5.415717805511707e-08,512,206001,1.0,0.0,1.0,1.0,9.919951222692584e-08,9264,4.95997561380067e-08,5547.5145898761475,6797.041286961001
10855.221070811744,1.0,0.0,1.0,1.0,1.0632410314709502e-07,27792,5.316205157354751e-08,512,206249,1.0,0.0,1.0,1.0,9.626560489069625e-08,9264,4.8132802420804335e-08,5553.779573125154,6803.8449237039895
10855.331606217616,1.0,0.0,1.0,1.0,1.0681737704959718e-07,27792,5.340868852479859e-08,512,206251,1.0,0.0,1.0,1.0,9.582809238586826e-08,9264,4.791404616839034e-08,5553.824279920154,6804.846030171
10868.386873920552,1.0,0.0,1.0,1.0,1.0701039727231542e-07,27792,5.350519863615771e-08,512,206499,1.0,0.0,1.0,1.0,9.744946304210273e-08,9264,4.872473152105136e-08,5560.057049646093,6811.616508776991
10868.497409326425,1.0,0.0,1.0,1.0,1.0248943472242611e-07,27792,5.124471736121306e-08,512,206501,1.0,0.0,1.0,1.0,9.340890873607159e-08,9264,4.6704454368035794e-08,5560.101979735082,6812.618182015998
10881.552677029362,1.0,1.0736212179248261e-08,1.0,1.0,9.832448724999489e-08,27792,5.4530350485705664e-08,512,206749,1.0,9.573801671605138e-09,1.0,1.0,8.92654087404548e-08,9264,4.94196058936396e-08,5566.407346758169,6819.462251271005
10881.663212435233,1.0,1.2053039490165635e-09,1.0,1.0,9.366197758398061e-08,27792,4.743364082069946e-08,512,206751,1.0,1.0165730962833531e-09,1.0,1.0,8.305015987604397e-08,9264,4.203336654905713e-08,5566.452190422184,6820.465116193998
10894.71848013817,1.0,2.4402041939199028e-08,1.0,1.0,1.0441534761132583e-07,27792,6.440869655059662e-08,512,206999,1.0,2.3149555170898402e-08,1.0,1.0,9.443834913850087e-08,9264,5.879395274681858e-08,5572.707534704125,6827.2581913940085
10894.82901554404,1.0,0.0,1.0,1.0,9.54163166797748e-08,27792,4.77081583398874e-08,512,207001,1.0,0.0,1.0,1.0,8.460718736552141e-08,9264,4.2303593682760706e-08,5572.752259404151,6828.260050054989
10907.884283246978,1.0,1.86586194841134e-09,1.0,1.0,9.303144485643438e-08,27792,4.7448653504688656e-08,512,207249,1.0,1.4412175095641223e-09,1.0,1.0,8.299868703125114e-08,9264,4.2219952347106976e-08,5579.016415294143,6835.061907969997
10907.994818652849,1.0,0.0,1.0,1.0,9.554499761365491e-08,27792,4.7772498806827456e-08,512,207251,1.0,0.0,1.0,1.0,8.633150214053893e-08,9264,4.3165751070269464e-08,5579.061041192137,6836.062322648009
10921.0,1.0,0.0,1.0,1.0,1.02502302737274e-07,27792,5.1251151368637e-08,48,207499,1.0,0.0,1.0,1.0,9.614979432786792e-08,9264,4.807489716393396e-08,5585.238476545113,6842.776866325992
10921.110535405873,1.0,0.0,1.0,1.0,9.288131958734502e-08,27792,4.644065979367251e-08,512,207501,1.0,0.0,1.0,1.0,8.382224003060319e-08,9264,4.191112001530159e-08,5585.283555419126,6843.777751902002
10934.165803108808,1.0,0.0,1.0,1.0,7.914686023897504e-08,27792,3.957343011948752e-08,512,207749,1.0,0.0,1.0,1.0,6.950014107571282e-08,9264,3.475007053785641e-08,5591.528336354095,6850.559901083994
10934.27633851468,1.0,7.955006065554635e-08,1.0,1.0,9.224649647431443e-08,27792,8.589827581602585e-08,512,207751,1.0,7.979455295401863e-08,1.0,1.0,8.353914448935107e-08,9264,8.166684832898421e-08,5591.573091086109,6851.561531373998
10947.331606217616,1.0,0.0,1.0,1.0,8.939408782536936e-08,27792,4.469704391268468e-08,512,207999,1.0,0.0,1.0,1.0,8.137731720950557e-08,9264,4.068865860475278e-08,5597.789477132217,6858.315050189005
10947.442141623489,1.0,0.0,1.0,1.0,9.129855585545896e-08,27792,4.564927792772948e-08,512,208001,1.0,0.0,1.0,1.0,8.397665777958038e-08,9264,4.198832888979019e-08,5597.83415747821,6859.314432259009
10960.497409326425,1.0,0.0,1.0,1.0,9.2353732287584e-08,27792,4.6176866143792e-08,512,208249,1.0,0.0,1.0,1.0,8.359061733414391e-08,9264,4.1795308667071954e-08,5604.051019914252,6866.067558782001
10960.607944732297,1.0,0.0,1.0,1.0,8.475302668337125e-08,27792,4.237651335804815e-08,512,208251,1.0,0.0,1.0,1.0,7.502051944545432e-08,9264,3.751025972272716e-08,5604.095631344251,6867.066809028998
10973.663212435233,1.0,6.922991102538881e-09,1.0,1.0,9.72264192676466e-08,27792,5.207470562790363e-08,512,208499,1.0,6.2023822723357966e-09,1.0,1.0,8.940695768918279e-08,9264,4.780467042293102e-08,5610.352780072273,6873.860885122005
10973.773747841105,1.0,1.870151307147126e-09,1.0,1.0,8.999030820285845e-08,27792,4.5930229847042005e-08,512,208501,1.0,1.4798215663796643e-09,1.0,1.0,8.104275039426321e-08,9264,4.1261286050884836e-08,5610.397444131282,6874.862238700996
10986.82901554404,1.0,7.360503621684088e-09,1.0,1.0,8.671754335501417e-08,27792,4.7039023924001414e-08,512,208749,1.0,6.781442940490498e-09,1.0,1.0,7.679630470906077e-08,9264,4.178887426694736e-08,5616.651286735279,6881.652727294
10986.939550949914,1.0,8.53578243588827e-10,1.0,1.0,8.511762148459631e-08,27792,4.298559990141958e-08,512,208751,1.0,7.206087823938254e-10,1.0,1.0,7.397821024277585e-08,9264,3.734940953712863e-08,5616.695973322276,6882.652093226003
10999.994818652849,1.0,0.0,1.0,1.0,1.04754206906456e-07,27792,5.2377103453228e-08,512,208999,1.0,0.0,1.0,1.0,1.004477105016593e-07,9264,5.022385525082965e-08,5623.027132579271,6889.520664073003
11000.055267702935,1.0,0.0,1.0,1.0,9.1530181431723e-08,27792,4.57650907158615e-08,512,209001,1.0,0.0,1.0,1.0,8.366782466237369e-08,9264,4.1833912331186846e-08,5623.06709630027,6890.516957663
11013.110535405873,1.0,0.0,1.0,1.0,8.26512517102851e-08,27792,4.132562585514255e-08,512,209249,1.0,0.0,1.0,1.0,7.32962054558381e-08,9264,3.664810272791905e-08,5629.381915454251,6897.370405816997
11013.221070811744,1.0,6.154341857780149e-08,1.0,1.0,8.911957305508596e-08,27792,7.533149514558012e-08,512,209251,1.0,6.090430718187128e-08,1.0,1.0,8.102988237941533e-08,9264,7.09670947683714e-08,5629.426576543243,6898.374382264999
11026.27633851468,1.0,0.0,1.0,1.0,8.223518537326938e-08,27792,4.111759268663469e-08,512,209499,1.0,0.0,1.0,1.0,7.429991061397292e-08,9264,3.714995530698646e-08,5635.767839559288,6905.257880680001
11026.386873920552,1.0,0.0,1.0,1.0,9.305289599845487e-08,27792,4.652644799922743e-08,512,209501,1.0,0.0,1.0,1.0,8.604840738468812e-08,9264,4.302420369234406e-08,5635.812520147294,6906.260399246996
11039.442141623489,1.0,0.0,1.0,1.0,1.0574504274074076e-07,27792,5.287252137037038e-08,512,209749,1.0,0.0,1.0,1.0,1.0118118813338988e-07,9264,5.059059406669494e-08,5642.221228649323,6913.208344701998
11039.552677029362,1.0,0.0,1.0,1.0,8.90938354545876e-08,27792,4.45469177272938e-08,512,209751,1.0,0.0,1.0,1.0,7.983315699856228e-08,9264,3.991657849928114e-08,5642.26598583132,6914.212021836996
11052.607944732297,1.0,8.021061911002391e-10,1.0,1.0,9.95340869289062e-08,27792,5.016809659387876e-08,512,209999,1.0,7.077407614099956e-10,1.0,1.0,9.4399749806365e-08,9264,4.755374531149926e-08,5648.579537632257,6921.063635386003
11052.71848013817,1.0,1.2010146373230424e-10,1.0,1.0,8.648592065855488e-08,27792,4.3303011065234223e-08,512,210001,1.0,1.0294411264711044e-10,1.0,1.0,7.633305695993831e-08,9264,3.821800053936068e-08,5648.624616659261,6922.080273801999
11065.773747841105,1.0,0.0,1.0,1.0,9.591388515656822e-08,27792,4.795694257828411e-08,512,210249,1.0,0.0,1.0,1.0,8.864774638396033e-08,9264,4.4323873191980166e-08,5654.881545142285,6928.874847850006
11065.884283246978,1.0,0.0,1.0,1.0,8.06910246714503e-08,27792,4.034551233572515e-08,512,210251,1.0,0.0,1.0,1.0,6.888247638755827e-08,9264,3.4441238193779136e-08,5654.92615770729,6929.876664545998
11078.939550949914,1.0,6.035098160870298e-09,1.0,1.0,8.963429417260212e-08,27792,4.783469656812945e-08,512,210499,1.0,5.378829469334075e-09,1.0,1.0,8.142879083969968e-08,9264,4.340381052305723e-08,5661.197576896309,6936.686363119996
11079.0,1.0,0.0,1.0,1.0,9.46356602539418e-08,27792,4.73178301269709e-08,48,210501,1.0,0.0,1.0,1.0,8.769551249981576e-08,9264,4.384775624990788e-08,5661.237233857319,6937.685969990998
11092.055267702935,1.0,0.0,1.0,1.0,8.570097152375869e-08,27792,4.2850485761879344e-08,512,210749,1.0,0.0,1.0,1.0,7.727242204383372e-08,9264,3.863621102191686e-08,5667.511598690384,6944.498314862998
11092.165803108808,1.0,0.0,1.0,1.0,8.323889161133098e-08,27792,4.161944580566549e-08,512,210751,1.0,0.0,1.0,1.0,7.545803195028231e-08,9264,3.7729015975141156e-08,5667.556264495368,6945.497842495999
11105.221070811744,1.0,0.0,1.0,1.0,9.543776755999485e-08,27792,4.771888377999743e-08,512,210999,1.0,0.0,1.0,1.0,8.680762104611447e-08,9264,4.340381052305723e-08,5673.807845876436,6952.287174500991
11105.331606217616,1.0,0.0,1.0,1.0,9.369629752625028e-08,27792,4.684814876312514e-08,512,211001,1.0,0.0,1.0,1.0,8.748962583305223e-08,9264,4.3744812916526116e-08,5673.852665636434,6953.290246977995
11118.386873920552,1.0,1.7843645599024205e-09,1.0,1.0,9.387215934863628e-08,27792,4.782826203710464e-08,512,211249,1.0,1.5570296493310103e-09,1.0,1.0,8.575244382858812e-08,9264,4.365473681259094e-08,5680.1423635834,6960.1186215339985
11118.497409326425,1.0,1.9302020942368068e-10,1.0,1.0,9.166315013308315e-08,27792,4.592808517790069e-08,512,211251,1.0,2.1875623630713588e-10,1.0,1.0,8.254830813146544e-08,9264,4.138353219193972e-08,5680.187117535388,6961.118804446
11131.552677029362,1.0,0.0,1.0,1.0,9.350327730353205e-08,27792,4.675163865176602e-08,512,211499,1.0,0.0,1.0,1.0,8.581678390282754e-08,9264,4.290839195141377e-08,5686.427654397434,6967.896829767007
11131.663212435233,1.0,0.0,1.0,1.0,9.243952193304132e-08,27792,4.621976096652066e-08,512,211501,1.0,0.0,1.0,1.0,8.52634592643686e-08,9264,4.26317296321843e-08,5686.472349860436,6968.898121951002
11144.71848013817,1.0,0.0,1.0,1.0,8.97372385531856e-08,27792,4.48686192765928e-08,512,211749,1.0,0.0,1.0,1.0,8.020632942915087e-08,9264,4.0103164714575435e-08,5692.695257084488,6975.659700741991
11144.82901554404,1.0,0.0,1.0,1.0,9.466997653100541e-08,27792,4.7334988265502705e-08,512,211751,1.0,0.0,1.0,1.0,8.670467692733142e-08,9264,4.335233846366571e-08,5692.740058007475,6976.661342697
11157.884283246978,1.0,0.0,1.0,1.0,8.366782543959372e-08,27792,4.183391271979686e-08,512,211999,1.0,0.0,1.0,1.0,7.414549443579833e-08,9264,3.7072747217899165e-08,5698.951417761484,6983.410729013005
11157.994818652849,1.0,0.0,1.0,1.0,9.164170422707131e-08,27792,4.582085211353566e-08,512,212001,1.0,0.0,1.0,1.0,8.30887647550765e-08,9264,4.154438237753825e-08,5698.9961607194855,6984.411861018001
11171.0,1.0,2.3162425089935365e-10,1.0,1.0,1.1008156583888054e-07,27792,5.515659505307121e-08,48,212249,1.0,2.187562378411228e-10,1.0,1.0,1.080527088475603e-07,9264,5.4135732549987145e-08,5705.188213439549,6991.140594628989
11171.110535405873,1.0,2.8820060378486533e-08,1.0,1.0,7.345062161765015e-08,27792,5.113533925136859e-08,512,212251,1.0,2.7833512569391594e-08,1.0,1.0,6.441727521079933e-08,9264,4.6125392129078494e-08,5705.233008595555,6992.141840334996
11184.165803108808,1.0,3.431470421570348e-11,1.0,1.0,1.0307278865586993e-07,27792,5.1553551681065476e-08,512,212499,1.0,0.0,1.0,1.0,9.946974530022672e-08,9264,4.973487265011336e-08,5711.530988097562,6998.979285270005
11184.27633851468,1.0,6.55796859017539e-08,1.0,1.0,8.955279726883306e-08,27792,7.756624143803074e-08,512,212501,1.0,6.415991493838548e-08,1.0,1.0,8.253544011661756e-08,9264,7.334767751522962e-08,5711.575726671566,6999.981309816998
11197.331606217616,1.0,0.0,1.0,1.0,9.911373073000698e-08,27792,4.955686536500349e-08,512,212749,1.0,0.0,1.0,1.0,9.362766734468948e-08,9264,4.681383367234474e-08,5717.882174510552,7006.827464791
11197.442141623489,1.0,0.0,1.0,1.0,8.302871347915632e-08,27792,4.151435673957816e-08,512,212751,1.0,0.0,1.0,1.0,7.375945399036186e-08,9264,3.687972699518093e-08,5717.927109730554,7007.829342095007
11210.497409326425,1.0,3.8604041705771e-10,1.0,1.0,8.98316039954034e-08,27792,4.5108822220419936e-08,512,212999,1.0,3.6030438736194546e-10,1.0,1.0,8.061810590428311e-08,9264,4.0489205160011904e-08,5724.219600308577,7014.660762924992
11210.607944732297,1.0,5.22870274372414e-09,1.0,1.0,9.022622364100599e-08,27792,4.772746350376441e-08,512,213001,1.0,4.851240907357503e-09,1.0,1.0,8.247110004237815e-08,9264,4.366117082001488e-08,5724.264371310586,7015.661412304005
11223.663212435233,1.0,2.4376305909503262e-08,1.0,1.0,8.515622579094038e-08,27792,5.476626409125017e-08,512,213249,1.0,2.3239631268697628e-08,1.0,1.0,7.580546835117513e-08,9264,4.952254804891941e-08,5730.5356888955575,7022.471201676992
11223.773747841105,1.0,1.2868014080888805e-11,1.0,1.0,8.943698434980081e-08,27792,4.472492618232435e-08,512,213251,1.0,0.0,1.0,1.0,8.114569451304627e-08,9264,4.057284725652314e-08,5730.580523988559,7023.4719593889895
11236.82901554404,1.0,1.0375907828957664e-08,1.0,1.0,8.96171368194716e-08,27792,4.9996523078936196e-08,512,213499,1.0,9.972710224695695e-09,1.0,1.0,8.043795369641275e-08,9264,4.5205332601760753e-08,5736.86609389956,7030.294991434988
11236.939550949914,1.0,1.887308721637112e-10,1.0,1.0,9.433540788316004e-08,27792,4.7262069383797824e-08,512,213501,1.0,9.007609856622163e-11,1.0,1.0,8.407960189836343e-08,9264,4.2084839001149306e-08,5736.910806135558,7031.295578994992
11249.994818652849,1.0,4.4609114687854624e-10,1.0,1.0,1.030384755204115e-07,27792,5.174228335090238e-08,512,213749,1.0,3.345683599671613e-10,1.0,1.0,9.869766676555768e-08,9264,4.951611757580131e-08,5743.243616795604,7038.166318926989
11250.055267702935,1.0,2.40202927720273e-10,1.0,1.0,9.859043303032903e-08,27792,4.941531798707808e-08,512,213751,1.0,1.9302020814535826e-10,1.0,1.0,9.306147626218524e-08,9264,4.662724824245174e-08,5743.282978817595,7039.161139117001
11263.110535405873,1.0,1.6299484374626912e-10,1.0,1.0,6.841064916828799e-08,27792,3.4286822011513915e-08,512,213999,1.0,9.007609856622163e-11,1.0,1.0,5.793179575201047e-08,9264,2.901093592797282e-08,5749.6140718495735,7046.030270507006
11263.221070811744,1.0,2.25619170733098e-09,1.0,1.0,9.590101818892208e-08,27792,4.907860506279205e-08,512,214001,1.0,1.724313817809689e-09,1.0,1.0,8.996028468384562e-08,9264,4.584229933673092e-08,5749.6588858635805,7047.032129875006
11276.27633851468,1.0,1.715735210785174e-11,1.0,1.0,9.165457328912093e-08,27792,4.5835865321125716e-08,512,214249,1.0,0.0,1.0,1.0,8.356488130444814e-08,9264,4.178244065222407e-08,5755.988879252625,7053.899273699004
11276.386873920552,1.0,0.0,1.0,1.0,9.287274536138711e-08,27792,4.6436372680693556e-08,512,214251,1.0,0.0,1.0,1.0,8.546934750193472e-08,9264,4.273467375096736e-08,5756.0336644916315,7054.900101211999
11289.442141623489,1.0,3.542864434995264e-07,0.9996401842256765,0.9996401842256765,0.0010809924627215133,27792,0.0005406733703084835,512,214499,1.0,3.538060364337702e-07,1.0,1.0,4.027935718298795e-05,9264,2.0316581625615234e-05,5762.272548609581,7061.674651852998
11289.552677029362,1.0,3.5361730672743653e-07,0.9996401842256765,0.9996401842256765,0.001069239815498692,27792,0.0005347967142733559,512,214501,1.0,3.529438794389621e-07,1.0,1.0,3.793308119203522e-05,9264,1.9143012551641468e-05,5762.317241434583,7062.675426550006
11302.607944732297,1.0,7.506341043526102e-10,0.9997841105354058,0.9997841105354058,0.0005725536410464645,27792,0.00028627718954036635,512,214749,1.0,7.334767819018386e-10,1.0,1.0,4.46477954565738e-06,9264,2.2327565112518546e-06,5768.579910224529,7069.473111469008
11302.71848013817,1.0,7.549234426352376e-10,0.9997841105354058,0.9997841105354058,0.0005641237253009003,27792,0.0002820622337452325,512,214751,1.0,7.206087701219302e-10,1.0,1.0,4.406386812782319e-06,9264,2.2035537108069e-06,5768.624548937529,7070.473213177989
11315.773747841105,1.0,8.149741558378823e-10,0.9999280368451353,0.9999280368451353,0.0001256444994345799,27792,6.282265720233239e-05,512,214999,1.0,6.43400691772545e-10,1.0,1.0,8.026544722290467e-07,9264,4.0164893648572035e-07,5774.8795927365645,7077.264031233994
11315.884283246978,1.0,8.063954802952854e-10,0.9999280368451353,0.9999280368451353,0.00012784155156255888,27792,6.3921178979078e-05,512,215001,1.0,6.43400691772545e-10,1.0,1.0,7.942002119995301e-07,9264,3.974218063709621e-07,5774.924461775561,7078.278610056994
11328.939550949914,1.0,7.206087169437174e-10,1.0,1.0,6.297084102696042e-06,27792,3.1489023557637614e-06,512,215249,1.0,6.30532673856689e-10,1.0,1.0,2.434756569039443e-07,9264,1.2205309481574528e-07,5781.23561242743,7085.1277035910025
11329.0,1.0,7.248980634076084e-10,1.0,1.0,6.503330868361966e-06,27792,3.2520278832658646e-06,48,215251,1.0,6.434006887045712e-10,1.0,1.0,2.4314108851789936e-07,9264,1.2189224463014675e-07,5781.27471523243,7086.124947937991
11342.055267702935,1.0,4.975632003897921e-10,1.0,1.0,2.0959818609744548e-07,27792,1.0504787466911513e-07,512,215499,1.0,5.018525437857092e-10,1.0,1.0,1.7684510115445147e-07,9264,8.867347686675944e-08,5787.57994129241,7092.968751807988
11342.165803108808,1.0,7.892381782976727e-10,1.0,1.0,1.9072524949813556e-07,27792,9.57572438710695e-08,512,215501,1.0,8.621569150407922e-10,1.0,1.0,1.5966630918654162e-07,9264,8.026423313976244e-08,5787.624636833418,7093.969658098009
11355.221070811744,1.0,1.801521948314629e-10,1.0,1.0,1.737353382954088e-07,27792,8.695774525163958e-08,512,215749,1.0,1.0294411188011699e-10,1.0,1.0,1.5901004523988256e-07,9264,7.955649467933282e-08,5793.930980199417,7100.814141096998
11355.331606217616,1.0,2.8309630568892194e-10,1.0,1.0,1.54484791748183e-07,27792,7.73839440374182e-08,512,215751,1.0,1.6728418305155448e-10,1.0,1.0,1.3804804905268236e-07,9264,6.910766662285242e-08,5793.975676153415,7101.812903812999
11368.386873920552,1.0,4.1992617021336445e-09,1.0,1.0,1.1763508603852997e-07,27792,6.091717384681067e-08,512,215999,1.0,3.5773077350106196e-09,1.0,1.0,1.1258224771781096e-07,9264,5.8079777922761114e-08,5800.246280061365,7108.621413615008
11368.497409326425,1.0,3.015404487481852e-09,1.0,1.0,1.618667277481597e-07,27792,8.244106628042339e-08,512,216001,1.0,2.5478666944427823e-09,1.0,1.0,1.519068884774308e-07,9264,7.722737770865575e-08,5800.291189499352,7109.624137592997
11381.552677029362,1.0,3.723141067243536e-09,0.9998200921128382,0.9998200921128382,0.0005090964199931167,27792,0.00025455006942470387,512,216249,1.0,3.2556051241926777e-09,1.0,1.0,1.0141650936505974e-05,9264,5.072453272131244e-06,5806.568147124373,7116.437091775995
11381.663212435233,1.0,3.688826557332841e-09,0.9998200921128382,0.9998200921128382,0.0005059680556578194,27792,0.0002529858700997021,512,216251,1.0,3.2427372075199575e-09,1.0,1.0,1.0024268722850491e-05,9264,5.013755731296079e-06,5806.612777436385,7117.439607920009
11394.71848013817,1.0,1.0894917466118768e-09,0.999892055267703,0.999892055267703,0.00019961006455821782,27792,9.9805577020882e-05,512,216499,1.0,1.0165730103800863e-09,1.0,1.0,2.219800385374082e-06,9264,1.1104084792735323e-06,5812.945012747397,7124.308365228993
11394.82901554404,1.0,1.11093843495704e-09,0.999892055267703,0.999892055267703,0.00019524003213572288,27792,9.762057153716905e-05,512,216501,1.0,1.0294410129560733e-09,1.0,1.0,2.1928935422570507e-06,9264,1.0969614917224408e-06,5812.989615475388,7125.310289510002
11407.884283246978,1.0,1.098070493996194e-09,0.9999640184225677,0.9999640184225677,5.931416284962559e-05,27792,2.965763046037477e-05,512,216749,1.0,1.132385213807431e-09,1.0,1.0,5.538776978281081e-07,9264,2.7750504156736084e-07,5819.269260585461,7132.128552526003
11407.994818652849,1.0,1.1066491705614488e-09,0.9999640184225677,0.9999640184225677,5.485721228200875e-05,27792,2.7429159465642833e-05,512,216751,1.0,1.17098925221513e-09,1.0,1.0,5.48357338504348e-07,9264,2.7476416392775267e-07,5819.314010597453,7133.130830613998
11421.0,1.0,1.629948440019336e-10,1.0,1.0,9.736211349476718e-07,27792,4.86892064966656e-07,48,216999,1.0,1.6728418151756755e-10,1.0,1.0,2.3592214789626337e-07,9264,1.1804471604464291e-07,5825.5223843845015,7139.878737403997
11421.110535405873,1.0,3.302790229628563e-10,1.0,1.0,1.0220766355102082e-06,27792,5.112034572789852e-07,512,217001,1.0,3.2170034665326596e-10,1.0,1.0,2.4040020449690564e-07,9264,1.2036095243405135e-07,5825.567391189499,7140.881863560993
11434.165803108808,1.0,1.7843645496758412e-09,1.0,1.0,2.0799853839753032e-07,27792,1.0489145159427672e-07,512,217249,1.0,1.647105734858343e-09,1.0,1.0,1.882075709297274e-07,9264,9.492733841512817e-08,5831.847154263516,7147.702017192001
11434.27633851468,1.0,2.440633212321977e-09,1.0,1.0,1.8833192243713372e-07,27792,9.538627795997437e-08,512,217251,1.0,2.2261662741581444e-09,1.0,1.0,1.6577862104986863e-07,9264,8.400239380927613e-08,5831.891937217522,7148.703752856993
11447.331606217616,1.0,3.3885769952811114e-10,1.0,1.0,1.9015492576490743e-07,27792,9.52468917446175e-08,512,217499,1.0,2.444922644689135e-10,1.0,1.0,1.7624031702302175e-07,9264,8.824240465256576e-08,5838.132705408461,7155.481744238001
11447.442141623489,1.0,0.0,1.0,1.0,1.9708220866215332e-07,27792,9.854110433107666e-08,512,217501,1.0,0.0,1.0,1.0,1.851321152829084e-07,9264,9.25660576414542e-08,5838.177269271451,7156.481808737997
11460.497409326425,1.0,0.0,1.0,1.0,1.9636589021615627e-07,27792,9.818294510807813e-08,512,217749,1.0,0.0,1.0,1.0,1.8506777530684415e-07,9264,9.253388765342207e-08,5844.423980971471,7163.267513636994
11460.607944732297,1.0,6.905834052115121e-10,1.0,1.0,1.5518395493545298e-07,27792,7.793726923220306e-08,512,217751,1.0,5.66192610355186e-10,1.0,1.0,1.3909035825536083e-07,9264,6.982827545433382e-08,5844.468518282476,7164.267546090006
11473.663212435233,1.0,6.090859862785191e-10,1.0,1.0,1.6288760701465272e-07,27792,8.174834655811796e-08,512,217999,1.0,3.731724014428343e-10,1.0,1.0,1.4735162378770124e-07,9264,7.386239810914491e-08,5850.718947370406,7171.054996901003
11473.773747841105,1.0,1.1396770107056981e-08,1.0,1.0,1.7074996408670877e-07,27792,9.107336798454997e-08,512,218001,1.0,1.074479101739347e-08,1.0,1.0,1.572471272057227e-07,9264,8.399595975276462e-08,5850.763601857412,7172.055855785002
11486.82901554404,1.0,6.948727457951198e-10,1.0,1.0,1.6042981565510632e-07,27792,8.056234426117104e-08,512,218249,1.0,4.3751247261427177e-10,1.0,1.0,1.448423608923642e-07,9264,7.26399366985961e-08,5856.971995875472,7178.800580929004
11486.939550949914,1.0,2.273349131280552e-10,1.0,1.0,1.8189366337417222e-07,27792,9.106049918430078e-08,512,218251,1.0,1.286801400418946e-10,1.0,1.0,1.67490067024637e-07,9264,8.38093735865579e-08,5857.016554079462,7179.798845662008
11499.994818652849,1.0,4.289338026962935e-11,1.0,1.0,1.599108057229084e-07,27792,7.99768495855924e-08,512,218499,1.0,2.573602816177761e-11,1.0,1.0,1.4342687925909715e-07,9264,7.172630764439647e-08,5863.216907314432,7186.535482128005
11500.055267702935,1.0,3.272335768389536e-08,1.0,1.0,1.5766748232469513e-07,27792,9.519542102695319e-08,512,218501,1.0,3.1410820697102866e-08,1.0,1.0,1.4359416345211963e-07,9264,8.750249384790011e-08,5863.25935577444,7187.534329382004
11513.110535405873,1.0,0.0,1.0,1.0,1.4728728368073678e-07,27792,7.364364187309344e-08,512,218749,1.0,0.0,1.0,1.0,1.361564508700437e-07,9264,6.807822543502185e-08,5869.55318916151,7194.366439742007
11513.221070811744,1.0,0.0,1.0,1.0,1.6140778530714624e-07,27792,8.070389268629817e-08,512,218751,1.0,0.0,1.0,1.0,1.4880570946551194e-07,9264,7.440285473275597e-08,5869.597766417515,7195.368401938002
11526.27633851468,1.0,0.0,1.0,1.0,1.513235462922814e-07,27792,7.56617731461407e-08,512,218999,1.0,0.0,1.0,1.0,1.370829479390912e-07,9264,6.85414739695456e-08,5875.873874927573,7202.183401681003
11526.386873920552,1.0,0.0,1.0,1.0,1.5540271066426612e-07,27792,7.770135536485812e-08,512,219001,1.0,0.0,1.0,1.0,1.4248751417520176e-07,9264,7.124375708760088e-08,5875.918507740564,7203.183876786003
11539.442141623489,1.0,0.0,1.0,1.0,1.430622849487479e-07,27792,7.1531142507099e-08,512,219249,1.0,0.0,1.0,1.0,1.3153683353965395e-07,9264,6.576841676982698e-08,5882.137332623541,7209.938114062999
11539.552677029362,1.0,0.0,1.0,1.0,1.44383401663398e-07,27792,7.219170086442407e-08,512,219251,1.0,0.0,1.0,1.0,1.330295232620083e-07,9264,6.651476163100415e-08,5882.181885809558,7210.937596525007
11552.607944732297,1.0,0.0,1.0,1.0,1.535883210943156e-07,27792,7.679416057988285e-08,512,219499,1.0,0.0,1.0,1.0,1.4279634653155093e-07,9264,7.139817326577547e-08,5888.4367222844885,7217.728079740002
11552.71848013817,1.0,0.0,1.0,1.0,1.3993535786431339e-07,27792,6.996767896488174e-08,512,219501,1.0,0.0,1.0,1.0,1.2694295223895997e-07,9264,6.347147611947999e-08,5888.481352061484,7218.727926777996
11565.773747841105,1.0,0.0,1.0,1.0,1.4789207985498638e-07,27792,7.394603996021824e-08,512,219749,1.0,0.0,1.0,1.0,1.377263487305729e-07,9264,6.886317434074266e-08,5894.739132930452,7225.521785710007
11565.884283246978,1.0,0.0,1.0,1.0,1.3676124753516909e-07,27792,6.83806238003096e-08,512,219751,1.0,0.0,1.0,1.0,1.238803647542516e-07,9264,6.1940182352582e-08,5894.783789574445,7226.522262594997
11578.939550949914,1.0,9.136289741766567e-10,0.9974453080023028,0.9974453080023028,0.008431953744223973,27792,0.0042159773375051906,512,219999,1.0,1.0423091006683336e-09,0.9997841105354058,0.9997841105354058,0.0012979413413270562,9264,0.000648971185384122,5901.0639696533835,7233.339427828003
11579.0,1.0,9.608116881269527e-10,0.997769142199194,0.997769142199194,0.007322366888247211,27792,0.0036611839213124896,48,220001,1.0,1.068045130364098e-09,0.999892055267703,0.999892055267703,0.001107362744001115,9264,0.0005536819060231738,5901.103725851375,7234.3481354599935
11592.055267702935,1.0,3.0025366188740546e-11,0.9956102475532528,0.9956102475532528,0.01352640309584985,27792,0.006763201547924925,512,220249,1.0,1.2868014080888805e-11,0.998380829015544,0.998380829015544,0.006024496514022042,9264,0.003012248257011021,5907.386108323393,7241.1667399549915
11592.165803108808,1.0,5.147205632355522e-11,0.9947826712723086,0.9947826712723086,0.015210713170335838,27792,0.007605356585167919,512,220251,1.0,3.860404224266642e-11,0.9979490500863558,0.9979490500863558,0.0070772277535500715,9264,0.0035386138767750357,5907.430869087395,7242.166739045992
11605.221070811744,1.0,2.324821078691037e-09,0.9997841105354058,0.9997841105354058,0.0008652696257835671,27792,0.00043263597101311985,512,220499,1.0,2.2390343611034116e-09,1.0,1.0,2.528659888333681e-05,9264,1.2644418958960172e-05,5913.70364775238,7248.976165390995
11605.331606217616,1.0,1.6513950746749575e-09,0.9998200921128382,0.9998200921128382,0.0008521367422861053,27792,0.0004260691989853412,512,220501,1.0,1.647105739460304e-09,1.0,1.0,2.4576085267115193e-05,9264,1.2288866186507862e-05,5913.748406936385,7249.977781244001
11618.386873920552,1.0,1.2868014080888805e-11,0.9998560736902706,0.9998560736902706,0.000403425578548314,27792,0.00020171279570816442,512,220749,1.0,1.2868014080888805e-11,1.0,1.0,3.206101836171604e-06,9264,1.6030573520932262e-06,5920.0434564763345,7256.809592707999
11618.497409326425,1.0,8.578676028359422e-11,0.9998560736902706,0.9998560736902706,0.00040198329717972274,27792,0.00020099168719390592,512,220751,1.0,9.007609779922818e-11,1.0,1.0,3.1693641564377306e-06,9264,1.5847271162708328e-06,5920.088269749329,7257.812765734008
11631.552677029362,1.0,8.149742225663129e-11,0.9999640184225677,0.9999640184225677,0.00010413267613703194,27792,5.206637881722965e-05,512,220999,1.0,2.573602816177761e-11,1.0,1.0,5.752900558817033e-07,9264,2.876578958575244e-07,5926.43523300338,7264.699468025996
11631.663212435233,1.0,5.704819159127594e-09,0.9999640184225677,0.9999640184225677,0.00010122857300095367,27792,5.061713891043478e-05,512,221001,1.0,5.558981773078608e-09,1.0,1.0,5.683927999232384e-07,9264,2.869758911687618e-07,5926.479898407371,7265.704459987988
11644.71848013817,1.0,4.80405831612616e-09,1.0,1.0,1.2852240994844207e-06,27792,6.450140791804818e-07,512,221249,1.0,4.400860605507765e-09,1.0,1.0,1.935863869007437e-07,9264,9.899362398935971e-08,5932.872806700383,7272.640604854008
11644.82901554404,1.0,1.2868014080888805e-11,1.0,1.0,1.113290536036033e-06,27792,5.566517020254403e-07,512,221251,1.0,0.0,1.0,1.0,1.9951854174561743e-07,9264,9.975927087280872e-08,5932.917710511385,7273.647899222007
11657.884283246978,1.0,1.818679250823571e-09,1.0,1.0,1.8964430195505681e-07,27792,9.573149069344543e-08,512,221499,1.0,1.2868013613022799e-09,1.0,1.0,1.6218843852592394e-07,9264,8.173762005444368e-08,5939.266672682301,7280.536970738991
11657.994818652849,1.0,7.506341419352894e-10,1.0,1.0,1.8082527740853535e-07,27792,9.078795580399757e-08,512,221501,1.0,4.5038048669516055e-10,1.0,1.0,1.509675311984608e-07,9264,7.570895588361213e-08,5939.311492239314,7281.543728532008
11671.0,1.0,2.8180949275036483e-09,1.0,1.0,1.4287355190445874e-07,27792,7.284582361079753e-08,48,221749,1.0,2.946775068056872e-09,1.0,1.0,1.271359725107658e-07,9264,6.504137393092163e-08,5945.633708685418,7288.407674360991
11671.110535405873,1.0,1.6642630989824257e-09,1.0,1.0,1.9006913533404882e-07,27792,9.586669929385414e-08,512,221751,1.0,1.5441616222112326e-09,1.0,1.0,1.7820912172394516e-07,9264,8.98766417528455e-08,5945.678532204409,7289.410201826002
11684.165803108808,1.0,8.854909211069824e-08,0.9957541738629822,0.9957541738629822,0.015489105210265829,27792,0.007744596830355277,512,221999,1.0,8.921393746646456e-08,0.9976252158894646,0.9976252158894646,0.0074124213012332655,9264,0.0037062552511560954,5951.995996327416,7296.266302133998
11684.27633851468,1.0,9.399226239135243e-08,0.9971214738054116,0.9971214738054116,0.010564986668917456,27792,0.0052825402978874175,512,222001,1.0,9.456703399938747e-08,0.9984887737478411,0.9984887737478411,0.003952902442448337,9264,0.0019764984725746896,5952.040867543423,7297.269620745006
11697.331606217616,1.0,2.6104909237402115e-08,0.9968696027633851,0.9968696027633851,0.01011101178348785,27792,0.005055518854124215,512,222249,1.0,2.7434604109107247e-08,0.9988126079447323,0.9988126079447323,0.003935619934971906,9264,0.001967823601147684,5958.3935362633565,7304.159437469003
11697.442141623489,1.0,2.9459171250815893e-08,0.9969055843408176,0.9969055843408176,0.008868118873531955,27792,0.004434074136328272,512,222251,1.0,3.0741683925012984e-08,0.9990284974093264,0.9990284974093264,0.0033132701851620577,9264,0.0016566504505567496,5958.438259383351,7305.163037605991
11710.497409326425,1.0,3.688830488429957e-09,0.997769142199194,0.997769142199194,0.008322984001625525,27792,0.004161493825926201,512,222499,1.0,3.5258356495413132e-09,0.9985967184801382,0.9985967184801382,0.00609194314258498,9264,0.00304597329560648,5964.723159414294,7311.986420550005
11710.607944732297,1.0,3.405734203194194e-09,0.9978770869314911,0.9978770869314911,0.007988218782136134,27792,0.003994111098224703,512,222501,1.0,3.3070794224380987e-09,0.9988126079447323,0.9988126079447323,0.005673987417769762,9264,0.0028369953624247887,5964.767941461294,7312.988599033997
11723.663212435233,1.0,2.299085085299629e-09,0.9999280368451353,0.9999280368451353,0.00017853671030469012,27792,8.92695046950048e-05,512,222749,1.0,2.3805824891484173e-09,1.0,1.0,1.0235341300129076e-05,9264,5.11886094300877e-06,5971.038254519204,7319.796579363989
11723.773747841105,1.0,1.883019296939889e-09,0.9999640184225677,0.9999640184225677,0.00017478695167705768,27792,8.739441734828188e-05,512,222751,1.0,2.007410119919308e-09,1.0,1.0,1.0092074876685951e-05,9264,5.047041143501111e-06,5971.083337159202,7320.800717489008
11736.82901554404,1.0,2.1446689153063054e-09,1.0,1.0,3.711996946295388e-05,27792,1.8561057066047594e-05,512,222999,1.0,1.943070033408002e-09,1.0,1.0,1.3660281368902047e-06,9264,6.839856035661174e-07,5977.288379478152,7327.543125819997
11736.939550949914,1.0,8.364208884130015e-10,1.0,1.0,3.3171095764497696e-05,27792,1.6585966092731406e-05,512,223001,1.0,7.978168500053023e-10,1.0,1.0,1.3458253916709924e-06,9264,6.733116044921308e-07,5977.333141919153,7328.545046751999
11749.994818652849,1.0,3.5515717032695394e-09,1.0,1.0,5.253748402252009e-06,27792,2.628649987175012e-06,512,223249,1.0,3.1269272636553284e-09,1.0,1.0,3.704829585437841e-07,9264,1.8680494307590976e-07,5983.589903584172,7335.340924882999
11750.055267702935,1.0,1.5398722977344874e-09,1.0,1.0,3.855668899236449e-06,27792,1.9286043858399566e-06,512,223251,1.0,1.2996693700142145e-09,1.0,1.0,3.6573466106491555e-07,9264,1.8351716528227583e-07,5983.629261136157,7336.336962433008
11763.110535405873,1.0,2.4792372645355583e-09,1.0,1.0,9.872299516870786e-07,27792,4.948545946072186e-07,512,223499,1.0,2.2776383450545753e-09,1.0,1.0,2.1588665663212364e-07,9264,1.090821476300994e-07,5989.920004270178,7343.1667187010025
11763.221070811744,1.0,3.011115136927329e-09,1.0,1.0,1.0348952982276995e-06,27792,5.189532068510519e-07,512,223501,1.0,2.766622847914625e-09,1.0,1.0,2.2757081411400074e-07,9264,1.1516871865314771e-07,5989.964627297173,7344.167851720995
11776.27633851468,1.0,4.332231343316443e-10,1.0,1.0,1.9946147710539133e-07,27792,9.994735013596835e-08,512,223749,1.0,3.8604041705771e-10,1.0,1.0,1.5686108676028622e-07,9264,7.862356360286135e-08,5996.261696016132,7351.004175145004
11776.386873920552,1.0,8.14974220009668e-11,1.0,1.0,2.062780822990843e-07,27792,1.0317978986322712e-07,512,223751,1.0,5.147205632355522e-11,1.0,1.0,1.653411068760629e-07,9264,8.269628951681479e-08,5996.306238448124,7352.005553797993
11789.442141623489,1.0,3.0025365728544473e-10,1.0,1.0,2.2383051106609953e-07,27792,1.1206538243839183e-07,512,223999,1.0,2.959643207924687e-10,1.0,1.0,2.1175602386595345e-07,9264,1.0602599410372737e-07,6002.590661918119,7358.829233622993
11789.552677029362,1.0,2.5821813792279847e-09,1.0,1.0,1.6397280226974535e-07,27792,8.327749195794353e-08,512,224001,1.0,2.792358914426075e-09,1.0,1.0,1.4614203039200033e-07,9264,7.446719480699538e-08,6002.635314497107,7359.830742566002
11802.607944732297,1.0,2.6979934872924767e-09,1.0,1.0,1.4574312137539005e-07,27792,7.42205576103064e-08,512,224249,1.0,2.367714485805437e-09,1.0,1.0,1.3109932103482595e-07,9264,6.673351788341815e-08,6008.923233806039,7366.658448426999
11802.71848013817,1.0,5.4260122362069195e-09,1.0,1.0,2.0512900099715197e-07,27792,1.0527750696233783e-07,512,224251,1.0,5.095733240088834e-09,1.0,1.0,1.939080998383615e-07,9264,9.950191685906144e-08,6008.967913083041,7367.659435763999
11815.773747841105,1.0,1.3082480565503842e-09,1.0,1.0,1.9022784399211123e-07,27792,9.576804608415629e-08,512,224499,1.0,9.651010261539157e-10,1.0,1.0,1.7667782952784976e-07,9264,8.882146532072047e-08,6015.237269773053,7374.467272587994
11815.884283246978,1.0,8.608700910575293e-09,1.0,1.0,1.4859124251865552e-07,27792,7.859997225866943e-08,512,224501,1.0,8.389944597824477e-09,1.0,1.0,1.3315820341048712e-07,9264,7.077407454565317e-08,6015.281937322063,7375.468026474991
11828.939550949914,1.0,1.6642630931021425e-09,1.0,1.0,1.462707105077541e-07,27792,7.396748691343181e-08,512,224749,1.0,1.5441616268131934e-09,1.0,1.0,1.323732545047663e-07,9264,6.695870814325609e-08,6021.535497318131,7382.259146962999
11829.0,1.0,6.133753268621268e-10,1.0,1.0,1.8277297772211082e-07,27792,9.169317658098833e-08,48,224751,1.0,5.018525453196961e-10,1.0,1.0,1.687768685094252e-07,9264,8.46393605442463e-08,6021.574682745144,7383.254536492997
11842.055267702935,1.0,0.0,1.0,1.0,1.751508235938819e-07,27792,8.7575411829666e-08,512,224999,1.0,0.0,1.0,1.0,1.6021963853740834e-07,9264,8.010981926870417e-08,6027.817052175189,7390.036671070004
11842.165803108808,1.0,1.977384741714337e-09,1.0,1.0,1.73954097689428e-07,27792,8.796574135158467e-08,512,225001,1.0,1.8401259499066424e-09,1.0,1.0,1.5745301544328882e-07,9264,7.964657078326799e-08,6027.8617974631925,7391.052844920996
11855.221070811744,1.0,3.4743637686035947e-10,1.0,1.0,1.7744561852788584e-07,27792,8.889652746438933e-08,512,225249,1.0,2.0588822376023398e-10,1.0,1.0,1.6369400264451173e-07,9264,8.194994539195133e-08,6034.130426722193,7397.859716439998
11855.331606217616,1.0,3.200703819069658e-08,1.0,1.0,1.5876555187784601e-07,27792,9.538629602420418e-08,512,225251,1.0,3.22215052398188e-08,1.0,1.0,1.4304083881366068e-07,9264,8.763117321097763e-08,6034.175062099188,7398.862345139001
11868.386873920552,1.0,0.0,1.0,1.0,1.649207507426138e-07,27792,8.24603753713069e-08,512,225499,1.0,0.0,1.0,1.0,1.491145418218611e-07,9264,7.455727091093056e-08,6040.428776678149,7405.65550655
11868.497409326425,1.0,0.0,1.0,1.0,1.6018532232579484e-07,27792,8.009266119562247e-08,512,225501,1.0,0.0,1.0,1.0,1.438257877193815e-07,9264,7.191289385969076e-08,6040.473803612149,7406.659235401996
11881.552677029362,1.0,4.289338026962935e-12,1.0,1.0,1.6877686533509496e-07,27792,8.43905773366888e-08,512,225749,1.0,1.2868014080888805e-11,1.0,1.0,1.5762029806550868e-07,9264,7.881658304017829e-08,6046.727650779183,7413.452218705992
11881.663212435233,1.0,0.0,1.0,1.0,1.4972362625446656e-07,27792,7.486181315995833e-08,512,225751,1.0,0.0,1.0,1.0,1.3591195858793392e-07,9264,6.795597929396696e-08,6046.7726509561835,7414.455065354996
11894.71848013817,1.0,4.443753949473037e-09,1.0,1.0,1.5921164148843668e-07,27792,8.18276980073444e-08,512,225999,1.0,3.9890841825310875e-09,1.0,1.0,1.4584606605049901e-07,9264,7.491757532667126e-08,6053.004204501114,7421.224726285989
11894.82901554404,1.0,4.593880756639943e-09,1.0,1.0,1.5132354891028573e-07,27792,7.79587151382149e-08,512,226001,1.0,4.13063234739178e-09,1.0,1.0,1.3785502882996413e-07,9264,7.099283079806717e-08,6053.04885031411,7422.226321572001
11907.884283246978,1.0,3.9860813951820537e-08,1.0,1.0,1.4915314478647798e-07,27792,9.450697696385779e-08,512,226249,1.0,4.004525551842667e-08,1.0,1.0,1.3707007992424333e-07,9264,8.855766478221608e-08,6059.28417689319,7428.99887787801
11907.994818652849,1.0,0.0,1.0,1.0,1.3281076645326838e-07,27792,6.640538325935924e-08,512,226251,1.0,1.2868014080888805e-11,1.0,1.0,1.1694450470215547e-07,9264,5.847868638304547e-08,6059.328735438183,7430.000504254
11921.0,1.0,0.0,1.0,1.0,1.1842861578066961e-07,27792,5.9214307890334805e-08,48,226499,1.0,0.0,1.0,1.0,1.0266100827009374e-07,9264,5.133050411050308e-08,6065.660107595213,7436.871830361997
11921.110535405873,1.0,0.0,1.0,1.0,1.3379302544359091e-07,27792,6.689651275452051e-08,512,226501,1.0,0.0,1.0,1.0,1.1897765104812087e-07,9264,5.9488825524060434e-08,6065.705299281224,7437.874115020008
11934.165803108808,1.0,6.133753268621268e-10,1.0,1.0,1.444777660584141e-07,27792,7.254557074913996e-08,512,226749,1.0,5.404565844943887e-10,1.0,1.0,1.33171071425335e-07,9264,6.685576402447302e-08,6071.980368276301,7444.688944007008
11934.27633851468,1.0,8.57867605392587e-12,1.0,1.0,1.321330515282141e-07,27792,6.607081513511474e-08,512,226751,1.0,1.2868014080888805e-11,1.0,1.0,1.1949237164203614e-07,9264,5.975261982844202e-08,6072.025094736309,7445.688867379009
11947.331606217616,1.0,0.0,1.0,1.0,1.2570762284628833e-07,27792,6.285381142314417e-08,512,226999,1.0,0.0,1.0,1.0,1.1374036905412036e-07,9264,5.687018452706018e-08,6078.321772586372,7452.523533500003
11947.442141623489,1.0,0.0,1.0,1.0,1.1941516358567391e-07,27792,5.970758179283696e-08,512,227001,1.0,0.0,1.0,1.0,1.0752511783350565e-07,9264,5.3762558916752826e-08,6078.366415589378,7453.523287527991
11960.497409326425,1.0,0.0,1.0,1.0,1.4367136993767927e-07,27792,7.183568500156469e-08,512,227249,1.0,0.0,1.0,1.0,1.3409756849438251e-07,9264,6.704878424719126e-08,6084.679002225341,7460.373198953996
11960.607944732297,1.0,0.0,1.0,1.0,1.1783239775938439e-07,27792,5.8916198879692195e-08,512,227251,1.0,0.0,1.0,1.0,1.0555631156177967e-07,9264,5.2778155780889836e-08,6084.723648577339,7461.373231188001
11973.663212435233,1.0,2.57274474685309e-08,1.0,1.0,1.1643836281753049e-07,27792,7.108290691836488e-08,512,227499,1.0,2.5028285332553264e-08,1.0,1.0,1.0461694652697184e-07,9264,6.482261770305141e-08,6091.070442288343,7468.258195923991
11973.773747841105,1.0,8.57867605392587e-12,1.0,1.0,1.2880452508634534e-07,27792,6.44065518814553e-08,512,227501,1.0,1.2868014080888805e-11,1.0,1.0,1.1908059516690392e-07,9264,5.9546731590875904e-08,6091.115201053333,7469.259065097998
11986.82901554404,1.0,1.97738473506706e-09,1.0,1.0,1.2058186353309847e-07,27792,6.127962427341991e-08,512,227749,1.0,1.8915979855213744e-09,1.0,1.0,1.1111529402515239e-07,9264,5.650344607935175e-08,6097.41908531831,7476.101429135
11986.939550949914,1.0,1.0723345016274441e-10,1.0,1.0,1.1037752782417794e-07,27792,5.524238064062181e-08,512,227751,1.0,1.158121259610058e-10,1.0,1.0,9.78998427763773e-08,9264,4.900782745500412e-08,6097.463914279302,7477.103439623999
11999.994818652849,1.0,0.0,1.0,1.0,1.1918353925296193e-07,27792,5.9591769659206016e-08,512,227999,1.0,0.0,1.0,1.0,1.0957113224340651e-07,9264,5.4785566121703255e-08,6103.8425863663,7484.021587816009
12000.055267702935,1.0,0.0,1.0,1.0,1.1118821275959452e-07,27792,5.559410637979726e-08,512,228001,1.0,0.0,1.0,1.0,9.984291301840753e-08,9264,4.992145650920376e-08,6103.8818906032975,7485.019308304007
12013.110535405873,1.0,6.536950704144678e-09,1.0,1.0,1.0695463587464126e-07,27792,5.674579370868272e-08,512,228249,1.0,6.292458521232735e-09,1.0,1.0,9.539058066644156e-08,9264,5.08415199389842e-08,6110.176626207336,7491.852887735993
12013.221070811744,1.0,1.720024488730983e-09,1.0,1.0,1.1585072340736042e-07,27792,5.8785374062072063e-08,512,228251,1.0,1.4798215571757428e-09,1.0,1.0,1.0775674214985512e-07,9264,5.461828192868079e-08,6110.221636472335,7492.858949597998
12026.27633851468,1.0,0.0,1.0,1.0,1.2786516000244992e-07,27792,6.393258000122496e-08,512,228499,1.0,0.0,1.0,1.0,1.2133249776528333e-07,9264,6.066624888264166e-08,6116.549340239282,7499.72653269599
12026.386873920552,1.0,0.0,1.0,1.0,8.407530887851222e-08,27792,4.203765443925611e-08,512,228501,1.0,0.0,1.0,1.0,7.17005716147007e-08,9264,3.585028580735035e-08,6116.593932150296,7500.7284652009985
12039.442141623489,1.0,0.0,1.0,1.0,1.1375752639088835e-07,27792,5.6878763195444174e-08,512,228749,1.0,0.0,1.0,1.0,1.0668869691748088e-07,9264,5.3344348434196655e-08,6123.0265299303355,7507.701692224
12039.552677029362,1.0,0.0,1.0,1.0,1.0387489098771478e-07,27792,5.193744549385739e-08,512,228751,1.0,0.0,1.0,1.0,9.479865355424157e-08,9264,4.7399326777120785e-08,6123.071543429331,7508.7053594419995
12052.607944732297,1.0,2.813805584107731e-09,1.0,1.0,1.0607532146125253e-07,27792,5.444456372005311e-08,512,228999,1.0,2.869567015785264e-09,1.0,1.0,9.953408144745965e-08,9264,5.12018243792687e-08,6129.721722082395,7515.898940086001
12052.71848013817,1.0,8.57867605392587e-12,1.0,1.0,1.0362610936732238e-07,27792,5.181734402194382e-08,512,229001,1.0,0.0,1.0,1.0,9.632994810654085e-08,9264,4.8164974053270425e-08,6129.779451358394,7516.959557600989
12065.773747841105,1.0,0.0,1.0,1.0,8.763116952940906e-08,27792,4.381558476470453e-08,512,229249,1.0,0.0,1.0,1.0,7.490470731182338e-08,9264,3.745235365591169e-08,6137.1233662624145,7524.856554669008
12065.884283246978,1.0,0.0,1.0,1.0,1.0570214909611406e-07,27792,5.285107454805703e-08,512,229251,1.0,0.0,1.0,1.0,9.83244896225613e-08,9264,4.916224481128065e-08,6137.175100509427,7525.868064378999
12078.939550949914,1.0,0.0,1.0,1.0,8.589399066655014e-08,27792,4.294699533327507e-08,512,229499,1.0,0.0,1.0,1.0,7.550950400967385e-08,9264,3.7754752004836925e-08,6143.555949760346,7532.801889185997
12079.0,1.0,2.494249856281008e-08,1.0,1.0,9.84360100453432e-08,27792,6.168925607941083e-08,48,229501,1.0,2.4217600397136682e-08,1.0,1.0,9.120848055328761e-08,9264,5.771303949959647e-08,6143.595265994358,7533.796420619008
12092.055267702935,1.0,0.0,1.0,1.0,8.839467357631976e-08,27792,4.419733678815988e-08,512,229749,1.0,0.0,1.0,1.0,7.934417164894147e-08,9264,3.967208582447073e-08,6149.871329750291,7540.6097669159935
12092.165803108808,1.0,0.0,1.0,1.0,1.0513166710452461e-07,27792,5.2565833552262304e-08,512,229751,1.0,0.0,1.0,1.0,9.936679725443718e-08,9264,4.968339862721859e-08,6149.916015710303,7541.609560129
12105.221070811744,1.0,8.921822881324738e-10,1.0,1.0,9.395365232539885e-08,27792,4.742291734409267e-08,512,229999,1.0,7.849488382253939e-10,1.0,1.0,8.525059124952071e-08,9264,4.3017770077620764e-08,6156.225190543293,7548.457334086997
12105.331606217616,1.0,1.7843645430285646e-09,1.0,1.0,9.841027427744787e-08,27792,5.009731950151044e-08,512,230001,1.0,1.6599737435702777e-09,1.0,1.0,9.187761653997619e-08,9264,4.67687952276765e-08,6156.269868373289,7549.469145203999
12118.386873920552,1.0,1.0680451357330524e-09,1.0,1.0,9.414667333351838e-08,27792,4.76073592829463e-08,512,230249,1.0,9.779690425357848e-10,1.0,1.0,8.593259446565588e-08,9264,4.345528179704746e-08,6162.589312708253,7556.326671967996
12118.497409326425,1.0,2.779490908015121e-09,1.0,1.0,9.253388371005307e-08,27792,4.7656687458597816e-08,512,230251,1.0,2.6122067433714095e-09,1.0,1.0,8.398952500902696e-08,9264,4.330086601157353e-08,6162.6339853152385,7557.327743185
12131.552677029362,1.0,0.0,1.0,1.0,8.735665292652264e-08,27792,4.367832646326132e-08,512,230499,1.0,0.0,1.0,1.0,7.875224375134018e-08,9264,3.937612187567009e-08,6168.952027586274,7564.184084198991
12131.663212435233,1.0,0.0,1.0,1.0,9.457560768538198e-08,27792,4.728780384269099e-08,512,230501,1.0,0.0,1.0,1.0,8.863487836911245e-08,9264,4.431743918455623e-08,6168.9967473432625,7565.184503978002
12144.71848013817,1.0,0.0,1.0,1.0,1.0454402828340552e-07,27792,5.227201414170276e-08,512,230749,1.0,0.0,1.0,1.0,1.0121979296333482e-07,9264,5.060989648166741e-08,6175.320097137308,7572.046816237998
12144.82901554404,1.0,1.4154815463411237e-10,1.0,1.0,8.091835852050276e-08,27792,4.052995334191474e-08,512,230751,1.0,7.720808371833938e-11,1.0,1.0,7.168770359985282e-08,9264,3.5882455844470057e-08,6175.364830335297,7573.048963990994
12157.884283246978,1.0,0.0,1.0,1.0,9.189477256774201e-08,27792,4.594738628387101e-08,512,230999,1.0,0.0,1.0,1.0,8.428548935052824e-08,9264,4.214274467526412e-08,6181.650868934354,7579.873482166004
12157.994818652849,1.0,0.0,1.0,1.0,1.0073938548851542e-07,27792,5.036969274425771e-08,512,231001,1.0,0.0,1.0,1.0,9.550639515627639e-08,9264,4.775319757813819e-08,6181.695617746358,7580.874759314989
12171.0,1.0,0.0,1.0,1.0,9.489302028909901e-08,27792,4.7446510144549505e-08,48,231249,1.0,0.0,1.0,1.0,8.869921844335187e-08,9264,4.4349609221675935e-08,6187.90496505738,7587.621929096989
12171.110535405873,1.0,0.0,1.0,1.0,8.786708549115746e-08,27792,4.3933542761941256e-08,512,231251,1.0,0.0,1.0,1.0,7.976881692432288e-08,9264,3.988440846216144e-08,6187.949914763369,7588.624224209998
12184.165803108808,1.0,0.0,1.0,1.0,8.635723972467477e-08,27792,4.3178619862337383e-08,512,231499,1.0,0.0,1.0,1.0,7.893239595921052e-08,9264,3.946619797960526e-08,6194.2372765684195,7595.450323507001
12184.27633851468,1.0,0.0,1.0,1.0,9.749235771756863e-08,27792,4.8746178858784314e-08,512,231501,1.0,0.0,1.0,1.0,9.258535657120842e-08,9264,4.629267828560421e-08,6194.282403082427,7596.4541216729995
12197.331606217616,1.0,5.9197150537204295e-08,1.0,1.0,9.65015205742817e-08,27792,7.784933305227636e-08,512,231749,1.0,5.896123693984105e-08,1.0,1.0,9.096398827117784e-08,9264,7.496261180783626e-08,6200.506332827303,7603.216051833995
12197.442141623489,1.0,0.0,1.0,1.0,8.737810249774052e-08,27792,4.368905126523279e-08,512,231751,1.0,0.0,1.0,1.0,7.978168493917075e-08,9264,3.989084246958538e-08,6200.550944845309,7604.218947557994
12210.497409326425,1.0,0.0,1.0,1.0,9.83802523128751e-08,27792,4.919012615643755e-08,512,231999,1.0,0.0,1.0,1.0,9.255962368311784e-08,9264,4.627981184155892e-08,6206.726945078262,7610.932009306009
12210.607944732297,1.0,0.0,1.0,1.0,8.243249414886895e-08,27792,4.1216247090797e-08,512,232001,1.0,0.0,1.0,1.0,7.32189973667508e-08,9264,3.66094986833754e-08,6206.771644790271,7611.932899437001
12223.663212435233,1.0,2.2012880515775555e-08,1.0,1.0,8.922251717386902e-08,27792,5.561769774035171e-08,512,232249,1.0,2.1541053505127494e-08,1.0,1.0,8.136444998005897e-08,9264,5.14527506688024e-08,6212.921219177268,7618.617741237002
12223.773747841105,1.0,7.849488379697294e-10,1.0,1.0,9.110982549462421e-08,27792,4.5947387200172516e-08,512,232251,1.0,6.305326784586497e-10,1.0,1.0,8.321744490355532e-08,9264,4.192398881555077e-08,6212.965814115269,7619.617928285006
12236.82901554404,1.0,0.0,1.0,1.0,9.23794709352841e-08,27792,4.618973546764205e-08,512,232499,1.0,0.0,1.0,1.0,8.588112397706694e-08,9264,4.294056198853347e-08,6219.116309698293,7626.310892584996
12236.939550949914,1.0,0.0,1.0,1.0,8.873782299513385e-08,27792,4.4368911497566926e-08,512,232501,1.0,0.0,1.0,1.0,8.115856252789415e-08,9264,4.0579281263947076e-08,6219.161511805294,7627.314251236006
12249.994818652849,1.0,0.0,1.0,1.0,9.013614727527039e-08,27792,4.5068073637635196e-08,512,232749,1.0,0.0,1.0,1.0,8.289574453235826e-08,9264,4.144787226617913e-08,6225.343414144336,7634.03377437999
12250.055267702935,1.0,0.0,1.0,1.0,9.0457847384667e-08,27792,4.52289236923335e-08,512,232751,1.0,0.0,1.0,1.0,8.379650557171002e-08,9264,4.189825278585501e-08,6225.383383800341,7635.030586581008
12263.110535405873,1.0,5.271596092802703e-09,1.0,1.0,8.572670752072939e-08,27792,4.549915213503925e-08,512,232999,1.0,4.774032918746352e-09,1.0,1.0,7.761985844472654e-08,9264,4.1196945976645426e-08,6231.629623562367,7641.813878832996
12263.221070811744,1.0,1.4283495146580697e-09,1.0,1.0,8.319170889022208e-08,27792,4.231002926916851e-08,512,233001,1.0,1.0809131551828953e-09,1.0,1.0,7.581833636602301e-08,9264,3.844962480662256e-08,6231.674529822376,7642.816632914008
12276.27633851468,1.0,5.576139435051816e-11,1.0,1.0,9.154733904665394e-08,27792,4.580155022216405e-08,512,233249,1.0,5.147205555656177e-11,1.0,1.0,8.495462690801943e-08,9264,4.2503049483705476e-08,6237.972632900397,7649.6521973100025
12276.386873920552,1.0,1.9302020942368068e-10,1.0,1.0,8.028353750187563e-08,27792,4.023827886229693e-08,512,233251,1.0,1.286801400418946e-10,1.0,1.0,7.175204367409222e-08,9264,3.594036191128553e-08,6238.0174338234065,7650.652792688998
12289.442141623489,1.0,6.305326787143141e-10,1.0,1.0,9.186046100308617e-08,27792,4.624549686531621e-08,512,233499,1.0,3.474363748150436e-10,1.0,1.0,8.572670779889235e-08,9264,4.303707209989259e-08,6244.393739413361,7657.569826938008
12289.552677029362,1.0,8.750249347462996e-10,1.0,1.0,8.578675825668618e-08,27792,4.3330891633171085e-08,512,233501,1.0,5.790606190671206e-10,1.0,1.0,7.770993454866171e-08,9264,3.914449760840821e-08,6244.438973046359,7658.57648050299
12302.607944732297,1.0,4.207840386880163e-09,1.0,1.0,8.760972728860327e-08,27792,4.5908784071930384e-08,512,233749,1.0,3.873272026657337e-09,1.0,1.0,8.066957796367463e-08,9264,4.2271425216443595e-08,6250.785353788349,7665.461497851997
12302.71848013817,1.0,2.830963067115799e-10,1.0,1.0,9.500025584056816e-08,27792,4.764167608361078e-08,512,233751,1.0,1.9302021044633862e-10,1.0,1.0,8.898231555540657e-08,9264,4.45876678890624e-08,6250.83009833235,7666.462415429996
12315.773747841105,1.0,8.750248979817467e-09,1.0,1.0,8.92353859741182e-08,27792,4.8992818035339064e-08,512,233999,1.0,8.119716282950975e-09,1.0,1.0,8.196924746331074e-08,9264,4.504448241616222e-08,6257.17453171737,7673.345717008997
12315.884283246978,1.0,2.1446690134814675e-11,1.0,1.0,9.174893873133873e-08,27792,4.5885192711375934e-08,512,234001,1.0,0.0,1.0,1.0,8.463292653682236e-08,9264,4.231646326841118e-08,6257.219278636352,7674.348090779007
12328.939550949914,1.0,4.696824828380736e-09,1.0,1.0,8.810300092930498e-08,27792,4.639991317439101e-08,512,234249,1.0,4.207840410401296e-09,1.0,1.0,7.951145662736523e-08,9264,4.185964874131136e-08,6263.544887890355,7681.212128768006
12329.0,1.0,1.5441616845933668e-10,1.0,1.0,9.886494937141502e-08,27792,4.9509682774794804e-08,48,234251,1.0,1.0294411264711044e-10,1.0,1.0,9.402657659037512e-08,9264,4.706476035457909e-08,6263.584955732367,7682.2098077099945
12342.055267702935,1.0,3.2727647404652053e-09,1.0,1.0,8.042079632691972e-08,27792,4.184678071828222e-08,512,234499,1.0,3.0111151292573943e-09,1.0,1.0,7.077407454565317e-08,9264,3.689259501002881e-08,6269.908693636324,7689.0746140529955
12342.165803108808,1.0,1.3211160742105757e-09,1.0,1.0,9.595248893931144e-08,27792,4.863680256518034e-08,512,234501,1.0,1.0551771254871308e-09,1.0,1.0,9.01919089511075e-08,9264,4.5623543084316924e-08,6269.953549127313,7690.078252310996
12355.221070811744,1.0,0.0,1.0,1.0,8.70564023883439e-08,27792,4.352820119417195e-08,512,234749,1.0,0.0,1.0,1.0,8.023206545884664e-08,9264,4.011603272942332e-08,6276.231566068294,7696.894578752996
12355.331606217616,1.0,6.047966525978524e-10,1.0,1.0,1.041365442881611e-07,27792,5.237067049300578e-08,512,234751,1.0,2.5736027931679574e-10,1.0,1.0,9.97657119979319e-08,9264,5.0011536147444775e-08,6276.2762938822925,7697.898848295008
12368.386873920552,1.0,3.096901903602535e-09,1.0,1.0,8.261693752762495e-08,27792,4.285691988384098e-08,512,234999,1.0,2.5993387277565337e-09,1.0,1.0,7.350209369340421e-08,9264,3.8050716346338216e-08,6282.54870686731,7704.70974583301
12368.497409326425,1.0,3.5172571181934855e-10,1.0,1.0,9.361051076059773e-08,27792,4.698111824988659e-08,512,235001,1.0,1.6728418228456103e-10,1.0,1.0,8.644731663037377e-08,9264,4.3307300411698116e-08,6282.593447063315,7705.722357277991
12381.552677029362,1.0,3.1741100837063855e-10,1.0,1.0,8.893942215621777e-08,27792,4.4628416594566096e-08,512,235249,1.0,2.0588822222624707e-10,1.0,1.0,8.090120223093651e-08,9264,4.0553545234251313e-08,6288.862182399338,7712.529602021008
12381.663212435233,1.0,5.3530935038100965e-09,1.0,1.0,8.624571771472775e-08,27792,4.5799405962085914e-08,512,235251,1.0,4.967053090076025e-09,1.0,1.0,7.706653383081139e-08,9264,4.101679378104697e-08,6288.907127498351,7713.533660816989
12394.71848013817,1.0,9.007609831055715e-11,1.0,1.0,8.320886621062753e-08,27792,4.1649471173643884e-08,512,235499,1.0,2.573602816177761e-11,1.0,1.0,7.311605324796774e-08,9264,3.6570894638831755e-08,6295.247371479316,7720.413928805006
12394.82901554404,1.0,1.1152278844537183e-10,1.0,1.0,9.431825183903168e-08,27792,4.721488731719e-08,512,235501,1.0,9.007609779922818e-11,1.0,1.0,8.769551407061834e-08,9264,4.389279508727676e-08,6295.292053266312,7721.415603977002
12407.884283246978,1.0,0.0,1.0,1.0,9.820439075228954e-08,27792,4.910219537614477e-08,512,235749,1.0,0.0,1.0,1.0,9.334457258883866e-08,9264,4.667228629441933e-08,6301.535529937275,7728.194355909
12407.994818652849,1.0,0.0,1.0,1.0,9.260680638786421e-08,27792,4.630340321029463e-08,512,235751,1.0,0.0,1.0,1.0,8.738668171426917e-08,9264,4.3693340857134585e-08,6301.580408216272,7729.220246826997
12421.0,1.0,0.0,1.0,1.0,9.774543260325013e-08,27792,4.8872716301625063e-08,48,235999,1.0,0.0,1.0,1.0,9.228939537131231e-08,9264,4.614469768565616e-08,6307.588739278268,7735.764411206008
12421.110535405873,1.0,4.725134342008693e-08,1.0,1.0,8.792284898323507e-08,27792,6.758709618529848e-08,512,236001,1.0,4.646639452254738e-08,1.0,1.0,7.98974970728017e-08,9264,6.318194578540265e-08,6307.634004053274,7736.768046748999
12434.165803108808,1.0,3.860404224266642e-11,1.0,1.0,8.094409559740025e-08,27792,4.049134982097195e-08,512,236249,1.0,0.0,1.0,1.0,7.144321134228685e-08,9264,3.572160567114342e-08,6313.708901047292,7743.380010039997
12434.27633851468,1.0,1.424060174585791e-09,1.0,1.0,9.804568680663492e-08,27792,4.973487355823361e-08,512,236251,1.0,1.0165730748075365e-09,1.0,1.0,9.347325273731748e-08,9264,4.724491295515009e-08,6313.753941799296,7744.384092528999
12447.331606217616,1.0,0.0,1.0,1.0,8.706069202115201e-08,27792,4.3530346010576005e-08,512,236499,1.0,0.0,1.0,1.0,7.867503566225288e-08,9264,3.933751783112644e-08,6319.893042482268,7751.059088624999
12447.442141623489,1.0,0.0,1.0,1.0,9.56393685536818e-08,27792,4.78196842768409e-08,512,236501,1.0,0.0,1.0,1.0,8.978013247597527e-08,9264,4.489006623798763e-08,6319.937667840262,7752.059784495999
12460.497409326425,1.0,6.820047324812245e-10,1.0,1.0,9.637284540001109e-08,27792,4.852742509347442e-08,512,236749,1.0,5.275885596755916e-10,1.0,1.0,9.155591852498302e-08,9264,4.6041753566873094e-08,6326.121335689197,7758.779967498005
12460.607944732297,1.0,6.07370218802876e-09,1.0,1.0,9.218216163608367e-08,27792,4.912793232214205e-08,512,236751,1.0,5.764869863381981e-09,1.0,1.0,8.508330705649825e-08,9264,4.542408885417475e-08,6326.165944347194,7759.780535936996
12473.663212435233,1.0,5.319636627980853e-08,1.0,1.0,9.24180755034286e-08,27792,7.280722087525605e-08,512,236999,1.0,5.265590966437874e-08,1.0,1.0,8.5765311843436e-08,9264,6.921061074163548e-08,6332.4045819662715,7766.557507853999
12473.773747841105,1.0,0.0,1.0,1.0,8.95227721626551e-08,27792,4.476138608132755e-08,512,237001,1.0,0.0,1.0,1.0,8.245823202753027e-08,9264,4.1229116013765134e-08,6332.449280882276,7767.559212879001
12486.82901554404,1.0,6.648473813960307e-10,1.0,1.0,8.689340779540449e-08,27792,4.377912761460587e-08,512,237249,1.0,5.14720550963657e-10,1.0,1.0,7.909968017677679e-08,9264,3.980720038534604e-08,6338.728384074195,7774.377478754992
12486.939550949914,1.0,6.399691930233497e-09,1.0,1.0,8.860914284665502e-08,27792,4.7504417782167565e-08,512,237251,1.0,5.945022071252333e-09,1.0,1.0,7.897100000375417e-08,9264,4.245801143173789e-08,6338.773027333205,7775.378189401992
12499.994818652849,1.0,1.6599737594214759e-09,1.0,1.0,8.799576668683801e-08,27792,4.482787030110741e-08,512,237499,1.0,1.3640094572925144e-09,1.0,1.0,7.872650772164441e-08,9264,4.0045258647759965e-08,6345.0191531191085,7782.161935017997
12500.055267702935,1.0,3.0025366188740546e-11,1.0,1.0,9.297997750945064e-08,27792,4.6505001438714517e-08,512,237501,1.0,0.0,1.0,1.0,8.625429640765553e-08,9264,4.3127148203827766e-08,6345.059442369107,7783.157599286991
12513.110535405873,1.0,1.0508877869488388e-09,1.0,1.0,8.386942404435173e-08,27792,4.2460155961797723e-08,512,237749,1.0,8.621569227107267e-10,1.0,1.0,7.550950400967385e-08,9264,3.818583050224098e-08,6351.291389180122,7789.925139234998
12513.221070811744,1.0,7.377661250420912e-10,1.0,1.0,8.968147689371101e-08,27792,4.520962155552399e-08,512,237751,1.0,4.761165102549775e-10,1.0,1.0,8.240675996813873e-08,9264,4.144143825875519e-08,6351.33604109312,7790.927298151
12526.27633851468,1.0,0.0,1.0,1.0,8.570955016759889e-08,27792,4.285477510016197e-08,512,237999,1.0,0.0,1.0,1.0,7.665475733113537e-08,9264,3.8327378665567684e-08,6357.66852775203,7797.796469594992
12526.386873920552,1.0,0.0,1.0,1.0,1.0198329673208257e-07,27792,5.099164836604128e-08,512,238001,1.0,0.0,1.0,1.0,9.782263939969779e-08,9264,4.8911319699848895e-08,6357.713169363029,7798.798051655991
12539.442141623489,1.0,0.0,1.0,1.0,7.629874223731476e-08,27792,3.8149371135019906e-08,512,238249,1.0,0.0,1.0,1.0,6.571694471043545e-08,9264,3.2858472355217726e-08,6364.052007077058,7805.674484251998
12539.552677029362,1.0,0.0,1.0,1.0,9.702053390988523e-08,27792,4.8510266954942616e-08,512,238251,1.0,0.0,1.0,1.0,9.291992574265465e-08,9264,4.645996287132732e-08,6364.096638916053,7806.6742082400015
12552.607944732297,1.0,4.955864781884771e-06,0.9994242947610823,0.9994242947610823,0.0020754555013139608,27792,0.0010402056914805148,512,238499,1.0,1.276650296334213e-06,1.0,1.0,3.453676340219264e-05,9264,1.790670661482114e-05,6370.428742963086,7813.542598778004
12552.71848013817,1.0,4.810306744906495e-06,0.9994242947610823,0.9994242947610823,0.002064386427904617,27792,0.0010345983684416024,512,238501,1.0,1.2739997617368059e-06,1.0,1.0,3.402970194119304e-05,9264,1.7651850981448835e-05,6370.473350039094,7814.542720739992
12565.773747841105,1.0,2.220152599600139e-08,0.9997481289579735,0.9997481289579735,0.0010422819210544134,27792,0.0005211520570453439,512,238749,1.0,1.778359376780077e-08,1.0,1.0,3.8689516248187094e-06,9264,1.943367610669241e-06,6376.76704517904,7821.372839310003
12565.884283246978,1.0,2.0691683436573995e-08,0.9997481289579735,0.9997481289579735,0.0010562527376176414,27792,0.0005281366996800743,512,238751,1.0,1.6316640271492516e-08,1.0,1.0,3.816888305906082e-06,9264,1.9166024743665987e-06,6376.811685286033,7822.373668866989
12578.939550949914,1.0,5.846299217014889e-09,0.9998200921128382,0.9998200921128382,0.00039104469073874767,27792,0.0001955252664088752,512,238999,1.0,1.7886538859131527e-09,1.0,1.0,5.31152740016976e-07,9264,2.664706970404158e-07,6383.104837750994,7829.204679108996
12579.0,1.0,5.61897185161375e-09,0.9998200921128382,0.9998200921128382,0.0003608003601759524,27792,0.00018040299174922048,48,239001,1.0,1.7757858710652704e-09,1.0,1.0,5.269577671765665e-07,9264,2.643667766127871e-07,6383.144165877005,7830.200419073997
12592.055267702935,1.0,1.6127910301313106e-09,1.0,1.0,1.334382547480936e-05,27792,6.672719133001813e-06,512,239249,1.0,1.4026134619525016e-09,1.0,1.0,2.1297848527650226e-07,9264,1.0719054944746072e-07,6389.485889669857,7837.08164781399
12592.165803108808,1.0,1.6599737471495804e-09,1.0,1.0,1.3230086759761282e-05,27792,6.6158733668383295e-06,512,239251,1.0,1.4540855213440308e-09,1.0,1.0,1.995314097604653e-07,9264,1.00492747719138e-07,6389.53048995186,7838.083403789002
12605.221070811744,1.0,1.5913443448541211e-09,1.0,1.0,5.216507475851765e-07,27792,2.616210460767407e-07,512,239499,1.0,1.4926895689556513e-09,1.0,1.0,1.4691411128287324e-07,9264,7.42034005026138e-08,6395.793316063944,7844.884381220007
12605.331606217616,1.0,1.432638838623486e-09,1.0,1.0,3.1263825644064036e-07,27792,1.5703544745171852e-07,512,239501,1.0,1.338273409188907e-09,1.0,1.0,1.7415568614941925e-07,9264,8.77469798467995e-08,6395.838070350939,7845.887102323992
12618.386873920552,1.0,1.985963436176106e-09,0.9994602763385146,0.9994602763385146,0.0015406345532511113,27792,0.0007703182610286916,512,239749,1.0,1.8915979970262763e-09,1.0,1.0,2.6446714498052802e-05,9264,1.322430304811772e-05,6402.102493774983,7852.688669594005
12618.497409326425,1.0,2.0545928446075125e-09,0.9994242947610823,0.9994242947610823,0.001534978492120061,27792,0.0007674902733565492,512,239751,1.0,1.930202041569923e-09,1.0,1.0,2.584904828892992e-05,9264,1.292548925186176e-05,6402.1472120449835,7853.690724735992
12631.552677029362,1.0,1.7457605209833924e-09,0.9996761658031088,0.9996761658031088,0.0012070114271142656,27792,0.0006035065821481351,512,239999,1.0,1.7757859002110217e-09,1.0,1.0,2.2733562809112765e-06,9264,1.137566033480142e-06,6408.416105404976,7860.496703682991
12631.663212435233,1.0,1.7243138295702554e-09,0.9996761658031088,0.9996761658031088,0.0011261967674973295,27792,0.0005630992437609904,512,240001,1.0,1.737181855667375e-09,1.0,1.0,2.2387029211302666e-06,9264,1.1202200515673654e-06,6408.46081594297,7861.510138414
12644.71848013817,1.0,3.0239831354126843e-09,0.999892055267703,0.999892055267703,0.0004813531580472646,27792,0.0002406780953047152,512,240249,1.0,2.908171035018127e-09,1.0,1.0,6.397458409379783e-07,9264,3.2132700614679983e-07,6414.7663807009885,7868.354298184
12644.82901554404,1.0,1.7886538869358107e-09,0.9999280368451353,0.9999280368451353,0.0004695988489739424,27792,0.00023480031023532657,512,240251,1.0,1.7371818564343683e-09,1.0,1.0,6.266719696612825e-07,9264,3.142045758328733e-07,6414.811115525983,7869.355490741
12657.884283246978,1.0,1.9430700364759754e-09,0.9999640184225677,0.9999640184225677,0.00019300720215227412,27792,9.650457475592721e-05,512,240499,1.0,1.943070045679897e-09,1.0,1.0,2.520457563634365e-07,9264,1.2699441330273336e-07,6421.063232065928,7876.146568344004
12657.994818652849,1.0,2.4277652204838986e-09,0.9999640184225677,0.9999640184225677,0.00019314241075844244,27792,9.657242140662434e-05,512,240501,1.0,2.5478666944427823e-09,1.0,1.0,2.460106605413849e-07,9264,1.242792637406328e-07,6421.107890969928,7877.148651048003
12671.0,1.0,1.95164871815452e-09,1.0,1.0,5.991963759043705e-07,27792,3.005740123787579e-07,48,240749,1.0,1.6857097886059114e-09,1.0,1.0,1.765620127799862e-07,9264,8.912386136252938e-08,6427.3627023498775,7883.941682236007
12671.110535405873,1.0,1.389745468069107e-09,1.0,1.0,5.186445941452655e-07,27792,2.600171698744184e-07,512,240751,1.0,1.0680451480049476e-09,1.0,1.0,1.657528818785677e-07,9264,8.341046355547096e-08,6427.407470935868,7884.942606983008
12684.165803108808,1.0,4.375124547177578e-09,0.9998560736902706,0.9998560736902706,0.0007934305441839793,27792,0.0003967174489311681,512,240999,1.0,4.362256542556276e-09,1.0,1.0,3.813116884905369e-05,9264,1.906776555304356e-05,6433.6489204389145,7891.720141144004
12684.27633851468,1.0,4.362256532329696e-09,0.9998560736902706,0.9998560736902706,0.0007881536346870417,27792,0.000394078989893361,512,241001,1.0,4.336520512860511e-09,1.0,1.0,3.742755444286896e-05,9264,1.871594548193635e-05,6433.693737158908,7892.722524565994
12697.331606217616,1.0,4.24644443142381e-09,0.9999280368451353,0.9999280368451353,0.00032137959375406496,27792,0.00016069191795481326,512,241249,1.0,4.194972250591651e-09,1.0,1.0,4.565381666888492e-06,9264,2.284788319864451e-06,6439.948481084888,7899.514724909997
12697.442141623489,1.0,4.216419071626681e-09,0.9999280368451353,0.9999280368451353,0.00033015857723975317,27792,0.00016508139468497334,512,241251,1.0,4.130632176352239e-09,1.0,1.0,4.539012894345932e-06,9264,2.2715717635560514e-06,6439.993213507885,7900.516701282992
12710.497409326425,1.0,4.782611643120866e-09,0.9999640184225677,0.9999640184225677,7.277944211155889e-05,27792,3.6392112361872004e-05,512,241499,1.0,4.683956887675554e-09,1.0,1.0,8.356741592206084e-07,9264,4.2017905831261876e-07,6446.298447877933,7907.360336983998
12710.607944732297,1.0,4.786900981403493e-09,0.9999640184225677,0.9999640184225677,7.05542426169169e-05,27792,3.527951475922016e-05,512,241501,1.0,4.696824902523436e-09,1.0,1.0,8.275287246715301e-07,9264,4.1611277504550356e-07,6446.3431962679315,7908.362164926002
12723.663212435233,1.0,0.0,0.9972654001151411,0.9972654001151411,0.010390018071672596,27792,0.005195009035836298,512,241749,1.0,0.0,0.9987046632124352,0.9987046632124352,0.004946757424043714,9264,0.002473378712021857,6452.495843897872,7915.049594587996
12723.773747841105,1.0,0.0,0.9974093264248705,0.9974093264248705,0.010148436963455253,27792,0.005074218486016965,512,241751,1.0,0.0,0.9992443868739206,0.9992443868739206,0.00405741003961246,9264,0.00202870501980623,6452.540588121876,7916.052782376995
12736.82901554404,1.0,4.486647359911076e-09,0.9996761658031088,0.9996761658031088,0.0012734690596653544,27792,0.0006367367753012681,512,241999,1.0,4.426596616028693e-09,1.0,1.0,1.7804191199481965e-05,9264,8.904308898294818e-06,6458.883720374841,7922.932760875992
12736.939550949914,1.0,4.062002910837279e-09,0.9996761658031088,0.9996761658031088,0.0012613439146444312,27792,0.000630673981889885,512,242001,1.0,3.911876071200984e-09,1.0,1.0,1.7561143980359912e-05,9264,8.782527928436835e-06,6458.928468412843,7923.934221511008
12749.994818652849,1.0,3.2899220772331883e-09,0.9997121473805411,0.9997121473805411,0.0009354440914654636,27792,0.0004677236821152866,512,242249,1.0,3.1526633178948833e-09,1.0,1.0,2.4935198656346855e-06,9264,1.2483362646362084e-06,6465.151018512886,7930.694230402005
12750.055267702935,1.0,6.51979365269826e-10,0.9997121473805411,0.9997121473805411,0.0009377408217706824,27792,0.0004688707304410433,512,242251,1.0,5.404565852613821e-10,1.0,1.0,2.4583903107641743e-06,9264,1.2294653836938927e-06,6465.190213981899,7931.689410906998
12763.110535405873,1.0,7.776569320561259e-09,0.9998560736902706,0.9998560736902706,0.0007076807201620792,27792,0.00035384424836619276,512,242499,1.0,7.463447678340677e-09,1.0,1.0,5.808749316022939e-07,9264,2.9416919010703285e-07,6471.219173432932,7938.251228055
12763.221070811744,1.0,3.5858863778281624e-09,0.9997841105354058,0.9997841105354058,0.0007418677971122332,27792,0.0003709356872101805,512,242501,1.0,3.358551507140412e-09,1.0,1.0,5.77928162288989e-07,9264,2.906433570821431e-07,6471.264126798931,7939.254093809999
12776.27633851468,1.0,2.3891611800308835e-09,0.9999640184225677,0.9999640184225677,0.00017302285654783697,27792,8.65126228546302e-05,512,242749,1.0,2.2647703424785885e-09,1.0,1.0,3.535357829891232e-07,9264,1.779002768011752e-07,6477.257491699995,7945.779551671003
12776.386873920552,1.0,1.1564054304170081e-08,0.9999640184225677,0.9999640184225677,0.00017020273827781632,27792,8.510715116691314e-05,512,242751,1.0,1.1015019135916646e-08,1.0,1.0,3.4447670053621407e-07,9264,1.7774586062300062e-07,6477.302585821002,7946.782308540001
12789.442141623489,1.0,9.050502963330795e-10,1.0,1.0,2.9912483990966005e-07,27792,1.500149451436472e-07,512,242999,1.0,7.077407491381004e-10,1.0,1.0,2.6654803108823613e-07,9264,1.336278859524348e-07,6483.508049387994,7953.52732572399
12789.552677029362,1.0,8.750249352576286e-10,1.0,1.0,2.968473268148921e-07,27792,1.4886117591227407e-07,512,243001,1.0,6.562687020184665e-10,1.0,1.0,2.6225011412904346e-07,9264,1.3145319144314271e-07,6483.552850016997,7954.531862324002
12802.607944732297,1.0,3.903297568743243e-10,1.0,1.0,2.151317330289311e-07,27792,1.0776103147177521e-07,512,243249,1.0,3.8604041629071653e-10,1.0,1.0,1.991582451838897e-07,9264,9.977214281466308e-08,6489.8540687999775,7961.374228626999
12802.71848013817,1.0,9.029055865922456e-09,1.0,1.0,2.5528421926779084e-07,27792,1.3215663817636078e-07,512,243251,1.0,8.634436978109401e-09,1.0,1.0,2.434756804659832e-07,9264,1.2605505921445612e-07,6489.898975041979,7962.377485849996
12815.773747841105,1.0,0.0,1.0,1.0,2.2419081548184024e-07,27792,1.1209540780637022e-07,512,243499,1.0,0.0,1.0,1.0,2.1357041395950486e-07,9264,1.0678520697975243e-07,6496.208841791093,7969.226974215009
12815.884283246978,1.0,0.0,1.0,1.0,2.038808019861048e-07,27792,1.019404009930524e-07,512,243501,1.0,0.0,1.0,1.0,1.884005879126653e-07,9264,9.420029395633265e-08,6496.253499584091,7970.229445239995
12828.939550949914,1.0,0.0,1.0,1.0,1.868135322899424e-07,27792,9.34067661449712e-08,512,243749,1.0,0.0,1.0,1.0,1.725085927171359e-07,9264,8.625429635856795e-08,6502.549519837055,7977.065014854001
12829.0,1.0,0.0,1.0,1.0,1.8979462134916672e-07,27792,9.489731067458336e-08,48,243751,1.0,0.0,1.0,1.0,1.7460607913734072e-07,9264,8.730303961775793e-08,6502.589173272056,7978.061786371996
12842.055267702935,1.0,2.687699012827505e-08,1.0,1.0,1.43658503493634e-07,27792,8.526774861901375e-08,512,243999,1.0,2.591617835705714e-08,1.0,1.0,1.3097064088634714e-07,9264,7.8443411394991e-08,6508.9250840079985,7984.937116882997
12842.165803108808,1.0,4.289338026962935e-12,1.0,1.0,2.0913095989805374e-07,27792,1.0456762461816818e-07,512,244001,1.0,1.2868014080888805e-11,1.0,1.0,2.0336609232235756e-07,9264,1.0168948016860271e-07,6508.969779492989,7985.939753045008
12855.221070811744,1.0,3.903297558516664e-10,1.0,1.0,1.770381334854397e-07,27792,8.871423166730445e-08,512,244249,1.0,2.3162425115501812e-10,1.0,1.0,1.6449181956508042e-07,9264,8.236172191617115e-08,6515.30199445902,7992.812089949992
12855.331606217616,1.0,1.3725881609582046e-10,1.0,1.0,1.6440174290481932e-07,27792,8.226950089765675e-08,512,244251,1.0,5.147205555656177e-11,1.0,1.0,1.5025979514332263e-07,9264,7.515563360135708e-08,6515.34667281701,7993.814892791997
12868.386873920552,1.0,8.57867605392587e-12,1.0,1.0,1.7011943031196082e-07,27792,8.506400449426304e-08,512,244499,1.0,1.2868014080888805e-11,1.0,1.0,1.5773611176994224e-07,9264,7.887448989239505e-08,6521.636239487976,8000.644181734009
12868.497409326425,1.0,8.57867605392587e-12,1.0,1.0,1.6001803970357495e-07,27792,8.001330922279517e-08,512,244501,1.0,1.2868014080888805e-11,1.0,1.0,1.4598761421382574e-07,9264,7.30002411143368e-08,6521.68080219996,8001.645573732996
12881.552677029362,1.0,1.5270042747053416e-09,1.0,1.0,1.7259866836292033e-07,27792,8.706283642849289e-08,512,244749,1.0,1.235329321085587e-09,1.0,1.0,1.5955050186349362e-07,9264,8.039291564444516e-08,6527.977040229889,8008.481199677
12881.663212435233,1.0,8.16689913700541e-09,1.0,1.0,1.5595603582632592e-07,27792,8.206146799094932e-08,512,244751,1.0,7.270427502409043e-09,1.0,1.0,1.427577424870073e-07,9264,7.501408543803037e-08,6528.02168064288,8009.483222354989
12894.71848013817,1.0,0.0,1.0,1.0,1.4808510060130547e-07,27792,7.40425503333778e-08,512,244999,1.0,0.0,1.0,1.0,1.3422624864286135e-07,9264,6.711312432143067e-08,6534.318138379924,8016.319305048004
12894.82901554404,1.0,0.0,1.0,1.0,1.6293478921216073e-07,27792,8.146739463880542e-08,512,245001,1.0,0.0,1.0,1.0,1.498608866830383e-07,9264,7.493044334151915e-08,6534.362696625918,8017.332235618989
12907.884283246978,1.0,0.0,1.0,1.0,1.4020129683783627e-07,27792,7.010064845164319e-08,512,245249,1.0,0.0,1.0,1.0,1.2618373936293492e-07,9264,6.309186968146746e-08,6540.629758660958,8024.138983805999
12907.994818652849,1.0,0.0,1.0,1.0,1.7357234815307675e-07,27792,8.678617410926343e-08,512,245251,1.0,0.0,1.0,1.0,1.6069575518495516e-07,9264,8.034787759247758e-08,6540.674425164958,8025.140481123992
12921.0,1.0,5.8077632973411524e-09,0.99938831318365,0.99938831318365,0.0031347991823592472,27792,0.0015674024886276334,48,245499,1.0,5.661925746899904e-09,1.0,1.0,5.1898524630211605e-05,9264,2.5952093290938757e-05,6546.91520564098,8031.91842622601
12921.110535405873,1.0,4.774032918490688e-09,0.99938831318365,0.99938831318365,0.003088772303339525,27792,0.0015443885343971785,512,245501,1.0,4.323652521789426e-09,1.0,1.0,4.9159937876595154e-05,9264,2.4582130764792023e-05,6546.959993805984,8032.921471025009
12934.165803108808,1.0,2.8738564448287834e-10,0.9996761658031088,0.9996761658031088,0.0013806931222759501,27792,0.0006903467005414692,512,245749,1.0,2.444922644689135e-10,1.0,1.0,5.783173430044307e-06,9264,2.8917089611632084e-06,6553.252656816949,8039.751137515006
12934.27633851468,1.0,1.0766238176672613e-09,0.9996761658031088,0.9996761658031088,0.001348390521414076,27792,0.000674195790440316,512,245751,1.0,8.750249390925958e-10,1.0,1.0,5.729592027814596e-06,9264,2.865233526412126e-06,6553.297421992938,8040.753286478997
12947.331606217616,1.0,3.971926815083367e-09,0.999892055267703,0.999892055267703,0.0004417289350747877,27792,0.00022086645350101868,512,245999,1.0,3.2427393481986874e-09,1.0,1.0,7.31546100604409e-07,9264,3.6739442017303766e-07,6559.577654752953,8047.571751609998
12947.442141623489,1.0,5.194388036440463e-09,0.999892055267703,0.999892055267703,0.00044007984143457974,27792,0.00022004251362228171,512,246001,1.0,4.490936737054705e-09,1.0,1.0,7.226929378051179e-07,9264,3.635919374935144e-07,6559.62229821596,8048.5727154880005
12960.497409326425,1.0,4.846951893768772e-10,0.9999640184225677,0.9999640184225677,6.411146449207665e-05,27792,3.205597459365129e-05,512,246249,1.0,3.603043896629258e-10,1.0,1.0,2.2533177795966663e-07,9264,1.1284604118770367e-07,6565.880698258938,8055.368978454004
12960.607944732297,1.0,7.206087396467236e-09,0.9999640184225677,0.9999640184225677,7.024043822215621e-05,27792,3.5123822155235516e-05,512,246251,1.0,6.44687460123216e-09,1.0,1.0,2.2458543309848948e-07,9264,1.1551615348323795e-07,6565.925336243949,8056.370444840999
12973.663212435233,1.0,5.0485505982359225e-09,1.0,1.0,2.4382374937672046e-07,27792,1.244361502349614e-07,512,246499,1.0,4.387992571485046e-09,1.0,1.0,1.676830856765526e-07,9264,8.603553936984023e-08,6572.175210457004,8063.158422006993
12973.773747841105,1.0,4.255023122306276e-09,1.0,1.0,2.400486044873878e-07,27792,1.2215181377007667e-07,512,246501,1.0,3.731723863330632e-09,1.0,1.0,1.6607458539136995e-07,9264,8.490315479954032e-08,6572.219926098005,8064.1594771959935
12986.82901554404,1.0,2.916749822541768e-10,1.0,1.0,1.4512545613909084e-07,27792,7.270856560387981e-08,512,246749,1.0,2.3162425038802467e-10,1.0,1.0,1.2958089533186342e-07,9264,6.490625979956265e-08,6578.507771256052,8070.985882023
12986.939550949914,1.0,0.0,1.0,1.0,1.9633156922668488e-07,27792,9.816578461334244e-08,512,246751,1.0,0.0,1.0,1.0,1.8170922333337172e-07,9264,9.085461166668586e-08,6578.552363254043,8071.987732481008
12999.994818652849,1.0,1.7157352056718844e-10,1.0,1.0,1.8098003431997256e-07,27792,9.057580392563884e-08,512,246999,1.0,2.0588822452722743e-10,1.0,1.0,1.6763161508978852e-07,9264,8.391875166367732e-08,6584.813629538068,8078.7867752739985
13000.055267702935,1.0,4.1194798288617875e-08,1.0,1.0,1.7178798290390286e-07,27792,1.0649138838731922e-07,512,247001,1.0,3.967208346826684e-08,1.0,1.0,1.585596647202067e-07,9264,9.911587175030477e-08,6584.853012527063,8079.78184489999
13013.110535405873,1.0,0.0,1.0,1.0,1.9381373131998863e-07,27792,9.690686565999432e-08,512,247249,1.0,0.0,1.0,1.0,1.842570902732524e-07,9264,9.21285451366262e-08,6591.142818470107,8086.608864417009
13013.221070811744,1.0,0.0,1.0,1.0,1.471800502236711e-07,27792,7.35900251445606e-08,512,247251,1.0,0.0,1.0,1.0,1.3350563981137995e-07,9264,6.675281990568997e-08,6591.187573045099,8087.609140731001
13026.27633851468,1.0,1.2910907023972165e-09,1.0,1.0,1.4701705536893125e-07,27792,7.41540731287261e-08,512,247499,1.0,1.0809131613188429e-09,1.0,1.0,1.3242472656415783e-07,9264,6.675281990568997e-08,6597.500872006058,8094.460301846993
13026.386873920552,1.0,2.573602816177761e-11,1.0,1.0,1.7808044164091643e-07,27792,8.905308883530609e-08,512,247501,1.0,1.2868014080888805e-11,1.0,1.0,1.6583009310926017e-07,9264,8.292148056205403e-08,6597.5454756670515,8095.461469836009
13039.442141623489,1.0,7.236112811487893e-09,1.0,1.0,1.8842203466952855e-07,27792,9.78290741761605e-08,512,247749,1.0,6.562686737164081e-09,1.0,1.0,1.7865950381442362e-07,9264,9.261109574250937e-08,6603.899867548993,8102.354274718004
13039.552677029362,1.0,2.178983640997826e-09,1.0,1.0,1.3419622324215789e-07,27792,6.818760357759136e-08,512,247751,1.0,1.6599737619781206e-09,1.0,1.0,1.2215605076463535e-07,9264,6.19080123154623e-08,6603.9445806849835,8103.355286343998
13052.607944732297,1.0,4.0705815618360855e-09,1.0,1.0,1.340074924231724e-07,27792,6.903903722669291e-08,512,247999,1.0,3.474363640771352e-09,1.0,1.0,1.2085638121591168e-07,9264,6.216537261241994e-08,6610.280065669962,8110.228593831998
13052.71848013817,1.0,4.718271829659229e-11,1.0,1.0,1.6178953589069922e-07,27792,8.091835930590406e-08,512,248001,1.0,2.573602816177761e-11,1.0,1.0,1.486255572576416e-07,9264,7.432564664366867e-08,6610.3247967519565,8111.229303194006
13065.773747841105,1.0,1.4712428898144094e-09,0.9998200921128382,0.9998200921128382,0.0005668770723545116,27792,0.0002834392717987713,512,248249,1.0,1.0037050691635756e-09,1.0,1.0,1.549170367497732e-05,9264,7.746353690067727e-06,6616.679586637052,8118.122047792
13065.884283246978,1.0,8.793142702166177e-10,0.9998200921128382,0.9998200921128382,0.0005618441459148046,27792,0.00028092251261457624,512,248251,1.0,6.047966456949113e-10,1.0,1.0,1.5131572851772857e-05,9264,7.566088824235354e-06,6616.724384336056,8119.123910355993
13078.939550949914,1.0,1.629948391954413e-09,0.9999280368451353,0.9999280368451353,0.0003006907689008995,27792,0.00015034619513538516,512,248499,1.0,1.3897454931242267e-09,1.0,1.0,2.0980171119340952e-06,9264,1.0497034287688334e-06,6623.037472874057,8125.973924489997
13079.0,1.0,9.882634090080782e-09,0.9999280368451353,0.9999280368451353,0.00029970501903010235,27792,0.00014985745083275276,48,248501,1.0,8.956137152956133e-09,1.0,1.0,2.071959734512316e-06,9264,1.0404579360305204e-06,6623.076743059071,8126.969409326994
13092.055267702935,1.0,1.3296947806885754e-10,1.0,1.0,1.9609586104546757e-05,27792,9.804859537016759e-06,512,248749,1.0,1.0294411188011699e-10,1.0,1.0,4.810190234812912e-07,9264,2.405609838000371e-07,6629.4374739800405,8133.870826213999
13092.165803108808,1.0,3.1912673294578114e-09,1.0,1.0,1.8468633326426364e-05,27792,9.23591229705432e-06,512,248751,1.0,2.933907114568466e-09,1.0,1.0,4.7652809258259064e-07,9264,2.3973099998395393e-07,6629.482167232047,8134.872002880991
13105.221070811744,1.0,2.4835266273619764e-09,1.0,1.0,2.936412538600206e-06,27792,1.4694480327329239e-06,512,248999,1.0,2.0074101068804195e-09,1.0,1.0,1.98141664156894e-07,9264,1.0007453723658182e-07,6635.757962201977,8141.685956942005
13105.331606217616,1.0,1.8101005763036318e-09,1.0,1.0,2.62545689814713e-06,27792,1.3136334994511993e-06,512,249001,1.0,1.5184256162922653e-09,1.0,1.0,1.9644308619697357e-07,9264,9.898075597451183e-08,6635.802618265974,8142.69042936599
13118.386873920552,1.0,1.998831438240764e-09,1.0,1.0,1.8415838215091388e-07,27792,9.307860689530914e-08,512,249249,1.0,1.6599737673470749e-09,1.0,1.0,1.611075300892848e-07,9264,8.138375200233079e-08,6642.183276539989,8149.6128144910035
13118.497409326425,1.0,2.6293640921556227e-09,1.0,1.0,1.8400823855579428e-07,27792,9.331880146152244e-08,512,249251,1.0,2.239034361870405e-09,1.0,1.0,1.6072148964384833e-07,9264,8.148026211368991e-08,6642.228031300991,8150.618767840002
13131.552677029362,1.0,0.0,1.0,1.0,1.5142220421438702e-07,27792,7.571110213991856e-08,512,249499,1.0,0.0,1.0,1.0,1.3522995380099617e-07,9264,6.761497690049808e-08,6648.592794637945,8157.52398379799
13131.663212435233,1.0,0.0,1.0,1.0,1.4816659645787281e-07,27792,7.408329826166146e-08,512,249501,1.0,0.0,1.0,1.0,1.3144675743571877e-07,9264,6.572337871785938e-08,6648.637823461948,8158.526781806999
13144.71848013817,1.0,0.0,1.0,1.0,1.8910832984195067e-07,27792,9.455416492097534e-08,512,249749,1.0,0.0,1.0,1.0,1.7810617927413984e-07,9264,8.905308963706992e-08,6655.010086711925,8165.438706476998
13144.82901554404,1.0,0.0,1.0,1.0,1.5186829591938113e-07,27792,7.593414799241562e-08,512,249751,1.0,0.0,1.0,1.0,1.350369336273655e-07,9264,6.751846678913897e-08,6655.054949538935,8166.4420881609985
13157.884283246978,1.0,1.5501666712631207e-08,1.0,1.0,1.6346237782092393e-07,27792,8.948202321989475e-08,512,249999,1.0,1.4553723013530021e-08,1.0,1.0,1.4760898408465888e-07,9264,8.108135443880686e-08,6661.253141704903,8173.177931362006
13157.994818652849,1.0,8.364208899469884e-10,1.0,1.0,1.5787765990054387e-07,27792,7.935704046555317e-08,512,250001,1.0,7.33476784202819e-10,1.0,1.0,1.4217868181885258e-07,9264,7.145607933259094e-08,6661.297867805908,8174.191169561003
13171.0,1.0,1.1422506136752745e-08,1.0,1.0,1.6939024280391414e-07,27792,9.040637535800053e-08,48,250249,1.0,1.0538902684720166e-08,1.0,1.0,1.563077621218273e-07,9264,8.342333314112143e-08,6667.601911928927,8181.034643685009
13171.110535405873,1.0,2.886724334912397e-09,1.0,1.0,1.4737307044638932e-07,27792,7.512989758802385e-08,512,250251,1.0,2.5349986542841156e-09,1.0,1.0,1.32952315172921e-07,9264,6.77436570489769e-08,6667.646894224919,8182.037036836002
13184.165803108808,1.0,0.0,1.0,1.0,1.5189403247267777e-07,27792,7.594701626906394e-08,512,250499,1.0,0.0,1.0,1.0,1.3840835346842308e-07,9264,6.920417673421154e-08,6673.994142162948,8188.923715972996
13184.27633851468,1.0,1.4866844581352239e-08,1.0,1.0,1.3378873558170742e-07,27792,7.432779106737209e-08,512,250501,1.0,1.387171823272821e-08,1.0,1.0,1.1999422427019115e-07,9264,6.693297213810412e-08,6674.03891131196,8189.925737782003
13197.331606217616,1.0,9.651010256425868e-10,1.0,1.0,1.398109665305163e-07,27792,7.03880338547788e-08,512,250749,1.0,9.52233018975968e-10,1.0,1.0,1.2718744452106974e-07,9264,6.406983883445031e-08,6680.362776541937,8196.794776445997
13197.442141623489,1.0,1.1581212647233476e-10,1.0,1.0,1.3616502899028302e-07,27792,6.814042059468203e-08,512,250751,1.0,9.007609856622163e-11,1.0,1.0,1.230182077103559e-07,9264,6.155414193168933e-08,6680.407551985947,8197.797501462002
13210.497409326425,1.0,2.9639324086598217e-09,1.0,1.0,1.4646802006875494e-07,27792,7.47159764437503e-08,512,250999,1.0,2.67654679306703e-09,1.0,1.0,1.3305525934079165e-07,9264,6.786590319003179e-08,6686.749732355973,8204.679362805007
13210.607944732297,1.0,0.0,1.0,1.0,1.3749472438149838e-07,27792,6.874736222347424e-08,512,251001,1.0,0.0,1.0,1.0,1.2288952761096464e-07,9264,6.144476378093854e-08,6686.7943781539725,8205.681015615992
13223.663212435233,1.0,0.0,1.0,1.0,1.300827478291182e-07,27792,6.504137394728415e-08,512,251249,1.0,0.0,1.0,1.0,1.1536173887586595e-07,9264,5.7680869437932974e-08,6693.647591393041,8213.086710856995
13223.773747841105,1.0,0.0,1.0,1.0,1.5061580966445478e-07,27792,7.530790486495246e-08,512,251251,1.0,0.0,1.0,1.0,1.366454354342632e-07,9264,6.83227177171316e-08,6693.696191890056,8214.137776051008
13236.82901554404,1.0,2.1360902435986758e-09,1.0,1.0,1.3982812388364684e-07,27792,7.09821072069227e-08,512,251499,1.0,1.955938072032681e-09,1.0,1.0,1.288216824067508e-07,9264,6.538881033181445e-08,6700.774132461942,8221.777740299993
13236.939550949914,1.0,1.0791973507381677e-08,1.0,1.0,1.2858576876848122e-07,27792,6.968887197651096e-08,512,251501,1.0,1.003705000440962e-08,1.0,1.0,1.167000124200457e-07,9264,6.336853200069694e-08,6700.818678514952,8222.777745956002
13249.994818652849,1.0,8.68590893830311e-09,1.0,1.0,1.3431632471407147e-07,27792,7.150111740092105e-08,512,251749,1.0,8.042508292038843e-09,1.0,1.0,1.2273511138370248e-07,9264,6.538881033181445e-08,6707.110636162935,8229.608888251008
13250.055267702935,1.0,2.7494655477066635e-09,1.0,1.0,1.1159569989644413e-07,27792,5.717258286780415e-08,512,251751,1.0,2.6379427485233835e-09,1.0,1.0,9.793844682092095e-08,9264,5.028819493236841e-08,6707.14968034692,8230.603268394
13263.110535405873,1.0,0.0,1.0,1.0,1.2010574704917692e-07,27792,6.005287352458846e-08,512,251999,1.0,0.0,1.0,1.0,1.0811704651650823e-07,9264,5.4058523258254117e-08,6713.453913090954,8237.446175493009
13263.221070811744,1.0,0.0,1.0,1.0,1.265140184434223e-07,27792,6.325700922171115e-08,512,252001,1.0,0.0,1.0,1.0,1.1545181497980112e-07,9264,5.772590748990056e-08,6713.4984129439545,8238.445456838992
13276.27633851468,1.0,0.0,1.0,1.0,1.0452687040667414e-07,27792,5.226343520333707e-08,512,252249,1.0,0.0,1.0,1.0,9.294565936705895e-08,9264,4.6472829708073265e-08,6719.8053941209,8245.291765525006
13276.386873920552,1.0,0.0,1.0,1.0,1.3128376254825386e-07,27792,6.5641881306852e-08,512,252251,1.0,0.0,1.0,1.0,1.2291526359157283e-07,9264,6.145763182033021e-08,6719.850120929892,8246.292266441
13289.442141623489,1.0,0.0,1.0,1.0,1.087604472916274e-07,27792,5.43802236458137e-08,512,252499,1.0,0.0,1.0,1.0,9.703768578156919e-08,9264,4.8518842890784596e-08,6726.9001257148775,8253.892009514995
13289.552677029362,1.0,0.0,1.0,1.0,1.1487704368265411e-07,27792,5.7438521841327054e-08,512,252501,1.0,0.0,1.0,1.0,1.0307278474522598e-07,9264,5.153639237261299e-08,6726.944820433877,8254.893772527997
13302.607944732297,1.0,0.0,1.0,1.0,1.0933092928321686e-07,27792,5.466546464160843e-08,512,252749,1.0,0.0,1.0,1.0,9.88520758751206e-08,9264,4.94260379375603e-08,6733.304060419781,8261.79188037201
13302.71848013817,1.0,0.0,1.0,1.0,1.1019308627802497e-07,27792,5.509654313901248e-08,512,252751,1.0,0.0,1.0,1.0,9.997159316688634e-08,9264,4.998579658344317e-08,6733.348783523783,8262.795528376999
13315.773747841105,1.0,0.0,1.0,1.0,9.946974083325684e-08,27792,4.973487041662842e-08,512,252999,1.0,0.0,1.0,1.0,8.801721130021022e-08,9264,4.400860565010511e-08,6739.700650167702,8269.687535164994
13315.884283246978,1.0,0.0,1.0,1.0,1.0814278257892905e-07,27792,5.407139128946453e-08,512,253001,1.0,0.0,1.0,1.0,9.849177141029231e-08,9264,4.924588572968994e-08,6739.745382148707,8270.691472656996
13328.939550949914,1.0,1.6342377238454282e-09,1.0,1.0,9.509032670849468e-08,27792,4.836228229708786e-08,512,253249,1.0,1.4926895750915989e-09,1.0,1.0,8.320457610330614e-08,9264,4.234863291283024e-08,6746.061200243712,8277.547827445
13329.0,1.0,4.568144728989495e-09,1.0,1.0,1.1447384588408712e-07,27792,5.952099557754267e-08,48,253251,1.0,4.259312373151649e-09,1.0,1.0,1.0794976237257335e-07,9264,5.6104537619067397e-08,6746.101894387706,8278.546269516999
13342.055267702935,1.0,0.0,1.0,1.0,1.0414940863780293e-07,27792,5.2074704318901466e-08,512,253499,1.0,0.0,1.0,1.0,9.582809238586826e-08,9264,4.791404619293413e-08,6753.202880735735,8286.194730812
13342.165803108808,1.0,0.0,1.0,1.0,9.141007420019993e-08,27792,4.5705037100099965e-08,512,253501,1.0,0.0,1.0,1.0,8.102988002321145e-08,9264,4.0514940011605724e-08,6753.248997387738,8287.234880819
13355.221070811744,1.0,0.0,1.0,1.0,9.709773676296388e-08,27792,4.854886838148194e-08,512,253749,1.0,0.0,1.0,1.0,8.885363226532256e-08,9264,4.442681613266128e-08,6760.614164838757,8295.160522516991
13355.331606217616,1.0,0.0,1.0,1.0,9.098114115733848e-08,27792,4.549057057866924e-08,512,253751,1.0,0.0,1.0,1.0,8.128724110557038e-08,9264,4.064362055278519e-08,6760.666618304764,8296.179661661008
13368.386873920552,1.0,4.289338026962935e-12,1.0,1.0,1.0535042361873904e-07,27792,5.267735647851083e-08,512,253999,1.0,0.0,1.0,1.0,9.791271236202778e-08,9264,4.895635618101389e-08,6767.158676749816,8303.225331158988
13368.497409326425,1.0,1.5891996299999975e-08,1.0,1.0,9.754382820615756e-08,27792,5.671791327164608e-08,512,254001,1.0,1.559603201985816e-08,1.0,1.0,8.821023387913234e-08,9264,5.190313393738282e-08,6767.203316944811,8304.227106127
13381.552677029362,1.0,0.0,1.0,1.0,9.124279262518178e-08,27792,4.562139631259089e-08,512,254249,1.0,0.0,1.0,1.0,8.106848642395898e-08,9264,4.053424321197949e-08,6773.482442134809,8311.045178764005
13381.663212435233,1.0,0.0,1.0,1.0,1.0897062486747614e-07,27792,5.448531243373807e-08,512,254251,1.0,0.0,1.0,1.0,1.0199187149800386e-07,9264,5.099593574900193e-08,6773.5271848538105,8312.046557023
13394.71848013817,1.0,0.0,1.0,1.0,9.715778959332412e-08,27792,4.857889479666206e-08,512,254499,1.0,0.0,1.0,1.0,8.808155373065352e-08,9264,4.404077686532676e-08,6779.870141833788,8318.929101531001
13394.82901554404,1.0,0.0,1.0,1.0,9.15087318605051e-08,27792,4.575436593025255e-08,512,254501,1.0,0.0,1.0,1.0,8.016772538460722e-08,9264,4.008386269230361e-08,6779.914826727778,8319.930454874004
13407.884283246978,1.0,2.5950493659527735e-09,1.0,1.0,9.42324606227718e-08,27792,4.841375514188069e-08,512,254749,1.0,2.3162424624626003e-09,1.0,1.0,8.458145290662825e-08,9264,4.3448847789623524e-08,6786.254114762807,8326.807647966998
13407.994818652849,1.0,4.949895787055754e-09,1.0,1.0,8.891797153779815e-08,27792,4.6933933957975096e-08,512,254751,1.0,4.606748772510483e-09,1.0,1.0,7.670622939052689e-08,9264,4.065648935303437e-08,6786.298772686787,8327.808018184995
13421.0,1.0,0.0,1.0,1.0,9.90107839932196e-08,27792,4.95053919966098e-08,48,254999,1.0,0.0,1.0,1.0,9.321589165495853e-08,9264,4.6607945827479266e-08,6792.59927511384,8334.646406896005
13421.110535405873,1.0,0.0,1.0,1.0,8.735665371192393e-08,27792,4.3678326855961965e-08,512,255001,1.0,0.0,1.0,1.0,7.817318308318547e-08,9264,3.908659154159274e-08,6792.644188999824,8335.657354748997
13434.165803108808,1.0,0.0,1.0,1.0,9.116129624501359e-08,27792,4.5580648122506795e-08,512,255249,1.0,0.0,1.0,1.0,8.299868865114133e-08,9264,4.149934432557066e-08,6798.900114466778,8342.450791640993
13434.27633851468,1.0,0.0,1.0,1.0,8.559373620136492e-08,27792,4.279686811704499e-08,512,255251,1.0,0.0,1.0,1.0,7.679630549446208e-08,9264,3.839815274723104e-08,6798.944832202775,8343.449673063005
13447.331606217616,1.0,0.0,1.0,1.0,9.332741103053871e-08,27792,4.6663705515269354e-08,512,255499,1.0,0.0,1.0,1.0,8.639584457098224e-08,9264,4.319792228549112e-08,6804.537031985848,8349.555988221997
13447.442141623489,1.0,0.0,1.0,1.0,7.90267613850658e-08,27792,3.95133806925329e-08,512,255501,1.0,0.0,1.0,1.0,6.907549658573272e-08,9264,3.453774829286636e-08,6804.581789358854,8350.555656351004
13460.497409326425,1.0,0.0,1.0,1.0,9.442977227817611e-08,27792,4.721488613908806e-08,512,255749,1.0,0.0,1.0,1.0,8.752822987759588e-08,9264,4.376411493879794e-08,6810.844590233886,8357.356196077002
13460.607944732297,1.0,0.0,1.0,1.0,8.14545258058312e-08,27792,4.07272629029156e-08,512,255751,1.0,0.0,1.0,1.0,7.108290692654613e-08,9264,3.5541453463273066e-08,6810.889285923906,8358.35887629501
13473.663212435233,1.0,0.0,1.0,1.0,9.38764486869189e-08,27792,4.693822434345945e-08,512,255999,1.0,0.0,1.0,1.0,8.760543796668317e-08,9264,4.3802718983341587e-08,6817.17943028787,8365.189473993989
13473.773747841105,1.0,0.0,1.0,1.0,9.161167859729249e-08,27792,4.5805839298646246e-08,512,256001,1.0,0.0,1.0,1.0,8.348767321536084e-08,9264,4.174383660768042e-08,6817.224122264866,8366.190342835005
13486.82901554404,1.0,0.0,1.0,1.0,8.707356000327484e-08,27792,4.353678000163742e-08,512,256249,1.0,0.0,1.0,1.0,7.893239595921052e-08,9264,3.946619797960526e-08,6823.460002611879,8372.964082886989
13486.939550949914,1.0,4.164946964170229e-09,1.0,1.0,8.34533584927373e-08,27792,4.380915298258426e-08,512,256251,1.0,3.770327881029508e-09,1.0,1.0,7.386239810914491e-08,9264,3.881636322978721e-08,6823.504761493881,8373.965961486
13499.994818652849,1.0,1.3811667991737869e-09,1.0,1.0,7.609714333803127e-08,27792,3.873915514888118e-08,512,256499,1.0,1.1452532186843982e-09,1.0,1.0,6.535664029469474e-08,9264,3.3250946808078134e-08,6829.791302612917,8380.791170526994
13500.055267702935,1.0,3.868982696811637e-09,1.0,1.0,9.721784242368437e-08,27792,5.054341277730715e-08,512,256501,1.0,3.757459915269207e-09,1.0,1.0,9.119561410924232e-08,9264,4.747653722241197e-08,6829.830586063923,8381.786882835993
13513.110535405873,1.0,0.0,1.0,1.0,8.754538721436386e-08,27792,4.377269360718193e-08,512,256749,1.0,0.0,1.0,1.0,8.024493347369452e-08,9264,4.012246673684726e-08,6835.997898759822,8388.498386464998
13513.221070811744,1.0,8.57867605392587e-12,1.0,1.0,8.904665482788216e-08,27792,4.4527616752223706e-08,512,256751,1.0,1.2868014080888805e-11,1.0,1.0,8.283140445811885e-08,9264,4.142213623648337e-08,6836.043067591818,8389.501362761002
13526.27633851468,1.0,1.3584332500296749e-08,1.0,1.0,8.610845862788324e-08,27792,4.984639648448214e-08,512,256999,1.0,1.3318393588133325e-08,1.0,1.0,7.855922352862194e-08,9264,4.593880944809004e-08,6842.186136350785,8396.181350095998
13526.386873920552,1.0,1.2868014080888805e-11,1.0,1.0,8.303729241752201e-08,27792,4.1525080216184945e-08,512,257001,1.0,1.2868014080888805e-11,1.0,1.0,7.406828634671104e-08,9264,3.704057718077946e-08,6842.230751631796,8397.180973511
13539.442141623489,1.0,2.4106078609617767e-09,1.0,1.0,8.591972774344763e-08,27792,4.416516792914212e-08,512,257249,1.0,2.0460141506570727e-09,1.0,1.0,7.791582278622782e-08,9264,3.9980918573520555e-08,6848.486998050794,8403.974458773999
13539.552677029362,1.0,1.1881465948633958e-09,1.0,1.0,8.15446029569681e-08,27792,4.136637484699047e-08,512,257251,1.0,9.264969862122296e-10,1.0,1.0,7.279435287677069e-08,9264,3.686042497290911e-08,6848.5316666197905,8404.976252223001
13552.607944732297,1.0,0.0,1.0,1.0,9.814005120165099e-08,27792,4.9070025600825497e-08,512,257499,1.0,0.0,1.0,1.0,9.243094274923772e-08,9264,4.621547137461886e-08,6854.820644855783,8411.803534357998
13552.71848013817,1.0,0.0,1.0,1.0,8.366782540686867e-08,27792,4.183391271979686e-08,512,257501,1.0,0.0,1.0,1.0,7.311605327251154e-08,9264,3.655802663625577e-08,6854.865400894785,8412.80342352399
13565.773747841105,1.0,1.2868014080888805e-11,1.0,1.0,8.402384048432674e-08,27792,4.201835424958732e-08,512,257749,1.0,0.0,1.0,1.0,7.438998671790809e-08,9264,3.7194993358954045e-08,6861.135976500795,8419.612409758003
13565.884283246978,1.0,4.846951850305809e-10,1.0,1.0,8.931259458680636e-08,27792,4.4898644906371625e-08,512,257751,1.0,3.603043896629258e-10,1.0,1.0,8.099127833487169e-08,9264,4.067579137530619e-08,6861.1806957058,8420.613818854006
13578.939550949914,1.0,7.90096013280277e-09,1.0,1.0,8.763117267101425e-08,27792,4.7766066893806974e-08,512,257999,1.0,7.849488167495772e-09,1.0,1.0,7.890665992951477e-08,9264,4.337807449336147e-08,6867.45705397772,8427.429250166999
13579.0,1.0,7.592128161995639e-10,1.0,1.0,8.516051512922301e-08,27792,4.2959864002624034e-08,48,258001,1.0,5.018525445527026e-10,1.0,1.0,7.668049336083114e-08,9264,3.8591172969949266e-08,6867.496156386718,8428.425114965998
13592.055267702935,1.0,4.289338026962935e-12,1.0,1.0,8.366782540686867e-08,27792,4.183605737257565e-08,512,258249,1.0,0.0,1.0,1.0,7.531648378695562e-08,9264,3.765824189347781e-08,6873.77912079174,8435.246771815
13592.165803108808,1.0,4.289338026962935e-12,1.0,1.0,9.140150206864548e-08,27792,4.570289570346405e-08,512,258251,1.0,0.0,1.0,1.0,8.53406673534559e-08,9264,4.267033367672795e-08,6873.8239084897505,8436.249358686007
13605.221070811744,1.0,0.0,1.0,1.0,9.72864718362064e-08,27792,4.86432359181032e-08,512,258499,1.0,0.0,1.0,1.0,9.243094117843513e-08,9264,4.6215470589217563e-08,6880.133495711772,8443.098344514001
13605.331606217616,1.0,0.0,1.0,1.0,9.278266847205065e-08,27792,4.639133423602532e-08,512,258501,1.0,0.0,1.0,1.0,8.621569236311188e-08,9264,4.310784618155594e-08,6880.178128787775,8444.101386961003
13618.386873920552,1.0,5.190098920585937e-10,1.0,1.0,8.190919592559013e-08,27792,4.1214102928894023e-08,512,258749,1.0,3.3456835920016784e-10,1.0,1.0,7.318039332220716e-08,9264,3.6757480854126045e-08,6886.493988511778,8450.957092427008
13618.497409326425,1.0,1.222461303169731e-09,1.0,1.0,9.220360858929724e-08,27792,4.671303501628555e-08,512,258751,1.0,8.750249275876941e-10,1.0,1.0,8.525059124952071e-08,9264,4.3062808129588356e-08,6886.538787053789,8451.959338104993
13631.552677029362,1.0,0.0,1.0,1.0,9.313868433491001e-08,27792,4.656934216745501e-08,512,258999,1.0,0.0,1.0,1.0,8.618995633341612e-08,9264,4.309497816670806e-08,6892.824221212839,8458.783690356999
13631.663212435233,1.0,1.3725881609582046e-10,1.0,1.0,9.005036077141827e-08,27792,4.509380979823117e-08,512,259001,1.0,6.434007040444402e-11,1.0,1.0,8.31531048293159e-08,9264,4.160872245177766e-08,6892.868984108849,8459.785320948999
13644.71848013817,1.0,0.0,1.0,1.0,8.851477766623765e-08,27792,4.4257388833118825e-08,512,259249,1.0,0.0,1.0,1.0,7.970447685008346e-08,9264,3.985223842504173e-08,6899.1242089559455,8466.578892436999
13644.82901554404,1.0,0.0,1.0,1.0,9.521901340198431e-08,27792,4.7609506700992154e-08,512,259251,1.0,0.0,1.0,1.0,8.922680783751633e-08,9264,4.4613403918758165e-08,6899.168758760963,8467.579315358002
13657.884283246978,1.0,0.0,1.0,1.0,9.872340277889091e-08,27792,4.9361701389445456e-08,512,259499,1.0,0.0,1.0,1.0,9.469571414786629e-08,9264,4.7347857073933144e-08,6905.431416076986,8474.380448416996
13657.994818652849,1.0,3.0025365881943164e-10,1.0,1.0,8.258691215964656e-08,27792,4.144358291971524e-08,512,259501,1.0,1.6728418305155448e-10,1.0,1.0,7.379805803490551e-08,9264,3.698267111396399e-08,6905.476065838986,8475.381037315005
13671.0,1.0,0.0,1.0,1.0,1.0637557782449089e-07,27792,5.318778891224544e-08,48,259749,1.0,0.0,1.0,1.0,1.0295697653860152e-07,9264,5.147848826930076e-08,6911.730193216979,8482.173227319
13671.110535405873,1.0,0.0,1.0,1.0,7.641884374195338e-08,27792,3.820942187097669e-08,512,259751,1.0,0.0,1.0,1.0,6.629600537859014e-08,9264,3.314800268929507e-08,6911.775029399978,8483.173863289994
13684.165803108808,1.0,9.436543633752008e-11,1.0,1.0,7.19407745421653e-08,27792,3.6017569992191555e-08,512,259999,1.0,3.860404224266642e-11,1.0,1.0,6.324628588418585e-08,9264,3.164244496436475e-08,6917.997644102965,8489.933621767996
13684.27633851468,1.0,2.9982471241247626e-09,1.0,1.0,9.213926825325739e-08,27792,4.756875785640698e-08,512,260001,1.0,2.702282845005605e-09,1.0,1.0,8.667894089763565e-08,9264,4.469061200784546e-08,6918.042254138949,8490.945121269993
13697.331606217616,1.0,6.862940843140696e-11,1.0,1.0,9.54935305284716e-08,27792,4.778107997049682e-08,512,260249,1.0,6.434006963745057e-11,1.0,1.0,9.020477618055409e-08,9264,4.513455812739675e-08,6924.254296431005,8497.693894160999
13697.442141623489,1.0,5.533245949959747e-10,1.0,1.0,9.87148227933235e-08,27792,4.9634073715891217e-08,512,260251,1.0,3.603043881289389e-10,1.0,1.0,9.369200741892888e-08,9264,4.7026155917334796e-08,6924.298916762011,8498.69518194499
13710.497409326425,1.0,0.0,1.0,1.0,8.854051369593342e-08,27792,4.427025684796671e-08,512,260499,1.0,0.0,1.0,1.0,7.980742096886652e-08,9264,3.990371048443326e-08,6930.349609249053,8505.279417730999
13710.607944732297,1.0,0.0,1.0,1.0,9.262396374099473e-08,27792,4.631198188685989e-08,512,260501,1.0,0.0,1.0,1.0,8.567523573950083e-08,9264,4.2837617869750414e-08,6930.394479701048,8506.281554015994
13723.663212435233,1.0,0.0,1.0,1.0,9.514609360397792e-08,27792,4.757304680198896e-08,512,260749,1.0,0.0,1.0,1.0,8.848046219093787e-08,9264,4.424023109546893e-08,6936.340225891159,8512.760885340002
13723.773747841105,1.0,0.0,1.0,1.0,8.170330850615037e-08,27792,4.0851654253075183e-08,512,260751,1.0,0.0,1.0,1.0,7.280722089161857e-08,9264,3.6403610445809283e-08,6936.385177719159,8513.762699276995
13736.82901554404,1.0,0.0,1.0,1.0,9.30228716776782e-08,27792,4.65114358388391e-08,512,260999,1.0,0.0,1.0,1.0,8.558515963556566e-08,9264,4.279257981778283e-08,6941.749961163092,8519.633487943996
13736.939550949914,1.0,0.0,1.0,1.0,8.281853616510801e-08,27792,4.1409268082554005e-08,512,261001,1.0,0.0,1.0,1.0,7.248552052042151e-08,9264,3.624276026021076e-08,6941.794645981085,8520.632027815009
13749.994818652849,1.0,1.4197708304228805e-09,1.0,1.0,9.243952219484174e-08,27792,4.692964658319571e-08,512,261249,1.0,1.0809131536489085e-09,1.0,1.0,8.607414419978517e-08,9264,4.3577528723503644e-08,6947.748065432104,8527.113123438001
13750.055267702935,1.0,2.8566990017043754e-09,1.0,1.0,8.17848056389948e-08,27792,4.232075248397486e-08,512,261251,1.0,2.4191865674397763e-09,1.0,1.0,7.39396061982322e-08,9264,3.8179396494817035e-08,6947.787993764105,8528.110000130997
13763.110535405873,1.0,0.0,1.0,1.0,9.249099402515789e-08,27792,4.6245497012578947e-08,512,261499,1.0,0.0,1.0,1.0,8.597120008100212e-08,9264,4.298560004050106e-08,6954.087629347101,8534.949952866009
13763.221070811744,1.0,0.0,1.0,1.0,8.96643203259818e-08,27792,4.48321601629909e-08,512,261501,1.0,0.0,1.0,1.0,8.33718610817299e-08,9264,4.168593054086495e-08,6954.132524851106,8535.952424595002
13776.27633851468,1.0,3.78313540847263e-09,0.998884571099597,0.998884571099597,0.004080401646658546,27792,0.002040202691336095,512,261749,1.0,9.779689873122562e-10,0.9997841105354058,0.9997841105354058,0.0010263075205997688,9264,0.0005131542492844486,6960.4267256081075,8542.785896415997
13776.386873920552,1.0,3.508627818270617e-09,0.9989925158318941,0.9989925158318941,0.0038082175681696724,27792,0.0019041105126881641,512,261751,1.0,9.522329668204132e-10,0.9997841105354058,0.9997841105354058,0.0009573266297797568,9264,0.0004786637910064278,6960.471371760097,8543.787595364003
13789.442141623489,1.0,1.2868000939734294e-09,0.9997841105354058,0.9997841105354058,0.0005349118862232482,27792,0.00026745658651236646,512,261999,1.0,9.779690087880729e-10,1.0,1.0,1.3084301000651188e-05,9264,6.5426394848898135e-06,6966.745867404032,8550.599093266006
13789.552677029362,1.0,1.2439067957720997e-09,0.9998200921128382,0.9998200921128382,0.0005273744620749525,27792,0.0002636878529915272,512,262001,1.0,9.779690087880729e-10,1.0,1.0,1.2940685529163709e-05,9264,6.470831749146074e-06,6966.790415429023,8551.60124533801
13802.607944732297,1.0,1.0423091131958934e-09,1.0,1.0,8.837689051649088e-05,27792,4.418896641284678e-05,512,262249,1.0,1.1967252757749469e-09,1.0,1.0,1.7166006200285773e-06,9264,8.588986723120145e-07,6973.08404933694,8558.433589111999
13802.71848013817,1.0,1.0337304366306386e-09,1.0,1.0,9.00703209186124e-05,27792,4.503567732456926e-05,512,262251,1.0,1.1838572670630122e-09,1.0,1.0,1.693451100587302e-06,9264,8.473174789766536e-07,6973.128728174932,8559.434856845997
13815.773747841105,1.0,8.021061931455549e-10,1.0,1.0,6.5705578212042396e-06,27792,3.285679963731545e-06,512,262499,1.0,1.0165730840114579e-09,1.0,1.0,4.262271069728583e-07,9264,2.1362184007292052e-07,6979.404478792872,8566.250251299003
13815.884283246978,1.0,8.707355923730405e-10,1.0,1.0,6.530459367432999e-06,27792,3.265665051552186e-06,512,262501,1.0,1.106649181810686e-09,1.0,1.0,4.265102032995117e-07,9264,2.138084262882148e-07,6979.449088539863,8567.251137692001
13828.939550949914,1.0,2.8309630773423783e-10,1.0,1.0,3.4786049612549417e-07,27792,1.7407179622607378e-07,512,262749,1.0,3.0883233257237717e-10,1.0,1.0,1.923381894604991e-07,9264,9.632351090842414e-08,6985.729582365857,8574.070908953989
13829.0,1.0,1.1152278844537183e-10,1.0,1.0,3.5191541568304544e-07,27792,1.7601346923919687e-07,48,262751,1.0,1.415481541227834e-10,1.0,1.0,2.0152595206188704e-07,9264,1.0083375011260688e-07,6985.76870712985,8575.066373313995
13842.055267702935,1.0,1.7157351381764605e-09,1.0,1.0,1.7268444518015643e-07,27792,8.72000902466037e-08,512,262999,1.0,2.0974862207865103e-09,1.0,1.0,1.5484080685836613e-07,9264,7.846914663928546e-08,6991.987523336982,8581.822100566991
13842.165803108808,1.0,5.06141876443718e-10,1.0,1.0,1.8134890635121027e-07,27792,9.09275241670052e-08,512,263001,1.0,4.88984528937827e-10,1.0,1.0,1.65238162855455e-07,9264,8.286357370983725e-08,6992.032195522996,8582.823691345999
13855.221070811744,1.0,1.7286031537913362e-09,1.0,1.0,1.6669224797693976e-07,27792,8.421042565241931e-08,512,263249,1.0,1.8658619734664595e-09,1.0,1.0,1.546349201916026e-07,9264,7.825039117227277e-08,6998.246655055969,8589.575643507997
13855.331606217616,1.0,3.4743636152049035e-09,1.0,1.0,1.6256161521076957e-07,27792,8.301798960984888e-08,512,263251,1.0,3.5773077334766326e-09,1.0,1.0,1.4917888189610051e-07,9264,7.637809501190589e-08,6998.291316439958,8590.576711445
13868.386873920552,1.0,0.0,0.999496257915947,0.999496257915947,0.0021011930874028236,27792,0.0010505965437014118,512,263499,1.0,0.0,1.0,1.0,5.1617966795948193e-05,9264,2.5808983397974097e-05,7004.587678555959,8597.409330354
13868.497409326425,1.0,0.0,0.999496257915947,0.999496257915947,0.002073283672920403,27792,0.0010366418364602015,512,263501,1.0,0.0,1.0,1.0,5.037252554876669e-05,9264,2.5186262774383344e-05,7004.632231942938,8598.409171735999
13881.552677029362,1.0,0.0,0.9997841105354058,0.9997841105354058,0.00105901364089356,27792,0.0005295068204509688,512,263749,1.0,0.0,1.0,1.0,5.98964193465497e-06,9264,2.994820967327485e-06,7010.8751924399185,8605.187835335004
13881.663212435233,1.0,0.0,0.9997841105354058,0.9997841105354058,0.0010532344483673785,27792,0.0005266172241878781,512,263751,1.0,0.0,1.0,1.0,5.885427206220259e-06,9264,2.9427136031101296e-06,7010.919791570908,8606.187726828008
13894.71848013817,1.0,0.0,0.9999640184225677,0.9999640184225677,0.00016256810683418544,27792,8.128405341709272e-05,512,263999,1.0,0.0,1.0,1.0,1.0214748777917758e-06,9264,5.107374386995376e-07,7017.153336236865,8612.958172034996
13894.82901554404,1.0,0.0,0.9999640184225677,0.9999640184225677,0.00016107434764240438,27792,8.053717382120219e-05,512,264001,1.0,0.0,1.0,1.0,1.0077447185155063e-06,9264,5.038723592577531e-07,7017.1979849198615,8613.957903725008
13907.884283246978,1.0,0.0,1.0,1.0,1.0146868718736563e-05,27792,5.073434359368282e-06,512,264249,1.0,0.0,1.0,1.0,2.6695977928892166e-07,9264,1.3347988964446083e-07,7023.442979602885,8620.740236918005
13907.994818652849,1.0,0.0,1.0,1.0,9.932244423668023e-06,27792,4.966122211899462e-06,512,264251,1.0,0.0,1.0,1.0,2.666766829622682e-07,9264,1.333383414811341e-07,7023.487815896886,8621.740459102002
13921.0,1.0,2.573602816177761e-11,1.0,1.0,2.1861462656139342e-07,27792,1.0932018129554459e-07,48,264499,1.0,2.573602816177761e-11,1.0,1.0,1.8622588712016282e-07,9264,9.312581157492929e-08,7030.291908806881,8629.092723602997
13921.110535405873,1.0,3.860404224266642e-11,1.0,1.0,2.1463841416220473e-07,27792,1.0733850910337419e-07,512,264501,1.0,2.573602816177761e-11,1.0,1.0,1.8242982126741014e-07,9264,9.122777859946536e-08,7030.342666968878,8630.115026624
13934.165803108808,1.0,6.476900259645406e-10,1.0,1.0,1.7440876388218044e-07,27792,8.75282269814286e-08,512,264749,1.0,7.849488382253939e-10,1.0,1.0,1.577489797847901e-07,9264,7.926696434525547e-08,7036.976687318784,8637.305206085002
13934.27633851468,1.0,6.305326741123534e-10,1.0,1.0,1.9212801980411344e-07,27792,9.637927626582984e-08,512,264751,1.0,7.592128054616555e-10,1.0,1.0,1.7634326123997997e-07,9264,8.855123700891494e-08,7037.021310383781,8638.306440368004
13947.331606217616,1.0,3.9032973913120905e-09,1.0,1.0,1.9024929382512955e-07,27792,9.707629583116025e-08,512,264999,1.0,4.182104357695727e-09,1.0,1.0,1.7948305519388548e-07,9264,9.183258000972362e-08,7043.279292133739,8645.102030283
13947.442141623489,1.0,2.1403795841822837e-09,1.0,1.0,1.5400867572241222e-07,27792,7.80745277954467e-08,512,265001,1.0,2.444922574125737e-09,1.0,1.0,1.3858850567629342e-07,9264,7.051671424869553e-08,7043.323973414728,8646.115806321992
13960.497409326425,1.0,1.6771311079500247e-09,1.0,1.0,1.5323230601685752e-07,27792,7.745471867540747e-08,512,265249,1.0,1.8529939524826294e-09,1.0,1.0,1.3936058656716636e-07,9264,7.06067903526307e-08,7049.593293166727,8652.923157407
13960.607944732297,1.0,1.3425627525848242e-09,1.0,1.0,1.612876838352327e-07,27792,8.131512339157258e-08,512,265251,1.0,1.5055575884054943e-09,1.0,1.0,1.4674682708985078e-07,9264,7.412619241352651e-08,7049.6378992107275,8653.923598013993
13973.663212435233,1.0,2.968221779667503e-09,1.0,1.0,1.5709700033310568e-07,27792,8.003261124506699e-08,512,265499,1.0,2.7666229069731208e-09,1.0,1.0,1.4073746415588976e-07,9264,7.175204367409222e-08,7055.9246959566735,8660.750351752009
13973.773747841105,1.0,2.2304557535675675e-10,1.0,1.0,1.682063864851107e-07,27792,8.421471607062872e-08,512,265501,1.0,1.544161666696853e-10,1.0,1.0,1.5444189996888436e-07,9264,7.729815807352947e-08,7055.969358177674,8661.753093993
13986.82901554404,1.0,1.3554307633420746e-09,1.0,1.0,1.682063864851107e-07,27792,8.478090872393554e-08,512,265749,1.0,1.2095932844868815e-09,1.0,1.0,1.5682248271574258e-07,9264,7.901603805572176e-08,7062.2893634747015,8668.613762695997
13986.939550949914,1.0,8.711645068219352e-09,1.0,1.0,1.7992914801153146e-07,27792,9.432039706449892e-08,512,265751,1.0,8.505756826562605e-09,1.0,1.0,1.689312846875998e-07,9264,8.871852125102499e-08,7062.3340047747115,8669.61364026001
13999.994818652849,1.0,0.0,1.0,1.0,1.6137775993916785e-07,27792,8.068888000230898e-08,512,265999,1.0,0.0,1.0,1.0,1.460905583326088e-07,9264,7.30452791663044e-08,7068.60886435768,8676.426037911995
14000.055267702935,1.0,0.0,1.0,1.0,1.677860302862115e-07,27792,8.38930151758308e-08,512,266001,1.0,0.0,1.0,1.0,1.5423601173131826e-07,9264,7.711800586565913e-08,7068.648271945669,8677.42022426
14013.110535405873,1.0,6.305326753906759e-10,1.0,1.0,1.515165712274074e-07,27792,7.607355201020188e-08,512,266249,1.0,5.275885681125196e-10,1.0,1.0,1.3901315016627354e-07,9264,6.977036938751835e-08,7074.93234747072,8684.241627390002
14013.221070811744,1.0,1.2923774470222234e-08,1.0,1.0,1.532666212467194e-07,27792,8.309519874613791e-08,512,266251,1.0,1.2674992950050322e-08,1.0,1.0,1.406473880519546e-07,9264,7.666119133855931e-08,7074.977447734716,8685.242801101005
14026.27633851468,1.0,1.1182303229741295e-08,1.0,1.0,1.443233498802395e-07,27792,7.775282742424965e-08,512,266499,1.0,1.07319227080201e-08,1.0,1.0,1.3152396552480606e-07,9264,7.112794495396994e-08,7081.591485184756,8692.404310799
14026.386873920552,1.0,1.4626642147831414e-09,1.0,1.0,1.4595329947483967e-07,27792,7.370798194733286e-08,512,266501,1.0,1.3254054058459266e-09,1.0,1.0,1.328622390689858e-07,9264,6.709382229915885e-08,7081.636199172761,8693.423008664002
14039.442141623489,1.0,0.0,1.0,1.0,1.5619623772295135e-07,27792,7.809811889420072e-08,512,266749,1.0,0.0,1.0,1.0,1.4531847744173585e-07,9264,7.265923872086792e-08,7088.661575723774,8700.997202461003
14039.552677029362,1.0,4.409867978235578e-08,1.0,1.0,1.3711297327434455e-07,27792,9.060582301040685e-08,512,266751,1.0,4.3571091181773865e-08,1.0,1.0,1.2601645516991247e-07,9264,8.479376965380923e-08,7088.70617038077,8701.997956350999
14052.607944732297,1.0,1.6127910342219425e-09,1.0,1.0,1.392190383711146e-07,27792,7.041591481541631e-08,512,266999,1.0,1.4154815097811024e-09,1.0,1.0,1.2821688575798792e-07,9264,6.481618367108368e-08,7094.961274631831,8708.789359465009
14052.71848013817,1.0,9.479436291513804e-09,1.0,1.0,1.4528416270274978e-07,27792,7.738180018640325e-08,512,267001,1.0,9.303573652024117e-09,1.0,1.0,1.3511414166736523e-07,9264,7.220885820119204e-08,7095.005917713825,8709.788956620992
14065.773747841105,1.0,0.0,1.0,1.0,1.267928254317931e-07,27792,6.339641271589654e-08,512,267249,1.0,0.0,1.0,1.0,1.1456392195529725e-07,9264,5.728196100219241e-08,7101.250155637921,8716.570641911996
14065.884283246978,1.0,0.0,1.0,1.0,1.2533873975398237e-07,27792,6.266936987699118e-08,512,267251,1.0,0.0,1.0,1.0,1.1237635948024484e-07,9264,5.618817974012242e-08,7101.29492218692,8717.570333302996
14078.939550949914,1.0,3.4572062866181847e-09,1.0,1.0,1.1905056976620047e-07,27792,6.125388824372414e-08,512,267499,1.0,3.1140592234966617e-09,1.0,1.0,1.0680450905111182e-07,9264,5.4959284322149666e-08,7107.568134628949,8724.380736344989
14079.0,1.0,2.2776384204755982e-09,1.0,1.0,1.568482171419107e-07,27792,7.956292788499294e-08,48,267501,1.0,1.8272579112819632e-09,1.0,1.0,1.499123587424298e-07,9264,7.586980842541455e-08,7107.607283975965,8725.374661092006
14092.055267702935,1.0,3.0025366188740546e-11,1.0,1.0,1.222461267867579e-07,27792,6.11380761100932e-08,512,267749,1.0,6.434006963745057e-11,1.0,1.0,1.105362333079101e-07,9264,5.530028671561855e-08,7113.913953461983,8732.219178054002
14092.165803108808,1.0,7.536366458546758e-09,1.0,1.0,1.2196731986383722e-07,27792,6.47518436132068e-08,512,267751,1.0,7.30903154695269e-09,1.0,1.0,1.1098661382758598e-07,9264,5.914782313059155e-08,7113.958551216987,8733.218868650001
14105.221070811744,1.0,2.402029259306216e-10,1.0,1.0,1.2649686102484167e-07,27792,6.336853201705945e-08,512,267999,1.0,2.1875623554014243e-10,1.0,1.0,1.1765224556787657e-07,9264,5.8935500910145285e-08,7120.23615976498,8740.033434037992
14105.331606217616,1.0,1.3168267418082315e-09,1.0,1.0,1.1265087711397048e-07,27792,5.698385198336854e-08,512,268001,1.0,1.1323851992345552e-09,1.0,1.0,1.013999427659137e-07,9264,5.126616406080746e-08,7120.280822630964,8741.032950911002
14118.386873920552,1.0,6.24055755726096e-08,1.0,1.0,1.1375752639088835e-07,27792,8.808154743108062e-08,512,268249,1.0,6.252567705270443e-08,1.0,1.0,1.0366471342822856e-07,9264,8.309519169388876e-08,7126.564161017923,8747.854169883998
14118.497409326425,1.0,0.0,1.0,1.0,1.2123384301750793e-07,27792,6.061692150875397e-08,512,268251,1.0,0.0,1.0,1.0,1.1119250211423968e-07,9264,5.559625105711984e-08,7126.608767707927,8748.854311336996
14131.552677029362,1.0,0.0,1.0,1.0,1.0490004283726273e-07,27792,5.245002141863136e-08,512,268499,1.0,0.0,1.0,1.0,9.348611525435628e-08,9264,4.674305762717814e-08,7132.9279080560955,8755.711765428001
14131.663212435233,1.0,0.0,1.0,1.0,1.1398915065815023e-07,27792,5.6994575329075114e-08,512,268501,1.0,0.0,1.0,1.0,1.0470702258181944e-07,9264,5.235351129090972e-08,7132.972634609097,8756.714861592001
14144.71848013817,1.0,4.319363158707343e-09,1.0,1.0,1.0977273112632748e-07,27792,5.7046047388466646e-08,512,268749,1.0,3.924744080679912e-09,1.0,1.0,1.0039623922766905e-07,9264,5.216049187813657e-08,7139.293363169098,8763.574840693007
14144.82901554404,1.0,3.684541166509857e-09,1.0,1.0,9.964989277932676e-08,27792,5.166721718205186e-08,512,268751,1.0,3.30707949376849e-09,1.0,1.0,8.777271668644035e-08,9264,4.5539898251173046e-08,7139.3380606771025,8764.574759084004
14157.884283246978,1.0,2.8395416276093776e-09,1.0,1.0,1.1759648415383988e-07,27792,6.021801304846962e-08,512,268999,1.0,2.496394607439489e-09,1.0,1.0,1.1018879695610486e-07,9264,5.634259591829701e-08,7145.574806713179,8771.348511605
14157.994818652849,1.0,1.7672071921990353e-09,1.0,1.0,9.704197536528973e-08,27792,4.940459136886611e-08,512,269001,1.0,1.5570296554669579e-09,1.0,1.0,8.724513198013987e-08,9264,4.440108088836681e-08,7145.619440603186,8772.34938689199
14171.0,1.0,4.289337790728951e-09,1.0,1.0,1.0191037405427141e-07,27792,5.3099856168449415e-08,48,269249,1.0,4.130632321314002e-09,1.0,1.0,9.212210568048076e-08,9264,4.812636922332548e-08,7151.88152474918,8779.149573566
14171.110535405873,1.0,4.375124731256007e-10,1.0,1.0,1.0278539906392741e-07,27792,5.16114557843777e-08,512,269251,1.0,3.8604041629071653e-10,1.0,1.0,9.352471772809734e-08,9264,4.69553790867669e-08,7151.926329780181,8780.151319055003
14184.165803108808,1.0,0.0,1.0,1.0,1.1247501424438275e-07,27792,5.6237507122191374e-08,512,269499,1.0,0.0,1.0,1.0,1.041408299776002e-07,9264,5.20704149888001e-08,7158.261929755245,8787.025602217996
14184.27633851468,1.0,0.0,1.0,1.0,1.1161285724957464e-07,27792,5.580642862478732e-08,512,269501,1.0,0.0,1.0,1.0,1.045912104481885e-07,9264,5.229560524863804e-08,7158.306925963247,8788.029131062998
14197.331606217616,1.0,5.876392994673428e-10,1.0,1.0,1.0447968768556524e-07,27792,5.2533663515142596e-08,512,269749,1.0,4.6324849770807553e-10,1.0,1.0,9.703768656697049e-08,9264,4.8750467550747125e-08,7164.657470141246,8794.921320641006
14197.442141623489,1.0,4.289338026962935e-12,1.0,1.0,9.104548358778178e-08,27792,4.5524886463032204e-08,512,269751,1.0,0.0,1.0,1.0,8.180196169948568e-08,9264,4.090098084974284e-08,7164.702440126246,8795.924669246
14210.497409326425,1.0,0.0,1.0,1.0,1.0174308986124894e-07,27792,5.087154493062447e-08,512,269999,1.0,0.0,1.0,1.0,9.241807075829577e-08,9264,4.6209035403691676e-08,7171.117110568288,8802.879919611005
14210.607944732297,1.0,0.0,1.0,1.0,9.414667176271578e-08,27792,4.707333588135789e-08,512,270001,1.0,0.0,1.0,1.0,8.335898992527683e-08,9264,4.167949496263842e-08,7171.161806329277,8803.893948938989
14223.663212435233,1.0,0.0,1.0,1.0,9.659588575469907e-08,27792,4.8297942877349535e-08,512,270249,1.0,0.0,1.0,1.0,9.088678175289315e-08,9264,4.5443390876446574e-08,7177.4680572402285,8810.739083630993
14223.773747841105,1.0,0.0,1.0,1.0,8.999030820285845e-08,27792,4.499515410142923e-08,512,270251,1.0,0.0,1.0,1.0,8.109422245365475e-08,9264,4.0547111226827375e-08,7177.512672846242,8811.740274026
14236.82901554404,1.0,1.6338087546843338e-08,1.0,1.0,9.113555890631566e-08,27792,5.3736824097884064e-08,512,270499,1.0,1.6689812889227505e-08,1.0,1.0,8.158320701787427e-08,9264,4.913650995968684e-08,7183.849008444275,8818.616715113996
14236.939550949914,1.0,4.289338026962935e-12,1.0,1.0,8.562804959862378e-08,27792,4.28161694684532e-08,512,270501,1.0,0.0,1.0,1.0,7.550950400967385e-08,9264,3.7754752004836925e-08,7183.893773589269,8819.619094149995
14249.994818652849,1.0,1.4884002368089715e-09,1.0,1.0,9.052218588810383e-08,27792,4.600529313608777e-08,512,270749,1.0,1.132385210739457e-09,1.0,1.0,8.22137397454205e-08,9264,4.167306252601707e-08,7190.201086743276,8826.469161902001
14250.055267702935,1.0,8.57867605392587e-12,1.0,1.0,9.818294039567035e-08,27792,4.90957595361178e-08,512,270751,1.0,0.0,1.0,1.0,9.124708459783126e-08,9264,4.562354229891563e-08,7190.240371363281,8827.465257921998
14263.110535405873,1.0,0.0,1.0,1.0,8.429406801073098e-08,27792,4.2147034021728014e-08,512,270999,1.0,0.0,1.0,1.0,7.540655989089079e-08,9264,3.7703279945445394e-08,7196.557361656312,8834.321165091998
14263.221070811744,1.0,0.0,1.0,1.0,9.765535204870761e-08,27792,4.882767602435381e-08,512,271001,1.0,0.0,1.0,1.0,9.074522966255995e-08,9264,4.5372614831279975e-08,7196.602280730309,8835.324632014992
14276.27633851468,1.0,7.506341368219998e-10,1.0,1.0,9.218644678555938e-08,27792,4.6468540492509587e-08,512,271249,1.0,6.176646697467151e-10,1.0,1.0,8.440130148415918e-08,9264,4.250948309842877e-08,7202.863464500311,8842.123984047998
14276.386873920552,1.0,2.0588822350456949e-10,1.0,1.0,7.75683853544958e-08,27792,3.888713679603096e-08,512,271251,1.0,1.415481541227834e-10,1.0,1.0,6.874092822423156e-08,9264,3.4441238193779136e-08,7202.908091703321,8843.124482243991
14289.442141623489,1.0,0.0,1.0,1.0,9.371774290866126e-08,27792,4.685887145433063e-08,512,271499,1.0,0.0,1.0,1.0,8.778559017455352e-08,9264,4.389279508727676e-08,7209.131859129309,8849.885499911004
14289.552677029362,1.0,0.0,1.0,1.0,8.450853492486234e-08,27792,4.225426746243117e-08,512,271501,1.0,0.0,1.0,1.0,7.514919959393314e-08,9264,3.757459979696657e-08,7209.176521223315,8850.886335700998
14302.607944732297,1.0,0.0,1.0,1.0,9.377350404453498e-08,27792,4.688675202226749e-08,512,271749,1.0,0.0,1.0,1.0,8.840325488725187e-08,9264,4.4201627443625934e-08,7215.439785435294,8857.688294735999
14302.71848013817,1.0,0.0,1.0,1.0,8.885792368164612e-08,27792,4.442896184082306e-08,512,271751,1.0,0.0,1.0,1.0,8.15703382176251e-08,9264,4.078516910881255e-08,7215.484458892301,8858.688894861
14315.773747841105,1.0,0.0,1.0,1.0,9.135860790041791e-08,27792,4.5679303950208954e-08,512,271999,1.0,0.0,1.0,1.0,8.427262133568037e-08,9264,4.213631066784018e-08,7221.778708775273,8865.520943187003
14315.884283246978,1.0,0.0,1.0,1.0,9.23065511372777e-08,27792,4.615327556863885e-08,512,272001,1.0,0.0,1.0,1.0,8.549508353163048e-08,9264,4.274754176581524e-08,7221.823377744258,8866.522854284995
14328.939550949914,1.0,1.2439080252626064e-10,1.0,1.0,9.259822587869593e-08,27792,4.636130834444607e-08,512,272249,1.0,1.0294411264711044e-10,1.0,1.0,8.508330627109695e-08,9264,4.259312519494e-08,7228.147326909217,8873.385936339997
14329.0,1.0,0.0,1.0,1.0,9.107980038844626e-08,27792,4.553990019422313e-08,48,272251,1.0,0.0,1.0,1.0,8.442703751385495e-08,9264,4.221351875692748e-08,7228.187491175209,8874.382565609994
14342.055267702935,1.0,4.289338026962935e-12,1.0,1.0,7.674912275699065e-08,27792,3.837670606399916e-08,512,272499,1.0,0.0,1.0,1.0,6.709382232370264e-08,9264,3.354691116185132e-08,7234.455456691248,8881.18929241199
14342.165803108808,1.0,3.866408924183109e-08,1.0,1.0,1.0381484313156274e-07,27792,7.123946488587602e-08,512,272501,1.0,3.904155034801996e-08,1.0,1.0,1.0013888442852049e-07,9264,6.959021717964801e-08,7234.500140983262,8882.191102337005
14355.221070811744,1.0,0.0,1.0,1.0,9.699908774207296e-08,27792,4.849954387103648e-08,512,272749,1.0,0.0,1.0,1.0,9.140150234680844e-08,9264,4.570075117340422e-08,7240.802579948329,8889.031785097992
14355.331606217616,1.0,4.289338026962935e-12,1.0,1.0,8.886650288181224e-08,27792,4.4435396110047435e-08,512,272751,1.0,0.0,1.0,1.0,8.225234378996414e-08,9264,4.112617189498207e-08,7240.847233212349,8890.03331893
14368.386873920552,1.0,2.0460141542363754e-09,1.0,1.0,9.408662704816895e-08,27792,4.806632070449111e-08,512,272999,1.0,1.6985777965508525e-09,1.0,1.0,8.75797019369874e-08,9264,4.4639139948453934e-08,7247.128662491421,8896.852559369
14368.497409326425,1.0,1.1752785856401322e-09,1.0,1.0,8.33289676825411e-08,27792,4.225212320235304e-08,512,273001,1.0,8.49288905561864e-10,1.0,1.0,7.472455510395302e-08,9264,3.778692204195663e-08,7247.173279946423,8897.85298534701
14381.552677029362,1.0,4.499944095260775e-08,1.0,1.0,8.452998240167678e-08,27792,6.476471159532964e-08,512,273249,1.0,4.5707181646522324e-08,1.0,1.0,7.527787974241197e-08,9264,6.049253068219525e-08,7253.466714719412,8904.684226922996
14381.663212435233,1.0,0.0,1.0,1.0,9.585812375889407e-08,27792,4.7929061879447034e-08,512,273251,1.0,0.0,1.0,1.0,8.980586850567103e-08,9264,4.490293425283552e-08,7253.511339375422,8905.684014419996
14394.71848013817,1.0,0.0,1.0,1.0,8.942411633495294e-08,27792,4.471205816747647e-08,512,273499,1.0,0.0,1.0,1.0,8.146739488424333e-08,9264,4.0733697442121664e-08,7259.856793832449,8912.567522872007
14394.82901554404,1.0,0.0,1.0,1.0,8.455571843137255e-08,27792,4.2277859215686274e-08,512,273501,1.0,0.0,1.0,1.0,7.530361577210772e-08,9264,3.765180788605386e-08,7259.90150218644,8913.568388329004
14407.884283246978,1.0,0.0,1.0,1.0,1.1398915144355152e-07,27792,5.699457572177576e-08,512,273749,1.0,0.0,1.0,1.0,1.1211900232489238e-07,9264,5.605950116244619e-08,7266.180826096432,8920.385519117
14407.994818652849,1.0,2.0588822452722743e-10,1.0,1.0,1.1014161762203905e-07,27792,5.517375292980259e-08,512,273751,1.0,2.0588822299324053e-10,1.0,1.0,1.0852882932393843e-07,9264,5.436735878075227e-08,7266.225646322426,8921.38508983
14421.0,1.0,1.1945376841561886e-07,0.4255900978698906,0.4255900978698906,3.0154755866314806,27792,1.5077378992795532,48,273999,1.0,1.193765603428941e-07,0.43944300518134716,0.43944300518134716,2.926599430090817,9264,1.4632998204601861,7272.534996752416,8928.23187088201
14421.110535405873,1.0,1.3622936958812328e-07,0.6016839378238342,0.6016839378238342,1.9805319505514738,27792,0.990266063121385,512,274001,1.0,1.3584761851369452e-07,0.6238126079447323,0.6238126079447323,1.858623570522908,9264,0.9293118449690428,7272.579738094435,8929.232414155995
14434.165803108808,1.0,7.361240743872363e-07,0.9997481289579735,0.9997481289579735,0.0009575275118233798,27792,0.0004791318173276311,512,274249,1.0,6.483612570705481e-07,1.0,1.0,2.077239230932629e-05,9264,1.0710376735190765e-05,7278.877880362343,8936.068306756992
14434.27633851468,1.0,7.336211515129679e-07,0.9997841105354058,0.9997841105354058,0.0009573898133411618,27792,0.0004790617169401618,512,274251,1.0,6.474734959934621e-07,1.0,1.0,2.0317424995811024e-05,9264,1.0482449232452245e-05,7278.922705901343,8937.067900992988
14447.331606217616,1.0,4.771371516532792e-07,0.999892055267703,0.999892055267703,0.00034454895736232496,27792,0.00017251304738710393,512,274499,1.0,4.796292715945096e-07,1.0,1.0,3.4884324436846457e-06,9264,1.9840308925899354e-06,7285.304559552358,8943.986934141998
14447.442141623489,1.0,4.7571739010654513e-07,0.999892055267703,0.999892055267703,0.00035825460126074477,27792,0.00017936515516148976,512,274501,1.0,4.781237327069384e-07,1.0,1.0,3.4184057907362603e-06,9264,1.948264812379983e-06,7285.349623634356,8944.990155861
14460.497409326425,1.0,1.3882011891521208e-07,1.0,1.0,1.9630663439532407e-05,27792,9.884741791855679e-06,512,274749,1.0,1.3973374800213678e-07,1.0,1.0,6.767156032207707e-07,9264,4.0822467566054134e-07,7291.702146948279,8951.881650666997
14460.607944732297,1.0,1.365424808107378e-07,1.0,1.0,1.8807857458261347e-05,27792,9.47219997981171e-06,512,274751,1.0,1.3728882518103916e-07,1.0,1.0,6.69663943650552e-07,9264,4.0347638446488315e-07,7291.747099366294,8952.882897390999
14473.663212435233,1.0,8.707355944183563e-10,1.0,1.0,9.660743258057537e-07,27792,4.834725307385636e-07,512,274999,1.0,9.136289652283998e-10,1.0,1.0,2.3417210101855657e-07,9264,1.175428650363781e-07,7298.084728448332,8959.76036659701
14473.773747841105,1.0,8.149742028801475e-10,1.0,1.0,9.64054191464874e-07,27792,4.824345828692866e-07,512,275001,1.0,8.878929355326352e-10,1.0,1.0,2.2364606801459406e-07,9264,1.1226698051954897e-07,7298.12961252933,8960.776368530001
14486.82901554404,1.0,1.038019766987667e-09,1.0,1.0,2.0808558645221555e-07,27792,1.0456180315830569e-07,512,275249,1.0,1.003705071464556e-09,1.0,1.0,1.5206131565122355e-07,9264,7.653251040467919e-08,7304.449261764341,8967.635907577001
14486.939550949914,1.0,9.736797091107827e-10,1.0,1.0,1.809754632189747e-07,27792,9.097457153729061e-08,512,275251,1.0,9.007609618854193e-10,1.0,1.0,1.4736449180254914e-07,9264,7.413262642095044e-08,7304.494008459333,8968.637541475997
14499.994818652849,1.0,4.413728632627542e-09,1.0,1.0,6.130715109896887e-05,27792,3.0655782414030846e-05,512,275499,1.0,4.478068626332641e-09,1.0,1.0,6.165952855995164e-05,9264,3.083200331455935e-05,7310.776852299321,8975.459413981996
14500.055267702935,1.0,4.242155107458394e-09,0.811996257915947,0.811996257915947,0.9285326023244556,27792,0.46426630102496896,512,275501,1.0,4.336520561181098e-09,0.8213514680483592,0.8213514680483592,0.8773031502395919,9264,0.43865157511979597,7310.816217979307,8976.456740619993
14513.110535405873,1.0,9.908370566166737e-10,0.9920120898100173,0.9920120898100173,0.026291211240238064,27792,0.013145606031895508,512,275749,1.0,1.1195171690468039e-09,0.9958981001727115,0.9958981001727115,0.01398812796090551,9264,0.006994064469437319,7317.094443188304,8983.272774505996
14513.221070811744,1.0,1.312537389719722e-09,0.9865788716177317,0.9865788716177317,0.0436416833511906,27792,0.021820841950112947,512,275751,1.0,1.6213697174344738e-09,0.9909326424870466,0.9909326424870466,0.029292481098909556,9264,0.014646241475951846,7317.139321462302,8984.274868273002
14526.27633851468,1.0,3.0025366188740546e-11,0.9975892343120323,0.9975892343120323,0.009453477469853581,27792,0.004726738732782121,512,275999,1.0,7.720808371833938e-11,0.9991364421416234,0.9991364421416234,0.0028494442290335326,9264,0.0014247221402527962,7323.411637258287,8991.084656988009
14526.386873920552,1.0,3.0025366188740546e-11,0.997769142199194,0.997769142199194,0.00811198224014912,27792,0.00405599112007456,512,276001,1.0,6.434007040444402e-11,0.9991364421416234,0.9991364421416234,0.003104410682755019,9264,0.0015522053606795317,7323.456384834295,8992.08787607099
14539.442141623489,1.0,0.0,0.9969415659182499,0.9969415659182499,0.009425233672096871,27792,0.0047126168360484355,512,276249,1.0,0.0,0.9987046632124352,0.9987046632124352,0.00453774939534063,9264,0.002268874697670315,7329.77426946535,8998.943103308993
14539.552677029362,1.0,0.0,0.9964018422567645,0.9964018422567645,0.011671473406722784,27792,0.005835736703361392,512,276251,1.0,0.0,0.9989205526770294,0.9989205526770294,0.005069657040692364,9264,0.002534828520346182,7329.819015861358,8999.943615415003
14552.607944732297,1.0,8.578666747738629e-11,0.9995682210708118,0.9995682210708118,0.0015761263130493269,27792,0.0007880631908393697,512,276499,1.0,3.860404070867951e-11,1.0,1.0,3.3435791282309784e-05,9264,1.6717914943177163e-05,7336.093708486311,9006.755788354
14552.71848013817,1.0,8.149733737602237e-11,0.9995682210708118,0.9995682210708118,0.0015692817823407517,27792,0.0007846409254850821,512,276501,1.0,3.860404070867951e-11,1.0,1.0,3.292356919443367e-05,9264,1.6461803905522314e-05,7336.138413664303,9007.756396034994
14565.773747841105,1.0,2.573602151450101e-11,0.9997121473805411,0.9997121473805411,0.0008821625976573148,27792,0.000441081307407334,512,276749,1.0,5.1472052488587955e-11,1.0,1.0,4.2749275296685425e-06,9264,2.137489500863967e-06,7342.494157077323,9014.649406969998
14565.884283246978,1.0,2.573602151450101e-11,0.9997121473805411,0.9997121473805411,0.0008764735473176865,27792,0.0004382367822375198,512,276751,1.0,5.1472052488587955e-11,1.0,1.0,4.188635478186058e-06,9264,2.0943434751227248e-06,7342.538881054323,9015.64990047799
14578.939550949914,1.0,4.289338026962935e-12,0.9999280368451353,0.9999280368451353,0.0001977455778272532,27792,9.887279105829574e-05,512,276999,1.0,1.2868014080888805e-11,1.0,1.0,6.250764614843525e-07,9264,3.125446647496002e-07,7348.876429637341,9022.526557259
14579.0,1.0,4.289338026962935e-12,0.9999280368451353,0.9999280368451353,0.00019737033581633792,27792,9.868517005296899e-05,48,277001,1.0,1.2868014080888805e-11,1.0,1.0,6.218079857129905e-07,9264,3.1091042686391916e-07,7348.91588629035,9023.521591603989
14592.055267702935,1.0,0.0,1.0,1.0,1.4078944277424673e-05,27792,7.0394721387123365e-06,512,277249,1.0,0.0,1.0,1.0,2.6578879307936954e-07,9264,1.3289439653968477e-07,7355.235439326352,9030.379182598
14592.165803108808,1.0,0.0,1.0,1.0,1.2671778881497535e-05,27792,6.335889440748767e-06,512,277251,1.0,0.0,1.0,1.0,2.7022825506028373e-07,9264,1.3511412753014187e-07,7355.280028788344,9031.378278682998
14605.221070811744,1.0,3.0883233231671265e-10,1.0,1.0,3.393530176277028e-07,27792,1.6983092499202598e-07,512,277499,1.0,1.6728418228456103e-10,1.0,1.0,1.7198100096676755e-07,9264,8.6074142579895e-08,7361.6064684063895,9038.242781870998
14605.331606217616,1.0,3.0454299403408524e-10,1.0,1.0,3.7336592493188664e-07,27792,1.8683523397497658e-07,512,277501,1.0,1.6728418228456103e-10,1.0,1.0,2.370931451014336e-07,9264,1.1863021464722805e-07,7361.651166466378,9039.244402201992
14618.386873920552,1.0,4.5895916044810604e-10,1.0,1.0,1.5723425078053593e-07,27792,7.884660498838853e-08,512,277749,1.0,3.8604041705771e-10,1.0,1.0,1.4001685532440836e-07,9264,7.020144788492241e-08,7368.04418088634,9046.176372194997
14618.497409326425,1.0,1.016573080943484e-09,1.0,1.0,2.405374752993195e-07,27792,1.207770242361511e-07,512,277751,1.0,8.621569211767398e-10,1.0,1.0,2.2907637185120297e-07,9264,1.1496926442300553e-07,7368.088828997352,9047.17584939499
14631.552677029362,1.0,4.804058381576268e-09,1.0,1.0,2.0121712186539144e-07,27792,1.0301059037096708e-07,512,277999,1.0,4.85124105768822e-09,1.0,1.0,1.896230508940167e-07,9264,9.723714624583416e-08,7374.44753212529,9054.073238743993
14631.663212435233,1.0,1.8701513153283894e-09,1.0,1.0,1.664005698321159e-07,27792,8.413536066167073e-08,512,278001,1.0,1.647105753266186e-09,1.0,1.0,1.512377642717617e-07,9264,7.644243508614531e-08,7374.492177555272,9055.072559551001
14644.71848013817,1.0,2.0159888547760657e-10,1.0,1.0,1.4847971762890375e-07,27792,7.434065829681867e-08,512,278249,1.0,1.1581212672799925e-10,1.0,1.0,1.34264852687405e-07,9264,6.719033241051797e-08,7380.810715547355,9061.930397981996
14644.82901554404,1.0,5.404565824490729e-10,1.0,1.0,1.8560393732343888e-07,27792,9.307219697352497e-08,512,278251,1.0,3.217003474202594e-10,1.0,1.0,1.7199387212322062e-07,9264,8.615778624720883e-08,7380.855328486352,9062.930784141005
14657.884283246978,1.0,1.5741870042511713e-09,1.0,1.0,1.994327649938314e-07,27792,1.0050347607177784e-07,512,278499,1.0,1.389745468580436e-09,1.0,1.0,1.900734329844952e-07,9264,9.573158929403324e-08,7387.163112644303,9069.777771427995
14657.994818652849,1.0,3.1741099681460384e-09,1.0,1.0,1.4282208095771904e-07,27792,7.299809567615672e-08,512,278501,1.0,3.0883231953348843e-09,1.0,1.0,1.2870587027311986e-07,9264,6.58970969183058e-08,7387.207770967303,9070.78032939299
14671.0,1.0,8.505756697707704e-09,1.0,1.0,1.534253257159749e-07,27792,8.096554176521253e-08,48,278749,1.0,8.441416756925153e-09,1.0,1.0,1.3820246523085695e-07,9264,7.332194148553385e-08,7393.524314174319,9077.635481520003
14671.110535405873,1.0,1.0423091165195316e-09,1.0,1.0,1.8528223957024614e-07,27792,9.31622743864623e-08,512,278751,1.0,8.364208884130015e-10,1.0,1.0,1.7479909936005895e-07,9264,8.781776016258565e-08,7393.569163495296,9078.638440031995
14684.165803108808,1.0,3.0025366188740546e-11,1.0,1.0,1.5863687225296806e-07,27792,7.933344884319828e-08,512,278999,1.0,2.573602816177761e-11,1.0,1.0,1.441217520608828e-07,9264,7.207374404528928e-08,7399.969119452282,9085.578809219995
14684.27633851468,1.0,1.616651385191297e-08,1.0,1.0,1.6891841611642598e-07,27792,9.254246605182437e-08,512,279001,1.0,1.530006788084314e-08,1.0,1.0,1.5341245878105378e-07,9264,8.43562642175929e-08,7400.013814016282,9086.580695514
14697.331606217616,1.0,1.37258815840156e-10,1.0,1.0,1.614420994898064e-07,27792,8.078967919015029e-08,512,279249,1.0,9.007609779922818e-11,1.0,1.0,1.4762185209950677e-07,9264,7.385596410172098e-08,7406.356427114377,9093.461846132996
14697.442141623489,1.0,1.8924557541334786e-08,1.0,1.0,1.5130210431327606e-07,27792,8.511333244083916e-08,512,279251,1.0,1.778359396108312e-08,1.0,1.0,1.3683845565698145e-07,9264,7.731102611292115e-08,7406.401123650372,9094.46341172501
14710.497409326425,1.0,1.5819077614645417e-08,1.0,1.0,1.583194601728519e-07,27792,8.706926987959092e-08,512,279499,1.0,1.4682403168144793e-08,1.0,1.0,1.4518979729325702e-07,9264,7.993610111734534e-08,7412.779227046405,9101.380262035003
14710.607944732297,1.0,7.806594989201085e-10,1.0,1.0,1.5130639260435693e-07,27792,7.604352608589756e-08,512,279501,1.0,6.43400683335617e-10,1.0,1.0,1.373789122805925e-07,9264,6.90111565114933e-08,7412.8240738354,9102.381927937997
14723.663212435233,1.0,1.715735210785174e-11,1.0,1.0,1.4546002504873663e-07,27792,7.273859123365863e-08,512,279749,1.0,1.2868014080888805e-11,1.0,1.0,1.317041177326764e-07,9264,6.585849289830595e-08,7419.117334930423,9109.213848130996
14723.773747841105,1.0,4.675378395700058e-10,1.0,1.0,1.7234559478624098e-07,27792,8.640656632952368e-08,512,279751,1.0,3.603043881289389e-10,1.0,1.0,1.6287044969424725e-07,9264,8.161537705499398e-08,7419.161988739419,9110.215764765002
14736.82901554404,1.0,0.0,1.0,1.0,1.4818804419648767e-07,27792,7.409402213096888e-08,512,279999,1.0,0.0,1.0,1.0,1.3328688355896593e-07,9264,6.664344177948296e-08,7425.45244927641,9117.04502160399
14736.939550949914,1.0,1.1109385149800238e-09,1.0,1.0,1.4608626791439937e-07,27792,7.359860329752499e-08,512,280001,1.0,8.621569188757595e-10,1.0,1.0,1.3152396552480606e-07,9264,6.619306125980709e-08,7425.497135548409,9118.058507925001
14749.994818652849,1.0,2.8309629676623145e-09,1.0,1.0,1.4543857783372263e-07,27792,7.413477055012836e-08,512,280249,1.0,2.3677144850384435e-09,1.0,1.0,1.3366005598955453e-07,9264,6.801388536078243e-08,7431.7596746294075,9124.859721640009
14750.055267702935,1.0,7.76370140388854e-09,1.0,1.0,1.5124205357731927e-07,27792,7.950287796716249e-08,512,280251,1.0,7.025935217231307e-09,1.0,1.0,1.3973375899775494e-07,9264,7.337984755234932e-08,7431.799264151414,9125.854194688
14763.110535405873,1.0,6.738549554340586e-09,1.0,1.0,1.3607924065382786e-07,27792,7.140889554791777e-08,512,280499,1.0,5.970758097880124e-09,1.0,1.0,1.2427927316544836e-07,9264,6.512501602743286e-08,7438.067561135365,9132.659941099002
14763.221070811744,1.0,3.560150488236536e-10,1.0,1.0,1.343249007726324e-07,27792,6.734045795777029e-08,512,280501,1.0,3.217003458862725e-10,1.0,1.0,1.2310828386337866e-07,9264,6.171499209274406e-08,7438.1123727683735,9133.660895018998
14776.27633851468,1.0,9.466568342116031e-09,1.0,1.0,1.1923930071608618e-07,27792,6.435293515292245e-08,512,280749,1.0,8.673040921409912e-09,1.0,1.0,1.0729349361533135e-07,9264,5.7983267811401996e-08,7444.3399532023395,9140.425450784998
14776.386873920552,1.0,1.71573514328975e-09,1.0,1.0,1.3782929283299344e-07,27792,6.97725140730222e-08,512,280751,1.0,1.51842560402037e-09,1.0,1.0,1.283713019361625e-07,9264,6.494486381956251e-08,7444.384690026338,9141.426390879991
14789.442141623489,1.0,0.0,1.0,1.0,1.222461267867579e-07,27792,6.1123063426104e-08,512,280999,1.0,0.0,1.0,1.0,1.1088366970880292e-07,9264,5.544183485440146e-08,7450.597420306331,9148.176407095001
14789.552677029362,1.0,3.95219564892934e-08,1.0,1.0,1.3343701036613284e-07,27792,8.647948089152143e-08,512,281001,1.0,3.8655510295284144e-08,1.0,1.0,1.244465573584708e-07,9264,8.155103148294549e-08,7450.642051140334,9149.176758799003
14802.607944732297,1.0,0.0,1.0,1.0,1.2092501066115876e-07,27792,6.046250533057938e-08,512,281249,1.0,0.0,1.0,1.0,1.1009872085216969e-07,9264,5.504936040154105e-08,7456.834190993388,9155.905256761005
14802.71848013817,1.0,0.0,1.0,1.0,1.265783585176617e-07,27792,6.328917925883085e-08,512,281251,1.0,0.0,1.0,1.0,1.1532313488040989e-07,9264,5.766156741566115e-08,7456.878782066393,9156.904550093997
14815.773747841105,1.0,1.051316655582658e-08,1.0,1.0,1.1824417423451663e-07,27792,6.437867118261822e-08,512,281499,1.0,9.792557918650182e-09,1.0,1.0,1.0949392415431922e-07,9264,5.964324172677881e-08,7463.09980226936,9163.661752982996
14815.884283246978,1.0,3.9890843318391465e-10,1.0,1.0,1.1289108005779761e-07,27792,5.664499425904098e-08,512,281501,1.0,3.731724006758408e-10,1.0,1.0,1.0183745531982927e-07,9264,5.110531387520893e-08,7463.144577569357,9164.665096441997
14828.939550949914,1.0,0.0,1.0,1.0,1.1126542084868181e-07,27792,5.563271042434091e-08,512,281749,1.0,0.0,1.0,1.0,9.890354788542454e-08,9264,4.945177394271227e-08,7469.411990603388,9171.470809478997
14829.0,1.0,0.0,1.0,1.0,1.418484027383652e-07,27792,7.092420140190767e-08,48,281751,1.0,0.0,1.0,1.0,1.3544871005341016e-07,9264,6.772435502670508e-08,7469.451452751375,9172.467578841999
14842.055267702935,1.0,0.0,1.0,1.0,9.570370155930954e-08,27792,4.785185077965477e-08,512,281999,1.0,0.0,1.0,1.0,8.431122145321753e-08,9264,4.215561072660876e-08,7475.695515338433,9179.250654303003
14842.165803108808,1.0,0.0,1.0,1.0,1.1069064951880974e-07,27792,5.534532475940487e-08,512,282001,1.0,0.0,1.0,1.0,1.0173451198644752e-07,9264,5.086725596867997e-08,7475.740335017421,9180.25214351801
14855.221070811744,1.0,0.0,1.0,1.0,1.2314259848782703e-07,27792,6.157129927663857e-08,512,282249,1.0,0.0,1.0,1.0,1.1564483520251936e-07,9264,5.782241760125968e-08,7482.0422367343635,9187.09329552899
14855.331606217616,1.0,0.0,1.0,1.0,9.011469482424773e-08,27792,4.5057347412123866e-08,512,282251,1.0,0.0,1.0,1.0,7.747830792519595e-08,9264,3.873915396259797e-08,7482.086912821367,9188.09566430599
14868.386873920552,1.0,0.0,1.0,1.0,1.1540034295313465e-07,27792,5.7700171476567324e-08,512,282499,1.0,0.0,1.0,1.0,1.0858029510011958e-07,9264,5.429014755005979e-08,7488.423535900387,9194.972300638998
14868.497409326425,1.0,2.9433435613820775e-08,1.0,1.0,9.903651766671147e-08,27792,6.423497808834976e-08,512,282501,1.0,2.9467750455072642e-08,1.0,1.0,8.830030605606102e-08,9264,5.888402885075375e-08,7488.46845163039,9195.974003848009
14881.552677029362,1.0,2.3934505119218986e-09,1.0,1.0,9.619697546181169e-08,27792,4.9295213111758894e-08,512,282749,1.0,1.955938072032681e-09,1.0,1.0,8.75925668102301e-08,9264,4.47742525335541e-08,7494.746578214392,9202.791970774997
14881.663212435233,1.0,8.810299784292334e-09,1.0,1.0,1.0287976450614521e-07,27792,5.5845032669330966e-08,512,282751,1.0,8.235528519359038e-09,1.0,1.0,9.546778875552885e-08,9264,5.185165912908675e-08,7494.791285529398,9203.792875528
14894.71848013817,1.0,2.5478666862615185e-09,1.0,1.0,9.526618983988284e-08,27792,4.890702838988176e-08,512,282999,1.0,2.1875623270226665e-09,1.0,1.0,8.5919726450808e-08,9264,4.405364448747399e-08,7501.052832508445,9210.592835228003
14894.82901554404,1.0,7.176062078599083e-09,1.0,1.0,9.784837070062325e-08,27792,5.251221682372946e-08,512,283001,1.0,6.472610584141324e-09,1.0,1.0,8.993454394174207e-08,9264,4.8203577705113424e-08,7501.097440669459,9211.593236864996
14907.884283246978,1.0,0.0,1.0,1.0,1.1703887011164822e-07,27792,5.851943505582411e-08,512,283249,1.0,0.0,1.0,1.0,1.139462572425989e-07,9264,5.697312862129945e-08,7507.636752965533,9218.676002897002
14907.994818652849,1.0,0.0,1.0,1.0,7.942137893626493e-08,27792,3.9710689468132466e-08,512,283251,1.0,0.0,1.0,1.0,6.654049766069991e-08,9264,3.327024883034996e-08,7507.6851295905435,9219.697435096998
14921.0,1.0,0.0,1.0,1.0,1.0316286109459906e-07,27792,5.158143054729953e-08,48,283499,1.0,0.0,1.0,1.0,9.692187600414215e-08,9264,4.8460938002071075e-08,7515.049008966533,9227.63164245899
14921.110535405873,1.0,0.0,1.0,1.0,8.821880887412901e-08,27792,4.4109404437064505e-08,512,283501,1.0,0.0,1.0,1.0,7.795442683077147e-08,9264,3.8977213415385735e-08,7515.093879925516,9228.632919409996
14934.165803108808,1.0,9.007609831055715e-11,1.0,1.0,9.913088310892927e-08,27792,4.961047960643223e-08,512,283749,1.0,1.0294411111312354e-10,1.0,1.0,9.337030469152794e-08,9264,4.6736624405155495e-08,7521.324905250534,9235.400973462994
14934.27633851468,1.0,0.0,1.0,1.0,9.166743737696232e-08,27792,4.583371868848116e-08,512,283751,1.0,0.0,1.0,1.0,8.343620115596932e-08,9264,4.171810057798466e-08,7521.369471130543,9236.402885421994
14947.331606217616,1.0,3.448627602894324e-09,1.0,1.0,8.139018651699307e-08,27792,4.2419407248112763e-08,512,283999,1.0,3.075455204263799e-09,1.0,1.0,6.996338963478038e-08,9264,3.6519422591712123e-08,7527.6077833925665,9243.180517809
14947.442141623489,1.0,5.241570759339016e-09,1.0,1.0,1.0041339604083617e-07,27792,5.282748371110344e-08,512,284001,1.0,4.825505076313043e-09,1.0,1.0,9.559647047481028e-08,9264,5.021098802138306e-08,7527.65232373758,9244.18116723199
14960.497409326425,1.0,3.0119729477240733e-08,1.0,1.0,8.790568979750153e-08,27792,5.9012708729250885e-08,512,284249,1.0,3.016262286415764e-08,1.0,1.0,8.11328264981984e-08,9264,5.564772311651137e-08,7533.878542848601,9250.944967265998
14960.607944732297,1.0,0.0,1.0,1.0,9.219502729472766e-08,27792,4.609751364736383e-08,512,284251,1.0,0.0,1.0,1.0,8.519911919012919e-08,9264,4.2599559595064593e-08,7533.923212733607,9251.946305032005
14973.663212435233,1.0,0.0,1.0,1.0,8.386513418246823e-08,27792,4.193256709123412e-08,512,284499,1.0,0.0,1.0,1.0,7.556097606906538e-08,9264,3.778048803453269e-08,7540.165430879584,9258.72642767799
14973.773747841105,1.0,0.0,1.0,1.0,9.292850414105695e-08,27792,4.6464252070528476e-08,512,284501,1.0,0.0,1.0,1.0,8.688482834980047e-08,9264,4.344241417490023e-08,7540.2101557855785,9259.728676644008
14986.82901554404,1.0,0.0,1.0,1.0,9.03806374629767e-08,27792,4.5190318747850873e-08,512,284749,1.0,0.0,1.0,1.0,8.175049121089675e-08,9264,4.087524560544837e-08,7546.4592474725505,9266.516625324002
14986.939550949914,1.0,4.892418535031162e-08,1.0,1.0,8.341904300107499e-08,27792,6.617161376663012e-08,512,284751,1.0,4.958045411573488e-08,1.0,1.0,7.213808414407248e-08,9264,6.085926912990368e-08,7546.503828492554,9267.516534127994
14999.994818652849,1.0,0.0,1.0,1.0,9.546350123348673e-08,27792,4.773175061674336e-08,512,284999,1.0,0.0,1.0,1.0,9.035919157332738e-08,9264,4.517959578666369e-08,7552.821505008571,9274.37179371799
15000.055267702935,1.0,0.0,1.0,1.0,7.833617765976235e-08,27792,3.916808882988118e-08,512,285001,1.0,0.0,1.0,1.0,6.845783108763307e-08,9264,3.422891554381654e-08,7552.860791920568,9275.377701912003
15013.110535405873,1.0,1.3168267280023493e-09,1.0,1.0,8.609559008943449e-08,27792,4.3706208471100556e-08,512,285249,1.0,1.003705078367497e-09,1.0,1.0,7.931843640464699e-08,9264,4.0161070781390905e-08,7559.210862863525,9282.26613742899
15013.221070811744,1.0,4.336520504167919e-09,1.0,1.0,8.947987825622795e-08,27792,4.690819962998214e-08,512,285251,1.0,4.104896293152224e-09,1.0,1.0,8.371929748262273e-08,9264,4.391209710954858e-08,7559.255988205528,9283.272841703001
15026.27633851468,1.0,1.681420440863698e-09,1.0,1.0,9.695619226484323e-08,27792,4.931880643581659e-08,512,285499,1.0,1.2610653469463844e-09,1.0,1.0,9.163312661407032e-08,9264,4.644709603458139e-08,7565.5229668705,9290.078521723
15026.386873920552,1.0,3.2813433850723997e-09,1.0,1.0,8.94712995796627e-08,27792,4.637632168293634e-08,512,285501,1.0,2.9210390015454213e-09,1.0,1.0,8.22137389600192e-08,9264,4.256738916524424e-08,7565.5676577495105,9291.080621728004
15039.442141623489,1.0,4.019109512415471e-09,1.0,1.0,8.951419322428942e-08,27792,4.6766651597555654e-08,512,285749,1.0,3.7831958974113774e-09,1.0,1.0,8.262551622055273e-08,9264,4.320435629291506e-08,7571.745492601585,9297.794615188992
15039.552677029362,1.0,2.9596432002547524e-10,1.0,1.0,8.160036409284183e-08,27792,4.0948164217171555e-08,512,285751,1.0,1.9302020967934517e-10,1.0,1.0,7.230536831255116e-08,9264,3.6249194267634696e-08,7571.7901212625875,9298.795470065
15052.607944732297,1.0,4.289338026962935e-11,1.0,1.0,7.665046797649021e-08,27792,3.8346680696020767e-08,512,285999,1.0,5.147205632355522e-11,1.0,1.0,6.598717304678477e-08,9264,3.3019322553088145e-08,7578.071955854612,9305.615574533003
15052.71848013817,1.0,1.7161640366207584e-08,1.0,1.0,8.903807641311734e-08,27792,5.309985878645374e-08,512,286001,1.0,1.6908569337991826e-08,1.0,1.0,8.223947577511627e-08,9264,4.957402285721548e-08,7578.11661241261,9306.61739953101
15065.773747841105,1.0,5.353093472874694e-09,1.0,1.0,9.424104191734137e-08,27792,4.9797068047030195e-08,512,286249,1.0,4.954185222490886e-09,1.0,1.0,8.653739273430894e-08,9264,4.5745789225371804e-08,7584.454413102547,9313.49593099
15065.884283246978,1.0,0.0,1.0,1.0,8.842898985338338e-08,27792,4.421449492669169e-08,512,286251,1.0,0.0,1.0,1.0,7.911254816708088e-08,9264,3.955627408354044e-08,7584.499056613546,9314.498967016
15078.939550949914,1.0,2.813805614531805e-09,1.0,1.0,8.624571719112688e-08,27792,4.4529761568627765e-08,512,286499,1.0,2.470658580811698e-09,1.0,1.0,7.831473124651217e-08,9264,4.039269504865279e-08,7590.866268658545,9321.408511360001
15079.0,1.0,5.576139435051816e-11,1.0,1.0,7.960582130054426e-08,27792,3.9830791349109206e-08,48,286501,1.0,6.434006963745057e-11,1.0,1.0,6.942293298662554e-08,9264,3.474363653043247e-08,7590.906267536535,9322.407106229002
15092.055267702935,1.0,0.0,1.0,1.0,7.428275327720493e-08,27792,3.714137663860247e-08,512,286749,1.0,0.0,1.0,1.0,6.358085427023078e-08,9264,3.179042713511539e-08,7597.287023185556,9329.33126526099
15092.165803108808,1.0,0.0,1.0,1.0,9.522330064586348e-08,27792,4.761165032293174e-08,512,286751,1.0,0.0,1.0,1.0,9.021764498080327e-08,9264,4.5108822490401636e-08,7597.331937248557,9330.336951603007
15105.221070811744,1.0,0.0,1.0,1.0,7.956721800867686e-08,27792,3.9783609020700954e-08,512,286999,1.0,0.0,1.0,1.0,7.005346571417177e-08,9264,3.5026732857085886e-08,7603.661010326519,9337.206786051
15105.331606217616,1.0,0.0,1.0,1.0,9.022622337920556e-08,27792,4.511311168960278e-08,512,287001,1.0,0.0,1.0,1.0,8.312736879962014e-08,9264,4.156368439981007e-08,7603.705671239521,9338.20970565299
15118.386873920552,1.0,0.0,1.0,1.0,9.081386246212509e-08,27792,4.5406931231062547e-08,512,287249,1.0,0.0,1.0,1.0,8.445277432895202e-08,9264,4.222638716447601e-08,7609.998837840525,9345.042290345009
15118.497409326425,1.0,0.0,1.0,1.0,8.417396680061784e-08,27792,4.208698340030892e-08,512,287251,1.0,0.0,1.0,1.0,7.548376797997808e-08,9264,3.774188398998904e-08,7610.043440001507,9346.043413139996
15131.552677029362,1.0,0.0,1.0,1.0,8.814160497384863e-08,27792,4.407080250328685e-08,512,287499,1.0,0.0,1.0,1.0,7.927983236010334e-08,9264,3.963991618005167e-08,7616.281750556482,9352.818906589993
15131.663212435233,1.0,0.0,1.0,1.0,9.92681479553833e-08,27792,4.963407397769165e-08,512,287501,1.0,0.0,1.0,1.0,9.457990201423535e-08,9264,4.7289951007117674e-08,7616.3264100714805,9353.821927240002
15144.71848013817,1.0,0.0,1.0,1.0,8.639584376921841e-08,27792,4.319792188460921e-08,512,287749,1.0,0.0,1.0,1.0,7.902247206314571e-08,9264,3.9511236031572853e-08,7622.620166170418,9360.654643755988
15144.82901554404,1.0,0.0,1.0,1.0,9.369200897336895e-08,27792,4.6846004486684474e-08,512,287751,1.0,0.0,1.0,1.0,8.692343317974541e-08,9264,4.3461716589872703e-08,7622.664792153402,9361.655920788005
15157.884283246978,1.0,0.0,1.0,1.0,8.078967941922567e-08,27792,4.0394839709612834e-08,512,287999,1.0,0.0,1.0,1.0,7.188072382257105e-08,9264,3.594036191128553e-08,7628.950441748413,9368.481637610006
15157.994818652849,1.0,0.0,1.0,1.0,9.599538127493599e-08,27792,4.7997690637467994e-08,512,288001,1.0,0.0,1.0,1.0,8.930401514120233e-08,9264,4.4652007570601165e-08,7628.9950980094145,9369.483227927005
15171.0,1.0,0.0,1.0,1.0,1.0637557599188786e-07,27792,5.318778799594393e-08,48,288249,1.0,0.0,1.0,1.0,1.0276395474508068e-07,9264,5.138197737254034e-08,7635.274752118479,9376.301122974997
15171.110535405873,1.0,0.0,1.0,1.0,7.848630348517765e-08,27792,3.924315174258882e-08,512,288251,1.0,0.0,1.0,1.0,6.907549658573272e-08,9264,3.453774829286636e-08,7635.319473432479,9377.301927341003
15184.165803108808,1.0,0.0,1.0,1.0,9.821725588733267e-08,27792,4.9108627943666334e-08,512,288499,1.0,0.0,1.0,1.0,9.285558566841524e-08,9264,4.642779283420762e-08,7641.51237428742,9384.030450357008
15184.27633851468,1.0,0.0,1.0,1.0,9.814433870733059e-08,27792,4.9072169353665295e-08,512,288501,1.0,0.0,1.0,1.0,9.40394438198217e-08,9264,4.701972190991085e-08,7641.556944842414,9385.029373575002
15197.331606217616,1.0,0.0,0.9880181347150259,0.9880181347150259,0.036778871877205806,27792,0.018389435938602903,512,288749,1.0,0.0,0.9957901554404145,0.9957901554404145,0.017018300186784775,9264,0.008509150093392388,7647.7972537214155,9391.806188338
15197.442141623489,1.0,0.0,0.992084052964882,0.992084052964882,0.02694810120518618,27792,0.01347405060259309,512,288751,1.0,0.0,0.9967616580310881,0.9967616580310881,0.012246617136944554,9264,0.006123308568472277,7647.8418797424165,9392.807411144997
15210.497409326425,1.0,8.57867605392587e-12,0.9997121473805411,0.9997121473805411,0.000595406345110526,27792,0.00029770317684460127,512,288999,1.0,0.0,1.0,1.0,6.545223794449869e-06,9264,3.2726118972249343e-06,7654.249505969441,9399.754140958
15210.607944732297,1.0,8.57867605392587e-12,0.9997481289579735,0.9997481289579735,0.000586759840434757,27792,0.0002933799245067168,512,289001,1.0,0.0,1.0,1.0,6.408841590874483e-06,9264,3.2044207954372417e-06,7654.294164137435,9400.756698362005
15223.663212435233,1.0,0.0,1.0,1.0,0.00015558810528232644,27792,7.779405264116322e-05,512,289249,1.0,0.0,1.0,1.0,1.4187985199962476e-06,9264,7.093992599981238e-07,7660.615049501481,9407.616575009
15223.773747841105,1.0,0.0,1.0,1.0,0.00015199438716841473,27792,7.599719358420736e-05,512,289251,1.0,0.0,1.0,1.0,1.396820064126552e-06,9264,6.98410032063276e-07,7660.659634694472,9408.617799803993
15236.82901554404,1.0,0.0,0.9999640184225677,0.9999640184225677,4.662254026060319e-05,27792,2.3311270130301595e-05,512,289499,1.0,0.0,1.0,1.0,2.8685373024374764e-07,9264,1.4342686512187382e-07,7666.957943133537,9415.455268400998
15236.939550949914,1.0,0.0,0.9999640184225677,0.9999640184225677,4.591654898923774e-05,27792,2.295827449461887e-05,512,289501,1.0,0.0,1.0,1.0,2.8574708096682974e-07,9264,1.4287354048341487e-07,7667.002690282534,9416.457047197997
15249.994818652849,1.0,0.0,1.0,1.0,3.206033392506489e-06,27792,1.6030166962532446e-06,512,289749,1.0,0.0,1.0,1.0,1.6478777291096355e-07,9264,8.239388645548178e-08,7672.34913404056,9422.305717898998
15250.055267702935,1.0,0.0,1.0,1.0,2.711883341216324e-06,27792,1.355941670608162e-06,512,289751,1.0,0.0,1.0,1.0,1.5238300816840764e-07,9264,7.619150408420382e-08,7672.382081294563,9423.292797019007
15263.110535405873,1.0,0.0,1.0,1.0,1.8378095755770407e-07,27792,9.189047877885203e-08,512,289999,1.0,0.0,1.0,1.0,1.6518669236686607e-07,9264,8.259334618343303e-08,7678.642374358555,9430.089482562005
15263.221070811744,1.0,0.0,1.0,1.0,1.50620089054321e-07,27792,7.53100445271605e-08,512,290001,1.0,0.0,1.0,1.0,1.2840990593161855e-07,9264,6.420495296580928e-08,7678.686965515546,9431.101566393001
15276.27633851468,1.0,3.217003453749435e-10,1.0,1.0,1.5895428119147905e-07,27792,7.963799078133804e-08,512,290249,1.0,2.83096305177593e-10,1.0,1.0,1.459361421544342e-07,9264,7.310961924054381e-08,7684.999583704688,9437.954372734006
15276.386873920552,1.0,3.431470421570348e-11,1.0,1.0,1.5060294060240518e-07,27792,7.53186276543331e-08,512,290251,1.0,3.860404224266642e-11,1.0,1.0,1.3674837955304626e-07,9264,6.839349179879495e-08,7685.0442848786915,9438.95677297999
15289.442141623489,1.0,9.144868003644028e-09,1.0,1.0,1.6225707428710647e-07,27792,8.570097175283406e-08,512,290499,1.0,8.93040122143553e-09,1.0,1.0,1.51096216108435e-07,9264,8.001330920643264e-08,7691.436233658642,9445.88856785599
15289.552677029362,1.0,1.4240601674271855e-09,1.0,1.0,1.3899599225681711e-07,27792,7.021002631604976e-08,512,290501,1.0,1.2996693914900311e-09,1.0,1.0,1.2546313053145352e-07,9264,6.338140001554481e-08,7691.4808225916495,9446.891000368996
15302.607944732297,1.0,2.1043490456602407e-08,1.0,1.0,1.639470719996591e-07,27792,9.249528283983965e-08,512,290749,1.0,2.1129277226345586e-08,1.0,1.0,1.5269184994957238e-07,9264,8.691056511580994e-08,7697.836513075679,9453.786094764
15302.71848013817,1.0,4.289338026962935e-12,1.0,1.0,1.3630657767721058e-07,27792,6.815543354047166e-08,512,290751,1.0,1.2868014080888805e-11,1.0,1.0,1.2213031468585202e-07,9264,6.107159135034994e-08,7697.8812859846585,9454.788971351998
15315.773747841105,1.0,1.4545144210155182e-08,1.0,1.0,1.3493827876505243e-07,27792,7.474171247344606e-08,512,290999,1.0,1.4244890663316796e-08,1.0,1.0,1.1850153449874921e-07,9264,6.637321346767744e-08,7704.285987337658,9461.735886690993
15315.884283246978,1.0,7.206087714002526e-10,1.0,1.0,1.28658687584736e-07,27792,6.46896482081087e-08,512,291001,1.0,5.018525368827681e-10,1.0,1.0,1.1609521572219524e-07,9264,5.8298534150631325e-08,7704.330783023659,9462.742402409
15328.939550949914,1.0,2.8438309449275175e-09,1.0,1.0,1.4229020458147585e-07,27792,7.256701796415397e-08,512,291249,1.0,2.483526620203371e-09,1.0,1.0,1.2833269784253126e-07,9264,6.540811235408628e-08,7710.709089010656,9469.662051180989
15329.0,1.0,8.964716253924432e-10,1.0,1.0,1.5104045467803578e-07,27792,7.596846322227751e-08,48,291251,1.0,7.592128085296293e-10,1.0,1.0,1.3988817517592953e-07,9264,7.03236940259773e-08,7710.748768741658,9470.660898629998
15342.055267702935,1.0,5.576139435051816e-11,1.0,1.0,1.286715555341338e-07,27792,6.436365849862902e-08,512,291499,1.0,2.573602816177761e-11,1.0,1.0,1.1421648555440443e-07,9264,5.7121110792050094e-08,7717.159017300699,9477.612744479993
15342.165803108808,1.0,0.0,1.0,1.0,1.5150799255084216e-07,27792,7.575399630814613e-08,512,291501,1.0,0.0,1.0,1.0,1.4084040827467283e-07,9264,7.042020413733642e-08,7717.203583177703,9478.614482104997
15355.221070811744,1.0,0.0,1.0,1.0,1.3290942175736967e-07,27792,6.645471091140989e-08,512,291749,1.0,0.0,1.0,1.0,1.2050894481501885e-07,9264,6.025447240750943e-08,7723.439672522705,9485.388821481989
15355.331606217616,1.0,0.0,1.0,1.0,1.3752046041119413e-07,27792,6.876023023832213e-08,512,291751,1.0,0.0,1.0,1.0,1.2653117576382775e-07,9264,6.326558788191387e-08,7723.484430999721,9486.390987496998
15368.386873920552,1.0,1.0037050137355152e-08,1.0,1.0,1.280796268511312e-07,27792,6.905833924896474e-08,512,291999,1.0,9.702482014133305e-09,1.0,1.0,1.1695737271700335e-07,9264,6.332992798069707e-08,7729.838078277615,9493.284664045
15368.497409326425,1.0,4.804058508385852e-10,1.0,1.0,1.2292813157369565e-07,27792,6.170426876340002e-08,512,292001,1.0,3.2170034818725286e-10,1.0,1.0,1.1227341536146179e-07,9264,5.629755784178563e-08,7729.882825404609,9494.287912603002
15381.552677029362,1.0,1.5012683043237376e-10,1.0,1.0,1.2967526075771871e-07,27792,6.491269379880533e-08,512,292249,1.0,1.0294411264711044e-10,1.0,1.0,1.2103653342378202e-07,9264,6.056973879582633e-08,7736.262243165584,9501.209283531003
15381.663212435233,1.0,9.179183132262776e-10,1.0,1.0,1.231211517964139e-07,27792,6.201953512717313e-08,512,292251,1.0,6.691367260702702e-10,1.0,1.0,1.1417788155894836e-07,9264,5.742350914097533e-08,7736.306967769582,9502.211449691007
15394.71848013817,1.0,8.57867605392587e-11,1.0,1.0,1.1679008855670594e-07,27792,5.843793766117924e-08,512,292499,1.0,3.860404224266642e-11,1.0,1.0,1.0738356967017894e-07,9264,5.3711086857361294e-08,7742.664125108531,9509.108397397009
15394.82901554404,1.0,3.431470421570348e-11,1.0,1.0,1.108107509907233e-07,27792,5.542253284849216e-08,512,292501,1.0,2.573602816177761e-11,1.0,1.0,1.0046057768201829e-07,9264,5.0243156880400816e-08,7742.708785902534,9510.112509740997
15407.884283246978,1.0,5.3445148599698955e-09,1.0,1.0,1.1469260213650113e-07,27792,6.001855881832745e-08,512,292749,1.0,4.761164901597489e-09,1.0,1.0,1.0536329138814901e-07,9264,5.5062228416388936e-08,7749.095250349477,9517.040840811009
15407.994818652849,1.0,3.770327948524932e-09,1.0,1.0,1.0668440756283574e-07,27792,5.5227367956632615e-08,512,292751,1.0,3.384287512292386e-09,1.0,1.0,9.65229659730552e-08,9264,4.995362693902412e-08,7749.140491328471,9518.044521363001
15421.0,1.0,0.0,1.0,1.0,1.0168303912529215e-07,27792,5.084151956264608e-08,48,292999,1.0,0.0,1.0,1.0,9.002462004567726e-08,9264,4.501231002283863e-08,7755.468594887439,9524.913841856993
15421.110535405873,1.0,0.0,1.0,1.0,1.16674276423075e-07,27792,5.83371382115375e-08,512,293001,1.0,0.0,1.0,1.0,1.0821999068437888e-07,9264,5.410999534218944e-08,7755.513329958434,9525.915631744996
15434.165803108808,1.0,6.755706893153885e-09,1.0,1.0,9.957268469023947e-08,27792,5.316419624268883e-08,512,293249,1.0,6.1509103088184496e-09,1.0,1.0,8.93297503854968e-08,9264,4.7740330716848465e-08,7761.794823477365,9532.737296136998
15434.27633851468,1.0,9.436543380644168e-10,1.0,1.0,1.0400786047447622e-07,27792,5.2475757448327126e-08,512,293251,1.0,7.334767880377862e-10,1.0,1.0,9.524903166862597e-08,9264,4.7991254282021424e-08,7761.839599414372,9533.738925484999
15447.331606217616,1.0,5.752001931369393e-09,1.0,1.0,9.50688805406824e-08,27792,5.041044158884289e-08,512,293499,1.0,5.121469269784598e-09,1.0,1.0,8.514764634533635e-08,9264,4.513455812739675e-08,7768.121262433451,9540.559676156001
15447.442141623489,1.0,1.0937811667071393e-09,1.0,1.0,1.1158283188159624e-07,27792,5.633830657183312e-08,512,293501,1.0,7.849488443613415e-10,1.0,1.0,1.0564638766571484e-07,9264,5.321566831026162e-08,7768.16588372946,9541.561318333988
15460.497409326425,1.0,1.0315857125725934e-08,1.0,1.0,1.0024611080061198e-07,27792,5.528098468516546e-08,512,293749,1.0,9.959842209847814e-09,1.0,1.0,9.106692846295441e-08,9264,5.0513385977607646e-08,7774.514134350466,9548.449280339002
15460.607944732297,1.0,6.005073153378829e-10,1.0,1.0,1.0912933038393336e-07,27792,5.48649188717506e-08,512,293751,1.0,4.246444608343633e-10,1.0,1.0,1.0347169320551032e-07,9264,5.194816884774522e-08,7774.559011968471,9549.452018518
15473.663212435233,1.0,0.0,1.0,1.0,9.418527816346333e-08,27792,4.709263908173166e-08,512,293999,1.0,0.0,1.0,1.0,8.512191110104189e-08,9264,4.2560955550520946e-08,7780.875050912546,9556.307387576002
15473.773747841105,1.0,0.0,1.0,1.0,9.515895821542018e-08,27792,4.757947910771009e-08,512,294001,1.0,0.0,1.0,1.0,8.773411806607441e-08,9264,4.3867059057580996e-08,7780.919680542545,9557.308817668003
15486.82901554404,1.0,0.0,1.0,1.0,9.151731210787296e-08,27792,4.575865605393648e-08,512,294249,1.0,0.0,1.0,1.0,8.370642868237355e-08,9264,4.1853214341186777e-08,7787.22834316051,9564.156728856993
15486.939550949914,1.0,0.0,1.0,1.0,1.048957542843814e-07,27792,5.24478771421907e-08,512,294251,1.0,0.0,1.0,1.0,9.986865218970847e-08,9264,4.993432609485424e-08,7787.272987662502,9565.15849857399
15499.994818652849,1.0,0.0,1.0,1.0,9.545492465132493e-08,27792,4.7727462325662466e-08,512,294499,1.0,0.0,1.0,1.0,8.835178204245905e-08,9264,4.4175891021229524e-08,7793.519245099487,9571.943651638998
15500.055267702935,1.0,0.0,1.0,1.0,9.353758808278658e-08,27792,4.676879404139329e-08,512,294501,1.0,0.0,1.0,1.0,8.580391588797965e-08,9264,4.290195794398982e-08,7793.5588277894785,9572.940164311003
15513.110535405873,1.0,0.0,1.0,1.0,9.053076377926779e-08,27792,4.5265381889633895e-08,512,294749,1.0,0.0,1.0,1.0,8.28700077172612e-08,9264,4.14350038586306e-08,7799.801150956388,9579.720197599003
15513.221070811744,1.0,0.0,1.0,1.0,9.725644437382455e-08,27792,4.8628222186912274e-08,512,294751,1.0,0.0,1.0,1.0,9.053934221039513e-08,9264,4.5269671105197567e-08,7799.8457913493985,9580.721337174007
15526.27633851468,1.0,8.664462246889973e-09,1.0,1.0,8.549937232994971e-08,27792,4.708191783042855e-08,512,294999,1.0,8.029640280258935e-09,1.0,1.0,7.498191540091067e-08,9264,4.15057783329946e-08,7806.099682620414,9587.512494944996
15526.386873920552,1.0,5.318779061394826e-10,1.0,1.0,8.921822809738682e-08,27792,4.487505302221631e-08,512,295001,1.0,3.217003489542463e-10,1.0,1.0,8.070818200821828e-08,9264,4.0514941189707667e-08,7806.144395270421,9588.526642871002
15539.442141623489,1.0,4.1177644547515207e-10,1.0,1.0,8.669609771080276e-08,27792,4.35539370929675e-08,512,295249,1.0,2.4449226676989386e-10,1.0,1.0,7.906107610768935e-08,9264,3.9652784194899557e-08,7812.416947017431,9595.338165292997
15539.552677029362,1.0,2.74517631168983e-10,1.0,1.0,9.25939365404133e-08,27792,4.643422709525073e-08,512,295251,1.0,1.9302021044633862e-10,1.0,1.0,8.391231691993967e-08,9264,4.205266857132895e-08,7812.461623871437,9596.341100500998
15552.607944732297,1.0,1.629948440019336e-10,1.0,1.0,1.0099245827979347e-07,27792,5.057772656726666e-08,512,295499,1.0,9.007609779922818e-11,1.0,1.0,9.595677960295876e-08,9264,4.8023427853446965e-08,7818.744186870485,9603.162853278001
15552.71848013817,1.0,0.0,1.0,1.0,8.083686217305963e-08,27792,4.0418431086529815e-08,512,295501,1.0,0.0,1.0,1.0,7.016927784780271e-08,9264,3.5084638923901356e-08,7818.788846978474,9604.164708358003
15565.773747841105,1.0,1.2447657924941223e-08,1.0,1.0,9.010611981288854e-08,27792,5.1276889754536656e-08,512,295749,1.0,1.2443368685856415e-08,1.0,1.0,8.043795369641275e-08,9264,4.644066202715745e-08,7825.025104024469,9610.93862495001
15565.884283246978,1.0,6.005073237748109e-11,1.0,1.0,8.238102366028002e-08,27792,4.1220537198118396e-08,512,295751,1.0,2.573602816177761e-11,1.0,1.0,7.157189149076566e-08,9264,3.5798813760230717e-08,7825.069760174454,9611.939640675002
15578.939550949914,1.0,0.0,1.0,1.0,1.0242080897511013e-07,27792,5.1210404487555066e-08,512,295999,1.0,0.0,1.0,1.0,9.743660052506391e-08,9264,4.8718300262531956e-08,7831.352663204343,9618.760497441996
15579.0,1.0,0.0,1.0,1.0,1.0326151901670467e-07,27792,5.163075952471486e-08,48,296001,1.0,0.0,1.0,1.0,9.903223436620131e-08,9264,4.9516117183100656e-08,7831.393043342345,9619.760141256003
15592.055267702935,1.0,0.0,1.0,1.0,8.56666562938968e-08,27792,4.28333281469484e-08,512,296249,1.0,0.0,1.0,1.0,7.81474470534897e-08,9264,3.907372352674485e-08,7837.642853460304,9626.549137306996
15592.165803108808,1.0,4.289338026962935e-12,1.0,1.0,9.44984029997003e-08,27792,4.725134616899147e-08,512,296251,1.0,0.0,1.0,1.0,8.840325410185057e-08,9264,4.4201627050925286e-08,7837.687494504309,9627.549482461996
15605.221070811744,1.0,0.0,1.0,1.0,9.995443841539763e-08,27792,4.9977219207698817e-08,512,296499,1.0,0.0,1.0,1.0,9.553213354217605e-08,9264,4.7766066771088026e-08,7843.9452422752365,9634.344407892
15605.331606217616,1.0,0.0,1.0,1.0,9.528335216722156e-08,27792,4.764167608361078e-08,512,296501,1.0,0.0,1.0,1.0,8.956137622356127e-08,9264,4.478068811178064e-08,7843.9901494022415,9635.34521021499
15618.386873920552,1.0,7.463447967497209e-10,1.0,1.0,8.93812239993284e-08,27792,4.5063784430252784e-08,512,296749,1.0,5.404565821934083e-10,1.0,1.0,8.274132835418368e-08,9264,4.1640892488897366e-08,7850.295413391228,9642.189567305002
15618.497409326425,1.0,5.207256051288345e-09,1.0,1.0,9.168888773358151e-08,27792,4.84480722043456e-08,512,296751,1.0,4.9027130894679846e-09,1.0,1.0,8.552081956132624e-08,9264,4.521176660918469e-08,7850.34004309422,9643.189426926998
15631.552677029362,1.0,4.546698231881366e-10,1.0,1.0,9.558360349080159e-08,27792,4.801913667438005e-08,512,296999,1.0,3.088323341063641e-10,1.0,1.0,8.887937143662351e-08,9264,4.459410189648634e-08,7856.6619200502755,9650.049776486994
15631.663212435233,1.0,2.4706585925722645e-09,1.0,1.0,8.471871223891065e-08,27792,4.359468554485203e-08,512,297001,1.0,2.1875623277896597e-09,1.0,1.0,7.58312043808709e-08,9264,3.9009383452505443e-08,7856.707082021283,9651.053678409997
15644.71848013817,1.0,0.0,0.9991004605641911,0.9991004605641911,0.003499518732487229,27792,0.0017497593662436145,512,297249,1.0,0.0,1.0,1.0,8.783530447324851e-05,9264,4.3917652236624254e-05,7863.030508716285,9657.917742816004
15644.82901554404,1.0,0.0,0.9990644789867588,0.9990644789867588,0.003194881376859163,27792,0.0015974406884295815,512,297251,1.0,0.0,1.0,1.0,7.72980269103348e-05,9264,3.86490134551674e-05,7863.075173245292,9658.917889353994
15657.884283246978,1.0,0.0,0.9996761658031088,0.9996761658031088,0.0011855577049395161,27792,0.0005927788524697581,512,297499,1.0,0.0,1.0,1.0,2.708558529395339e-06,9264,1.3542792646976695e-06,7869.373878359205,9665.755334526999
15657.994818652849,1.0,0.0,0.9996761658031088,0.9996761658031088,0.001181687077450543,27792,0.0005908435387252715,512,297501,1.0,0.0,1.0,1.0,2.683762623481123e-06,9264,1.3418813117405614e-06,7869.4187061882185,9666.757600890007
15671.0,1.0,0.0,0.9999280368451353,0.9999280368451353,0.00039816728089231017,27792,0.00019908364044615508,48,297749,1.0,0.0,1.0,1.0,6.514554010467007e-07,9264,3.2572770052335033e-07,7875.7463954052,9673.623299699
15671.110535405873,1.0,0.0,0.9999280368451353,0.9999280368451353,0.00039428267650238935,27792,0.00019714133825119467,512,297751,1.0,0.0,1.0,1.0,6.467457015255157e-07,9264,3.2337285076275786e-07,7875.791315901195,9674.627661838997
15684.165803108808,1.0,0.0,0.9999640184225677,0.9999640184225677,9.060610604756661e-05,27792,4.5303053023783304e-05,512,297999,1.0,0.0,1.0,1.0,2.1372483013767944e-07,9264,1.0686241506883972e-07,7882.1366873441875,9681.512456675002
15684.27633851468,1.0,0.0,0.9999640184225677,0.9999640184225677,8.197691013315027e-05,27792,4.098845506664059e-05,512,298001,1.0,0.0,1.0,1.0,2.16723077597236e-07,9264,1.08361538798618e-07,7882.181281124176,9682.514934966995
15697.331606217616,1.0,0.0,1.0,1.0,2.2492383535551497e-07,27792,1.1246191767775748e-07,512,298249,1.0,0.0,1.0,1.0,1.4964212100580871e-07,9264,7.482106050290436e-08,7888.538044670284,9689.411737773
15697.442141623489,1.0,0.0,1.0,1.0,2.2518052334896249e-07,27792,1.1259026167448124e-07,512,298251,1.0,0.0,1.0,1.0,1.4787920297164885e-07,9264,7.393960148582442e-08,7888.604662067286,9690.484103032999
15710.497409326425,1.0,1.2439080227059614e-10,1.0,1.0,1.6083730069755247e-07,27792,8.04808457865994e-08,512,298499,1.0,1.158121259610058e-10,1.0,1.0,1.4638652267411007e-07,9264,7.32511674038705e-08,7896.04662944033,9698.498275587
15710.607944732297,1.0,2.0631715002082796e-09,1.0,1.0,1.6537113126228966e-07,27792,8.371715152084178e-08,512,298501,1.0,2.0460141636959616e-09,1.0,1.0,1.5135357640539263e-07,9264,7.669979538310296e-08,7896.091317561339,9699.512353302998
15723.663212435233,1.0,3.688830654611872e-10,1.0,1.0,1.6579148903199146e-07,27792,8.308018606214871e-08,512,298749,1.0,4.246444577663895e-10,1.0,1.0,1.5549707718641072e-07,9264,7.796086078910783e-08,7903.538372928284,9707.526331133995
15723.773747841105,1.0,2.4449226472457797e-10,1.0,1.0,1.4852690244441612e-07,27792,7.438569739598798e-08,512,298751,1.0,2.5736027931679574e-10,1.0,1.0,1.367869835975899e-07,9264,6.852217194727377e-08,7903.585132158296,9708.554904003002
15736.82901554404,1.0,0.0,1.0,1.0,1.5520111176498263e-07,27792,7.760055591521637e-08,512,298999,1.0,0.0,1.0,1.0,1.452670053823443e-07,9264,7.263350269117216e-08,7909.83737771232,9715.357129879994
15736.939550949914,1.0,0.0,1.0,1.0,1.536826865365334e-07,27792,7.684134330099175e-08,512,299001,1.0,0.0,1.0,1.0,1.4188271747735127e-07,9264,7.094135873867564e-08,7909.882153289313,9716.358960209007
15749.994818652849,1.0,2.4749479467060897e-09,1.0,1.0,1.4730015169558467e-07,27792,7.488754994233034e-08,512,299249,1.0,2.200430330365647e-09,1.0,1.0,1.3503693357827793e-07,9264,6.861868208317669e-08,7916.157385315317,9723.172484989002
15750.055267702935,1.0,1.1238065339185377e-09,1.0,1.0,1.4588895940060024e-07,27792,7.350638304804937e-08,512,299251,1.0,1.1195171874546467e-09,1.0,1.0,1.3465089313284146e-07,9264,6.788520521230361e-08,7916.1970635953185,9724.169199981989
15763.110535405873,1.0,0.0,1.0,1.0,1.5309075837713168e-07,27792,7.654537922129089e-08,512,299499,1.0,0.0,1.0,1.0,1.4374857963029422e-07,9264,7.187428981514711e-08,7922.4672664963,9730.977913331997
15763.221070811744,1.0,0.0,1.0,1.0,1.221217359765617e-07,27792,6.10608680210059e-08,512,299501,1.0,0.0,1.0,1.0,1.109608778469778e-07,9264,5.54804389234889e-08,7922.512017963294,9731.979956691008
15776.27633851468,1.0,5.576139435051816e-11,1.0,1.0,1.3726738892891825e-07,27792,6.866157519602127e-08,512,299749,1.0,3.860404224266642e-11,1.0,1.0,1.2681427209048117e-07,9264,6.34264380675124e-08,7928.776818666323,9738.782699005009
15776.386873920552,1.0,3.45420372466296e-08,1.0,1.0,1.3881584057254763e-07,27792,8.667894012859687e-08,512,299751,1.0,3.4177442711295604e-08,1.0,1.0,1.293235349858182e-07,9264,8.175048885469285e-08,7928.821556691335,9739.783298077993
15789.442141623489,1.0,0.0,1.0,1.0,1.33102442045538e-07,27792,6.6551221022769e-08,512,299999,1.0,0.0,1.0,1.0,1.2313401984398684e-07,9264,6.156700992199342e-08,7935.128872725421,9746.628736380997
