epochs_seen,heldout_EOS_accuracy,heldout_EOS_loss,heldout_accuracy,heldout_answer_accuracy,heldout_answer_loss,heldout_examples,heldout_loss,last_batch_size,step,train_EOS_accuracy,train_EOS_loss,train_accuracy,train_answer_accuracy,train_answer_loss,train_examples,train_loss,training_seconds,wall_seconds
0.10996563573883161,0.0,5.5329228561768415,0.0,0.0,5.5137861848287155,4656,5.523354546720629,512,1,0.0,5.53146551073212,0.0,0.0,5.512599931959434,4656,5.522032642692225,0.32160719799867366,2.6001075050007785
24.989690721649485,1.0,0.0035007738626699676,0.0195446735395189,0.0195446735395189,4.541951602267236,4656,2.272726209712602,512,249,1.0,0.0035002901894120417,0.02104810996563574,0.02104810996563574,4.524793539669915,4656,2.2641469162354353,7.791450300999713,10.284012577001704
25.10996563573883,1.0,0.0034424457763068865,0.01997422680412371,0.01997422680412371,4.5417643543780875,4656,2.272603379082434,512,251,1.0,0.0034387257090958533,0.02104810996563574,0.02104810996563574,4.52482993004658,4656,2.264134279231435,7.849844234002376,10.60336671800178
49.98969072164948,1.0,0.000544808568157691,0.017826460481099655,0.017826460481099655,4.5632155375791985,4656,2.281880172257571,512,499,1.0,0.0005449238793341975,0.024484536082474227,0.024484536082474227,4.498752135181754,4656,2.24964852349455,15.352846188990952,18.30471118100104
50.10996563573883,1.0,0.0005052100700611101,0.017826460481099655,0.017826460481099655,4.560465180177459,4656,2.28048517286163,512,501,1.0,0.0005052298678667684,0.02491408934707904,0.02491408934707904,4.499752660797224,4656,2.2501289393893633,15.408095784994657,18.625256338000327
74.98969072164948,1.0,0.00032438324361117846,0.13466494845360824,0.13466494845360824,2.7010882924922144,4656,1.3507063036522096,512,749,1.0,0.00032418419021306577,0.28973367697594504,0.28973367697594504,2.512400781166103,4656,1.2563624824445272,22.9620268099643,26.381592825000553
75.10996563573883,1.0,0.00032432993419494004,0.1327319587628866,0.1327319587628866,2.719587712763101,4656,1.3599560268965782,512,751,1.0,0.0003238635336103308,0.28286082474226804,0.28286082474226804,2.5213244461112008,4656,1.260824183827823,23.01424512396261,26.695643842998834
99.98969072164948,1.0,0.00018071938350899114,0.9802405498281787,0.9802405498281787,0.44448412079172034,4656,0.22233242021803185,512,999,1.0,0.0001805452373890123,0.9965635738831615,0.9965635738831615,0.36545149485270184,4656,0.18281602040189238,30.607220734986186,34.48661658199853
100.10996563573883,1.0,0.00018025082904090176,0.9710051546391752,0.9710051546391752,0.452901630467156,4656,0.2265409407337097,512,1001,1.0,0.0001800721191202652,0.9935567010309279,0.9935567010309279,0.3745640397481492,4656,0.18737205852757616,30.65280729798178,34.799852585001645
124.98969072164948,1.0,6.496090653170016e-05,1.0,1.0,0.04564978740469287,4656,0.02285737413720986,512,1249,1.0,6.489948804819912e-05,1.0,1.0,0.0345418998056261,4656,0.017303399818459738,38.35103138799968,42.70475906499996
125.10996563573883,1.0,6.437165777861457e-05,0.9997852233676976,0.9997852233676976,0.047107215599505765,4656,0.02358579348862376,512,1251,1.0,6.42917808657352e-05,1.0,1.0,0.03533884422066286,4656,0.017701568062772455,38.40396346999478,43.01072329299859
149.98969072164948,1.0,3.3496789429400795e-05,1.0,1.0,0.01070447291705207,4656,0.005368984851640524,512,1499,1.0,3.349876088887146e-05,1.0,1.0,0.00829525819349125,4656,0.004164378411581426,45.998210178982845,50.79934492499888
150.10996563573883,1.0,3.328846201070191e-05,1.0,1.0,0.01064745370055392,4656,0.005340371088883311,512,1501,1.0,3.3286823395037977e-05,1.0,1.0,0.008220270327276381,4656,0.00412677853172997,46.04792593998354,51.10060624399921
174.98969072164948,1.0,1.0874254098546106e-05,1.0,1.0,0.01593870026958767,4656,0.007974787266393708,512,1749,1.0,1.0865677269719721e-05,1.0,1.0,0.010848614460823872,4656,0.0054297400606456905,53.60020537397213,58.854179362999275
175.10996563573883,1.0,1.0878888408483816e-05,1.0,1.0,0.012470048112967579,4656,0.0062404634411802,512,1751,1.0,1.0868596053871092e-05,1.0,1.0,0.008756570185173009,4656,0.004383719407815703,53.64350756497515,59.14875730999847
199.98969072164948,1.0,1.2352706382812811e-05,1.0,1.0,0.002279062272142299,4656,0.0011457075009640959,512,1999,1.0,1.2351861471611097e-05,1.0,1.0,0.0017347558564746503,4656,0.0008735538386704586,61.218502395968244,66.91967130000194
200.10996563573883,1.0,1.2331097138744757e-05,1.0,1.0,0.0022703045627095854,4656,0.0011413178544273902,512,2001,1.0,1.233009860732455e-05,1.0,1.0,0.0017289964552597492,4656,0.0008706632566308647,61.26389640497291,67.22134392099906
224.98969072164948,1.0,4.075152245014138e-06,1.0,1.0,0.0005415822619322649,4656,0.00027282871113917264,512,2249,1.0,4.0747937978376535e-06,1.0,1.0,0.000409630783337498,4656,0.00020685279261820096,68.79508785497092,74.94909088599888
225.10996563573883,1.0,4.056538795233029e-06,1.0,1.0,0.0005573062386197323,4656,0.0002806813926580026,512,2251,1.0,4.057179079503077e-06,1.0,1.0,0.00042216747973587915,4656,0.0002131123332581979,68.83703153996612,75.2455510280015
249.98969072164948,1.0,3.9599373811836706e-06,1.0,1.0,0.001025545996488984,4656,0.0005147529708355973,512,2499,1.0,3.958708619462051e-06,1.0,1.0,0.0007511212064842997,4656,0.0003775399613523811,76.32792442892969,82.93494387100145
250.10996563573883,1.0,3.962497718158559e-06,1.0,1.0,0.00101859401591455,4656,0.0005112782607168676,512,2501,1.0,3.961934444024084e-06,1.0,1.0,0.0007464485402983898,4656,0.0003752052412717203,76.37788316592923,83.2387099439984
274.9896907216495,1.0,3.980010523079955e-06,1.0,1.0,0.0004778710286744272,4656,0.00024092552344926035,512,2749,1.0,3.980727417432924e-06,1.0,1.0,0.0003731595224275212,4656,0.00018857012877298386,83.89102018893391,90.95195520199923
275.10996563573883,1.0,3.9604239452220626e-06,1.0,1.0,0.0004777665541241669,4656,0.00024086349288520125,512,2751,1.0,3.9608848058775425e-06,1.0,1.0,0.0003721312558937728,4656,0.00018804607420033195,83.93082380293345,91.24026219000007
299.9896907216495,1.0,9.536740913766331e-07,1.0,1.0,0.0001434954779408232,4656,7.222457612861472e-05,512,2999,1.0,9.536740913766331e-07,1.0,1.0,0.00011315985176315422,4656,5.7056763039780236e-05,91.5112741779194,99.02843864899842
300.10996563573883,1.0,9.531364206119066e-07,1.0,1.0,0.00015247045596901494,4656,7.671179630732823e-05,512,3001,1.0,9.533412475698976e-07,1.0,1.0,0.00011697770784452198,4656,5.896552465856075e-05,91.55976776192256,99.33059300199966
324.9896907216495,1.0,1.1952414348980738e-06,1.0,1.0,0.0004089795648283565,4656,0.0002050874034691717,512,3249,1.0,1.1955742787048092e-06,1.0,1.0,0.00029138804659810673,4656,0.0001462918107759502,99.13572665593165,107.10482139599844
325.10996563573883,1.0,1.1953182450073205e-06,1.0,1.0,0.00040572112317347446,4656,0.00020345822104678532,512,3251,1.0,1.1957535022930513e-06,1.0,1.0,0.0002889202690052822,4656,0.00014505801159133205,99.18999990993325,107.41420569399997
349.9896907216495,1.0,1.4269514560629053e-06,1.0,1.0,0.0001732312091642229,4656,8.732908088521858e-05,512,3499,1.0,1.4267466291049142e-06,1.0,1.0,0.00013493170763311516,4656,6.817922770618573e-05,106.71463528794993,115.13994283300053
350.10996563573883,1.0,1.4273611099788873e-06,1.0,1.0,0.00017307201541217742,4656,8.724968883615384e-05,512,3501,1.0,1.4271306796511475e-06,1.0,1.0,0.0001349105064427525,4656,6.81688191362775e-05,106.76831984095043,115.4504999919991
374.9896907216495,1.0,4.781428738029136e-07,1.0,1.0,5.736405868403281e-05,4656,2.892110080704656e-05,512,3749,1.0,4.781940805424114e-07,1.0,1.0,4.625925514206956e-05,4656,2.3368724639434687e-05,114.36399023197373,123.2458398130002
375.10996563573883,1.0,4.776052030381871e-07,1.0,1.0,6.0644725664067516e-05,4656,3.0561165461681555e-05,512,3751,1.0,4.776564097776849e-07,1.0,1.0,4.8686209361987424e-05,4656,2.4581932914011258e-05,114.41913039697465,123.55546166500062
399.9896907216495,1.0,5.095837555971329e-07,1.0,1.0,0.00033834832640447976,4656,0.00016942895513629585,512,3999,1.0,5.107615106055814e-07,1.0,1.0,0.000235099492665009,4656,0.00011780512714406469,122.27082549898114,131.60624202799954
400.10996563573883,1.0,5.109151308240746e-07,1.0,1.0,0.00033516281274790615,4656,0.00016783686399562253,512,4001,1.0,5.119392656140298e-07,1.0,1.0,0.00023288667982898626,4656,0.00011669930960355756,122.31217255898082,131.90511781199893
424.9896907216495,1.0,8.746108855920943e-07,1.0,1.0,0.00011589603908231988,4656,5.838532509647079e-05,512,4249,1.0,8.737403710206324e-07,1.0,1.0,8.801579846651693e-05,4656,4.4444769531283595e-05,129.86466576595558,139.65060866500062
425.10996563573883,1.0,8.787586314914128e-07,1.0,1.0,0.00011540342704793023,4656,5.8141092952225626e-05,512,4251,1.0,8.784513910544262e-07,1.0,1.0,8.750776840290663e-05,4656,4.419311000949534e-05,129.91349025595264,139.95728903000054
449.9896907216495,1.0,5.332412692450973e-07,1.0,1.0,4.7709292786586324e-05,4656,2.4121267084173115e-05,512,4499,1.0,5.331900625055995e-07,1.0,1.0,3.9181133565777765e-05,4656,1.9857161870399087e-05,137.5361803769083,147.77831474599952
450.10996563573883,1.0,5.088412578744155e-07,1.0,1.0,4.805906162088372e-05,4656,2.4283951495636473e-05,512,4501,1.0,5.088924646139132e-07,1.0,1.0,3.954870514315633e-05,4656,2.0028798860142525e-05,137.58011124591212,148.07336701700115
474.9896907216495,1.0,3.6356780042750217e-07,1.0,1.0,0.0006206286783070909,4656,0.00031049612307876246,512,4749,1.0,3.6418228130147526e-07,1.0,1.0,0.0004407263607350002,4656,0.00022054527153315414,145.132685189903,155.82185118900088
475.10996563573883,1.0,3.636702139064977e-07,1.0,1.0,0.0005877541179714334,4656,0.0002940588941176732,512,4751,1.0,3.6425909141072193e-07,1.0,1.0,0.0004173617528373843,4656,0.00020886300598940078,145.17158234090311,156.11291917700146
499.9896907216495,1.0,6.438222231905062e-07,1.0,1.0,0.0001242864953795659,4656,6.246515885763562e-05,512,4999,1.0,6.443342905854838e-07,1.0,1.0,9.609959680343821e-05,4656,4.837196560326925e-05,152.53378870489178,163.67059512000196
500.10996563573883,1.0,6.51708061073161e-07,1.0,1.0,0.00012322423237142284,4656,6.193797027250541e-05,512,5001,1.0,6.52348145316883e-07,1.0,1.0,9.523319717355815e-05,4656,4.794277271569492e-05,152.5831543518907,163.99600483099857
524.9896907216495,1.0,8.337479074728832e-07,1.0,1.0,4.9587662405369615e-05,4656,2.521070526893606e-05,512,5249,1.0,8.336710973636366e-07,1.0,1.0,4.135054548965492e-05,4656,2.1092108406024087e-05,159.9486715019084,171.560620010001
525.1099656357388,1.0,8.337223041031343e-07,1.0,1.0,4.9614873986780845e-05,4656,2.52242982579568e-05,512,5251,1.0,8.336710973636366e-07,1.0,1.0,4.132778369389551e-05,4656,2.1080727508144383e-05,159.99260960191168,171.85571788000016
549.9896907216495,1.0,2.3841856347450578e-07,1.0,1.0,1.6573454090154047e-05,4656,8.405936334627805e-06,512,5499,1.0,2.3841856347450578e-07,1.0,1.0,1.4170685753424706e-05,4656,7.204552116256553e-06,167.37264915287597,179.4375286079994
550.1099656357388,1.0,2.3841856347450578e-07,0.9314862542955327,0.9314862542955327,0.37418047587076825,4656,0.18709035755432757,512,5501,1.0,2.3841856347450578e-07,0.9420103092783505,0.9420103092783505,0.30161700625599863,4656,0.1508086227469428,167.42464678788383,179.75139559599847
574.9896907216495,1.0,2.537805728221879e-07,1.0,1.0,0.00021976857570950517,4656,0.00011001117815522804,512,5749,1.0,2.53754969452439e-07,1.0,1.0,0.00017034586781437456,4656,8.529981140597785e-05,174.93949282289032,187.46406177500103
575.1099656357388,1.0,2.5636651316682464e-07,1.0,1.0,0.00021685496983966468,4656,0.0001085556681904801,512,5751,1.0,2.5639211653657354e-07,1.0,1.0,0.0001680342883793349,4656,8.41453402620001e-05,174.99576274188803,187.77625179900133
599.9896907216495,1.0,4.781940805424114e-07,1.0,1.0,5.062524376507477e-05,4656,2.5551718950937294e-05,512,5999,1.0,4.782964940214069e-07,1.0,1.0,4.120165069309092e-05,4656,2.0839973621684866e-05,181.7939710129067,194.76478951000172
600.1099656357388,1.0,4.781684771726625e-07,1.0,1.0,5.0329260809724687e-05,4656,2.5403714671577374e-05,512,6001,1.0,4.783989075004024e-07,1.0,1.0,4.097512047865854e-05,4656,2.0726759721208172e-05,181.83347769991087,195.04927710300035
624.9896907216495,1.0,3.733995162889512e-07,1.0,1.0,2.1120109291318357e-05,4656,1.0746754417868005e-05,512,6249,1.0,3.7245219160824264e-07,1.0,1.0,1.827290116031606e-05,4656,9.322676690026502e-06,188.25646295189654,201.65228568800012
625.1099656357388,1.0,3.694309939778749e-07,1.0,1.0,2.126427746579512e-05,4656,1.0816854243950848e-05,512,6251,1.0,3.684580659274175e-07,1.0,1.0,1.843609323859522e-05,4656,9.402275666325669e-06,188.29595722389422,201.93599228200037
649.9896907216495,1.0,1.8073417143028108e-07,1.0,1.0,0.002881032085090978,4656,0.0014406063712339631,512,6499,1.0,1.8011968899360232e-07,1.0,1.0,0.0020649497656478094,4656,0.0010325649298753117,195.2530518588719,209.08626665400152
650.1099656357388,1.0,1.8086218827902548e-07,1.0,1.0,0.0026828221387879547,4656,0.0013415014876942454,512,6501,1.0,1.8022210247259783e-07,1.0,1.0,0.001922763628033838,4656,0.0009614719122750653,195.3228205548694,209.41437595000025
674.9896907216495,1.0,2.4640680233451066e-07,1.0,1.0,0.00018565026767987155,4656,9.294833725516739e-05,512,6749,1.0,2.465348191832551e-07,1.0,1.0,0.00013548338664151548,4656,6.786496074441373e-05,203.1330066438968,217.426352718001
675.1099656357388,1.0,2.467908528807439e-07,1.0,1.0,0.0001828931656080423,4656,9.156997824452587e-05,512,6751,1.0,2.469956798387349e-07,1.0,1.0,0.00013364623284729075,4656,6.69466142776291e-05,203.16743184289226,217.7055834290004
699.9896907216495,1.0,4.0018063479545605e-07,1.0,1.0,3.394556929488567e-05,4656,1.7172874982030326e-05,512,6999,1.0,3.990796898962543e-07,1.0,1.0,2.7305083317342904e-05,4656,1.3852081520809341e-05,209.58908572087603,224.3098615609997
700.1099656357388,1.0,4.02100887526622e-07,1.0,1.0,3.3866431279255144e-05,4656,1.7134266100580646e-05,512,7001,1.0,4.008719257786758e-07,1.0,1.0,2.7288671557333872e-05,4656,1.3844771758746036e-05,209.6285787738634,224.59575516599944
724.9896907216495,1.0,2.5011929094809815e-07,1.0,1.0,1.3155481138801093e-05,4656,6.702800228938947e-06,512,7249,1.0,2.4950481007412505e-07,1.0,1.0,1.150869649972549e-05,4656,5.879100668964159e-06,215.8790862888709,231.02727780400164
725.1099656357388,1.0,2.455362877630488e-07,1.0,1.0,1.3341102469072412e-05,4656,6.793319392482081e-06,512,7251,1.0,2.4497301362857344e-07,1.0,1.0,1.1604170365374266e-05,4656,5.924571703565771e-06,215.91853083186652,231.31153947699931
749.9896907216495,1.0,2.384953673329297e-07,1.0,1.0,0.0011811008696089086,4656,0.0005906696824990597,512,7499,1.0,2.384441637188433e-07,1.0,1.0,0.000867444420188563,4656,0.00043384143218551716,222.14977571186319,237.72054475299956
750.1099656357388,1.0,2.384953673329297e-07,1.0,1.0,0.001153269609839646,4656,0.0005767540526144283,512,7501,1.0,2.384441637188433e-07,1.0,1.0,0.0008489772216560915,4656,0.00042460783291928137,222.18915666986504,238.0026474820006
774.9896907216495,1.0,3.576534438933905e-07,1.0,1.0,0.00012583311173514403,4656,6.309538260358306e-05,512,7749,1.0,3.5762784052364165e-07,1.0,1.0,9.601346066676055e-05,4656,4.8185544267706445e-05,228.43145784687658,244.424790563
775.1099656357388,1.0,3.576534438933905e-07,1.0,1.0,0.00012398648949474403,4656,6.217207148338307e-05,512,7751,1.0,3.5762784052364165e-07,1.0,1.0,9.491114358696126e-05,4656,4.7634385727806804e-05,228.47126207086694,244.7091569030017
799.9896907216495,1.0,4.830075140552006e-07,1.0,1.0,2.7778044365397638e-05,4656,1.4130525967855122e-05,512,7999,1.0,4.824698432904742e-07,1.0,1.0,2.3467477836687747e-05,4656,1.1974973868117812e-05,234.69424676385097,251.11165523100135
800.1099656357388,1.0,4.832123410131917e-07,1.0,1.0,2.7578754936220104e-05,4656,1.403098366674535e-05,512,8001,1.0,4.827770837274607e-07,1.0,1.0,2.3394585443065337e-05,4656,1.1938681291525103e-05,234.73364074985147,251.3956383629993
824.9896907216495,1.0,3.337654999176863e-07,1.0,1.0,8.820447289861764e-06,4656,4.577106408954076e-06,512,8249,1.0,3.310259393545562e-07,1.0,1.0,7.989728856108494e-06,4656,4.160377411795876e-06,240.83980105783849,257.6782767939985
825.1099656357388,1.0,2.80024026814789e-07,1.0,1.0,9.325288333754052e-06,4656,4.802656194348772e-06,512,8251,1.0,2.799728200752912e-07,1.0,1.0,8.382454344081049e-06,4656,4.331213596142521e-06,240.87873762283925,257.9602378640011
849.9896907216495,1.0,6.305052798761045e-07,1.0,1.0,0.0009913414691117212,4656,0.0004959859888475785,512,8499,1.0,2.489927364283248e-07,1.0,1.0,0.0007696599408318496,4656,0.0003849544668013288,247.12053584584646,264.3814700340008
850.1099656357388,1.0,6.287190072785317e-07,1.0,1.0,0.0009678994206218785,4656,0.00048426406208387356,512,8501,1.0,2.5027290491576875e-07,1.0,1.0,0.0007522917093382668,4656,0.0003762709911387811,247.16022835084732,264.6656457220015
874.9896907216495,1.0,3.620828081074785e-07,1.0,1.0,7.955911585299419e-05,4656,3.996059935399142e-05,512,8749,1.0,3.589335998791891e-07,1.0,1.0,6.377309579978285e-05,4656,3.206601472014619e-05,253.36811243485135,271.0529473989991
875.1099656357388,1.0,3.620828081074785e-07,1.0,1.0,7.81827539051931e-05,4656,3.927241838009087e-05,512,8751,1.0,3.5898480661868686e-07,1.0,1.0,6.28513408844004e-05,4656,3.1605162865824715e-05,253.40747664284208,271.3359243390005
899.9896907216495,1.0,5.198507068664335e-07,1.0,1.0,1.9589391828249e-05,4656,1.0054621323815122e-05,512,8999,1.0,5.187497619672317e-07,1.0,1.0,1.7029238077475854e-05,4656,8.773993975978947e-06,259.5515469478487,277.65809720200195
900.1099656357388,1.0,5.135010711687115e-07,1.0,1.0,1.974019247564868e-05,4656,1.01268468296661e-05,512,9001,1.0,5.122209026812675e-07,1.0,1.0,1.721521775491049e-05,4656,8.863719385053283e-06,259.5904686038484,277.938628488002
924.9896907216495,1.0,1.1933729389788026e-07,1.0,1.0,6.099804016502248e-06,4656,3.1095706614508867e-06,512,9249,1.0,1.192348835442961e-07,1.0,1.0,5.577063216760601e-06,4656,2.8481490548405656e-06,265.8211611828374,284.34904929299955
925.1099656357388,1.0,1.1928608872108818e-07,1.0,1.0,6.3080602258290215e-06,4656,3.2136731627445247e-06,512,9251,1.0,1.1920928173725289e-07,1.0,1.0,5.748860827643949e-06,4656,2.934035058597365e-06,265.8616135348384,284.6336412849996
949.9896907216495,1.0,1.2110392484784725e-07,1.0,1.0,0.0005471755100791806,4656,0.0002736483070090464,512,9499,1.0,1.2089909788985622e-07,1.0,1.0,0.00044733903585225855,4656,0.00022372996748210638,272.0351774688279,290.9857969570003
950.1099656357388,1.0,1.2138556191508492e-07,1.0,1.0,0.0005383927669516954,4656,0.0002692570762638374,512,9501,1.0,1.2112952821759613e-07,1.0,1.0,0.00043972568183215624,4656,0.00021992340568721908,272.07470075783203,291.26878680400114
974.9896907216495,1.0,2.4904394941864523e-07,1.0,1.0,6.18680602714061e-05,4656,3.105855212447672e-05,512,9749,1.0,2.4886472583040305e-07,1.0,1.0,5.13323032236386e-05,4656,2.5790583988798853e-05,278.2569375338462,297.63028222900175
975.1099656357388,1.0,2.5296126499022375e-07,1.0,1.0,6.085415162734969e-05,4656,3.0553556460234306e-05,512,9751,1.0,2.5242359422549726e-07,1.0,1.0,5.04750463970748e-05,4656,2.53637350097145e-05,278.29630063284276,297.91294542800097
999.9896907216495,1.0,3.5762784052364165e-07,1.0,1.0,1.3869114762613762e-05,4656,7.113371315633053e-06,512,9999,1.0,3.5762784052364165e-07,1.0,1.0,1.240285768340057e-05,4656,6.380242776026457e-06,284.5208446088691,304.3173564780009
1000.1099656357388,1.0,3.5762784052364165e-07,1.0,1.0,1.3766677480485432e-05,4656,7.062152674568888e-06,512,10001,1.0,3.5762784052364165e-07,1.0,1.0,1.2343202331951497e-05,4656,6.35041510030192e-06,284.5605009698702,304.6113254060001
1024.9896907216496,1.0,1.1920928173725289e-07,1.0,1.0,4.10549128804151e-06,4656,2.1123502887961457e-06,512,10249,1.0,1.1920928173725289e-07,1.0,1.0,3.784810582134245e-06,4656,1.952009860832641e-06,290.83683691086844,311.0683996049993
1025.109965635739,1.0,1.1920928173725289e-07,1.0,1.0,4.187934088626319e-06,4656,2.1535716890885502e-06,512,10251,1.0,1.1920928173725289e-07,1.0,1.0,3.864641438952017e-06,4656,1.991925364251399e-06,290.87633740887395,311.35089067900117
1049.9896907216496,1.0,1.2036142712512976e-07,1.0,1.0,0.00037966002278106727,4656,0.0001898901921111284,512,10499,1.0,1.2000297994864545e-07,1.0,1.0,0.00029179351436313486,4656,0.0001459567586785739,297.2053018208826,317.85928151400003
1050.109965635739,1.0,1.207966844108607e-07,1.0,1.0,0.00037280399723560947,4656,0.00018646239696704236,512,10501,1.0,1.204382372343764e-07,1.0,1.0,0.00028587196380719284,4656,0.0001429962010292458,297.24489264588556,318.1436647320006
1074.9896907216496,1.0,1.5315934377344392e-07,1.0,1.0,4.363345275104968e-05,4656,2.1893306054443736e-05,512,10749,1.0,1.528008965969596e-07,1.0,1.0,3.556229167736273e-05,4656,1.785754629401202e-05,303.514434291872,324.59282122199875
1075.109965635739,1.0,1.5443951226088787e-07,1.0,1.0,4.355267171917605e-05,4656,2.1853555622750644e-05,512,10751,1.0,1.5426028867264572e-07,1.0,1.0,3.541454023127908e-05,4656,1.778440026700804e-05,303.55437677187,324.8763828209994
1099.9896907216496,1.0,2.4074845762000837e-07,1.0,1.0,1.1259089248043668e-05,4656,5.749918866896189e-06,512,10999,1.0,2.4118371490573934e-07,1.0,1.0,9.81922534252821e-06,4656,5.0302045427813255e-06,309.78194170285497,331.282409948999
1100.109965635739,1.0,2.411325081662416e-07,1.0,1.0,1.1265284563430755e-05,4656,5.753208549862849e-06,512,11001,1.0,2.4154216208222364e-07,1.0,1.0,9.822732604131153e-06,4656,5.032137397171039e-06,309.820818067863,331.5632494650017
1124.9896907216496,1.0,1.360050860416949e-07,1.0,1.0,4.416955230898413e-06,4656,2.276480165502229e-06,512,11249,1.0,1.3654275680642137e-07,1.0,1.0,4.097042526070451e-06,4656,2.1167926484706117e-06,316.0099616848456,337.9309283319999
1125.109965635739,1.0,1.313452727473989e-07,1.0,1.0,4.50823069398077e-06,4656,2.31978799039626e-06,512,11251,1.0,1.309868255709146e-07,1.0,1.0,4.175670124523188e-06,4656,2.1533284820792268e-06,316.0487077238504,338.21123171100044
1149.9896907216496,1.0,1.1920928173725289e-07,1.0,1.0,0.0008329175975929011,4656,0.00041651840344122596,512,11499,1.0,1.1920928173725289e-07,1.0,1.0,0.0006617254535971638,4656,0.0003309223314433573,322.2891506218657,344.631278973
1150.109965635739,1.0,1.1920928173725289e-07,1.0,1.0,0.0008154532574501234,4656,0.0004077862333698371,512,11501,1.0,1.1920928173725289e-07,1.0,1.0,0.0006473963612953003,4656,0.0003237577852924255,322.32863073686894,344.91459704799854
1174.9896907216496,1.0,2.3841856347450578e-07,1.0,1.0,7.72233804387018e-05,4656,3.873089950890168e-05,512,11749,1.0,2.3841856347450578e-07,1.0,1.0,6.282424771857426e-05,4656,3.153133314883791e-05,328.4988068048224,351.2625953930001
1175.109965635739,1.0,2.3841856347450578e-07,1.0,1.0,7.581102255334969e-05,4656,3.8024720566225625e-05,512,11751,1.0,2.3841856347450578e-07,1.0,1.0,6.180115946635757e-05,4656,3.101978902272957e-05,328.5387749928195,351.5483776809997
1199.9896907216496,1.0,3.5762784052364165e-07,1.0,1.0,1.3911049281762229e-05,4656,7.134338575207286e-06,512,11999,1.0,3.5762784052364165e-07,1.0,1.0,1.2261449872224857e-05,4656,6.3095388704386005e-06,334.77276408983744,357.9609521700004
1200.109965635739,1.0,3.5762784052364165e-07,1.0,1.0,1.3957389980823417e-05,4656,7.15750892473788e-06,512,12001,1.0,3.5762784052364165e-07,1.0,1.0,1.228510668578068e-05,4656,6.321367277216512e-06,334.8118205598439,358.24336130400116
1224.9896907216496,1.0,1.2013099679738985e-07,1.0,1.0,5.03890888839064e-06,4656,2.57951994962619e-06,512,12249,1.0,1.2028461701588312e-07,1.0,1.0,4.669505769956563e-06,4656,2.3948952005183982e-06,341.1142350798218,364.7267089950001
1225.109965635739,1.0,1.2000297994864545e-07,1.0,1.0,5.143626270610903e-06,4656,2.6318146323119496e-06,512,12251,1.0,1.1997737657889657e-07,1.0,1.0,4.7781401677089155e-06,4656,2.4490587791760813e-06,341.15340000882134,365.0097150090005
1249.9896907216496,1.0,1.4880677091613448e-07,1.0,1.0,0.0005242583242683476,4656,0.00026220356552666404,512,12499,1.0,1.465536743782331e-07,1.0,1.0,0.00042907366868351744,4656,0.00021461011118598,347.3693698388779,371.4044800449992
1250.109965635739,1.0,1.5139271126077126e-07,1.0,1.0,0.0005111062956839492,4656,0.00025562884420463717,512,12501,1.0,1.4949806189935421e-07,1.0,1.0,0.00041870861810302406,4656,0.0002094290580894939,347.40239951888,371.68287557700023
1274.9896907216496,1.0,3.3304860556471766e-07,1.0,1.0,5.905529967416398e-05,4656,2.96941741539287e-05,512,12749,1.0,3.3038585511083424e-07,1.0,1.0,4.95245192948844e-05,4656,2.492745258906197e-05,353.72333612294096,378.18375424199985
1275.109965635739,1.0,3.398591019179195e-07,1.0,1.0,5.8521323795734404e-05,4656,2.9430591462890513e-05,512,12751,1.0,3.373243683127805e-07,1.0,1.0,4.895991818576129e-05,4656,2.464862129110139e-05,353.76237464594305,378.4663656619996
1299.9896907216496,1.0,3.5762784052364165e-07,1.0,1.0,1.409014425307666e-05,4656,7.2238860608645015e-06,512,12999,1.0,3.5762784052364165e-07,1.0,1.0,1.2645599531502658e-05,4656,6.501613700077501e-06,360.1223970769497,385.008098014001
1300.109965635739,1.0,3.5762784052364165e-07,1.0,1.0,1.3928743210521965e-05,4656,7.1431855395871546e-06,512,13001,1.0,3.5762784052364165e-07,1.0,1.0,1.2542623778504298e-05,4656,6.450125823578321e-06,360.1631354279489,385.2954126119985
1324.9896907216496,1.0,1.1920928173725289e-07,1.0,1.0,4.3926833363896385e-06,4656,2.25594631297021e-06,512,13249,1.0,1.1920928173725289e-07,1.0,1.0,4.134115805414176e-06,4656,2.1266625474824785e-06,366.47275228694707,391.78741781699864
1325.109965635739,1.0,1.1920928173725289e-07,1.0,1.0,4.434186098713082e-06,4656,2.2766976941319318e-06,512,13251,1.0,1.1920928173725289e-07,1.0,1.0,4.168577941096167e-06,4656,2.143893615323474e-06,366.5131576759486,392.0736943720003
1349.9896907216496,1.0,1.192348835442961e-07,1.0,1.0,0.0006591211428347322,4656,0.00032962018886382636,512,13499,1.0,1.1920928173725289e-07,1.0,1.0,0.0005424431816409134,4656,0.0002712811954652321,372.67589376895194,398.4155959210002
1350.109965635739,1.0,1.192348835442961e-07,1.0,1.0,0.0006432866364000589,4656,0.00032170293564648975,512,13501,1.0,1.1920928173725289e-07,1.0,1.0,0.0005294584838795088,4656,0.0002647888465845298,372.71517451994805,398.6985296899984
1374.9896907216496,1.0,2.386489813006003e-07,1.0,1.0,6.467005225135289e-05,4656,3.245435063039109e-05,512,13749,1.0,2.3867458779576053e-07,1.0,1.0,5.4383693627782704e-05,4656,2.731118412029088e-05,379.1051456039313,405.26925835699876
1375.109965635739,1.0,2.386745846703492e-07,1.0,1.0,6.378952836252979e-05,4656,3.2014101487664425e-05,512,13751,1.0,2.3867458779576053e-07,1.0,1.0,5.359324599421004e-05,4656,2.6915960303504544e-05,379.14587079193007,405.55557397400116
1399.9896907216496,1.0,3.5762784052364165e-07,1.0,1.0,1.3185898442128577e-05,4656,6.7717631553904606e-06,512,13999,1.0,3.5762784052364165e-07,1.0,1.0,1.1929302857196617e-05,4656,6.143465362924481e-06,386.0727584879387,412.6702426789998
1400.109965635739,1.0,3.5762784052364165e-07,1.0,1.0,1.3221844373098047e-05,4656,6.789736120875195e-06,512,14001,1.0,3.5762784052364165e-07,1.0,1.0,1.195777340430472e-05,4656,6.157700636478532e-06,386.1121679189346,412.95335149899984
1424.9896907216496,1.0,1.1920928173725289e-07,1.0,1.0,3.831511178562782e-06,4656,1.975360234056782e-06,512,14249,1.0,1.1920928173725289e-07,1.0,1.0,3.5945015348961315e-06,4656,1.8568554122234564e-06,393.7459356508989,420.7832274550019
1425.109965635739,1.0,1.1920928173725289e-07,1.0,1.0,4.0011070496674714e-06,4656,2.0601581696091263e-06,512,14251,1.0,1.1920928173725289e-07,1.0,1.0,3.7626637673146282e-06,4656,1.940936503429414e-06,393.78533717589744,421.0664898139985
1449.9896907216496,1.0,1.8244959876616165e-07,1.0,1.0,0.0005243908601118527,4656,0.00026228665486234163,512,14499,1.0,1.821935635059672e-07,1.0,1.0,0.00042884616034035013,4656,0.00021451417695974158,401.2390147979204,428.7134452930004
1450.109965635739,1.0,2.008072133134023e-07,1.0,1.0,0.0005113906595100652,4656,0.00025579573336950283,512,14501,1.0,2.0114005712013776e-07,1.0,1.0,0.0004186805120038822,4656,0.0002094408260383147,401.2786231419195,428.99623484399854
1474.9896907216496,1.0,2.3841856347450578e-07,1.0,1.0,4.0932162024746444e-05,4656,2.0585290301924003e-05,512,14749,1.0,2.3841856034909442e-07,1.0,1.0,3.426882744001871e-05,4656,1.7253623009560135e-05,408.58095097592013,436.4911814980005
1475.109965635739,1.0,2.3841856347450578e-07,1.0,1.0,4.045197402552743e-05,4656,2.0345196302314497e-05,512,14751,1.0,2.384441637188433e-07,1.0,1.0,3.386906962649724e-05,4656,1.7053756904484274e-05,408.6200728369149,436.7719618129995
1499.9896907216496,1.0,3.570645663891663e-07,1.0,1.0,1.036380261624443e-05,4656,5.36043360538115e-06,512,14999,1.0,3.5691094617067304e-07,1.0,1.0,9.397619553518408e-06,4656,4.8772652639088915e-06,415.91189749592013,444.2602646480009
1500.109965635739,1.0,3.572181866076596e-07,1.0,1.0,1.0512838131328885e-05,4656,5.4350281730326236e-06,512,15001,1.0,3.571925832379107e-07,1.0,1.0,9.508557454442854e-06,4656,4.9328750329047336e-06,415.9522526309265,444.55730353800027
1524.9896907216496,1.0,1.1923488510700176e-07,1.0,1.0,3.4826920192554284e-06,4656,1.8009634560879794e-06,512,15249,1.0,1.1923488510700176e-07,1.0,1.0,3.285342045336373e-06,4656,1.7022884691284515e-06,422.258595663905,451.0443087290005
1525.109965635739,1.0,1.1923488510700176e-07,1.0,1.0,3.476086349860218e-06,4656,1.797660621390374e-06,512,15251,1.0,1.1920928173725289e-07,1.0,1.0,3.2810150758488123e-06,4656,1.7001121826997968e-06,422.29852551690783,451.3277886169999
1549.9896907216496,1.0,1.1449826170345912e-07,1.0,1.0,0.0028905571531184352,4656,0.001445335812892291,512,15499,1.0,1.1454946844295688e-07,1.0,1.0,0.0023758439571177426,4656,0.001187979214891945,428.5236290489338,457.73286854899925
1550.109965635739,1.0,1.1424222800597033e-07,1.0,1.0,0.002770162785995457,4656,0.0013851384885122686,512,15501,1.0,1.143958482244636e-07,1.0,1.0,0.002279427606625246,4656,0.0011397710012406418,428.562496158931,458.01420659699943
1574.9896907216496,1.0,1.255845145539011e-07,1.0,1.0,9.881719287574496e-05,4656,4.947138870218161e-05,512,15749,1.0,1.2543089433540783e-07,1.0,1.0,8.115584920464513e-05,4656,4.064064005652244e-05,434.8133087479255,464.44438945100046
1575.109965635739,1.0,1.2504684378917462e-07,1.0,1.0,9.698405400993898e-05,4656,4.855455043389625e-05,512,15751,1.0,1.2476520672193695e-07,1.0,1.0,7.962510773841663e-05,4656,3.987493647960146e-05,434.8527018609275,464.7273738469994
1599.9896907216496,1.0,1.6194129959730946e-07,1.0,1.0,1.2903459769388809e-05,4656,6.5327005415252344e-06,512,15999,1.0,1.6035389067287896e-07,1.0,1.0,1.1180125355330069e-05,4656,5.6702396300336496e-06,441.0678666879503,471.1204170759993
1600.109965635739,1.0,1.6524413429491488e-07,1.0,1.0,1.2752658421896986e-05,4656,6.458951285128126e-06,512,16001,1.0,1.6360551863098662e-07,1.0,1.0,1.1072003825077999e-05,4656,5.617804678886668e-06,441.10782615994685,471.4047865040011
1624.9896907216496,1.0,1.7825064612734549e-07,1.0,1.0,4.331388969223985e-06,4656,2.2548198147078405e-06,512,16249,1.0,1.7604875632894186e-07,1.0,1.0,4.0055877893932705e-06,4656,2.0908182798932817e-06,447.3663454389607,477.8426762380004
1625.109965635739,1.0,1.73693246312045e-07,1.0,1.0,4.364493876276378e-06,4656,2.2690935683263868e-06,512,16251,1.0,1.718498036901257e-07,1.0,1.0,4.032931838239003e-06,4656,2.1023908279967395e-06,447.4059924599678,478.1250504339987
1649.9896907216496,1.0,2.829172005642368e-08,1.0,1.0,1.2542313987731653e-06,4656,6.412615611728384e-07,512,16499,1.0,2.6832327980737568e-08,1.0,1.0,1.1950878146795805e-06,4656,6.10960073088203e-07,453.67576073991586,484.5753276239993
1650.109965635739,1.0,1.8613646877361994e-08,1.0,1.0,1.2882582521661347e-06,4656,6.534359509867849e-07,512,16501,1.0,1.7051842104033204e-08,1.0,1.0,1.2348753762594664e-06,4656,6.2596361025611e-07,453.71497580891446,484.8584317390014
1674.9896907216496,1.0,3.5204627935238955e-08,1.0,1.0,0.000559498687175541,4656,0.00027976694590447284,512,16749,1.0,3.459014823329511e-08,1.0,1.0,0.0004496274330362012,4656,0.00022483101159436597,459.98673302288444,491.3089427769992
1675.109965635739,1.0,3.599833161610137e-08,1.0,1.0,0.0005468551543160403,4656,0.0002734455763269536,512,16751,1.0,3.5537472914003634e-08,1.0,1.0,0.00044005491236333587,4656,0.00022004522492027363,460.02885958288607,491.5952267339999
1699.9896907216496,1.0,1.1931169365354272e-07,1.0,1.0,5.088294728233437e-05,4656,2.5501129492682075e-05,512,16999,1.0,1.192348835442961e-07,1.0,1.0,4.130620205346047e-05,4656,2.07127184731905e-05,466.2918828598704,498.0366020809997
1700.109965635739,1.0,1.1931169365354272e-07,1.0,1.0,5.022536233528373e-05,4656,2.5172337019156755e-05,512,17001,1.0,1.192604853513393e-07,1.0,1.0,4.0678148993204546e-05,4656,2.0398704744747413e-05,466.3309397138619,498.3180290950004
1724.9896907216496,1.0,1.2663425271360515e-07,1.0,1.0,7.931144845662351e-06,4656,4.0288895562201535e-06,512,17249,1.0,1.2578934151189214e-07,1.0,1.0,6.897214766514978e-06,4656,3.51150206104561e-06,472.666680347862,504.8337736659996
1725.109965635739,1.0,1.2678787293209842e-07,1.0,1.0,7.93639353646087e-06,4656,4.0315907117286605e-06,512,17251,1.0,1.2614778868837645e-07,1.0,1.0,6.929602679201239e-06,4656,3.527875240976983e-06,472.7062037808573,505.11814151400176
1749.9896907216496,1.0,1.1926048691404497e-07,1.0,1.0,2.7589126601271152e-06,4656,1.4390865782086972e-06,512,17499,1.0,1.1920928173725289e-07,1.0,1.0,2.56248410747953e-06,4656,1.3408466985151556e-06,478.97088229286237,511.56378413100174
1750.109965635739,1.0,1.1923488510700176e-07,1.0,1.0,2.7822372799617628e-06,4656,1.4507360864411464e-06,512,17501,1.0,1.1920928173725289e-07,1.0,1.0,2.581968271858427e-06,4656,1.3505887807046041e-06,479.009508475865,511.84546275899993
1774.9896907216496,1.0,7.020443281925106e-08,1.0,1.0,0.0015603354603973862,4656,0.0007802028324186188,512,17749,1.0,7.063969010498201e-08,1.0,1.0,0.0013024195951899303,4656,0.0006512451174435337,485.37889804786755,518.3945610390001
1775.109965635739,1.0,7.038365640749322e-08,1.0,1.0,0.0015083098483249493,4656,0.0007541901159941946,512,17751,1.0,7.069089684447977e-08,1.0,1.0,0.001259380164220161,4656,0.0006297254275620188,485.4179746548616,518.6773621739994
1799.9896907216496,1.0,1.2046384060412527e-07,1.0,1.0,0.00010058918449374818,4656,5.035482417420833e-05,512,17999,1.0,1.2033582375538088e-07,1.0,1.0,8.347097150597376e-05,4656,4.1795653671896744e-05,491.8572997338997,525.2972159419987
1800.109965635739,1.0,1.2048944397387415e-07,1.0,1.0,9.922476491772432e-05,4656,4.9672627187881276e-05,512,18001,1.0,1.2033582375538088e-07,1.0,1.0,8.232963889120371e-05,4656,4.122498736451172e-05,491.8982929738995,525.583734418
1824.9896907216496,1.0,2.3841856347450578e-07,1.0,1.0,1.5213366284249574e-05,4656,7.725892331662405e-06,512,18249,1.0,2.3841856347450578e-07,1.0,1.0,1.3332909590779096e-05,4656,6.785664084940329e-06,498.2727215238956,532.139971618999
1825.109965635739,1.0,2.3841856347450578e-07,1.0,1.0,1.5224041289224247e-05,4656,7.731229934162906e-06,512,18251,1.0,2.3841856347450578e-07,1.0,1.0,1.3340282961214121e-05,4656,6.789350770157842e-06,498.3124505948872,532.4244854050012
1849.9896907216496,1.0,2.3841856347450578e-07,1.0,1.0,4.628514925008351e-06,4656,2.433466752054957e-06,512,18499,1.0,2.3841856347450578e-07,1.0,1.0,4.3402223318136744e-06,4656,2.2893204554576185e-06,504.6185790818745,538.9113778030005
1850.109965635739,1.0,2.3841856347450578e-07,1.0,1.0,4.732233225736011e-06,4656,2.485325902418787e-06,512,18501,1.0,2.3841856347450578e-07,1.0,1.0,4.420821389737075e-06,4656,2.3296199844193188e-06,504.65836961986497,539.1967847669985
1874.9896907216496,1.0,5.755634628542534e-08,0.7888745704467354,0.7888745704467354,0.6517678880199944,4656,0.32588397350507914,512,18749,1.0,6.490445558324375e-08,0.8107817869415808,0.8107817869415808,0.6106486762921834,4656,0.3053243676411737,510.97674892889336,545.6954332970017
1875.109965635739,1.0,7.37629945333569e-08,0.8281786941580757,0.8281786941580757,0.593184349872812,4656,0.29659221098595057,512,18751,1.0,7.760347030428098e-08,0.8361254295532646,0.8361254295532646,0.5608080703368301,4656,0.2804040712179597,511.0159547458861,545.9799975640017
1899.9896907216496,1.0,1.730019412644742e-07,1.0,1.0,0.00025980670606762273,4656,0.00012998985401850796,512,18999,1.0,1.7259229359931482e-07,1.0,1.0,0.00021229952228130753,4656,0.00010623605729839237,517.380380765866,552.5257899989992
1900.109965635739,1.0,1.7305314800397196e-07,1.0,1.0,0.0002555008913643172,4656,0.00012783697227022493,512,19001,1.0,1.7248987699490796e-07,1.0,1.0,0.00020792725243160814,4656,0.00010404987116680317,517.4203645708694,552.811332972
1924.9896907216496,1.0,1.647064525912487e-07,1.0,1.0,3.472182586072237e-05,4656,1.7443266169158453e-05,512,19249,1.0,1.649624862887375e-07,1.0,1.0,2.9377943333686424e-05,4656,1.4771452922489225e-05,523.7300313908927,559.3016337959998
1925.109965635739,1.0,1.6816290750734738e-07,1.0,1.0,3.424348770496772e-05,4656,1.7205825318739178e-05,512,19251,1.0,1.6793247717960747e-07,1.0,1.0,2.8895826280577895e-05,4656,1.4531879391380397e-05,523.7698034908935,559.5857733590019
1949.9896907216496,1.0,2.404412171830218e-07,1.0,1.0,7.292784328806083e-06,4656,3.7666127870589035e-06,512,19499,1.0,2.403388037040263e-07,1.0,1.0,6.620394033171826e-06,4656,3.430366432502277e-06,530.0804049529033,566.0779470320012
1950.109965635739,1.0,2.404412171830218e-07,1.0,1.0,7.266233734389659e-06,4656,3.753337489850691e-06,512,19501,1.0,2.403644070737752e-07,1.0,1.0,6.619600428722774e-06,4656,3.429982431962625e-06,530.1205891149039,566.3628309500018
1974.9896907216496,1.0,9.447642655983564e-08,1.0,1.0,2.13365446771351e-06,4656,1.114065451043437e-06,512,19749,1.0,9.437401386219296e-08,1.0,1.0,2.027989460773049e-06,4656,1.0611817408337088e-06,536.4796542109216,572.9034685590013
1975.109965635739,1.0,3.136412442628918e-08,1.0,1.0,2.1650697523888036e-06,4656,1.0982169401655902e-06,512,19751,1.0,3.031438626658513e-08,1.0,1.0,2.0555386866228432e-06,4656,1.042926538202758e-06,536.5190476639218,573.1867872080002
1999.9896907216496,1.0,1.2456037976394592e-07,1.0,1.0,0.0005790438131778101,4656,0.0002895841867858192,512,19999,1.0,1.243555528059549e-07,1.0,1.0,0.00048176641495981576,4656,0.00024094538526334304,542.6744248089126,579.5195013960001
2000.109965635739,1.0,1.2412512247821498e-07,1.0,1.0,0.0005649828521656417,4656,0.0002825534886510921,512,20001,1.0,1.2386908878072619e-07,1.0,1.0,0.0004697800117874473,4656,0.0002349519404451462,542.7134181069123,579.8118438759993
2024.9896907216496,1.0,1.1920928173725289e-07,1.0,1.0,5.337704993989255e-05,4656,2.6748129614721664e-05,512,20249,1.0,1.1920928173725289e-07,1.0,1.0,4.478008966393692e-05,4656,2.244964947674385e-05,548.9555468989238,586.2316293469994
2025.109965635739,1.0,1.1920928173725289e-07,1.0,1.0,5.2495939573881146e-05,4656,2.6307574431715964e-05,512,20251,1.0,1.1920928173725289e-07,1.0,1.0,4.410219684409624e-05,4656,2.211070306682351e-05,548.9943415609268,586.5124122380003
2049.9896907216494,1.0,2.1954887996958185e-07,1.0,1.0,9.378952096629236e-06,4656,4.7992504961129365e-06,512,20499,1.0,2.1921603616284642e-07,1.0,1.0,8.314529304229414e-06,4656,4.266872678009659e-06,555.3760322759226,593.0744037639997
2050.1099656357387,1.0,2.2123870237300786e-07,1.0,1.0,9.369657573344576e-06,4656,4.795448145672321e-06,512,20501,1.0,2.208290484570258e-07,1.0,1.0,8.29763128022148e-06,4656,4.2592301721527814e-06,555.415312186924,593.3574788369988
2074.9896907216494,1.0,1.205662540831208e-07,1.0,1.0,3.1907122157741324e-06,4656,1.6556392419608022e-06,512,20749,1.0,1.2038703049487864e-07,1.0,1.0,3.0020161058203257e-06,4656,1.5612015751897776e-06,561.7106275049446,599.832587678
2075.1099656357387,1.0,1.2051504734362303e-07,1.0,1.0,3.1816998796291088e-06,4656,1.6511074705185414e-06,512,20751,1.0,1.2036142712512976e-07,1.0,1.0,2.9943607482719924e-06,4656,1.5573610947307366e-06,561.7499526509491,600.1154669850002
2099.9896907216494,1.0,1.8434424070472676e-08,1.0,1.0,7.468500705451874e-07,4656,3.826422483821902e-07,512,20999,1.0,1.835761357054962e-08,1.0,1.0,7.147946516195907e-07,4656,3.6657613386476854e-07,568.04861832795,606.5945456560003
2100.1099656357387,1.0,9.985313127702712e-09,1.0,1.0,8.183858356169742e-07,4656,4.1418557490951853e-07,512,21001,1.0,1.0241346629853294e-08,1.0,1.0,7.845638341852864e-07,4656,3.97402591042419e-07,568.088102029953,606.8784989160013
2124.9896907216494,1.0,2.4456335971259137e-07,1.0,1.0,0.0002112898533952605,4656,0.00010576720839155089,512,21249,1.0,2.443073260151026e-07,1.0,1.0,0.0001677721674806883,4656,8.400823741741606e-05,574.4594582239588,613.4301424000005
2125.1099656357387,1.0,2.446913765613358e-07,1.0,1.0,0.00020730795812412225,4656,0.00010377632476440615,512,21251,1.0,2.443329293848515e-07,1.0,1.0,0.0001643833598678874,4656,8.231384641270048e-05,574.4994378769588,613.7149036049996
2149.9896907216494,1.0,2.2582169930723454e-07,1.0,1.0,2.956700261643867e-05,4656,1.489641216881189e-05,512,21499,1.0,2.255656624843344e-07,1.0,1.0,2.3982031958952186e-05,4656,1.2103798823219907e-05,580.8194821369434,620.2145966249991
2150.1099656357387,1.0,2.2400386318047546e-07,1.0,1.0,2.9172010230111708e-05,4656,1.4698007056022325e-05,512,21501,1.0,2.2374782635757533e-07,1.0,1.0,2.366747835945479e-05,4656,1.1945613103845121e-05,580.8590370209422,620.4983037659986
2174.9896907216494,1.0,1.4563195306727345e-07,1.0,1.0,5.869117955104336e-06,4656,3.00737496111798e-06,512,21749,1.0,1.4714255188245732e-07,1.0,1.0,5.136738714115547e-06,4656,2.6419406400311777e-06,587.0192298489237,626.8363697669993
2175.1099656357387,1.0,1.4542712610928242e-07,1.0,1.0,5.916048531801379e-06,4656,3.0307378359875063e-06,512,21751,1.0,1.4686091481521965e-07,1.0,1.0,5.180136125800407e-06,4656,2.663498527339989e-06,587.061549322927,627.1220313410013
2199.9896907216494,1.0,1.1920928173725289e-07,1.0,1.0,1.8528116300071611e-06,4656,9.860104472773258e-07,512,21999,1.0,1.1920928173725289e-07,1.0,1.0,1.7414627999989028e-06,4656,9.30336044774842e-07,593.2780263559434,633.5179129860007
2200.1099656357387,1.0,1.1920928173725289e-07,1.0,1.0,1.8647940070496366e-06,4656,9.920016483002088e-07,512,22001,1.0,1.1920928173725289e-07,1.0,1.0,1.7527026793186606e-06,4656,9.359559844347209e-07,593.3181116899395,633.8020780110019
2224.9896907216494,1.0,5.874436030034744e-07,1.0,1.0,0.002087192693117148,4656,0.0010438900300112786,512,22249,1.0,5.880068771379498e-07,1.0,1.0,0.0017544478562074837,4656,0.0008775179315985683,599.6694295389789,640.3341492600011
2225.1099656357387,1.0,5.867267086505058e-07,1.0,1.0,0.0019485863930580952,4656,0.0009745865343362605,512,22251,1.0,5.875460164824699e-07,1.0,1.0,0.0016371027224047487,4656,0.000818845134266873,599.7102182239796,640.6210263239991
2249.9896907216494,1.0,3.872765426928437e-07,1.0,1.0,6.734200871687165e-05,4656,3.38646426438466e-05,512,22499,1.0,3.886079179197854e-07,1.0,1.0,5.413637387716688e-05,4656,2.7262490911607684e-05,606.0429186659276,647.1348760959991
2250.1099656357387,1.0,3.7980035872617096e-07,1.0,1.0,6.614367980061937e-05,4656,3.326174009373712e-05,512,22501,1.0,3.810805272136149e-07,1.0,1.0,5.321942799471805e-05,4656,2.6800254275030184e-05,606.0836012499276,647.4216618669998
2274.9896907216494,1.0,1.2819605826828677e-07,1.0,1.0,1.2003793661191394e-05,4656,6.065994866762016e-06,512,22749,1.0,1.2870812566326435e-07,1.0,1.0,1.0111123660284885e-05,4656,5.11991590000625e-06,612.4202374949382,653.9387975809987
2275.1099656357387,1.0,1.2806804141954238e-07,1.0,1.0,1.1954507574477453e-05,4656,6.041287814980674e-06,512,22751,1.0,1.2847769533552444e-07,1.0,1.0,1.0062912815087234e-05,4656,5.095695262243555e-06,612.4598280069404,654.2233614500001
2299.9896907216494,1.0,1.2689028641109394e-07,1.0,1.0,3.6797859594769955e-06,4656,1.9033381299762203e-06,512,22999,1.0,1.271975268480805e-07,1.0,1.0,3.3634319730243836e-06,4656,1.7453147569684075e-06,618.8121781749396,660.7574305119997
2300.1099656357387,1.0,1.260965819488787e-07,1.0,1.0,3.690027307376547e-06,4656,1.9080619516948886e-06,512,23001,1.0,1.2612218531862757e-07,1.0,1.0,3.3819432093528232e-06,4656,1.7540327043679008e-06,618.8519004559384,661.0408569489991
2324.9896907216494,1.0,1.8127183047471498e-08,1.0,1.0,1.0071337023826759e-06,4656,5.126304440824411e-07,512,23249,1.0,1.9074507532841817e-08,1.0,1.0,9.63044699675106e-07,4656,4.910596050690105e-07,625.1378445529554,667.5076746090017
2325.1099656357387,1.0,2.0021832018212136e-08,1.0,1.0,1.0048806058447745e-06,4656,5.12451220494199e-07,512,23251,1.0,2.1327603680066762e-08,1.0,1.0,9.557733426664242e-07,4656,4.885504748336203e-07,625.1775800659525,667.7914581299992
2349.9896907216494,1.0,3.447492580284377e-07,0.9916237113402062,0.9916237113402062,0.028628839455109693,4656,0.014314591987026516,512,23499,1.0,3.406271029972228e-07,0.9939862542955327,0.9939862542955327,0.023832718940944606,4656,0.011916529886501352,631.4375450419502,674.2312419340014
2350.1099656357387,1.0,3.5022836352764115e-07,0.9819587628865979,0.9819587628865979,0.06517137121089135,4656,0.03258586093732172,512,23501,1.0,3.480776804687353e-07,0.9845360824742269,0.9845360824742269,0.06054905927468002,4656,0.0302747037402543,631.4779884899544,674.5160510400019
2374.9896907216494,1.0,2.1688612013946438e-07,1.0,1.0,0.000458775638663482,4656,0.00022949626240431238,512,23749,1.0,2.1588759184466944e-07,1.0,1.0,0.0003912868586295249,4656,0.00019575137312162374,637.7388019209066,680.9556306140003
2375.1099656357387,1.0,2.177310313411774e-07,1.0,1.0,0.0004507841868806131,4656,0.0002255009589684788,512,23751,1.0,2.166812963068847e-07,1.0,1.0,0.00038453907773052296,4656,0.00019237787952435385,637.7779434159056,681.2375214349995
2399.9896907216494,1.0,1.73693246312045e-07,1.0,1.0,4.463441889169802e-05,4656,2.2404056076037207e-05,512,23999,1.0,1.7543427545496877e-07,1.0,1.0,3.87684268480058e-05,4656,1.9471930568762557e-05,644.0795668739374,687.7193355240015
2400.1099656357387,1.0,1.7005756780770414e-07,1.0,1.0,4.3874706503298275e-05,4656,2.2022382042585166e-05,512,24001,1.0,1.7177299358087906e-07,1.0,1.0,3.8073609400655805e-05,4656,1.9122691204150517e-05,644.1190874129388,688.0028433199986
2424.9896907216494,1.0,1.2048944397387415e-07,1.0,1.0,7.481376750113065e-06,4656,3.8009330540690634e-06,512,24249,1.0,1.2028461701588312e-07,1.0,1.0,6.7662807838364e-06,4656,3.443282707458317e-06,650.3717234129399,694.4356179300012
2425.1099656357387,1.0,1.2051504734362303e-07,1.0,1.0,7.39115097518383e-06,4656,3.7558330182959023e-06,512,24251,1.0,1.20310220385632e-07,1.0,1.0,6.702042379195696e-06,4656,3.41117630682284e-06,650.4110903749461,694.7181349060011
2449.9896907216494,1.0,5.9297397306228545e-08,1.0,1.0,2.2580864696437014e-06,4656,1.1586919369910527e-06,512,24499,1.0,5.9527827633968456e-08,1.0,1.0,2.1462257722667914e-06,4656,1.1028768034664677e-06,656.6835897969686,701.1708532150005
2450.1099656357387,1.0,4.2757620448452623e-08,1.0,1.0,2.256012596694042e-06,4656,1.1493851120873352e-06,512,24501,1.0,4.3679341759412276e-08,1.0,1.0,2.145892928460056e-06,4656,1.0947861386258218e-06,656.7222369729643,701.4512048610013
2474.9896907216494,1.0,1.1111860712969662e-08,1.0,1.0,4.648035056621022e-07,4656,2.379576809411465e-07,512,24749,1.0,1.2187202242422587e-08,1.0,1.0,4.492110659866802e-07,4656,2.3069913499357333e-07,662.9721623439764,707.8813710139984
2475.1099656357387,1.0,2.2786996878947576e-09,1.0,1.0,4.643682483763712e-07,4656,2.3332347414201074e-07,512,24751,1.0,2.9443871792792344e-09,1.0,1.0,4.4703477955802544e-07,4656,2.2498958353957328e-07,663.0120714719778,708.1649494740013
2499.9896907216494,1.0,1.715425602253969e-09,0.998926116838488,0.998926116838488,0.007445942085633163,4656,0.003722971913331153,512,24999,1.0,1.6386155052159696e-09,0.9997852233676976,0.9997852233676976,0.0041288150493631656,4656,0.002064408267179306,669.2562964669778,714.5893287370018
2500.1099656357387,1.0,1.5874087901354876e-09,0.9984965635738832,0.9984965635738832,0.007003729286062759,4656,0.003501865385529102,512,25001,1.0,1.484995311139971e-09,0.9987113402061856,0.9987113402061856,0.006211779678810094,4656,0.0031058905819027695,669.2956686389807,714.8826229689985
2524.9896907216494,1.0,9.42203918856558e-09,1.0,1.0,0.0001512562081576213,4656,7.563281509884444e-05,512,25249,1.0,8.961178240078441e-09,1.0,1.0,0.00012830340005841453,4656,6.415618061891331e-05,675.5999674300147,721.364540614999
2525.1099656357387,1.0,9.831693104547647e-09,1.0,1.0,0.00014908137792062103,4656,7.45456048073023e-05,512,25251,1.0,9.166005198069475e-09,1.0,1.0,0.00012653196211328212,4656,6.32705640598261e-05,675.6389420740124,721.6456335510011
2549.9896907216494,1.0,5.322939867574419e-08,1.0,1.0,2.069107562469965e-05,4656,1.0372152515203784e-05,512,25499,1.0,5.1104318986587225e-08,1.0,1.0,1.7845187067371053e-05,4656,8.948145696694909e-06,681.8714274410595,728.057015628001
2550.1099656357387,1.0,4.744303711249751e-08,1.0,1.0,2.0380155503417002e-05,4656,1.0213799273780838e-05,512,25501,1.0,4.485709676786071e-08,1.0,1.0,1.7570341093932948e-05,4656,8.807599098866491e-06,681.9109863250524,728.3401343980004
2574.9896907216494,1.0,3.151774425410603e-08,1.0,1.0,3.4700949613126537e-06,4656,1.750806354736762e-06,512,25749,1.0,3.080085029181383e-08,1.0,1.0,3.1501564530886173e-06,4656,1.5904786534482594e-06,688.083877732035,734.6925066740005
2575.1099656357387,1.0,3.215782771647517e-08,1.0,1.0,3.4399342917616375e-06,4656,1.7360460620831147e-06,512,25751,1.0,3.1440934535535815e-08,1.0,1.0,3.1201496537890015e-06,4656,1.5757952959203125e-06,688.1234444910369,734.9764542750017
2599.9896907216494,1.0,2.2582168602423633e-08,1.0,1.0,1.164696614787661e-06,4656,5.936393934530862e-07,512,25999,1.0,2.2991822518405698e-08,1.0,1.0,1.1108015214662704e-06,4656,5.66896673750382e-07,694.3761290649018,741.4077020529985
2600.1099656357387,1.0,1.9842608429969983e-08,1.0,1.0,1.1566827600562618e-06,4656,5.882626858058216e-07,512,26001,1.0,1.989381556014416e-08,1.0,1.0,1.1054248138190058e-06,4656,5.626593160569425e-07,694.4156091738951,741.6899589999994
2624.9896907216494,1.0,1.1265481575468595e-09,1.0,1.0,2.778221370163854e-07,4656,1.3947434264266803e-07,512,26249,1.0,1.075341443992457e-09,1.0,1.0,2.6571174312516557e-07,4656,1.3339354232730924e-07,700.6951385249813,748.1504142049998
2625.1099656357387,1.0,9.985312737026293e-09,1.0,1.0,2.78539031369354e-07,4656,1.4426217278570844e-07,512,26251,1.0,1.0651000448166256e-08,1.0,1.0,2.667870846546185e-07,4656,1.3871904323507608e-07,700.7357498329911,748.4364102810032
2649.9896907216494,1.0,1.192348835442961e-07,0.9991408934707904,0.9991408934707904,0.0077755769708312255,4656,0.003887848090060388,512,26499,1.0,1.1926048691404497e-07,1.0,1.0,0.0056803368313615675,4656,0.002840228020325559,707.0023042610155,754.8830457839977
2650.1099656357387,1.0,1.1920928173725289e-07,0.9997852233676976,0.9997852233676976,0.005267467183345782,4656,0.0026337931963176663,512,26501,1.0,1.1920928173725289e-07,1.0,1.0,0.003830635926567812,4656,0.0019153775679286813,707.0418138860077,755.1669352220015
2674.9896907216494,1.0,1.2366426182273515e-07,1.0,1.0,8.243803475756212e-05,4656,4.1280849516724596e-05,512,26749,1.0,1.239715022597217e-07,1.0,1.0,6.520240791654054e-05,4656,3.266318971643231e-05,713.267619959046,761.5703102139996
2675.1099656357387,1.0,1.2123194169659164e-07,1.0,1.0,8.109809760375531e-05,4656,4.060966477975813e-05,512,26751,1.0,1.2133435517558716e-07,1.0,1.0,6.41480443480703e-05,4656,3.213468935865512e-05,713.3063120550396,761.8528345310006
2699.9896907216494,1.0,4.352572417798482e-09,1.0,1.0,1.0591156139035302e-05,4656,5.297754355946306e-06,512,26999,1.0,4.787829703529427e-09,1.0,1.0,8.667973622270056e-06,4656,4.336380726206548e-06,719.5728074689723,768.2993143599997
2700.1099656357387,1.0,5.4279137519131965e-09,1.0,1.0,1.037591491038575e-05,4656,5.1906714123862565e-06,512,27001,1.0,5.581533921571919e-09,1.0,1.0,8.534940313291817e-06,4656,4.270260923948536e-06,719.6124098029723,768.5835534679973
2724.9896907216494,1.0,1.15727216614568e-08,1.0,1.0,2.1396197778288004e-06,4656,1.075596250477647e-06,512,27249,1.0,1.2904096595391201e-08,1.0,1.0,1.9012018488127982e-06,4656,9.570529610814713e-07,725.8575545069725,775.0102411890002
2725.1099656357387,1.0,9.242815404985217e-09,1.0,1.0,2.121774204110541e-06,4656,1.0655085102949432e-06,512,27251,1.0,1.088143038522975e-08,1.0,1.0,1.8853021812020349e-06,4656,9.480918066726543e-07,725.8974014599626,775.2948509579983
2749.9896907216494,1.0,1.1547118194038816e-08,1.0,1.0,7.290557285697164e-07,4656,3.7030142416323045e-07,512,27499,1.0,1.234082246091586e-08,1.0,1.0,6.893193487260376e-07,4656,3.5083008647249866e-07,732.0861101110022,781.6621123379991
2750.1099656357387,1.0,7.655406480554711e-09,1.0,1.0,7.297214161831872e-07,4656,3.6868841186905105e-07,512,27501,1.0,8.756351282087409e-09,1.0,1.0,6.886536736142121e-07,4656,3.4870501303416435e-07,732.1251775339952,781.9443454780012
2774.9896907216494,1.0,4.711019447779133e-09,1.0,1.0,2.0989639707260904e-07,4656,1.0730370855320139e-07,512,27749,1.0,4.890243182524944e-09,1.0,1.0,1.991685945240627e-07,4656,1.0202941907304932e-07,738.4141868779952,788.4150499019997
2775.1099656357387,1.0,2.125079469401483e-09,1.0,1.0,2.1186785654327273e-07,4656,1.0699646811621484e-07,512,27751,1.0,1.9714592753254843e-09,1.0,1.0,2.0149849492038803e-07,4656,1.0173497719552586e-07,738.4549388959822,788.7014096660023
2799.9896907216494,1.0,4.224555569054087e-09,1.0,1.0,0.0023274436797882684,4656,0.0011637239265687687,512,27999,1.0,3.942918550650969e-09,1.0,1.0,0.0015185687857395185,4656,0.00075928636432923,744.6767935850476,795.1025535960034
2800.1099656357387,1.0,4.224555569054087e-09,1.0,1.0,0.0022783852934427687,4656,0.001139194720594334,512,28001,1.0,4.019728659897606e-09,1.0,1.0,0.0015386399329732783,4656,0.0007693219763511644,744.7165894910613,795.3870912570019
2824.9896907216494,1.0,1.6744601667046652e-08,1.0,1.0,5.9505284498237665e-05,4656,2.9761014551026713e-05,512,28249,1.0,1.7231065692275357e-08,1.0,1.0,5.109812960323087e-05,4656,2.5557680335535933e-05,750.8652365600683,801.7132229390008
2825.1099656357387,1.0,1.6104517423324676e-08,1.0,1.0,5.855205103985427e-05,4656,2.928407777971316e-05,512,28251,1.0,1.6693394927548894e-08,1.0,1.0,5.0277594809782056e-05,4656,2.5147144103429163e-05,750.9041174600679,801.9947223399977
2849.9896907216494,1.0,2.9085424518638934e-08,1.0,1.0,7.615918157577412e-06,4656,3.8225017928060696e-06,512,28499,1.0,2.946947506487212e-08,1.0,1.0,6.771348450809742e-06,4656,3.4004089646953514e-06,757.1559335760721,808.4272025560022
2850.1099656357387,1.0,3.3898857250075376e-08,1.0,1.0,7.5039557218103575e-06,4656,3.7689272916789368e-06,512,28501,1.0,3.441092425437654e-08,1.0,1.0,6.671496158901e-06,4656,3.352953543921747e-06,757.1958656860552,808.7125223259973
2874.9896907216494,1.0,3.738091436389368e-08,1.0,1.0,1.810668508403797e-06,4656,9.240247141185802e-07,512,28749,1.0,3.779056710784649e-08,1.0,1.0,1.6960424345660367e-06,4656,8.669165041576911e-07,763.4318303710206,815.1293367689977
2875.1099656357387,1.0,2.795887624968825e-08,1.0,1.0,1.7967402752604067e-06,4656,9.123495775130914e-07,512,28751,1.0,2.8138099447253985e-08,1.0,1.0,1.6820629946831486e-06,4656,8.551005490185833e-07,763.4720060680302,815.413802068997
2899.9896907216494,1.0,2.0764329350253215e-08,1.0,1.0,6.423628311148201e-07,4656,3.315635819905806e-07,512,28999,1.0,2.0815536089750973e-08,1.0,1.0,6.163498074499589e-07,4656,3.185826735278988e-07,769.6436750910398,821.7638184839998
2900.1099656357387,1.0,1.472193584756162e-08,1.0,1.0,6.365508661818246e-07,4656,3.25636401893715e-07,512,29001,1.0,1.4747539217310499e-08,1.0,1.0,6.110755132816899e-07,4656,3.129115271285221e-07,769.6836627150369,822.0467537780023
2924.9896907216494,1.0,1.6642188810691678e-09,1.0,1.0,1.6829093529503149e-07,4656,8.497757716435431e-08,512,29249,1.0,1.664218899382125e-09,1.0,1.0,1.5804958739547984e-07,4656,7.985690321457849e-08,775.9575987840253,828.5002336849975
2925.1099656357387,1.0,4.787829532608494e-09,1.0,1.0,1.7627918665668177e-07,4656,9.053350839986109e-08,512,29251,1.0,4.711019496613686e-09,1.0,1.0,1.6834214203452924e-07,4656,8.652658103416151e-08,775.9985560780297,828.7839050840012
2949.9896907216494,1.0,5.274293435750817e-09,1.0,1.0,0.00023296143206738933,4656,0.0001164833531807788,512,29499,1.0,4.659812854785032e-09,1.0,1.0,0.00019242379436736664,4656,9.621422709033046e-05,782.215321126987,835.1798678329978
2950.1099656357387,1.0,5.248690066001938e-09,1.0,1.0,0.00022802785154163224,4656,0.00011401655011621537,512,29501,1.0,4.71101959428279e-09,1.0,1.0,0.00018831689544406135,4656,9.416080323204757e-05,782.255340138985,835.4634798160005
2974.9896907216494,1.0,9.934106192866744e-09,1.0,1.0,2.3997139747340962e-05,4656,1.2003536927401764e-05,512,29749,1.0,8.21868081036826e-09,1.0,1.0,2.008667607756517e-05,4656,1.0047447379627282e-05,788.4419708120804,841.827592605001
2975.1099656357387,1.0,1.0164536325268448e-08,1.0,1.0,2.3606958594237202e-05,4656,1.1808561566013754e-05,512,29751,1.0,8.423507768359294e-09,1.0,1.0,1.975074466445909e-05,4656,9.879584086553236e-06,788.481512955088,842.1106077100012
2999.9896907216494,1.0,1.6053310683826918e-08,1.0,1.0,3.4673804540468757e-06,4656,1.7417168834397115e-06,512,29999,1.0,1.564365676784485e-08,1.0,1.0,3.0666895677204343e-06,4656,1.5411666133184997e-06,794.7325755221209,848.5404616150008
3000.1099656357387,1.0,1.7845546566248458e-08,1.0,1.0,3.4205008590597137e-06,4656,1.719173203887341e-06,512,30001,1.0,1.6872618515791047e-08,1.0,1.0,3.029001557469829e-06,4656,1.5229370890671702e-06,794.7723621391306,848.8467838920005
3024.9896907216494,1.0,2.1634843921715105e-08,1.0,1.0,1.0431832219858068e-06,4656,5.324090347118048e-07,512,30249,1.0,2.0585106348025687e-08,1.0,1.0,9.794052529446396e-07,4656,4.999951811113692e-07,801.0064101381104,855.2603048409983
3025.1099656357387,1.0,2.2172514686441565e-08,1.0,1.0,1.0385746154310085e-06,4656,5.30373566816769e-07,512,30251,1.0,2.140441417998982e-08,1.0,1.0,9.761792283562808e-07,4656,4.987918227331719e-07,801.0459209611181,855.543789213003
3049.9896907216494,1.0,5.504723958828939e-09,1.0,1.0,3.4177932652038334e-07,4656,1.7364202550819618e-07,512,30499,1.0,5.504723763490729e-09,1.0,1.0,3.29720154995718e-07,4656,1.676124397458635e-07,807.2744288921276,861.9519409649984
3050.1099656357387,1.0,1.2238409079589449e-08,1.0,1.0,3.3670985931010524e-07,4656,1.7447413502503474e-07,512,30501,1.0,1.2776079746646806e-08,1.0,1.0,3.237033568539087e-07,4656,1.6823971917929969e-07,807.3136526201379,862.2348563059968
3074.9896907216494,1.0,2.381113142472998e-09,1.0,1.0,0.005118978392217577,4656,0.002559490348260427,512,30749,1.0,2.713956924791151e-09,1.0,1.0,0.004533636098874803,4656,0.0022668193296058892,813.6721557421297,868.7748134440008
3075.1099656357387,1.0,2.3043030332263605e-09,1.0,1.0,0.004607500898879009,4656,0.0023037515503844036,512,30751,1.0,2.6371468155445133e-09,1.0,1.0,0.004048200202561736,4656,0.002024101381449355,813.7131721521328,869.0603707619994
3099.9896907216494,1.0,9.396435428140282e-09,1.0,1.0,4.9569621230907664e-05,4656,2.478950883380275e-05,512,30999,1.0,9.729279527883025e-09,1.0,1.0,4.0959237988308536e-05,4656,2.0484483634406553e-05,820.0655872831303,875.5933900179989
3100.1099656357387,1.0,9.52445227688468e-09,1.0,1.0,4.8698858626801326e-05,4656,2.4354191540173954e-05,512,31001,1.0,9.754882897631904e-09,1.0,1.0,4.020867040348831e-05,4656,2.010921264368132e-05,820.1058331351487,875.8783966500014
3124.9896907216494,1.0,1.267366626765129e-08,1.0,1.0,7.17326309819965e-06,4656,3.5929683831126727e-06,512,31249,1.0,1.3211337032377752e-08,1.0,1.0,6.1523653342807825e-06,4656,3.082788336535602e-06,826.0482259110904,881.9934107030022
3125.1099656357387,1.0,1.2878493225642322e-08,1.0,1.0,7.094200592507253e-06,4656,3.55353954374547e-06,512,31251,1.0,1.35185774693643e-08,1.0,1.0,6.089432801510434e-06,4656,3.0514756903689214e-06,826.0883537470836,882.2771446599982
3149.9896907216494,1.0,2.4656041552082843e-08,1.0,1.0,1.8553974953419258e-06,4656,9.400267702050482e-07,512,31499,1.0,2.534733253530258e-08,1.0,1.0,1.6945062323811038e-06,4656,8.599267842162471e-07,832.3363071261156,888.7040608779971
3150.1099656357387,1.0,2.473285166132948e-08,1.0,1.0,1.8454122311464443e-06,4656,9.350725431619308e-07,512,31501,1.0,2.5500952753795854e-08,1.0,1.0,1.68705565178418e-06,4656,8.562783040270318e-07,832.3761705241304,888.9875651240036
3174.9896907216494,1.0,2.2198118056190444e-08,1.0,1.0,7.23294982877864e-07,4656,3.727465522250711e-07,512,31749,1.0,2.148122389856004e-08,1.0,1.0,6.920077275529607e-07,4656,3.567444773861351e-07,838.6215999151136,895.4134584849999
3175.1099656357387,1.0,1.679580840654441e-08,1.0,1.0,7.183535325163303e-07,4656,3.675746715357975e-07,512,31751,1.0,1.712865221327984e-08,1.0,1.0,6.889609390544894e-07,4656,3.5304479670824477e-07,838.6614617421255,895.6978448580012
3199.9896907216494,1.0,1.3057717351064552e-09,1.0,1.0,2.0787373086244757e-07,4656,1.045897513598202e-07,512,31999,1.0,1.51059868088885e-09,1.0,1.0,1.96992308095408e-07,4656,9.925145345529593e-08,844.8785767371046,902.0942366330019
3200.1099656357387,1.0,6.580065195274549e-09,1.0,1.0,2.0836019488767627e-07,4656,1.074701304565691e-07,512,32001,1.0,7.2457527599108535e-09,1.0,1.0,1.9893816732173414e-07,4656,1.0309196048033347e-07,844.9188149180954,902.3791284829967
3224.9896907216494,1.0,1.1920928173725289e-07,1.0,1.0,0.00015778802623300209,4656,7.895361776127643e-05,512,32249,1.0,1.1920928173725289e-07,1.0,1.0,0.00012798369878141332,4656,6.405145403548205e-05,851.1814471921061,908.8209786970001
3225.1099656357387,1.0,1.1920928173725289e-07,1.0,1.0,0.0001540365516883401,4656,7.707788048894545e-05,512,32251,1.0,1.1920928173725289e-07,1.0,1.0,0.00012500666696386238,4656,6.256293812670658e-05,851.221286599106,909.1046566170007
3249.9896907216494,1.0,1.938174796982837e-08,1.0,1.0,1.874785987129019e-05,4656,9.383620811095046e-06,512,32499,1.0,1.968898821147671e-08,1.0,1.0,1.5422889860378918e-05,4656,7.721289425857903e-06,857.547056518084,915.6098495020015
3250.1099656357387,1.0,1.9765798320723346e-08,1.0,1.0,1.843274579802688e-05,4656,9.226255799736508e-06,512,32501,1.0,2.0149848476280114e-08,1.0,1.0,1.5194743633257462e-05,4656,7.607446742624915e-06,857.5872903940872,915.8949525780008
3274.9896907216494,1.0,3.7278502056927416e-08,1.0,1.0,3.769473263536199e-06,4656,1.9033758849452835e-06,512,32749,1.0,3.674082933881886e-08,1.0,1.0,3.2869034508384024e-06,4656,1.6618221432140218e-06,863.812454336181,922.2992694160021
3275.1099656357387,1.0,3.9531597813475944e-08,1.0,1.0,3.7976880269797194e-06,4656,1.9186098149359942e-06,512,32751,1.0,3.912194272546463e-08,1.0,1.0,3.3082565611958044e-06,4656,1.6736892550860459e-06,863.8526474261853,922.5837091920002
3299.9896907216494,1.0,4.670053938978001e-08,1.0,1.0,1.2748420864177222e-06,4656,6.607713164198389e-07,512,32999,1.0,4.731502026375311e-08,1.0,1.0,1.193526009124899e-06,4656,6.204205182104138e-07,870.0661456261405,928.9755862909988
3300.1099656357387,1.0,5.120673246558274e-08,1.0,1.0,1.2713856565049143e-06,4656,6.612961980013362e-07,512,33001,1.0,5.2410090843780056e-08,1.0,1.0,1.1906840350827734e-06,4656,6.215470664793645e-07,870.1049684101563,929.2581737589971
3324.9896907216494,1.0,8.577127986852569e-09,1.0,1.0,4.228139917755858e-07,4656,2.1569556032073016e-07,512,33249,1.0,8.833161586672255e-09,1.0,1.0,4.056597340438368e-07,4656,2.0724644830360005e-07,876.327280940186,935.6606002389999
3325.1099656357387,1.0,1.7871149935997337e-08,1.0,1.0,4.249134680949939e-07,4656,2.2139231008985576e-07,512,33251,1.0,1.7103048648192753e-08,1.0,1.0,4.078616238422404e-07,4656,2.1248233741724582e-07,876.3666060511932,935.9433900219992
3349.9896907216494,1.0,3.205541540950891e-08,0.9984965635738832,0.9984965635738832,0.03074842670938813,4656,0.015374229126369831,512,33499,1.0,3.2106621758330253e-08,1.0,1.0,0.024045665239550405,4656,0.012022848698691404,882.4417066102651,942.1967559829973
3350.1099656357387,1.0,3.026317952708737e-08,0.9995704467353952,0.9995704467353952,0.024768052641878424,4656,0.012384041375720623,512,33501,1.0,3.0519213224576163e-08,1.0,1.0,0.020668494332696973,4656,0.010334262323543378,882.4810917252726,942.4791885699997
3374.9896907216494,1.0,9.6268658535493e-09,1.0,1.0,6.522889140212454e-05,4656,3.261925913457506e-05,512,33749,1.0,9.575658918713331e-09,1.0,1.0,5.244608181192703e-05,4656,2.6227828736106556e-05,888.7210353462178,948.8967264319981
3375.1099656357387,1.0,9.524452569891992e-09,1.0,1.0,6.39697568830346e-05,4656,3.198964066829059e-05,512,33751,1.0,9.268418481726783e-09,1.0,1.0,5.146329006327387e-05,4656,2.573627924156148e-05,888.7604358792123,949.1792910690019
3399.9896907216494,1.0,1.741028947585572e-08,1.0,1.0,9.532862353295446e-06,4656,4.775136322362342e-06,512,33999,1.0,1.8613646291347365e-08,1.0,1.0,7.932296597248397e-06,4656,3.975455123527916e-06,895.0278697141657,955.625801801998
3400.1099656357387,1.0,1.6718998492635982e-08,1.0,1.0,9.484600201345135e-06,4656,4.7506596008955765e-06,512,34001,1.0,1.774313289191473e-08,1.0,1.0,7.883471071150448e-06,4656,3.950607103193211e-06,895.0682967631619,955.910416212002
3424.9896907216494,1.0,3.9121941944111786e-08,1.0,1.0,2.2774424921574e-06,4656,1.1582822205668436e-06,512,34249,1.0,4.1170211524022116e-08,1.0,1.0,2.024558609226699e-06,4656,1.0328644138914485e-06,901.2434418780867,962.2643238120036
3425.1099656357387,1.0,4.841596516295491e-08,1.0,1.0,2.2763670006082023e-06,4656,1.1623914864016665e-06,512,34251,1.0,5.000337408738542e-08,1.0,1.0,2.0264276552183675e-06,4656,1.0382155181689643e-06,901.2830823570876,962.5474021250011
3449.9896907216494,1.0,1.8946490488759213e-08,1.0,1.0,8.232249037536258e-07,4656,4.210856986838982e-07,512,34499,1.0,1.9535367992983435e-08,1.0,1.0,7.811585860086854e-07,4656,4.0034697856354013e-07,907.2087501390524,968.6472498839976
3450.1099656357387,1.0,2.5500952753795854e-08,1.0,1.0,8.261180345286676e-07,4656,4.258094953992756e-07,512,34501,1.0,2.5808193190782403e-08,1.0,1.0,7.842565937482999e-07,4656,4.05032395227585e-07,907.2483518320478,968.9302937819994
3474.9896907216494,1.0,7.634924155898205e-08,0.9997852233676976,0.9997852233676976,0.007268322599712516,4656,0.0036341995000839233,512,34749,1.0,7.71429460211973e-08,1.0,1.0,0.005767556912300922,4656,0.002883817040428673,913.2579883190665,975.1157844590016
3475.1099656357387,1.0,8.354378845841709e-08,1.0,1.0,0.006065734729324419,4656,0.0030329090981549003,512,34751,1.0,8.403025248364579e-08,1.0,1.0,0.005060981075788282,4656,0.0025305325018171593,913.2981746440746,975.4002695790005
3499.9896907216494,1.0,1.2051504734362303e-07,1.0,1.0,7.871500395648054e-05,4656,3.9417759508944254e-05,512,34999,1.0,1.2036142712512976e-07,1.0,1.0,6.507993019682025e-05,4656,3.260014581900487e-05,919.351282066029,981.6292372459975
3500.1099656357387,1.0,1.2051504734362303e-07,1.0,1.0,7.733665374699737e-05,4656,3.872858440420267e-05,512,35001,1.0,1.2036142712512976e-07,1.0,1.0,6.394173559505506e-05,4656,3.2031048518122265e-05,919.390645141033,981.9236882250007
3524.9896907216494,1.0,1.1933729389788026e-07,1.0,1.0,1.1331843823527347e-05,4656,5.725590564963436e-06,512,35249,1.0,1.1928608872108818e-07,1.0,1.0,9.710151987003092e-06,4656,4.91471904333156e-06,925.3848715310414,988.0944689849966
3525.1099656357387,1.0,1.1933729389788026e-07,1.0,1.0,1.1224490494380907e-05,4656,5.671913900390216e-06,512,35251,1.0,1.1928608872108818e-07,1.0,1.0,9.62494517263678e-06,4656,4.8721156361484034e-06,925.4247305660574,988.3798845890014
3549.9896907216494,1.0,1.1920928173725289e-07,1.0,1.0,2.6623113460909203e-06,4656,1.3907603178208508e-06,512,35499,1.0,1.1920928173725289e-07,1.0,1.0,2.425071222089948e-06,4656,1.2721402558203646e-06,931.3223570699956,994.4513925739993
3550.1099656357387,1.0,1.1920928173725289e-07,1.0,1.0,2.641649526716738e-06,4656,1.3804294081337595e-06,512,35501,1.0,1.1920928173725289e-07,1.0,1.0,2.408224254801767e-06,4656,1.263716772176274e-06,931.3612197039947,994.7328448849985
3574.9896907216494,1.0,2.0252262345952048e-08,1.0,1.0,8.961175786630535e-07,4656,4.5818492206720847e-07,512,35749,1.0,2.1071569787239763e-08,1.0,1.0,8.627308095138059e-07,4656,4.419011914085667e-07,937.3651612930153,1000.9138961680037
3575.1099656357387,1.0,2.0252262345952048e-08,1.0,1.0,8.902032127527079e-07,4656,4.552277391120356e-07,512,35751,1.0,2.119958663598416e-08,1.0,1.0,8.573797052362902e-07,4656,4.3928964769418104e-07,937.4141557600124,1001.233720993001
3599.9896907216494,1.0,1.0113329878778003e-08,1.0,1.0,3.898622548824522e-07,4656,1.9998779296662973e-07,512,35999,1.0,1.1035050603723025e-08,1.0,1.0,4.001276840764271e-07,4656,2.0558136509368565e-07,943.4472358580642,1007.4547577730009
3600.1099656357387,1.0,4.096538869865507e-10,0.7087628865979382,0.7087628865979382,3.0192658729159954,4656,1.5096329364579977,512,36001,1.0,6.400841948874261e-10,0.7229381443298969,0.7229381443298969,2.976168367051587,4656,1.4880841835257934,943.4839520590576,1007.737677041001
3624.9896907216494,1.0,2.3841856347450578e-07,1.0,1.0,0.00014589404642479525,4656,7.306623250194841e-05,512,36249,1.0,2.3841856347450578e-07,1.0,1.0,0.00012483284248621603,4656,6.25356305326588e-05,949.7576382730658,1014.1907321409999
3625.1099656357387,1.0,2.3841856347450578e-07,1.0,1.0,0.0001428328979363556,4656,7.153565825772858e-05,512,36251,1.0,2.3841856347450578e-07,1.0,1.0,0.0001223473297592086,4656,6.129287416915508e-05,949.7981246490635,1014.4766531669993
3649.9896907216494,1.0,2.8470943644665833e-08,1.0,1.0,1.77940667392462e-05,4656,8.911268843203475e-06,512,36499,1.0,2.880378745140126e-08,1.0,1.0,1.534035259736158e-05,4656,7.684578194164533e-06,956.0179568321364,1020.8734993419966
3650.1099656357387,1.0,3.1261710947293656e-08,1.0,1.0,1.75241620161433e-05,4656,8.77771186530334e-06,512,36501,1.0,3.213222512807913e-08,1.0,1.0,1.511348473849063e-05,4656,7.572808483762737e-06,956.0576772601307,1021.1560731050013
3674.9896907216494,1.0,7.140779119744838e-08,1.0,1.0,3.283984741696902e-06,4656,1.677696269963263e-06,512,36749,1.0,7.36608869539969e-08,1.0,1.0,2.9585158305972355e-06,4656,1.5160883626823802e-06,962.3229586290654,1027.599733316998
3675.1099656357387,1.0,7.276476979413897e-08,1.0,1.0,3.2805026084011822e-06,4656,1.6766336926137484e-06,512,36751,1.0,7.476183185319871e-08,1.0,1.0,2.9500411152103563e-06,4656,1.5124014774385416e-06,962.3632315340765,1027.884433233001
3699.9896907216494,1.0,3.528143882583843e-08,1.0,1.0,1.0783108952615243e-06,4656,5.567961693877399e-07,512,36999,1.0,3.676643348992058e-08,1.0,1.0,1.0254657151228731e-06,4656,5.311160770411319e-07,968.58743099411,1034.2883752870002
3700.1099656357387,1.0,2.9315854065026007e-08,1.0,1.0,1.0754432928463592e-06,4656,5.523795756044129e-07,512,37001,1.0,3.016076526673902e-08,1.0,1.0,1.0224445174925056e-06,4656,5.263026435283425e-07,968.6272851211143,1034.5726905459996
3724.9896907216494,1.0,1.4337885472249367e-09,1.0,1.0,2.8926684329413434e-07,4656,1.4535031600003578e-07,512,37249,1.0,1.1777549229879736e-09,1.0,1.0,2.7551783061357493e-07,4656,1.3834779281101168e-07,974.9069707481576,1041.031737086003
3725.1099656357387,1.0,1.2801683775662141e-09,1.0,1.0,2.903165752030157e-07,4656,1.4579837184522981e-07,512,37251,1.0,9.729279772055787e-10,1.0,1.0,2.7971678012697975e-07,4656,1.4034485408871858e-07,974.9468115411546,1041.3148935309982
3749.9896907216494,1.0,8.116267136034536e-09,1.0,1.0,0.0003291817119543495,4656,0.00016459491411127995,512,37499,1.0,7.783423524637315e-09,1.0,1.0,0.0002786206254332336,4656,0.00013931420442881863,981.1777748441054,1047.7259299899997
3750.1099656357387,1.0,8.116267136034536e-09,1.0,1.0,0.0003208712933911491,4656,0.00016043970482967974,512,37501,1.0,7.681010045641799e-09,1.0,1.0,0.000271687348120401,4656,0.00013584751456566284,981.2175105721071,1048.0097797340022
3774.9896907216494,1.0,2.0329072064522268e-08,1.0,1.0,2.7289557073879795e-05,4656,1.3654943074730203e-05,512,37749,1.0,1.8562440333202445e-08,1.0,1.0,2.3172060955840698e-05,4656,1.1595311699454318e-05,987.4146122370621,1054.3850456330001
3775.1099656357387,1.0,1.536201989594539e-08,1.0,1.0,2.6898400992462314e-05,4656,1.3456881507155822e-05,512,37751,1.0,1.4670728912725653e-08,1.0,1.0,2.281126787060315e-05,4656,1.1412969300734627e-05,987.4540495430592,1054.6678738090013
3799.9896907216494,1.0,5.043863137311636e-08,1.0,1.0,4.650814009868761e-06,4656,2.3506263241370264e-06,512,37999,1.0,4.775027754948406e-08,1.0,1.0,4.1151181050605075e-06,4656,2.0814341948210835e-06,993.6989317640146,1061.0921772550028
3800.1099656357387,1.0,4.5727611339322606e-08,1.0,1.0,4.604113913506039e-06,4656,2.3249207659387685e-06,512,38001,1.0,4.355132491066788e-08,1.0,1.0,4.0689808827796085e-06,4656,2.056266107361226e-06,993.7384053810129,1061.3749124389979
3824.9896907216494,1.0,6.541660267621066e-08,1.0,1.0,1.4230597688643666e-06,4656,7.442381892863764e-07,512,38249,1.0,6.464850158374428e-08,1.0,1.0,1.3331921535737723e-06,4656,6.98920331094846e-07,1000.0435388639708,1067.861254430998
3825.1099656357387,1.0,5.893895012974424e-08,1.0,1.0,1.4260297597552364e-06,4656,7.424843584585781e-07,512,38251,1.0,5.786360860029131e-08,1.0,1.0,1.3368022287083642e-06,4656,6.973329221704156e-07,1000.0836683059715,1068.1455002469993
3849.9896907216494,1.0,8.961178618546223e-10,1.0,1.0,4.2842112975059035e-07,4656,2.1465862384590054e-07,512,38499,1.0,7.937043859112652e-10,1.0,1.0,4.114716989768323e-07,4656,2.061327017195238e-07,1006.2934429699053,1074.5352184330004
3850.1099656357387,1.0,1.920252535827726e-09,1.0,1.0,4.2263476818734363e-07,4656,2.122775104592548e-07,512,38501,1.0,1.6898222080878138e-09,1.0,1.0,4.0886015526244665e-07,4656,2.0527498883293633e-07,1006.3331377939066,1074.8183844330015
3874.9896907216494,1.0,1.7689366753065487e-07,1.0,1.0,0.0022104527173992692,4656,0.0011053147799370625,512,38749,1.0,1.7868590341307643e-07,1.0,1.0,0.0018465048105446335,4656,0.0009233417482310554,1012.485560803867,1081.1476166350003
3875.1099656357387,1.0,1.685213656227714e-07,1.0,1.0,0.0019732330672929377,4656,0.0009867007815346275,512,38751,1.0,1.7005756780770414e-07,1.0,1.0,0.0016605321228299354,4656,0.0008303510902059037,1012.5245188178706,1081.428169969
3899.9896907216494,1.0,6.221618067624793e-09,1.0,1.0,7.054508148446116e-05,4656,3.527565155165507e-05,512,38999,1.0,6.3752381884489636e-09,1.0,1.0,5.994691382261486e-05,4656,2.9976644530841166e-05,1018.6342713578379,1087.7126060080009
3900.1099656357387,1.0,6.298428079202326e-09,1.0,1.0,6.9208436763983e-05,4656,3.460736759647061e-05,512,39001,1.0,6.452048297695601e-09,1.0,1.0,5.8851206412737315e-05,4656,2.9428829230957016e-05,1018.6751135198247,1087.9963504750012
3924.9896907216494,1.0,1.748709899908773e-08,1.0,1.0,8.920294031039956e-06,4656,4.46889056628922e-06,512,39249,1.0,1.807597630797374e-08,1.0,1.0,7.655707294364616e-06,4656,3.836891636703663e-06,1024.8395686157346,1094.3384627009982
3925.1099656357387,1.0,1.5592450028347092e-08,1.0,1.0,8.812120493943084e-06,4656,4.413856473060075e-06,512,39251,1.0,1.597650076991849e-08,1.0,1.0,7.553141095269075e-06,4656,3.7845587989961874e-06,1024.8787817787415,1094.6210931319984
3949.9896907216494,1.0,4.690536634777105e-08,1.0,1.0,2.0236112595427002e-06,4656,1.0352583164613232e-06,512,39499,1.0,4.7801484288981815e-08,1.0,1.0,1.8513778663045148e-06,4656,9.49589678812836e-07,1031.090425400649,1101.0108652189992
3950.1099656357387,1.0,4.593243829731364e-08,1.0,1.0,2.030421755895902e-06,4656,1.0381771006126956e-06,512,39501,1.0,4.6854159608273284e-08,1.0,1.0,1.8582395693972143e-06,4656,9.525468680188316e-07,1031.1304060876464,1101.2933956719971
3974.9896907216494,1.0,2.5526556123544733e-08,1.0,1.0,7.00917650218989e-07,4656,3.6322210492931076e-07,512,39749,1.0,2.6576294283248777e-08,1.0,1.0,6.720883433932688e-07,4656,3.493323205963027e-07,1037.3165224876248,1107.658094059003
3975.1099656357387,1.0,1.3620990948359818e-08,1.0,1.0,7.032987886089256e-07,4656,3.584598906576646e-07,512,39751,1.0,1.3313750511373268e-08,1.0,1.0,6.73752562426946e-07,4656,3.4353315734818155e-07,1037.3559591416088,1107.941778919001
3999.9896907216494,1.0,1.3265104460459172e-07,1.0,1.0,0.0020859277074279656,4656,0.0010430301408382626,512,39999,1.0,1.319341502516231e-07,1.0,1.0,0.0018104152478712941,4656,0.0009052735910178051,1043.5148409565918,1114.2786289350006
4000.1099656357387,1.0,1.3323992210881597e-07,1.0,1.0,0.001964019976325871,4656,0.0009820765953293372,512,40001,1.0,1.3262544123484285e-07,1.0,1.0,0.0017040250534863816,4656,0.0008520788394708404,1043.5542546315955,1114.5718775390014
4024.9896907216494,1.0,1.1920928173725289e-07,1.0,1.0,6.844731018945728e-05,4656,3.428325973950403e-05,512,40249,1.0,1.1920928173725289e-07,1.0,1.0,5.9383921325206757e-05,4656,2.975156530737877e-05,1049.7209535726251,1120.9149501149986
4025.1099656357387,1.0,1.1920928173725289e-07,1.0,1.0,6.761146018031946e-05,4656,3.386533473493512e-05,512,40251,1.0,1.1920928173725289e-07,1.0,1.0,5.858094924324771e-05,4656,2.9350079266399246e-05,1049.7598815996134,1121.1967502939988
4049.9896907216494,1.0,1.1920928173725289e-07,1.0,1.0,8.794610589403415e-06,4656,4.456909939477098e-06,512,40499,1.0,1.1920928173725289e-07,1.0,1.0,7.812681454281832e-06,4656,3.965945371916307e-06,1055.93235227255,1127.5468138370015
4050.1099656357387,1.0,1.1920928173725289e-07,1.0,1.0,8.704461624583428e-06,4656,4.4118354570671045e-06,512,40501,1.0,1.1920928173725289e-07,1.0,1.0,7.733541438388046e-06,4656,3.926375363969414e-06,1055.9718155425471,1127.830559607999
4074.9896907216494,1.0,1.1920928173725289e-07,1.0,1.0,2.1723154560211547e-06,4656,1.145762372785968e-06,512,40749,1.0,1.1920928173725289e-07,1.0,1.0,2.0284247180587803e-06,4656,1.0738170038047808e-06,1062.1199085985027,1134.1571130679986
4075.1099656357387,1.0,1.1920928173725289e-07,1.0,1.0,2.161818124430696e-06,4656,1.1405137069907385e-06,512,40751,1.0,1.1920928173725289e-07,1.0,1.0,2.0209741374618565e-06,4656,1.0700917135063189e-06,1062.1593651875191,1134.4407543040033
4099.98969072165,1.0,2.7805256031194975e-08,1.0,1.0,7.697906898401831e-07,4656,3.987979746937329e-07,512,40999,1.0,2.857335712366135e-08,1.0,1.0,7.427791347551156e-07,4656,3.8567624769743236e-07,1068.365651390519,1140.826151587
4100.109965635739,1.0,1.6744601667046652e-08,1.0,1.0,7.673583697140396e-07,4656,3.9205148676490327e-07,512,41001,1.0,1.5746070637516787e-08,1.0,1.0,7.397323337549991e-07,4656,3.7773920307527985e-07,1068.4056013435293,1141.1086365280025
4124.98969072165,1.0,1.260453705212639e-07,0.6007302405498282,0.6007302405498282,1.0456499447117966,4656,0.5228250313460622,512,41249,1.0,1.276583765646206e-07,0.6254295532646048,0.6254295532646048,0.9827563361203957,4656,0.49137822705036177,1074.5854583164728,1147.4675927680037
4125.109965635739,1.0,1.446589515696494e-07,0.6045962199312714,0.6045962199312714,1.0428833715694468,4656,0.5214417447748873,512,41251,1.0,1.6974980073890576e-07,0.6436855670103093,0.6436855670103093,0.9644101722953246,4656,0.4822051713556768,1074.624818004475,1147.7510371630015
4149.98969072165,1.0,1.2420193258746161e-07,1.0,1.0,0.0001788193350369783,4656,8.947176849181505e-05,512,41499,1.0,1.2389469215047507e-07,1.0,1.0,0.00014697909483180424,4656,7.355149476900952e-05,1080.8084233595255,1154.112314699003
4150.109965635739,1.0,1.2392029552022394e-07,1.0,1.0,0.00017485538772803402,4656,8.74896540188093e-05,512,41501,1.0,1.237154685622329e-07,1.0,1.0,0.00014376396767769482,4656,7.19438415801607e-05,1080.8475263795153,1154.3952441659967
4174.98969072165,1.0,4.091417821720974e-08,1.0,1.0,1.6944246691462816e-05,4656,8.492580438160763e-06,512,41749,1.0,4.0683747498793414e-08,1.0,1.0,1.4201915363662738e-05,4656,7.121299559096854e-06,1087.020002232577,1160.7455926779985
4175.109965635739,1.0,4.117021191469854e-08,1.0,1.0,1.6678361697410492e-05,4656,8.359765957983345e-06,512,41751,1.0,4.086297108703557e-08,1.0,1.0,1.3980987686599857e-05,4656,7.010925332359534e-06,1087.0591253795828,1161.0280319039994
4199.98969072165,1.0,7.985690321457849e-08,1.0,1.0,3.0246490596223918e-06,4656,1.5522529849345728e-06,512,41999,1.0,8.011293691206728e-08,1.0,1.0,2.703635084852448e-06,4656,1.3918740143983456e-06,1093.249440397598,1167.3960389770036
4200.109965635739,1.0,8.15723289877534e-08,1.0,1.0,2.9972535039976728e-06,4656,1.5394129200088008e-06,512,42001,1.0,8.13162952902646e-08,1.0,1.0,2.6796960091471184e-06,4656,1.3805061557347794e-06,1093.289192931592,1167.6808022160003
4224.98969072165,1.0,3.679203607831662e-08,1.0,1.0,1.0093099888113305e-06,4656,5.230510155702349e-07,512,42249,1.0,3.507661108649456e-08,1.0,1.0,9.568998909353748e-07,4656,4.959882537456696e-07,1099.5358535595187,1174.1070323190033
4225.109965635739,1.0,3.356601344333994e-08,1.0,1.0,1.0171958266939852e-06,4656,5.253809222173829e-07,512,42251,1.0,3.156895060292737e-08,1.0,1.0,9.645552984902897e-07,4656,4.980621266953289e-07,1099.575578617525,1174.3890036609992
4249.98969072165,1.0,5.530327084405056e-09,1.0,1.0,2.752105933019997e-07,4656,1.403704605838788e-07,512,42499,1.0,5.632740612235125e-09,1.0,1.0,2.631257965297061e-07,4656,1.3437926893722973e-07,1105.6396793265121,1180.6279295669992
4250.109965635739,1.0,1.3313751048553342e-09,1.0,1.0,2.8668087794620677e-07,4656,1.4400612658657424e-07,512,42501,1.0,1.2801683775662141e-09,1.0,1.0,2.748009300097836e-07,4656,1.3804054924861377e-07,1105.678356735505,1180.9078031659992
4274.98969072165,1.0,2.1440750892078857e-06,1.0,1.0,0.0001734047456039596,4656,8.777441149673511e-05,512,42749,1.0,2.1414635704967907e-06,1.0,1.0,0.00014729044460963547,4656,7.471595522771586e-05,1113.1838934554871,1188.605756066001
4275.109965635739,1.0,2.1394920860228363e-06,1.0,1.0,0.00017015461544298225,4656,8.614705491465392e-05,512,42751,1.0,2.1364709133957593e-06,1.0,1.0,0.00014439152547276717,4656,7.32639993307312e-05,1113.226917273485,1188.8959216659969
4299.98969072165,1.0,5.900551467178601e-07,1.0,1.0,2.0085351903285972e-05,4656,1.033770358125932e-05,512,42999,1.0,5.889542018186583e-07,1.0,1.0,1.7041100838775283e-05,4656,8.815027576554375e-06,1120.7618654524595,1196.6281423240034
4300.109965635739,1.0,5.450956294388283e-07,1.0,1.0,1.9803440799981457e-05,4656,1.0174268270967547e-05,512,43001,1.0,5.439178744303799e-07,1.0,1.0,1.6788477390121245e-05,4656,8.666197688533217e-06,1120.8015707054547,1196.9116145940025
4324.98969072165,1.0,1.2051504734362303e-07,1.0,1.0,3.671285340680878e-06,4656,1.8959002010444262e-06,512,43249,1.0,1.2036142712512976e-07,1.0,1.0,3.3001148896419867e-06,4656,1.710238165415734e-06,1128.263197074495,1204.5680505719974
4325.109965635739,1.0,1.2051504734362303e-07,1.0,1.0,3.676610691568901e-06,4656,1.8985628764884375e-06,512,43251,1.0,1.2036142712512976e-07,1.0,1.0,3.3152464811635743e-06,4656,1.7178039611765276e-06,1128.302700289485,1204.851279598999
4349.98969072165,1.0,6.52373790879685e-08,1.0,1.0,1.257790317174841e-06,4656,6.615138516474925e-07,512,43499,1.0,6.503255212997747e-08,1.0,1.0,1.1996452144948811e-06,4656,6.32338886828517e-07,1135.8520992265294,1212.595696141001
4350.109965635739,1.0,4.885122244868586e-08,1.0,1.0,1.258225574460572e-06,4656,6.535384019707166e-07,512,43501,1.0,4.949130669240784e-08,1.0,1.0,1.2020263153798815e-06,4656,6.257588145522323e-07,1135.891893561533,1212.8795428819976
4374.98969072165,1.0,1.0497380327342086e-08,1.0,1.0,3.2385699582487006e-07,4656,1.6717718871095526e-07,512,43749,1.0,9.370832253729612e-09,1.0,1.0,3.1136255138741703e-07,4656,1.603666923577534e-07,1143.3844381445851,1220.5668803260014
4375.109965635739,1.0,1.036936347859769e-08,1.0,1.0,3.295665472788701e-07,4656,1.6996795601358308e-07,512,43751,1.0,9.319625514231854e-09,1.0,1.0,3.181218347502984e-07,4656,1.6372073066944522e-07,1143.4241298035813,1220.8500177920032
4399.98969072165,1.0,8.807043625758737e-07,1.0,1.0,0.0005605650675255818,4656,0.0002807228861191019,512,43999,1.0,8.881549431727975e-07,1.0,1.0,0.00047175987556423107,4656,0.00023632401542872497,1150.840315762569,1228.459281211999
4400.109965635739,1.0,8.792705738699365e-07,1.0,1.0,0.0005452350242850706,4656,0.00027305714760449335,512,44001,1.0,8.866187409878648e-07,1.0,1.0,0.0004589968261747426,4656,0.00022994172263288826,1150.8803946665757,1228.7426755270026
4424.98969072165,1.0,4.578649987109786e-07,1.0,1.0,4.109153460032752e-05,4656,2.077469983077336e-05,512,44249,1.0,4.605021457951132e-07,1.0,1.0,3.361476095604528e-05,4656,1.703763158217431e-05,1158.4395672036226,1236.4946758400001
4425.109965635739,1.0,4.523858775847185e-07,1.0,1.0,4.028738836383389e-05,4656,2.036988715196342e-05,512,44251,1.0,4.552278516268441e-07,1.0,1.0,3.3020326720480246e-05,4656,1.6737777317307657e-05,1158.4797644756145,1236.7794044950024
4449.98969072165,1.0,1.2415072584796386e-07,1.0,1.0,5.82528418598895e-06,4656,2.9747174629506324e-06,512,44499,1.0,1.2402270899921946e-07,1.0,1.0,4.970061177102996e-06,4656,2.5470419500832835e-06,1166.0677220215985,1244.5594324790036
4450.109965635739,1.0,1.2450917302444816e-07,1.0,1.0,5.77566510544853e-06,4656,2.9500871462686645e-06,512,44501,1.0,1.24329949436206e-07,1.0,1.0,4.924538635722397e-06,4656,2.524434299611477e-06,1166.1070821615976,1244.8430613580022
4474.98969072165,1.0,1.1920928173725289e-07,1.0,1.0,1.6291665703000636e-06,4656,8.741879299254224e-07,512,44749,1.0,1.1920928173725289e-07,1.0,1.0,1.4989480567868811e-06,4656,8.090786731688312e-07,1173.5716040485095,1252.5032768720012
4475.109965635739,1.0,1.1920928173725289e-07,1.0,1.0,1.6272207392024394e-06,4656,8.732150143766103e-07,512,44751,1.0,1.1920928173725289e-07,1.0,1.0,1.49830799754645e-06,4656,8.087586435486156e-07,1173.6112872734993,1252.7869418430018
4499.98969072165,1.0,1.6898222276216347e-08,1.0,1.0,4.7583852676975565e-07,4656,2.463683754020079e-07,512,44999,1.0,1.7743132305900104e-08,1.0,1.0,4.5179700008049426e-07,4656,2.3477006765823376e-07,1180.9649396615314,1260.334054089999
4500.109965635739,1.0,1.6386154881238763e-08,1.0,1.0,4.7419993610911815e-07,4656,2.4529304324878906e-07,512,45001,1.0,1.725666867134782e-08,1.0,1.0,4.5051683784387304e-07,4656,2.3388675452730878e-07,1181.0037121135283,1260.6301695269976
4524.98969072165,1.0,3.046032336450108e-07,1.0,1.0,0.0009311004525812221,4656,0.00046570252793556226,512,45249,1.0,3.038095291827956e-07,1.0,1.0,0.0008052590837593341,4656,0.0004027814466723871,1188.540692800565,1268.3632813699987
4525.109965635739,1.0,2.9976419676247265e-07,1.0,1.0,0.0009005498781134582,4656,0.0004504248211832391,512,45251,1.0,2.993033361069928e-07,1.0,1.0,0.0007786185983120371,4656,0.00038945895085220077,1188.5805799775735,1268.6487356510006
4549.98969072165,1.0,4.3730548498910034e-08,1.0,1.0,5.00333994703809e-05,4656,2.5038565012955994e-05,512,45499,1.0,4.227115642322392e-08,1.0,1.0,4.2717720628348e-05,4656,2.13799958959017e-05,1196.2456941955497,1276.5084528510015
4550.109965635739,1.0,4.3679341759412276e-08,1.0,1.0,4.9132839744571354e-05,4656,2.4588259546681472e-05,512,45501,1.0,4.237356990221944e-08,1.0,1.0,4.198151253343038e-05,4656,2.101194305518239e-05,1196.2852281025516,1276.7923745059998
4574.98969072165,1.0,7.24831327269013e-08,1.0,1.0,7.5533711255441625e-06,4656,3.8129270826450378e-06,512,45749,1.0,7.286718327313448e-08,1.0,1.0,6.721909593989196e-06,4656,3.397388392147253e-06,1203.7328373795717,1284.4318689340034
4575.109965635739,1.0,7.294399338238112e-08,1.0,1.0,7.484421850889409e-06,4656,3.778682925651983e-06,512,45751,1.0,7.317442371012103e-08,1.0,1.0,6.6639184615738e-06,4656,3.368546446158048e-06,1203.772237354573,1284.7177747119968
4599.98969072165,1.0,1.1920928173725289e-07,1.0,1.0,2.0219214621425647e-06,4656,1.070565375846673e-06,512,45999,1.0,1.1920928173725289e-07,1.0,1.0,1.8928040935549104e-06,4656,1.006006691552846e-06,1211.379182675566,1292.517410876997
4600.109965635739,1.0,1.1920928173725289e-07,1.0,1.0,2.022023925628142e-06,4656,1.0706166075894616e-06,512,46001,1.0,1.1920928173725289e-07,1.0,1.0,1.8944171058490899e-06,4656,1.0068131976999355e-06,1211.4171379635554,1292.7981500869973
4624.98969072165,1.0,1.8229595940452388e-08,1.0,1.0,6.520153015101476e-07,4656,3.3512245038567474e-07,512,46249,1.0,1.7384685520092214e-08,1.0,1.0,6.276921002487124e-07,4656,3.225383941541007e-07,1218.9650003345996,1300.5438599739973
4625.109965635739,1.0,1.3492974099615421e-08,1.0,1.0,6.522201284681386e-07,4656,3.3285655216289896e-07,512,46251,1.0,1.2648062897902411e-08,1.0,1.0,6.270520160049904e-07,4656,3.1985004033046835e-07,1219.004401487593,1300.8276193640013
4649.98969072165,1.0,8.026910199674928e-07,1.0,1.0,0.001703014309258805,4656,0.0008519085002519011,512,46499,1.0,8.023069694212597e-07,1.0,1.0,0.001457580278829201,4656,0.000729191293011826,1225.3371910086753,1307.3389799929973
4650.109965635739,1.0,8.032286907322193e-07,1.0,1.0,0.0015893406474713197,4656,0.0007950719381935408,512,46501,1.0,8.029982604044793e-07,1.0,1.0,0.00136486890236127,4656,0.0006828359504233521,1225.37751335969,1307.623242495003
4674.98969072165,1.0,3.589848191203322e-07,1.0,1.0,5.323338023102058e-05,4656,2.6796182539134807e-05,512,46749,1.0,3.5875438879259233e-07,1.0,1.0,4.3896109320197725e-05,4656,2.2127431868559513e-05,1231.650425381671,1314.0740554440017
4675.109965635739,1.0,3.589848191203322e-07,1.0,1.0,5.2258081068492834e-05,4656,2.6308532957870937e-05,512,46751,1.0,3.587287854228434e-07,1.0,1.0,4.311118001291125e-05,4656,2.17349544132314e-05,1231.6895994846673,1314.3561537070018
4699.98969072165,1.0,1.1920928173725289e-07,1.0,1.0,7.946197926850919e-06,4656,4.03270360820085e-06,512,46999,1.0,1.1920928173725289e-07,1.0,1.0,6.823605228506694e-06,4656,3.471407259028738e-06,1238.035418009702,1320.8827258240017
4700.109965635739,1.0,1.1920928173725289e-07,1.0,1.0,7.827757938550562e-06,4656,3.9734836140506714e-06,512,47001,1.0,1.1920928173725289e-07,1.0,1.0,6.739447802254015e-06,4656,3.429328545902398e-06,1238.0751561346806,1321.1657699680036
4724.98969072165,1.0,7.942164592884755e-08,1.0,1.0,2.1702927398044118e-06,4656,1.1248571963827174e-06,512,47249,1.0,7.908880212211212e-08,1.0,1.0,2.0060218695416737e-06,4656,1.0425553393479807e-06,1244.372375662675,1327.6432498370013
4725.109965635739,1.0,7.704053254220178e-08,1.0,1.0,2.1712145111219527e-06,4656,1.124127525348165e-06,512,47251,1.0,7.696372243295514e-08,1.0,1.0,2.0122178850209026e-06,4656,1.0445908072430166e-06,1244.4122795106632,1327.9261915069983
4749.98969072165,1.0,1.4286678561830675e-08,1.0,1.0,7.663854416635822e-07,4656,3.903360609917284e-07,512,47499,1.0,1.4030644864341883e-08,1.0,1.0,7.349701069817075e-07,4656,3.745003768020466e-07,1250.662826078693,1334.357559084001
4750.109965635739,1.0,1.4209868452584038e-08,1.0,1.0,7.613159744533041e-07,4656,3.87762922331966e-07,512,47501,1.0,1.4005041494593004e-08,1.0,1.0,7.304639139059048e-07,4656,3.7223447857927083e-07,1250.7029391366996,1334.6401757509993
4774.98969072165,1.0,2.5603367062978757e-09,1.0,1.0,1.829616630357279e-07,4656,9.27610000053079e-08,512,47749,1.0,2.0994761118612417e-09,1.0,1.0,1.7505022178332424e-07,4656,8.857484905136616e-08,1257.1145217317717,1341.232783192001
4775.109965635739,1.0,3.9685218715652955e-09,1.0,1.0,1.9156438589511724e-07,4656,9.776645410309676e-08,512,47751,1.0,3.814901677489297e-09,1.0,1.0,1.8311527700339846e-07,4656,9.346508954799073e-08,1257.1555451567656,1341.518319259998
4799.98969072165,1.0,2.7674679548693246e-07,1.0,1.0,0.00020703537824893326,4656,0.00010365606253627444,512,47999,1.0,2.761835213524571e-07,1.0,1.0,0.00017982364001706294,4656,9.004991178327204e-05,1263.3760596037355,1347.9179659210022
4800.109965635739,1.0,2.7797575723487866e-07,1.0,1.0,0.00020195321816810218,4656,0.00010111559697673288,512,48001,1.0,2.7733567299115665e-07,1.0,1.0,0.00017536819922094494,4656,8.782276746103239e-05,1263.4161772217522,1348.2026805189998
4824.98969072165,1.0,2.4320638111590076e-07,1.0,1.0,2.06021001143221e-05,4656,1.042265326178335e-05,512,48249,1.0,2.4320638111590076e-07,1.0,1.0,1.8102030471428153e-05,4656,9.172618440336378e-06,1269.645081823688,1354.609247714001
4825.109965635739,1.0,2.424638833931833e-07,1.0,1.0,2.0340823926850898e-05,4656,1.0291643919186391e-05,512,48251,1.0,2.425662968721788e-07,1.0,1.0,1.7874190884664705e-05,4656,9.058378604832793e-06,1269.6836526296938,1354.8902490319997
4849.98969072165,1.0,5.353663911273074e-08,1.0,1.0,3.6691092042719684e-06,4656,1.8613229252084374e-06,512,48499,1.0,5.274293465051549e-08,1.0,1.0,3.390468881446292e-06,4656,1.7216059115644915e-06,1275.9416075127265,1361.3277566529978
4850.109965635739,1.0,4.595804166706252e-08,1.0,1.0,3.6321636417374987e-06,4656,1.8390608452183683e-06,512,48501,1.0,4.531795742334054e-08,1.0,1.0,3.351219090644296e-06,4656,1.6982685275499058e-06,1275.9811559677291,1361.6120617960005
4874.98969072165,1.0,3.2516274892959483e-08,1.0,1.0,1.143061767349858e-06,4656,5.877890234654674e-07,512,48749,1.0,3.17737775609184e-08,1.0,1.0,1.0928535592723062e-06,4656,5.623136705653326e-07,1282.1926628236797,1368.0035891199987
4875.109965635739,1.0,3.0698436812818317e-08,1.0,1.0,1.1493345929383336e-06,4656,5.900165166336198e-07,512,48751,1.0,2.982792146000359e-08,1.0,1.0,1.0977181995245933e-06,4656,5.637730626410187e-07,1282.232279281674,1368.2869992649976
4899.98969072165,1.0,1.3697801057606455e-08,1.0,1.0,3.2360096212738127e-07,4656,1.686493824715158e-07,512,48999,1.0,1.2904096595391201e-08,1.0,1.0,3.1297556368159644e-07,4656,1.6293983101751577e-07,1288.410543468668,1374.6438785460014
4900.109965635739,1.0,5.1206734125957514e-09,1.0,1.0,3.1965803693523117e-07,4656,1.6238935544250351e-07,512,49001,1.0,4.583002769955671e-09,1.0,1.0,3.100823828999731e-07,4656,1.5733269304251123e-07,1288.4494987266698,1374.9258326989984
4924.98969072165,1.0,1.0536292468236048e-06,1.0,1.0,0.0011665035692072405,4656,0.0005837785995395732,512,49249,1.0,1.0522466648571655e-06,1.0,1.0,0.0009860217417638326,4656,0.000493536994526886,1294.6635639506821,1381.3186537140027
4925.109965635739,1.0,1.0224189141227566e-06,1.0,1.0,0.001108235164299044,4656,0.000554628791831613,512,49251,1.0,1.0228797747782364e-06,1.0,1.0,0.000936663911207435,4656,0.0004688433957161363,1294.7030856756792,1381.6019704269966
4949.98969072165,1.0,2.3647270737359095e-07,1.0,1.0,6.42979360758439e-05,4656,3.2267204399422275e-05,512,49499,1.0,2.3672874107107974e-07,1.0,1.0,5.292529608299028e-05,4656,2.6581012419844208e-05,1301.0024631256638,1388.0812278050034
4950.109965635739,1.0,2.3485969507941157e-07,1.0,1.0,6.312084675500893e-05,4656,3.16778532328577e-05,512,49501,1.0,2.3503891866765372e-07,1.0,1.0,5.194554673475805e-05,4656,2.6090292834526382e-05,1301.042024604667,1388.3660594930006
4974.98969072165,1.0,2.0380278804020026e-08,1.0,1.0,7.565658942786688e-06,4656,3.7930196125533983e-06,512,49749,1.0,2.0405882564445325e-08,1.0,1.0,6.500441445793022e-06,4656,3.260423665741439e-06,1307.4220059116524,1394.9275332119978
4975.109965635739,1.0,2.0457088913266663e-08,1.0,1.0,7.462862613402896e-06,4656,3.7416598029095437e-06,512,49751,1.0,2.0405882564445325e-08,1.0,1.0,6.424041290501856e-06,4656,3.2222235880958564e-06,1307.4619744406555,1395.2119009810012
4999.98969072165,1.0,3.9941250557428757e-08,1.0,1.0,1.6968617548996462e-06,4656,8.684015058539487e-07,512,49999,1.0,3.909634013706858e-08,1.0,1.0,1.5568115349012488e-06,4656,7.979539402538936e-07,1313.7748790996375,1401.7057496309972
5000.109965635739,1.0,4.3295291994531925e-08,1.0,1.0,1.693123637913019e-06,4656,8.682094680791868e-07,512,50001,1.0,4.183589913749298e-08,1.0,1.0,1.551716464321222e-06,4656,7.967761852454452e-07,1313.815391442633,1402.002373886
5024.98969072165,1.0,1.636055073013705e-08,1.0,1.0,6.144551580885419e-07,4656,3.154078556790378e-07,512,50249,1.0,1.5720467267767908e-08,1.0,1.0,5.888517883396628e-07,4656,3.022861286827373e-07,1320.145457918621,1408.516392540998
5025.109965635739,1.0,2.36063033923788e-08,1.0,1.0,6.111523233909364e-07,4656,3.1737931514970154e-07,512,50251,1.0,2.1942084554039863e-08,1.0,1.0,5.857793839697973e-07,4656,3.0386073592229335e-07,1320.1863260196224,1408.8006888080017
5049.98969072165,1.0,5.88877453863588e-10,1.0,1.0,1.6841895214377588e-07,4656,8.450391482400005e-08,512,50499,1.0,5.632740886929482e-10,1.0,1.0,1.5935535925267267e-07,4656,7.9959316693574e-08,1326.4707586605691,1415.2655012049981
5050.109965635739,1.0,8.193077556601444e-10,1.0,1.0,1.79684423894343e-07,4656,9.025186586315357e-08,512,50501,1.0,7.16894294977585e-10,1.0,1.0,1.7167057697647218e-07,4656,8.619373566472041e-08,1326.510211594581,1415.5487128130007
5074.98969072165,1.0,4.586331060542677e-07,1.0,1.0,0.00017994540324274617,4656,9.020201820252892e-05,512,50749,1.0,4.5896594361018045e-07,1.0,1.0,0.0001462229697155379,4656,7.334096786082816e-05,1332.744463878571,1421.9608492000007
5075.109965635739,1.0,4.593756037769852e-07,1.0,1.0,0.0001759814047270624,4656,8.82203901935484e-05,512,50751,1.0,4.597340447026468e-07,1.0,1.0,0.00014292000380066252,4656,7.16898689539367e-05,1332.77728425257,1422.2352904920008
5099.98969072165,1.0,3.526095800528613e-07,1.0,1.0,1.9112538867966107e-05,4656,9.732574238073836e-06,512,50999,1.0,3.530448373385923e-07,1.0,1.0,1.5675252274677312e-05,4656,8.014148570072303e-06,1339.0581733325998,1428.6905930180037
5100.109965635739,1.0,3.5027967340571334e-07,1.0,1.0,1.8852340022287624e-05,4656,9.601309861911019e-06,512,51001,1.0,3.4963958916199134e-07,1.0,1.0,1.548156638300091e-05,4656,7.915603000145802e-06,1339.0977316226017,1428.9740893419985
5124.98969072165,1.0,1.1920928173725289e-07,1.0,1.0,3.671797158042948e-06,4656,1.8955032237968647e-06,512,51249,1.0,1.1920928173725289e-07,1.0,1.0,3.237642767467885e-06,4656,1.678426028509333e-06,1345.389974486603,1435.4466657760022
5125.109965635739,1.0,1.1920928173725289e-07,1.0,1.0,3.6902313342292336e-06,4656,1.9047203118900074e-06,512,51251,1.0,1.1920928173725289e-07,1.0,1.0,3.2589958278187055e-06,4656,1.6891025586847434e-06,1345.4296066546049,1435.7306870400025
5149.98969072165,1.0,3.832823826324937e-08,1.0,1.0,1.1216317468700464e-06,4656,5.799799956920592e-07,512,51499,1.0,3.9505992881021396e-08,1.0,1.0,1.059159612194299e-06,4656,5.493328058584097e-07,1351.6725566336063,1442.1523035160026
5150.109965635739,1.0,3.978763033893548e-08,1.0,1.0,1.1223230378532661e-06,4656,5.810553372215122e-07,512,51501,1.0,4.053012767097656e-08,1.0,1.0,1.062539257001151e-06,4656,5.515346956568133e-07,1351.7111882146019,1442.4325927299979
5174.98969072165,1.0,8.90997159824979e-09,1.0,1.0,3.362489986546254e-07,4656,1.725794856636177e-07,512,51749,1.0,8.090663961623865e-09,1.0,1.0,3.2360093399867917e-07,4656,1.6584579941966247e-07,1358.0454887844862,1448.9485402190003
5175.109965635739,1.0,7.143339280915337e-09,1.0,1.0,3.409344153186703e-07,4656,1.740388777393038e-07,512,51751,1.0,6.09360126771495e-09,1.0,1.0,3.274670428307599e-07,4656,1.6678032241549657e-07,1358.0849940114967,1449.2315879589987
5199.98969072165,1.0,2.424382800234344e-07,1.0,1.0,0.00041330005986379184,4656,0.000206771249085972,512,51999,1.0,2.433343979646452e-07,1.0,1.0,0.00035531399611550096,4656,0.00017777866527079716,1364.3394418994758,1455.6646784360019
5200.109965635739,1.0,2.424382800234344e-07,1.0,1.0,0.00040393836053786,4656,0.00020209039942300607,512,52001,1.0,2.4330879459489627e-07,1.0,1.0,0.0003471356077292531,4656,0.00017368945827598835,1364.3787199644903,1455.9474798650008
5224.98969072165,1.0,1.2013099679738985e-07,1.0,1.0,3.01003000055699e-05,4656,1.511021550821582e-05,512,52249,1.0,1.1974694625115666e-07,1.0,1.0,2.5605706456421374e-05,4656,1.286272670836844e-05,1370.6195603854976,1462.36612445
5225.109965635739,1.0,1.1979815299065442e-07,1.0,1.0,2.9549801552546597e-05,4656,1.4834799859800801e-05,512,52251,1.0,1.1951651748612242e-07,1.0,1.0,2.514967463648145e-05,4656,1.263459558323461e-05,1370.6590994695034,1462.6502035679987
5249.98969072165,1.0,9.71135736439702e-08,1.0,1.0,4.4715914217582374e-06,4656,2.284352501607868e-06,512,52499,1.0,9.798408821543208e-08,1.0,1.0,3.9717396845260185e-06,4656,2.034861890277489e-06,1376.9570666615145,1469.1297386900005
5250.109965635739,1.0,9.788167473643657e-08,1.0,1.0,4.436438295132516e-06,4656,2.2671599888412403e-06,512,52501,1.0,9.875218930789846e-08,1.0,1.0,3.935972127032905e-06,4656,2.0173621620771657e-06,1376.996828831525,1469.4138410769992
5274.98969072165,1.0,7.053727662598649e-08,1.0,1.0,1.4175550443683574e-06,4656,7.440461640132597e-07,512,52749,1.0,7.117736086970847e-08,1.0,1.0,1.3324240524813059e-06,4656,7.01800710191595e-07,1383.3094112635408,1475.9060836919998
5275.109965635739,1.0,6.608229028968151e-08,1.0,1.0,1.4152763444607073e-06,4656,7.406793208912822e-07,512,52751,1.0,6.628711724767254e-08,1.0,1.0,1.331195103235005e-06,4656,6.987411137574266e-07,1383.3498902945466,1476.1906108779986
5299.98969072165,1.0,9.934105997528535e-09,1.0,1.0,4.296756948682854e-07,4656,2.1980490116542526e-07,512,52999,1.0,9.1404019259897e-09,1.0,1.0,4.147489303046889e-07,4656,2.1194466665251936e-07,1389.6384887845743,1482.6599166499982
5300.109965635739,1.0,1.4977969545050412e-08,1.0,1.0,4.252719152714782e-07,4656,2.2012494328728623e-07,512,53001,1.0,1.3774610971514884e-08,1.0,1.0,4.1108764843059915e-07,4656,2.1243113067774807e-07,1389.678939217567,1482.94511728
5324.98969072165,1.0,3.498188127502335e-07,0.9997852233676976,0.9997852233676976,0.007433927141104367,4656,0.0037171384415675686,512,53249,1.0,3.504076902544577e-07,0.9993556701030928,0.9993556701030928,0.007147839952170644,4656,0.003574095154341144,1395.9530209716431,1489.399311614001
5325.109965635739,1.0,3.4951157231324697e-07,1.0,1.0,0.0065618196815969195,4656,0.0032810846094003658,512,53251,1.0,3.5010044981747116e-07,0.9995704467353952,0.9995704467353952,0.006016456794083323,4656,0.0030084033960738952,1395.9927865776517,1489.6841709039982
5349.98969072165,1.0,2.1107416458270286e-07,1.0,1.0,0.00010153359999156899,4656,5.087233708588938e-05,512,53499,1.0,2.0876986130530374e-07,1.0,1.0,8.664651104981957e-05,4656,4.342764046337596e-05,1402.295239827592,1496.165844608
5350.109965635739,1.0,2.0546702660769832e-07,1.0,1.0,9.95566205944085e-05,4656,4.988104381832163e-05,512,53501,1.0,2.032907401790436e-07,1.0,1.0,8.501851918412648e-05,4656,4.261090496996629e-05,1402.3346736915883,1496.4495041169976
5374.98969072165,1.0,5.335741552448859e-08,1.0,1.0,1.0174204862622154e-05,4656,5.113781142589409e-06,512,53749,1.0,5.100190550759171e-08,1.0,1.0,8.949765309857852e-06,4656,4.500383611198809e-06,1408.6252192775173,1502.9195579480038
5375.109965635739,1.0,5.238448747403118e-08,1.0,1.0,1.0041811037808657e-05,4656,5.047097766157431e-06,512,53751,1.0,4.992656397813878e-08,1.0,1.0,8.814478504289058e-06,4656,4.432202537649685e-06,1408.6646732215195,1503.2023443940016
5399.98969072165,1.0,1.0387286325767428e-07,1.0,1.0,2.034236682991776e-06,4656,1.0690547770314891e-06,512,53999,1.0,1.0407769021566531e-07,1.0,1.0,1.8848670489327578e-06,4656,9.944723609793305e-07,1414.9593577965024,1509.6779729779992
5400.109965635739,1.0,1.0435932728290299e-07,1.0,1.0,2.0302681606806994e-06,4656,1.0673137478885654e-06,512,54001,1.0,1.0443613739214963e-07,1.0,1.0,1.879720796616524e-06,4656,9.92078470911101e-07,1414.9988202514978,1509.962176705998
5424.98969072165,1.0,2.3913543829365347e-08,1.0,1.0,7.716853392016002e-07,4656,3.9779944327352665e-07,512,54249,1.0,2.3503889913383282e-08,1.0,1.0,7.452626616207569e-07,4656,3.84383277525114e-07,1421.2431014775466,1516.3879800190007
5425.109965635739,1.0,3.571669728359863e-08,1.0,1.0,7.699955167981742e-07,4656,4.028561087989303e-07,512,54251,1.0,3.587031672073907e-08,1.0,1.0,7.435216324778332e-07,4656,3.896959767480064e-07,1421.2829341725264,1516.6720254950014
5449.98969072165,1.0,6.733685364933271e-09,1.0,1.0,1.904122451953574e-07,4656,9.85729657196563e-08,512,54499,1.0,5.658343981984004e-09,1.0,1.0,1.8070856962323787e-07,4656,9.318345716887008e-08,1427.5496997644623,1523.1189866809982
5450.109965635739,1.0,1.9714592753254843e-09,1.0,1.0,2.0014151944910878e-07,4656,1.0105648945988623e-07,512,54501,1.0,1.7154255900453309e-09,1.0,1.0,1.9066827889284618e-07,4656,9.619185233301054e-08,1427.5893834244598,1523.4011594959993
5474.98969072165,1.0,3.588055955320901e-07,1.0,1.0,0.0005111766793473889,4656,0.00025576774248552484,512,54749,1.0,3.586519753135968e-07,1.0,1.0,0.0004330453210065455,4656,0.0002167019865049939,1433.8484178733524,1529.8395660049973
5475.109965635739,1.0,3.588055955320901e-07,1.0,1.0,0.0004978300139461597,4656,0.0002490944097849102,512,54751,1.0,3.586519753135968e-07,1.0,1.0,0.00042150023671769606,4656,0.00021092944436056917,1433.88769469436,1530.1223982979973
5499.98969072165,1.0,1.6831653866478036e-07,1.0,1.0,3.0740751897679366e-05,4656,1.545453422520425e-05,512,54999,1.0,1.670619735470853e-07,1.0,1.0,2.589291605707962e-05,4656,1.302998902234553e-05,1440.0785985953517,1536.4913702119993
5500.109965635739,1.0,1.6352870852173998e-07,1.0,1.0,3.0307895727967682e-05,4656,1.523571202525056e-05,512,55001,1.0,1.6270940068977585e-07,1.0,1.0,2.5574623565493582e-05,4656,1.2868666490123854e-05,1440.1186414373478,1536.7846303779988
5524.98969072165,1.0,7.460821241605827e-08,1.0,1.0,4.003128765752584e-06,4656,2.038868492600409e-06,512,55249,1.0,7.43265753488206e-08,1.0,1.0,3.579113609637566e-06,4656,1.826720096009281e-06,1446.3675435043806,1543.2120608020014
5525.109965635739,1.0,7.558114046651568e-08,1.0,1.0,3.971636820987789e-06,4656,2.02360898424324e-06,512,55251,1.0,7.545312361777128e-08,1.0,1.0,3.5442932268054164e-06,4656,1.8098731787276817e-06,1446.4066467963748,1543.4947594959995
5549.98969072165,1.0,6.221618145760076e-08,1.0,1.0,1.1951646247888272e-06,4656,6.286904066393018e-07,512,55499,1.0,6.313790276856042e-08,1.0,1.0,1.1210172659960733e-06,4656,5.920775878984046e-07,1452.6288554454404,1549.897289536002
5550.109965635739,1.0,5.7786798491044675e-08,1.0,1.0,1.1951390214190782e-06,4656,6.264629134711493e-07,512,55501,1.0,5.93486040457263e-08,1.0,1.0,1.1228863119877413e-06,4656,5.911174615328216e-07,1452.6680884304333,1550.1791949709987
5574.98969072165,1.0,1.0497379936665667e-08,1.0,1.0,4.107804079936126e-07,4656,2.1063889479532653e-07,512,55749,1.0,9.19160847014925e-09,1.0,1.0,3.936005468921147e-07,4656,2.0139607831598115e-07,1458.7963698373896,1556.4855874649984
5575.109965635739,1.0,1.2596856256073757e-08,1.0,1.0,4.107804079936126e-07,4656,2.1168863295503057e-07,512,55751,1.0,1.1726341586942762e-08,1.0,1.0,3.9255080873241067e-07,4656,2.0213857603869864e-07,1458.8356941144048,1556.7676439129973
5599.98969072165,1.0,3.6139152962590417e-07,1.0,1.0,0.0006490202294182532,4656,0.00032469081049112927,512,55999,1.0,3.6167317294396454e-07,1.0,1.0,0.0005214829381900964,4656,0.00026092230569558453,1465.0502067834277,1563.1609984760034
5600.109965635739,1.0,3.6139152962590417e-07,1.0,1.0,0.0006313314181320446,4656,0.000315846404848025,512,56001,1.0,3.6167317294396454e-07,1.0,1.0,0.0005064849642543858,4656,0.00025342331872772923,1465.089185617424,1563.4422101540003
5624.98969072165,1.0,3.738091420762311e-07,1.0,1.0,4.4678338672133653e-05,4656,2.2526073935233645e-05,512,56249,1.0,3.740651757737199e-07,1.0,1.0,3.535401546540334e-05,4656,1.7864040348717233e-05,1471.3371922443948,1569.8699665720014
5625.109965635739,1.0,3.7263138706778267e-07,1.0,1.0,4.397920225634915e-05,4656,2.2175916849837168e-05,512,56251,1.0,3.730922477232625e-07,1.0,1.0,3.4805509674641273e-05,4656,1.758930098931097e-05,1471.3764607254088,1570.1532224139992
5649.98969072165,1.0,2.3363073333146537e-07,1.0,1.0,6.096830725176996e-06,4656,3.165230737067759e-06,512,56499,1.0,2.3278582212975237e-07,1.0,1.0,5.239816830586322e-06,4656,2.7363013341715656e-06,1477.57250675443,1576.5281454719989
5650.109965635739,1.0,2.3258099517176133e-07,1.0,1.0,6.0693069526772065e-06,4656,3.150943981738012e-06,512,56501,1.0,2.3160806712130393e-07,1.0,1.0,5.244630164085948e-06,4656,2.7381191234171545e-06,1477.6118212504261,1576.812032621001
5674.98969072165,1.0,1.1920928173725289e-07,1.0,1.0,1.813587292555169e-06,4656,9.663982910529752e-07,512,56749,1.0,1.1920928173725289e-07,1.0,1.0,1.68167893163527e-06,4656,9.004441105930257e-07,1483.904857668389,1583.2852652789988
5675.109965635739,1.0,1.1920928173725289e-07,1.0,1.0,1.8138689296224068e-06,4656,9.665391095865941e-07,512,56751,1.0,1.1920928173725289e-07,1.0,1.0,1.6777360126939426e-06,4656,8.984726511223619e-07,1483.945323427386,1583.568592560001
5699.98969072165,1.0,1.190556527285402e-08,1.0,1.0,6.133798165590889e-07,4656,3.126426917461589e-07,512,56999,1.0,1.2007978654180432e-08,1.0,1.0,5.906184208523354e-07,4656,3.0131320063227987e-07,1490.2527852594758,1590.0565550630017
5700.109965635739,1.0,7.2457527599108535e-09,1.0,1.0,6.143271412397974e-07,4656,3.107864474393651e-07,512,57001,1.0,7.809026894386194e-09,1.0,1.0,5.897991130203713e-07,4656,2.988040703968897e-07,1490.2921484644576,1590.3396432949994
5724.98969072165,1.0,2.2257007759994957e-07,1.0,1.0,0.018799992771083136,4656,0.009400107606579758,512,57249,1.0,2.2159714954949217e-07,0.9991408934707904,0.9991408934707904,0.01797105151763077,4656,0.00898563646778618,1496.4896765864287,1596.7161100150006
5725.109965635739,1.0,2.2438791685212e-07,0.9980670103092784,0.9980670103092784,0.019555127497800848,4656,0.009777675994073403,512,57251,1.0,2.2297973151593164e-07,0.9987113402061856,0.9987113402061856,0.017115964717471722,4656,0.008558093733394268,1496.5296433864387,1597.000258087999
5749.98969072165,1.0,2.4387206872937166e-07,1.0,1.0,0.00010865002060853124,4656,5.4446946352694654e-05,512,57499,1.0,2.4402568894786494e-07,1.0,1.0,9.03919776037489e-05,4656,4.5318001660412736e-05,1502.7534816945226,1603.401987647001
5750.109965635739,1.0,2.4374405188062724e-07,1.0,1.0,0.0001064537635514724,4656,5.334875381574086e-05,512,57501,1.0,2.438976720991205e-07,1.0,1.0,8.856955614849874e-05,4656,4.440672692436328e-05,1502.793140593527,1603.6846687090037
5774.98969072165,1.0,1.1961892940241227e-07,1.0,1.0,1.216063900415456e-05,4656,6.140128973810661e-06,512,57749,1.0,1.1954211929316563e-07,1.0,1.0,1.0295489825359529e-05,4656,5.207515979358523e-06,1509.0663625604975,1610.1371931860012
5775.109965635739,1.0,1.194397058141701e-07,1.0,1.0,1.1991915697891176e-05,4656,6.055677708884848e-06,512,57751,1.0,1.1936289726762914e-07,1.0,1.0,1.0164837629767935e-05,4656,5.142100269768605e-06,1509.1058954225045,1610.4206783470036
5799.98969072165,1.0,9.483487373631995e-08,1.0,1.0,2.651762782757673e-06,4656,1.3732988321537607e-06,512,57999,1.0,9.631986918175493e-08,1.0,1.0,2.3658507278739535e-06,4656,1.2310853024346185e-06,1515.3123238415246,1616.8061857219982
5800.109965635739,1.0,9.570538830778184e-08,1.0,1.0,2.6255961888809e-06,4656,1.360650792501105e-06,512,58001,1.0,9.703676353472356e-08,1.0,1.0,2.3422958777378925e-06,4656,1.2196663245430722e-06,1515.3522882305297,1617.0904088490024
5824.98969072165,1.0,3.397566657796917e-08,1.0,1.0,8.739450729621696e-07,4656,4.539603723094661e-07,512,58249,1.0,3.4052478249921485e-08,1.0,1.0,8.288832422173054e-07,4656,4.314678619916573e-07,1521.7062554815675,1623.6252691559966
5825.109965635739,1.0,4.2988050776192535e-08,1.0,1.0,8.72588094365479e-07,4656,4.577880760869235e-07,512,58251,1.0,4.2424776641717196e-08,1.0,1.0,8.269885928558884e-07,4656,4.3470668826489056e-07,1521.7466854525592,1623.9091930640025
5849.98969072165,1.0,4.019728611063054e-09,1.0,1.0,2.1404414297192745e-07,4656,1.0903193601125074e-07,512,58499,1.0,3.6100746950809872e-09,1.0,1.0,2.0203616881052582e-07,4656,1.028231219725589e-07,1528.7250949434638,1631.0766596619978
5850.109965635739,1.0,3.789298283323141e-09,1.0,1.0,2.1983050453517414e-07,4656,1.1180990162900412e-07,512,58501,1.0,3.4052477370899545e-09,1.0,1.0,2.0920510921480064e-07,4656,1.0630517869570078e-07,1528.7796200524645,1631.4010759350022
5874.98969072165,1.0,6.52348145316883e-07,1.0,1.0,0.0003139250191677477,4656,0.0001572886837127897,512,58749,1.0,6.494549645352597e-07,1.0,1.0,0.0002625805111377919,4656,0.000131614983107421,1536.511556355461,1639.3418072070017
5875.109965635739,1.0,6.445391175434748e-07,1.0,1.0,0.0003060356352183827,4656,0.0001533400872242205,512,58751,1.0,6.426700715518067e-07,1.0,1.0,0.0002559842445801214,4656,0.000128313457382094,1536.5764528304608,1639.6659225310032
5899.98969072165,1.0,1.7451255414400912e-07,1.0,1.0,2.0741066804213315e-05,4656,1.0457789686210837e-05,512,58999,1.0,1.726947148918387e-07,1.0,1.0,1.7364023539759346e-05,4656,8.768359134357769e-06,1544.2498089594555,1647.5410191520023
5900.109965635739,1.0,1.6867498584126467e-07,1.0,1.0,2.0399095996241388e-05,4656,1.0283885498073502e-05,512,59001,1.0,1.668059398495965e-07,1.0,1.0,1.7149139258088833e-05,4656,8.65797260600139e-06,1544.2953191394517,1647.8407938319979
5924.98969072165,1.0,1.1920928173725289e-07,1.0,1.0,3.5764248057547e-06,4656,1.8478170476527405e-06,512,59249,1.0,1.1920928173725289e-07,1.0,1.0,3.175017225101616e-06,4656,1.6471132573261985e-06,1551.9272666554134,1655.6677822759993
5925.109965635739,1.0,1.1920928173725289e-07,1.0,1.0,3.557120064990371e-06,4656,1.8381646772705761e-06,512,59251,1.0,1.1920928173725289e-07,1.0,1.0,3.1558660045426174e-06,4656,1.6375376470466993e-06,1551.964473539414,1655.9508280479968
5949.98969072165,1.0,4.6521315801537856e-08,1.0,1.0,1.2074030105255007e-06,4656,6.26962166679607e-07,512,59499,1.0,4.590683492756476e-08,1.0,1.0,1.1404502236354726e-06,4656,5.931785327976064e-07,1559.5360122973689,1663.7192523220037
5950.109965635739,1.0,4.6034851776309154e-08,1.0,1.0,1.2075054240044961e-06,4656,6.267701414064905e-07,512,59501,1.0,4.529235405359166e-08,1.0,1.0,1.1415255651649255e-06,4656,5.934089631253463e-07,1559.589334517379,1664.0284201170034
5974.98969072165,1.0,3.335094662201975e-07,0.9974226804123711,0.9974226804123711,0.025736085123212887,4656,0.012868209188336768,512,59749,1.0,3.346104111193993e-07,0.9980670103092784,0.9980670103092784,0.022394678846667314,4656,0.011197506664544856,1566.9892660693913,1671.6252656420002
5975.109965635739,1.0,3.3463601448914816e-07,0.9997852233676976,0.9997852233676976,0.018363159956391324,4656,0.009181747321820342,512,59751,1.0,3.3542971895136344e-07,0.9997852233676976,0.9997852233676976,0.01608564927405918,4656,0.008042992287894705,1567.0331011084018,1671.916626686001
5999.98969072165,1.0,3.6034179146620015e-07,1.0,1.0,0.00010305225426696011,4656,5.1706298046402916e-05,512,59999,1.0,3.601113611384602e-07,1.0,1.0,8.701073978723529e-05,4656,4.368542559137664e-05,1574.5947271853402,1679.6727335569994
6000.109965635739,1.0,3.6034179146620015e-07,1.0,1.0,0.00010089104662287686,4656,5.062569422436129e-05,512,60001,1.0,3.601113611384602e-07,1.0,1.0,8.51428955537347e-05,4656,4.275150347462635e-05,1574.642036310328,1679.9779972259967
6024.98969072165,1.0,2.360630409559635e-07,1.0,1.0,1.1979648083307592e-05,4656,6.107855576196128e-06,512,60249,1.0,2.3578140388872583e-07,1.0,1.0,1.0235041469540383e-05,4656,5.235411450778906e-06,1582.2810364113502,1687.812297366003
6025.109965635739,1.0,2.3445002866178412e-07,1.0,1.0,1.1830407741265148e-05,4656,6.0324288990278165e-06,512,60251,1.0,2.3432201181303973e-07,1.0,1.0,1.0101854340317323e-05,4656,5.168088190129533e-06,1582.3293122863506,1688.1151840130005
6049.98969072165,1.0,1.4432618121008062e-07,1.0,1.0,2.9872172080857288e-06,4656,1.5657717016800803e-06,512,60499,1.0,1.437373037058564e-07,1.0,1.0,2.7443187143669635e-06,4656,1.4440280160685854e-06,1589.8879628882896,1695.8691718750015
6050.109965635739,1.0,1.4366049359660977e-07,1.0,1.0,2.9800225111665494e-06,4656,1.561841509413755e-06,512,60501,1.0,1.4322523631087882e-07,1.0,1.0,2.727753359142729e-06,4656,1.4354893047589797e-06,1589.9325677322959,1696.1649500780004
6074.98969072165,1.0,2.386233708986759e-08,1.0,1.0,1.031047224724838e-06,4656,5.274547826653967e-07,512,60749,1.0,2.2607771972172512e-08,1.0,1.0,9.874447110457878e-07,4656,5.05026243267024e-07,1597.3985556242733,1703.8243759549987
6075.109965635739,1.0,2.7984479619437128e-08,1.0,1.0,1.0212411591143081e-06,4656,5.246128211249166e-07,512,60751,1.0,2.7779652661446096e-08,1.0,1.0,9.782274979361911e-07,4656,5.030035770568625e-07,1597.4553864422815,1704.137250620999
6099.98969072165,1.0,2.8419737735355464e-09,1.0,1.0,2.1737258103928175e-07,4656,1.1010727754070366e-07,512,60999,1.0,2.099476099652604e-09,1.0,1.0,2.0546701410605294e-07,4656,1.0378324521273051e-07,1605.194862648259,1712.0769594350022
6100.109965635739,1.0,2.6627501852933923e-09,1.0,1.0,2.1453061012256749e-07,4656,1.0859668028822547e-07,512,61001,1.0,1.9714592509082082e-09,1.0,1.0,2.0421245523918054e-07,4656,1.0309195735492213e-07,1605.2422947912528,1712.3731310010007
6124.98969072165,1.0,4.46983566567705e-07,1.0,1.0,0.0003903536574076541,4656,0.00019540032051836503,512,61249,1.0,4.471115896672721e-07,1.0,1.0,0.0003289186789356556,4656,0.00016468289529079013,1612.9643485752058,1720.2931173430006
6125.109965635739,1.0,4.4767485755092476e-07,1.0,1.0,0.00037976328757210694,4656,0.00019010548124608306,512,61251,1.0,4.476236570622497e-07,1.0,1.0,0.00031976026396468744,4656,0.00016010394383900354,1613.0140097362055,1720.5931526140012
6149.98969072165,1.0,3.1113212105967715e-07,1.0,1.0,2.4967007194981746e-05,4656,1.2639069672085062e-05,512,61499,1.0,3.123098760681256e-07,1.0,1.0,2.0625122144331843e-05,4656,1.0468716024264335e-05,1620.4587097131407,1728.2334148310001
6150.109965635739,1.0,3.050385190594439e-07,1.0,1.0,2.4501813569224577e-05,4656,1.2403426058206361e-05,512,61501,1.0,3.0570420667291474e-07,1.0,1.0,2.0288831083891318e-05,4656,1.0297267659346467e-05,1620.4985356661382,1728.520433298003
6174.98969072165,1.0,1.1716101215734255e-07,1.0,1.0,3.882230053851029e-06,4656,1.99969553691095e-06,512,61749,1.0,1.177498880988611e-07,1.0,1.0,3.4365546719580763e-06,4656,1.7771522722149403e-06,1628.103576198173,1736.3242568820024
6175.109965635739,1.0,1.150103290984367e-07,1.0,1.0,3.830460390264866e-06,4656,1.9727353385851247e-06,512,61751,1.0,1.1531756797271758e-07,1.0,1.0,3.3975864182101543e-06,4656,1.7564519977795529e-06,1628.142159100189,1736.6075364690005
6199.98969072165,1.0,4.150305533075755e-08,1.0,1.0,1.2413530538092237e-06,4656,6.414280580860784e-07,512,61999,1.0,4.311606762493693e-08,1.0,1.0,1.1757316671494279e-06,4656,6.094238709032702e-07,1635.5916907471874,1744.2531349059973
6200.109965635739,1.0,4.2424776641717196e-08,1.0,1.0,1.240431332498264e-06,4656,6.414280580860784e-07,512,62001,1.0,4.411459904514322e-08,1.0,1.0,1.171481507771114e-06,4656,6.077980569242164e-07,1635.6313876451932,1744.540776386999
6224.98969072165,1.0,7.578596566646283e-09,1.0,1.0,3.989260477998816e-07,4656,2.032523226227749e-07,512,62249,1.0,7.015322432170941e-09,1.0,1.0,3.872253078246438e-07,4656,1.9712031556791834e-07,1643.1219443491245,1752.2302185080007
6225.109965635739,1.0,9.806089441791453e-09,1.0,1.0,3.964425209342403e-07,4656,2.031243057740305e-07,512,62251,1.0,9.575658918713331e-09,1.0,1.0,3.8438333378251823e-07,4656,1.969794970342995e-07,1643.1663385441243,1752.527211345001
6249.98969072165,1.0,4.877696845710879e-07,1.0,1.0,0.0015439947753427773,4656,0.0007722412725699317,512,62499,1.0,4.867455497811327e-07,1.0,1.0,0.001296652551369159,4656,0.0006485696485157275,1650.5337644551,1760.0915103280022
6250.109965635739,1.0,4.883073553358144e-07,1.0,1.0,0.0014974633391780132,4656,0.0007489758233229319,512,62501,1.0,4.873088239156081e-07,1.0,1.0,0.0012581868167595356,4656,0.000629337062847983,1650.582029440102,1760.3897143410031
6274.98969072165,1.0,3.1615038153045744e-07,1.0,1.0,7.13827245295867e-05,4656,3.5849437469622934e-05,512,62749,1.0,3.141021119505471e-07,1.0,1.0,5.979317758885241e-05,4656,3.005363986446583e-05,1658.273465187147,1768.2787144240028
6275.109965635739,1.0,3.095703155049955e-07,1.0,1.0,7.012711927499558e-05,4656,3.521834480931464e-05,512,62751,1.0,3.0749644255533627e-07,1.0,1.0,5.877482515993397e-05,4656,2.9541160815309004e-05,1658.3198331591375,1768.5781082779977
6299.98969072165,1.0,1.1920928173725289e-07,1.0,1.0,7.45579558328639e-06,4656,3.787502386412004e-06,512,62999,1.0,1.1920928173725289e-07,1.0,1.0,6.467489908926214e-06,4656,3.2933495992384977e-06,1665.9948656631204,1776.4543775390011
6300.109965635739,1.0,1.1920928173725289e-07,1.0,1.0,7.371125939618988e-06,4656,3.7451676145848845e-06,512,63001,1.0,1.1920928173725289e-07,1.0,1.0,6.4041730755767255e-06,4656,3.2616911825637534e-06,1666.0357267371182,1776.7486171399978
6324.98969072165,1.0,6.994839912176226e-08,1.0,1.0,1.670003820033072e-06,4656,8.699761130935048e-07,512,63249,1.0,6.751607899561875e-08,1.0,1.0,1.5368665223685173e-06,4656,8.021913041981558e-07,1673.621346054253,1784.534666167001
6325.109965635739,1.0,6.966676205452459e-08,1.0,1.0,1.6601721260495022e-06,4656,8.649194475681012e-07,512,63251,1.0,6.726004529812996e-08,1.0,1.0,1.5265739802311133e-06,4656,7.969170162807094e-07,1673.6627352452597,1784.8306104289986
6349.98969072165,1.0,1.4926762805552654e-08,1.0,1.0,5.866242951715103e-07,4656,3.007755298675534e-07,512,63499,1.0,1.3672197687857576e-08,1.0,1.0,5.565915424560751e-07,4656,2.8513187095098826e-07,1680.996348619159,1792.3641338869966
6350.109965635739,1.0,1.869045698660863e-08,1.0,1.0,5.82860599818425e-07,4656,3.007755298675534e-07,512,63501,1.0,1.7333478780594456e-08,1.0,1.0,5.535447414559584e-07,4656,2.854391113879748e-07,1681.0436636681588,1792.656058112003
6374.98969072165,1.0,2.9187838827821836e-09,1.0,1.0,1.6414318627030172e-07,4656,8.353098521083698e-08,512,63749,1.0,2.381113118055722e-09,1.0,1.0,1.5397865160540805e-07,4656,7.817988249602691e-08,1688.4428098931858,1800.2603921969967
6375.109965635739,1.0,1.6130121476757286e-09,1.0,1.0,1.6421999169143135e-07,4656,8.291650199280536e-08,512,63751,1.0,1.049738074243578e-09,1.0,1.0,1.5646217847104934e-07,4656,7.875595831537669e-08,1688.4813056721869,1800.5433681449977
6399.98969072165,1.0,3.9810673996791745e-07,1.0,1.0,0.00029911299290525956,4656,0.00014975554985074244,512,63999,1.0,3.980555332284197e-07,1.0,1.0,0.0002476604386549635,4656,0.00012402924712222468,1695.7117483311195,1807.976022318002
6400.109965635739,1.0,3.9575122995102053e-07,1.0,1.0,0.00029157539925624414,4656,0.00014598557527122628,512,64001,1.0,3.9623769397624926e-07,1.0,1.0,0.00024134590837758841,4656,0.00012087107306391103,1695.76492676212,1808.2808342410026
6424.98969072165,1.0,1.1938850063737802e-07,1.0,1.0,2.0246901965453656e-05,4656,1.018314523929634e-05,512,64249,1.0,1.1928609028379385e-07,1.0,1.0,1.7200521020621983e-05,4656,8.659903560141006e-06,1702.7245263520927,1815.4312039760007
6425.109965635739,1.0,1.192348835442961e-07,1.0,1.0,1.9875207045387567e-05,4656,9.997220969154049e-06,512,64251,1.0,1.192348835442961e-07,1.0,1.0,1.6929361732401387e-05,4656,8.524298312660959e-06,1702.7685264350766,1815.7363176129984
6449.98969072165,1.0,3.786737721709313e-08,1.0,1.0,3.1394027877611802e-06,4656,1.5886350858098863e-06,512,64499,1.0,3.94803891205961e-08,1.0,1.0,2.829244791784506e-06,4656,1.4343625939686388e-06,1709.9014183651561,1823.0668866439992
6450.109965635739,1.0,3.8046600805335283e-08,1.0,1.0,3.099717764676744e-06,4656,1.568882186061789e-06,512,64501,1.0,3.968521607858713e-08,1.0,1.0,2.7920944022920457e-06,4656,1.4158898127014042e-06,1709.9540073151693,1823.3833093839967
6474.98969072165,1.0,4.7033383196515444e-08,1.0,1.0,9.98940611561389e-07,4656,5.2298700089504e-07,512,64749,1.0,4.711019330576208e-08,1.0,1.0,9.464793319492265e-07,4656,4.967947598927594e-07,1717.2431014371723,1830.877119726003
6475.109965635739,1.0,4.178469239799522e-08,1.0,1.0,1.0112302415424965e-06,4656,5.265074704863336e-07,512,64751,1.0,4.232236316272168e-08,1.0,1.0,9.602283290027292e-07,4656,5.012753495988132e-07,1717.2922885511762,1831.1902703429987
6499.98969072165,1.0,5.581533823902815e-09,1.0,1.0,3.120026293803163e-07,4656,1.58792081992786e-07,512,64999,1.0,4.71101959428279e-09,1.0,1.0,2.991497440172017e-07,4656,1.5193038202549772e-07,1724.8076044501686,1838.9123639100035
6500.109965635739,1.0,7.2969594994086124e-09,1.0,1.0,3.1038962333695963e-07,4656,1.588432918576951e-07,512,65001,1.0,6.605668516188876e-09,1.0,1.0,2.983304361852376e-07,4656,1.5246805279022418e-07,1724.8576588271499,1839.2328741580022
6524.98969072165,1.0,1.92332499489229e-07,1.0,1.0,0.0013167228280883474,4656,0.0006584575803009505,512,65249,1.0,1.927165500354622e-07,1.0,1.0,0.0010654604721724783,4656,0.000532826594368289,1732.497254555059,1847.0749852789995
6525.109965635739,1.0,1.936894780859196e-07,1.0,1.0,0.0012791458760545017,4656,0.0006396697827733259,512,65251,1.0,1.9386870167416176e-07,1.0,1.0,0.0010334043107491587,4656,0.0005167990897324487,1732.5507084150631,1847.3819546409977
6549.98969072165,1.0,1.7791780232061006e-07,1.0,1.0,6.0750025923002215e-05,4656,3.0463971869693588e-05,512,65499,1.0,1.7681685742140823e-07,1.0,1.0,4.8056076828044715e-05,4656,2.4116446849765236e-05,1740.2302433410841,1855.267300700998
6550.109965635739,1.0,1.734372126145562e-07,1.0,1.0,5.9451138971955916e-05,4656,2.981228809931741e-05,512,65501,1.0,1.7231066434560552e-07,1.0,1.0,4.708318718264193e-05,4656,2.3627748930525942e-05,1740.275479530068,1855.5701637510028
6574.98969072165,1.0,1.1920928173725289e-07,1.0,1.0,7.206547478873193e-06,4656,3.662878384211987e-06,512,65749,1.0,1.1920928173725289e-07,1.0,1.0,6.1001351600852106e-06,4656,3.109672224817996e-06,1747.435412859053,1862.9248500509966
6575.109965635739,1.0,1.1920928173725289e-07,1.0,1.0,7.117115708445663e-06,4656,3.618162498998222e-06,512,65751,1.0,1.1920928173725289e-07,1.0,1.0,6.037612431250589e-06,4656,3.078410860400685e-06,1747.474187968055,1863.2089638709986
6599.98969072165,1.0,7.504346970178922e-08,1.0,1.0,1.65249116513142e-06,4656,8.637673209326925e-07,512,65999,1.0,7.629803481948429e-08,1.0,1.0,1.5265484393695914e-06,4656,8.014232406106256e-07,1755.0412133611062,1870.9738583170001
6600.109965635739,1.0,7.271356305464121e-08,1.0,1.0,1.650596515770003e-06,4656,8.616550429284099e-07,512,66001,1.0,7.437778208831836e-08,1.0,1.0,1.5210949466163709e-06,4656,7.977363678684324e-07,1755.0876591111119,1871.268307522998
6624.98969072165,1.0,1.262245952815353e-08,1.0,1.0,5.605344613974024e-07,4656,2.865784613417999e-07,512,66249,1.0,1.2059185491347294e-08,1.0,1.0,5.361600533964695e-07,4656,2.741096202740958e-07,1762.6870019200906,1879.0671883020004
6625.109965635739,1.0,1.6078914444252214e-08,1.0,1.0,5.556698211451154e-07,4656,2.8587436867370573e-07,512,66251,1.0,1.4875556066054894e-08,1.0,1.0,5.341885939258058e-07,4656,2.745320758749523e-07,1762.734021066095,1879.3653144879972
6649.98969072165,1.0,2.851447007645648e-07,1.0,1.0,0.007839387225121567,4656,0.003919836223330285,512,66499,1.0,2.8547754457130024e-07,1.0,1.0,0.006610844757958376,4656,0.0033055650921621684,1770.2121873251053,1887.044661787997
6650.109965635739,1.0,2.880890882856859e-07,1.0,1.0,0.006607646589836304,4656,0.0033039672882696196,512,66501,1.0,2.8732098719321953e-07,1.0,1.0,0.005571482312638325,4656,0.0027858847912234537,1770.266532298101,1887.3525652790013
6674.98969072165,1.0,3.5501629680925594e-07,1.0,1.0,0.00012888158655555796,4656,6.461830144024796e-05,512,66749,1.0,3.553747439857403e-07,1.0,1.0,0.00010461336853065851,4656,5.248437165138648e-05,1777.7762318790374,1895.0582514849993
6675.109965635739,1.0,3.5465784963277163e-07,1.0,1.0,0.0001259877304850575,4656,6.317119418140949e-05,512,66751,1.0,3.550675035487537e-07,1.0,1.0,0.00010243894954778484,4656,5.139700853973115e-05,1777.8222284920303,1895.355022697997
6699.98969072165,1.0,1.1977254962090554e-07,1.0,1.0,1.5231423860870277e-05,4656,7.675598212277766e-06,512,66999,1.0,1.1974694625115666e-07,1.0,1.0,1.265465562340653e-05,4656,6.387201291861019e-06,1785.4197805780314,1903.1513474580024
6700.109965635739,1.0,1.1951651748612242e-07,1.0,1.0,1.499236939807784e-05,4656,7.5559428640196414e-06,512,67001,1.0,1.1964453277216114e-07,1.0,1.0,1.2457537780038987e-05,4656,6.28859116343775e-06,1785.471257764042,1903.4564916459967
6724.98969072165,1.0,1.1920928173725289e-07,1.0,1.0,2.57654020745192e-06,4656,1.3478747485013507e-06,512,67249,1.0,1.1920928173725289e-07,1.0,1.0,2.303532450947962e-06,4656,1.2113708702493715e-06,1792.9713350610145,1911.1527795969996
6725.109965635739,1.0,1.1920928173725289e-07,1.0,1.0,2.5709843262229947e-06,4656,1.345096807886888e-06,512,67251,1.0,1.1920928173725289e-07,1.0,1.0,2.2933423097879077e-06,4656,1.2062757996693445e-06,1793.0221938180075,1911.4573382540002
6749.98969072165,1.0,2.5424142644549217e-08,1.0,1.0,8.818565142145732e-07,4656,4.536403301876051e-07,512,67499,1.0,2.4604834812585084e-08,1.0,1.0,8.392269535892711e-07,4656,4.3191589595897196e-07,1800.1453832469742,1918.7759008640023
6750.109965635739,1.0,2.3299062955392247e-08,1.0,1.0,8.821637671532051e-07,4656,4.527314168123426e-07,512,67501,1.0,2.1967687728450533e-08,1.0,1.0,8.416848520818726e-07,4656,4.3182627166320546e-07,1800.1856648109642,1919.0651256140009
6774.98969072165,1.0,1.0082346472818775e-06,0.9997852233676976,0.9997852233676976,0.00741251606711817,4656,0.0037067621127027006,512,67749,1.0,1.005802327155734e-06,0.9991408934707904,0.9991408934707904,0.0073448787235312445,4656,0.00367294226315423,1807.8493387638555,1926.925410120999
6775.109965635739,1.0,1.0321994013668285e-06,0.9987113402061856,0.9987113402061856,0.010888477780974608,4656,0.005444755003214702,512,67751,1.0,1.030816819400389e-06,0.998926116838488,0.998926116838488,0.00970262514356895,4656,0.00485182791641078,1807.8987250468526,1927.2300772780036
6799.98969072165,1.0,3.5970171347330083e-07,1.0,1.0,0.00011539259682252644,4656,5.787614928206422e-05,512,67999,1.0,3.594968865153098e-07,1.0,1.0,9.862003332688841e-05,4656,4.948976512076621e-05,1815.566009230828,1935.094561861999
6800.109965635739,1.0,3.593944730363143e-07,1.0,1.0,0.00011316156238829557,4656,5.676047844473029e-05,512,68001,1.0,3.5921524944807215e-07,1.0,1.0,9.67131999618921e-05,4656,4.853620761973444e-05,1815.614983157826,1935.400163479997
6824.98969072165,1.0,1.1920928173725289e-07,1.0,1.0,1.3300410413448907e-05,4656,6.709809851499844e-06,512,68249,1.0,1.1920928173725289e-07,1.0,1.0,1.159924891764535e-05,4656,5.859229103598065e-06,1823.17152200887,1943.156476801003
6825.109965635739,1.0,1.1920928173725289e-07,1.0,1.0,1.3113328890996598e-05,4656,6.61626909027369e-06,512,68251,1.0,1.1920928173725289e-07,1.0,1.0,1.1438999426650376e-05,4656,5.779104358100579e-06,1823.2258403838532,1943.4759391000007
6849.98969072165,1.0,1.1920928173725289e-07,1.0,1.0,3.0672786452509845e-06,4656,1.5932439674008829e-06,512,68499,1.0,1.1920928173725289e-07,1.0,1.0,2.822793017643987e-06,4656,1.4710011535973842e-06,1830.6659866718583,1951.115311243997
6850.109965635739,1.0,1.1920928173725289e-07,1.0,1.0,3.058138242250635e-06,4656,1.588673765900708e-06,512,68501,1.0,1.1920928173725289e-07,1.0,1.0,2.8165200920423488e-06,4656,1.467864690796565e-06,1830.7159152858621,1951.416560185
6874.98969072165,1.0,2.3273459585643368e-08,1.0,1.0,9.675764961206574e-07,4656,4.954249796111943e-07,512,68749,1.0,2.3017425888154577e-08,1.0,1.0,9.278144629006482e-07,4656,4.754159461524453e-07,1838.124689652872,1959.0238805590016
6875.109965635739,1.0,2.11483798964864e-08,1.0,1.0,9.658354669777338e-07,4656,4.934919251951539e-07,512,68751,1.0,2.1097173156988642e-08,1.0,1.0,9.237179737474091e-07,4656,4.7240757521024276e-07,1838.1640247548821,1959.3074870960008
6899.98969072165,1.0,1.8506114248054734e-07,0.6610824742268041,0.6610824742268041,0.9638030324195259,4656,0.48190161452670277,512,68999,1.0,1.833713200771213e-07,0.6797680412371134,0.6797680412371134,0.9178756635213635,4656,0.4589379202459276,1844.4339970218316,1965.7579646810009
6900.109965635739,1.0,2.1051089044822752e-07,0.6769759450171822,0.6769759450171822,0.9105426093557036,4656,0.45527142265817966,512,69001,1.0,2.0933313543977908e-07,0.6877147766323024,0.6877147766323024,0.8653944087602019,4656,0.43269730269704076,1844.4737001228314,1966.0418069539992
6924.98969072165,1.0,2.96128546386834e-07,1.0,1.0,0.0001556593156659726,4656,7.797772212024407e-05,512,69249,1.0,2.953348419246187e-07,1.0,1.0,0.00012865990297900853,4656,6.447761892453092e-05,1851.5392075108211,1973.2947551009966
6925.109965635739,1.0,2.958725126893452e-07,1.0,1.0,0.00015233226978184842,4656,7.631407116133323e-05,512,69251,1.0,2.950788082271299e-07,1.0,1.0,0.0001259370998213791,4656,6.311608932886746e-05,1851.5872227378168,1973.6065202670034
6949.98969072165,1.0,1.268134763018473e-07,1.0,1.0,1.5401121195328913e-05,4656,7.763967342847555e-06,512,69499,1.0,1.2650623586486075e-07,1.0,1.0,1.3045306338310958e-05,4656,6.585906294120085e-06,1858.870344806779,1981.0875178530005
6950.109965635739,1.0,1.2673666619260067e-07,1.0,1.0,1.5179451620622291e-05,4656,7.653094150439621e-06,512,69501,1.0,1.2640382238586524e-07,1.0,1.0,1.2880525350909924e-05,4656,6.5034645936800695e-06,1858.9331199187764,1981.4089865399983
6974.98969072165,1.0,8.341577160967269e-08,1.0,1.0,2.9310434898665605e-06,4656,1.5072296342542042e-06,512,69749,1.0,8.415826855103735e-08,1.0,1.0,2.6726297041260447e-06,4656,1.3783939902453052e-06,1866.2880666367164,1988.9647745939983
6975.109965635739,1.0,8.333896150042605e-08,1.0,1.0,2.934704796743941e-06,4656,1.5090218826382711e-06,512,69751,1.0,8.413266518128847e-08,1.0,1.0,2.678364808943212e-06,4656,1.3812487409690146e-06,1866.334939355711,1989.2618004430005
6999.98969072165,1.0,3.182498430041616e-08,1.0,1.0,1.0657652815895097e-06,4656,5.487951350936833e-07,512,69999,1.0,3.10824873590515e-08,1.0,1.0,1.0248512342489e-06,4656,5.279668625620197e-07,1873.6979667327287,1996.826457774001
7000.109965635739,1.0,2.8778184081652382e-08,1.0,1.0,1.0629489609237146e-06,4656,5.458635742607274e-07,512,70001,1.0,2.8189306577428164e-08,1.0,1.0,1.0228029646689897e-06,4656,5.254961373812529e-07,1873.7382471967103,1997.1217762859997
7024.98969072165,1.0,1.1920928173725289e-07,0.4420103092783505,0.4420103092783505,1.5676435883512203,4656,0.783821853165774,512,70249,1.0,1.1920928173725289e-07,0.46692439862542956,0.46692439862542956,1.5092883421383363,4656,0.754644230059332,1881.1886623787032,2004.774231532003
7025.109965635739,1.0,1.1920928173725289e-07,0.4527491408934708,0.4527491408934708,1.4962800802643765,4656,0.7481400991223522,512,70251,1.0,1.1920928173725289e-07,0.4720790378006873,0.4720790378006873,1.4623563838578582,4656,0.7311782509190929,1881.2284607066867,2005.060243363001
7049.98969072165,1.0,4.154658246576575e-07,1.0,1.0,0.00030684478171297773,4656,0.0001536301237969464,512,70499,1.0,4.162595291198727e-07,1.0,1.0,0.00025226698733891816,4656,0.00012634162346214774,1888.7180568697404,2012.7482755359997
7050.109965635739,1.0,4.12188593329801e-07,1.0,1.0,0.0003008588674859083,4656,0.00015063552806774774,512,70501,1.0,4.1357117529624045e-07,1.0,1.0,0.0002471030372934243,4656,0.00012375830426248897,1888.756880903722,2013.0329460660032
7074.98969072165,1.0,1.2051504734362303e-07,1.0,1.0,2.743067384675094e-05,4656,1.3775594454079456e-05,512,70749,1.0,1.2036142712512976e-07,1.0,1.0,2.331447849991088e-05,4656,1.1717419970550181e-05,1896.2645143176087,2020.734262879003
7075.109965635739,1.0,1.2051504734362303e-07,1.0,1.0,2.7052291646548564e-05,4656,1.3586403353978268e-05,512,70751,1.0,1.2036142712512976e-07,1.0,1.0,2.2973067165573232e-05,4656,1.1546714303381358e-05,1896.3055104996129,2021.023753274003
7099.98969072165,1.0,1.1920928173725289e-07,1.0,1.0,4.439382882679963e-06,4656,2.279296086115372e-06,512,70999,1.0,1.1920928173725289e-07,1.0,1.0,3.988510341770768e-06,4656,2.0538598156607746e-06,1903.8550688196447,2028.769141243003
7100.109965635739,1.0,1.1920928173725289e-07,1.0,1.0,4.430063356104534e-06,4656,2.2746363228276575e-06,512,71001,1.0,1.1920928173725289e-07,1.0,1.0,3.970767206534795e-06,4656,2.044988248042788e-06,1903.8923395706333,2029.0521039889973
7124.98969072165,1.0,4.2168742944228405e-08,1.0,1.0,1.226272644023843e-06,4656,6.342206970001235e-07,512,71249,1.0,4.1682280091028956e-08,1.0,1.0,1.1590638734429076e-06,4656,6.003730796970414e-07,1911.4617445416843,2036.8142331399977
7125.109965635739,1.0,4.150305533075755e-08,1.0,1.0,1.2383829629051905e-06,4656,6.399430126340618e-07,512,71251,1.0,4.15030565027868e-08,1.0,1.0,1.1720959886450872e-06,4656,6.0679952550401e-07,1911.5002703626706,2037.0971454599967
7149.98969072165,1.0,4.542795793214154e-06,1.0,1.0,0.0006929432902856381,4656,0.0003487430480900909,512,71499,1.0,4.550476854145399e-06,1.0,1.0,0.0005648776735227133,4656,0.0002847140802140908,1919.0240765976523,2044.8197102329977
7150.109965635739,1.0,4.3755551820934535e-06,1.0,1.0,0.0006747982269505045,4656,0.00033958689581692423,512,71501,1.0,4.384413848013403e-06,1.0,1.0,0.0005499960220966142,4656,0.0002771902227729457,1919.0642801426548,2045.108028355
7174.98969072165,1.0,3.6502718625236557e-07,1.0,1.0,4.850560239167353e-05,4656,2.443531481709165e-05,512,71749,1.0,3.6566727049608757e-07,1.0,1.0,4.08615507313476e-05,4656,2.0613609029050547e-05,1926.7585673797257,2053.0026284369997
7175.109965635739,1.0,3.6405425820190816e-07,1.0,1.0,4.7557169165065404e-05,4656,2.396061173976236e-05,512,71751,1.0,3.647711525548768e-07,1.0,1.0,4.01285622601759e-05,4656,2.024666673449409e-05,1926.805014341724,2053.3213940120004
7199.98969072165,1.0,1.422779116301703e-07,1.0,1.0,7.89397075305024e-06,4656,4.01812433937238e-06,512,71999,1.0,1.4232911836966806e-07,1.0,1.0,7.114048504760278e-06,4656,3.628188818597148e-06,1934.4171766346735,2061.1388041599967
7200.109965635739,1.0,1.4273877228565012e-07,1.0,1.0,7.801236748004083e-06,4656,3.971987767177042e-06,512,72001,1.0,1.428923925041434e-07,1.0,1.0,7.0389544713723756e-06,4656,3.5909234139671442e-06,1934.4846594816663,2061.5385432489966
7224.98969072165,1.0,1.1920928173725289e-07,1.0,1.0,2.5349862383889784e-06,4656,1.3270977639698798e-06,512,72249,1.0,1.1920928173725289e-07,1.0,1.0,2.4161356460475892e-06,4656,1.2676724677991852e-06,1942.0177374836821,2069.2810073530018
7225.109965635739,1.0,1.1920928173725289e-07,1.0,1.0,2.5273564342038125e-06,4656,1.3232828618772969e-06,512,72251,1.0,1.1920928173725289e-07,1.0,1.0,2.413037613304684e-06,4656,1.2661234514277327e-06,1942.0789351276653,2069.607514744999
7249.98969072165,1.0,3.5806309780937257e-07,0.9993556701030928,0.9993556701030928,0.022940412419768134,4656,0.011470385023818393,512,72499,1.0,3.579350809606282e-07,1.0,1.0,0.017741564622859366,4656,0.00887096112536401,1949.720549275724,2077.456438915997
7250.109965635739,1.0,3.5806309780937257e-07,0.9995704467353952,0.9995704467353952,0.017813923227827985,4656,0.008907140427848318,512,72501,1.0,3.5796068433037705e-07,0.9993556701030928,0.9993556701030928,0.015156855902720973,4656,0.007578606867708291,1949.772379848724,2077.7682296340026
7274.98969072165,1.0,4.303157791120074e-07,1.0,1.0,0.00015707976501627067,4656,7.875504042582004e-05,512,72749,1.0,4.2813949268335265e-07,1.0,1.0,0.0001317243959076216,4656,6.607626772828119e-05,1957.3679108597535,2085.569793247003
7275.109965635739,1.0,4.3157034422970244e-07,1.0,1.0,0.00015409679641735922,4656,7.726418340892316e-05,512,72751,1.0,4.2901000725481454e-07,1.0,1.0,0.00012917452431011856,4656,6.480176718681538e-05,1957.4286323627712,2085.898759740001
7299.98969072165,1.0,3.576534438933905e-07,1.0,1.0,1.6695103100805042e-05,4656,8.526378286413566e-06,512,72999,1.0,3.576534438933905e-07,1.0,1.0,1.4552888556469961e-05,4656,7.455271014246027e-06,1964.9232302368437,2093.5984453320016
7300.109965635739,1.0,3.576534438933905e-07,1.0,1.0,1.6459659913305156e-05,4656,8.408656692663623e-06,512,73001,1.0,3.576534438933905e-07,1.0,1.0,1.4360175192791367e-05,4656,7.35891433240673e-06,1964.982579846841,2093.9290383590014
7324.98969072165,1.0,1.2809364478929125e-07,1.0,1.0,4.043966940607351e-06,4656,2.0860302997304964e-06,512,73249,1.0,1.2683907967159618e-07,1.0,1.0,3.7618701128589943e-06,4656,1.944354603297471e-06,1972.4844826008157,2101.636387770999
7325.109965635739,1.0,1.2776080098255583e-07,1.0,1.0,4.029680160274313e-06,4656,2.07872048766061e-06,512,73251,1.0,1.2650623586486075e-07,1.0,1.0,3.754393978898903e-06,4656,1.9404500894107665e-06,1972.5497627428158,2101.9651617290037
7349.98969072165,1.0,2.9392664955625482e-08,1.0,1.0,1.2933277193764128e-06,4656,6.61360193924063e-07,512,73499,1.0,2.8086893098432644e-08,1.0,1.0,1.2502117072275274e-06,4656,6.391493019210239e-07,1980.5059493568224,2110.186881272999
7350.109965635739,1.0,2.5987416779024556e-08,1.0,1.0,1.2819598232079106e-06,4656,6.539736217515114e-07,512,73501,1.0,2.5142505577311544e-08,1.0,1.0,1.2390230846538487e-06,4656,6.32082796873624e-07,1980.545892477825,2110.4727629070003
7374.98969072165,1.0,4.1733487318872235e-09,1.0,1.0,2.2889409742627734e-07,4656,1.1653372334767233e-07,512,73749,1.0,4.045331980811933e-09,1.0,1.0,2.1870395626622346e-07,4656,1.1137464434327317e-07,1988.0607727968272,2118.1821867610015
7375.109965635739,1.0,6.196014697875914e-09,1.0,1.0,2.294317681910038e-07,4656,1.1781389183511628e-07,512,73751,1.0,5.7351540912306415e-09,1.0,1.0,2.2128989661086024e-07,4656,1.1351252571730459e-07,1988.0993912358135,2118.468109646001
7399.98969072165,1.0,9.599722953052405e-07,1.0,1.0,0.00033104146392279885,4656,0.00016600071833408167,512,73999,1.0,9.590249706245318e-07,1.0,1.0,0.00028420408669206285,4656,0.0001425815560563733,1995.6956731768478,2126.2589391679976
7400.109965635739,1.0,9.565670471286394e-07,1.0,1.0,0.00032327004749955183,4656,0.00016211330749836984,512,74001,1.0,9.559525662546663e-07,1.0,1.0,0.00027763585902468855,4656,0.00013929590602050122,1995.7350066328472,2126.5456254630008
7424.98969072165,1.0,2.958980941812146e-07,1.0,1.0,3.0151932801142385e-05,4656,1.5223915272638765e-05,512,74249,1.0,2.9502757335893005e-07,1.0,1.0,2.594946529972287e-05,4656,1.3122246464669602e-05,2003.1979071228598,2134.204103261003
7425.109965635739,1.0,2.928000864416002e-07,1.0,1.0,2.9702947708646868e-05,4656,1.4997873922547524e-05,512,74251,1.0,2.924672426348648e-07,1.0,1.0,2.5563175658794614e-05,4656,1.292782147571803e-05,2003.238836886867,2134.4946978120024
7449.98969072165,1.0,3.9582802599591615e-08,1.0,1.0,4.346263526916453e-06,4656,2.19292316827411e-06,512,74499,1.0,3.9045132225541566e-08,1.0,1.0,3.899256944819594e-06,4656,1.9691510418433173e-06,2010.434466161856,2141.8833151120016
7450.109965635739,1.0,3.899392587672023e-08,1.0,1.0,4.303531602818737e-06,4656,2.17126276747314e-06,512,74501,1.0,3.860987493981062e-08,1.0,1.0,3.864538825446695e-06,4656,1.951574353514002e-06,2010.471293567858,2142.170851396
7474.98969072165,1.0,3.9941250557428757e-08,1.0,1.0,1.2544107223745704e-06,4656,6.47175989591411e-07,512,74749,1.0,3.9377976032277e-08,1.0,1.0,1.1871251666876792e-06,4656,6.132515746807277e-07,2017.5637289568513,2149.4542374030025
7475.109965635739,1.0,3.983883707843324e-08,1.0,1.0,1.2530792971410472e-06,4656,6.464590702351515e-07,512,74751,1.0,3.927556333463432e-08,1.0,1.0,1.1836943151413294e-06,4656,6.114849421680549e-07,2017.6108176218586,2149.765054697
7499.98969072165,1.0,1.3953834755095245e-08,1.0,1.0,4.1213738659030317e-07,4656,2.1304561155172116e-07,512,74999,1.0,1.3108923553382234e-08,1.0,1.0,3.9782510290067976e-07,4656,2.0546701410605294e-07,2025.3692779578232,2157.721963826003
7500.109965635739,1.0,2.386233708986759e-08,1.0,1.0,4.098074799431552e-07,4656,2.1683491027455526e-07,512,75001,1.0,2.2582168797761842e-08,1.0,1.0,3.969801916989667e-07,4656,2.0978118190873907e-07,2025.4283363768081,2158.047877683999
7524.98969072165,1.0,2.1960007420743422e-07,1.0,1.0,0.0005938314874352459,4656,0.000297025543768791,512,75249,1.0,2.1990731464442077e-07,1.0,1.0,0.0004844686394090095,4656,0.00024234427337589134,2033.2712242528323,2166.0892084940024
7525.109965635739,1.0,2.20496192148645e-07,1.0,1.0,0.000581488627748391,4656,0.0002908545619843342,512,75251,1.0,2.212130865016136e-07,1.0,1.0,0.0004744822242620475,4656,0.0002373517186883389,2033.3121322198167,2166.385635030998
7549.98969072165,1.0,1.495236652691031e-07,1.0,1.0,4.1588172764610176e-05,4656,2.0868848221971818e-05,512,75499,1.0,1.4888358102538112e-07,1.0,1.0,3.329807087535813e-05,4656,1.6723477235223933e-05,2041.1693598808597,2174.439531934
7550.109965635739,1.0,1.4783384286567708e-07,1.0,1.0,4.0858183488172966e-05,4656,2.0503008672551497e-05,512,75501,1.0,1.4663048448747974e-07,1.0,1.0,3.2665005555421215e-05,4656,1.6405818026986525e-05,2041.226482288872,2174.753303813999
7574.98969072165,1.0,1.1920928173725289e-07,1.0,1.0,5.439395447824906e-06,4656,2.7793023686878436e-06,512,75749,1.0,1.1920928173725289e-07,1.0,1.0,4.543844031176411e-06,4656,2.3315266603635963e-06,2048.8201822629235,2182.5505387249978
7575.109965635739,1.0,1.1920928173725289e-07,1.0,1.0,5.4176324335186135e-06,4656,2.7684208615346974e-06,512,75751,1.0,1.1920928173725289e-07,1.0,1.0,4.51273583691836e-06,4656,2.3159725632345706e-06,2048.8717685139236,2182.8564073190028
7599.98969072165,1.0,1.1920928173725289e-07,1.0,1.0,1.6210503020896688e-06,4656,8.70129795820225e-07,512,75999,1.0,1.1920928173725289e-07,1.0,1.0,1.5038126470325868e-06,4656,8.11510968291684e-07,2056.4173833039495,2190.6037462819986
7600.109965635739,1.0,1.1920928173725289e-07,1.0,1.0,1.6172865942349382e-06,4656,8.68247935642037e-07,512,76001,1.0,1.1920928173725289e-07,1.0,1.0,1.5009450196141307e-06,4656,8.10077154582456e-07,2056.4578448019565,2190.9026993920015
7624.98969072165,1.0,1.203358202392931e-08,1.0,1.0,5.11068751042568e-07,4656,2.615511674122706e-07,512,76249,1.0,1.1623928205616349e-08,1.0,1.0,4.933768225460924e-07,4656,2.525003762060418e-07,2063.9055771729727,2198.5580294389983
7625.109965635739,1.0,1.41330583433374e-08,1.0,1.0,5.096605657063796e-07,4656,2.618968129038804e-07,512,76251,1.0,1.4081851603839642e-08,1.0,1.0,4.912005361174377e-07,4656,2.526411947396606e-07,2063.953903474987,2198.858974890998
7649.98969072165,1.0,2.408764744687528e-07,0.9997852233676976,0.9997852233676976,0.026959796132090985,4656,0.013480018401883313,512,76499,1.0,2.412349216452371e-07,1.0,1.0,0.02224827795913539,4656,0.01112425972505943,2071.395308566014,2206.499289743002
7650.109965635739,1.0,2.4177259240996353e-07,1.0,1.0,0.02189628488009738,4656,0.010948263390367384,512,76501,1.0,2.423870732839366e-07,1.0,1.0,0.01803092161814372,4656,0.00901558186180403,2071.4512548000093,2206.8141140390035
7674.98969072165,1.0,3.5179025034301775e-07,1.0,1.0,0.00011657929860849151,4656,5.846554445442056e-05,512,76749,1.0,3.5207188741025545e-07,1.0,1.0,9.023925350319684e-05,4656,4.529566272030684e-05,2078.9449255090185,2214.508557325
7675.109965635739,1.0,3.519182671917622e-07,1.0,1.0,0.00011515557042665499,4656,5.775374437192666e-05,512,76751,1.0,3.5214869751950206e-07,1.0,1.0,8.878705837472608e-05,4656,4.456960356112608e-05,2079.0062380870113,2214.8245217320036
7699.98969072165,1.0,1.414073970587084e-07,1.0,1.0,1.267983353715966e-05,4656,6.41062047414136e-06,512,76999,1.0,1.4107455325197298e-07,1.0,1.0,1.0434590932941928e-05,4656,5.287832750129126e-06,2086.4076851209793,2222.421908266002
7700.109965635739,1.0,1.399224016132734e-07,1.0,1.0,1.2558833611937067e-05,4656,6.3493780138073455e-06,512,77001,1.0,1.395639544367891e-07,1.0,1.0,1.0343802683983523e-05,4656,5.241683326242332e-06,2086.4509979079776,2222.7141478930025
7724.98969072165,1.0,6.306109265931378e-08,1.0,1.0,2.36992148864099e-06,4656,1.2164912941662396e-06,512,77249,1.0,6.434126114675774e-08,1.0,1.0,2.112813374744504e-06,4656,1.0885773214617188e-06,2093.9445054879798,2230.405195618001
7725.109965635739,1.0,6.224178482734964e-08,1.0,1.0,2.365108130138073e-06,4656,1.2136749609987992e-06,512,77251,1.0,6.344514320554697e-08,1.0,1.0,2.113248632030235e-06,4656,1.0883468911339788e-06,2093.998743978973,2230.7101693370023
7749.98969072165,1.0,3.0519213224576163e-08,1.0,1.0,8.737402460041786e-07,4656,4.5212973137242127e-07,512,77499,1.0,2.8675770602656866e-08,1.0,1.0,8.361801963449133e-07,4656,4.3242798523182896e-07,2101.7054933429645,2238.621745835004
7750.109965635739,1.0,2.7267585266468515e-08,1.0,1.0,8.758141189538378e-07,4656,4.51540853868197e-07,512,77501,1.0,2.647388080425326e-08,1.0,1.0,8.37639575918954e-07,4656,4.320567301196475e-07,2101.77183509697,2239.015219609002
7774.98969072165,1.0,5.581533872737367e-09,1.0,1.0,2.3112159059442982e-07,4656,1.1835156259984274e-07,512,77749,1.0,5.069466575428889e-09,1.0,1.0,2.1885757648471673e-07,4656,1.1196352184749739e-07,2109.173185675969,2246.617882896997
7775.109965635739,1.0,9.52445227688468e-09,1.0,1.0,2.537037220825937e-07,4656,1.3161408781458838e-07,512,77751,1.0,9.422038797889162e-09,1.0,1.0,3.6179173542338635e-07,4656,1.8560688618278128e-07,2109.221620289969,2246.9297887289977
7799.98969072165,1.0,5.403077992957879e-07,1.0,1.0,0.00024039428233076207,4656,0.00012046729512128633,512,77999,1.0,5.374402218839134e-07,1.0,1.0,0.0001990911406800919,4656,9.981429050724531e-05,2116.649467870946,2254.5591254639985
7800.109965635739,1.0,5.376194454721556e-07,1.0,1.0,0.0002348851668568411,4656,0.00011771139320741404,512,78001,1.0,5.349310916485233e-07,1.0,1.0,0.0001946183680028645,4656,9.757664960351391e-05,2116.692479297937,2254.8597180370016
7824.98969072165,1.0,1.260965819488787e-07,1.0,1.0,1.9700842696686894e-05,4656,9.913469646350062e-06,512,78249,1.0,1.2517486063791902e-07,1.0,1.0,1.659501912840402e-05,4656,8.360097001553145e-06,2124.428994398917,2262.8003768750023
7825.109965635739,1.0,1.2527727411691453e-07,1.0,1.0,1.9431709475124006e-05,4656,9.778493381652635e-06,512,78251,1.0,1.2417632921771273e-07,1.0,1.0,1.638843093861112e-05,4656,8.256303640946593e-06,2124.478292398915,2263.096060544998
7849.98969072165,1.0,9.235134687067867e-08,1.0,1.0,3.3375465661556143e-06,4656,1.7149489604199107e-06,512,78499,1.0,9.145522971082074e-08,1.0,1.0,2.9790241047627968e-06,4656,1.5352396707528965e-06,2131.974698414928,2270.783920386002
7850.109965635739,1.0,9.263298393791634e-08,1.0,1.0,3.3191633966825007e-06,4656,1.7058981942169726e-06,512,78501,1.0,9.155764318981625e-08,1.0,1.0,2.959616975522763e-06,4656,1.5255873128723776e-06,2132.0196055799206,2271.0795530580035
7874.98969072165,1.0,4.237357068357227e-08,1.0,1.0,1.1641333406531857e-06,4656,6.032534587937903e-07,512,78749,1.0,4.13238317425154e-08,1.0,1.0,1.1073450665501718e-06,4656,5.743344526624313e-07,2139.5048361958725,2278.762872919997
7875.109965635739,1.0,3.528143882583843e-08,1.0,1.0,1.1593199071403963e-06,4656,5.973006753271759e-07,512,78751,1.0,3.307954941811124e-08,1.0,1.0,1.1030949071718578e-06,4656,5.680872304437048e-07,2139.543875614876,2279.0489556369976
7899.98969072165,1.0,7.399372978404129e-09,1.0,1.0,3.094934928941035e-07,4656,1.5844643337576478e-07,512,78999,1.0,6.810495523014461e-09,1.0,1.0,2.95488462143112e-07,4656,1.511494792481569e-07,2146.0929744319183,2285.7835689469975
7900.109965635739,1.0,1.1495911259202849e-08,1.0,1.0,3.010956001181165e-07,4656,1.5629575656768161e-07,512,79001,1.0,1.0625397078417377e-08,1.0,1.0,2.882171051344303e-07,4656,1.4942125179010758e-07,2146.1328988549176,2286.067097796
7924.98969072165,1.0,3.599833505405385e-07,1.0,1.0,0.00045427540477198836,4656,0.00022731769407532878,512,79249,1.0,3.6052102130526496e-07,1.0,1.0,0.00036592912761001655,4656,0.00018314482432972524,2152.3185471709257,2292.4295731810016
7925.109965635739,1.0,3.599833505405385e-07,1.0,1.0,0.00044175859579105966,4656,0.00022105928958486446,512,79251,1.0,3.6041860782626944e-07,1.0,1.0,0.0003551079209932347,4656,0.00017773416981459484,2152.35786487292,2292.710787508997
7949.98969072165,1.0,1.1920928173725289e-07,1.0,1.0,3.0122903780531636e-05,4656,1.5121056535041209e-05,512,79499,1.0,1.1920928173725289e-07,1.0,1.0,2.3627188856812688e-05,4656,1.1873199073181735e-05,2159.63580168899,2300.1817057359985
7950.109965635739,1.0,1.1920928173725289e-07,1.0,1.0,2.9559519231524255e-05,4656,1.4839364060511192e-05,512,79501,1.0,1.1920928173725289e-07,1.0,1.0,2.3230351027600545e-05,4656,1.1674780158575663e-05,2159.6857064560063,2300.487627174003
7974.98969072165,1.0,4.693096971751993e-08,1.0,1.0,4.392348642339386e-06,4656,2.2196398095445407e-06,512,79749,1.0,4.76990708099863e-08,1.0,1.0,3.746021276938367e-06,4656,1.8968601773902646e-06,2167.2425583760014,2308.2447240380025
7975.109965635739,1.0,4.7007779826766564e-08,1.0,1.0,4.344675267880136e-06,4656,2.195841527369539e-06,512,79751,1.0,4.759665733099078e-08,1.0,1.0,3.7146828523789022e-06,4656,1.8811397583710344e-06,2167.291272878003,2308.547160322003
7999.98969072165,1.0,5.555930532289219e-08,1.0,1.0,1.4237510598475863e-06,4656,7.39655186101327e-07,512,79999,1.0,5.655783674309848e-08,1.0,1.0,1.3336018199913997e-06,4656,6.950798318833369e-07,2174.912277050982,2316.359346813999
8000.109965635739,1.0,4.557399112082933e-08,1.0,1.0,1.428359653900739e-06,4656,7.36966826026872e-07,512,80001,1.0,4.63420922132957e-08,1.0,1.0,1.3326288919409423e-06,4656,6.894854955932067e-07,2174.9514987199836,2316.6550399700027
8024.98969072165,1.0,4.3886732961142376e-07,1.0,1.0,0.0007454056254367239,4656,0.0003729222463987947,512,80249,1.0,4.398402514110585e-07,1.0,1.0,0.0006162694485736467,4656,0.00030835464443128134,2182.588264410977,2324.4871499559995
8025.109965635739,1.0,4.38816122871926e-07,1.0,1.0,0.0007215814850584339,4656,0.00036101015060627993,512,80251,1.0,4.3976344130181187e-07,1.0,1.0,0.0005962105781556814,4656,0.0002983251708172441,2182.630230093975,2324.775256639001
8049.98969072165,1.0,3.1438374901778476e-07,1.0,1.0,4.504621348942268e-05,4656,2.2680298633284584e-05,512,80499,1.0,3.155871073959821e-07,1.0,1.0,3.931977661307325e-05,4656,1.9817681874298968e-05,2190.1814069648863,2332.5206748719975
8050.109965635739,1.0,3.074452358158385e-07,1.0,1.0,4.4745307086080414e-05,4656,2.2526376175012476e-05,512,80501,1.0,3.0974953909323763e-07,1.0,1.0,3.88381456239373e-05,4656,1.957394759557962e-05,2190.2210121048884,2332.809203157998
8074.98969072165,1.0,2.0531340638920505e-07,1.0,1.0,8.181776232134129e-06,4656,4.193544827075195e-06,512,80749,1.0,2.0469892551523195e-07,1.0,1.0,7.435931668927272e-06,4656,3.8203153050347805e-06,2197.7104285108544,2340.4923764099985
8075.109965635739,1.0,2.0667038498589563e-07,1.0,1.0,8.188842362132167e-06,4656,4.19775638137256e-06,512,80751,1.0,2.0613271422116917e-07,1.0,1.0,7.435726941982444e-06,4656,3.820929635889009e-06,2197.7500449548716,2340.7788537210035
8099.98969072165,1.0,1.231265910580087e-07,1.0,1.0,3.0307174333022375e-06,4656,1.5769220192122987e-06,512,80999,1.0,1.231265910580087e-07,1.0,1.0,2.9012414925216453e-06,4656,1.5121840488220023e-06,2205.299489814857,2348.5297730970015
8100.109965635739,1.0,1.2258892029328223e-07,1.0,1.0,3.059469792500612e-06,4656,1.5910293634291226e-06,512,81001,1.0,1.2243530007478896e-07,1.0,1.0,2.929917116620645e-06,4656,1.5261762153798925e-06,2205.338986151848,2348.817102115998
8124.98969072165,1.0,3.9134745035421333e-07,1.0,1.0,0.008829779334084685,4656,0.004415085430407442,512,81249,1.0,3.9196193122818643e-07,1.0,1.0,0.007363816921653617,4656,0.0036821044290188663,2212.9132705409975,2356.5878017750038
8125.109965635739,1.0,3.9293485927864383e-07,1.0,1.0,0.007666227641384217,4656,0.003833310198538082,512,81251,1.0,3.9313968623663486e-07,1.0,1.0,0.006464564820745147,4656,0.003232478916235396,2212.9669951139767,2356.892857052004
8149.98969072165,1.0,4.5328199552592925e-07,1.0,1.0,9.425568211938917e-05,4656,4.7354482088711664e-05,512,81499,1.0,4.511569158367723e-07,1.0,1.0,7.684804383934159e-05,4656,3.864960040884329e-05,2220.4630887390776,2364.585278305003
8150.109965635739,1.0,4.5197622366873644e-07,1.0,1.0,9.258354684382779e-05,4656,4.651776156500238e-05,512,81501,1.0,4.5036321137455703e-07,1.0,1.0,7.552464726249786e-05,4656,3.7987505268190325e-05,2220.5028523950714,2364.8714653239986
8174.98969072165,1.0,2.6543010605792787e-07,1.0,1.0,1.4962884717496094e-05,4656,7.614157325828198e-06,512,81749,1.0,2.650972622511924e-07,1.0,1.0,1.3091318494131424e-05,4656,6.678207892255659e-06,2228.031694794987,2372.597747859003
8175.109965635739,1.0,2.6266494212504893e-07,1.0,1.0,1.4824501104345641e-05,4656,7.543583037299696e-06,512,81751,1.0,2.627929589737933e-07,1.0,1.0,1.2968859076819981e-05,4656,6.615826031961238e-06,2228.083475548996,2372.899177016003
8199.98969072165,1.0,1.5152072810951566e-07,1.0,1.0,4.566478110126562e-06,4656,2.3589994261502145e-06,512,81999,1.0,1.5082943712629592e-07,1.0,1.0,4.301868483929854e-06,4656,2.22634896756025e-06,2235.89331564002,2380.9054675240004
8200.109965635738,1.0,1.5054780005905826e-07,1.0,1.0,4.558336138533255e-06,4656,2.3544419763283325e-06,512,82001,1.0,1.5021495625232283e-07,1.0,1.0,4.289322832752903e-06,4656,2.2197689015347883e-06,2235.9389427900132,2381.197201535
8224.98969072165,1.0,2.6089830258020072e-08,1.0,1.0,1.3167291993268884e-06,4656,6.714095165504981e-07,512,82249,1.0,2.616664036726671e-08,1.0,1.0,1.2769159593673813e-06,4656,6.51541301625368e-07,2243.461495283027,2388.916813726002
8225.109965635738,1.0,2.143001735440049e-08,1.0,1.0,1.3017000212842964e-06,4656,6.615650208820541e-07,512,82251,1.0,2.1609240551966226e-08,1.0,1.0,1.2632437849247707e-06,4656,6.424265144964124e-07,2243.5168847589994,2389.2236130389974
8249.98969072165,1.0,1.7499901816923782e-07,1.0,1.0,0.0005684885487626099,4656,0.0002843317738974217,512,82499,1.0,1.7312997217756965e-07,1.0,1.0,0.00046476817136163154,4656,0.00023247065067393674,2251.0324764620127,2396.941987861999
8250.109965635738,1.0,1.7617677317768626e-07,1.0,1.0,0.0005516637551927895,4656,0.00027591996599001575,512,82501,1.0,1.7420531370702257e-07,1.0,1.0,0.000450531955283532,4656,0.0002253530803056517,2251.07201646901,2397.226264214998
8274.98969072165,1.0,1.2356184834373964e-07,1.0,1.0,3.408726274365514e-05,4656,1.7105412303031617e-05,512,82749,1.0,1.229985742092643e-07,1.0,1.0,2.8217458998291558e-05,4656,1.4170228793282586e-05,2258.626062933032,2404.9755240589984
8275.109965635738,1.0,1.2340822812524636e-07,1.0,1.0,3.3596598165577015e-05,4656,1.6860003203883307e-05,512,82751,1.0,1.2281935062102215e-07,1.0,1.0,2.7811864416572645e-05,4656,1.396734189062901e-05,2258.668368872033,2405.2659369840003
8299.98969072165,1.0,1.1920928173725289e-07,1.0,1.0,6.5833443069280065e-06,4656,3.351276798239394e-06,512,82999,1.0,1.1920928173725289e-07,1.0,1.0,5.846101425818561e-06,4656,2.982655357684671e-06,2266.1125880399886,2412.904413731998
8300.109965635738,1.0,1.1920928173725289e-07,1.0,1.0,6.531446726506262e-06,4656,3.325328008028522e-06,512,83001,1.0,1.1920928173725289e-07,1.0,1.0,5.791208101116454e-06,4656,2.9552086953336175e-06,2266.156333868992,2413.199820712998
8324.98969072165,1.0,1.1920928173725289e-07,1.0,1.0,2.5695762408999693e-06,4656,1.3443927652253753e-06,512,83249,1.0,1.1920928173725289e-07,1.0,1.0,2.4438640704823344e-06,4656,1.2815366800165578e-06,2273.6230243449354,2420.865236216003
8325.109965635738,1.0,1.1920928173725289e-07,1.0,1.0,2.5598725637651443e-06,4656,1.3395409266579628e-06,512,83251,1.0,1.1920928173725289e-07,1.0,1.0,2.436771937061895e-06,4656,1.2779906133063382e-06,2273.661952882936,2421.1518854869973
8349.98969072165,1.0,1.84856300286176e-08,1.0,1.0,6.317886394085331e-07,4656,3.251371361836119e-07,512,83499,1.0,1.743589265026639e-08,1.0,1.0,6.080287122815732e-07,4656,3.1273230354028e-07,2281.2599478459706,2428.9549628740024
8350.109965635738,1.0,1.656537768812808e-08,1.0,1.0,6.267447755680039e-07,4656,3.216550778977643e-07,512,83501,1.0,1.600210394432916e-08,1.0,1.0,6.020375237603355e-07,4656,3.090198149266925e-07,2281.299615644977,2429.2401605369996
8374.98969072165,1.0,3.383741064724845e-07,1.0,1.0,0.001499620448682726,4656,0.0007499794114086637,512,83749,1.0,3.3783643570775807e-07,1.0,1.0,0.001229929683339555,4656,0.0006151337599016956,2288.917054944959,2437.0608184330013
8375.109965635738,1.0,3.389885873464576e-07,1.0,1.0,0.0014204240541687537,4656,0.0007103815213921144,512,83751,1.0,3.3824608962374014e-07,1.0,1.0,0.0011670827686376998,4656,0.0005837105073777261,2288.96741944498,2437.364985178003
8399.98969072165,1.0,3.7232416225785287e-07,1.0,1.0,7.233212148303428e-05,4656,3.635222284296124e-05,512,83999,1.0,3.718888987212992e-07,1.0,1.0,5.9350547332739094e-05,4656,2.986121813917078e-05,2296.5076192520028,2445.1012354410013
8400.109965635738,1.0,3.7176088812337753e-07,1.0,1.0,7.087169487118925e-05,4656,3.562172789997149e-05,512,84001,1.0,3.7114640099858175e-07,1.0,1.0,5.816758523896797e-05,4656,2.9269365843423864e-05,2296.550205103009,2445.399000690002
8424.98969072165,1.0,1.24329949436206e-07,1.0,1.0,8.25832360680135e-06,4656,4.191326785150954e-06,512,84249,1.0,1.229985742092643e-07,1.0,1.0,7.103165772445884e-06,4656,3.6130821803597496e-06,2304.0347156970493,2453.0898692029987
8425.109965635738,1.0,1.236130550832374e-07,1.0,1.0,8.1577550706252e-06,4656,4.140684069886394e-06,512,84251,1.0,1.2253771355378448e-07,1.0,1.0,7.013119421131218e-06,4656,3.5678285743746766e-06,2304.0898921340668,2453.414755588001
8449.98969072165,1.0,7.232951250840802e-08,1.0,1.0,2.0873379718377877e-06,4656,1.0798337456891857e-06,512,84499,1.0,7.273916642439009e-08,1.0,1.0,1.9109056509640774e-06,4656,9.918224122103214e-07,2311.802298783008,2461.350558426002
8450.109965635738,1.0,7.18686518529282e-08,1.0,1.0,2.0717711480337604e-06,4656,1.0718199034594319e-06,512,84501,1.0,7.227830576891027e-08,1.0,1.0,1.8984879416259985e-06,4656,9.853831147118967e-07,2311.8591674490126,2461.660578316998
8474.98969072165,1.0,2.9085424518638934e-08,1.0,1.0,7.778045445715823e-07,4656,4.034449863031545e-07,512,84749,1.0,2.7805256031194975e-08,1.0,1.0,7.434960291080842e-07,4656,3.856506443276835e-07,2319.466366289951,2469.475264292003
8475.109965635738,1.0,2.447681796384069e-08,1.0,1.0,7.727094739915554e-07,4656,3.985931477357419e-07,512,84751,1.0,2.3119839367150093e-08,1.0,1.0,7.393226798390169e-07,4656,3.812212613611274e-07,2319.507665272944,2469.7712205629978
8499.98969072165,1.0,3.5875438879259233e-07,1.0,1.0,0.0005532445392452974,4656,0.00027680164683110937,512,84999,1.0,3.591640427085744e-07,1.0,1.0,0.00046942932883283937,4656,0.00023489424645183833,2326.9589575289683,2477.417338148003
8500.109965635738,1.0,3.587799921623412e-07,1.0,1.0,0.0005378756044861377,4656,0.0002691171922532144,512,85001,1.0,3.59240852817821e-07,1.0,1.0,0.0004563554993404965,4656,0.00022835737011072153,2327.008359272975,2477.732565388
8524.98969072165,1.0,2.9748552498352454e-07,1.0,1.0,4.375317850857461e-05,4656,2.202533203084342e-05,512,85249,1.0,2.965638036725649e-07,1.0,1.0,3.6597483922628195e-05,4656,1.844702387721473e-05,2334.178915817927,2485.0979863560024
8525.109965635738,1.0,2.93568209411946e-07,1.0,1.0,4.302365849389858e-05,4656,2.1658613365719613e-05,512,85251,1.0,2.924160577732465e-07,1.0,1.0,3.599859510077951e-05,4656,1.814550559334073e-05,2334.2344153939302,2485.4081125140037
8549.98969072165,1.0,1.218976293100625e-07,1.0,1.0,6.828109971391632e-06,4656,3.475003807383023e-06,512,85499,1.0,1.2200004278905802e-07,1.0,1.0,6.016183310889246e-06,4656,3.069091683871327e-06,2341.7371298239414,2493.104996277001
8550.109965635738,1.0,1.2187202594031362e-07,1.0,1.0,6.754116932909513e-06,4656,3.437994486457089e-06,512,85501,1.0,1.2197443941930914e-07,1.0,1.0,5.953788398877043e-06,4656,3.037881426180351e-06,2341.7778805519447,2493.392654762003
8574.98969072165,1.0,1.1920928173725289e-07,1.0,1.0,2.255398115820069e-06,4656,1.1873037026854251e-06,512,85749,1.0,1.1920928173725289e-07,1.0,1.0,2.114682445739463e-06,4656,1.1169458676451222e-06,2348.118573902899,2499.9145155780025
8575.109965635738,1.0,1.1920928173725289e-07,1.0,1.0,2.238960777444579e-06,4656,1.1790850334976802e-06,512,85751,1.0,1.1920928173725289e-07,1.0,1.0,2.103647393377696e-06,4656,1.1114283414642387e-06,2348.1587576849015,2500.199632865002
8599.98969072165,1.0,1.1009447233974146e-08,1.0,1.0,6.356547482406138e-07,4656,3.233320986163159e-07,512,85999,1.0,1.0215743260104415e-08,1.0,1.0,6.109987031724432e-07,4656,3.10607223851123e-07,2354.4169443389073,2506.636860335002
8600.109965635738,1.0,2.296621914865682e-08,1.0,1.0,6.28639424929421e-07,4656,3.2580282379708277e-07,512,86001,1.0,2.2786995560414666e-08,1.0,1.0,6.041882068192413e-07,4656,3.1348760294787187e-07,2354.4562824379063,2506.9193389030006
8624.98969072165,1.0,6.020588590683499e-06,1.0,1.0,0.000535103124390353,4656,0.0002705618655917161,512,86249,1.0,6.0088366439687635e-06,1.0,1.0,0.0004406868579358989,4656,0.0002233478419892362,2360.7928726719583,2513.436280279002
8625.109965635738,1.0,5.771494806580936e-06,1.0,1.0,0.0005195803837882695,4656,0.0002626759476985309,512,86251,1.0,5.763225118178375e-06,1.0,1.0,0.00042738164118987177,4656,0.00021657242705322213,2360.832826756956,2513.721471590001
8649.98969072165,1.0,3.6164756332339296e-07,1.0,1.0,3.559099945569366e-05,4656,1.797632352669829e-05,512,86499,1.0,3.617243796834623e-07,1.0,1.0,2.8670931881440874e-05,4656,1.4516328144626519e-05,2367.248351488979,2520.317095374001
8650.109965635738,1.0,3.6082825549142883e-07,1.0,1.0,3.5067065698942775e-05,4656,1.7713946994406867e-05,512,86501,1.0,3.610842954397403e-07,1.0,1.0,2.8217691828935212e-05,4656,1.4289388076251827e-05,2367.289660177961,2520.607726336999
8674.98969072165,1.0,1.1920928173725289e-07,1.0,1.0,6.153644752669504e-06,4656,3.1364270211101425e-06,512,86749,1.0,1.1920928173725289e-07,1.0,1.0,5.307332816600953e-06,4656,2.7132710530758673e-06,2374.896434492952,2528.411082333001
8675.109965635738,1.0,1.1920928173725289e-07,1.0,1.0,6.082800828653333e-06,4656,3.101005059102057e-06,512,86751,1.0,1.1920928173725289e-07,1.0,1.0,5.249162460597315e-06,4656,2.6841858750740482e-06,2374.9479108589403,2528.708822001001
8699.98969072165,1.0,1.1920928173725289e-07,1.0,1.0,2.043633119689614e-06,4656,1.0814212046201977e-06,512,86999,1.0,1.1920928173725289e-07,1.0,1.0,1.9099839796596993e-06,4656,1.0145966346052403e-06,2382.4550168698515,2536.411709395001
8700.109965635738,1.0,1.1920928173725289e-07,1.0,1.0,2.0451437185047983e-06,4656,1.0821765040277898e-06,512,87001,1.0,1.1920928173725289e-07,1.0,1.0,1.911161709664857e-06,4656,1.015185499607819e-06,2382.506658375856,2536.7094937309994
8724.98969072165,1.0,2.0764329545591423e-08,1.0,1.0,6.128421457943625e-07,4656,3.168032393303517e-07,512,87249,1.0,2.0252262345952048e-08,1.0,1.0,5.899527332388646e-07,4656,3.0510249935511397e-07,2389.963227269862,2544.360010417997
8725.109965635738,1.0,1.966338464638962e-08,1.0,1.0,6.081567291303176e-07,4656,3.139100585487284e-07,512,87251,1.0,1.8818474226029444e-08,1.0,1.0,5.874948097429722e-07,4656,3.0315664325419916e-07,2390.003413687864,2544.649422393002
8749.98969072165,1.0,6.560093334286324e-07,0.9753006872852233,0.9753006872852233,0.13174978072700633,4656,0.06587521808663595,512,87499,1.0,6.479955412054601e-07,0.9817439862542955,0.9817439862542955,0.11866093665054164,4656,0.059330793180826194,2397.45474238486,2552.2948755279976
8750.109965635738,1.0,6.864005145680838e-07,0.9849656357388317,0.9849656357388317,0.09615152807989481,4656,0.048076106510621164,512,87501,1.0,6.782586429879402e-07,0.9877577319587629,0.9877577319587629,0.08631039730871666,4656,0.043155537438146846,2397.50081548886,2552.5866711290037
8774.98969072165,1.0,8.636269274550167e-07,1.0,1.0,0.00015347085163458106,4656,7.716723944979025e-05,512,87749,1.0,8.620907190192613e-07,1.0,1.0,0.00012719403805140777,4656,6.402806455711114e-05,2404.9954529418283,2560.276368085997
8775.109965635738,1.0,8.62935636471797e-07,1.0,1.0,0.00015059723822828831,4656,7.573008710115227e-05,512,87751,1.0,8.613994280360415e-07,1.0,1.0,0.00012460020226762468,4656,6.273080101972798e-05,2405.0358927848247,2560.5644679860015
8799.98969072165,1.0,3.604698145657672e-07,1.0,1.0,1.2713401055097888e-05,4656,6.5369354488961785e-06,512,87999,1.0,3.6080265837250265e-07,1.0,1.0,1.0798202189088789e-05,4656,5.579502437794997e-06,2412.5258336638035,2568.2529386030037
8800.109965635738,1.0,3.6016257412878065e-07,1.0,1.0,1.2509191178323067e-05,4656,6.434676890290275e-06,512,88001,1.0,3.6044421119601835e-07,1.0,1.0,1.0633548718470683e-05,4656,5.496996478897702e-06,2412.565420314804,2568.538437223997
8824.98969072165,1.0,1.084046597032259e-07,1.0,1.0,2.245848058903737e-06,4656,1.1771263632102456e-06,512,88249,1.0,1.0791819567799718e-07,1.0,1.0,2.035465644739722e-06,4656,1.0716919241156238e-06,2420.048974088775,2576.2180441670025
8825.109965635738,1.0,1.0085166562730655e-07,1.0,1.0,2.2392423895085264e-06,4656,1.1700470314746805e-06,512,88251,1.0,9.969951398860698e-08,1.0,1.0,2.0298073000252194e-06,4656,1.0647534109136774e-06,2420.0880326077786,2576.5073243999977
8849.98969072165,1.0,2.2991822518405698e-08,1.0,1.0,8.466007115753029e-07,4656,4.3479626880489816e-07,512,88499,1.0,2.268458208141915e-08,1.0,1.0,8.076324640782038e-07,4656,4.1515852483785536e-07,2427.8616581887436,2584.4825576679978
8850.109965635738,1.0,2.1686050661212864e-08,1.0,1.0,8.424529531743391e-07,4656,4.320695036758198e-07,512,88501,1.0,2.1865274249455017e-08,1.0,1.0,8.036383446482014e-07,4656,4.1275181120687207e-07,2427.9057411447393,2584.777610563
8874.98969072165,1.0,4.9158465522738234e-09,1.0,1.0,2.1537551819886916e-07,4656,1.1014568259532698e-07,512,88749,1.0,4.301365678300724e-09,1.0,1.0,2.063631382980864e-07,4656,1.0533225220794904e-07,2435.6764237707357,2592.7465740809967
8875.109965635738,1.0,5.2742936310890265e-09,1.0,1.0,2.1588758559384674e-07,4656,1.1058093988105792e-07,512,88751,1.0,4.711019496613686e-09,1.0,1.0,2.0692641243256175e-07,4656,1.0581871623317775e-07,2435.7160364717383,2593.0304438030034
8899.98969072165,1.0,1.083329105725723e-06,1.0,1.0,0.00039634592767126374,4656,0.00019871462872603915,512,88999,1.0,1.079923882552413e-06,1.0,1.0,0.0003268860658163467,4656,0.00016398299517449234,2442.0420352908077,2599.536142932
8900.109965635738,1.0,1.0864271134653375e-06,1.0,1.0,0.00038609749083871284,4656,0.0001935919593136335,512,89001,1.0,1.0823562026785566e-06,1.0,1.0,0.00031819997861008464,4656,0.00015964116773142437,2442.0815143538166,2599.8205545240016
8924.98969072165,1.0,1.125907509618109e-06,1.0,1.0,3.74373300577101e-05,4656,1.928161912120853e-05,512,89249,1.0,1.124448117542423e-06,1.0,1.0,3.0605372479921556e-05,4656,1.5864910636276417e-05,2448.403223854857,2606.3221406159973
8925.109965635738,1.0,1.1195066671808894e-06,1.0,1.0,3.677868977176262e-05,4656,1.894909855701618e-05,512,89251,1.0,1.1183033088026921e-06,1.0,1.0,3.006165371919723e-05,4656,1.5589978851544385e-05,2448.4428019048537,2606.6057853440034
8949.98969072165,1.0,2.478405910404479e-07,1.0,1.0,5.030918736778891e-06,4656,2.6393796779740205e-06,512,89499,1.0,2.468676629899905e-07,1.0,1.0,4.342423371500192e-06,4656,2.294645531309442e-06,2454.790198128856,2613.1327340919997
8950.109965635738,1.0,2.4387206872937166e-07,1.0,1.0,4.959818679052069e-06,4656,2.6018453879550714e-06,512,89501,1.0,2.4310396763690524e-07,1.0,1.0,4.29062810454428e-06,4656,2.2668660501549436e-06,2454.8299916648575,2613.416944032
8974.98969072165,1.0,6.08335994911613e-08,1.0,1.0,1.3424093541817234e-06,4656,7.016214803525301e-07,512,89749,1.0,5.965584448271286e-08,1.0,1.0,1.2510054992012602e-06,4656,6.553306753580743e-07,2461.234611673881,2620.001131007997
8975.109965635738,1.0,6.10640298189012e-08,1.0,1.0,1.337467916321835e-06,4656,6.992659765864559e-07,512,89751,1.0,6.014230850794156e-08,1.0,1.0,1.2457055016500793e-06,4656,6.529239085950982e-07,2461.2748667998712,2620.284584293
8999.98969072165,1.0,1.625813783715616e-08,1.0,1.0,4.5125932931576783e-07,4656,2.3375873455315302e-07,512,89999,1.0,1.5387623461032477e-08,1.0,1.0,4.3302973630538857e-07,4656,2.2420868076223245e-07,2467.7180364779233,2626.9095907440023
9000.109965635738,1.0,2.030346869477339e-08,1.0,1.0,4.5108010572752565e-07,4656,2.356917889691934e-07,512,90001,1.0,1.9074507532841817e-08,1.0,1.0,4.329529261961419e-07,4656,2.2601371832952844e-07,2467.757975602919,2627.204253697997
9024.98969072165,1.0,1.2613236822133494e-06,1.0,1.0,0.00043871100428690205,4656,0.00021998616434710543,512,90249,1.0,1.2574575358763325e-06,1.0,1.0,0.0003507847632073455,4656,0.0001760211107529111,2474.1272107898367,2633.7533098309978
9025.109965635738,1.0,1.2513127896448283e-06,1.0,1.0,0.00042741879808021985,4656,0.0002143350557849784,512,90251,1.0,1.2479075414682274e-06,1.0,1.0,0.0003413803926653059,4656,0.00017131415045343313,2474.1669910508317,2634.0374227739994
9049.98969072165,1.0,3.3550652906061005e-07,1.0,1.0,3.2237752923210666e-05,4656,1.628662974019999e-05,512,90499,1.0,3.3491765155638586e-07,1.0,1.0,2.6015477187777916e-05,4656,1.3175197433731502e-05,2480.38575981386,2640.431488304999
9050.109965635738,1.0,3.32126884253758e-07,1.0,1.0,3.159602766350885e-05,4656,1.5964077287945654e-05,512,90501,1.0,3.316404202285293e-07,1.0,1.0,2.555084323568135e-05,4656,1.2941241842019291e-05,2480.4246187208737,2640.712787736
9074.98969072165,1.0,1.3426405689877113e-07,1.0,1.0,4.939412843368794e-06,4656,2.536838457165958e-06,512,90749,1.0,1.335727659155514e-07,1.0,1.0,4.344318470920843e-06,4656,2.2389456254503726e-06,2486.7244072198264,2647.1931810319984
9075.109965635738,1.0,1.3423845352902225e-07,1.0,1.0,4.8911508414382275e-06,4656,2.5126946545158003e-06,512,90751,1.0,1.335727659155514e-07,1.0,1.0,4.308985870673971e-06,4656,2.2212793253269366e-06,2486.7644694168303,2647.4775912840014
9099.98969072165,1.0,1.1920928173725289e-07,1.0,1.0,1.6863387574312115e-06,4656,9.027740172401736e-07,512,90999,1.0,1.1920928173725289e-07,1.0,1.0,1.6001324240147068e-06,4656,8.59670856782744e-07,2492.9982589317697,2653.8922351440015
9100.109965635738,1.0,1.1920928173725289e-07,1.0,1.0,1.6769167298652694e-06,4656,8.980630097080253e-07,512,91001,1.0,1.1920928173725289e-07,1.0,1.0,1.5869210852242852e-06,4656,8.530651873875332e-07,2493.038378587775,2654.1772460719985
9124.98969072165,1.0,1.2878493225642322e-08,1.0,1.0,4.304950027002495e-07,4656,2.2168674884196788e-07,512,91249,1.0,1.2571252788655772e-08,1.0,1.0,4.173860773888234e-07,4656,2.1497866596776154e-07,2499.3117252417396,2660.6311761299985
9125.109965635738,1.0,2.6960344829481963e-08,1.0,1.0,4.2965009149853654e-07,4656,2.2830521992205313e-07,512,91251,1.0,2.7165171787473e-08,1.0,1.0,4.15568238136653e-07,4656,2.2136670672010688e-07,2499.3509569427224,2660.9138427809994
9149.98969072165,1.0,5.47271915867483e-07,1.0,1.0,0.0010723002843840426,4656,0.0005364237782062124,512,91499,1.0,5.466830383632588e-07,1.0,1.0,0.0008680228643196146,4656,0.0004342847737352463,2505.6718270556266,2667.4154131830037
9150.109965635738,1.0,5.478863967414561e-07,1.0,1.0,0.0010446858979582378,4656,0.000522616892233747,512,91501,1.0,5.475535529347207e-07,1.0,1.0,0.0008447697815002035,4656,0.0004226586675828265,2505.7116037776323,2667.7002238259993
9174.98969072165,1.0,3.824374776816034e-07,1.0,1.0,6.243665350594677e-05,4656,3.140954551994288e-05,512,91749,1.0,3.8264230463959446e-07,1.0,1.0,4.9424784968501515e-05,4656,2.4903713664699255e-05,2512.0038775477115,2674.1721256920027
9175.109965635738,1.0,3.8038920810169305e-07,1.0,1.0,6.129782522078028e-05,4656,3.083910684251703e-05,512,91751,1.0,3.80619638429433e-07,1.0,1.0,4.841338865510172e-05,4656,2.439700417489428e-05,2512.0433627077036,2674.455150167003
9199.98969072165,1.0,1.2100151136885173e-07,1.0,1.0,7.5197766040519035e-06,4656,3.820389064742553e-06,512,91999,1.0,1.207966844108607e-07,1.0,1.0,6.364616869446338e-06,4656,3.242706783960775e-06,2518.2709020037473,2680.861424380997
9200.109965635738,1.0,1.2100151136885173e-07,1.0,1.0,7.417748275747414e-06,4656,3.769374900590308e-06,512,92001,1.0,1.206686675621163e-07,1.0,1.0,6.28337787729896e-06,4656,3.2020232794627136e-06,2518.310461615747,2681.144444638998
9224.98969072165,1.0,1.1920928173725289e-07,1.0,1.0,1.910623838873804e-06,4656,1.0149165517106473e-06,512,92249,1.0,1.1920928173725289e-07,1.0,1.0,1.7544948651945008e-06,4656,9.36852077372641e-07,2524.687645710681,2687.7033703300003
9225.109965635738,1.0,1.1920928173725289e-07,1.0,1.0,1.9151299819430254e-06,4656,1.0171696357469033e-06,512,92251,1.0,1.1920928173725289e-07,1.0,1.0,1.756159059224887e-06,4656,9.376841743878342e-07,2524.72787608569,2687.987851654998
9249.98969072165,1.0,1.4286678171154256e-08,1.0,1.0,5.688555565657882e-07,4656,2.9157111844283135e-07,512,92499,1.0,1.4107454973588521e-08,1.0,1.0,5.437898575816354e-07,4656,2.7894865715663396e-07,2531.039892656645,2694.48130571
9250.109965635738,1.0,1.6181327141894893e-08,1.0,1.0,5.682922824313128e-07,4656,2.922368060563022e-07,512,92501,1.0,1.6411757664973016e-08,1.0,1.0,5.402565925562902e-07,4656,2.7833417628266086e-07,2531.080294109637,2694.7672273989992
9274.98969072165,1.0,1.3863191333010512e-06,1.0,1.0,0.0004115593283600414,4656,0.0002064728242092321,512,92749,1.0,1.3794062234688538e-06,1.0,1.0,0.00034759401686207945,4656,0.00017448671200533504,2537.443632572653,2701.3103153209995
9275.109965635738,1.0,1.367551875776768e-06,1.0,1.0,0.0004021816621326499,4656,0.0002017746074605234,512,92751,1.0,1.3613814636672883e-06,1.0,1.0,0.0003393415515263056,4656,0.00017035146695129651,2537.483104757641,2701.5933611160035
9299.98969072165,1.0,3.403711693128971e-07,1.0,1.0,3.2539075381311356e-05,4656,1.6439723289376478e-05,512,92999,1.0,3.395262581111841e-07,1.0,1.0,2.7171816777668355e-05,4656,1.3755671531954121e-05,2543.8011533137287,2708.091370441998
9300.109965635738,1.0,3.3737557505227825e-07,1.0,1.0,3.198550652418145e-05,4656,1.6161441063681214e-05,512,93001,1.0,3.3709393798504055e-07,1.0,1.0,2.6718524918344218e-05,4656,1.352780944222898e-05,2543.8411965347223,2708.3751808620036
9324.98969072165,1.0,1.1920928173725289e-07,1.0,1.0,5.711606824514536e-06,4656,2.9154080570326586e-06,512,93249,1.0,1.1920928173725289e-07,1.0,1.0,5.017837215074149e-06,4656,2.568523252312465e-06,2550.2686024917384,2714.9831080449985
9325.109965635738,1.0,1.1920928173725289e-07,1.0,1.0,5.644756926166028e-06,4656,2.8819831078584047e-06,512,93251,1.0,1.1920928173725289e-07,1.0,1.0,4.964941003219035e-06,4656,2.5420751463849083e-06,2550.309452274745,2715.2676751599975
9349.98969072165,1.0,1.1920928173725289e-07,1.0,1.0,1.7965098699359576e-06,4656,9.578595797433694e-07,512,93499,1.0,1.1920928173725289e-07,1.0,1.0,1.6939941774877717e-06,4656,9.066017335192765e-07,2556.663804836764,2721.8038447379986
9350.109965635738,1.0,1.1920928173725289e-07,1.0,1.0,1.7871390616111586e-06,4656,9.531741755809699e-07,512,93501,1.0,1.1920928173725289e-07,1.0,1.0,1.6852634284034038e-06,4656,9.022363589770925e-07,2556.7037637167778,2722.087515934003
9374.98969072165,1.0,3.6146833035891676e-07,0.9995704467353952,0.9995704467353952,0.004746031822617521,4656,0.002373196594289078,512,93749,1.0,3.6251807789485484e-07,1.0,1.0,0.0035014195540516648,4656,0.001750890997676915,2562.9471419367364,2728.5099842430027
9375.109965635738,1.0,3.610330793240085e-07,0.9995704467353952,0.9995704467353952,0.004374678960370854,4656,0.0021875199839421562,512,93751,1.0,3.6192920039063065e-07,1.0,1.0,0.00320449456111672,4656,0.0016024282195723754,2562.9870080137516,2728.7933610049986
9399.98969072165,1.0,2.897789106891119e-07,1.0,1.0,9.890442195626878e-05,4656,4.9597100447543295e-05,512,93999,1.0,2.877306411092016e-07,1.0,1.0,8.199231289455161e-05,4656,4.114002178189476e-05,2569.281901095772,2735.2664955499968
9400.109965635738,1.0,2.8801227817643924e-07,1.0,1.0,9.692567192606909e-05,4656,4.860684211618712e-05,512,94001,1.0,2.858871984872823e-07,1.0,1.0,8.045390481929394e-05,4656,4.036989602295496e-05,2569.321337327772,2735.548362520003
9424.98969072165,1.0,1.6959670715222432e-07,1.0,1.0,1.2001158914423173e-05,4656,6.085377817819874e-06,512,94249,1.0,1.6890541616900458e-07,1.0,1.0,1.0391527165169108e-05,4656,5.2802162977012315e-06,2575.6445636877725,2742.0526647260012
9425.109965635738,1.0,1.696223105219732e-07,1.0,1.0,1.1878697396835306e-05,4656,6.024159860710815e-06,512,94251,1.0,1.6898222627825122e-07,1.0,1.0,1.0282509516975826e-05,4656,5.225745878659214e-06,2575.685067204762,2742.3383241200027
9449.98969072165,1.0,2.0669598835564451e-07,1.0,1.0,3.5943734680408055e-06,4656,1.9005347360117533e-06,512,94499,1.0,2.0541581986820056e-07,1.0,1.0,3.3665556341403282e-06,4656,1.7859857348177928e-06,2581.9672614457195,2748.802844100999
9450.109965635738,1.0,2.0492935584297186e-07,1.0,1.0,3.5855403554840236e-06,4656,1.8952348634770261e-06,512,94501,1.0,2.0385401431351894e-07,1.0,1.0,3.365198605537056e-06,4656,1.784526317738816e-06,2582.0076030427117,2749.0905517590036
9474.98969072165,1.0,9.199289969419436e-08,1.0,1.0,1.1677946225272753e-06,4656,6.298937650174991e-07,512,94749,1.0,9.181367610595221e-08,1.0,1.0,1.1322059385763334e-06,4656,6.12009811247907e-07,2588.372751524712,2755.638308507998
9475.109965635738,1.0,5.1360352684076015e-08,1.0,1.0,1.155991469073042e-06,4656,6.036759143946469e-07,512,94751,1.0,5.266612454126885e-08,1.0,1.0,1.1203771817523512e-06,4656,5.865216566628978e-07,2588.412551063713,2755.9235561720016
9499.98969072165,1.0,3.5762784052364165e-07,1.0,1.0,0.00025413769434919883,4656,0.0001272476611089256,512,94999,1.0,3.5762784052364165e-07,1.0,1.0,0.00021492846188522695,4656,0.00010764304487693965,2595.4370342576913,2763.136600212001
9500.109965635738,1.0,3.5762784052364165e-07,1.0,1.0,0.00024945604778134947,4656,0.0001249068378250009,512,95001,1.0,3.5762784052364165e-07,1.0,1.0,0.00021092908431318209,4656,0.00010564335609091722,2595.4875596266975,2763.4525582090027
9524.98969072165,1.0,2.3923785880482453e-07,1.0,1.0,2.649253917557165e-05,4656,1.3365888531252589e-05,512,95249,1.0,2.390330318468335e-07,1.0,1.0,2.2870543272045673e-05,4656,1.1554788166010604e-05,2602.3542029116397,2770.5062837390033
9525.109965635738,1.0,2.3895622173758683e-07,1.0,1.0,2.618753103238508e-05,4656,1.3213243641125685e-05,512,95251,1.0,2.3880260151909356e-07,1.0,1.0,2.2550637368112803e-05,4656,1.13947199988803e-05,2602.408928256631,2770.812907939002
9549.98969072165,1.0,2.3959630598130884e-07,1.0,1.0,5.956195315659763e-06,4656,3.097895824884887e-06,512,95499,1.0,2.394682891325644e-07,1.0,1.0,5.485762100301913e-06,4656,2.86261520878159e-06,2610.140400710643,2778.743057902004
9550.109965635738,1.0,2.3959630598130884e-07,1.0,1.0,5.925471321967689e-06,4656,3.0825338280388505e-06,512,95501,1.0,2.394682891325644e-07,1.0,1.0,5.463026507991235e-06,4656,2.851247412626251e-06,2610.1881797356436,2779.045975281999
9574.98969072165,1.0,1.1920928173725289e-07,1.0,1.0,2.345573109065749e-06,4656,1.2323911993082651e-06,512,95749,1.0,1.1920928173725289e-07,1.0,1.0,2.2579840811679967e-06,4656,1.188596685359389e-06,2617.9319999056497,2786.9897430739984
9575.109965635738,1.0,1.1920928173725289e-07,1.0,1.0,2.3314144956012003e-06,4656,1.2253118925759908e-06,512,95751,1.0,1.1920928173725289e-07,1.0,1.0,2.242878143022739e-06,4656,1.1810437162867602e-06,2617.9831328366454,2787.2912891920023
9599.98969072165,1.0,6.400841558197843e-09,1.0,1.0,4.328505127171464e-07,4656,2.196256775771831e-07,512,95999,1.0,6.01679110963376e-09,1.0,1.0,4.1743728412832116e-07,4656,2.1172703800965388e-07,2625.5070377956617,2795.0157090699977
9600.109965635738,1.0,2.6883535550422714e-09,1.0,1.0,4.2939405780104775e-07,4656,2.1604120581234e-07,512,96001,1.0,2.5859401004640313e-09,1.0,1.0,4.1444168986770233e-07,4656,2.0851381510616955e-07,2625.546484456663,2795.302467987003
9624.98969072165,1.0,3.6244126778560823e-07,1.0,1.0,0.0013831745948373656,4656,0.0006917685180697654,512,96249,1.0,3.6174998305321115e-07,1.0,1.0,0.0011771711364030018,4656,0.0005887664432070919,2633.1105821886194,2803.0662866210005
9625.109965635738,1.0,3.627229048528459e-07,1.0,1.0,0.0013114053666386817,4656,0.0006558840447889571,512,96251,1.0,3.6185239653220667e-07,1.0,1.0,0.0011194786408922517,4656,0.0005599202466584562,2633.16084525963,2803.366602414997
9649.98969072165,1.0,3.563476720361977e-07,1.0,1.0,7.09064082399369e-05,4656,3.5631377970050906e-05,512,96499,1.0,3.565781023639376e-07,1.0,1.0,5.972137453860229e-05,4656,3.0038976334547463e-05,2640.6114877206383,2811.012084758997
9650.109965635738,1.0,3.5606603496896e-07,1.0,1.0,6.980875977459028e-05,4656,3.508241291884397e-05,512,96501,1.0,3.563220686664488e-07,1.0,1.0,5.87780463838905e-05,4656,2.9567184240342824e-05,2640.655320906644,2811.307624600002
9674.98969072165,1.0,1.1646972117412282e-07,1.0,1.0,7.2960568595152745e-06,4656,3.706263294251463e-06,512,96749,1.0,1.1652092791362058e-07,1.0,1.0,6.341240392786633e-06,4656,3.228880664256891e-06,2648.2496564207577,2819.1063153179966
9675.109965635738,1.0,1.139093841992349e-07,1.0,1.0,7.193004096381341e-06,4656,3.653456744197052e-06,512,96751,1.0,1.1334611006475956e-07,1.0,1.0,6.254701353081493e-06,4656,3.18402373547989e-06,2648.310116668752,2819.427779435002
9699.98969072165,1.0,2.6883534720235326e-08,1.0,1.0,1.7782803456846279e-06,4656,9.025819419604755e-07,512,96999,1.0,2.524491905630706e-08,1.0,1.0,1.653208009477807e-06,4656,8.39226466025101e-07,2655.8005542387727,2827.123828034997
9700.109965635738,1.0,2.8752580711903503e-08,1.0,1.0,1.761458856749742e-06,4656,8.951057204888667e-07,512,97001,1.0,2.7600429073203942e-08,1.0,1.0,1.6364122989357055e-06,4656,8.320063657624986e-07,2655.8568463867814,2827.444957099997
9724.98969072165,1.0,2.5091298837813786e-08,1.0,1.0,6.981525050385781e-07,4656,3.6162190369623985e-07,512,97249,1.0,2.4374404484845173e-08,1.0,1.0,6.739061826454392e-07,4656,3.491402953231861e-07,2663.4120310538456,2835.199010239001
9725.109965635738,1.0,1.976579793004693e-08,1.0,1.0,6.970003533998786e-07,4656,3.5838307742300667e-07,512,97251,1.0,1.9765798320723346e-08,1.0,1.0,6.713714490403002e-07,4656,3.4556862524321744e-07,2663.4677004888545,2835.5170041530037
9749.98969072165,1.0,3.6827882358670725e-07,1.0,1.0,0.0003706472365768095,4656,0.0001855077577236387,512,97499,1.0,3.679715831497207e-07,1.0,1.0,0.0003034104545091845,4656,0.00015188921306960772,2670.923787045871,2843.1760913170037
9750.109965635738,1.0,3.6868847750268937e-07,1.0,1.0,0.00036335092268346514,4656,0.00018185980560392448,512,97501,1.0,3.6817641010771173e-07,1.0,1.0,0.00029760748275981327,4656,0.00014898782960840108,2670.986336912869,2843.5035997870036
9774.98969072165,1.0,2.5109221899855555e-07,1.0,1.0,2.9963316776728917e-05,4656,1.5107204511928088e-05,512,97749,1.0,2.509385987800623e-07,1.0,1.0,2.4779910570541814e-05,4656,1.2515424598725289e-05,2678.190096634946,2850.9039180060026
9775.109965635738,1.0,2.4922317300688736e-07,1.0,1.0,2.939930054458351e-05,4656,1.482426187285955e-05,512,97751,1.0,2.4965843029261833e-07,1.0,1.0,2.4345691421443654e-05,4656,1.2297674939932487e-05,2678.2299052269627,2851.1908317649977
9799.98969072165,1.0,1.210271147386006e-07,1.0,1.0,4.861964100069299e-06,4656,2.4914956144361256e-06,512,97999,1.0,1.2084789115035846e-07,1.0,1.0,4.314183404739575e-06,4656,2.217515654977142e-06,2685.723606072028,2858.8817599560025
9800.109965635738,1.0,1.2100151136885173e-07,1.0,1.0,4.810117576367308e-06,4656,2.4655595509002556e-06,512,98001,1.0,1.2084789115035846e-07,1.0,1.0,4.273422840099359e-06,4656,2.1971353726570342e-06,2685.763140447034,2859.165936374
9824.98969072165,1.0,1.1920928173725289e-07,1.0,1.0,1.8191688271604248e-06,4656,9.69189058355603e-07,512,98249,1.0,1.1920928173725289e-07,1.0,1.0,1.732936877872526e-06,4656,9.260730837116537e-07,2693.3351191790025,2866.9355921990027
9825.109965635738,1.0,1.1920928173725289e-07,1.0,1.0,1.8088250657818776e-06,4656,9.640171776663294e-07,512,98251,1.0,1.1920928173725289e-07,1.0,1.0,1.7239756984604184e-06,4656,9.215924940055998e-07,2693.376159955009,2867.2227193280014
9849.98969072165,1.0,1.3006510074386718e-08,1.0,1.0,4.4836614853414447e-07,4656,2.3068633018328754e-07,512,98499,1.0,1.2596856353742862e-08,1.0,1.0,4.3290171945664415e-07,4656,2.2274928868654635e-07,2700.878753799985,2874.926438175
9850.109965635738,1.0,1.1828755065938278e-08,1.0,1.0,4.4398797230708613e-07,4656,2.2790836456553415e-07,512,98501,1.0,1.1163067843143839e-08,1.0,1.0,4.2865156007833023e-07,4656,2.1990731464442077e-07,2700.9204796939703,2875.2136642560035
9874.98969072165,1.0,3.593944730363143e-07,1.0,1.0,0.0016547789176305134,4656,0.0008275691560658393,512,98749,1.0,3.590616292295789e-07,1.0,1.0,0.0013971844643252001,4656,0.0006987717629912793,2708.478598943995,2882.9722629600037
9875.109965635738,1.0,3.5944567977581204e-07,1.0,1.0,0.0015572366333499398,4656,0.0007787980395289222,512,98751,1.0,3.5908723259932773e-07,1.0,1.0,0.0013153721223172453,4656,0.0006578656047889867,2708.5114591429992,2883.2508220530035
9899.98969072165,1.0,2.991497440172017e-07,1.0,1.0,6.349490958672414e-05,4656,3.189702967943502e-05,512,98999,1.0,2.966662171515604e-07,1.0,1.0,5.2266780613470325e-05,4656,2.6281723429375295e-05,2715.7612587330696,2890.6998778259986
9900.109965635738,1.0,2.9354260604219717e-07,1.0,1.0,6.240042153733088e-05,4656,3.134698208575089e-05,512,99001,1.0,2.9139192298329133e-07,1.0,1.0,5.131542900276348e-05,4656,2.5803410476937735e-05,2715.8012167490633,2890.983649582002
9924.98969072165,1.0,6.160170058362767e-08,1.0,1.0,9.450070156725411e-06,4656,4.7558359321706074e-06,512,99249,1.0,5.980946470120613e-08,1.0,1.0,8.04433684325633e-06,4656,4.052073157494856e-06,2722.1689401260774,2897.5315791560024
9925.109965635738,1.0,5.742835131456037e-08,1.0,1.0,9.315833289342648e-06,4656,4.686630823844692e-06,512,99251,1.0,5.635300978510745e-08,1.0,1.0,7.917345429473009e-06,4656,3.986849223145146e-06,2722.208948906078,2897.816510711
9949.98969072165,1.0,3.86610820699848e-08,1.0,1.0,2.0451436684982164e-06,4656,1.0419023784095121e-06,512,99499,1.0,3.771375817062911e-08,1.0,1.0,1.8746000726601665e-06,4656,9.561569181501328e-07,2729.7313085180103,2905.535470232
9950.109965635738,1.0,3.965961349019109e-08,1.0,1.0,2.0301657221984133e-06,4656,1.0349126709697134e-06,512,99501,1.0,3.8763496330333155e-08,1.0,1.0,1.8654340912933587e-06,4656,9.520987840449354e-07,2729.7805408419845,2905.8462217160013
9974.98969072165,1.0,2.527052242605594e-08,1.0,1.0,7.408844853936986e-07,4656,3.830775056679211e-07,512,99749,1.0,2.5193712316809302e-08,1.0,1.0,7.089314924487428e-07,4656,3.6706260414081994e-07,2737.3578330480195,2913.6248103599974
9975.109965635738,1.0,2.5552159493293612e-08,1.0,1.0,7.427535313853667e-07,4656,3.8415284719737404e-07,512,99751,1.0,2.562896960254025e-08,1.0,1.0,7.110565596362544e-07,4656,3.683427663774412e-07,2737.3985094930213,2913.9188712950017
9999.98969072165,1.0,2.04826945782395e-10,1.0,1.0,1.7753374708625984e-07,4656,8.886928702212544e-08,512,99999,1.0,1.7922357603351586e-10,1.0,1.0,1.6844455551352476e-07,4656,8.431188955088346e-08,2743.845344385034,2920.5518614240027
10000.109965635738,1.0,2.04826945782395e-10,1.0,1.0,1.8508674116217918e-07,4656,9.264578406008511e-08,512,100001,1.0,1.7922357603351586e-10,1.0,1.0,1.7650961698442169e-07,4656,8.834442028633192e-08,2743.884849579048,2920.845920593998
10024.98969072165,1.0,1.1920928173725289e-07,1.0,1.0,0.00020911416544537365,4656,0.00010461668736746221,512,100249,1.0,1.1920928173725289e-07,1.0,1.0,0.0001718026851511903,4656,8.596094722037054e-05,2750.2465367580407,2927.386617086002
10025.109965635738,1.0,1.1920928173725289e-07,1.0,1.0,0.00020429047458257873,4656,0.00010220484193606476,512,100251,1.0,1.1920928173725289e-07,1.0,1.0,0.0001677865917791206,4656,8.395290053433569e-05,2750.286952928047,2927.6694574329995
10049.98969072165,1.0,1.3800214536601971e-08,1.0,1.0,1.897771572342136e-05,4656,9.495757969858004e-06,512,100499,1.0,1.4901158654450937e-08,1.0,1.0,1.5338990018027754e-05,4656,7.6769455896108e-06,2756.6928623071108,2934.2583747869976
10050.109965635738,1.0,1.3416163990368784e-08,1.0,1.0,1.8704971026539597e-05,4656,9.359193596144005e-06,512,100501,1.0,1.418426469215874e-08,1.0,1.0,1.5114299245690767e-05,4656,7.564241756265823e-06,2756.732615986115,2934.5423628259996
10074.98969072165,1.0,2.1199587026660576e-08,1.0,1.0,3.344765666286586e-06,4656,1.682982628219329e-06,512,100749,1.0,2.1865274249455017e-08,1.0,1.0,2.927177456044352e-06,4656,1.4745213669049474e-06,2763.115352836063,2941.107105195002
10075.109965635738,1.0,1.8485630419294016e-08,1.0,1.0,3.3116605842111574e-06,4656,1.6650731085849241e-06,512,100751,1.0,1.938174757915195e-08,1.0,1.0,2.9059523125291127e-06,4656,1.4626670317145072e-06,2763.155827543069,2941.3919370589974
10099.98969072165,1.0,3.955720001119557e-08,1.0,1.0,1.1305161161729074e-06,4656,5.850366612174628e-07,512,100999,1.0,4.086297108703557e-08,1.0,1.0,1.0647667876742396e-06,4656,5.528148828967253e-07,2769.5704226290654,2947.9888524149974
10100.109965635738,1.0,3.284911909037133e-08,1.0,1.0,1.1278789690887727e-06,4656,5.803640462382924e-07,512,101001,1.0,3.443652645209616e-08,1.0,1.0,1.0608494721026612e-06,4656,5.476430022074518e-07,2769.610114864041,2948.2721917940034
10124.98969072165,1.0,3.5588680044177813e-09,1.0,1.0,3.392958090309761e-07,4656,1.7142733871303514e-07,512,101249,1.0,3.354041119678577e-09,1.0,1.0,3.242922468597783e-07,4656,1.6382314414844074e-07,2775.908038264057,2954.7507213969984
10125.109965635738,1.0,1.1700738217193881e-08,1.0,1.0,3.3660745833275513e-07,4656,1.7415409915399644e-07,512,101251,1.0,1.1751944956691641e-08,1.0,1.0,3.218343296147086e-07,4656,1.6679313816472207e-07,2775.9475526870483,2955.0347383980006
10149.98969072165,1.0,3.589080090110856e-07,1.0,1.0,0.00261906621484822,4656,0.0013097125358393102,512,101499,1.0,3.587287854228434e-07,1.0,1.0,0.002159263004142394,4656,0.0010798108280729182,2782.2297266890273,2961.497037019002
10150.109965635738,1.0,3.5911283596907664e-07,1.0,1.0,0.0024825174271855565,4656,0.0012414382700248272,512,101501,1.0,3.589848191203322e-07,1.0,1.0,0.002048594614689293,4656,0.0010244767485615314,2782.27000280203,2961.7816606710003
10174.98969072165,1.0,4.713835841892095e-07,1.0,1.0,0.0001114713543341127,4656,5.597136898727966e-05,512,101749,1.0,4.7117875723121845e-07,1.0,1.0,9.059046692762178e-05,4656,4.55308228705552e-05,2788.6030960720927,2968.294587458997
10175.109965635738,1.0,4.684904034075862e-07,1.0,1.0,0.00010904171616095038,4656,5.475510331030769e-05,512,101751,1.0,4.6777350905461757e-07,1.0,1.0,8.881602858759693e-05,4656,4.4641901076454474e-05,2788.643086652093,2968.578621534998
10199.98969072165,1.0,1.1920928173725289e-07,1.0,1.0,1.0879613303889831e-05,4656,5.499411296720306e-06,512,101999,1.0,1.1920928173725289e-07,1.0,1.0,9.267063770616024e-06,4656,4.6931365300834024e-06,2794.99902932208,2975.1152325900002
10200.109965635738,1.0,1.1920928173725289e-07,1.0,1.0,1.0720797801627122e-05,4656,5.4200035455889516e-06,512,102001,1.0,1.1920928173725289e-07,1.0,1.0,9.129908119081888e-06,4656,4.6245587043163345e-06,2795.038834108087,2975.4010975759993
10224.98969072165,1.0,4.3653738389663397e-08,1.0,1.0,2.0475247818848626e-06,4656,1.0455892636533507e-06,512,102249,1.0,4.4473046221627526e-08,1.0,1.0,1.854296650455887e-06,4656,9.49384851854845e-07,2801.4916305961196,2982.035693586
10225.109965635738,1.0,4.209193283498177e-08,1.0,1.0,2.0477808155823513e-06,4656,1.0449363777247543e-06,512,102251,1.0,4.2757621229805465e-08,1.0,1.0,1.8516082966322546e-06,4656,9.471829620564414e-07,2801.532722581116,2982.3211340000016
10249.98969072165,1.0,2.089234619899761e-08,1.0,1.0,7.159724191296846e-07,4656,3.68432384422385e-07,512,102499,1.0,2.119958663598416e-08,1.0,1.0,6.811006795382928e-07,4656,3.511501348451823e-07,2807.937403289052,2988.908349754998
10250.109965635738,1.0,3.182498430041616e-08,1.0,1.0,7.133096561741558e-07,4656,3.7256732238600624e-07,512,102501,1.0,3.1338520665863875e-08,1.0,1.0,6.793084936624527e-07,4656,3.553235091175404e-07,2807.9773237590525,2989.193764104002
10274.98969072165,1.0,3.148446096732646e-07,1.0,1.0,0.003469702048400014,4656,0.001735008433717223,512,102749,1.0,3.16457621967444e-07,1.0,1.0,0.0031472561029634114,4656,0.0015737862675050689,2814.298689020059,2995.696479000999
10275.109965635738,1.0,3.1481900630351573e-07,1.0,1.0,0.0030988580019203657,4656,0.001549586410477399,512,102751,1.0,3.163552084884485e-07,1.0,1.0,0.0027656532132748477,4656,0.0013829847586523626,2814.3392160930707,2995.9823368570032
10299.98969072165,1.0,2.2364541912940252e-07,1.0,1.0,0.00010028132877578235,4656,5.025248710526941e-05,512,102999,1.0,2.2285171466718724e-07,1.0,1.0,8.276770134613277e-05,4656,4.1495276538213507e-05,2820.6696822071644,3002.493831459
10300.109965635738,1.0,2.216739596587388e-07,1.0,1.0,9.824513038460332e-05,4656,4.9233402179944554e-05,512,103001,1.0,2.2123870237300786e-07,1.0,1.0,8.106840249547844e-05,4656,4.064482060673925e-05,2820.7094651261614,3002.7791236059966
10324.98969072165,1.0,1.1920928173725289e-07,1.0,1.0,1.0651491279953842e-05,4656,5.385350284752312e-06,512,103249,1.0,1.1920928173725289e-07,1.0,1.0,9.019611102506468e-06,4656,4.569410196028625e-06,2827.0713894191904,3009.3226259019975
10325.109965635738,1.0,1.1920928173725289e-07,1.0,1.0,1.0475394303215943e-05,4656,5.297301796383362e-06,512,103251,1.0,1.1920928173725289e-07,1.0,1.0,8.887294387841706e-06,4656,4.503251838696244e-06,2827.111076965197,3009.608140182001
10349.98969072165,1.0,1.1920928173725289e-07,1.0,1.0,2.443992087331079e-06,4656,1.28160068844093e-06,512,103499,1.0,1.1920928173725289e-07,1.0,1.0,2.2251349327768937e-06,4656,1.1721721111638375e-06,2833.561865082218,3016.239916208
10350.109965635738,1.0,1.1920928173725289e-07,1.0,1.0,2.4265305641590523e-06,4656,1.2728699268549168e-06,512,103501,1.0,1.1920928173725289e-07,1.0,1.0,2.209337728651708e-06,4656,1.1642735091012445e-06,2833.6015483202245,3016.525393011001
10374.98969072165,1.0,3.597272980905817e-08,1.0,1.0,8.667761419341289e-07,4656,4.51374438215652e-07,512,103749,1.0,3.561428302325027e-08,1.0,1.0,8.291136600433999e-07,4656,4.323639736820454e-07,2839.9647786181777,3023.070464059998
10375.109965635738,1.0,2.3350269694890005e-08,1.0,1.0,8.609897803708821e-07,4656,4.4217002679092997e-07,512,103751,1.0,2.3043029257903456e-08,1.0,1.0,8.231736907633053e-07,4656,4.2310836176864827e-07,2840.00533717719,3023.355835102
10399.98969072165,1.0,1.1920928173725289e-07,0.8762886597938144,0.8762886597938144,0.4338181518607123,4656,0.21690913492052005,512,103999,1.0,1.1920928173725289e-07,0.895618556701031,0.895618556701031,0.3938253212630544,4656,0.1969127196216911,2846.320779380174,3029.8522232330033
10400.109965635738,1.0,1.1920928173725289e-07,0.8906786941580757,0.8906786941580757,0.38672377399562563,4656,0.1933619459879767,512,104001,1.0,1.1920928173725289e-07,0.9082903780068728,0.9082903780068728,0.3504518561346834,4656,0.1752259870575056,2846.360275377174,3030.1350418070033
10424.98969072165,1.0,2.328882231071025e-07,1.0,1.0,0.0002007085967591333,4656,0.00010047074250518457,512,104249,1.0,2.3352830735082448e-07,1.0,1.0,0.00016529354045993275,4656,8.276353439770613e-05,2852.55233116222,3036.5046284890013
10425.109965635738,1.0,2.3209451864488722e-07,1.0,1.0,0.00019654139389901635,4656,9.838674422289497e-05,512,104251,1.0,2.3296503321634914e-07,1.0,1.0,0.00016201895588042401,4656,8.112596047088453e-05,2852.5917840322254,3036.7871045300017
10449.98969072165,1.0,1.1920928173725289e-07,1.0,1.0,1.8226818695241952e-05,4656,9.173013992396367e-06,512,104499,1.0,1.1920928173725289e-07,1.0,1.0,1.548103991371045e-05,4656,7.800124601630615e-06,2858.827710674228,3043.1999225619984
10450.109965635738,1.0,1.1920928173725289e-07,1.0,1.0,1.794583071343268e-05,4656,9.03252000149173e-06,512,104501,1.0,1.1920928173725289e-07,1.0,1.0,1.5253071309966627e-05,4656,7.686140299758704e-06,2858.8673907502343,3043.4812479229986
10474.98969072165,1.0,1.1920928173725289e-07,1.0,1.0,3.0621323179248783e-06,4656,1.5906708037378298e-06,512,104749,1.0,1.1920928173725289e-07,1.0,1.0,2.786615456188821e-06,4656,1.452912372869801e-06,2865.0640183251853,3049.856231269998
10475.109965635738,1.0,1.1920928173725289e-07,1.0,1.0,3.0430835108448754e-06,4656,1.5811464001978283e-06,512,104751,1.0,1.1920928173725289e-07,1.0,1.0,2.7685650805158613e-06,4656,1.4438871850333213e-06,2865.103644983177,3050.139539685002
10499.98969072165,1.0,3.9762026969186603e-08,1.0,1.0,1.0473309553834798e-06,4656,5.435464943017445e-07,512,104999,1.0,3.968521646926355e-08,1.0,1.0,1.0007840666849536e-06,4656,5.202346448978582e-07,2871.3452117571615,3056.561425696
10500.109965635738,1.0,2.6294657216011108e-08,1.0,1.0,1.044181753406013e-06,4656,5.35238207069056e-07,512,105001,1.0,2.680672461098869e-08,1.0,1.0,9.968667511133753e-07,4656,5.118367396202259e-07,2871.384782932164,3056.854085048999
10524.98969072165,1.0,7.68100985030359e-09,1.0,1.0,2.555472053348605e-07,4656,1.3161410812976214e-07,512,105249,1.0,7.604199936395162e-09,1.0,1.0,2.434624148133896e-07,4656,1.2553330781440335e-07,2877.686557147161,3063.335889320999
10525.109965635738,1.0,5.5559306006575925e-09,1.0,1.0,2.6622381052014315e-07,4656,1.3588987087782494e-07,512,105251,1.0,5.274293435750817e-09,1.0,1.0,2.524747978395837e-07,4656,1.2887454600392638e-07,2877.725715469158,3063.616932697001
10549.98969072165,1.0,2.407996643595061e-07,1.0,1.0,0.000465586429455436,4656,0.0002329136145739621,512,105499,1.0,2.410813014267438e-07,1.0,1.0,0.00037114480286324557,4656,0.0001856929420964005,2884.0499250181565,3070.1214796360036
10550.109965635738,1.0,2.4074845762000837e-07,1.0,1.0,0.0004563032172594693,4656,0.000228271982872609,512,105501,1.0,2.4100449131749716e-07,1.0,1.0,0.00036284687554406135,4656,0.0001815439400317538,2884.089431148157,3070.404183235998
10574.98969072165,1.0,1.1920928173725289e-07,1.0,1.0,3.348278118572694e-05,4656,1.680099523763886e-05,512,105749,1.0,1.1920928173725289e-07,1.0,1.0,2.707702130130476e-05,4656,1.359811529542777e-05,2890.280805390099,3076.7730805479987
10575.109965635738,1.0,1.1920928173725289e-07,1.0,1.0,3.2864726241357954e-05,4656,1.6491967765454368e-05,512,105751,1.0,1.1920928173725289e-07,1.0,1.0,2.660555204959055e-05,4656,1.3362380669570666e-05,2890.320142841094,3077.055247196
10599.98969072165,1.0,3.9454786532200055e-08,1.0,1.0,4.8938903019881945e-06,4656,2.4666725473856084e-06,512,105999,1.0,3.8277031133075195e-08,1.0,1.0,4.1954351758706e-06,4656,2.116856106822587e-06,2896.5418788470815,3083.4552116099985
10600.109965635738,1.0,3.9890043817931e-08,1.0,1.0,4.8360271364149616e-06,4656,2.437958593241858e-06,512,106001,1.0,3.866108167930838e-08,1.0,1.0,4.149042319944865e-06,4656,2.093851704132836e-06,2896.581503574078,3083.737030344997
10624.98969072165,1.0,6.73368554073766e-08,1.0,1.0,1.4238790641946853e-06,4656,7.456079633171186e-07,512,106249,1.0,6.820736997883849e-08,1.0,1.0,1.3243590035120543e-06,4656,6.962831902615341e-07,2902.9506976191224,3090.286572813002
10625.109965635738,1.0,6.971796879402235e-08,1.0,1.0,1.4241607012619228e-06,4656,7.469393385440604e-07,512,106251,1.0,7.035805303774434e-08,1.0,1.0,1.3247174506885387e-06,4656,6.975377553792293e-07,2902.9905452721177,3090.571767286998
10649.98969072165,1.0,2.3964750568863105e-08,1.0,1.0,4.6482910903185104e-07,4656,2.443969284329896e-07,512,106499,1.0,2.2786995560414666e-08,1.0,1.0,4.4432082236464426e-07,4656,2.3355391072057336e-07,2909.2351571790678,3096.997211288999
10650.109965635738,1.0,1.083022403640841e-08,1.0,1.0,4.5991326829088894e-07,4656,2.3537174684733243e-07,512,106501,1.0,1.0651000155158942e-08,1.0,1.0,4.406339371208057e-07,4656,2.256424694681697e-07,2909.2747747000576,3097.2819216219978
10674.98969072165,1.0,1.625045737317848e-07,1.0,1.0,0.0011346060974696248,4656,0.0005673843010287104,512,106749,1.0,1.6125000861408972e-07,1.0,1.0,0.0009934592390388147,4656,0.0004968102445307467,2915.4873098740827,3103.6730108950032
10675.109965635738,1.0,1.641175860259642e-07,1.0,1.0,0.0010921205441976332,4656,0.0005461423308988617,512,106751,1.0,1.6247897036203592e-07,1.0,1.0,0.0009562466869649199,4656,0.0004782045829746731,2915.526088551098,3103.9540315910017
10699.98969072165,1.0,2.409532845779994e-07,1.0,1.0,5.156429295661728e-05,4656,2.590262313466199e-05,512,106999,1.0,2.408764744687528e-07,1.0,1.0,4.2876647145221736e-05,4656,2.1558761823909593e-05,2921.807241778177,3110.415038148003
10700.109965635738,1.0,2.4082526772925503e-07,1.0,1.0,5.0634811024255156e-05,4656,2.5437818160056557e-05,512,107001,1.0,2.407996643595061e-07,1.0,1.0,4.203436708980307e-05,4656,2.1137583391145638e-05,2921.846638846171,3110.6984747490023
10724.98969072165,1.0,1.1920928173725289e-07,1.0,1.0,6.7286412299633075e-06,4656,3.4239252597570444e-06,512,107249,1.0,1.1920928173725289e-07,1.0,1.0,5.8779256143111135e-06,4656,2.9985674519309474e-06,2928.0790391931987,3117.1097755390037
10725.109965635738,1.0,1.1920928173725289e-07,1.0,1.0,6.640079724074332e-06,4656,3.3796445068125567e-06,512,107251,1.0,1.1920928173725289e-07,1.0,1.0,5.797762263732677e-06,4656,2.9584857766417293e-06,2928.1184632682016,3117.393892844
10749.98969072165,1.0,1.1920928173725289e-07,1.0,1.0,1.8225996787067747e-06,4656,9.709044841287779e-07,512,107499,1.0,1.1920928173725289e-07,1.0,1.0,1.6979114680560594e-06,4656,9.085603788034203e-07,2934.2983095511336,3123.7516113560014
10750.109965635738,1.0,1.1920928173725289e-07,1.0,1.0,1.8132544737517246e-06,4656,9.662318691496075e-07,512,107501,1.0,1.1920928173725289e-07,1.0,1.0,1.692483553669297e-06,4656,9.058464216100391e-07,2934.338152401131,3124.0337321060033
10774.98969072165,1.0,1.4798745956808257e-08,1.0,1.0,6.164010141894567e-07,4656,3.1559988095215443e-07,512,107749,1.0,1.4261075192081796e-08,1.0,1.0,5.919241927095282e-07,4656,3.03092634829827e-07,2940.8077549771224,3130.6872113870013
10775.109965635738,1.0,1.556684704927463e-08,1.0,1.0,6.096929313152504e-07,4656,3.1262989006128446e-07,512,107751,1.0,1.500357291479929e-08,1.0,1.0,5.863170547345237e-07,4656,3.0066031470368344e-07,2940.8652182881306,3131.012780658002
10799.98969072165,1.0,8.975256764877242e-07,0.9716494845360825,0.9716494845360825,0.17793374536783016,4656,0.088967321664607,512,107999,1.0,8.960662844120381e-07,0.9763745704467354,0.9763745704467354,0.1658856500055372,4656,0.08294327562207618,2948.5388163100906,3138.895250755999
10800.109965635738,1.0,8.810883381122346e-07,0.9813144329896907,0.9813144329896907,0.1480420741838278,4656,0.07402147869883534,512,108001,1.0,8.822916964904319e-07,0.9830326460481099,0.9830326460481099,0.1344471846249505,4656,0.06722403555801235,2948.5888876850768,3139.2045446869997
10824.98969072165,1.0,6.977684107365861e-07,1.0,1.0,0.00017259999968854012,4656,8.664888416215316e-05,512,108249,1.0,6.99688663467752e-07,1.0,1.0,0.00014195166035360076,4656,7.132567462104907e-05,2956.1190390471056,3146.938816302001
10825.109965635738,1.0,6.905482604674022e-07,1.0,1.0,0.0001689181151028556,4656,8.480433179417632e-05,512,108251,1.0,6.926221334170614e-07,1.0,1.0,0.00013888014730104465,4656,6.978638482974566e-05,2956.170265757097,3147.2589729599968
10849.98969072165,1.0,2.0467331902007173e-07,1.0,1.0,1.5022987827876282e-05,4656,7.613830582824411e-06,512,108499,1.0,2.0357237724628127e-07,1.0,1.0,1.270926371056753e-05,4656,6.456418051720434e-06,2963.851748683035,3155.1507230370007
10850.109965635738,1.0,2.0242022248217035e-07,1.0,1.0,1.4835114501211856e-05,4656,7.518767371223248e-06,512,108501,1.0,2.0103764364114225e-07,1.0,1.0,1.256903605471618e-05,4656,6.3850368569921895e-06,2963.9133307660413,3155.472218965002
10874.98969072165,1.0,1.1920928173725289e-07,1.0,1.0,2.5817889482570217e-06,4656,1.3504991189039015e-06,512,108749,1.0,1.1920928173725289e-07,1.0,1.0,2.3220436622731107e-06,4656,1.220626475911946e-06,2970.434788892151,3162.1847951010022
10875.109965635738,1.0,1.1920928173725289e-07,1.0,1.0,2.5636105557353175e-06,4656,1.3414099226430494e-06,512,108751,1.0,1.1920928173725289e-07,1.0,1.0,2.3036860461631644e-06,4656,1.2114476678569728e-06,2970.474834060169,3162.4684314689985
10899.98969072165,1.0,2.680672461098869e-08,1.0,1.0,8.538976719537334e-07,4656,4.4035220004040494e-07,512,108999,1.0,2.624345047651335e-08,1.0,1.0,8.163632194133942e-07,4656,4.2130333670299767e-07,2976.9278409180806,3169.1037101240036
10900.109965635738,1.0,2.5116902207562665e-08,1.0,1.0,8.560483425109939e-07,4656,4.4058262411732214e-07,512,109001,1.0,2.4271991005849654e-08,1.0,1.0,8.188723496487844e-07,4656,4.2157217208536094e-07,2976.9675335220854,3169.386966248003
10924.98969072165,1.0,2.637146778918599e-09,1.0,1.0,2.1437698677866287e-07,4656,1.0850706693139871e-07,512,109249,1.0,2.0994761118612417e-09,1.0,1.0,2.0521099291020953e-07,4656,1.036552346148088e-07,2983.3641788680143,3175.965823401999
10925.109965635738,1.0,2.7907669852032358e-09,1.0,1.0,2.1529870808962252e-07,4656,1.0904473769612518e-07,512,109251,1.0,2.150682851359e-09,1.0,1.0,2.0449409543182958e-07,4656,1.0332238924536771e-07,2983.4040484760008,3176.2493769489993
10949.98969072165,1.0,2.4323198448564966e-07,1.0,1.0,0.0006545624308467321,4656,0.00032740283142967323,512,109499,1.0,2.439488788386183e-07,1.0,1.0,0.0005435807393588561,4656,0.0002719123441329117,2989.7686299669476,3182.795276424
10950.109965635738,1.0,2.43155174376403e-07,1.0,1.0,0.0006383692596069316,4656,0.00031930620740471834,512,109501,1.0,2.437184485108784e-07,1.0,1.0,0.0005299023695008451,4656,0.0002650730439887424,2989.808558776942,3183.078837899
10974.98969072165,1.0,1.205406507133719e-07,1.0,1.0,4.1974916065246176e-05,4656,2.1047728365011947e-05,512,109749,1.0,1.2046384060412527e-07,1.0,1.0,3.4417665029053425e-05,4656,1.7269064441860953e-05,2996.203081124946,3189.654528406001
10975.109965635738,1.0,1.2010539342764097e-07,1.0,1.0,4.116975729548951e-05,4656,2.0644931351490752e-05,512,109751,1.0,1.2013099679738985e-07,1.0,1.0,3.372596679223362e-05,4656,1.692304890154768e-05,2996.2430861819485,3189.9388238420033
10999.98969072165,1.0,3.6945657468839154e-08,1.0,1.0,5.059312423771164e-06,4656,2.5481290431593983e-06,512,109999,1.0,3.6792036468993045e-08,1.0,1.0,4.360371183674411e-06,4656,2.1985816130017755e-06,3002.661457529892,3196.5391234160015
11000.109965635738,1.0,3.704807094783467e-08,1.0,1.0,4.990004651933345e-06,4656,2.513526363979987e-06,512,110001,1.0,3.6766433099244166e-08,1.0,1.0,4.30363461637671e-06,4656,2.1702005276680505e-06,3002.7010249728955,3196.8326754129994
11024.98969072165,1.0,5.991187818020165e-08,1.0,1.0,1.245014260673441e-06,4656,6.524630729429091e-07,512,110249,1.0,5.9604637743215094e-08,1.0,1.0,1.1613425733505579e-06,4656,6.104736090629743e-07,3009.0810945998855,3203.395221822004
11025.109965635738,1.0,5.40743098774572e-08,1.0,1.0,1.247625779384536e-06,4656,6.508500481470844e-07,512,110251,1.0,5.3946293028712805e-08,1.0,1.0,1.1647222181574098e-06,4656,6.093342591091491e-07,3009.1208392958833,3203.678968420998
11049.98969072165,1.0,1.6053311074503335e-08,1.0,1.0,4.645474844662588e-07,4656,2.40300398649403e-07,512,110499,1.0,1.6078914444252214e-08,1.0,1.0,4.445256430718126e-07,4656,2.3030227963705435e-07,3015.468807379857,3210.208686424001
11050.109965635738,1.0,1.7026239124960742e-08,1.0,1.0,4.620895547195437e-07,4656,2.3955789780127417e-07,512,110501,1.0,1.705184249470962e-08,1.0,1.0,4.417860887595052e-07,4656,2.2941896650612938e-07,3015.5087461158437,3210.4927316279973
11074.98969072165,1.0,1.7781538884161454e-07,0.998926116838488,0.998926116838488,0.02779115393399373,4656,0.013895665861896634,512,110749,1.0,1.7730332144663694e-07,0.9995704467353952,0.9995704467353952,0.023710211527716255,4656,0.0118551941466905,3021.8803901638785,3217.046209746997
11075.109965635738,1.0,1.804269325560002e-07,0.9995704467353952,0.9995704467353952,0.024001296443218217,4656,0.012000738345470625,512,110751,1.0,1.7942840113579392e-07,0.9993556701030928,0.9993556701030928,0.020882243348151138,4656,0.010441211183456211,3021.9200940118862,3217.3301355780022
11099.98969072165,1.0,1.4184265434443935e-07,1.0,1.0,0.00011955363087074453,4656,5.984773676957666e-05,512,110999,1.0,1.409465364032286e-07,1.0,1.0,9.491479606767701e-05,4656,4.752787130907229e-05,3028.2636855708224,3223.8540263430004
11100.109965635738,1.0,1.4127938020996402e-07,1.0,1.0,0.00011685341308565484,4656,5.8497346239964575e-05,512,111001,1.0,1.4040886563850213e-07,1.0,1.0,9.27412820039029e-05,4656,4.644084544180287e-05,3028.303855867842,3224.1384834469973
11124.98969072165,1.0,4.260400101131219e-08,1.0,1.0,1.0171021343628104e-05,4656,5.1068126754451195e-06,512,111249,1.0,4.070935164989513e-08,1.0,1.0,8.556372734087541e-06,4656,4.29854104599413e-06,3034.6506403558124,3230.666049807998
11125.109965635738,1.0,4.2783224599554344e-08,1.0,1.0,1.0043671682694626e-05,4656,5.043227456772502e-06,512,111251,1.0,4.068374828014625e-08,1.0,1.0,8.441901468124587e-06,4656,4.241292611327778e-06,3034.6904916978056,3230.9500106790038
11149.98969072165,1.0,6.89242643318071e-08,1.0,1.0,2.0292695792539118e-06,4656,1.049096925308947e-06,512,111499,1.0,6.94107283570358e-08,1.0,1.0,1.8303062930011873e-06,4656,9.498585141951992e-07,3041.0714754538094,3237.5127027829985
11150.109965635738,1.0,7.079331032347528e-08,1.0,1.0,2.0026164713453284e-06,4656,1.0367048943504897e-06,512,111501,1.0,7.115175749995959e-08,1.0,1.0,1.8143809970173844e-06,4656,9.427663807747598e-07,3041.111096488803,3237.796252741002
11174.98969072165,1.0,2.442561122434293e-08,1.0,1.0,8.002586998413493e-07,4656,4.1234215729089e-07,512,111749,1.0,2.3939147199114226e-08,1.0,1.0,7.652332900248826e-07,4656,3.945862203700423e-07,3047.509831557796,3244.3769917659993
11175.109965635738,1.0,4.2450380011466075e-08,1.0,1.0,7.981336201521924e-07,4656,4.20292003597917e-07,512,111751,1.0,4.2040726876836845e-08,1.0,1.0,7.617256283692862e-07,4656,4.0188318074847287e-07,3047.5495378708038,3244.6611498059974
11199.98969072165,1.0,1.4593919169738157e-09,1.0,1.0,2.079761505922658e-07,4656,1.0471777133397595e-07,512,111999,1.0,1.5874087657182113e-09,1.0,1.0,1.970435179603171e-07,4656,9.93154634423738e-08,3053.9490756058112,3251.2437581930026
11200.109965635738,1.0,9.575658723375123e-09,1.0,1.0,2.107413113997334e-07,4656,1.1015848584290709e-07,512,112001,1.0,1.0215743162435311e-08,1.0,1.0,2.0019272931401787e-07,4656,1.0520423692191032e-07,3053.9889740678154,3251.527807098002
11224.98969072165,1.0,9.151407948749531e-07,1.0,1.0,0.0006572538186696797,4656,0.0003290844799573069,512,112249,1.0,9.182900218557106e-07,1.0,1.0,0.0005509505285225373,4656,0.00027593440949097534,3060.369007809768,3258.088726168
11225.109965635738,1.0,9.18110785765823e-07,1.0,1.0,0.0006369687744841952,4656,0.00031894344286001014,512,112251,1.0,9.212343968751863e-07,1.0,1.0,0.000533448788257399,4656,0.0002671850115521667,3060.4093261667695,3258.3718935250035
11249.98969072165,1.0,6.763385027715827e-07,1.0,1.0,3.7366394721662874e-05,4656,1.9021366668474632e-05,512,112499,1.0,6.79743744697361e-07,1.0,1.0,3.006062558388075e-05,4656,1.5370184523645546e-05,3066.771121454807,3264.913951038001
11250.109965635738,1.0,6.701168839226051e-07,1.0,1.0,3.6676383906930584e-05,4656,1.8673250451683998e-05,512,112501,1.0,6.728564444857352e-07,1.0,1.0,2.9514628923354075e-05,4656,1.5093742740177309e-05,3066.8104327898145,3265.1963548660024
11274.98969072165,1.0,1.3203656373061863e-07,1.0,1.0,5.140858306309458e-06,4656,2.636447442052214e-06,512,112749,1.0,1.330863018903227e-07,1.0,1.0,4.373403398889754e-06,4656,2.2532448574222136e-06,3073.212579258772,3271.779749999001
11275.109965635738,1.0,1.308332053524213e-07,1.0,1.0,5.074699798957333e-06,4656,2.6027665091870527e-06,512,112751,1.0,1.314732895961433e-07,1.0,1.0,4.323425921179431e-06,4656,2.2274496124199628e-06,3073.252130172772,3272.062432091003
11299.98969072165,1.0,5.046423474286524e-08,1.0,1.0,1.3374423254537316e-06,4656,6.939532836143862e-07,512,112999,1.0,5.22308672555379e-08,1.0,1.0,1.2435037493697748e-06,4656,6.478673118287441e-07,3079.618361659759,3278.609891133001
11300.109965635738,1.0,5.061785496135852e-08,1.0,1.0,1.3427934047279565e-06,4656,6.967056333607453e-07,512,113001,1.0,5.23588841042823e-08,1.0,1.0,1.2490851589585766e-06,4656,6.507220250475172e-07,3079.658181419767,3278.893263228998
11324.98969072165,1.0,9.524452374553784e-09,1.0,1.0,4.325432691547485e-07,4656,2.210338597879601e-07,512,113249,1.0,9.345228688642524e-09,1.0,1.0,4.133663483382494e-07,4656,2.1135578914829515e-07,3086.038481763677,3285.454586283002
11325.109965635738,1.0,1.1598324738198365e-08,1.0,1.0,4.3694704562614436e-07,4656,2.2427268606119332e-07,512,113251,1.0,1.1291084691888234e-08,1.0,1.0,4.17053233582088e-07,4656,2.1417215982067184e-07,3086.0781029456666,3285.7375722660036
11349.98969072165,1.0,5.788152673981022e-07,1.0,1.0,0.0006974180936301287,4656,0.0003489984545050208,512,113499,1.0,5.801978431137189e-07,1.0,1.0,0.0005898524997467847,4656,0.00029521634885433203,3092.501510363578,3292.3427914489985
11350.109965635738,1.0,5.787896640283532e-07,1.0,1.0,0.000676383965255059,4656,0.000338481377515801,512,113501,1.0,5.803514633322121e-07,1.0,1.0,0.0005726691757895283,4656,0.00028662476368581307,3092.541005508563,3292.625622686999
11374.98969072165,1.0,3.9129624361471557e-07,1.0,1.0,4.7933390280839917e-05,4656,2.4162343290356018e-05,512,113749,1.0,3.936005468921147e-07,1.0,1.0,4.0305399134294274e-05,4656,2.0349499868721896e-05,3098.9417418086196,3299.206813754001
11375.109965635738,1.0,3.88659096530581e-07,1.0,1.0,4.738071274101939e-05,4656,2.388468594690369e-05,512,113751,1.0,3.9050253915250035e-07,1.0,1.0,3.975741341198023e-05,4656,2.007395800369507e-05,3098.9821806076106,3299.4906200110017
11399.98969072165,1.0,1.240995191084661e-07,1.0,1.0,7.0247403506023165e-06,4656,3.5744199418875667e-06,512,113999,1.0,1.2392029552022394e-07,1.0,1.0,6.117161951040612e-06,4656,3.1205411303125936e-06,3105.3755873985974,3306.065101932003
11400.109965635738,1.0,1.2379227867147955e-07,1.0,1.0,6.94688100326179e-06,4656,3.5353366479988106e-06,512,114001,1.0,1.2368986519248403e-07,1.0,1.0,6.052309265552262e-06,4656,3.087999572404548e-06,3105.415200118605,3306.348162958002
11424.98969072165,1.0,1.1920928173725289e-07,1.0,1.0,1.7191622399443383e-06,4656,9.191857647475598e-07,512,114249,1.0,1.1920928173725289e-07,1.0,1.0,1.609016793317568e-06,4656,8.641130414341746e-07,3111.731565147671,3312.8454111810024
11425.109965635738,1.0,1.1920928173725289e-07,1.0,1.0,1.713401531757422e-06,4656,9.163054106541017e-07,512,114251,1.0,1.1920928173725289e-07,1.0,1.0,1.6039729294770388e-06,4656,8.6159110951391e-07,3111.771213535667,3313.1282647029984
11449.98969072165,1.0,1.3211337032377752e-08,1.0,1.0,5.249201740767115e-07,4656,2.690657564335666e-07,512,114499,1.0,1.267366626765129e-08,1.0,1.0,5.054872164373123e-07,4656,2.590804422315037e-07,3118.1315957376682,3319.6696396680018
11450.109965635738,1.0,1.0830223743401097e-08,1.0,1.0,5.241264696144963e-07,4656,2.674783475091361e-07,512,114501,1.0,1.0241346336845981e-08,1.0,1.0,5.05128769260828e-07,4656,2.576850585801898e-07,3118.171294353666,3319.953647610997
11474.98969072165,1.0,1.8462588519481637e-07,1.0,1.0,0.0009050457850354644,4656,0.0004526152054673618,512,114749,1.0,1.8552200157332147e-07,1.0,1.0,0.0007427255479023629,4656,0.00037145553495978163,3124.5145886817227,3326.4774998489993
11475.109965635738,1.0,1.8849199402689713e-07,1.0,1.0,0.0008614446289350896,4656,0.00043081656047159046,512,114751,1.0,1.8923449018690895e-07,1.0,1.0,0.0007070134621100737,4656,0.00035360134830794384,3124.5542371427327,3326.761351625999
11499.98969072165,1.0,1.3111484241965898e-07,1.0,1.0,5.1448818558628614e-05,4656,2.5789966707556313e-05,512,114999,1.0,1.3057717165493252e-07,1.0,1.0,4.325698920336785e-05,4656,2.169378319454357e-05,3130.93638118773,3333.324003616999
11500.109965635738,1.0,1.2957864023472624e-07,1.0,1.0,5.054055261857731e-05,4656,2.5335065636438193e-05,512,115001,1.0,1.2919458968849305e-07,1.0,1.0,4.252021783431576e-05,4656,2.1324706219034303e-05,3130.9758895717277,3333.617534654997
11524.98969072165,1.0,6.81817666090896e-08,1.0,1.0,7.507437080004063e-06,4656,3.7878094268226643e-06,512,115249,1.0,6.961555531502683e-08,1.0,1.0,6.503744580530117e-06,4656,3.2866800714386593e-06,3137.345157365704,3340.1675119579995
11525.109965635738,1.0,6.943633172678468e-08,1.0,1.0,7.408685883014268e-06,4656,3.739061110886614e-06,512,115251,1.0,7.033244966799546e-08,1.0,1.0,6.424988915222054e-06,4656,3.2476606859611125e-06,3137.384502506695,3340.451208294002
11549.98969072165,1.0,1.1920928173725289e-07,1.0,1.0,1.925166477881295e-06,4656,1.0221878837160382e-06,512,115499,1.0,1.1920928173725289e-07,1.0,1.0,1.7797141093872744e-06,4656,9.494616869673825e-07,3143.7165819877227,3346.9648761280005
11550.109965635738,1.0,1.1920928173725289e-07,1.0,1.0,1.9148484698922415e-06,4656,1.0170288797215114e-06,512,115501,1.0,1.1920928173725289e-07,1.0,1.0,1.7711882622707698e-06,4656,9.451987759107755e-07,3143.756315249728,3347.2492110190033
11574.98969072165,1.0,2.017545223670541e-08,1.0,1.0,6.338113056186945e-07,4656,3.2699338049040563e-07,512,115749,1.0,2.055950239226218e-08,1.0,1.0,6.096417245757527e-07,4656,3.151006152420513e-07,3150.076829359732,3353.751184775003
11575.109965635738,1.0,9.831692713871228e-09,1.0,1.0,6.288954586269097e-07,4656,3.193635763052397e-07,512,115751,1.0,9.422038993227372e-09,1.0,1.0,6.047770843234656e-07,4656,3.0709956219552653e-07,3150.1167893307465,3354.035222237002
11599.98969072165,1.0,3.550931069185026e-07,1.0,1.0,0.02029332999920927,4656,0.010146842379750255,512,115999,1.0,3.5532353724624254e-07,1.0,1.0,0.016993102748779087,4656,0.00849672916418908,3156.470310162691,3360.570335234999
11600.109965635738,1.0,3.559892248597134e-07,0.9997852233676976,0.9997852233676976,0.016520817869717312,4656,0.008260586827071672,512,116001,1.0,3.565781023639376e-07,1.0,1.0,0.01369323599379497,4656,0.006846796298764416,3156.510211961682,3360.8544947060036
11624.98969072165,1.0,3.600089539102874e-07,1.0,1.0,9.510985614021414e-05,4656,4.773493256112657e-05,512,116249,1.0,3.6008576401953404e-07,1.0,1.0,7.781869959073378e-05,4656,3.908939269144101e-05,3162.8397161657012,3367.3660025410027
11625.109965635738,1.0,3.59880937061543e-07,1.0,1.0,9.30436313971621e-05,4656,4.6701756181176174e-05,512,116251,1.0,3.600345572800363e-07,1.0,1.0,7.616429464872351e-05,4656,3.826216461706612e-05,3162.8792142147104,3367.649639473002
11649.98969072165,1.0,1.2328021127650197e-07,1.0,1.0,9.960853382689028e-06,4656,5.04206680401494e-06,512,116499,1.0,1.2281935062102215e-07,1.0,1.0,8.653717445964922e-06,4656,4.388268405325148e-06,3169.1925651897436,3374.1437981969975
11650.109965635738,1.0,1.2307538431851094e-07,1.0,1.0,9.810102641857725e-06,4656,4.9665890201202935e-06,512,116501,1.0,1.2256331692353336e-07,1.0,1.0,8.52332108404449e-06,4656,4.322942207516187e-06,3169.23179498476,3374.4261400860014
11674.98969072165,1.0,1.1920928173725289e-07,1.0,1.0,2.2275416745365793e-06,4656,1.1733754820436803e-06,512,116749,1.0,1.1920928173725289e-07,1.0,1.0,2.0416872635886997e-06,4656,1.0804482765697405e-06,3175.5654813808105,3380.9408370409983
11675.109965635738,1.0,1.1920928173725289e-07,1.0,1.0,2.2290266699820142e-06,4656,1.1741179797663977e-06,512,116751,1.0,1.1920928173725289e-07,1.0,1.0,2.042506571420664e-06,4656,1.0808579304857225e-06,3175.6048148548252,3381.2233364239983
11699.98969072165,1.0,3.0544816203648625e-08,1.0,1.0,8.537696426033436e-07,4656,4.421572313568782e-07,512,116999,1.0,3.000714582959858e-08,1.0,1.0,8.212278534148586e-07,4656,4.256175013802725e-07,3181.896577903808,3387.696080409998
11700.109965635738,1.0,2.6883534720235326e-08,1.0,1.0,8.492122802929793e-07,4656,4.380479092646512e-07,512,117001,1.0,2.6653104392495415e-08,1.0,1.0,8.154414981024346e-07,4656,4.210473030055089e-07,3181.9361496387974,3387.979353020997
11724.98969072165,1.0,5.223086793922164e-09,1.0,1.0,2.0011592233018257e-07,4656,1.0266950487947696e-07,512,117249,1.0,4.762226333780548e-09,1.0,1.0,1.8833837380840386e-07,4656,9.655030029084769e-08,3188.2640735948116,3394.4882053
11725.109965635738,1.0,2.1762862455251553e-09,1.0,1.0,1.9983427588671086e-07,4656,1.010052811576828e-07,512,117251,1.0,2.125079493818759e-09,1.0,1.0,1.8744225430448742e-07,4656,9.478366699682219e-08,3188.303489063819,3394.770576521001
11749.98969072165,1.0,3.4206099171632314e-07,1.0,1.0,0.0005076743815977549,4656,0.00025400822130879996,512,117499,1.0,3.411392704053635e-07,1.0,1.0,0.00042226370039981663,4656,0.00021130241984917535,3194.637528812793,3401.2847821159994
11750.109965635738,1.0,3.445701219517133e-07,1.0,1.0,0.000493736022321629,4656,0.00024704029623585466,512,117501,1.0,3.43571590531507e-07,1.0,1.0,0.0004103518766431055,4656,0.00020534772413088284,3194.677509558798,3401.567931720001
11774.98969072165,1.0,1.321901839491119e-07,1.0,1.0,2.6260402223216914e-05,4656,1.3196296210615188e-05,512,117749,1.0,1.3162690981463656e-07,1.0,1.0,2.220154262253458e-05,4656,1.1166584773206782e-05,3200.974606462765,3408.0450547550026
11775.109965635738,1.0,1.314476862263944e-07,1.0,1.0,2.5988751670339262e-05,4656,1.3060099685315004e-05,512,117751,1.0,1.3052596491543476e-07,1.0,1.0,2.1864200423750065e-05,4656,1.0997363201364925e-05,3201.0150442807535,3408.3298501849968
11799.98969072165,1.0,4.329529121317909e-08,1.0,1.0,3.695428818288256e-06,4656,1.8693620582668053e-06,512,117999,1.0,4.091417821720974e-08,1.0,1.0,3.2606601468655457e-06,4656,1.6507871658621274e-06,3207.367837480775,3414.863770382999
11800.109965635738,1.0,4.531795742334054e-08,1.0,1.0,3.669723085066963e-06,4656,1.8575205247612394e-06,512,118001,1.0,4.2962447406443656e-08,1.0,1.0,3.2372330635453214e-06,4656,1.6400977589919701e-06,3207.407373071783,3415.1471829280017
11824.98969072165,1.0,4.3448911431672364e-08,1.0,1.0,1.159601544207634e-06,4656,6.01525231335741e-07,512,118249,1.0,4.3448911431672364e-08,1.0,1.0,1.0940057109110057e-06,4656,5.687273146874268e-07,3213.760771613739,3421.681630203999
11825.109965635738,1.0,4.014607751541979e-08,1.0,1.0,1.1723776257123247e-06,4656,6.062618547392836e-07,512,118251,1.0,3.9557200792548406e-08,1.0,1.0,1.1023780128188893e-06,4656,5.709676095404538e-07,3213.800447716738,3421.9644840479996
11849.98969072165,1.0,6.503255037193359e-09,1.0,1.0,3.6530882331960326e-07,4656,1.8590603961790927e-07,512,118499,1.0,6.836098843928788e-09,1.0,1.0,3.50740505932491e-07,4656,1.7878830282772087e-07,3220.1708038436664,3428.5153835440033
11850.109965635738,1.0,5.7863608795629526e-09,1.0,1.0,3.5903599773112787e-07,4656,1.8241117964718727e-07,512,118501,1.0,5.811964298146384e-09,1.0,1.0,3.441348365372802e-07,4656,1.749734007351379e-07,3220.2102614916694,3428.7977185539967
11874.98969072165,1.0,2.635610600662597e-07,1.0,1.0,0.0006402206392734731,4656,0.000320242100180834,512,118749,1.0,2.64559591486466e-07,1.0,1.0,0.0005484446883201599,4656,0.0002743546239698875,3226.5745287686186,3435.342188949002
11875.109965635738,1.0,2.6374028365450185e-07,1.0,1.0,0.0006219534478646374,4656,0.00031110859408821026,512,118751,1.0,2.6479002181420587e-07,1.0,1.0,0.0005325841048533973,4656,0.00026642444745167014,3226.6140015816163,3435.6251892670007
11899.98969072165,1.0,1.462976406807443e-07,1.0,1.0,3.749378668816434e-05,4656,1.8820042171454716e-05,512,118999,1.0,1.4673289796647525e-07,1.0,1.0,3.1716531923495206e-05,4656,1.593163241776302e-05,3232.9705652555385,3442.1620366270035
11900.109965635738,1.0,1.446078182773183e-07,1.0,1.0,3.6866101676348556e-05,4656,1.8505354754345115e-05,512,119001,1.0,1.4517109241179363e-07,1.0,1.0,3.1217335422500914e-05,4656,1.568125326448853e-05,3233.010088382547,3442.445048771002
11924.98969072165,1.0,1.1920928173725289e-07,1.0,1.0,4.962174739141363e-06,4656,2.540692014346072e-06,512,119249,1.0,1.1920928173725289e-07,1.0,1.0,4.392913066625237e-06,4656,2.256061178088009e-06,3239.3764636595333,3448.992995345001
11925.109965635738,1.0,1.1920928173725289e-07,1.0,1.0,4.939874404116415e-06,4656,2.5295418468335982e-06,512,119251,1.0,1.1920928173725289e-07,1.0,1.0,4.368539058676956e-06,4656,2.2438741741138687e-06,3239.416259503527,3449.2765290569987
11949.98969072165,1.0,5.919498382723303e-08,1.0,1.0,1.4350677492765908e-06,4656,7.471313700679997e-07,512,119499,1.0,5.9579034373466215e-08,1.0,1.0,1.360741366921921e-06,4656,7.101602041637813e-07,3245.7549830144744,3455.797161518003
11950.109965635738,1.0,5.88621400204976e-08,1.0,1.0,1.434197234705129e-06,4656,7.465296908789011e-07,512,119501,1.0,5.93486040457263e-08,1.0,1.0,1.3604853332244322e-06,4656,7.099169721511669e-07,3245.7946340694725,3456.081207523999
11974.98969072165,1.0,1.4081851213163223e-08,1.0,1.0,4.202536548006979e-07,4656,2.171677540812907e-07,512,119749,1.0,1.3544180839113179e-08,1.0,1.0,4.0676067894303857e-07,4656,2.1015243077009783e-07,3252.152873129413,3462.620911490998
11975.109965635738,1.0,5.632740612235125e-09,1.0,1.0,4.1856383239727183e-07,4656,2.1209828687101264e-07,512,119751,1.0,5.632740514566021e-09,1.0,1.0,4.0381629142191745e-07,4656,2.0472451638333545e-07,3252.192431228421,3462.9042990620037
11999.98969072165,1.0,3.6523202258659067e-07,1.0,1.0,0.0007070405440744256,4656,0.00035370288807194667,512,119999,1.0,3.6536005193698044e-07,1.0,1.0,0.000583017366551042,4656,0.00029169136331867924,3258.5444554803507,3469.4378142930036
12000.109965635738,1.0,3.651808158470929e-07,1.0,1.0,0.0006868535735967642,4656,0.0003436093772297463,512,120001,1.0,3.653088451974827e-07,1.0,1.0,0.0005660901467005411,4656,0.0002832277277900591,3258.5847466423475,3469.7323294869966
12024.98969072165,1.0,1.279144212010491e-07,1.0,1.0,3.758771104987749e-05,4656,1.8857812742571447e-05,512,120249,1.0,1.2832407511703117e-07,1.0,1.0,3.1187801535442936e-05,4656,1.5658062812312156e-05,3264.9060092113323,3476.2332111000032
12025.109965635738,1.0,1.271975268480805e-07,1.0,1.0,3.684177847508712e-05,4656,1.848448800799978e-05,512,120251,1.0,1.2760718076406255e-07,1.0,1.0,3.059239237156418e-05,4656,1.5359999783196298e-05,3264.945543876336,3476.516511398997
12049.98969072165,1.0,1.1920928173725289e-07,1.0,1.0,4.849546065688441e-06,4656,2.484377677619611e-06,512,120499,1.0,1.1920928173725289e-07,1.0,1.0,4.2483828945047e-06,4656,2.1837960920277407e-06,3271.2615977673013,3483.0125772520005
12050.109965635738,1.0,1.1920928173725289e-07,1.0,1.0,4.798237012724849e-06,4656,2.4587231511378153e-06,512,120501,1.0,1.1920928173725289e-07,1.0,1.0,4.205778987255728e-06,4656,2.1624941384032548e-06,3271.3009612593123,3483.2954420869974
12074.98969072165,1.0,1.1920928173725289e-07,1.0,1.0,1.5222726766215284e-06,4656,8.207409830861548e-07,512,120749,1.0,1.1920928173725289e-07,1.0,1.0,1.4360406773270483e-06,4656,7.776249834389148e-07,3277.620138365379,3489.7954780300024
12075.109965635738,1.0,1.1920928173725289e-07,1.0,1.0,1.5287247007949553e-06,4656,8.239669951728683e-07,512,120751,1.0,1.1920928173725289e-07,1.0,1.0,1.4413149714953174e-06,4656,7.802621305230493e-07,3277.66034574038,3490.079562861003
12099.98969072165,1.0,2.0764329545591423e-08,1.0,1.0,4.6851600052651236e-07,4656,2.4464016669642664e-07,512,120999,1.0,2.086674282924873e-08,1.0,1.0,4.5108010572752565e-07,4656,2.3597342603643107e-07,3283.9326955733522,3496.5324098360034
12100.109965635738,1.0,2.406716414552773e-09,1.0,1.0,4.7064108021566934e-07,4656,2.3652389848603199e-07,512,121001,1.0,2.2530963303545168e-09,1.0,1.0,4.5492061118985756e-07,4656,2.2858685386387946e-07,3283.9720226073587,3496.8153809410032
12124.98969072165,1.0,3.386557435397222e-07,1.0,1.0,0.004725075720511761,4656,0.0023627071753400297,512,121249,1.0,3.379132458170047e-07,1.0,1.0,0.004022046565190214,4656,0.0020111921624219706,3290.277273543328,3503.301079975001
12125.109965635738,1.0,3.395262581111841e-07,1.0,1.0,0.0042827217439605604,4656,0.0021415305967183457,512,121251,1.0,3.3886057049771323e-07,1.0,1.0,0.003667656908330229,4656,0.0018339978460593731,3290.3178023063265,3503.5863086790014
12149.98969072165,1.0,3.5762784052364165e-07,1.0,1.0,0.00010065011091248686,4656,5.05038693905696e-05,512,121499,1.0,3.5762784052364165e-07,1.0,1.0,8.299270856011775e-05,4656,4.1675168214385045e-05,3296.6561336393825,3510.1064683230034
12150.109965635738,1.0,3.5762784052364165e-07,1.0,1.0,9.860378718867745e-05,4656,4.9480707528664895e-05,512,121501,1.0,3.5762784052364165e-07,1.0,1.0,8.134991314607797e-05,4656,4.0853770507365156e-05,3296.695937496388,3510.387496202002
12174.98969072165,1.0,1.1920928173725289e-07,1.0,1.0,1.0218394078519131e-05,4656,5.168801684034956e-06,512,121749,1.0,1.1920928173725289e-07,1.0,1.0,8.733931903269692e-06,4656,4.4265705964102364e-06,3302.974113163411,3516.8450584150014
12175.109965635738,1.0,1.1920928173725289e-07,1.0,1.0,1.0082186351744682e-05,4656,5.1006978206477315e-06,512,121751,1.0,1.1920928173725289e-07,1.0,1.0,8.61444217680963e-06,4656,4.366825733180206e-06,3303.0132168274176,3517.126908823
12199.98969072165,1.0,9.701116016497468e-08,1.0,1.0,2.1290201827790908e-06,4656,1.113015675378797e-06,512,121999,1.0,9.695995342547692e-08,1.0,1.0,1.937405138654167e-06,4656,1.017182549946586e-06,3309.284860876429,3523.5788693910035
12200.109965635738,1.0,9.708797027422132e-08,1.0,1.0,2.1306076667133936e-06,4656,1.1138478224005717e-06,512,122001,1.0,9.690874668597916e-08,1.0,1.0,1.9395046149735753e-06,4656,1.0182066847365413e-06,3309.324172576442,3523.861114889998
12224.98969072165,1.0,2.4604834812585084e-08,1.0,1.0,7.691506055964612e-07,4656,3.96877721962567e-07,512,122249,1.0,2.3887940459616468e-08,1.0,1.0,7.34662866544721e-07,4656,3.792754052602126e-07,3315.621085971401,3530.338145167003
12225.109965635738,1.0,1.5157193133292565e-08,1.0,1.0,7.678448337392683e-07,4656,3.9150101431530235e-07,512,122251,1.0,1.4645125738314983e-08,1.0,1.0,7.3422760925899e-07,4656,3.7443636837767443e-07,3315.660673494396,3530.620540063999
12249.98969072165,1.0,3.610074792750092e-09,1.0,1.0,1.8623889748899577e-07,4656,9.492448631179386e-08,512,122499,1.0,4.1477453621383445e-09,1.0,1.0,1.7717530459789254e-07,4656,9.066152524860549e-08,3321.959684532336,3537.099468188
12250.109965635738,1.0,3.405247834759059e-09,1.0,1.0,1.893112940453329e-07,4656,9.635827111096691e-08,512,122501,1.0,3.917315034398432e-09,1.0,1.0,1.7855788656433203e-07,4656,9.123760106795526e-08,3321.999002323322,3537.3815477360004
12274.98969072165,1.0,2.30174272164544e-07,1.0,1.0,0.00022255284775726984,4656,0.00011139151102565614,512,122749,1.0,2.3014866566938378e-07,1.0,1.0,0.0001847601873332897,4656,9.249516801198119e-05,3328.3135636213156,3543.8754154119997
12275.109965635738,1.0,2.2676902711335442e-07,1.0,1.0,0.0002174900902300766,4656,0.0001088584296379712,512,122751,1.0,2.265642001553634e-07,1.0,1.0,0.00018057216893356692,4656,9.039936657623737e-05,3328.352936036321,3544.157628951998
12299.98969072165,1.0,2.9059821148890055e-08,1.0,1.0,1.887252267859748e-05,4656,9.45079125163123e-06,512,122999,1.0,2.9034217779141175e-08,1.0,1.0,1.569650567191112e-05,4656,7.862769946603175e-06,3334.654801789289,3550.638311521998
12300.109965635738,1.0,2.982792224135643e-08,1.0,1.0,1.854496736789948e-05,4656,9.287397646828462e-06,512,123001,1.0,2.9930335720351945e-08,1.0,1.0,1.5435279891074114e-05,4656,7.732605115155276e-06,3334.694362918297,3550.9208168649966
12324.98969072165,1.0,4.662372928053337e-08,1.0,1.0,3.1078593862239794e-06,4656,1.5772415612683443e-06,512,123249,1.0,4.6034851776309154e-08,1.0,1.0,2.742628816953665e-06,4656,1.394331837881075e-06,3340.9922767943317,3557.3984627909995
12325.109965635738,1.0,4.995216734788766e-08,1.0,1.0,3.0772122526477345e-06,4656,1.5635822135138988e-06,512,123251,1.0,4.910725614617465e-08,1.0,1.0,2.7153356998112323e-06,4656,1.382221481494791e-06,3341.0317290553176,3557.680696676998
12349.98969072165,1.0,5.663464685234512e-08,1.0,1.0,1.0855822772734968e-06,4656,5.711084655790088e-07,512,123499,1.0,5.765878164230028e-08,1.0,1.0,1.026361833064084e-06,4656,5.420103108692799e-07,3347.329614275255,3564.158870575
12350.109965635738,1.0,5.1898023448802475e-08,1.0,1.0,1.0843788438854272e-06,4656,5.681384371832026e-07,512,123501,1.0,5.202604029754687e-08,1.0,1.0,1.0262082128455908e-06,4656,5.391171300876565e-07,3347.369023468247,3564.441437589998
12374.98969072165,1.0,2.3964750568863105e-08,1.0,1.0,3.2841436751146843e-07,4656,1.7618956079820963e-07,512,123749,1.0,2.4297594375598533e-08,1.0,1.0,3.141532936867541e-07,4656,1.692254457892202e-07,3353.693320048329,3570.945555410999
12375.109965635738,1.0,7.168942748333321e-09,1.0,1.0,3.276462695444134e-07,4656,1.6740760653704976e-07,512,123751,1.0,7.552993245731955e-09,1.0,1.0,3.141532936867541e-07,4656,1.6085314388133673e-07,3353.732659414334,3571.2276321240024
12399.98969072165,1.0,3.558100012714712e-07,1.0,1.0,0.0009937431548059602,4656,0.0004970494824176802,512,123999,1.0,3.556307776832291e-07,1.0,1.0,0.0008543675887011171,4656,0.0004273616097534645,3360.0600691382388,3577.7342275779993
12400.109965635738,1.0,3.561684484479555e-07,1.0,1.0,0.0009613485040328757,4656,0.00048085233625472614,512,124001,1.0,3.559892248597134e-07,1.0,1.0,0.0008255685407578741,4656,0.00041296226500543124,3360.0993359332315,3578.01609406
12424.98969072165,1.0,3.0375835057199993e-07,1.0,1.0,5.3304715619720135e-05,4656,2.6804236999210417e-05,512,124249,1.0,3.0511532916869055e-07,1.0,1.0,4.46620765318166e-05,4656,2.2483595944556993e-05,3366.3625046132256,3584.458290040002
12425.109965635738,1.0,2.9943138108443935e-07,1.0,1.0,5.229153747180688e-05,4656,2.629548444051001e-05,512,124251,1.0,3.0004586195841244e-07,1.0,1.0,4.379076905599779e-05,4656,2.2045407473042453e-05,3366.401732176211,3584.7411782969975
12449.98969072165,1.0,1.1920928173725289e-07,1.0,1.0,6.097290185648192e-06,4656,3.1082497375994868e-06,512,124499,1.0,1.1920928173725289e-07,1.0,1.0,5.204432723560463e-06,4656,2.661821006555622e-06,3372.675557488259,3591.1949441040015
12450.109965635738,1.0,1.1920928173725289e-07,1.0,1.0,6.037250083560745e-06,4656,3.0782296865557632e-06,512,124501,1.0,1.1920928173725289e-07,1.0,1.0,5.151357288117108e-06,4656,2.6352832888339445e-06,3372.7147643012613,3591.4781431690026
12474.98969072165,1.0,7.990810995407625e-08,1.0,1.0,1.5845655877090337e-06,4656,8.322368523476428e-07,512,124749,1.0,7.84999246178879e-08,1.0,1.0,1.4567025967143938e-06,4656,7.676012641822285e-07,3379.0349911182966,3597.9793476290033
12475.109965635738,1.0,7.97288863658341e-08,1.0,1.0,1.5761164756919037e-06,4656,8.279226845449566e-07,512,124751,1.0,7.844871787839014e-08,1.0,1.0,1.4495080498149587e-06,4656,7.639783873627621e-07,3379.074897726303,3598.2634668080027
12499.98969072165,1.0,1.5515639919100455e-08,1.0,1.0,5.940236690289364e-07,4656,3.0476965554837857e-07,512,124999,1.0,1.630934438131571e-08,1.0,1.0,5.676521981875908e-07,4656,2.919807723588134e-07,3385.4151200532906,3604.784791166003
12500.109965635738,1.0,2.0969156308244247e-08,1.0,1.0,5.89235838885896e-07,4656,3.0510249935511397e-07,512,125001,1.0,2.117398326623528e-08,1.0,1.0,5.632740219605325e-07,4656,2.922240043714278e-07,3385.454519895273,3605.0785704280024
12524.98969072165,1.0,2.6719673857060055e-07,0.7983247422680413,0.7983247422680413,0.6499997299561386,4656,0.32499999279009106,512,125249,1.0,2.669919116126095e-07,0.8324742268041238,0.8324742268041238,0.59961779093005,4656,0.2998090298315094,3391.78164518622,3611.5871296669975
12525.109965635738,1.0,2.906494252605738e-07,0.8264604810996563,0.8264604810996563,0.5828182508855341,4656,0.2914092729181768,512,125251,1.0,2.908030454790671e-07,0.8524484536082474,0.8524484536082474,0.5355944551553103,4656,0.26779737505306495,3391.821447850216,3611.870983179997
12549.98969072165,1.0,4.826490106213121e-07,1.0,1.0,0.00016096705583618678,4656,8.072485247966146e-05,512,125499,1.0,4.839035757390072e-07,1.0,1.0,0.00012971266073613232,4656,6.509828221219307e-05,3398.1320117701653,3618.362196263999
12550.109965635738,1.0,4.801142832669958e-07,1.0,1.0,0.00015711419834816168,4656,7.879715636884634e-05,512,125501,1.0,4.814200488733659e-07,1.0,1.0,0.00012665778187285993,4656,6.356960101712405e-05,3398.171409135157,3618.645638209997
12574.98969072165,1.0,1.440957508823407e-07,1.0,1.0,1.4801590288973244e-05,4656,7.472843026959968e-06,512,125749,1.0,1.4332764978987434e-07,1.0,1.0,1.2295879803668336e-05,4656,6.219603733761281e-06,3404.4803517191867,3625.135279256003
12575.109965635738,1.0,1.4186825771418823e-07,1.0,1.0,1.4597740659611844e-05,4656,7.369804465695192e-06,512,125751,1.0,1.409465364032286e-07,1.0,1.0,1.2133300806078868e-05,4656,6.137123678273224e-06,3404.5201015511884,3625.4190229889973
12599.98969072165,1.0,8.904851217307326e-08,1.0,1.0,2.6738327124581713e-06,4656,1.3814406162223866e-06,512,125999,1.0,8.610412230789365e-08,1.0,1.0,2.40789136098845e-06,4656,1.2469977467269654e-06,3410.818188088193,3631.8987967839967
12600.109965635738,1.0,9.025187055127059e-08,1.0,1.0,2.6562431974406913e-06,4656,1.3732475379027453e-06,512,126001,1.0,8.715386046759769e-08,1.0,1.0,2.3889192640045305e-06,4656,1.2380365673148576e-06,3410.858042421194,3632.1816417409973
12624.98969072165,1.0,3.366842692233546e-08,1.0,1.0,9.789443922891598e-07,4656,5.063064117544679e-07,512,126249,1.0,3.287472246012021e-08,1.0,1.0,9.332936340334899e-07,4656,4.830841678938799e-07,3417.151527212158,3638.656603090003
12625.109965635738,1.0,3.133852105654029e-08,1.0,1.0,9.785091350034288e-07,4656,5.049238297880285e-07,512,126251,1.0,3.0852056249958756e-08,1.0,1.0,9.319366429351539e-07,4656,4.813943329888085e-07,3417.1909941771337,3638.9391771810006
12649.98969072165,1.0,5.264563262550627e-07,0.9984965635738832,0.9984965635738832,0.08073280439344059,4656,0.04036666519453436,512,126499,1.0,5.24561670642823e-07,0.9995704467353952,0.9995704467353952,0.06830044792280164,4656,0.034150485320599215,3423.4905659611213,3645.419475011
12650.109965635738,1.0,5.486544165732275e-07,0.9991408934707904,0.9991408934707904,0.0764754924577536,4656,0.038238019468038766,512,126501,1.0,5.46708572973958e-07,0.9991408934707904,0.9991408934707904,0.06356902384676065,4656,0.03178478516254228,3423.5298701171305,3645.701788285998
12674.98969072165,1.0,6.624613576020591e-07,1.0,1.0,0.0001554135153153303,4656,7.80379884521064e-05,512,126749,1.0,6.645864310403934e-07,1.0,1.0,0.00012658516271519906,4656,6.362487469188537e-05,3429.837891240135,3652.189669119998
12675.109965635738,1.0,6.58185601104819e-07,1.0,1.0,0.0001521207539435105,4656,7.638946988482246e-05,512,126751,1.0,6.610275751469445e-07,1.0,1.0,0.00012398903382961283,4656,6.23250308148947e-05,3429.877409135126,3652.472216926999
12699.98969072165,1.0,2.2249325498905756e-07,1.0,1.0,1.664939028438168e-05,4656,8.435941783749719e-06,512,126999,1.0,2.231589426025284e-07,1.0,1.0,1.402502808291017e-05,4656,7.1240935268207e-06,3436.1810587920736,3658.955658308001
12700.109965635738,1.0,2.2054739888814275e-07,1.0,1.0,1.6393924861685517e-05,4656,8.307236144351181e-06,512,127001,1.0,2.2113627639236697e-07,1.0,1.0,1.380842737533485e-05,4656,7.014781839927959e-06,3436.220396636072,3659.237992405997
12724.98969072165,1.0,1.4040886251309076e-07,1.0,1.0,3.4308450704974947e-06,4656,1.7856269625985284e-06,512,127249,1.0,1.3920550569759912e-07,1.0,1.0,3.0919603436954857e-06,4656,1.6155829325100707e-06,3442.515891157087,3665.714878367002
12725.109965635738,1.0,1.4017843218535085e-07,1.0,1.0,3.396255243009539e-06,4656,1.768216846192326e-06,512,127251,1.0,1.388726618908637e-07,1.0,1.0,3.0641039274152867e-06,4656,1.6014883024666035e-06,3442.555415897081,3665.9983024990033
12749.98969072165,1.0,3.051921244322333e-08,1.0,1.0,1.1309001667191405e-06,4656,5.807096917299023e-07,512,127499,1.0,3.082645248953346e-08,1.0,1.0,1.0795142411380762e-06,4656,5.551703491578633e-07,3448.8575889921012,3672.482606262998
12750.109965635738,1.0,2.7241981896719636e-08,1.0,1.0,1.131463440853616e-06,4656,5.793527131332116e-07,512,127501,1.0,2.7216378526970757e-08,1.0,1.0,1.0776708860276746e-06,4656,5.524436340353666e-07,3448.8970506560836,3672.7654320449983
12774.98969072165,1.0,8.80192357689123e-07,1.0,1.0,0.003056881917301322,4656,0.0015288810421715897,512,127749,1.0,8.815237454177102e-07,1.0,1.0,0.0026349330071321468,4656,0.0013179072399729305,3455.2346738381057,3679.2840328229977
12775.109965635738,1.0,8.831879519497419e-07,1.0,1.0,0.0028122587199882953,4656,0.0014065709285105217,512,127751,1.0,8.851338205523021e-07,1.0,1.0,0.0024335234845217152,4656,0.0012172042709035972,3455.2744243721063,3679.567129029998
12799.98969072165,1.0,6.339905292069366e-07,1.0,1.0,8.784326055820046e-05,4656,4.42386255999611e-05,512,127999,1.0,6.346306134506586e-07,1.0,1.0,7.431318221735381e-05,4656,3.7473906471659634e-05,3461.5762779050747,3686.048533609999
12800.109965635738,1.0,6.285370114504254e-07,1.0,1.0,8.621409973865727e-05,4656,4.342131843131125e-05,512,128001,1.0,6.281785642739411e-07,1.0,1.0,7.29626676714195e-05,4656,3.6795423174104125e-05,3461.6159332460775,3686.331447710003
12824.98969072165,1.0,1.563853683618027e-07,1.0,1.0,1.0733323950237272e-05,4656,5.444854666331712e-06,512,128249,1.0,1.563853683618027e-07,1.0,1.0,9.305266998676244e-06,4656,4.730826190551199e-06,3467.9261213090613,3692.8217585369966
12825.109965635738,1.0,1.5298012018520176e-07,1.0,1.0,1.0695764106855154e-05,4656,5.424372120552354e-06,512,128251,1.0,1.5246805279022418e-07,1.0,1.0,9.267118177776741e-06,4656,4.7097931223156574e-06,3467.96549583205,3693.104232324
12849.98969072165,1.0,1.2586615162113878e-07,1.0,1.0,2.803820870653486e-06,4656,1.464843518169488e-06,512,128499,1.0,1.260965819488787e-07,1.0,1.0,2.6096966712898814e-06,4656,1.3678966336515556e-06,3474.2042895560335,3699.5236460039996
12850.109965635738,1.0,1.2550770444465447e-07,1.0,1.0,2.794245160360824e-06,4656,1.4598764394349148e-06,512,128501,1.0,1.2573813477239438e-07,1.0,1.0,2.6013755761214956e-06,4656,1.3635568624791205e-06,3474.236810350023,3699.799459967002
12874.98969072165,1.0,2.562896960254025e-08,1.0,1.0,9.13886329770421e-07,4656,4.6975765144452453e-07,512,128749,1.0,2.53217291655537e-08,1.0,1.0,8.871052050130934e-07,4656,4.562134688473675e-07,3480.494155734046,3706.2371535890015
12875.109965635738,1.0,2.2863805669661303e-08,1.0,1.0,9.107371152913089e-07,4656,4.66800462238529e-07,512,128751,1.0,2.2735788820916908e-08,1.0,1.0,8.825222018280441e-07,4656,4.5262899708252437e-07,3480.5334942210575,3706.519469709001
12899.98969072165,1.0,1.1920928173725289e-07,0.4849656357388316,0.4849656357388316,2.2733360369180895,4656,1.13666803156797,512,128999,1.0,1.1920928173725289e-07,0.49226804123711343,0.49226804123711343,2.1598234406041934,4656,1.079911733411022,3486.8157455421133,3712.982348337002
12900.109965635738,1.0,1.1961892940241227e-07,0.4426546391752577,0.4426546391752577,2.0550322647356905,4656,1.0275162241303224,512,129001,1.0,1.1974694625115666e-07,0.4521048109965636,0.4521048109965636,1.9998498765873336,4656,0.9999250431650692,3486.855436521113,3713.2649745609997
12924.98969072165,1.0,3.372987649430316e-07,1.0,1.0,0.000241443037961152,4656,0.00012089016837711187,512,129249,1.0,3.35941786346341e-07,1.0,1.0,0.00020057887568609002,4656,0.00010045740875028253,3493.1498216071304,3719.7394059410035
12925.109965635738,1.0,3.368123009178029e-07,1.0,1.0,0.00023609091915010997,4656,0.00011821386573957824,512,129251,1.0,3.356601492791033e-07,1.0,1.0,0.00019613972503397474,4656,9.823769260569127e-05,3493.1906203801373,3720.0245660420005
12949.98969072165,1.0,1.2118073495709389e-07,1.0,1.0,1.8298766564552215e-05,4656,9.20997365678683e-06,512,129499,1.0,1.2138556191508492e-07,1.0,1.0,1.5480963103601205e-05,4656,7.801174339790319e-06,3499.547048441116,3726.5614164239996
12950.109965635738,1.0,1.2087349452010734e-07,1.0,1.0,1.799409026504075e-05,4656,9.057481886812603e-06,512,129501,1.0,1.2112952821759613e-07,1.0,1.0,1.5217330005928824e-05,4656,7.669229674092222e-06,3499.586823535119,3726.845728384
12974.98969072165,1.0,6.244661178534067e-08,1.0,1.0,2.8741785306707537e-06,4656,1.468312574744135e-06,512,129749,1.0,6.367557353328688e-08,1.0,1.0,2.610285498787524e-06,4656,1.3369805396764933e-06,3505.907034987151,3733.347571196002
12975.109965635738,1.0,6.234419830634516e-08,1.0,1.0,2.8426863858796322e-06,4656,1.4525152956090766e-06,512,129751,1.0,6.336833309630033e-08,1.0,1.0,2.5897772496252536e-06,4656,1.3265727948768647e-06,3505.946411234141,3733.630573143
12999.98969072165,1.0,3.438532127530408e-08,1.0,1.0,1.015352384072066e-06,4656,5.248688548224053e-07,512,129999,1.0,3.5230231304987834e-08,1.0,1.0,9.716218285409804e-07,4656,5.034260326577191e-07,3512.260936983188,3740.125787052002
13000.109965635738,1.0,3.6382382162334556e-08,1.0,1.0,1.018322374962936e-06,4656,5.273523816880466e-07,512,130001,1.0,3.740651773364256e-08,1.0,1.0,9.748734564990882e-07,4656,5.061399898511002e-07,3512.3002982881844,3740.4186519890027
13024.98969072165,1.0,9.242815600323427e-09,1.0,1.0,2.6975707554548846e-07,4656,1.394999460124169e-07,512,130249,1.0,8.781954749505392e-09,1.0,1.0,2.581075423097484e-07,4656,1.33444749066807e-07,3518.614380714145,3746.9136517109982
13025.109965635738,1.0,1.5182796503041445e-08,1.0,1.0,2.7167732827665436e-07,4656,1.4343006326886985e-07,512,130251,1.0,1.4670729108063862e-08,1.0,1.0,2.594389175366902e-07,4656,1.3705482420139895e-07,3518.6545561041457,3747.1986668069985
13049.98969072165,1.0,2.4896713930939857e-07,1.0,1.0,0.00036216874789331375,4656,0.00018120885753037595,512,130499,1.0,2.485574853934165e-07,1.0,1.0,0.0003147757775390271,4656,0.00015751216752627462,3524.969071616146,3753.6934748480016
13050.109965635738,1.0,2.4922317300688736e-07,1.0,1.0,0.00035241249423870923,4656,0.00017633085871992241,512,130501,1.0,2.486855022421609e-07,1.0,1.0,0.0003063549572454695,4656,0.0001533018213879202,3525.0088214321477,3753.9771228729987
13074.98969072165,1.0,1.331887153693182e-07,1.0,1.0,2.8288743580304264e-05,4656,1.4210966154868967e-05,512,130749,1.0,1.3252302775584733e-07,1.0,1.0,2.4190754629671574e-05,4656,1.2161638835745885e-05,3531.32516604818,3760.473559686001
13075.109965635738,1.0,1.3234380416760518e-07,1.0,1.0,2.7844826754861067e-05,4656,1.3988585286546512e-05,512,130751,1.0,1.318317367726276e-07,1.0,1.0,2.3821976093440942e-05,4656,1.197690392213896e-05,3531.364620189186,3760.755832578998
13099.98969072165,1.0,6.252342189458731e-08,1.0,1.0,4.4171330543023716e-06,4656,2.2398282416145673e-06,512,130999,1.0,6.088480623065905e-08,1.0,1.0,3.91643675591451e-06,4656,1.9886607845886724e-06,3537.6268623311953,3767.198038929997
13100.109965635738,1.0,6.219057808785188e-08,1.0,1.0,4.370279087688249e-06,4656,2.2162348364041383e-06,512,131001,1.0,6.060316916342138e-08,1.0,1.0,3.877647750758121e-06,4656,1.969125463476859e-06,3537.666763117184,3767.481015305002
13124.98969072165,1.0,5.770998838179804e-08,1.0,1.0,1.3272265809239288e-06,4656,6.924682881689512e-07,512,131249,1.0,5.704430076832718e-08,1.0,1.0,1.2551531950939972e-06,4656,6.560987514472499e-07,3543.926668361095,3773.921573727999
13125.109965635738,1.0,5.765878164230028e-08,1.0,1.0,1.3246150247078977e-06,4656,6.911369066911868e-07,512,131251,1.0,5.732593783556485e-08,1.0,1.0,1.2536169679057736e-06,4656,6.55471456386757e-07,3543.96668636311,3774.204979332997
13149.98969072165,1.0,1.3620990948359818e-08,1.0,1.0,4.326456795083327e-07,4656,2.231333361073682e-07,512,131499,1.0,1.3364957250871026e-08,1.0,1.0,4.1710444032158575e-07,4656,2.1523469966525033e-07,3550.2363130111225,3780.655215502
13150.109965635738,1.0,7.501786457399646e-09,1.0,1.0,4.2762742528837507e-07,4656,2.1756460631239833e-07,512,131501,1.0,7.271356129659733e-09,1.0,1.0,4.12188593329801e-07,4656,2.0972997516924131e-07,3550.2757438231165,3780.937475210001
13174.98969072165,1.0,4.744815919288239e-07,1.0,1.0,0.001615534123686171,4656,0.0008080043026671786,512,131749,1.0,4.7281737289514677e-07,1.0,1.0,0.001387739957300658,4656,0.0006941063873649053,3556.534811027119,3787.3764980700034
13175.109965635738,1.0,4.747888323658104e-07,1.0,1.0,0.0015477803871803677,4656,0.0007741275880344954,512,131751,1.0,4.729965964833889e-07,1.0,1.0,0.0013303292908824187,4656,0.0006654011437675797,3556.574108437122,3787.6584439239996
13199.98969072165,1.0,3.538385418008075e-07,1.0,1.0,6.822487211360555e-05,4656,3.428935534176753e-05,512,131999,1.0,3.5353130136382095e-07,1.0,1.0,5.641209259245199e-05,4656,2.8382811960972257e-05,3562.8283964051116,3794.0914499719984
13200.109965635738,1.0,3.5148303178391063e-07,1.0,1.0,6.678277991481663e-05,4656,3.356713148736462e-05,512,132001,1.0,3.510477744981797e-07,1.0,1.0,5.519929537197568e-05,4656,2.7775171587301284e-05,3562.867716625111,3794.373539178003
13224.98969072165,1.0,1.1920928173725289e-07,1.0,1.0,7.653938461562356e-06,4656,3.886573825549987e-06,512,132249,1.0,1.1920928173725289e-07,1.0,1.0,6.552799986883409e-06,4656,3.336004638217095e-06,3569.1190875141365,3800.8043254179975
13225.109965635738,1.0,1.1920928173725289e-07,1.0,1.0,7.556287909432273e-06,4656,3.837748599491527e-06,512,132251,1.0,1.1920928173725289e-07,1.0,1.0,6.463726763645527e-06,4656,3.291468026598154e-06,3569.1585920161415,3801.086912486
13249.98969072165,1.0,8.605291791245441e-08,1.0,1.0,1.7887008171592585e-06,4656,9.373768714426207e-07,512,132499,1.0,8.602731532405837e-08,1.0,1.0,1.6504684364130317e-06,4656,8.682478793846328e-07,3575.4264961180997,3807.5353250220032
13250.109965635738,1.0,8.636015834944096e-08,1.0,1.0,1.7773330210039194e-06,4656,9.318465935834444e-07,512,132501,1.0,8.664179619803146e-08,1.0,1.0,1.6412257074452041e-06,4656,8.639337553377055e-07,3575.4665231150975,3807.818459717997
13274.98969072165,1.0,2.5552159493293612e-08,1.0,1.0,6.638952650736275e-07,4656,3.447237140415044e-07,512,132749,1.0,2.616664036726671e-08,1.0,1.0,6.351426808456362e-07,4656,3.3065466236449536e-07,3581.737077102025,3814.2696950319987
13275.109965635738,1.0,1.415866171308628e-08,1.0,1.0,6.587233843843539e-07,4656,3.36441023927742e-07,512,132751,1.0,1.380021473194018e-08,1.0,1.0,6.294843361311339e-07,4656,3.216422762128899e-07,3581.776497486022,3814.552035302
13299.98969072165,1.0,4.326969048049603e-09,1.0,1.0,1.634518937243763e-07,4656,8.388943160596845e-08,512,132999,1.0,3.9173151809020896e-09,1.0,1.0,1.5405546171465468e-07,4656,7.89863886431166e-08,3588.0439892381,3821.0003155549966
13300.109965635738,1.0,1.7154256388798833e-09,1.0,1.0,1.7732892169097448e-07,4656,8.952217373207469e-08,512,133001,1.0,1.6642188627562108e-09,1.0,1.0,1.672924038748252e-07,4656,8.447831145425117e-08,3588.083309972095,3821.2825836049997
13324.98969072165,1.0,1.207044588352307e-06,1.0,1.0,0.00024239065388019144,4656,0.00012179884957181629,512,133249,1.0,1.20307604103794e-06,1.0,1.0,0.00018817814918318154,4656,9.469061296215582e-05,3594.339082033159,3827.718578623997
13325.109965635738,1.0,1.2018215009235358e-06,1.0,1.0,0.0002361192876837917,4656,0.00011866055492990206,512,133251,1.0,1.1975457256738276e-06,1.0,1.0,0.0001833301383195464,4656,9.226384236640537e-05,3594.378861533154,3828.001592650002
13349.98969072165,1.0,3.532496642965833e-07,1.0,1.0,2.6380329007199643e-05,4656,1.3366789349812465e-05,512,133499,1.0,3.522767362461259e-07,1.0,1.0,2.0529109507773546e-05,4656,1.0440693136074187e-05,3600.64066064313,3834.4431200630024
13350.109965635738,1.0,3.50766137430942e-07,1.0,1.0,2.6089981393536546e-05,4656,1.3220373779548095e-05,512,133501,1.0,3.5002363970822455e-07,1.0,1.0,2.024635329324099e-05,4656,1.029818848053896e-05,3600.6800499241253,3834.7256252810002
13374.98969072165,1.0,6.661996105440798e-08,1.0,1.0,4.1735428945510245e-06,4656,2.120081431318804e-06,512,133749,1.0,6.63383239871703e-08,1.0,1.0,3.5411952690723834e-06,4656,1.8037668000458648e-06,3606.940806384144,3841.1661967360014
13375.109965635738,1.0,6.236980167609404e-08,1.0,1.0,4.1463775192211375e-06,4656,2.1043736639647036e-06,512,133751,1.0,6.172971743237206e-08,1.0,1.0,3.510676102338301e-06,4656,1.7862029134014244e-06,3606.980187484154,3841.448614062003
13399.98969072165,1.0,5.043863137311636e-08,1.0,1.0,1.2021799355983746e-06,4656,6.263092870018333e-07,512,133999,1.0,5.07714751798518e-08,1.0,1.0,1.1188153761976696e-06,4656,5.847934292048484e-07,3613.2387084991315,3847.8874995179976
13400.109965635738,1.0,5.3715862700972894e-08,1.0,1.0,1.195855915772047e-06,4656,6.247858927525977e-07,512,134001,1.0,5.3946293028712805e-08,1.0,1.0,1.1124913438696966e-06,4656,5.832188219652924e-07,3613.2779724681277,3848.1695572880017
13424.98969072165,1.0,1.1086257343220783e-08,1.0,1.0,3.8640599999267965e-07,4656,1.9874612954697218e-07,512,134249,1.0,1.1751944956691641e-08,1.0,1.0,3.690725186726885e-07,4656,1.90412232693712e-07,3619.570660180125,3854.6428780399983
13425.109965635738,1.0,5.709550623812658e-09,1.0,1.0,3.804404148411908e-07,4656,1.9307498314759543e-07,512,134251,1.0,6.375238286118068e-09,1.0,1.0,3.6397744809266155e-07,4656,1.8517634358006623e-07,3619.6102853971206,3854.9264000799994
13449.98969072165,1.0,4.648803157713488e-07,1.0,1.0,0.0019229862749371742,4656,0.0009617255776608523,512,134499,1.0,4.6242239852627914e-07,1.0,1.0,0.001470767627262168,4656,0.0007356150248616012,3625.935838855072,3861.4326395470016
13450.109965635738,1.0,4.649827292503443e-07,1.0,1.0,0.0017592221293662423,4656,0.0008798435560821258,512,134501,1.0,4.6252481200527466e-07,1.0,1.0,0.0013878676541072806,4656,0.0006941650894908971,3625.9752264000745,3861.7156679330037
13474.98969072165,1.0,3.55221123767247e-07,1.0,1.0,6.623040321459066e-05,4656,3.32928121832433e-05,512,134749,1.0,3.542225923470407e-07,1.0,1.0,5.1910097669182776e-05,4656,2.613216014482926e-05,3632.2781585701414,3868.199361875999
13475.109965635738,1.0,3.535825081033187e-07,1.0,1.0,6.47877525422991e-05,4656,3.257066753926556e-05,512,134751,1.0,3.520975126578837e-07,1.0,1.0,5.078189238214616e-05,4656,2.556699496146637e-05,3632.3180382741375,3868.483611833002
13499.98969072165,1.0,1.1920928173725289e-07,1.0,1.0,7.685399402246595e-06,4656,3.902304345898688e-06,512,134999,1.0,1.1920928173725289e-07,1.0,1.0,6.409524679920057e-06,4656,3.264366984735419e-06,3638.632020803143,3874.9795021599966
13500.109965635738,1.0,1.1920928173725289e-07,1.0,1.0,7.58687863558454e-06,4656,3.853043912561079e-06,512,135001,1.0,1.1920928173725289e-07,1.0,1.0,6.324163745269436e-06,4656,3.2216865174101085e-06,3638.6713310971427,3875.2730748830036
13524.98969072165,1.0,1.1920928173725289e-07,1.0,1.0,1.950078506640373e-06,4656,1.034643898095577e-06,512,135249,1.0,1.1920928173725289e-07,1.0,1.0,1.777486591215831e-06,4656,9.483479403833062e-07,3644.9646837421787,3881.7481515
13525.109965635738,1.0,1.1920928173725289e-07,1.0,1.0,1.9409637570163535e-06,4656,1.0300865232835674e-06,512,135251,1.0,1.1920928173725289e-07,1.0,1.0,1.7719818417165312e-06,4656,9.455955656336562e-07,3645.004184246176,3882.031490780999
13549.98969072165,1.0,2.9392664564949065e-08,1.0,1.0,6.589538147120938e-07,4656,3.4417324159190355e-07,512,135499,1.0,2.9367061585876603e-08,1.0,1.0,6.293563192823896e-07,4656,3.2936169219217693e-07,3651.3025848412253,3888.511657017003
13550.109965635738,1.0,2.358070002262992e-08,1.0,1.0,6.545244317455377e-07,4656,3.390525676421277e-07,512,135501,1.0,2.4041560678109742e-08,1.0,1.0,6.262071048032774e-07,4656,3.2512433449873743e-07,3651.3430460802156,3888.7963392369966
13574.98969072165,1.0,1.3339354232730924e-07,1.0,1.0,0.0005839303315095475,4656,0.0002920318625329696,512,135749,1.0,1.3331672909265124e-07,1.0,1.0,0.00047046876803706194,4656,0.00023530104239167217,3657.6293274392774,3895.2626686859985
13575.109965635738,1.0,1.347761242937487e-07,1.0,1.0,0.000570066670064664,4656,0.00028510072310151106,512,135751,1.0,1.346993110590907e-07,1.0,1.0,0.00045912111133234606,4656,0.00022962790533029745,3657.6688639742897,3895.545187970998
13599.98969072165,1.0,1.2991148091605033e-07,1.0,1.0,4.0138503968638855e-05,4656,2.0134207733372334e-05,512,135999,1.0,1.2901536297483956e-07,1.0,1.0,3.2965347484471055e-05,4656,1.6547181432317828e-05,3663.9511805101392,3902.0077219210034
13600.109965635738,1.0,1.290921730840862e-07,1.0,1.0,3.945065423833443e-05,4656,1.978987321430414e-05,512,136001,1.0,1.2842648547061534e-07,1.0,1.0,3.235918610545573e-05,4656,1.6243806304058053e-05,3663.9906020891394,3902.2899948529994
13624.98969072165,1.0,1.2051504734362303e-07,1.0,1.0,5.763222717862461e-06,4656,2.9418688896352174e-06,512,136249,1.0,1.2036142712512976e-07,1.0,1.0,5.129160066663297e-06,4656,2.624760753926389e-06,3670.2942368081167,3908.7735025949987
13625.109965635738,1.0,1.2051504734362303e-07,1.0,1.0,5.696526339719283e-06,4656,2.9085207005636287e-06,512,136251,1.0,1.2036142712512976e-07,1.0,1.0,5.0803348906114185e-06,4656,2.60034816590045e-06,3670.3341143081016,3909.056541353999
13649.98969072165,1.0,1.1920928173725289e-07,1.0,1.0,1.8167877137737791e-06,4656,9.6799850166228e-07,512,136499,1.0,1.1920928173725289e-07,1.0,1.0,1.7285074949059698e-06,4656,9.238583922283755e-07,3676.6678210071586,3915.571872687997
13650.109965635738,1.0,1.1920928173725289e-07,1.0,1.0,1.84052203753099e-06,4656,9.798656635408856e-07,512,136501,1.0,1.1920928173725289e-07,1.0,1.0,1.7373662608390822e-06,4656,9.282877751949317e-07,3676.7073505831613,3915.854543741003
13674.98969072165,1.0,1.262245952815353e-08,1.0,1.0,5.001105087900476e-07,4656,2.5636648503812254e-07,512,136749,1.0,1.234082246091586e-08,1.0,1.0,4.820857364868368e-07,4656,2.4721328035289827e-07,3683.074658175199,3922.403169838999
13675.109965635738,1.0,7.604199741056953e-09,1.0,1.0,4.947081977730341e-07,4656,2.5115619929422564e-07,512,136751,1.0,7.143339280915337e-09,1.0,1.0,4.787317013005563e-07,4656,2.4293751760483544e-07,3683.1144688571985,3922.6864648299997
13699.98969072165,1.0,6.653034504098159e-07,1.0,1.0,0.0008855783524586982,4656,0.00044312182801081143,512,136999,1.0,6.617189786449728e-07,1.0,1.0,0.0007241934832326325,4656,0.00036242760116189616,3689.453109395199,3929.206903328002
13700.109965635738,1.0,6.650986234518248e-07,1.0,1.0,0.0008624788258493561,4656,0.00043157196229266136,512,137001,1.0,6.617701853844705e-07,1.0,1.0,0.0007044780628173213,4656,0.00035256991655761025,3689.4924749741804,3929.4898724990016
13724.98969072165,1.0,3.5867757868334567e-07,1.0,1.0,4.963756257290488e-05,4656,2.4998120089858464e-05,512,137249,1.0,3.5911283596907664e-07,1.0,1.0,4.108615109178516e-05,4656,2.072263197794147e-05,3695.8355808152155,3936.013168182999
13725.109965635738,1.0,3.586263719438479e-07,1.0,1.0,4.8721677230037366e-05,4656,2.454015181505496e-05,512,137251,1.0,3.5908723259932773e-07,1.0,1.0,4.032973873771445e-05,4656,2.034441299922124e-05,3695.875083769217,3936.295597954999
13749.98969072165,1.0,1.1920928173725289e-07,1.0,1.0,6.209202664840288e-06,4656,3.1642059771955347e-06,512,137499,1.0,1.1920928173725289e-07,1.0,1.0,5.422982337638173e-06,4656,2.771095813594477e-06,3702.208727284229,3942.8100622610036
13750.109965635738,1.0,1.1920928173725289e-07,1.0,1.0,6.128808883934112e-06,4656,3.1240090867424466e-06,512,137501,1.0,1.1920928173725289e-07,1.0,1.0,5.354468170249406e-06,4656,2.7368387299000936e-06,3702.248188485235,3943.0924422179996
13774.98969072165,1.0,1.1920928173725289e-07,1.0,1.0,1.7013423321040546e-06,4656,9.102758045765952e-07,512,137749,1.0,1.1920928173725289e-07,1.0,1.0,1.6034352587123123e-06,4656,8.613222741315468e-07,3708.5827446661824,3949.6081257649967
13775.109965635738,1.0,1.1920928173725289e-07,1.0,1.0,1.6893343641934757e-06,4656,9.042718268721285e-07,512,137751,1.0,1.1920928173725289e-07,1.0,1.0,1.5929890838547697e-06,4656,8.560991867027755e-07,3708.6222558221816,3949.8908440330015
13799.98969072165,1.0,1.3339353881122147e-08,1.0,1.0,5.796089718603173e-07,4656,2.964741637497417e-07,512,137999,1.0,1.35185774693643e-08,1.0,1.0,5.628643680445504e-07,4656,2.881914736359793e-07,3714.9549750602273,3956.4050417200015
13800.109965635738,1.0,2.4579231442836205e-08,1.0,1.0,5.732849395323442e-07,4656,2.989320872456341e-07,512,138001,1.0,2.5040092098316028e-08,1.0,1.0,5.562843020190885e-07,4656,2.9066219881674614e-07,3714.99499979123,3956.688659661999
13824.98969072165,1.0,5.931787578272233e-07,1.0,1.0,0.00860905647277832,4656,0.004304824774617592,512,138249,1.0,5.938444454406942e-07,1.0,1.0,0.006951751117034466,4656,0.0034761724551928413,3721.32984975832,3963.204448638
13825.109965635738,1.0,5.963023689365866e-07,1.0,1.0,0.007413304446079477,4656,0.0037069503742804643,512,138251,1.0,5.967888329618153e-07,1.0,1.0,0.005974286047044079,4656,0.0029874413795897233,3721.369898988316,3963.4882777659986
13849.98969072165,1.0,5.709550328851962e-07,1.0,1.0,0.00011905867772823346,4656,5.981481643681674e-05,512,138499,1.0,5.713902901709272e-07,1.0,1.0,9.958944651474248e-05,4656,5.0080418458714106e-05,3727.7045828912997,3970.0034160649993
13850.109965635738,1.0,5.645541904479765e-07,1.0,1.0,0.00011649335609729757,4656,5.852895520013018e-05,512,138501,1.0,5.658087555656715e-07,1.0,1.0,9.73794612508664e-05,4656,4.897263505947344e-05,3727.7443962722937,3970.2865159910034
13874.98969072165,1.0,1.254821010749056e-07,1.0,1.0,1.1384686578346795e-05,4656,5.755084346743026e-06,512,138749,1.0,1.2540529096565896e-07,1.0,1.0,9.806907521336758e-06,4656,4.9661564131833845e-06,3734.065336851385,3976.7874274530004
13875.109965635738,1.0,1.238434854109773e-07,1.0,1.0,1.1199551612087542e-05,4656,5.6616975557814345e-06,512,138751,1.0,1.242275359572105e-07,1.0,1.0,9.660406439817956e-06,4656,4.8923169949197585e-06,3734.1049074163857,3977.0701357370017
13899.98969072165,1.0,1.0768776535025727e-07,1.0,1.0,2.2132549942167045e-06,4656,1.1604713836902452e-06,512,138999,1.0,1.07534145131764e-07,1.0,1.0,2.048139312765417e-06,4656,1.0778367328553548e-06,3740.438584271349,3983.585084426002
13900.109965635738,1.0,1.0676604403929762e-07,1.0,1.0,2.1972016813841574e-06,4656,1.1519838666184917e-06,512,139001,1.0,1.0648440697205995e-07,1.0,1.0,2.0293208359999907e-06,4656,1.0679026253927896e-06,3740.478603821346,3983.869303743002
13924.98969072165,1.0,2.9930335720351945e-08,1.0,1.0,8.15211061523872e-07,4656,4.2257070038015585e-07,512,139249,1.0,2.9520681804369877e-08,1.0,1.0,7.90785453034264e-07,4656,4.1015306917736083e-07,3746.8192385914263,3990.3915326520037
13925.109965635738,1.0,3.5742298699965415e-08,1.0,1.0,8.151086542956992e-07,4656,4.254254792325672e-07,512,139251,1.0,3.5332645565336185e-08,1.0,1.0,7.904014024880308e-07,4656,4.12867026370742e-07,3746.8592203514236,3990.6756341089967
13949.98969072165,1.0,1.8434424143724504e-09,1.0,1.0,1.9294697567508508e-07,4656,9.739520914850218e-08,512,139499,1.0,2.150682839150362e-09,1.0,1.0,1.8332011333762354e-07,4656,9.27353981982647e-08,3753.197945289354,3997.1960978489988
13950.109965635738,1.0,3.840505047238176e-09,1.0,1.0,1.9202525436412543e-07,4656,9.793287991322866e-08,512,139501,1.0,3.6612814345787457e-09,1.0,1.0,1.8237278553150367e-07,4656,9.301703370279669e-08,3753.2381555623397,3997.4805280559995
13974.98969072165,1.0,2.650204521419458e-07,1.0,1.0,0.0008882012896726222,4656,0.0004442331550764464,512,139749,1.0,2.6486683192345253e-07,1.0,1.0,0.0007745108832813211,4656,0.0003873878750706866,3759.57484394938,4003.9985128570006
13975.109965635738,1.0,2.651228656209413e-07,1.0,1.0,0.00086262703735599,4656,0.0004314460801248698,512,139751,1.0,2.649948487721969e-07,1.0,1.0,0.0007519904280855893,4656,0.0003761277114812451,3759.6151690683873,4004.2830257299975
13999.98969072165,1.0,1.3390560972228682e-07,1.0,1.0,4.795520795233983e-05,4656,2.4044556788063235e-05,512,139999,1.0,1.3362397265504915e-07,1.0,1.0,4.049014904987566e-05,4656,2.0311886518297532e-05,3765.959831834338,4010.808479853
14000.109965635738,1.0,1.3239501090710293e-07,1.0,1.0,4.707983634162605e-05,4656,2.360611568329875e-05,512,140001,1.0,1.31959753621372e-07,1.0,1.0,3.9750404489511476e-05,4656,1.99411821285986e-05,3765.9992970783314,4011.102188585999
14024.98969072165,1.0,3.5665488981395195e-08,1.0,1.0,5.806107162033877e-06,4656,2.9208863280470326e-06,512,140249,1.0,3.4154891728917e-08,1.0,1.0,5.04756212727362e-06,4656,2.540858511259312e-06,3772.3537930043276,4017.638269384999
14025.109965635738,1.0,3.5691092351144074e-08,1.0,1.0,5.710197539033554e-06,4656,2.8729443182317458e-06,512,140251,1.0,3.420609846841476e-08,1.0,1.0,4.968857718711636e-06,4656,2.501531910348069e-06,3772.3933418333145,4017.921281592997
14049.98969072165,1.0,3.4052478249921485e-08,1.0,1.0,1.2611187302389044e-06,4656,6.475856060024569e-07,512,140499,1.0,3.466695834254175e-08,1.0,1.0,1.1769094221578763e-06,4656,6.057881923989294e-07,3778.738995376323,4024.448217264002
14050.109965635738,1.0,3.49229912586777e-08,1.0,1.0,1.2498020908164814e-06,4656,6.423625435769762e-07,512,140501,1.0,3.5230232477017086e-08,1.0,1.0,1.1663096270818404e-06,4656,6.007699319281491e-07,3778.7785194263306,4024.7307461679993
14074.98969072165,1.0,9.47324573272513e-09,1.0,1.0,4.4247737974272497e-07,4656,2.2597531327490513e-07,512,140749,1.0,8.83316148900315e-09,1.0,1.0,4.2363329960754994e-07,4656,2.1623323108545662e-07,3785.1107629943326,4031.2444613000007
14075.109965635738,1.0,2.2582168602423633e-08,1.0,1.0,4.429638437679537e-07,4656,2.3277300794323253e-07,512,140751,1.0,2.2454151753679235e-08,1.0,1.0,4.226859749268414e-07,4656,2.225700650983042e-07,3785.150286605309,4031.527135139
14099.98969072165,1.0,2.384441637188433e-07,0.7446305841924399,0.7446305841924399,0.7543712235807963,4656,0.37718572977072595,512,140999,1.0,2.384441574680206e-07,0.7549398625429553,0.7549398625429553,0.7233696639332984,4656,0.36168494994697703,3791.4764177783254,4038.0342737680003
14100.109965635738,1.0,2.3923785880482453e-07,0.7680412371134021,0.7680412371134021,0.6464991946400646,4656,0.32324971530036006,512,141001,1.0,2.392890655443223e-07,0.7841494845360825,0.7841494845360825,0.6188788397615308,4656,0.30943953786109324,3791.515990919306,4038.3174353750037
14124.98969072165,1.0,2.5956693438543454e-07,1.0,1.0,0.00016645966833809397,4656,8.335961765030406e-05,512,141249,1.0,2.5905486699045696e-07,1.0,1.0,0.00013747689061353296,4656,6.886797275432607e-05,3797.821567389361,4044.803394489001
14125.109965635738,1.0,2.5815874904924617e-07,1.0,1.0,0.00016292177710387716,4656,8.158996794052754e-05,512,141251,1.0,2.574162513265287e-07,1.0,1.0,0.00013446160896178784,4656,6.735951262062153e-05,3797.8609209343667,4045.0858063860032
14149.98969072165,1.0,1.1920928173725289e-07,1.0,1.0,1.4757639304430727e-05,4656,7.438424296990754e-06,512,141499,1.0,1.1920928173725289e-07,1.0,1.0,1.2037852343773515e-05,4656,6.078530816662148e-06,3804.1689492184196,4051.5741624620023
14150.109965635738,1.0,1.1920928173725289e-07,1.0,1.0,1.4553199597407146e-05,4656,7.3362044434789635e-06,512,141501,1.0,1.1920928173725289e-07,1.0,1.0,1.1877372322437638e-05,4656,5.998290805994209e-06,3804.2086691184268,4051.8573147769966
14174.98969072165,1.0,5.1104318986587225e-08,1.0,1.0,2.3116731723767297e-06,4656,1.1813887491977464e-06,512,141749,1.0,5.054104485211188e-08,1.0,1.0,2.0275029967478203e-06,4656,1.039022024316054e-06,3810.5184022974972,4058.3487958369988
14175.109965635738,1.0,5.020820104537645e-08,1.0,1.0,2.2864027214444584e-06,4656,1.1683054647610053e-06,512,141751,1.0,4.992656397813878e-08,1.0,1.0,2.006559440293237e-06,4656,1.0282430056517758e-06,3810.5583936014846,4058.6323352360014
14199.98969072165,1.0,4.897923929743026e-08,1.0,1.0,8.340550728999975e-07,4656,4.415171596148016e-07,512,141999,1.0,4.841596516295491e-08,1.0,1.0,7.910670901015016e-07,4656,4.1974153114831607e-07,3816.8804033084853,4065.137091364999
14200.109965635738,1.0,4.454985633087416e-08,1.0,1.0,8.359753381328088e-07,4656,4.402626007479292e-07,512,142001,1.0,4.380735860815667e-08,1.0,1.0,7.920912248914569e-07,4656,4.1794929526589454e-07,3816.920020003494,4065.4205006540033
14224.98969072165,1.0,3.482057895171144e-09,1.0,1.0,2.400827700065375e-07,4656,1.2178241414619256e-07,512,142249,1.0,3.635678113664419e-09,1.0,1.0,2.2835642666155088e-07,4656,1.1599605258294585e-07,3823.291309961456,4071.974315381998
14225.109965635738,1.0,6.3240314489512055e-09,1.0,1.0,2.3585821399797247e-07,4656,1.210911231629728e-07,512,142251,1.0,6.272824758287999e-09,1.0,1.0,2.2510479870344325e-07,4656,1.156888121459593e-07,3823.331657673454,4072.2585973060013
14249.98969072165,1.0,4.5812103865929014e-07,1.0,1.0,0.0006037529276306277,4656,0.00030210552436277217,512,142499,1.0,4.579162117012991e-07,1.0,1.0,0.0004832970740151979,4656,0.0002418774951415783,3829.7470680854203,4078.8551166220022
14250.109965635738,1.0,4.596060341047251e-07,1.0,1.0,0.0005875471019253289,4656,0.0002940033540078455,512,142501,1.0,4.5978525769296725e-07,1.0,1.0,0.0004701092007131511,4656,0.00023528449301355074,3829.7875503574287,4079.139391603003
14274.98969072165,1.0,5.643493634899854e-07,1.0,1.0,4.770838786748676e-05,4656,2.4136368671745778e-05,512,142749,1.0,5.629411781537971e-07,1.0,1.0,3.838552845341131e-05,4656,1.947423487203996e-05,3836.141612399424,4085.6740426549986
14275.109965635738,1.0,5.648102241454652e-07,1.0,1.0,4.691127215630513e-05,4656,2.37380412464827e-05,512,142751,1.0,5.635300556580213e-07,1.0,1.0,3.777138802424534e-05,4656,1.9167459096209086e-05,3836.181412879425,4085.956800600001
14299.98969072165,1.0,3.5806309780937257e-07,1.0,1.0,6.2212107452656754e-06,4656,3.289636935601875e-06,512,142999,1.0,3.579094775908793e-07,1.0,1.0,5.265906264307778e-06,4656,2.8119078850136794e-06,3842.503240567432,4092.4587845800015
14300.109965635738,1.0,3.5796068433037705e-07,1.0,1.0,6.134159788185302e-06,4656,3.2460602503221903e-06,512,143001,1.0,3.5788387422113044e-07,1.0,1.0,5.191503471896513e-06,4656,2.774693687123173e-06,3842.5426529214274,4092.741417196001
14324.98969072165,1.0,1.1920928173725289e-07,1.0,1.0,1.4551407661564213e-06,4656,7.871750278536013e-07,512,143249,1.0,1.1920928173725289e-07,1.0,1.0,1.334753959128454e-06,4656,7.269816243396176e-07,3848.9067453724747,4099.2874524000035
14325.109965635738,1.0,1.1920928173725289e-07,1.0,1.0,1.4501737249267841e-06,4656,7.846915072387827e-07,512,143251,1.0,1.1920928173725289e-07,1.0,1.0,1.3281995089743862e-06,4656,7.237043992625837e-07,3848.946308739465,4099.5702218080005
14349.98969072165,1.0,2.1378810224226312e-08,1.0,1.0,4.835963353020207e-07,4656,2.5248757452116735e-07,512,143499,1.0,2.1353207245153853e-08,1.0,1.0,4.619615378707993e-07,4656,2.4165737412068225e-07,3855.3376003974954,4106.143788224999
14350.109965635738,1.0,1.5182796307703236e-08,1.0,1.0,4.827002173608099e-07,4656,2.489415078109476e-07,512,143501,1.0,1.4977969545050412e-08,1.0,1.0,4.611166266690863e-07,4656,2.3804729898609028e-07,3855.380036744489,4106.4304253810005
14374.98969072165,1.0,1.2082228778060958e-07,0.5146048109965635,0.5146048109965635,1.4488467973532135,4656,0.7244234576667707,512,143749,1.0,1.2064306419236743e-07,0.530713058419244,0.530713058419244,1.3814047587286566,4656,0.6907024383544922,3861.829360951455,4113.0627110250025
14375.109965635738,1.0,1.2648063249511188e-07,0.5150343642611683,0.5150343642611683,1.354330764193715,4656,0.6771654410870215,512,143751,1.0,1.2637821901611636e-07,0.539733676975945,0.539733676975945,1.2933410828056204,4656,0.6466706003929741,3861.869152275449,4113.346905798997
14399.98969072165,1.0,3.520718811594327e-07,1.0,1.0,0.00023694279446839466,4656,0.00011864743320290575,512,143999,1.0,3.520974845291816e-07,1.0,1.0,0.00018563945185636328,4656,9.299577469857493e-05,3868.228635293428,4119.887968778003
14400.109965635738,1.0,3.4866663298283183e-07,1.0,1.0,0.00023114960320626748,4656,0.00011574913494775385,512,144001,1.0,3.489738734198184e-07,1.0,1.0,0.00018124296441930266,4656,9.079596917448994e-05,3868.2683217884223,4120.172040378002
14424.98969072165,1.0,1.1920928173725289e-07,1.0,1.0,1.7309567772645722e-05,4656,8.714388531098252e-06,512,144249,1.0,1.1920928173725289e-07,1.0,1.0,1.381735875082436e-05,4656,6.96828402018757e-06,3874.6313621464687,4126.716656569999
14425.109965635738,1.0,1.1920928173725289e-07,1.0,1.0,1.7100319632767505e-05,4656,8.609764461159143e-06,512,144251,1.0,1.1920928173725289e-07,1.0,1.0,1.3678794913954034e-05,4656,6.899002101752408e-06,3874.6709901184768,4127.000882707998
14449.98969072165,1.0,6.605668691993263e-08,1.0,1.0,2.6080832589430497e-06,4656,1.337069976447579e-06,512,144499,1.0,6.528858582746626e-08,1.0,1.0,2.3090882571670147e-06,4656,1.1871884250133282e-06,3881.004539604448,4133.515713948003
14450.109965635738,1.0,6.667116779390574e-08,1.0,1.0,2.5902889669741603e-06,4656,1.3284800709001207e-06,512,144501,1.0,6.626151387792366e-08,1.0,1.0,2.294161592616581e-06,4656,1.1802115567633403e-06,3881.044501449436,4133.800013156997
14474.98969072165,1.0,4.89280325579325e-08,1.0,1.0,8.479064834324956e-07,4656,4.4841726151130186e-07,512,144749,1.0,4.864639549069482e-08,1.0,1.0,8.062754917323358e-07,4656,4.274609471276031e-07,3887.404800201508,4140.342160445001
14475.109965635738,1.0,4.467787317961856e-08,1.0,1.0,8.451925512424052e-07,4656,4.4493521572709967e-07,512,144751,1.0,4.470347654936744e-08,1.0,1.0,8.038687749759413e-07,4656,4.242861292787421e-07,3887.4455574575004,4140.627403005001
14499.98969072165,1.0,7.092132541417579e-09,1.0,1.0,2.4863429550266317e-07,4656,1.2786321446155134e-07,512,144999,1.0,7.168942650664216e-09,1.0,1.0,2.366775218299366e-07,4656,1.2192323267981138e-07,3893.8159145804784,4147.179736686001
14500.109965635738,1.0,5.299896903168801e-09,1.0,1.0,2.466372326622506e-07,4656,1.259685651001343e-07,512,145001,1.0,5.018259884765683e-09,1.0,1.0,2.352181297542505e-07,4656,1.201181951125154e-07,3893.8563558434726,4147.4740990149985
14524.98969072165,1.0,4.111644647906685e-07,1.0,1.0,0.0011834709223398228,4656,0.00059194104342731,512,145249,1.0,4.0839930085778956e-07,1.0,1.0,0.0010077306341469492,4656,0.0005040695167489068,3900.237022474448,4154.036644194999
14525.109965635738,1.0,4.1303351078233664e-07,1.0,1.0,0.0011492778140654678,4656,0.0005748454238131284,512,145251,1.0,4.109852412024263e-07,1.0,1.0,0.0009782151463105506,4656,0.0004893130658008798,3900.276461164456,4154.319446215002
14549.98969072165,1.0,4.071191261195229e-07,1.0,1.0,5.2322404734355065e-05,4656,2.6364761958365998e-05,512,145499,1.0,4.0422595158872225e-07,1.0,1.0,4.353819501384632e-05,4656,2.197121050772081e-05,3906.661522038561,4160.8860921039995
14550.109965635738,1.0,4.013327708070989e-07,1.0,1.0,5.1285983527341656e-05,4656,2.584365817407767e-05,512,145501,1.0,3.992332944876908e-07,1.0,1.0,4.269763158435879e-05,4656,2.154843246442653e-05,3906.7012625185635,4161.168890944999
14574.98969072165,1.0,1.199517732091477e-07,1.0,1.0,6.581858161331196e-06,4656,3.3509049743023476e-06,512,145749,1.0,1.199517732091477e-07,1.0,1.0,5.722283829752471e-06,4656,2.921117808512985e-06,3913.059413337516,4167.708616077998
14575.109965635738,1.0,1.1987496309990106e-07,1.0,1.0,6.4887395056598275e-06,4656,3.3043072414120398e-06,512,145751,1.0,1.1974694625115666e-07,1.0,1.0,5.647445630035731e-06,4656,2.8835962951756196e-06,3913.099829968527,4167.992847924001
14599.98969072165,1.0,1.1920928173725289e-07,1.0,1.0,1.540963061528338e-06,4656,8.300861755395596e-07,512,145999,1.0,1.1920928173725289e-07,1.0,1.0,1.4279244091166536e-06,4656,7.735668493337174e-07,3919.457828679475,4174.533536885003
14600.109965635738,1.0,1.1920928173725289e-07,1.0,1.0,1.5418592044728395e-06,4656,8.305342470118104e-07,512,146001,1.0,1.1920928173725289e-07,1.0,1.0,1.4279756158561513e-06,4656,7.735924527034663e-07,3919.4982472434604,4174.818305468998
14624.98969072165,1.0,2.611543362776895e-08,1.0,1.0,5.289911098667833e-07,4656,2.7755327350532e-07,512,146249,1.0,2.6345863955508866e-08,1.0,1.0,5.077403129752136e-07,4656,2.670430902234051e-07,3925.870189313511,4181.373316018999
14625.109965635738,1.0,2.050829565276442e-08,1.0,1.0,5.258418953876711e-07,4656,2.7317509727826167e-07,512,146251,1.0,1.9356144404741278e-08,1.0,1.0,5.055384231768101e-07,4656,2.624472853534813e-07,3925.9100652005036,4181.657222375998
14649.98969072165,1.0,1.1920928173725289e-07,0.5689432989690721,0.5689432989690721,1.1670485296609885,4656,0.5835243238206581,512,146499,1.0,1.1920928173725289e-07,0.5983676975945017,0.5983676975945017,1.0800795407639336,4656,0.5400398293721307,3932.2709202953956,4188.201261152
14650.109965635738,1.0,1.1920928173725289e-07,0.5691580756013745,0.5691580756013745,1.0981237142766054,4656,0.5490619161284667,512,146501,1.0,1.1920928173725289e-07,0.5985824742268041,0.5985824742268041,1.0285521438441325,4656,0.5142761309122302,3932.3113154644125,4188.4857136699975
14674.98969072165,1.0,2.438976720991205e-07,1.0,1.0,0.00015699977688875396,4656,7.862183729449088e-05,512,146749,1.0,2.435392249226362e-07,1.0,1.0,0.0001267269605777108,4656,6.348524991538107e-05,3938.6643320074763,4195.020252708997
14675.109965635738,1.0,2.437184485108784e-07,1.0,1.0,0.00015390607051525738,4656,7.707489449594849e-05,512,146751,1.0,2.4341120807389184e-07,1.0,1.0,0.00012427663168137015,4656,6.226002145878638e-05,3938.703924995487,4195.303252237001
14699.98969072165,1.0,1.1920928173725289e-07,1.0,1.0,1.7928596445170463e-05,4656,9.023902867360622e-06,512,146999,1.0,1.1920928173725289e-07,1.0,1.0,1.4849365976898326e-05,4656,7.4842876332245535e-06,3945.060138634497,4201.8412522519975
14700.109965635738,1.0,1.1920928173725289e-07,1.0,1.0,1.7615449830851296e-05,4656,8.867329560201038e-06,512,147001,1.0,1.1920928173725289e-07,1.0,1.0,1.4601632371813674e-05,4656,7.360420830682228e-06,3945.1001357904934,4202.124532894002
14724.98969072165,1.0,7.440338545806724e-08,1.0,1.0,3.013895444301536e-06,4656,1.5441494183958895e-06,512,147249,1.0,7.529950339927801e-08,1.0,1.0,2.659648795663363e-06,4656,1.3674741530474084e-06,3951.4454019404548,4208.651165172003
14725.109965635738,1.0,7.496665959254258e-08,1.0,1.0,2.9879594057689573e-06,4656,1.5314630361968376e-06,512,147251,1.0,7.611881123124214e-08,1.0,1.0,2.637220243763345e-06,4656,1.3566695310133814e-06,3951.4850705164463,4208.934212208998
14749.98969072165,1.0,4.0427713801304624e-08,1.0,1.0,9.456088173777646e-07,4656,4.930182628547997e-07,512,147499,1.0,4.022288684331359e-08,1.0,1.0,8.951702664839904e-07,4656,4.676965801797398e-07,3957.840853026417,4215.471853084997
14750.109965635738,1.0,3.717608740590265e-08,1.0,1.0,9.446870835651595e-07,4656,4.90931588220266e-07,512,147501,1.0,3.730410308261779e-08,1.0,1.0,8.952982833327348e-07,4656,4.6630119652842583e-07,3957.880340211417,4215.755044000001
14774.98969072165,1.0,2.4323199063880327e-09,1.0,1.0,2.577490951332641e-07,4656,1.3009070762970382e-07,512,147749,1.0,2.6115434457956342e-09,1.0,1.0,2.415933688217214e-07,4656,1.2210245626805353e-07,3964.239216608392,4222.295799497999
14775.109965635738,1.0,2.8931804397814763e-09,1.0,1.0,2.5137385606579325e-07,4656,1.2713351842370828e-07,512,147751,1.0,2.9187838583649075e-09,1.0,1.0,2.3578140388872583e-07,4656,1.1935009402004902e-07,3964.278797797404,4222.578681784002
14799.98969072165,1.0,2.9269769484048413e-07,1.0,1.0,0.0005955094490776357,4656,0.00029790107340030243,512,147999,1.0,2.923904544034976e-07,1.0,1.0,0.0004901742863491229,4656,0.00024523333841582756,3970.6583044303734,4229.140021014999
14800.109965635738,1.0,2.945923442019012e-07,1.0,1.0,0.0005768975659027132,4656,0.0002885960791375219,512,148001,1.0,2.948227745296411e-07,1.0,1.0,0.00047492993118631883,4656,0.00023761237699448858,3970.69776715837,4229.4234219969985
14824.98969072165,1.0,2.2152033944024553e-07,1.0,1.0,3.291261454410467e-05,4656,1.6567067449585985e-05,512,148249,1.0,2.2134111585200338e-07,1.0,1.0,2.7077969026038124e-05,4656,1.3649655078758592e-05,3977.124081351347,4236.031058056
14825.109965635738,1.0,2.191136226838509e-07,1.0,1.0,3.234765018717325e-05,4656,1.628338191274208e-05,512,148251,1.0,2.1929284627209306e-07,1.0,1.0,2.6548459335419117e-05,4656,1.3383876098659133e-05,3977.1640583943627,4236.315568014001
14849.98969072165,1.0,1.1920928173725289e-07,1.0,1.0,4.8713340332789215e-06,4656,2.4952716614148514e-06,512,148499,1.0,1.1920928173725289e-07,1.0,1.0,4.162432332251131e-06,4656,2.140820810900956e-06,3983.517075905391,4242.850555975998
14850.109965635738,1.0,1.1920928173725289e-07,1.0,1.0,4.848009063398203e-06,4656,2.4836091764744923e-06,512,148501,1.0,1.1920928173725289e-07,1.0,1.0,4.133116623908409e-06,4656,2.126162956729595e-06,3983.5569119393804,4243.134400117004
14874.98969072165,1.0,8.38510281140508e-08,1.0,1.0,1.404702177757711e-06,4656,7.442766068426451e-07,512,148749,1.0,8.331335813067717e-08,1.0,1.0,1.2976802922337224e-06,4656,6.904968286982875e-07,3989.9233495044355,4249.684361199001
14875.109965635738,1.0,8.405585507204183e-08,1.0,1.0,1.4003752082701504e-06,4656,7.422155355778603e-07,512,148751,1.0,8.346697834917045e-08,1.0,1.0,1.2957088327630585e-06,4656,6.895879090722023e-07,3989.963250725439,4249.969225871999
14899.98969072165,1.0,2.2838202299912424e-08,1.0,1.0,4.855678072743297e-07,4656,2.5420300654516495e-07,512,148999,1.0,2.442561122434293e-08,1.0,1.0,4.6557161300539124e-07,4656,2.4499861387291095e-07,3996.355804385512,4256.545060790002
14900.109965635738,1.0,1.6155724162822434e-08,1.0,1.0,4.809848040892803e-07,4656,2.4857025894958883e-07,512,149001,1.0,1.7256669452700654e-08,1.0,1.0,4.6206395134979484e-07,4656,2.396603112802697e-07,3996.395593084515,4256.829359017003
14924.98969072165,1.0,3.869436863844629e-07,0.9961340206185567,0.9961340206185567,0.09371463211950977,4656,0.046857509826057145,512,149249,1.0,3.8571471838569396e-07,0.9967783505154639,0.9967783505154639,0.0844452323782485,4656,0.042222809545772594,4002.7973291974668,4263.414120530997
14925.109965635738,1.0,4.189990896830028e-07,0.9959192439862543,0.9959192439862543,0.082501178754564,4656,0.04125079830077915,512,149251,1.0,4.1697642347284133e-07,0.9965635738831615,0.9965635738831615,0.07415126115595762,4656,0.03707583909182204,4002.8372637774846,4263.698494909997
14949.98969072165,1.0,3.1174660193365025e-07,1.0,1.0,0.00014942803474533598,4656,7.486989068769916e-05,512,149499,1.0,3.09467902026e-07,1.0,1.0,0.00011938341486802216,4656,5.984644139908843e-05,4009.1774910163913,4270.219543347997
14950.109965635738,1.0,3.033999033955156e-07,1.0,1.0,0.00014620036033983902,4656,7.325188013568161e-05,512,149501,1.0,3.0119801359711203e-07,1.0,1.0,0.00011680165427349687,4656,5.8551426157611345e-05,4009.2170882453975,4270.503371269999
14974.98969072165,1.0,9.058471513935885e-08,1.0,1.0,1.3542211437725887e-05,4656,6.816398079948711e-06,512,149749,1.0,8.930454587056205e-08,1.0,1.0,1.1037797423054007e-05,4656,5.563550988369048e-06,4015.562607777345,4277.029881350001
14975.109965635738,1.0,8.505438727360096e-08,1.0,1.0,1.3302646107696432e-05,4656,6.693850251001104e-06,512,149751,1.0,8.362059778631089e-08,1.0,1.0,1.0844519885122468e-05,4656,5.464070245361154e-06,4015.6019541263486,4277.3125844040005
14999.98969072165,1.0,6.889866096205822e-08,1.0,1.0,2.2699406048078153e-06,4656,1.1694196364010246e-06,512,149999,1.0,7.127977434870398e-08,1.0,1.0,2.0082492626966633e-06,4656,1.0397645220387715e-06,4022.0188105873785,4283.914029258001
