EOS_loss,answer_loss,batch_size,epoch_tail,epoch_wraps_in_batch,gradient_l2,joint_relative_update,learning_rate,m_l2,maximum_buffer_max,maximum_buffer_min,maximum_l2,parameter_before_l2,parameter_l2,step,temperature_max,temperature_min,update_l2,v_l2
5.530462265014648,5.520964622497559,512,False,0,6.08110407855807,0.0,0.0,0.6081104318926519,0.0008689791429787874,1.223115681656167e-21,0.0018918566678560755,13.900408829654022,13.900408829654022,1,5.656854152679443,5.656854152679443,0.0,0.0018918566678560755
0.005379732232540846,4.4843430519104,512,False,0,0.24671892767330428,0.000860756591797838,0.0003,0.05412097217805059,0.012368408963084221,2.5435429045102265e-13,0.04349690499514974,16.851272600414813,16.85245703210877,249,5.716765880584717,5.451661109924316,0.014504843970989344,0.03495210381321935
0.0053640082478523254,4.572892189025879,48,True,0,0.788054589083136,0.001358559076792027,0.0003,0.0927194981287465,0.012368408963084221,2.5435429045102265e-13,0.043497047364790445,16.85245703210877,16.853589928213406,250,5.716487407684326,5.4512038230896,0.022895058467218996,0.03491742795368084
0.005351502448320389,4.502785682678223,512,False,0,0.24649573793326723,0.0012906297091902943,0.0003,0.08965452271380446,0.012368408963084221,2.5435429045102265e-13,0.043497058557070395,16.853589928213406,16.85470513602876,251,5.716246128082275,5.450765609741211,0.021751743867862543,0.03488261286966075
0.0033586120698601007,4.519966125488281,512,False,0,0.25666885380563753,0.00048120660921164893,0.0003,0.04119706323477505,0.012368408963084221,2.5435429045102265e-13,0.043505754949560826,16.983366886429735,16.983695323979386,499,5.643005847930908,5.394057750701904,0.008172508392416252,0.0272449553456392
0.003353923326358199,4.577031135559082,48,True,0,0.8080816091151446,0.0010349359846400777,0.0003,0.08291164457591196,0.012368408963084221,2.5435429045102265e-13,0.04350602439339372,16.983695323979386,16.984001556284053,500,5.6428093910217285,5.393827438354492,0.017577037442949688,0.02721827566764346
0.0033492278307676315,4.525076389312744,512,False,0,0.2451721806191079,0.0010090715377581016,0.0003,0.07849370894532721,0.012368408963084221,2.5435429045102265e-13,0.043506043074737814,16.984001556284053,16.98429898833867,501,5.642637252807617,5.393637180328369,0.017138072567685538,0.02719114089467468
0.0026915259659290314,4.512839317321777,512,False,0,0.32231095421027783,0.003015481117712883,0.0003,0.09585313250264015,0.012368408963084221,4.871112194160254e-13,0.04351710722022016,17.193780007721088,17.194765761908982,749,5.667710781097412,5.3433027267456055,0.051847518955392205,0.021275866897968395
0.0026947176083922386,4.3309478759765625,48,True,0,0.9584024696215709,0.0034485008484969383,0.0003,0.12668440401329834,0.012368408963084221,4.871112194160254e-13,0.04351737800953071,17.194765761908982,17.19607157469979,750,5.666784763336182,5.343923568725586,0.05929616431964923,0.021255804731148006
0.0026906467974185944,4.494512557983398,512,False,0,0.3007855746036099,0.0032179405198197414,0.0003,0.11545016212602893,0.012368408963084221,4.871112194160254e-13,0.04351739302332737,17.19607157469979,17.197491230173135,751,5.665913105010986,5.3448967933654785,0.05533593550194692,0.02123469074701145
0.002561761299148202,3.6960959434509277,512,False,0,0.773354765815487,0.0035189691805343442,0.0003,0.13634048359873302,0.012368408963084221,5.810585844943927e-13,0.043528288173682324,18.271629151350478,18.279017210304662,999,5.773385524749756,5.284246921539307,0.06429729986175522,0.01668269976714049
0.002558779437094927,3.8345305919647217,48,True,0,1.753734454818655,0.005701863313555676,0.0003,0.21257331104151925,0.012368408963084221,6.075954626580393e-13,0.04352861555948773,18.279017210304662,18.28569694071915,1000,5.772337913513184,5.283073902130127,0.10422445763928896,0.016667986137568612
0.002558758482336998,3.63382625579834,512,False,0,0.5783676988564079,0.005168913827712756,0.0003,0.19542559821679834,0.012368408963084221,6.075954626580393e-13,0.04352863411409249,18.28569694071915,18.29274464142196,1001,5.7717461585998535,5.282402515411377,0.09451719176624804,0.01665152158695148
0.002643250161781907,1.7704931497573853,512,False,0,0.795002203493079,0.0029568355497260838,0.0003,0.18601274368915852,0.012368408963084221,1.6102128311268338e-11,0.04359409382100537,20.34570331643887,20.351116696871813,1249,5.568638801574707,5.199939727783203,0.06015889885022633,0.013369444028206754
0.0026344468351453543,1.7151477336883545,48,True,0,2.1223032545388345,0.004054871183531589,0.0003,0.2564145565827388,0.012368408963084221,1.631382008648874e-11,0.04359522553830758,20.351116696871813,20.356642724855465,1250,5.569690227508545,5.200849533081055,0.0825211566468341,0.013361776107922572
0.0026421286165714264,1.682174563407898,512,False,0,1.1812535926933103,0.003743592831358974,0.0003,0.23633174297612822,0.012368408963084221,1.632911861282338e-11,0.04359591710221076,20.356642724855465,20.362620498927676,1251,5.570199012756348,5.201751708984375,0.07620698177530473,0.013352163037867576
0.0024301433004438877,0.5751789808273315,512,False,0,1.0117061975746129,0.002658798117094609,0.0003,0.25917176929412267,0.012368408963084221,3.535906289986457e-11,0.04402884609189585,22.030902608948978,22.037093380005718,1499,5.609871864318848,5.012185573577881,0.058575722374568255,0.012503827917173336
0.002434015041217208,0.6219089031219482,48,True,0,2.4589169192837317,0.0036079334235342205,0.0003,0.3434387562808297,0.012368408963084221,3.535906289986457e-11,0.044031724162091314,22.037093380005718,22.043408682787348,1500,5.609635829925537,5.011261463165283,0.07950836576326734,0.012508784064958107
0.0024220445193350315,0.5389854907989502,512,False,0,1.1001656228295764,0.003352312429612509,0.0003,0.3002360778469514,0.012368408963084221,3.535906289986457e-11,0.044032381433057634,22.043408682787348,22.04994913870947,1501,5.609328269958496,5.010075569152832,0.07389639291833633,0.012502054833007106
0.0020197387784719467,0.07639624178409576,512,False,0,0.16257308618766966,0.00048613102043735943,0.0003,0.04542299133313263,0.012368408963084221,3.6523006841093775e-11,0.04407323562717576,22.830870472728375,22.832149213198054,1749,5.581949710845947,4.85822057723999,0.011098794360380623,0.010260177082191816
0.0020189203787595034,0.07576415687799454,48,True,0,0.44354062836382196,0.0006646215334559008,0.0003,0.06156469648842677,0.012368408963084221,3.6523006841093775e-11,0.04407323562853761,22.832149213198054,22.833388328516033,1750,5.581899642944336,4.857886791229248,0.015174738022169629,0.01025101373746633
0.0020142048597335815,0.07446414977312088,512,False,0,0.1650526149260731,0.0006286929532394253,0.0003,0.05690569287886206,0.012368408963084221,3.6523006841093775e-11,0.04407323562853761,22.833388328516033,22.83459402711562,1751,5.581800937652588,4.857557773590088,0.014355190340717368,0.010241019153175374
0.0017214237013831735,0.03777986764907837,512,False,0,0.07187908925566037,0.0002306293060208203,0.0003,0.0247835687108619,0.012368408963084221,3.6523006841093775e-11,0.04407323563958403,23.010143820267942,23.010507113988155,1999,5.530350208282471,4.7822136878967285,0.0053068135007076625,0.008044785648978732
0.0017209332436323166,0.039817988872528076,48,True,0,0.20879160230408544,0.00031651623678499453,0.0003,0.030956032559536332,0.012368408963084221,3.6523006841093775e-11,0.04407323563958403,23.010507113988155,23.010879627535818,2000,5.530134677886963,4.781949520111084,0.0072831991182338756,0.008037053597099596
0.0017188226338475943,0.037573546171188354,512,False,0,0.0869039082664044,0.00029654599932083913,0.0003,0.028157821058338386,0.012368408963084221,3.6523006841093775e-11,0.04407323563958403,23.010879627535818,23.0112436455781,2001,5.529917240142822,4.781688213348389,0.006823784294399148,0.008029107194565739
0.0015205882955342531,0.025899646803736687,512,False,0,0.08825990924284927,0.00015803105736537083,0.0003,0.020091095043294316,0.012368408963084221,3.6523006841093775e-11,0.04407323563958403,23.05531949495532,23.05536486612267,2249,5.470581531524658,4.718851089477539,0.0036434565176842364,0.0062951596900632035
0.0015182760544121265,0.026681698858737946,48,True,0,0.16735629321765633,0.00023574669492230414,0.0003,0.02312509787052699,0.012368408963084221,3.6523006841093775e-11,0.04407323563958403,23.05536486612267,23.055416382755446,2250,5.470370769500732,4.718611240386963,0.00543522606741623,0.006289172503031337
0.0015184096992015839,0.025637006387114525,512,False,0,0.088632506201877,0.00022254485706525815,0.0003,0.023546372518859538,0.012368408963084221,3.6523006841093775e-11,0.04407323563958403,23.055416382755446,23.05546789087459,2251,5.470151901245117,4.718371868133545,0.005130864343480322,0.006283024932926146
0.001371675869449973,0.020135853439569473,512,False,0,0.05118861026937701,0.00011277666644391583,0.0003,0.01366613053866855,0.012368408963084221,3.6523006841093775e-11,0.04407323563958403,23.045270397319463,23.045126710415804,2499,5.40817928314209,4.660223484039307,0.002598968772708345,0.004929051909613511
0.0013708386104553938,0.019263165071606636,48,True,0,0.09903070571063,0.0001575557971504019,0.0003,0.01638839611475416,0.012368408963084221,3.6523006841093775e-11,0.04407323563958403,23.045126710415804,23.04498017344366,2500,5.4079413414001465,4.659992694854736,0.003630893309291581,0.004924237628609041
0.0013709570048376918,0.019848085939884186,512,False,0,0.05348297108163624,0.00015162195818341817,0.0003,0.01605618965165748,0.012368408963084221,3.6523006841093775e-11,0.04407323563958403,23.04498017344366,23.044843649899153,2501,5.4077043533325195,4.659764289855957,0.003494125020195575,0.004919363759052656
0.0012589943362399936,0.016470693051815033,512,False,0,0.04139413513575725,8.606901055416283e-05,0.0003,0.012512072735197402,0.012368408963084221,3.6523006841093775e-11,0.04407323563958403,23.004441552308244,23.004250425495155,2749,5.345496654510498,4.604338645935059,0.00197996952275824,0.0038559681667997944
0.001259620999917388,0.01637089252471924,48,True,0,0.11681718608488247,0.0001436825756560332,0.0003,0.015359245962770945,0.012368408963084221,3.6523006841093775e-11,0.04407323563958403,23.004250425495155,23.004068842740768,2750,5.3452677726745605,4.604112148284912,0.003305309952171541,0.003852310877293626
0.0012585562653839588,0.01639079861342907,512,False,0,0.053715772477224935,0.000133514595652163,0.0003,0.014693504205060617,0.012368408963084221,3.6523006841093775e-11,0.04407323563958403,23.004068842740768,23.00388351819633,2751,5.345038414001465,4.603888988494873,0.0030713789498930553,0.0038485173954686614
0.0011708112433552742,0.014225434511899948,512,False,0,0.06879989560903065,7.867044317947625e-05,0.0003,0.01152985984419749,0.012368408963084221,3.6523006841093775e-11,0.04407323563958403,22.94488014985912,22.944613285492238,2999,5.283146858215332,4.5506205558776855,0.0018050838900893844,0.003023822869968632
0.0011698959860950708,0.014605212956666946,48,True,0,0.11213754820541302,0.00012225996258523913,0.0003,0.016763223286367496,0.012368408963084221,3.6523006841093775e-11,0.04407323563958403,22.944613285492238,22.944342869154397,3000,5.282896041870117,4.5504045486450195,0.0028052075618170617,0.003021014112341556
0.0011699263704940677,0.014195248484611511,512,False,0,0.06042849633273007,0.00010869741610794134,0.0003,0.01323562750758581,0.012368408963084221,3.6523006841093775e-11,0.04407323563958403,22.944342869154397,22.944077386586816,3001,5.282644748687744,4.550193786621094,0.002493990784171752,0.003018073800729635
0.0010992749594151974,0.012712719850242138,512,False,0,0.06412396016536578,6.892834895961938e-05,0.0003,0.010222748574161762,0.012368408963084221,3.6523006841093775e-11,0.04407323563958403,22.872294300827534,22.871981828436496,3249,5.221480369567871,4.498398303985596,0.0015765494830745537,0.002379882420975334
0.0011002798564732075,0.012359059415757656,48,True,0,0.09476413777936725,9.92453655966986e-05,0.0003,0.012184441215201122,0.012368408963084221,3.6523006841093775e-11,0.04407323563958403,22.871981828436496,22.871665753090067,3250,5.221230983734131,4.498196125030518,0.002269938198484227,0.002377653314096541
0.0010994879994541407,0.012802567332983017,512,False,0,0.030367432556249484,9.4635818945581e-05,0.0003,0.012391169545722513,0.012368408963084221,3.6523006841093775e-11,0.04407323563958403,22.871665753090067,22.871349149537508,3251,5.220981121063232,4.497992515563965,0.002164478819193277,0.0023752934175303927
0.0010422158520668745,0.011409923434257507,512,False,0,0.06504715559392261,6.37564730308341e-05,0.0003,0.010185646998577786,0.012368408963084221,3.6523006841093775e-11,0.04407323563958403,22.790486834466837,22.790144394972028,3499,5.160423278808594,4.447741508483887,0.0014530410592212644,0.0018789326907339907
0.001041088835336268,0.011568012647330761,48,True,0,0.09588044339288515,8.267551838481862e-05,0.0003,0.010915831483285107,0.012368408963084221,3.6523006841093775e-11,0.04407323563958403,22.790144394972028,22.789802106823924,3500,5.160181522369385,4.447545051574707,0.001884187001919181,0.001877247777719546
0.001040964387357235,0.01143736857920885,512,False,0,0.06577624437125462,8.246939856230768e-05,0.0003,0.013614468796122133,0.012368408963084221,3.6523006841093775e-11,0.04407323563958403,22.789802106823924,22.789460654762653,3501,5.159937858581543,4.4473443031311035,0.0018794612731037814,0.0018754711414255768
0.0009941993048414588,0.01052282564342022,512,False,0,0.05157271078140251,5.636432108180278e-05,0.0003,0.00950802984440944,0.012368408963084221,3.6523006841093775e-11,0.04407323563958403,22.70206828566365,22.70170585183242,3749,5.100321292877197,4.3982954025268555,0.001279586666074158,0.001486740958819949
0.0009938629809767008,0.01059863530099392,48,True,0,0.11357320246755856,9.546845346716948e-05,0.0003,0.01334613474530668,0.012368408963084221,3.6523006841093775e-11,0.04407323563958403,22.70170585183242,22.701349967139205,3750,5.1000847816467285,4.398098468780518,0.0021672967487410323,0.0014855447210072393
0.000993156572803855,0.010431398637592793,512,False,0,0.051352492009749034,8.545156734542546e-05,0.0003,0.010932333586295315,0.012368408963084221,3.6523006841093775e-11,0.04407323563958403,22.701349967139205,22.700989678186794,3751,5.099850177764893,4.397902011871338,0.001939865935549068,0.001484128669186225
0.0009542565094307065,0.009908323176205158,512,False,0,0.057434678965153994,5.6259239433659346e-05,0.0003,0.009161926036907712,0.012368408963084221,3.6523006841093775e-11,0.04407323563958403,22.608923564175075,22.608536767006303,3999,5.041099548339844,4.349907398223877,0.0012719608441342284,0.001190834812310849
0.0009541950421407819,0.009374218992888927,48,True,0,0.08090992911976756,7.483551903931695e-05,0.0003,0.010048799244721445,0.012368408963084221,3.6523006841093775e-11,0.04407323563958403,22.608536767006303,22.60814450240398,4000,5.040865421295166,4.349713325500488,0.0016919215836783976,0.001189788738928122
0.0009530765237286687,0.009722359478473663,512,False,0,0.041712748296293276,7.118236687043283e-05,0.0003,0.009706788224471581,0.012368408963084221,3.6523006841093775e-11,0.04407323563958403,22.60814450240398,22.607750932640972,4001,5.040631294250488,4.34951639175415,0.0016093012362298792,0.0011886500934673956
0.0009193037403747439,0.00933380052447319,512,False,0,0.06301971304735766,6.033436254371464e-05,0.0003,0.009665050471287897,0.012368408963084221,3.6523006841093775e-11,0.04407323563958403,22.511836515081114,22.511440543528735,4249,4.982977390289307,4.302560329437256,0.0013582373058257376,0.0009610893217712868
0.0009198898333124816,0.009131631813943386,48,True,0,0.04394840247876625,7.223753007228735e-05,0.0003,0.008814199492425664,0.012368408963084221,3.6523006841093775e-11,0.04407323563958403,22.511440543528735,22.511048541359905,4250,4.982744216918945,4.302367210388184,0.0016261708632336659,0.0009601562107892879
0.0009197743493132293,0.0092310244217515,512,False,0,0.10026825472407308,7.070725621016158e-05,0.0003,0.01142674520265964,0.012368408963084221,3.6523006841093775e-11,0.04407323563958403,22.511048541359905,22.51065989760089,4251,4.982508182525635,4.302164554595947,0.001591694476773319,0.0009594880751537808
0.0008902143454179168,0.008749203756451607,512,False,0,0.03552031988916414,5.220285542247403e-05,0.0003,0.008950505173509376,0.012368408963084221,3.6523006841093775e-11,0.04407323563958403,22.4121475506024,22.41174314553918,4499,4.9256367683410645,4.256176948547363,0.0011699780982912524,0.0007917138121740212
0.000892997661139816,0.008410663343966007,48,True,0,0.06303162156895485,6.559211761541746e-05,0.0003,0.010117323940571465,0.012368408963084221,3.6523006841093775e-11,0.04407323563958403,22.41174314553918,22.411339418734983,4500,4.925405979156494,4.25598669052124,0.0014700336923687322,0.0007910285068252421
0.0008901655673980713,0.008771376684308052,512,False,0,0.10906600315011511,6.052331487570086e-05,0.0003,0.009690948727768352,0.012368408963084221,3.6523006841093775e-11,0.04407323563958403,22.411339418734983,22.410938088250486,4501,4.925176620483398,4.255797863006592,0.001356408552426304,0.0007906919967071956
0.0008653408149257302,0.008387189358472824,512,False,0,0.058529136202504065,4.612146237181651e-05,0.0003,0.007553461310055079,0.012368408963084221,3.6523006841093775e-11,0.04407323563958403,22.310398944349355,22.30998638968321,4749,4.869351863861084,4.21075963973999,0.0010289882254120235,0.0006533404926031755
0.000864884234033525,0.008169918321073055,48,True,0,0.0489707695989491,6.744498254829973e-05,0.0003,0.00819449814378405,0.012368408963084221,3.6523006841093775e-11,0.04407323563958403,22.30998638968321,22.30957766031005,4750,4.869132995605469,4.210580348968506,0.0015046966427049889,0.0006527539706277952
0.0008649451192468405,0.008443357422947884,512,False,0,0.09512115866631779,6.627754102497504e-05,0.0003,0.010548025105517172,0.012368408963084221,3.6523006841093775e-11,0.04407323563958403,22.30957766031005,22.3091661614737,4751,4.868916034698486,4.210394859313965,0.0014786239486310662,0.00065245358398711
0.0008434008341282606,0.008079612627625465,512,False,0,0.10872101333118013,4.895199758268876e-05,0.0003,0.008827914842535069,0.012368408963084221,3.6523006841093775e-11,0.04407323563958403,22.207051359118694,22.20663810562692,4999,4.814013481140137,4.166236877441406,0.0010870795244502234,0.0005679846067282443
0.0008438716176897287,0.008049845695495605,48,True,0,0.05942987175917829,7.124916700316619e-05,0.0003,0.009770575749214078,0.012368408963084221,3.6523006841093775e-11,0.04407323563958403,22.20663810562692,22.20622356130838,5000,4.813800811767578,4.166067600250244,0.0015822044669666865,0.000567526009286344
0.0008430355810560286,0.008059517480432987,512,False,0,0.08687511160561069,6.393947439400495e-05,0.0003,0.008822745998733016,0.012368408963084221,3.6523006841093775e-11,0.04407323563958403,22.20622356130838,22.2058079750831,5001,4.813583850860596,4.165890216827393,0.0014198542627858266,0.0005672903909639672
0.0008243588381446898,0.00774275790899992,512,False,0,0.060363912223687484,4.671497286312061e-05,0.0003,0.009381453109423081,0.012368408963084221,3.6523006841093775e-11,0.04407323563958403,22.102532336580882,22.102118778620078,5249,4.759645462036133,4.122499465942383,0.0010325191983096217,0.000509494578052628
0.0008236750727519393,0.0078066447749733925,48,True,0,0.10579557894369311,6.927619357079659e-05,0.0003,0.01036980035950902,0.012368408963084221,3.6523006841093775e-11,0.04407323563958403,22.102118778620078,22.10170984752369,5250,4.759433746337891,4.122321605682373,0.0015311506588324229,0.0005095026176796077
0.0008243052870966494,0.007821471430361271,512,False,0,0.11299829333128923,6.464793067334208e-05,0.0003,0.010630025679106439,0.012368408963084221,3.6523006841093775e-11,0.04407323563958403,22.10170984752369,22.101299063857113,5251,4.759223937988281,4.12214469909668,0.0014288298059850334,0.0005095969168109302
0.0008080351399257779,0.007469961419701576,512,False,0,0.12355704038985771,4.4976931541415035e-05,0.0003,0.008651360221504567,0.012368408963084221,3.6523006841093775e-11,0.04407323563958403,21.997240536143995,21.996824750548882,5499,4.706313133239746,4.079659461975098,0.0009893683816941882,0.00046711834566381987
0.000807383970823139,0.007510629948228598,48,True,0,0.0662138262452071,7.324774379497009e-05,0.0003,0.011769949738766673,0.012368408963084221,3.6523006841093775e-11,0.04407323563958403,21.996824750548882,21.996421848082317,5500,4.706105709075928,4.079493045806885,0.0016112177836310614,0.0004668230882234891
0.0008076310623437166,0.007551267743110657,512,False,0,0.171706241605306,6.596319064110965e-05,0.0003,0.01149949017806522,0.012368408963084221,3.6523006841093775e-11,0.04407323563958403,21.996421848082317,21.996013482527594,5501,4.705896854400635,4.079321384429932,0.0014509541677873233,0.00046795888530717596
0.0007924565579742193,0.007373213768005371,512,False,0,0.07446733495424372,4.790653117693243e-05,0.0003,0.009035768211339277,0.012368408963084221,3.6523006841093775e-11,0.04407323563958403,21.891531699211065,21.891104153865502,5749,4.653950214385986,4.037618637084961,0.0010487473458590593,0.000451336664647359
0.0007918619085103273,0.007339060306549072,48,True,0,0.1265584529829978,6.719292413684164e-05,0.0003,0.011859032441349731,0.012368408963084221,3.6523006841093775e-11,0.04407323563958403,21.891104153865502,21.89067651919697,5750,4.653745174407959,4.037459373474121,0.0014709273006823836,0.0004517505479300919
0.000792189734056592,0.007310333661735058,512,False,0,0.11493649199965127,5.79403673567338e-05,0.0003,0.00869724829063988,0.012368408963084221,3.6523006841093775e-11,0.04407323563958403,21.89067651919697,21.890245435052318,5751,4.653536796569824,4.037299633026123,0.0012683538392096992,0.0004520919906959215
0.0007797388825565577,0.0070808748714625835,512,False,0,0.03844473650715388,4.322947810534795e-05,0.0003,0.007235376572561692,0.012368408963084221,3.6523006841093775e-11,0.04407323563958403,21.785297046285887,21.784866907628768,5999,4.6025390625,3.996291160583496,0.0009417670216809171,0.0004364793035457497
0.0007793995318934321,0.007019759621471167,48,True,0,0.06695307650563935,5.737670183030549e-05,0.0003,0.008506522421836065,0.012368408963084221,3.6523006841093775e-11,0.04407323563958403,21.784866907628768,21.784430829280414,6000,4.602334499359131,3.9961302280426025,0.001249943812971905,0.00043627229052911105
0.0007793233380652964,0.0071353185921907425,512,False,0,0.13147255847404207,5.8720262796728186e-05,0.0003,0.01213882404165921,0.012368408963084221,3.6523006841093775e-11,0.04407323563958403,21.784430829280414,21.783998612764453,6001,4.602128028869629,3.995974063873291,0.0012791875031724932,0.0004368799132720264
0.0007676412351429462,0.0070016104727983475,512,False,0,0.09344939153900152,4.804486803808224e-05,0.0003,0.009059323579851078,0.012368408963084221,3.6523006841093775e-11,0.04407323563958403,21.67909071046499,21.6786642746508,6249,4.551985263824463,3.955784320831299,0.001041569052369905,0.00044463031810294736
0.000767946825362742,0.006886073853820562,48,True,0,0.05006471608366235,5.221057151085435e-05,0.0003,0.008504549980684076,0.012368408963084221,3.6523006841093775e-11,0.04407323563958403,21.6786642746508,21.67823923040906,6250,4.5517897605896,3.95562744140625,0.001131855451371459,0.00044430096398228973
0.0007677797693759203,0.00694767851382494,512,False,0,0.09988446169658922,5.180683284924721e-05,0.0003,0.008230314111234153,0.012368408963084221,3.6523006841093775e-11,0.04407323563958403,21.67823923040906,21.677816529497605,6251,4.551588535308838,3.9554636478424072,0.0011230809162757955,0.00044444283867626887
0.0007572235772386193,0.006791920401155949,512,False,0,0.1293551756517634,4.2192334656939325e-05,0.0003,0.007206578500852516,0.012368408963084221,3.6523006841093775e-11,0.04407323563958403,21.572867370888268,21.572440789843263,6499,4.502391338348389,3.915966272354126,0.0009102096396222846,0.00046370809238286764
0.0007580079836770892,0.006733169313520193,48,True,0,0.1773124179472704,8.137585777261646e-05,0.0003,0.01806898352466935,0.012368408963084221,3.6523006841093775e-11,0.04407323563958403,21.572440789843263,21.572010430011474,6500,4.502200603485107,3.915803909301758,0.001755475873522475,0.00046498248891823805
0.0007570834713988006,0.0068677011877298355,512,False,0,0.26891822068267435,7.756846703079625e-05,0.0003,0.015585017492767705,0.012368408963084221,3.6523006841093775e-11,0.04407323563958403,21.572010430011474,21.5715839763543,6501,4.502009391784668,3.915653705596924,0.001673307779828338,0.0004692752489436312
0.0007480063941329718,0.0066922130063176155,512,False,0,0.057122932756271005,4.844881677842111e-05,0.0003,0.0072217214342812155,0.012368408963084221,3.6523006841093775e-11,0.04407323565358952,21.466838382781155,21.466415419577594,6749,4.453738212585449,3.8767964839935303,0.001040042919619342,0.000525275169362968
0.0007484981324523687,0.006698851473629475,48,True,0,0.07207957003942346,5.90061092610192e-05,0.0003,0.008926114414514515,0.012368408963084221,3.6523006841093775e-11,0.04407323565358952,21.466415419577594,21.46599845650647,6750,4.453542709350586,3.876638889312744,0.0012666496536900228,0.0005250162820127074
0.0007475062739104033,0.006694194860756397,512,False,0,0.14094358249266759,6.018207996563131e-05,0.0003,0.0112484029418341,0.012368408963084221,3.6523006841093775e-11,0.04407323565358952,21.46599845650647,21.46558105447457,6751,4.4533467292785645,3.87648868560791,0.0012918684356515906,0.0005257491340746527
0.0007393220439553261,0.006568726152181625,512,False,0,0.06237869867640424,3.736928217597066e-05,0.0003,0.00705657140220635,0.012368408963084221,3.6523006841093775e-11,0.04407323565358952,21.361215602608365,21.360790708387874,6999,4.405919551849365,3.8383092880249023,0.0007982532934756191,0.0006189086900660991
0.0007412267732433975,0.0066362707875669,48,True,0,0.04318923946362761,5.113623046465654e-05,0.0003,0.0073614990890627004,0.012368408963084221,3.6523006841093775e-11,0.04407323565358952,21.360790708387874,21.36037033330302,7000,4.405733585357666,3.838155508041382,0.0010923103165714164,0.0006183772464728709
0.0007393206469714642,0.006588897667825222,512,False,0,0.10366349381513512,4.9668877129958935e-05,0.0003,0.009241883280732712,0.012368408963084221,3.6523006841093775e-11,0.04407323565358952,21.36037033330302,21.359950759880718,7001,4.405547142028809,3.838005781173706,0.0010609456095352478,0.0006185094954716377
0.000731435080524534,0.006494232453405857,512,False,0,0.09271964932400147,4.194007174489044e-05,0.0003,0.009401493068524397,0.012368408963084221,3.6523006841093775e-11,0.04407323565358952,21.255898342157412,21.255474927456,7249,4.359026908874512,3.8005266189575195,0.0008914739014721796,0.0006742589586548507
0.0007316772826015949,0.006632862612605095,48,True,0,0.12468077849592975,6.680443238746574e-05,0.0003,0.010092321019560774,0.012368408963084221,3.6523006841093775e-11,0.04407323565358952,21.255474927456,21.255060434162914,7250,4.358835697174072,3.800373077392578,0.0014199599376547075,0.0006744032690314282
0.0007314467220567167,0.006502253003418446,512,False,0,0.11889341264465655,6.078582892330064e-05,0.0003,0.009330257031148387,0.012368408963084221,3.6523006841093775e-11,0.04407323565358952,21.255060434162914,21.25464659487144,7251,4.358646869659424,3.8002266883850098,0.001292006467305443,0.0006745691610256532
0.0007245613960549235,0.006399998906999826,512,False,0,0.11467742410248212,4.479170233717899e-05,0.0003,0.007563078083235246,0.012368408963084221,3.6523006841093775e-11,0.04407323565358952,21.150999525358337,21.150575622732333,7499,4.312933921813965,3.7634425163269043,0.0009473892748736647,0.0007103375715270254
0.000725405989214778,0.006350772455334663,48,True,0,0.07746066855316641,5.201661942173774e-05,0.0003,0.00806506043479022,0.012368408963084221,3.6523006841093775e-11,0.04407323565358952,21.150575622732333,21.1501505525923,7500,4.312750816345215,3.7632925510406494,0.0011001814427183516,0.000710008899287924
0.0007244477747008204,0.00640836451202631,512,False,0,0.06655057638302633,4.565150412319418e-05,0.0003,0.006584111707891975,0.012368408963084221,3.6523006841093775e-11,0.04407323565358952,21.1501505525923,21.149729414747146,7501,4.312567234039307,3.7631428241729736,0.000965536185157845,0.0007095717579866806
0.0007181905675679445,0.006309737451374531,512,False,0,0.10622780419614664,4.197821064046538e-05,0.0003,0.00801543427326077,0.012368408963084221,3.6523006841093775e-11,0.04407323565358952,21.046615725580054,21.046198206264833,7749,4.2677106857299805,3.726952314376831,0.0008834992681973306,0.0007566093188530244
0.0007178516825661063,0.006407487206161022,48,True,0,0.09106390752269625,5.475538184403986e-05,0.0003,0.010136594896574775,0.012368408963084221,3.6523006841093775e-11,0.04407323565358952,21.046198206264833,21.045780222251697,7750,4.2675275802612305,3.726807117462158,0.0011523926191493777,0.0007562568704138628
0.0007182789267972112,0.006248857825994492,512,False,0,0.14260680642575713,5.631011735147059e-05,0.0003,0.010928891097835333,0.012368408963084221,3.6523006841093775e-11,0.04407323565358952,21.045780222251697,21.045365405272527,7751,4.267346382141113,3.7266597747802734,0.001185090354068252,0.0007568702153927595
0.0007122192764654756,0.006262992508709431,512,False,0,0.054454389131503474,3.977415287116364e-05,0.0003,0.0068183868537513926,0.012368408963084221,3.6523006841093775e-11,0.04407323570108655,20.94296926148966,20.94255835086373,7999,4.223282814025879,3.6910486221313477,0.0008329888609825709,0.0008569069803194799
0.0007115579210221767,0.006195764522999525,48,True,0,0.08718502371214631,5.4614286526917375e-05,0.0003,0.007905447879853596,0.012368408963084221,3.6523006841093775e-11,0.04407323570108655,20.94255835086373,20.942146904689476,8000,4.223101615905762,3.6909055709838867,0.001143762882380758,0.0008564660258045705
0.0007120324298739433,0.006227743811905384,512,False,0,0.06611458568442885,4.687624660703559e-05,0.0003,0.0072025503888021826,0.012368408963084221,3.6523006841093775e-11,0.04407323570108655,20.942146904689476,20.941735128124055,8001,4.222920894622803,3.6907613277435303,0.000981689242784991,0.0008558448921550423
0.00070710270665586,0.006251550745218992,512,False,0,0.21595608146328168,5.622006130806051e-05,0.0003,0.013169593712063254,0.012368408963084221,3.6523006841093775e-11,0.04407323574858359,20.839837298150652,20.839427126254872,8249,4.179629325866699,3.655823230743408,0.0011716169305520357,0.0008832324755495134
0.0007071428699418902,0.0062035745941102505,48,True,0,0.14083979880507475,5.980256225615093e-05,0.0003,0.009228565710735511,0.012368408963084221,3.6523006841093775e-11,0.04407323574858359,20.839427126254872,20.839016479136383,8250,4.179457187652588,3.6556851863861084,0.0012462511381003774,0.0008835360539966837
0.0007069503189995885,0.006200599484145641,512,False,0,0.11671264548963693,5.9883632771041486e-05,0.0003,0.01172383926100848,0.012368408963084221,3.6523006841093775e-11,0.04407323574858359,20.839016479136383,20.838603981726344,8251,4.179285049438477,3.6555473804473877,0.001247916010146285,0.000883445817464053
0.0007019207696430385,0.006114518269896507,512,False,0,0.06712040518694593,4.1210209063998515e-05,0.0003,0.008865514342279569,0.012368408963084221,3.6523006841093775e-11,0.0440733766654985,20.73763762530219,20.737228347521825,8499,4.136772155761719,3.621112108230591,0.000854602382032145,0.0010197874432738183
0.0007020824123173952,0.006020582281053066,48,True,0,0.1128270138568963,5.0536497015775086e-05,0.0003,0.008540990804041543,0.012368408963084221,3.6523006841093775e-11,0.0440733766654985,20.737228347521825,20.73682196802801,8500,4.136599540710449,3.620978355407715,0.0010479868784999831,0.00101962977486612
0.0007020454504527152,0.0060589853674173355,512,False,0,0.12726707534144915,5.726734830241409e-05,0.0003,0.011598101740736172,0.012368408963084221,3.6523006841093775e-11,0.0440733766654985,20.73682196802801,20.736416637745563,8501,4.136425971984863,3.6208367347717285,0.001187542806328212,0.0010195037268560837
0.0006973702693358064,0.0060396958142519,512,False,0,0.08496297059281181,4.541955825713697e-05,0.0003,0.009735991672478813,0.012368408963084221,3.6523006841093775e-11,0.044073435970125405,20.636080497971175,20.635675173666765,8749,4.09466552734375,3.587038516998291,0.0009372816603765699,0.0010626003804044529
0.0006970394751988351,0.005937473848462105,48,True,0,0.10685540959700178,5.602519728252492e-05,0.0003,0.00857176477990173,0.012368408963084221,3.6523006841093775e-11,0.044073435970125405,20.635675173666765,20.635266498745082,8750,4.094496726989746,3.5869054794311523,0.0011561177726627822,0.001062255542720153
0.0006973516428843141,0.006090765818953514,512,False,0,0.16289218914866951,6.422201713895994e-05,0.0003,0.01487377473769908,0.012368408963084221,3.6523006841093775e-11,0.044073435970125405,20.635266498745082,20.63485444742385,8751,4.094329357147217,3.58677339553833,0.0013252384387494125,0.001062974877092797
0.000692923495080322,0.006032130680978298,512,False,0,0.13731013059930494,3.9066756741122736e-05,0.0003,0.007954310746084237,0.012368408963084221,3.6523006841093775e-11,0.04407354711751217,20.53519669880359,20.534792390939256,8999,4.053371906280518,3.5535647869110107,0.0008022435340632664,0.0010939855897386828
0.0006929495139047503,0.005952373147010803,48,True,0,0.1466506857609033,7.314408118780147e-05,0.0003,0.013489549084134097,0.012368408963084221,3.6523006841093775e-11,0.04407354711751217,20.534792390939256,20.534395599260986,9000,4.053203582763672,3.5534286499023438,0.0015019985218175087,0.001094233288801508
0.0006929076043888927,0.0060547939501702785,512,False,0,0.20323654350670584,6.0645241738093626e-05,0.0003,0.012271527915197198,0.012368408963084221,3.6523006841093775e-11,0.04407354711751217,20.534395599260986,20.533998113428634,9001,4.053037166595459,3.55329966545105,0.0012453133850628285,0.0010959069940799481
0.0006893522222526371,0.005997509695589542,512,False,0,0.0730592430528332,4.172684829148617e-05,0.0003,0.007313546871203694,0.012368408963084221,3.6523006841093775e-11,0.04407382867217127,20.43525342578217,20.434857486296412,9249,4.012727737426758,3.520555257797241,0.0008526987194956857,0.0011999618348067585
0.0006886087357997894,0.0058834487572312355,48,True,0,0.07874124637706402,5.260442272208088e-05,0.0003,0.007481298138811712,0.012368408963084221,3.6523006841093775e-11,0.04407382867217127,20.434857486296412,20.43446051877162,9250,4.012565612792969,3.5204291343688965,0.0010749638814746155,0.001199118356356169
0.0006892745150253177,0.005928415805101395,512,False,0,0.060392944479723196,5.094308560021813e-05,0.0003,0.008253275241418,0.012368408963084221,3.6523006841093775e-11,0.04407382867217127,20.43446051877162,20.43406369714541,9251,4.012402534484863,3.5203022956848145,0.0010409944714020603,0.0011981441774172195
0.0006855049869045615,0.005922649055719376,512,False,0,0.15231568331136244,4.582218733265533e-05,0.0003,0.009899172597629796,0.012368408963084221,3.6523006841093775e-11,0.04407454492281979,20.336287518412266,20.33589578246039,9499,3.9728124141693115,3.4879841804504395,0.0009318531763194272,0.0014475724251186897
0.0006857446860522032,0.005946399178355932,48,True,0,0.147376763385594,6.19380576641245e-05,0.0003,0.011731112423011501,0.012368408963084221,3.6523006841093775e-11,0.04407454492281979,20.33589578246039,20.335499731439292,9500,3.972649335861206,3.487851619720459,0.0012595658856256577,0.001447338760748985
0.0006854594685137272,0.0060173748061060905,512,False,0,0.17489646366866568,6.158185821142191e-05,0.0003,0.013192315126407849,0.012368408963084221,3.6523006841093775e-11,0.04407454492281979,20.335499731439292,20.335104988402172,9501,3.9724879264831543,3.4877233505249023,0.001252297861119903,0.0014478963741460763
0.0006822750438004732,0.0058929650112986565,512,False,0,0.05498934450638268,3.531900608759539e-05,0.0003,0.006006975794951356,0.012368408963084221,3.6523006841093775e-11,0.04407457826284233,20.237807080992432,20.23741747251037,9749,3.933560848236084,3.4562692642211914,0.0007147792314931528,0.001314848136297227
0.0006816547247581184,0.005923200398683548,48,True,0,0.07191540037146787,5.2579369994509375e-05,0.0003,0.008847500528506011,0.012368408963084221,3.6523006841093775e-11,0.04407457826284233,20.23741747251037,20.237025098324647,9750,3.9334022998809814,3.456138849258423,0.0010640706610204715,0.0013138330858267447
0.0006822689902037382,0.005871059373021126,512,False,0,0.14560570377488652,4.9510833387140966e-05,0.0003,0.010167753740261125,0.012368408963084221,3.6523006841093775e-11,0.04407457826284233,20.237025098324647,20.236633012939965,9751,3.9332456588745117,3.456010341644287,0.0010019519778945417,0.0013138160594284608
0.0006790718762204051,0.0058351121842861176,512,False,0,0.0655508483425126,4.241048576954273e-05,0.0003,0.00795782766321457,0.012368408963084221,3.6523006841093775e-11,0.04407457826284233,20.14034637958271,20.13995376514591,9999,3.8949923515319824,3.42494535446167,0.000854161873524954,0.0013048692227410192
0.0006788154132664204,0.0058751413598656654,48,True,0,0.05957821299838958,5.174559755671754e-05,0.0003,0.007835299943072244,0.012368408963084221,3.6523006841093775e-11,0.04407457826284233,20.13995376514591,20.13955752126459,10000,3.8948397636413574,3.4248225688934326,0.0010421539423421384,0.0013037919990650845
0.0006789069157093763,0.005881882272660732,512,False,0,0.14097585103495905,5.5918818439069144e-05,0.0003,0.011958022111462073,0.012368408963084221,3.6523006841093775e-11,0.04407457826284233,20.13955752126459,20.13916139274854,10001,3.894688844680786,3.424699544906616,0.001126180260474784,0.0013035417462471512
0.0006759887328371406,0.005903928074985743,512,False,0,0.11681581178771808,5.0847344194982e-05,0.0003,0.010739340415721485,0.012368408963084221,3.6523006841093775e-11,0.044074589376183235,20.043698835619054,20.0433155066854,10249,3.8571324348449707,3.3941195011138916,0.001019168853635282,0.0013355810499621956
0.0006752118351869285,0.005908774212002754,48,True,0,0.16089547908546534,6.126769968791463e-05,0.0003,0.011736944950316398,0.012368408963084221,3.6523006841093775e-11,0.044074589376183235,20.0433155066854,20.042928665436527,10250,3.8569812774658203,3.393995523452759,0.0012280078352137236,0.001335937396472108
0.0006759065436199307,0.005849766544997692,512,False,0,0.16089440904569421,5.723642122979816e-05,0.0003,0.010461710225458786,0.012368408963084221,3.6523006841093775e-11,0.044074589376183235,20.042928665436527,20.042545829427883,10251,3.8568296432495117,3.393869638442993,0.0011471855077737213,0.0013362751414264032
0.0006731701432727277,0.005827100481837988,512,False,0,0.11375591539048063,4.0276453958447505e-05,0.0003,0.008282461027059871,0.012368408963084221,3.6523006841093775e-11,0.0440746116196105,19.947998202330695,19.94761491253725,10499,3.819905996322632,3.3638253211975098,0.0008034346311593659,0.0013551982543612098
0.000673137023113668,0.005819682963192463,48,True,0,0.1511985908715578,6.461921231925908e-05,0.0003,0.01209595411680505,0.012368408963084221,3.6523006841093775e-11,0.0440746116196105,19.94761491253725,19.947237788303312,10500,3.819756507873535,3.36370587348938,0.0012889991632960634,0.0013552979441243602
0.0006730419117957354,0.005843053571879864,512,False,0,0.14694335245177081,5.2768416721346355e-05,0.0003,0.008520866779070966,0.012368408963084221,3.6523006841093775e-11,0.0440746116196105,19.947237788303312,19.946858479362703,10501,3.8196072578430176,3.36358642578125,0.0010525841560529764,0.001355337339554621
0.0006705030100420117,0.005790156312286854,512,False,0,0.07795275017713497,3.875568233381902e-05,0.0003,0.008810881828764109,0.012368408963084221,3.6523006841093775e-11,0.04407465236852765,19.853289484453484,19.852910247460894,10749,3.783268928527832,3.333995819091797,0.0007694277805408288,0.0013666673327720027
0.0006709505105391145,0.005720771849155426,48,True,0,0.13414434905063727,5.215790508327451e-05,0.0003,0.009268368951609577,0.012368408963084221,3.6523006841093775e-11,0.04407465236852765,19.852910247460894,19.85252848111208,10750,3.7831246852874756,3.3338868618011475,0.0010354862083138332,0.0013665264484720246
0.0006704243132844567,0.005793551914393902,512,False,0,0.1513289660206551,5.0768216749005604e-05,0.0003,0.011908277052204184,0.012368408963084221,3.6523006841093775e-11,0.04407465236852765,19.85252848111208,19.852149568949386,10751,3.782980442047119,3.333767890930176,0.0010078774689449052,0.0013667242992298312
0.0007026114035397768,0.11705450713634491,512,False,0,0.6509840225769687,0.002238549394683959,0.0003,0.22043012843649268,2.36143159866333,3.6523006841093775e-11,7.243062000092867,20.669407684019657,20.673982834696332,10999,3.7485485076904297,3.3226358890533447,0.046269490059538176,6.803167742271131
0.0007015058072283864,0.14280222356319427,48,True,0,2.662781957503162,0.0027221183908402095,0.0003,0.3558178572976488,2.36143159866333,3.6523006841093775e-11,7.2430620072786756,20.673982834696332,20.67827610152478,11000,3.7493724822998047,3.3221614360809326,0.05627702888624169,6.796373466456487
0.0006958595477044582,0.11440882086753845,512,False,0,0.7833720136503223,0.002474935660161558,0.0003,0.3088916284773597,2.36143159866333,3.6523006841093775e-11,7.243062007434846,20.67827610152478,20.682372412302332,11001,3.7500388622283936,3.3216793537139893,0.0511774029143302,6.789578435973564
0.0006184098310768604,0.013269694522023201,512,False,0,0.03336633474027526,0.00013982133198697197,0.0003,0.011941549889634908,2.36143159866333,3.6523006841093775e-11,7.24306200861801,20.801333393211824,20.80123561916017,11249,3.748995780944824,3.2796988487243652,0.0029084701421439566,5.297702371165763
0.0006191452266648412,0.014396799728274345,48,True,0,0.10825407147479484,0.00016984034668548405,0.0003,0.015644853388072203,2.36143159866333,3.6523006841093775e-11,7.24306200861801,20.80123561916017,20.801147692472902,11250,3.748945713043213,3.2795581817626953,0.0035328890690446025,5.2924043892281665
0.0006182739743962884,0.013128047809004784,512,False,0,0.02973152611084781,0.00016703908829511266,0.0003,0.015084083678096726,2.36143159866333,3.6523006841093775e-11,7.24306200861801,20.801147692472902,20.801061220900216,11251,3.748896598815918,3.279417037963867,0.00347460474604266,5.287112134062073
0.0006186909740790725,0.009243256412446499,512,False,0,0.020386818500783645,7.96936235973991e-05,0.0003,0.007672930976800674,2.36143159866333,3.6523006841093775e-11,7.24306200861801,20.754407044045852,20.754158661479163,11499,3.7263519763946533,3.245615005493164,0.0016539939029553987,4.125352001883461
0.0006183732766658068,0.009828760288655758,48,True,0,0.07558065729958006,0.00010496905762909353,0.0003,0.010383393534253988,2.36143159866333,3.6523006841093775e-11,7.24306200861801,20.754158661479163,20.753918028673716,11500,3.7262442111968994,3.2454819679260254,0.002178544476580157,4.12122694622562
0.0006173974834382534,0.009185473434627056,512,False,0,0.0195681658465266,0.00010038917902759406,0.0003,0.010081236210792724,2.36143159866333,3.6523006841093775e-11,7.24306200861801,20.753918028673716,20.753674144124247,11501,3.7261335849761963,3.2453489303588867,0.002083468792504538,4.117105708442919
0.0006195823079906404,0.007665306329727173,512,False,0,0.016286348859100366,5.946639327980586e-05,0.0003,0.0064238094672040965,2.36143159866333,3.6523006841093775e-11,7.24306200861801,20.68371930605459,20.68340762519627,11749,3.699791431427002,3.213487386703491,0.0012299861867429555,3.212435716688529
0.0006194206653162837,0.007436021696776152,48,True,0,0.04379966670058354,6.81867116161758e-05,0.0003,0.007375493477016255,2.36143159866333,3.6523006841093775e-11,7.24306200861801,20.68340762519627,20.683090597854925,11750,3.699672222137451,3.2133593559265137,0.0014103335509790698,3.209223414734932
0.0006193843437358737,0.007635521702468395,512,False,0,0.014436370289025405,6.691234822419607e-05,0.0003,0.00723053083239036,2.36143159866333,3.6523006841093775e-11,7.24306200861801,20.683090597854925,20.682773789437704,11751,3.699554681777954,3.2132320404052734,0.0013839541604362645,3.2060142154318454
0.0006183941150084138,0.0069361464120447636,512,False,0,0.012741103957116818,4.914121758399114e-05,0.0003,0.005766992907957229,2.36143159866333,3.6523006841093775e-11,7.24306200861801,20.602445950649127,20.6021069529926,11999,3.6714837551116943,3.1826870441436768,0.0010124292792232658,2.5015426287579405
0.0006228580023162067,0.006414724048227072,48,True,0,0.03595265818603536,5.7862246116151957e-05,0.0003,0.006561934771859588,2.36143159866333,3.6523006841093775e-11,7.24306200861801,20.6021069529926,20.60176701914324,12000,3.671372652053833,3.1825644969940186,0.0011920841830253433,2.499040910245648
0.000620026548858732,0.006831751205027103,512,False,0,0.01429319828015938,5.749316634352948e-05,0.0003,0.006620371322381102,2.36143159866333,3.6523006841093775e-11,7.24306200861801,20.60176701914324,20.60142854862867,12001,3.6712629795074463,3.1824421882629395,0.0011844608182022417,2.4965420547475157
0.0006195051246322691,0.006303340196609497,512,False,0,0.010962943038274385,4.306994681708594e-05,0.0003,0.0054247100799609095,2.36143159866333,3.6523006841093775e-11,7.24306200861801,20.515360732118637,20.51500268500766,12249,3.6423418521881104,3.1527833938598633,0.0008835954956656829,1.9479655777368587
0.0006179737392812967,0.006422852165997028,48,True,0,0.03955453819357526,5.29585887252639e-05,0.0003,0.006525952786715639,2.36143159866333,3.6523006841093775e-11,7.24306200861801,20.51500268500766,20.514645669412463,12250,3.6422195434570312,3.152663230895996,0.0010864455898930052,1.9460177402668475
0.0006184406229294837,0.006264126859605312,512,False,0,0.012786651957535462,5.204659821253413e-05,0.0003,0.006382752237872015,2.36143159866333,3.6523006841093775e-11,7.24306200861801,20.514645669412463,20.514288947320182,12251,3.6420962810516357,3.1525440216064453,0.0010677175206284138,1.9440716936875353
0.0006192934233695269,0.005934970453381538,512,False,0,0.011130150885546117,3.815148000916858e-05,0.0003,0.005169407019400512,2.36143159866333,3.6523006841093775e-11,7.24306200861801,20.42470066407848,20.42433299238199,12499,3.612664222717285,3.1236655712127686,0.0007792325590788423,1.5168922104287852
0.0006201231735758483,0.005962461233139038,48,True,0,0.02893369998522971,4.6946892019278864e-05,0.0003,0.005860932255479709,2.36143159866333,3.6523006841093775e-11,7.24306200861801,20.42433299238199,20.423966300396387,12500,3.6125450134277344,3.123549461364746,0.0009588589555591521,1.5153753296340717
0.0006194409215822816,0.00596768269315362,512,False,0,0.010668263832062635,4.6192218300595815e-05,0.0003,0.0058386683739073365,2.36143159866333,3.6523006841093775e-11,7.24306200861801,20.423966300396387,20.423599842847796,12501,3.612426519393921,3.1234331130981445,0.0009434283099119223,1.513860000858946
0.0006190761341713369,0.005775767378509045,512,False,0,0.011386062348121328,3.654708723107758e-05,0.0003,0.005100966210650676,2.36143159866333,3.6523006841093775e-11,7.24306200861801,20.331905059691,20.33152760484322,12749,3.582887887954712,3.0952229499816895,0.0007430719077905145,1.1812129712070676
0.00061955233104527,0.005712601821869612,48,True,0,0.02543400745033303,4.271074865476222e-05,0.0003,0.005406655858879422,2.36143159866333,3.6523006841093775e-11,7.24306200861801,20.33152760484322,20.331152198904537,12750,3.582772731781006,3.0951085090637207,0.0008683747652978184,1.1800316903502057
0.0006192550645209849,0.005762521177530289,512,False,0,0.010649876927105237,4.144205973323529e-05,0.0003,0.0053883589568461355,2.36143159866333,3.6523006841093775e-11,7.24306200861801,20.331152198904537,20.330777395042702,12751,3.5826563835144043,3.094994068145752,0.0008425648238724998,1.178851721744301
0.0006196275935508311,0.005585432983934879,512,False,0,0.010863631612712366,3.535380703201344e-05,0.0003,0.005100796317435822,2.36143159866333,3.6523006841093775e-11,7.24306200861801,20.237837035836804,20.237460485253017,12999,3.5531668663024902,3.0674498081207275,0.0007154845853103093,0.9198175011710167
0.0006188200786709785,0.0054982746951282024,48,True,0,0.028454621773878506,4.3799169985107945e-05,0.0003,0.00592229513624807,2.36143159866333,3.6523006841093775e-11,7.24306200861801,20.237460485253017,20.237079497295287,13000,3.5530447959899902,3.06734037399292,0.0008863839718605019,0.9188977058744092
0.000620276783592999,0.0055540334433317184,512,False,0,0.009073837760397337,4.242205465503188e-05,0.0003,0.005732548703611482,2.36143159866333,3.6523006841093775e-11,7.24306200861801,20.237079497295287,20.236699308223773,13001,3.5529205799102783,3.0672311782836914,0.0008584984924924857,0.9179787459870137
0.0006209022249095142,0.005414782091975212,512,False,0,0.00902253519557146,3.241562451574243e-05,0.0003,0.004870820297257509,2.36143159866333,3.6523006841093775e-11,7.24306200861801,20.143062205822318,20.14268112064771,13249,3.523717164993286,3.040248394012451,0.0006529499410611787,0.7162673369127364
0.0006205450627021492,0.005363511852920055,48,True,0,0.026424417049610183,3.889823234160301e-05,0.0003,0.005280518563733674,2.36143159866333,3.6523006841093775e-11,7.24306200861801,20.14268112064771,20.1423000134232,13250,3.523594617843628,3.040140390396118,0.000783514690213775,0.7155510851590237
0.0006208835984580219,0.005411983467638493,512,False,0,0.00833728731102154,3.799902740122992e-05,0.0003,0.005191834803605927,2.36143159866333,3.6523006841093775e-11,7.24306200861801,20.1423000134232,20.14191795203351,13251,3.523472547531128,3.0400326251983643,0.0007653878101338619,0.714835549524506
0.0006208077538758516,0.005331107415258884,512,False,0,0.00857049784410518,3.1177249904901484e-05,0.0003,0.004773373557630049,2.36143159866333,3.6523006841093775e-11,7.24306200861801,20.047902809810243,20.04752220289463,13499,3.4943687915802,3.0136287212371826,0.0006250384759706306,0.5577616054359965
0.0006201182259246707,0.005319745745509863,48,True,0,0.02222350175624721,3.8257387241133504e-05,0.0003,0.005200640902235763,2.36143159866333,3.6523006841093775e-11,7.24306200861801,20.04752220289463,20.04714109752983,13500,3.4942517280578613,3.0135223865509033,0.0007669658201413616,0.5572038444639961
0.0006205782992765307,0.0052787261083722115,512,False,0,0.008609087671579104,3.7335034586646414e-05,0.0003,0.005110201108976195,2.36143159866333,3.6523006841093775e-11,7.24306200861801,20.04714109752983,20.046759473783755,13501,3.4941351413726807,3.013416290283203,0.000748460706239657,0.5566466206229097
0.0006202199729159474,0.005280840676277876,512,False,0,0.009219204187252928,3.0552567329520156e-05,0.0003,0.00469911137103471,2.36143159866333,3.6523006841093775e-11,7.24306200861801,19.952869126325435,19.952489289723008,13749,3.4653470516204834,2.9875168800354004,0.0006096113773991619,0.43433224669399517
0.0006211854051798582,0.005154728423804045,48,True,0,0.028254327235562437,4.1438084168301674e-05,0.0003,0.0053054683235065365,2.36143159866333,3.6523006841093775e-11,7.24306200861801,19.952489289723008,19.95211321122655,13750,3.4652295112609863,2.9874138832092285,0.0008267929305546797,0.4338979187348406
0.0006205433746799827,0.005252208560705185,512,False,0,0.008785039912403146,3.9737631589784544e-05,0.0003,0.005198107290585836,2.36143159866333,3.6523006841093775e-11,7.24306200861801,19.95211321122655,19.951735932152484,13751,3.4651119709014893,2.9873111248016357,0.0007928497242253937,0.4334640681583219
0.0006197213660925627,0.0052483524195849895,512,False,0,0.008438758215322157,2.9412033514162205e-05,0.0003,0.004661572302129807,2.36143159866333,3.6523006841093775e-11,7.24306200861801,19.85802415500137,19.857644533011772,13999,3.4366888999938965,2.961909055709839,0.0005840648719719429,0.3382170924133478
0.0006194058805704117,0.0051619866862893105,48,True,0,0.020781570031210787,3.5224932733622184e-05,0.0003,0.0051328440318726305,2.36143159866333,3.6523006841093775e-11,7.24306200861801,19.857644533011772,19.85726537863744,14000,3.4365758895874023,2.9618077278137207,0.00069948419292352,0.33787886746803086
0.0006200813222676516,0.0051941704005002975,512,False,0,0.007994298120607715,3.4454884998793385e-05,0.0003,0.005105953977230163,2.36143159866333,3.6523006841093775e-11,7.24306200861801,19.85726537863744,19.856886283749827,14001,3.436462640762329,2.9617061614990234,0.0006841797950114743,0.33754100053826747
0.0006196452304720879,0.005216267891228199,512,False,0,0.007607027739590409,2.9477218156466337e-05,0.0003,0.004699661576506635,2.36143159866333,3.6523006841093775e-11,7.24306200861801,19.76352982077589,19.7631556286295,14249,3.4083781242370605,2.9367880821228027,0.000582573880068839,0.2633716540277314
0.0006201504729688168,0.005231376737356186,48,True,0,0.025508684833301487,3.605937081108806e-05,0.0003,0.0051426790596473945,2.36143159866333,3.6523006841093775e-11,7.24306200861801,19.7631556286295,19.762779498022002,14250,3.4082674980163574,2.9366886615753174,0.0007126469572099934,0.26310825871120397
0.0006201790529303253,0.005156826227903366,512,False,0,0.00844029893015057,3.524769440040045e-05,0.0003,0.005065623935913075,2.36143159866333,3.6523006841093775e-11,7.24306200861801,19.762779498022002,19.762402958549806,14251,3.408158302307129,2.9365899562835693,0.000696592412248779,0.2628451616437172
0.0006208479753695428,0.0051424866542220116,512,False,0,0.008717937501774485,2.860825016326487e-05,0.0003,0.004594066368612069,2.36143159866333,3.6523006841093775e-11,7.24306200861801,19.66958677616537,19.6692120763379,14499,3.3804571628570557,2.912140130996704,0.0005627124591005855,0.205089036535761
0.0006196292815729976,0.005159392952919006,48,True,0,0.021086616558399645,3.490497428204067e-05,0.0003,0.004977837058990938,2.36143159866333,3.6523006841093775e-11,7.24306200861801,19.6692120763379,19.66883457616654,14500,3.3803458213806152,2.9120407104492188,0.000686553341672578,0.2048839562837092
0.000619702972471714,0.00518985278904438,512,False,0,0.007374191732781297,3.4095893482315896e-05,0.0003,0.0049256235452879394,2.36143159866333,3.6523006841093775e-11,7.24306200861801,19.66883457616654,19.66845846058363,14501,3.380234956741333,2.9119412899017334,0.0006706264886302663,0.20467907003616695
0.0006193367880769074,0.005157508421689272,512,False,0,0.008680930455725048,2.8293316615296045e-05,0.0003,0.004612895338732425,2.36143159866333,3.6523006841093775e-11,7.24306200861801,19.576214616583947,19.575844285001814,14749,3.3527984619140625,2.8879354000091553,0.0005538760382759959,0.1597040663912273
0.0006200834177434444,0.005115974694490433,48,True,0,0.023860002368738337,3.427179152665929e-05,0.0003,0.005039263596859429,2.36143159866333,3.6523006841093775e-11,7.24306200861801,19.575844285001814,19.575472806180162,14750,3.352689266204834,2.8878397941589355,0.0006708992542939269,0.15954436729106491
0.000619864440523088,0.005136534571647644,512,False,0,0.00807897769473354,3.348096773359675e-05,0.0003,0.004932723476768469,2.36143159866333,3.6523006841093775e-11,7.24306200861801,19.575472806180162,19.575100766551138,14751,3.352579116821289,2.8877437114715576,0.0006554057733936188,0.15938483224929148
0.000620146922301501,0.00513458950445056,512,False,0,0.008697042631367193,2.7933089220223476e-05,0.0003,0.0046153936149189445,2.36143159866333,3.6523006841093775e-11,7.24306200861801,19.483620918433413,19.483252249529695,14999,3.3255510330200195,2.8641622066497803,0.000544237721447613,0.1243625303216852
0.0006185024394653738,0.005188038572669029,48,True,0,0.01710397073967097,3.236400220124102e-05,0.0003,0.004865446510562085,2.36143159866333,3.6523006841093775e-11,7.24306200861801,19.483252249529695,19.482882926845107,15000,3.3254401683807373,2.8640685081481934,0.0006305560186911131,0.12423817237617084
0.0006195338210090995,0.00510136503726244,512,False,0,0.0076067788967485684,3.2208398954001685e-05,0.0003,0.004864141011090949,2.36143159866333,3.6523006841093775e-11,7.24306200861801,19.482882926845107,19.482513043225698,15001,3.325330972671509,2.863974094390869,0.0006275124660819352,0.1241139337820054
0.0006194146699272096,0.005103005096316338,512,False,0,0.006909668688905636,2.727784369638278e-05,0.0003,0.004565304047852981,2.36143159866333,3.6523006841093775e-11,7.24306200861801,19.391752636926388,19.391386958272726,15249,3.298699378967285,2.840813398361206,0.0005289651974289966,0.09684188046186366
0.0006185992388054729,0.0050812456756830215,48,True,0,0.02260249179123079,3.32851102638555e-05,0.0003,0.004883366983807706,2.36143159866333,3.6523006841093775e-11,7.24306200861801,19.391386958272726,19.391020803651994,15250,3.298590660095215,2.8407211303710938,0.0006454444530751972,0.09674503910012408
0.0006190363201312721,0.005116359796375036,512,False,0,0.007309076225740383,3.2379545485332586e-05,0.0003,0.00483546723350454,2.36143159866333,3.6523006841093775e-11,7.24306200861801,19.391020803651994,19.390655361917602,15251,3.2984814643859863,2.8406291007995605,0.0006278724401188802,0.09664830213609302
0.0006191373104229569,0.005065013188868761,512,False,0,0.007162138931058973,2.7090501633453705e-05,0.0003,0.004567443744086174,2.36143159866333,3.6523006841093775e-11,7.24306200861801,19.300723909067532,19.3003605169434,15499,3.2721848487854004,2.8178718090057373,0.000522866292585433,0.0754113765086103
0.0006202522199600935,0.004980787169188261,48,True,0,0.018607549233713827,3.1851152269795016e-05,0.0003,0.00482371681981259,2.36143159866333,3.6523006841093775e-11,7.24306200861801,19.3003605169434,19.299996777261228,15500,3.2720797061920166,2.8177807331085205,0.0006147387216871038,0.07533596511463297
0.0006187206017784774,0.005099412985146046,512,False,0,0.007631615461655043,3.116796228046683e-05,0.0003,0.004793406535967472,2.36143159866333,3.6523006841093775e-11,7.24306200861801,19.299996777261228,19.299633708548562,15501,3.271974802017212,2.8176896572113037,0.0006015415715668094,0.07526063574496643
0.0006187591934576631,0.005116879940032959,512,False,0,0.007705004843121818,2.7108768347717575e-05,0.0003,0.00457112518788646,2.36143159866333,3.6523006841093775e-11,7.24306200861801,19.2104782300647,19.210118399870996,15749,3.246063232421875,2.795332670211792,0.0005207724041876955,0.05872331751081702
0.0006171248969621956,0.005076478235423565,48,True,0,0.02054159564211231,3.217167708331468e-05,0.0003,0.004873068556999639,2.36143159866333,3.6523006841093775e-11,7.24306200861801,19.210118399870996,19.209760578448396,15750,3.245957136154175,2.7952446937561035,0.0006180217258928914,0.05866459956014407
0.0006176488241180778,0.005115076899528503,512,False,0,0.007364500461118568,3.159369283403961e-05,0.0003,0.004825747603886126,2.36143159866333,3.6523006841093775e-11,7.24306200861801,19.209760578448396,19.209402436404506,15751,3.2458510398864746,2.795156717300415,0.0006069072751309417,0.05860593380767542
0.0006177297909744084,0.005133509170264006,512,False,0,0.007445788261728449,2.6333128904266286e-05,0.0003,0.004547235662780906,2.36143159866333,3.6523006841093775e-11,7.24306200861801,19.12119755647996,19.120844051724553,15999,3.2202563285827637,2.773179292678833,0.0005035209600587283,0.045728228092567595
0.00061789684696123,0.005171957891434431,48,True,0,0.019731371186304195,3.149910341142696e-05,0.0003,0.004939792576269384,2.36143159866333,3.6523006841093775e-11,7.24306200861801,19.120844051724553,19.120488375529728,16000,3.22015118598938,2.7730910778045654,0.0006022894440990398,0.045682500156673175
0.0006176867755129933,0.005106491968035698,512,False,0,0.006971252673872072,3.0356232285485774e-05,0.0003,0.004870554542639937,2.36143159866333,3.6523006841093775e-11,7.24306200861801,19.120488375529728,19.120133660289035,16001,3.2200465202331543,2.773002862930298,0.000580425986539511,0.04563682067637334
0.0006173474830575287,0.005126341246068478,512,False,0,0.007623097104189287,2.6558620518181565e-05,0.0003,0.004550729421077166,2.36143159866333,3.6523006841093775e-11,7.24306200861801,19.032875385589417,19.03252270667085,16249,3.1948330402374268,2.7513976097106934,0.000505486914735708,0.03560888660611713
0.0006163083016872406,0.005288142245262861,48,True,0,0.02060724294034827,3.3048371338733884e-05,0.0003,0.004904088547071685,2.36143159866333,3.6523006841093775e-11,7.24306200861801,19.03252270667085,19.032170524982035,16250,3.1947338581085205,2.7513115406036377,0.0006289938779229428,0.0355732806434487
0.0006170391570776701,0.005118591710925102,512,False,0,0.0070774988373863285,3.1854118353622154e-05,0.0003,0.004841355670473336,2.36143159866333,3.6523006841093775e-11,7.24306200861801,19.032170524982035,19.031819594560872,16251,3.194633960723877,2.751225233078003,0.0006062530124290969,0.03553770823985579
0.0006163897924125195,0.005130789242684841,512,False,0,0.006819983772535312,2.6753706462945028e-05,0.0003,0.004567887483887907,2.36143159866333,3.6523006841093775e-11,7.24306200861801,18.945439506935873,18.945092449918253,16499,3.169708490371704,2.729989528656006,0.0005068607273800444,0.02772891133307109
0.0006156531162559986,0.005158673506230116,48,True,0,0.017022152796708108,3.092980790939304e-05,0.0003,0.004820206942965224,2.36143159866333,3.6523006841093775e-11,7.24306200861801,18.945092449918253,18.944743120125718,16500,3.1696062088012695,2.7299036979675293,0.000585968070301664,0.02770118403234221
0.0006166838575154543,0.005111624952405691,512,False,0,0.006766058310555446,3.024806094535199e-05,0.0003,0.004765984084105895,2.36143159866333,3.6523006841093775e-11,7.24306200861801,18.944743120125718,18.944394983466637,16501,3.1695051193237305,2.729818344116211,0.0005730417444916006,0.02767348283675242
0.0006157060852274299,0.005160023923963308,512,False,0,0.007008093725945844,2.5636055957919088e-05,0.0003,0.004516733232109301,2.36143159866333,3.6523006841093775e-11,7.24306200861801,18.858960104816006,18.85861610523934,16749,3.1449904441833496,2.708937644958496,0.0004834693565552268,0.021592711087480166
0.0006143078790046275,0.005314485635608435,48,True,0,0.017906005686592678,3.004656979498988e-05,0.0003,0.004805416423132662,2.36143159866333,3.6523006841093775e-11,7.24306200861801,18.85861610523934,18.85827155038515,16750,3.144892930984497,2.7088534832000732,0.000566636725042994,0.021571120757737327
0.0006158033502288163,0.005139240995049477,512,False,0,0.007241468151042562,2.9625780254645174e-05,0.0003,0.004777208654079237,2.36143159866333,3.6523006841093775e-11,7.24306200861801,18.85827155038515,18.857928610325544,16751,3.1447954177856445,2.7087690830230713,0.0005586910089341372,0.02154955092895943
0.0006144152139313519,0.005160504952073097,512,False,0,0.007184989391118806,2.6370249552587985e-05,0.0003,0.004587262924529643,2.36143159866333,3.6523006841093775e-11,7.24306200861801,18.77349332619934,18.773153700058273,16999,3.1205532550811768,2.688234806060791,0.0004950617039857217,0.01681442702078509
0.0006174127338454127,0.004927739966660738,48,True,0,0.014669426249742545,3.0089672550310622e-05,0.0003,0.004767992111157721,2.36143159866333,3.6523006841093775e-11,7.24306200861801,18.773153700058273,18.772813894770763,17000,3.120455503463745,2.68815279006958,0.0005648780475714057,0.01679761237525109
0.0006149582332000136,0.005113357212394476,512,False,0,0.009234058687149436,2.9025961006948777e-05,0.0003,0.004699170967161972,2.36143159866333,3.6523006841093775e-11,7.24306200861801,18.772813894770763,18.772474030703243,17001,3.1203582286834717,2.6880710124969482,0.0005448989641003224,0.016780814503777542
0.0006142941419966519,0.005158713087439537,512,False,0,0.007327147090176715,2.6512655543018526e-05,0.0003,0.004579729171901097,2.36143159866333,3.6523006841093775e-11,7.24306200861801,18.688988643168813,18.688652530009325,17249,3.0964415073394775,2.667867422103882,0.0004954947183437199,0.013093561329829912
0.000613215786870569,0.005223254673182964,48,True,0,0.02220673403174462,3.1833056341297125e-05,0.0003,0.004951544271408299,2.36143159866333,3.6523006841093775e-11,7.24306200861801,18.688652530009325,18.68831770773787,17250,3.096343994140625,2.667787790298462,0.0005949169289307119,0.0130804697031887
0.0006141024641692638,0.005189365707337856,512,False,0,0.007255003141442403,3.053765733861254e-05,0.0003,0.004845700165069597,2.36143159866333,3.6523006841093775e-11,7.24306200861801,18.68831770773787,18.687982859507134,17251,3.0962469577789307,2.667708396911621,0.0005706974423940241,0.013067389252785128
0.0006130876718088984,0.00514971325173974,512,False,0,0.007742270017551575,2.5943219949313325e-05,0.0003,0.004545241182421978,2.36143159866333,3.6523006841093775e-11,7.24306200861801,18.605520375406208,18.605187984860876,17499,3.0726890563964844,2.6478352546691895,0.0004826871073705939,0.010196119536515244
0.0006128931418061256,0.005281588062644005,48,True,0,0.017874917916735407,3.0133390946696617e-05,0.0003,0.004847165998974658,2.36143159866333,3.6523006841093775e-11,7.24306200861801,18.605187984860876,18.60485524808321,17500,3.0725960731506348,2.647756338119507,0.0005606374031845954,0.010185923901979341
0.0006129092653281987,0.00519497599452734,512,False,0,0.007503054306285485,2.9941240738936768e-05,0.0003,0.004809973282572104,2.36143159866333,3.6523006841093775e-11,7.24306200861801,18.60485524808321,18.60452329142423,17501,3.072502374649048,2.647677183151245,0.0005570524498959306,0.010175739442939412
0.0006120525067672133,0.00516930315643549,512,False,0,0.007140967979384418,2.538113080054761e-05,0.0003,0.004516608517987216,2.36143159866333,3.6523006841093775e-11,7.24306200861801,18.523046880090178,18.52272098737165,17749,3.049236297607422,2.628127098083496,0.0004701358756882441,0.00793985371157944
0.0006124487845227122,0.005058903247117996,48,True,0,0.0160094146158566,3.078776447916733e-05,0.0003,0.004777079333350736,2.36143159866333,3.6523006841093775e-11,7.24306200861801,18.52272098737165,18.52239275670181,17750,3.049145221710205,2.6280481815338135,0.000570273171272528,0.007931914446801925
0.0006121104233898222,0.005223079584538937,512,False,0,0.007451604441596135,2.9889772850056848e-05,0.0003,0.004727171238742816,2.36143159866333,3.6523006841093775e-11,7.24306200861801,18.52239275670181,18.522065683921433,17751,3.049053907394409,2.627969741821289,0.0005536301121373553,0.00792398356716269
0.0006108992965891957,0.005200160667300224,512,False,0,0.008105259761869288,2.524084114365964e-05,0.0003,0.004512686335970013,2.36143159866333,3.6523006841093775e-11,7.24306200861801,18.44154135819365,18.441218040867895,17999,3.0261471271514893,2.608743667602539,0.00046548001586639516,0.006182890542365398
0.0006109919049777091,0.005206252448260784,48,True,0,0.017974713486657298,3.0114510912007125e-05,0.0003,0.004789109063527952,2.36143159866333,3.6523006841093775e-11,7.24306200861801,18.441218040867895,18.440895253832277,18000,3.026055097579956,2.608666181564331,0.0005553482619224189,0.006176708827144958
0.0006111270631663501,0.005174233578145504,512,False,0,0.007469428777212827,2.9647589703787486e-05,0.0003,0.004754513561324633,2.36143159866333,3.6523006841093775e-11,7.24306200861801,18.440895253832277,18.440571737653013,18001,3.0259628295898438,2.608588695526123,0.0005467280962561413,0.006170532699074678
0.0006098807789385319,0.005226226057857275,512,False,0,0.00697718163379381,2.542551818721938e-05,0.0003,0.004575445102841366,2.36143159866333,3.6523006841093775e-11,7.24306200861801,18.361055764281858,18.36073523033592,18249,3.003330945968628,2.589656352996826,0.0004668393572712976,0.00481474178754289
0.0006097980658523738,0.00506227882578969,48,True,0,0.015464020566704196,2.9312217662580146e-05,0.0003,0.004790172930238885,2.36143159866333,3.6523006841093775e-11,7.24306200861801,18.36073523033592,18.360415582727843,18250,3.0032382011413574,2.589580774307251,0.00053819386751661,0.004809927415634491
0.0006103540654294193,0.005213621072471142,512,False,0,0.006808002301920799,2.872280147620977e-05,0.0003,0.004755355695627484,2.36143159866333,3.6523006841093775e-11,7.24306200861801,18.360415582727843,18.360094586048323,18251,3.003145694732666,2.589505195617676,0.0005273625718034002,0.004805117699452102
0.0006090810056775808,0.005265011917799711,512,False,0,0.007328917310388213,2.498483211999252e-05,0.0003,0.004508996680405343,2.36143159866333,3.6523006841093775e-11,7.24306200861801,18.281596249383924,18.281279854532666,18499,2.9808788299560547,2.5708813667297363,0.0004567626131763422,0.0037493521826694994
0.0006090906681492925,0.005222299601882696,48,True,0,0.016333337467186314,2.887577893092912e-05,0.0003,0.004746071551958504,2.36143159866333,3.6523006841093775e-11,7.24306200861801,18.281279854532666,18.280965278858062,18500,2.9807891845703125,2.5708072185516357,0.0005278861956539334,0.003745604226102854
0.000609365408308804,0.005176425911486149,512,False,0,0.006443317789942016,2.8408482329595538e-05,0.0003,0.004709607776247552,2.36143159866333,3.6523006841093775e-11,7.24306200861801,18.280965278858062,18.280650753903533,18501,2.9807000160217285,2.570732831954956,0.0005193344790923888,0.003741858829132969
0.0006081591127440333,0.0052509247325360775,512,False,0,0.007879299947871973,2.5484739680231177e-05,0.0003,0.004541699569879801,2.36143159866333,3.6523006841093775e-11,7.24306200861801,18.203074963457205,18.2027636390732,18749,2.958677053451538,2.552398204803467,0.0004639006268234405,0.0029197239000653278
0.0006079911254346371,0.0052788518369197845,48,True,0,0.016992838194409794,2.9134060467956738e-05,0.0003,0.004737748172194863,2.36143159866333,3.6523006841093775e-11,7.24306200861801,18.2027636390732,18.202452344404367,18750,2.958587884902954,2.5523245334625244,0.0005303204165446829,0.0029168055351441757
0.0006085190689191222,0.005201560445129871,512,False,0,0.00671417381281432,2.8749360127160618e-05,0.0003,0.004719427758408861,2.36143159866333,3.6523006841093775e-11,7.24306200861801,18.202452344404367,18.20214044333592,18751,2.958498477935791,2.552250385284424,0.0005233088576467602,0.0029138887968522664
0.0006074827397242188,0.005241583567112684,512,False,0,0.006552697386406051,2.5422712133511314e-05,0.0003,0.004537940628812886,2.36143159866333,3.6523006841093775e-11,7.24306200861801,18.12555978346092,18.125253005884915,18999,2.9367802143096924,2.534200429916382,0.0004608008886336766,0.002273692733425925
0.0006064076442271471,0.0053572217002511024,48,True,0,0.020003418422253595,3.0348288226345522e-05,0.0003,0.004836733967161264,2.36143159866333,3.6523006841093775e-11,7.24306200861801,18.125253005884915,18.124943497004878,19000,2.9366917610168457,2.5341286659240723,0.000550070402398031,0.002271420752838685
0.0006071162060834467,0.0052795615047216415,512,False,0,0.007220762821731826,2.9399821410317817e-05,0.0003,0.004770944359217246,2.36143159866333,3.6523006841093775e-11,7.24306200861801,18.124943497004878,18.12463464239128,19001,2.9366040229797363,2.5340569019317627,0.0005328701018840447,0.002269149924742857
0.0006062638713046908,0.0051954928785562515,512,False,0,0.0067272750726104676,2.459552960942538e-05,0.0003,0.00452289854667018,2.36143159866333,3.6523006841093775e-11,7.24306200861801,18.049011872747354,18.048708240757446,19249,2.915226697921753,2.5162925720214844,0.0004439250059370278,0.001770630654919502
0.0006065143388696015,0.005305284168571234,48,True,0,0.01977956725184642,2.95958690550627e-05,0.0003,0.004866631352675722,2.36143159866333,3.6523006841093775e-11,7.24306200861801,18.048708240757446,18.04840543835927,19250,2.915137767791748,2.516221523284912,0.0005341672057064884,0.0017688628573460374
0.0006059451261535287,0.005229932256042957,512,False,0,0.007435100797738275,2.8699349761996852e-05,0.0003,0.004800248279309324,2.36143159866333,3.6523006841093775e-11,7.24306200861801,18.04840543835927,18.048101640265763,19251,2.915048837661743,2.5161499977111816,0.0005179775003217988,0.001767094468995136
0.0006051951204426587,0.005227412097156048,512,False,0,0.007499131444957483,2.558258824409315e-05,0.0003,0.0045368888224222486,2.36143159866333,3.6523006841093775e-11,7.24306200861801,17.973506115256665,17.973204148526655,19499,2.8939208984375,2.4986517429351807,0.0004598088062493015,0.0013789015736062518
0.0006046304479241371,0.005150040611624718,48,True,0,0.02235805827486939,3.153062472928729e-05,0.0003,0.0049931630705512655,2.36143159866333,3.6523006841093775e-11,7.24306200861801,17.973204148526655,17.972904241259172,19500,2.893836498260498,2.498581886291504,0.0005667063551900634,0.0013775263094678784
0.0006052742246538401,0.005272708833217621,512,False,0,0.008300891009530685,2.891006017820215e-05,0.0003,0.004842168105849772,2.36143159866333,3.6523006841093775e-11,7.24306200861801,17.972904241259172,17.97260386915136,19501,2.8937506675720215,2.498512029647827,0.0005195977431918673,0.0013761492900033051
0.0006041068118065596,0.0052803512662649155,512,False,0,0.007278140141149938,2.5633457764768667e-05,0.0003,0.004558366108634024,2.36143159866333,3.6523006841093775e-11,7.24306200861801,17.8989294981753,17.898632895038844,19749,2.8729076385498047,2.4812839031219482,0.00045881145332604857,0.001073849081585781
0.0006041067535988986,0.005070338025689125,48,True,0,0.01592693110682323,2.9444913772717297e-05,0.0003,0.004763489149261812,2.36143159866333,3.6523006841093775e-11,7.24306200861801,17.898632895038844,17.898334908723037,19750,2.87282395362854,2.481215000152588,0.0005270237022439401,0.001072777421152525
0.000603899301495403,0.005266955122351646,512,False,0,0.00632725217421963,2.870709156618021e-05,0.0003,0.004708374586686625,2.36143159866333,3.6523006841093775e-11,7.24306200861801,17.898334908723037,17.898037150607287,19751,2.8727405071258545,2.4811463356018066,0.0005138091391068719,0.0010717047102192067
0.0006029531359672546,0.0052466364577412605,512,False,0,0.008111438448783327,2.6078451545841157e-05,0.0003,0.004581616552866552,2.36143159866333,3.6523006841093775e-11,7.24306200861801,17.825382180289264,17.825089996003097,19999,2.8522276878356934,2.464188575744629,0.000464858365474774,0.0008363247822021884
0.0006023991154506803,0.005231580697000027,48,True,0,0.020082882372977225,3.3846625524348926e-05,0.0003,0.005005870905709982,2.36143159866333,3.6523006841093775e-11,7.24306200861801,17.825089996003097,17.824797569957287,20000,2.8521487712860107,2.464120626449585,0.0006033191460325351,0.0008354916986691601
0.0006031751399859786,0.005241976585239172,512,False,0,0.008654198974915523,3.077343241690648e-05,0.0003,0.004855172533151419,2.36143159866333,3.6523006841093775e-11,7.24306200861801,17.824797569957287,17.82450651016954,20001,2.8520703315734863,2.464052438735962,0.0005485302033641194,0.0008346569785231746
0.0006020610453560948,0.0052486564964056015,512,False,0,0.010335162484127946,2.5296299823503674e-05,0.0003,0.004534774012862742,2.36143159866333,3.6523006841093775e-11,7.24306200861801,17.752739088906758,17.752449894146693,20249,2.8318166732788086,2.447343111038208,0.0004490786106814188,0.0006513615146800081
0.0006025927141308784,0.005309596657752991,48,True,0,0.01725066569142719,3.0712948077494434e-05,0.0003,0.0047642463915178335,2.36143159866333,3.6523006841093775e-11,7.24306200861801,17.752449894146693,17.752158119293682,20250,2.8317325115203857,2.4472765922546387,0.0005452300718472489,0.0006507110669796065
0.0006016845582053065,0.005293018184602261,512,False,0,0.00769418996443798,2.969299867129517e-05,0.0003,0.004723025366830068,2.36143159866333,3.6523006841093775e-11,7.24306200861801,17.752158119293682,17.75186760903067,20251,2.831648588180542,2.4472100734710693,0.0005271148074488091,0.0006500607268460684
0.0006010376382619143,0.005269244313240051,512,False,0,0.0064289767188165925,2.463234820706627e-05,0.0003,0.004536426819906863,2.36143159866333,3.6523006841093775e-11,7.24306200861801,17.681051339211866,17.680767132499277,20499,2.8116652965545654,2.430755376815796,0.00043552581325448207,0.0005073222082902265
0.0006004681345075369,0.0053504882380366325,48,True,0,0.01912628662811438,2.988489452891591e-05,0.0003,0.004867472441403378,2.36143159866333,3.6523006841093775e-11,7.24306200861801,17.680767132499277,17.680481043608673,20500,2.8115854263305664,2.430689811706543,0.0005283878609450639,0.0005068167440924534
0.0006003593443892896,0.005304562859237194,512,False,0,0.006832642956000782,2.8983453902372692e-05,0.0003,0.004818523938696775,2.36143159866333,3.6523006841093775e-11,7.24306200861801,17.680481043608673,17.680195752761115,20501,2.811504364013672,2.430624485015869,0.0005124414072992062,0.0005063100501199655
0.0005997908301651478,0.005269017070531845,512,False,0,0.009822296652881691,2.4639340834213194e-05,0.0003,0.0045122134170495435,2.36143159866333,3.6523006841093775e-11,7.24306200861801,17.610344882100872,17.61006290941607,20749,2.79179310798645,2.4144153594970703,0.00043390728975812535,0.00039516912550530283
0.0005994703387841582,0.00534075265750289,48,True,0,0.019901277222141266,3.0852000528154156e-05,0.0003,0.004928056183237865,2.36143159866333,3.6523006841093775e-11,7.24306200861801,17.61006290941607,17.60978211390594,20750,2.7917141914367676,2.4143505096435547,0.0005433056701821324,0.0003947773537582396
0.0005999414715915918,0.005292271729558706,512,False,0,0.007967470210720556,3.109084922633959e-05,0.0003,0.0049470106323249285,2.36143159866333,3.6523006841093775e-11,7.24306200861801,17.60978211390594,17.60950216004231,20751,2.791635513305664,2.414285659790039,0.0005475030806121412,0.0003943829829558842
0.0005979705601930618,0.005354384891688824,512,False,0,0.0071539344533870786,2.486819350309191e-05,0.0003,0.004525799705649896,2.36143159866333,3.6523006841093775e-11,7.24306200861801,17.540590759349538,17.540313367377866,20999,2.772203207015991,2.3983213901519775,0.00043620280516205016,0.00030783095590794843
0.0005993313388898969,0.005257847718894482,48,True,0,0.014110797443955589,2.932341254092947e-05,0.0003,0.0046843989166692485,2.36143159866333,3.6523006841093775e-11,7.24306200861801,17.540313367377866,17.540038650232656,21000,2.7721259593963623,2.39825701713562,0.000514341844968801,0.00030752391266849826
0.0005981052527204156,0.0053361039608716965,512,False,0,0.0065407975791854315,2.8929039388552502e-05,0.0003,0.0046537866450726785,2.36143159866333,3.6523006841093775e-11,7.24306200861801,17.540038650232656,17.53976379048306,21001,2.7720487117767334,2.398193120956421,0.0005074164689893138,0.000307216632314101
0.0005969189805909991,0.005309097468852997,512,False,0,0.008272511204133966,2.4516994358029263e-05,0.0003,0.00449137068093035,2.36143159866333,3.6523006841093775e-11,7.24306200861801,17.471728149694545,17.47145588243539,21249,2.7528975009918213,2.382458448410034,0.00042835426047108224,0.00023982204022570617
0.0005967947072349489,0.005332728382200003,48,True,0,0.01926113819276011,3.035683256372443e-05,0.0003,0.004790319206126138,2.36143159866333,3.6523006841093775e-11,7.24306200861801,17.47145588243539,17.471181999448916,21250,2.752819776535034,2.3823955059051514,0.0005303780608675894,0.00023958654276119107
0.0005969890626147389,0.005287599749863148,512,False,0,0.0074311534065333185,2.9868581932049687e-05,0.0003,0.0047435601980132394,2.36143159866333,3.6523006841093775e-11,7.24306200861801,17.471181999448916,17.470906811872734,21251,2.7527425289154053,2.3823328018188477,0.0005218394310002916,0.00023934732682100092
0.0005956068634986877,0.0053428905084729195,512,False,0,0.0077012070086571295,2.4501934602987237e-05,0.0003,0.004475451823076254,2.36143159866333,3.6523006841093775e-11,7.24306200861801,17.40384195692901,17.40357203824828,21499,2.7338273525238037,2.366831064224243,0.00042642779746940003,0.000186870665368237
0.0005958962137810886,0.005316850729286671,48,True,0,0.017132982125474094,2.913268123409267e-05,0.0003,0.004717109725448133,2.36143159866333,3.6523006841093775e-11,7.24306200861801,17.40357203824828,17.403303107384364,21500,2.733753204345703,2.3667690753936768,0.0005070127165248557,0.00018668570907362606
0.0005961608840152621,0.005286588333547115,512,False,0,0.0075887904320385904,2.921816340739278e-05,0.0003,0.004712302391224528,2.36143159866333,3.6523006841093775e-11,7.24306200861801,17.403303107384364,17.403034580663675,21501,2.7336788177490234,2.3667073249816895,0.0005084925540199429,0.00018649937702444613
0.0005947270547039807,0.0053153797052800655,512,False,0,0.008300203461251827,2.6413358965182173e-05,0.0003,0.004623551266355298,2.36143159866333,3.6523006841093775e-11,7.24306200861801,17.33686559974575,17.336597960728792,21749,2.7150449752807617,2.3514366149902344,0.0004579248544172028,0.000145671433475528
0.0005937641253694892,0.005313101690262556,48,True,0,0.014520813889057389,3.104480942825677e-05,0.0003,0.004750487297294937,2.36143159866333,3.6523006841093775e-11,7.24306200861801,17.336597960728792,17.336328448600057,21750,2.71496844291687,2.3513753414154053,0.0005382113798251304,0.00014552667088118084
0.000594689860008657,0.005294898524880409,512,False,0,0.006342413554718127,2.9917217478857824e-05,0.0003,0.004697680176028511,2.36143159866333,3.6523006841093775e-11,7.24306200861801,17.336328448600057,17.33605940472216,21751,2.7148921489715576,2.351314067840576,0.0005186547084816777,0.00014538133454336456
0.0005931470659561455,0.005354835651814938,512,False,0,0.008148727501967686,2.61597469304854e-05,0.0003,0.004591995695707442,2.36143159866333,3.6523006841093775e-11,7.24306200861801,17.27081024868395,17.270548420490016,21999,2.696504592895508,2.336261510848999,0.0004518000253900058,0.00011357131140902854
0.0005937913665547967,0.005516182631254196,48,True,0,0.01563150612552815,2.9475349879612273e-05,0.0003,0.0047409979024291395,2.36143159866333,3.6523006841093775e-11,7.24306200861801,17.270548420490016,17.270289807990608,22000,2.696429967880249,2.3362016677856445,0.0005090554573067283,0.00011345899300885048
0.000593163596931845,0.005349112208932638,512,False,0,0.007546536211028724,2.8825325934640516e-05,0.0003,0.0047184063237318144,2.36143159866333,3.6523006841093775e-11,7.24306200861801,17.270289807990608,17.270031226199716,22001,2.6963555812835693,2.33614182472229,0.0004978217327010295,0.00011334604947379638
0.0005923378048464656,0.005312169902026653,512,False,0,0.007073547104465352,2.4327303366819613e-05,0.0003,0.004468555419686808,2.36143159866333,3.6523006841093775e-11,7.24306200861801,17.205695083654536,17.20543648908067,22249,2.6782288551330566,2.3213093280792236,0.00041856816393706067,8.85898079975311e-05
0.0005921110860072076,0.0053044455125927925,48,True,0,0.01559204042020166,2.8449509410694316e-05,0.0003,0.004680401070407062,2.36143159866333,3.6523006841093775e-11,7.24306200861801,17.20543648908067,17.205175265744558,22250,2.6781554222106934,2.3212499618530273,0.000489486227311204,8.850256306779359e-05
0.0005924799479544163,0.005303923040628433,512,False,0,0.006802500428314522,2.8168421299568042e-05,0.0003,0.00464615988023883,2.36143159866333,3.6523006841093775e-11,7.24306200861801,17.205175265744558,17.204915147601962,22251,2.678082227706909,2.321190595626831,0.00048464262541840025,8.841431349508561e-05
0.0005905486177653074,0.005327475257217884,512,False,0,0.006642928639057892,2.5029484256420256e-05,0.0003,0.004550374826559962,2.36143159866333,3.6523006841093775e-11,7.24306200861801,17.141404786036325,17.14114817721157,22499,2.6601674556732178,2.3065717220306396,0.00042904052122502305,6.912926328963114e-05
0.0005907632876187563,0.005357872229069471,48,True,0,0.015559051446992385,3.0330734658379046e-05,0.0003,0.004721781698316011,2.36143159866333,3.6523006841093775e-11,7.24306200861801,17.14114817721157,17.140891468506332,22500,2.66009521484375,2.3065133094787598,0.0005199036171029618,6.906170703042342e-05
0.0005909397732466459,0.005324730183929205,512,False,0,0.007679028646190721,2.7640641543096296e-05,0.0003,0.004605526959372105,2.36143159866333,3.6523006841093775e-11,7.24306200861801,17.140891468506332,17.140634595065258,22501,2.660022735595703,2.306454658508301,0.000473785236810101,6.89930379728499e-05
0.0005896497168578207,0.005348116159439087,512,False,0,0.0076251750224107925,2.4353125432552842e-05,0.0003,0.004487966319882527,2.36143159866333,3.6523006841093775e-11,7.24306200861801,17.07796507981317,17.07771237279791,22749,2.642369270324707,2.2920453548431396,0.0004159018257214474,5.397299662494328e-05
0.0005903487908653915,0.005316150840371847,48,True,0,0.01719908318546339,3.0022618170380764e-05,0.0003,0.0047515331949326434,2.36143159866333,3.6523006841093775e-11,7.24306200861801,17.07771237279791,17.077458732739768,22750,2.6422958374023438,2.291987419128418,0.000512717637792099,5.392003724168293e-05
0.0005896834190934896,0.0053192502819001675,512,False,0,0.006634471092700756,2.8460465830064425e-05,0.0003,0.004663444931672177,2.36143159866333,3.6523006841093775e-11,7.24306200861801,17.077458732739768,17.077204506116523,22751,2.6422226428985596,2.2919294834136963,0.00048603243072747545,5.386635512401675e-05
0.000588235619943589,0.005374344065785408,512,False,0,0.007890470849509359,2.4198981667154972e-05,0.0003,0.004484949047174972,2.36143159866333,3.6523006841093775e-11,7.24306200861801,17.015512735772,17.015265359908494,22999,2.6248021125793457,2.2777256965637207,0.00041175808075018857,4.217935997274572e-05
0.0005885988939553499,0.005392595659941435,48,True,0,0.018359523455302677,3.0087918991589636e-05,0.0003,0.004783047310203642,2.36143159866333,3.6523006841093775e-11,7.24306200861801,17.015265359908494,17.015017496979837,23000,2.624729871749878,2.2776691913604736,0.0005119539257693281,4.21396108072468e-05
0.000588449474889785,0.005326027981936932,512,False,0,0.006825546854494433,2.8987912433649258e-05,0.0003,0.004702523962852466,2.36143159866333,3.6523006841093775e-11,7.24306200861801,17.015017496979837,17.014770531955342,23001,2.6246583461761475,2.2776126861572266,0.0004932298372594615,4.2097816732175794e-05
0.0005871680332347751,0.005337792448699474,512,False,0,0.00910655730829274,2.5204467675114728e-05,0.0003,0.004553629540454206,2.36143159866333,3.6523006841093775e-11,7.24306200861801,16.95388836671111,16.95364518112713,23249,2.6075077056884766,2.2636139392852783,0.00042731373130627375,3.302400157486547e-05
0.00058696826454252,0.0053632305935025215,48,True,0,0.01793455144153626,3.080817492421299e-05,0.0003,0.004874945706109755,2.36143159866333,3.6523006841093775e-11,7.24306200861801,16.95364518112713,16.953402381018726,23250,2.6074395179748535,2.2635579109191895,0.0005223108663432053,3.299257536740602e-05
0.0005867119180038571,0.00538678141310811,512,False,0,0.006803621002431289,2.9748797152611472e-05,0.0003,0.004801307827930407,2.36143159866333,3.6523006841093775e-11,7.24306200861801,16.953402381018726,16.953159444557436,23251,2.6073713302612305,2.2635018825531006,0.0005043433284795264,3.2959872096411844e-05
0.0005857949145138264,0.005330407060682774,512,False,0,0.007441007076434686,2.504759509996241e-05,0.0003,0.0045205982467082925,2.36143159866333,3.6523006841093775e-11,7.24306200861801,16.893138743008546,16.892897848827356,23499,2.590440273284912,2.2496962547302246,0.000423132499202366,2.5928335291707745e-05
0.0005858910153619945,0.005381268914788961,48,True,0,0.02130419199189033,3.175191689509376e-05,0.0003,0.00488890080787909,2.36143159866333,3.6523006841093775e-11,7.24306200861801,16.892897848827356,16.892656759065453,23500,2.59037184715271,2.249640941619873,0.0005363818886132744,2.5908467041642336e-05
0.0005856469506397843,0.005382135510444641,512,False,0,0.007983441200739617,3.045816927026996e-05,0.0003,0.004806576195042228,2.36143159866333,3.6523006841093775e-11,7.24306200861801,16.892656759065453,16.89241537430445,23501,2.590303897857666,2.2495856285095215,0.0005145193989921855,2.5883233765758947e-05
0.0005848455475643277,0.005327442195266485,512,False,0,0.0075910666689192555,2.5009235486040102e-05,0.0003,0.004504462437950305,2.36143159866333,3.6523006841093775e-11,7.24306200861801,16.83323971544725,16.83300169286398,23749,2.5735762119293213,2.235975503921509,0.00042098645603658294,2.0407478561507445e-05
0.0005844911793246865,0.005386208649724722,48,True,0,0.018198819063253956,3.095057346669528e-05,0.0003,0.004778894723863124,2.36143159866333,3.6523006841093775e-11,7.24306200861801,16.83300169286398,16.83276362524551,23750,2.5735089778900146,2.2359209060668945,0.0005209910555599926,2.0389990802333988e-05
0.0005844905972480774,0.005366945639252663,512,False,0,0.007893382196561327,2.8522875788555296e-05,0.0003,0.0046921401414633775,2.36143159866333,3.6523006841093775e-11,7.24306200861801,16.83276362524551,16.832525709533513,23751,2.573441743850708,2.2358663082122803,0.0004801188260609894,2.037013052663283e-05
0.000583394430577755,0.005345339421182871,512,False,0,0.009124898043571809,2.533326630612785e-05,0.0003,0.004510710634635344,2.36143159866333,3.6523006841093775e-11,7.24306200861801,16.774213137330754,16.773978514922117,23999,2.5569753646850586,2.222449779510498,0.0004249456084837483,1.6112946734489914e-05
0.000582949782256037,0.00536463363096118,48,True,0,0.018404802267564406,3.144521532494931e-05,0.0003,0.004735362694485068,2.36143159866333,3.6523006841093775e-11,7.24306200861801,16.773978514922117,16.773745520702644,24000,2.556910753250122,2.2223961353302,0.0005274613662577995,1.6099430462718526e-05
0.0005832504248246551,0.005358127877116203,512,False,0,0.007932899155169088,2.8727512215773886e-05,0.0003,0.004659869453413455,2.36143159866333,3.6523006841093775e-11,7.24306200861801,16.773745520702644,16.77351321333631,24001,2.5568459033966064,2.2223424911499023,0.0004818679793502677,1.6084065694161157e-05
0.0005820611258968711,0.00532304123044014,512,False,0,0.008464485029722447,2.4939100278274436e-05,0.0003,0.004508373850631774,2.36143159866333,3.6523006841093775e-11,7.24306200861801,16.71598114049945,16.715751707324223,24249,2.540562629699707,2.2091100215911865,0.0004168815299126601,1.2766020075383944e-05
0.0005828405264765024,0.005332966335117817,48,True,0,0.01447140969287164,2.9679210258766346e-05,0.0003,0.004634082607688785,2.36143159866333,3.6523006841093775e-11,7.24306200861801,16.715751707324223,16.715522712536906,24250,2.5404980182647705,2.209057092666626,0.0004961103095550082,1.2754604397256856e-05
0.0005821818485856056,0.00532345287501812,512,False,0,0.007924062410967358,2.843728958880718e-05,0.0003,0.004605414352458682,2.36143159866333,3.6523006841093775e-11,7.24306200861801,16.715522712536906,16.71529304224829,24251,2.540432929992676,2.2090041637420654,0.00047534416000469574,1.2742656072181861e-05
0.0005805748514831066,0.005329669453203678,512,False,0,0.008093914873001784,2.445648464330842e-05,0.0003,0.004469075102239163,2.36143159866333,3.6523006841093775e-11,7.24306200861801,16.658545896564174,16.658316888403377,24499,2.5243892669677734,2.1959564685821533,0.0004074094718991702,1.0215056472977658e-05
0.0005807977868244052,0.005404078867286444,48,True,0,0.017261694845717063,2.9899765797021736e-05,0.0003,0.004748127069190822,2.36143159866333,3.6523006841093775e-11,7.24306200861801,16.658316888403377,16.65808679546362,24500,2.5243256092071533,2.19590425491333,0.0004980797735358328,1.0208148340169358e-05
0.0005810506991110742,0.005310378037393093,512,False,0,0.007655667386402505,2.849480999628635e-05,0.0003,0.004703745884524002,2.36143159866333,3.6523006841093775e-11,7.24306200861801,16.65808679546362,16.657857420539916,24501,2.524261474609375,2.195852041244507,0.00047466901813838244,1.0198646273578869e-05
0.0005800961516797543,0.005318486597388983,512,False,0,0.007314269625968592,2.469845708536745e-05,0.0003,0.0044604758445498174,2.36143159866333,3.6523006841093775e-11,7.24306200861801,16.60200135811098,16.601777612877992,24749,2.5084547996520996,2.182982921600342,0.00041004381807451613,8.242824810172905e-06
0.0005796857876703143,0.005352928303182125,48,True,0,0.01645936740796815,2.842130288621329e-05,0.0003,0.0046100935163152935,2.36143159866333,3.6523006841093775e-11,7.24306200861801,16.601777612877992,16.601553376291772,24750,2.508389711380005,2.182931423187256,0.0004718441499851605,8.237427499317793e-06
0.0005800757207907736,0.005351126194000244,512,False,0,0.006870439016793096,2.773549905418028e-05,0.0003,0.004583434640677955,2.36143159866333,3.6523006841093775e-11,7.24306200861801,16.601553376291772,16.601329385980353,24751,2.5083253383636475,2.18287992477417,0.00046045236796606384,8.229793473243438e-06
0.0005787949776276946,0.005285537801682949,512,False,0,0.010016652504182313,2.3951110894022238e-05,0.0003,0.004498838942911231,2.36143159866333,3.6523006841093775e-11,7.24306200861801,16.54622132506927,16.546001325271806,24999,2.4927074909210205,2.1701900959014893,0.0003963003818337696,6.680685861115782e-06
0.0005774544551968575,0.005356419365853071,48,True,0,0.01677407808769764,2.9059710985009657e-05,0.0003,0.004688770828146445,2.36143159866333,3.6523006841093775e-11,7.24306200861801,16.546001325271806,16.545778250427073,25000,2.492642879486084,2.1701395511627197,0.0004808220164699855,6.677286698656464e-06
0.0005782830412499607,0.005374548956751823,512,False,0,0.0065542617794275585,2.7914199683426167e-05,0.0003,0.004616830613245154,2.36143159866333,3.6523006841093775e-11,7.24306200861801,16.545778250427073,16.545555659399316,25001,2.4925782680511475,2.170088768005371,0.000461862158000111,6.671218819662315e-06
0.0005772270960733294,0.005379106383770704,512,False,0,0.007331154666598265,2.4602697360417302e-05,0.0003,0.004459546285899113,2.36143159866333,3.6523006841093775e-11,7.24306200861801,16.491289102756145,16.491070858471588,25249,2.4771616458892822,2.1575703620910645,0.00040573019487825723,5.508716982761194e-06
0.0005770026473328471,0.005377917550504208,48,True,0,0.018539305489968624,3.2558223901265674e-05,0.0003,0.004883508004160478,2.36143159866333,3.6523006841093775e-11,7.24306200861801,16.491070858471588,16.490851959355055,25250,2.4771029949188232,2.157520055770874,0.0005369199773817555,5.508211038136569e-06
0.0005769182462245226,0.005341787356883287,512,False,0,0.012984443193979072,2.844209175284532e-05,0.0003,0.004683663690202948,2.36143159866333,3.6523006841093775e-11,7.24306200861801,16.490851959355055,16.490633204949567,25251,2.477043390274048,2.1574697494506836,0.0004690343245105655,5.506167623941135e-06
0.0005757938488386571,0.0053669665940105915,512,False,0,0.008473743823097428,2.8329529278602014e-05,0.0003,0.004590053889237341,2.36143159866333,3.6523006841093775e-11,7.24306200861801,16.43715968320582,16.43694568567732,25499,2.46185564994812,2.145127773284912,0.0004656569965024359,4.676489713743209e-06
0.000575585407204926,0.005469576455652714,48,True,0,0.020510754151383193,3.016503303013079e-05,0.0003,0.004842827185073517,2.36143159866333,3.6523006841093775e-11,7.24306200861801,16.43694568567732,16.43673051531086,25500,2.4617953300476074,2.145078182220459,0.0004958210095229221,4.6761385740003155e-06
0.0005759805208072066,0.005348910577595234,512,False,0,0.007754256352180656,2.9907809082020196e-05,0.0003,0.00477453525229151,2.36143159866333,3.6523006841093775e-11,7.24306200861801,16.43673051531086,16.436516054035522,25501,2.461735486984253,2.1450283527374268,0.0004915865981845326,4.672621119786367e-06
0.0005747257964685559,0.005336700938642025,512,False,0,0.009610122624971549,2.5238562220438985e-05,0.0003,0.004447375214948979,2.36143159866333,3.6523006841093775e-11,7.24306200861801,16.383842182715814,16.38362979908087,25749,2.446709632873535,2.132845640182495,0.00041350462033832593,4.080979116210223e-06
0.0005751186981797218,0.0053036995232105255,48,True,0,0.019216571797255406,3.2917376424149924e-05,0.0003,0.004864447583017489,2.36143159866333,3.6523006841093775e-11,7.24306200861801,16.38362979908087,16.38341703176058,25750,2.4466516971588135,2.132796287536621,0.0005393061092902648,4.082494120852875e-06
0.0005749349948018789,0.005324528552591801,512,False,0,0.0073128299447055255,3.074912209578199e-05,0.0003,0.004725364889132917,2.36143159866333,3.6523006841093775e-11,7.24306200861801,16.38341703176058,16.383204827287326,25751,2.446593999862671,2.132746934890747,0.0005037756906557203,4.079487869307499e-06
0.0005731579149141908,0.0053663295693695545,512,False,0,0.00823609430374706,2.3680690221221588e-05,0.0003,0.004451320217572705,2.36143159866333,3.6523006841093775e-11,7.24306200861801,16.331338059088345,16.331131135236678,25999,2.4318184852600098,2.120731830596924,0.0003867373574753173,3.628341005942716e-06
0.0005749474512413144,0.00526302307844162,48,True,0,0.01618337383502259,2.9354172359021536e-05,0.0003,0.004696052254328014,2.36143159866333,3.6523006841093775e-11,7.24306200861801,16.331131135236678,16.33092262089827,26000,2.43176007270813,2.1206841468811035,0.0004793868381615205,3.6283698120276256e-06
0.0005736239836551249,0.00535255391150713,512,False,0,0.008209399805882292,2.881933286921831e-05,0.0003,0.004612228078251299,2.36143159866333,3.6523006841093775e-11,7.24306200861801,16.33092262089827,16.330712730126105,26001,2.431701898574829,2.120635986328125,0.00047064629507311435,3.6267286780178385e-06
0.0005720863118767738,0.005319423507899046,512,False,0,0.008425588573820295,2.65625621713546e-05,0.0003,0.004499527451658982,2.36143159866333,3.6523006841093775e-11,7.24306200861801,16.279606317207698,16.279399325365578,26249,2.417092800140381,2.1087777614593506,0.00043242805492600656,3.3391209793270148e-06
0.0005723735666833818,0.005294613540172577,48,True,0,0.020400530286231084,3.4544697138288584e-05,0.0003,0.004958575783829357,2.36143159866333,3.6523006841093775e-11,7.24306200861801,16.279399325365578,16.27919165575026,26250,2.4170334339141846,2.108729839324951,0.0005623669192880133,3.341864907089753e-06
0.0005721116904169321,0.005342163611203432,512,False,0,0.007437093076446945,3.1472270870343956e-05,0.0003,0.004776436357123237,2.36143159866333,3.6523006841093775e-11,7.24306200861801,16.27919165575026,16.278983403946114,26251,2.4169743061065674,2.108682155609131,0.0005123431293400153,3.3400398461047645e-06
0.0005709970137104392,0.005362783558666706,512,False,0,0.007234186171875248,2.4119580822859288e-05,0.0003,0.004469643745468736,2.36143159866333,3.6523006841093775e-11,7.24306200861801,16.228606319358654,16.228404085635106,26499,2.402588367462158,2.096991777420044,0.00039142718176213607,3.1429939810900166e-06
0.000571901910007,0.005283168517053127,48,True,0,0.017210507012387986,3.474053785746649e-05,0.0003,0.004741562085928199,2.36143159866333,3.6523006841093775e-11,7.24306200861801,16.228404085635106,16.228201001112478,26500,2.4025309085845947,2.096944808959961,0.0005637834865032702,3.1438262623707633e-06
0.0005709879333153367,0.0053577483631670475,512,False,0,0.008918648908546297,3.143504656116489e-05,0.0003,0.004640108895193856,2.36143159866333,3.6523006841093775e-11,7.24306200861801,16.228201001112478,16.227998244701283,26501,2.4024736881256104,2.096897602081299,0.0005101342540739134,3.142964667134609e-06
0.000569829368032515,0.00537476222962141,512,False,0,0.0070121104091365695,2.4561188549079345e-05,0.0003,0.004419228666359086,2.36143159866333,3.6523006841093775e-11,7.24306200861801,16.178406535564626,16.17820826100009,26749,2.3882393836975098,2.0853569507598877,0.00039736089334366036,3.014680916384425e-06
0.0005705119692720473,0.005342067219316959,48,True,0,0.016442817729131573,2.7645981265388152e-05,0.0003,0.004587572377876318,2.36143159866333,3.6523006841093775e-11,7.24306200861801,16.17820826100009,16.17800903303606,26750,2.3881819248199463,2.085310697555542,0.0004472624424911563,3.016364937517263e-06
0.0005695811123587191,0.0053283944725990295,512,False,0,0.008011803804705089,2.689042077288504e-05,0.0003,0.00455974622668898,2.36143159866333,3.6523006841093775e-11,7.24306200861801,16.17800903303606,16.177809381850057,26751,2.38812518119812,2.085263967514038,0.00043503347016587464,3.015210689926147e-06
0.0005682188784703612,0.005425386130809784,512,False,0,0.009744089581182306,2.4284555923689366e-05,0.0003,0.00442697025629058,2.36143159866333,3.6523006841093775e-11,7.24306200861801,16.128956642866676,16.128760795277525,26999,2.374094009399414,2.073875904083252,0.0003916845495844569,2.8682493683352174e-06
0.000568652874790132,0.005203064996749163,48,True,0,0.015018756131146258,2.7614339670653248e-05,0.0003,0.0046433607939166035,2.36143159866333,3.6523006841093775e-11,7.24306200861801,16.128760795277525,16.128566133369503,27000,2.374037504196167,2.0738301277160645,0.000445385079067509,2.868679138481806e-06
0.0005683443159796298,0.005297542549669743,512,False,0,0.007861422066953077,2.6557693823401093e-05,0.0003,0.004537801260241952,2.36143159866333,3.6523006841093775e-11,7.24306200861801,16.128566133369503,16.128369844511106,27001,2.3739800453186035,2.073784351348877,0.0004283375211805033,2.867701686724733e-06
0.0005670228274539113,0.005331490654498339,512,False,0,0.007837874839968189,2.624134537962683e-05,0.0003,0.004504622433819852,2.36143159866333,3.6523006841093775e-11,7.24306200861801,16.080274778422815,16.08008230900564,27249,2.3601412773132324,2.062546491622925,0.0004219680442598954,2.8246067898654843e-06
0.0005682234186679125,0.005349108017981052,48,True,0,0.017536801373739093,3.486665433771251e-05,0.0003,0.004784205386880084,2.36143159866333,3.6523006841093775e-11,7.24306200861801,16.08008230900564,16.07988833295082,27250,2.36008358001709,2.0625014305114746,0.0005606586715900657,2.827094748169081e-06
0.0005672047846019268,0.005332282744348049,512,False,0,0.013619820615786506,2.8651448558585177e-05,0.0003,0.00456726736411475,2.36143159866333,3.6523006841093775e-11,7.24306200861801,16.07988833295082,16.07969542755735,27251,2.3600265979766846,2.0624566078186035,0.00046071209339933433,2.828804218551558e-06
0.0005661627510562539,0.0053171985782682896,512,False,0,0.007136202769198908,2.425999767833468e-05,0.0003,0.0044185654187842635,2.36143159866333,3.6523006841093775e-11,7.24306200861801,16.032357094542892,16.032165941014835,27499,2.346344470977783,2.0513710975646973,0.0003889449458918431,2.9909274382785517e-06
0.0005660441820509732,0.005311583634465933,48,True,0,0.02014680003940943,3.2020521844409544e-05,0.0003,0.00470037187272911,2.36143159866333,3.6523006841093775e-11,7.24306200861801,16.032165941014835,16.031976620989568,27500,2.346292495727539,2.051326036453247,0.0005133583197274642,2.996375061586711e-06
0.0005659047164954245,0.005360196344554424,512,False,0,0.009958419153732932,2.873559035569694e-05,0.0003,0.004567483925000425,2.36143159866333,3.6523006841093775e-11,7.24306200861801,16.031976620989568,16.031785986345994,27501,2.3462395668029785,2.051281452178955,0.00046068831277286664,2.997155341435779e-06
0.0005649140803143382,0.005350664723664522,512,False,0,0.00987259139050195,2.369882968929363e-05,0.0003,0.0044009648711169575,2.36143159866333,3.6523006841093775e-11,7.24306200861801,15.985235904494415,15.985048655106668,27749,2.332770824432373,2.0403428077697754,0.00037883138324379476,3.045911615267764e-06
0.0005643215845339,0.0053839730098843575,48,True,0,0.023472198170230104,3.338454663800162e-05,0.0003,0.004873442322196953,2.36143159866333,3.6523006841093775e-11,7.24306200861801,15.985048655106668,15.98486126581656,27750,2.332716703414917,2.0402989387512207,0.0005336536023371337,3.0539947747707227e-06
0.0005651109386235476,0.005289076361805201,512,False,0,0.009115769260296131,3.0126475774361195e-05,0.0003,0.004702472205728531,2.36143159866333,3.6523006841093775e-11,7.24306200861801,15.98486126581656,15.984673743703247,27751,2.332662343978882,2.040255069732666,0.00048156753568114725,3.053430951487272e-06
0.0005633407272398472,0.005327748134732246,512,False,0,0.008851965937678705,2.5515081243836283e-05,0.0003,0.0044321117280143735,2.36143159866333,3.6523006841093775e-11,7.24306200861801,15.93879441423345,15.938609354361324,27999,2.319331645965576,2.0294535160064697,0.00040667963440797045,3.1100933444986234e-06
0.0005634949775412679,0.005509219132363796,48,True,0,0.017292991882268335,3.1187701777488157e-05,0.0003,0.0046791267871281895,2.36143159866333,3.6523006841093775e-11,7.24306200861801,15.938609354361324,15.938424137294342,28000,2.3192784786224365,2.0294103622436523,0.000497088595291704,3.1115772738196734e-06
0.0005632067914120853,0.005336149130016565,512,False,0,0.008290253362593435,2.980911500154066e-05,0.0003,0.004606552092859336,2.36143159866333,3.6523006841093775e-11,7.24306200861801,15.938424137294342,15.938239411697314,28001,2.319225788116455,2.029366970062256,0.00047511031805193857,3.1102618915126693e-06
0.0005618270952254534,0.005329817533493042,512,False,0,0.01138857625286298,2.501372115313901e-05,0.0003,0.0044870245879194475,2.36143159866333,3.6523006841093775e-11,7.24306200861801,15.893096785040848,15.892914347564664,28249,2.3060834407806396,2.0187106132507324,0.00039754549124086186,3.0981407562248395e-06
0.0005614174879156053,0.005377929657697678,48,True,0,0.017872371343390106,3.515241929951847e-05,0.0003,0.004788770055658939,2.36143159866333,3.6523006841093775e-11,7.24306200861801,15.892914347564664,15.892732541868655,28250,2.3060302734375,2.018667697906494,0.0005586743890369262,3.1007169027984072e-06
0.0005618359427899122,0.005322260782122612,512,False,0,0.007585805329862337,3.227365487312168e-05,0.0003,0.00464400659775276,2.36143159866333,3.6523006841093775e-11,7.24306200861801,15.892732541868655,15.892549858411844,28251,2.3059771060943604,2.018625259399414,0.0005129165650470988,3.0994652419581884e-06
0.0005610801745206118,0.0053249625489115715,512,False,0,0.007112513993849895,2.5252190674230655e-05,0.0003,0.004432087864324237,2.36143159866333,3.6523006841093775e-11,7.24306200861801,15.848110771358467,15.84793267273303,28499,2.29301381111145,2.008105754852295,0.00040019951502467266,3.1406883339967073e-06
0.0005610426305793226,0.005179970525205135,48,True,0,0.016885637731481152,3.0501815836546138e-05,0.0003,0.004660975681431399,2.36143159866333,3.6523006841093775e-11,7.24306200861801,15.84793267273303,15.847755603909151,28500,2.292961835861206,2.008063793182373,0.0004833907237736853,3.1422560943633375e-06
0.0005606107879430056,0.005379321053624153,512,False,0,0.010883899786156647,2.9316770185721574e-05,0.0003,0.004558894324006509,2.36143159866333,3.6523006841093775e-11,7.24306200861801,15.847755603909151,15.84757961542592,28501,2.292910099029541,2.008021593093872,0.0004646050089992858,3.14306542613759e-06
0.0005600599688477814,0.005282522179186344,512,False,0,0.006988847919526438,2.4719528063518068e-05,0.0003,0.004429180730120965,2.36143159866333,3.6523006841093775e-11,7.24306200861801,15.803891495272351,15.803716431272576,28749,2.28010892868042,1.9976369142532349,0.0003906647393301794,3.099169190178447e-06
0.0005604693433269858,0.0052675772458314896,48,True,0,0.015390669840578993,3.0398519438574892e-05,0.0003,0.004569368903447754,2.36143159866333,3.6523006841093775e-11,7.24306200861801,15.803716431272576,15.803543395697089,28750,2.280057668685913,1.9975955486297607,0.00048040958113776486,3.098949684219297e-06
0.0005593691021203995,0.005379973445087671,512,False,0,0.008465930942512186,2.843619318535457e-05,0.0003,0.004514758341290061,2.36143159866333,3.6523006841093775e-11,7.24306200861801,15.803543395697089,15.803368913709155,28751,2.280005931854248,1.9975539445877075,0.0004493926130131768,3.097858879314503e-06
0.0005583142628893256,0.005317901726812124,512,False,0,0.009384039966004577,2.5193279779680534e-05,0.0003,0.004499204155846125,2.36143159866333,3.6523006841093775e-11,7.24306200861801,15.760412965254485,15.760240147539657,28999,2.267383337020874,1.9873051643371582,0.00039705649327696074,3.231073994572847e-06
0.000558580388315022,0.005286000203341246,48,True,0,0.01644927213949518,2.932792238251906e-05,0.0003,0.004601988194785588,2.36143159866333,3.6523006841093775e-11,7.24306200861801,15.760240147539657,15.760066989763176,29000,2.2673323154449463,1.9872639179229736,0.0004622150997769038,3.2332302140172227e-06
0.0005586222978308797,0.0052886707708239555,512,False,0,0.00940426052475936,2.7439974971118043e-05,0.0003,0.004550964001630497,2.36143159866333,3.6523006841093775e-11,7.24306200861801,15.760066989763176,15.75989316601626,29001,2.267280340194702,1.9872229099273682,0.0004324558437422452,3.232502405488858e-06
0.0005573555245064199,0.00532124936580658,512,False,0,0.010268270853785946,2.7405541138475138e-05,0.0003,0.004630062347114582,2.36143159866333,3.6523006841093775e-11,7.24306200861801,15.717607645496596,15.717436933262483,29249,2.254779815673828,1.9771053791046143,0.0004307495429270683,3.3592505442980276e-06
0.0005575627437792718,0.005318596959114075,48,True,0,0.0232187504950552,3.5738599080497906e-05,0.0003,0.004730162006633023,2.36143159866333,3.6523006841093775e-11,7.24306200861801,15.717436933262483,15.717268875879025,29250,2.2547292709350586,1.977064847946167,0.0005617191771308785,3.3711281936411306e-06
0.0005571728688664734,0.005326511338353157,512,False,0,0.009923267732519838,3.3412749632703146e-05,0.0003,0.004665158930977411,2.36143159866333,3.6523006841093775e-11,7.24306200861801,15.717268875879025,15.717101959252318,29251,2.254678726196289,1.9770243167877197,0.0005251571698596235,3.370888797553122e-06
0.0005558725097216666,0.0053531713783741,512,False,0,0.008031504560446122,2.586754280448924e-05,0.0003,0.004459278478401559,2.36143159866333,3.6523006841093775e-11,7.24306200861801,15.675537575527155,15.67537219839239,29499,2.2423722743988037,1.9670356512069702,0.0004054876392183282,3.4477378959641966e-06
0.0005572722875513136,0.005281955003738403,48,True,0,0.019481323779923922,3.3109635609452696e-05,0.0003,0.004875136384820765,2.36143159866333,3.6523006841093775e-11,7.24306200861801,15.67537219839239,15.675207241672954,29500,2.2423245906829834,1.9669954776763916,0.0005190058615313174,3.4535458370759215e-06
0.0005557526601478457,0.005343974567949772,512,False,0,0.011833663670786407,3.082828511204098e-05,0.0003,0.004672461789952927,2.36143159866333,3.6523006841093775e-11,7.24306200861801,15.675207241672954,15.675040813646229,29501,2.242276191711426,1.9669551849365234,0.0004832397580366233,3.455184448090602e-06
0.0005549700581468642,0.005321458913385868,512,False,0,0.00856392145399792,2.6334649931249057e-05,0.0003,0.0045607421692144485,2.36143159866333,3.6523006841093775e-11,7.24306200861801,15.634125808191484,15.633962063237295,29749,2.2301247119903564,1.957092046737671,0.00041171923013982897,3.613887636766287e-06
0.0005544103914871812,0.005401294678449631,48,True,0,0.01714580086001671,2.8981610272595038e-05,0.0003,0.004589414946744305,2.36143159866333,3.6523006841093775e-11,7.24306200861801,15.633962063237295,15.633797015779203,29750,2.2300772666931152,1.95705246925354,0.0004530973955332791,3.6181180000649215e-06
0.0005551244248636067,0.005309821106493473,512,False,0,0.01691145174600039,2.991814444898118e-05,0.0003,0.004648770740572468,2.36143159866333,3.6523006841093775e-11,7.24306200861801,15.633797015779203,15.633633443605671,29751,2.2300281524658203,1.9570128917694092,0.0004677341974041331,3.6262485151679167e-06
0.0005537707475014031,0.005281857214868069,512,False,0,0.010178078469678668,2.562906848774862e-05,0.0003,0.004443642094721063,2.36143159866333,3.6523006841093775e-11,7.24306200861801,15.593468913980015,15.593308352488442,29999,2.218010902404785,1.9472746849060059,0.00039964608275797287,3.908682752085705e-06
0.0005531320348381996,0.005408124066889286,48,True,0,0.01712143615913369,2.9583188006378577e-05,0.0003,0.004621281767445236,2.36143159866333,3.6523006841093775e-11,7.24306200861801,15.593308352488442,15.593145201793636,30000,2.2179617881774902,1.9472358226776123,0.00046129977263309897,3.912912753142133e-06
0.0005537184188142419,0.005297109019011259,512,False,0,0.009160090678700335,2.8428423636979754e-05,0.0003,0.004606732760961711,2.36143159866333,3.6523006841093775e-11,7.24306200861801,15.593145201793636,15.592983586701411,30001,2.2179133892059326,1.9471969604492188,0.0004432885376295276,3.911574479498759e-06
0.0005526780150830746,0.00531432731077075,512,False,0,0.007877858284552753,2.37297153196376e-05,0.0003,0.004356151583547232,2.36143159866333,3.6523006841093775e-11,7.24306200861801,15.553476864842006,15.553318837146007,30249,2.2060611248016357,1.9375828504562378,0.0003690795782332703,4.12197213707859e-06
0.0005515285884030163,0.0052785202860832214,48,True,0,0.018465949272047227,3.0243801426063616e-05,0.0003,0.0046678353480804295,2.36143159866333,3.6523006841093775e-11,7.24306200861801,15.553318837146007,15.553159304580536,30250,2.206015110015869,1.9375439882278442,0.0004703914864268985,4.124990338045966e-06
0.0005521434941329062,0.005354205146431923,512,False,0,0.008071580550032304,2.791158400771518e-05,0.0003,0.0045189758066460865,2.36143159866333,3.6523006841093775e-11,7.24306200861801,15.553159304580536,15.55299886707183,30251,2.2059686183929443,1.9375052452087402,0.00043411331251517663,4.122704252261092e-06
0.0005512599018402398,0.005328040570020676,512,False,0,0.009224441799551177,2.6603215564771727e-05,0.0003,0.004456234793346616,2.36143159866333,3.6523006841093775e-11,7.24306200861801,15.51416404767573,15.51400912005378,30499,2.1942832469940186,1.928012490272522,0.0004127266504675489,4.195069726797164e-06
0.0005520895938389003,0.005287389270961285,48,True,0,0.02199733210983309,3.491493720792278e-05,0.0003,0.00487624327631427,2.36143159866333,3.6523006841093775e-11,7.24306200861801,15.51400912005378,15.513856371137546,30500,2.1942358016967773,1.9279745817184448,0.000541670654269819,4.201406746494497e-06
0.0005510176997631788,0.00534446956589818,512,False,0,0.017991893218652626,3.3941630112842274e-05,0.0003,0.004694333230526484,2.36143159866333,3.6523006841093775e-11,7.24306200861801,15.513856371137546,15.513700633100378,30501,2.1941890716552734,1.9279365539550781,0.0005265655745729121,4.208405908597877e-06
0.0005504177534021437,0.005293495021760464,512,False,0,0.010556937562073765,2.5021090534792624e-05,0.0003,0.004396606379276738,2.36143159866333,3.6523006841093775e-11,7.24306200861801,15.475592682551946,15.475438810090935,30749,2.1826210021972656,1.9185616970062256,0.0003872162055897065,4.7594745932768455e-06
0.00054993259254843,0.005286260508000851,48,True,0,0.01959729918191755,3.4264322109789283e-05,0.0003,0.004684025323896903,2.36143159866333,3.6523006841093775e-11,7.24306200861801,15.475438810090935,15.475286859328033,30750,2.1825735569000244,1.918523907661438,0.00053025542017929,4.762581242931425e-06
0.000550197612028569,0.005269143730401993,512,False,0,0.013742749964626396,3.218407616765718e-05,0.0003,0.004730316140077225,2.36143159866333,3.6523006841093775e-11,7.24306200861801,15.475286859328033,15.47513271293584,30751,2.1825273036956787,1.91848623752594,0.0004980578109969576,4.766181442836777e-06
0.0005484328139573336,0.0053354413248598576,512,False,0,0.010919799615419744,2.486428951480315e-05,0.0003,0.004446253601820348,2.36143159866333,3.6523006841093775e-11,7.24306200861801,15.437628211091141,15.43747815322427,30999,2.1711058616638184,1.9092293977737427,0.0003838456572624628,5.067766890227479e-06
0.0005486418958753347,0.0054398044012486935,48,True,0,0.021102860725074318,3.0010462150874596e-05,0.0003,0.0046555426340324476,2.36143159866333,3.6523006841093775e-11,7.24306200861801,15.43747815322427,15.437328161856213,31000,2.1710593700408936,1.9091923236846924,0.0004632858538222904,5.07515991778896e-06
0.0005488775204867125,0.005300447344779968,512,False,0,0.00785275505911281,2.8309205194522204e-05,0.0003,0.004539068567602869,2.36143159866333,3.6523006841093775e-11,7.24306200861801,15.437328161856213,15.43717885877111,31001,2.171013593673706,1.909155249595642,0.0004370184905891638,5.07177169333765e-06
0.0005476397345773876,0.005321970209479332,512,False,0,0.009435456868525956,2.5858094246802334e-05,0.0003,0.004399513426393471,2.36143159866333,3.6523006841093775e-11,7.24306200861801,15.400375618497826,15.400228955836765,31249,2.1597683429718018,1.9000128507614136,0.00039822436417927357,5.17935298946861e-06
0.0005474082427099347,0.005295774899423122,48,True,0,0.01969453927356488,3.3645987375908486e-05,0.0003,0.004714529842847848,2.36143159866333,3.6523006841093775e-11,7.24306200861801,15.400228955836765,15.40008113638868,31250,2.1597211360931396,1.8999764919281006,0.0005181559090341842,5.18399225192082e-06
0.0005476457881741226,0.0052553024142980576,512,False,0,0.011875652452443364,3.235200933981812e-05,0.0003,0.004621326111087985,2.36143159866333,3.6523006841093775e-11,7.24306200861801,15.40008113638868,15.399933252173442,31251,2.159675121307373,1.899940013885498,0.0004982235687584034,5.183620699264871e-06
0.0005464040441438556,0.005332065746188164,512,False,0,0.00954818148028662,2.5433592019465337e-05,0.0003,0.004494473780271883,2.36143159866333,3.6523006841093775e-11,7.24306200861801,15.363776519650465,15.363631869810122,31499,2.1485366821289062,1.8909116983413696,0.000390756023879031,5.59732537313473e-06
0.0005457128863781691,0.005285757593810558,48,True,0,0.026228289426838615,3.150505201708703e-05,0.0003,0.004877584095302149,2.36143159866333,3.6523006841093775e-11,7.24306200861801,15.363631869810122,15.363486319975735,31500,2.148491144180298,1.8908755779266357,0.00048403202122974405,5.61020416116082e-06
0.0005463626584969461,0.005316443275660276,512,False,0,0.014769976307298826,3.0391928592062948e-05,0.0003,0.004692388512711964,2.36143159866333,3.6523006841093775e-11,7.24306200861801,15.363486319975735,15.363341917595381,31501,2.148444890975952,1.890839695930481,0.0004669259791618385,5.6140404377044764e-06
0.0005451749311760068,0.005272857844829559,512,False,0,0.016232631227426908,2.7037740326563835e-05,0.0003,0.004379553094841481,2.36143159866333,3.6523006841093775e-11,7.24306200861801,15.327832568237161,15.327691065599247,31749,2.137454032897949,1.881921648979187,0.0004144299567490444,5.7942516109779116e-06
0.0005448913434520364,0.005372117273509502,48,True,0,0.0205944566256603,3.374296861308094e-05,0.0003,0.004760596516885983,2.36143159866333,3.6523006841093775e-11,7.24306200861801,15.327691065599247,15.327548849562165,31750,2.1374096870422363,1.8818861246109009,0.0005172017985375165,5.799174901294813e-06
0.0005452459445223212,0.005255050957202911,512,False,0,0.011840827913907528,3.452218671828374e-05,0.0003,0.004699871636511106,2.36143159866333,3.6523006841093775e-11,7.24306200861801,15.327548849562165,15.327407374905956,31751,2.1373653411865234,1.8818506002426147,0.0005291405033182002,5.797569829222832e-06
0.0005441817920655012,0.005286456551402807,512,False,0,0.010088672158415886,2.5249654093200025e-05,0.0003,0.004339896855069807,2.36143159866333,3.6523006841093775e-11,7.24306200861801,15.292552105506404,15.292413810120458,31999,2.12650465965271,1.873043179512024,0.00038613165086627446,5.956031977396404e-06
0.0005437866784632206,0.005380906164646149,48,True,0,0.022072427500677946,3.297441737341058e-05,0.0003,0.004836605572938134,2.36143159866333,3.6523006841093775e-11,7.24306200861801,15.292413810120458,15.29227446119249,32000,2.1264612674713135,1.873007893562317,0.0005042584356218199,5.960673707132936e-06
0.0005440228269435465,0.005290832370519638,512,False,0,0.009431359658050111,3.38424711348367e-05,0.0003,0.00475515868578129,2.36143159866333,3.6523006841093775e-11,7.24306200861801,15.29227446119249,15.292135313318356,32001,2.126418352127075,1.8729724884033203,0.0005175283570389073,5.957408234376733e-06
0.0005429617594927549,0.0052737705409526825,512,False,0,0.011126313138659786,2.560064900555747e-05,0.0003,0.004459189025416714,2.36143159866333,3.6523006841093775e-11,7.24306200861801,15.257913830356346,15.257775102671644,32249,2.1156952381134033,1.8642728328704834,0.0003906124965279937,6.316910670742968e-06
0.000543526082765311,0.00533144548535347,48,True,0,0.018850348241548704,2.9464836509321902e-05,0.0003,0.004689135875903902,2.36143159866333,3.6523006841093775e-11,7.24306200861801,15.257775102671644,15.257638151032031,32250,2.1156511306762695,1.8642380237579346,0.0004495678488962222,6.3179858318669e-06
0.0005428544245660305,0.005314938724040985,512,False,0,0.016001654314705474,3.724398287040555e-05,0.0003,0.004728514931528133,2.36143159866333,3.6523006841093775e-11,7.24306200861801,15.257638151032031,15.257503166255894,32251,2.1156067848205566,1.8642033338546753,0.0005682552139398832,6.3204997533704195e-06
0.0005418640212155879,0.005324715748429298,512,False,0,0.007960440578449229,2.43252958166869e-05,0.0003,0.004343794518388002,2.36143159866333,3.6523006841093775e-11,7.24306200861801,15.223952051839277,15.223815968976306,32499,2.105006217956543,1.855613350868225,0.0003703271371600479,6.226566604279288e-06
0.0005420666420832276,0.0054242885671556,48,True,0,0.02069472626876771,3.285814652253548e-05,0.0003,0.004651567322898656,2.36143159866333,3.6523006841093775e-11,7.24306200861801,15.223815968976306,15.22368201698575,32500,2.1049647331237793,1.8555790185928345,0.000500226375740739,6.231168735524632e-06
0.0005421004025265574,0.00528275640681386,512,False,0,0.009067710853368494,2.9619314833991707e-05,0.0003,0.004564949954046083,2.36143159866333,3.6523006841093775e-11,7.24306200861801,15.22368201698575,15.223547849406556,32501,2.1049234867095947,1.8555445671081543,0.0004509150305936788,6.227538583702371e-06
0.0005406129639595747,0.005218680948019028,512,False,0,0.009722849964195597,2.625457022632342e-05,0.0003,0.00443869248957607,2.36143159866333,3.6523006841093775e-11,7.24306200861801,15.190655098529689,15.190523464378582,32749,2.0944535732269287,1.8470579385757446,0.00039882412106820563,6.3268905075923106e-06
0.0005404283292591572,0.0054014637134969234,48,True,0,0.03170300047217687,3.975350685634125e-05,0.0003,0.005121541306755087,2.36143159866333,3.6523006841093775e-11,7.24306200861801,15.190523464378582,15.190391053406389,32750,2.094411611557007,1.8470240831375122,0.0006038765786925866,6.352174600093499e-06
0.0005407556891441345,0.005269972607493401,512,False,0,0.011043833297821219,3.72302389041918e-05,0.0003,0.004871336338378742,2.36143159866333,3.6523006841093775e-11,7.24306200861801,15.190391053406389,15.19025730251222,32751,2.0943689346313477,1.8469899892807007,0.0005655418879664175,6.350089753433318e-06
0.0005393740721046925,0.005261408165097237,512,False,0,0.009162823658545758,2.4529827162272174e-05,0.0003,0.004374097845503588,2.36143159866333,3.6523006841093775e-11,7.24306200861801,15.157986594760251,15.157857194939657,32999,2.084031581878662,1.8386057615280151,0.0003718227912975075,6.90673653635171e-06
0.0005409619770944118,0.005332548171281815,48,True,0,0.021988412503532246,3.4167586369550646e-05,0.0003,0.004783707700015881,2.36143159866333,3.6523006841093775e-11,7.24306200861801,15.157857194939657,15.157729198371124,33000,2.0839898586273193,1.8385719060897827,0.0005179073948854155,6.912813611250989e-06
0.0005394843756221235,0.005262615624815226,512,False,0,0.017497799713707986,3.057600680011596e-05,0.0003,0.004532854475297505,2.36143159866333,3.6523006841093775e-11,7.24306200861801,15.157729198371124,15.157601919619534,33001,2.0839474201202393,1.8385382890701294,0.0004634628310437117,6.920738660936364e-06
0.0005385042168200016,0.00527084618806839,512,False,0,0.011910094069667875,2.7609235060256727e-05,0.0003,0.004435550615454908,2.36143159866333,3.6523006841093775e-11,7.24306200861801,15.125971950623816,15.125845486224483,33249,2.0737268924713135,1.8302572965621948,0.0004176165150996229,7.229510965356595e-06
0.0005376011249609292,0.005299624055624008,48,True,0,0.015511225921679419,3.289597507842681e-05,0.0003,0.004634660256253634,2.36143159866333,3.6523006841093775e-11,7.24306200861801,15.125845486224483,15.125719358470883,33250,2.073685884475708,1.8302242755889893,0.0004975794361549753,7.226373625442768e-06
0.0005386315751820803,0.0052779424004256725,512,False,0,0.02920725438156175,3.168914979242309e-05,0.0003,0.004687540692555092,2.36143159866333,3.6523006841093775e-11,7.24306200861801,15.125719358470883,15.125590602459301,33251,2.073645830154419,1.8301910161972046,0.00047932118646873753,7.266312095050032e-06
0.0005369616555981338,0.005275653675198555,512,False,0,0.014274286387565206,2.5271158332866443e-05,0.0003,0.0044574461178990095,2.36143159866333,3.6523006841093775e-11,7.24306200861801,15.094554949541687,15.094430377910436,33499,2.0635488033294678,1.822007656097412,0.0003814568880940208,7.924425969895684e-06
0.0005368242273107171,0.00528911454603076,48,True,0,0.027264875171126197,3.418703956354502e-05,0.0003,0.005118348838635639,2.36143159866333,3.6523006841093775e-11,7.24306200861801,15.094430377910436,15.094304931215909,33500,2.0635085105895996,1.8219751119613647,0.0005160338885187999,7.942794389475586e-06
0.0005370656726881862,0.005284864455461502,512,False,0,0.01671219298867152,2.9993340977098108e-05,0.0003,0.004642656174100334,2.36143159866333,3.6523006841093775e-11,7.24306200861801,15.094304931215909,15.09418000839876,33501,2.0634684562683105,1.8219424486160278,0.00045272863461425216,7.948615251385123e-06
0.0005359916831366718,0.005260060075670481,512,False,0,0.010314022050676356,2.6001188747490945e-05,0.0003,0.004496107701973061,2.36143159866333,3.6523006841093775e-11,7.24306200861801,15.063706634470673,15.063584811280023,33749,2.0535037517547607,1.8138588666915894,0.00039167427943970353,8.506112078218652e-06
0.0005358214257284999,0.005192979238927364,48,True,0,0.016967436662997295,2.971934168810807e-05,0.0003,0.004834171634608216,2.36143159866333,3.6523006841093775e-11,7.24306200861801,15.063584811280023,15.063462983026035,33750,2.053464412689209,1.8138266801834106,0.00044767982405422593,8.504049692665412e-06
0.0005362028023228049,0.00527067668735981,512,False,0,0.014022136270624682,3.3340113810875786e-05,0.0003,0.00471978278010831,2.36143159866333,3.6523006841093775e-11,7.24306200861801,15.063462983026035,15.063342809389733,33751,2.0534238815307617,1.8137942552566528,0.0005022175702400025,8.501826409650578e-06
0.0005349810817278922,0.005246513057500124,512,False,0,0.010249387657248943,3.5557707023067844e-05,0.0003,0.004586678334222266,2.36143159866333,3.6523006841093775e-11,7.24306200861801,15.033514362298169,15.033393370092215,33999,2.043576240539551,1.8058078289031982,0.0005345572992216809,8.736188321780197e-06
0.0005353820160962641,0.005211380310356617,48,True,0,0.027912198483055692,3.530342375589474e-05,0.0003,0.004732065532596462,2.36143159866333,3.6523006841093775e-11,7.24306200861801,15.033393370092215,15.03327445344116,34000,2.04353666305542,1.8057760000228882,0.0005307302566334239,8.761958151737945e-06
0.0005351649015210569,0.005192318465560675,512,False,0,0.010940855235694066,3.739466141343279e-05,0.0003,0.0046579610293066035,2.36143159866333,3.6523006841093775e-11,7.24306200861801,15.03327445344116,15.03315551574011,34001,2.043496608734131,1.8057441711425781,0.0005621642081216411,8.756608430524321e-06
0.0005336946924217045,0.005267970263957977,512,False,0,0.015247004843171914,2.5795059723569626e-05,0.0003,0.004398238147675478,2.36143159866333,3.6523006841093775e-11,7.24306200861801,15.00394510965517,15.003827396523182,34249,2.03375506401062,1.7978514432907104,0.0003870276601927155,9.140627647992306e-06
0.0005341831129044294,0.005050679203122854,48,True,0,0.02842749886280891,3.49211078729493e-05,0.0003,0.00496137196778553,2.36143159866333,3.6523006841093775e-11,7.24306200861801,15.003827396523182,15.003712323479881,34250,2.03371524810791,1.797819972038269,0.0005239502750210981,9.171532493306631e-06
0.0005337786860764027,0.005299583543092012,512,False,0,0.018509877380768005,3.076470306383151e-05,0.0003,0.004507755824338954,2.36143159866333,3.6523006841093775e-11,7.24306200861801,15.003712323479881,15.003595728276041,34251,2.0336763858795166,1.7977882623672485,0.0004615847544870081,9.179752345797393e-06
0.0005324359517544508,0.005233264062553644,512,False,0,0.022028037788643703,2.6694249885839372e-05,0.0003,0.0044546253124537775,2.36143159866333,3.6523006841093775e-11,7.24306200861801,14.975014817557284,14.974898428321053,34499,2.024062156677246,1.789991855621338,0.0003997467875840214,9.413442351617781e-06
0.0005330636631697416,0.00520458584651351,48,True,0,0.03275498709521402,3.388015907669514e-05,0.0003,0.005174033747330235,2.36143159866333,3.6523006841093775e-11,7.24306200861801,14.974898428321053,14.974783012202469,34500,2.0240230560302734,1.789960503578186,0.0005073519409088693,9.441537034618735e-06
0.0005321739008650184,0.005240856669843197,512,False,0,0.01674630208445076,3.0464042289319834e-05,0.0003,0.004821856865058844,2.36143159866333,3.6523006841093775e-11,7.24306200861801,14.974783012202469,14.974665984156335,34501,2.02398419380188,1.7899291515350342,0.00045619242295712425,9.441983378745421e-06
0.0005315097514539957,0.005264333449304104,512,False,0,0.011259912483057,2.6336080906393977e-05,0.0003,0.004388908059776679,2.36143159866333,3.6523006841093775e-11,7.24306200861801,14.946670104182392,14.946558350600341,34749,2.0144853591918945,1.7822269201278687,0.00039363671314492755,1.0924616364379927e-05
0.0005312963621690869,0.005383563227951527,48,True,0,0.018872918383055447,3.1524879882852544e-05,0.0003,0.004656171509463919,2.36143159866333,3.6523006841093775e-11,7.24306200861801,14.946558350600341,14.946445284836535,34750,2.0144481658935547,1.7821961641311646,0.00047118845666472236,1.0925172559926402e-05
0.0005313217407092452,0.0052967676892876625,512,False,0,0.010524707032929586,2.8231448002116986e-05,0.0003,0.004465391788040286,2.36143159866333,3.6523006841093775e-11,7.24306200861801,14.946445284836535,14.946330291413691,34751,2.0144104957580566,1.782165288925171,0.00042195979287534927,1.0917962514864566e-05
0.0005302331410348415,0.005242139101028442,512,False,0,0.011579548083941897,2.5351870098725757e-05,0.0003,0.004487740722030806,2.36143159866333,3.6523006841093775e-11,7.24306200861801,14.91894183721757,14.918833128278386,34999,2.005000591278076,1.7745506763458252,0.00037822307546758483,1.1473860745145642e-05
0.0005299907061271369,0.005196835845708847,48,True,0,0.0242711327862788,3.400619179384528e-05,0.0003,0.004778355522496156,2.36143159866333,3.6523006841093775e-11,7.24306200861801,14.918833128278386,14.918724376163683,35000,2.004962682723999,1.7745202779769897,0.0005073327007006075,1.1481983206758806e-05
0.000530371384229511,0.0052310144528746605,512,False,0,0.02028570589802091,2.9739475242344732e-05,0.0003,0.004533974548921949,2.36143159866333,3.6523006841093775e-11,7.24306200861801,14.918724376163683,14.918613563192164,35001,2.0049262046813965,1.7744896411895752,0.0004436750342322847,1.1492546230333749e-05
0.0005294405855238438,0.005236368626356125,512,False,0,0.017249511033673684,2.8750133989800257e-05,0.0003,0.004556439399862484,2.36143159866333,3.6523006841093775e-11,7.24306200861801,14.891792156368313,14.891683889111912,35249,1.9956612586975098,1.7669676542282104,0.00042814101984384547,1.1986468366293654e-05
0.0005287223029881716,0.005318318959325552,48,True,0,0.018857914121692784,3.880352978315512e-05,0.0003,0.00482311550716675,2.36143159866333,3.6523006841093775e-11,7.24306200861801,14.891683889111912,14.891576087282154,35250,1.9956234693527222,1.7669373750686646,0.0005778498993124853,1.1981092424083489e-05
0.000529393320903182,0.005238884128630161,512,False,0,0.016653791370813922,3.7698250291694363e-05,0.0003,0.004764740189176278,2.36143159866333,3.6523006841093775e-11,7.24306200861801,14.891576087282154,14.891472005456103,35251,1.9955860376358032,1.7669073343276978,0.0005613863625761733,1.1977783163885457e-05
0.0005279882461763918,0.005281290039420128,512,False,0,0.016642473232550883,2.9050884923310144e-05,0.0003,0.004514681321225935,2.36143159866333,3.6523006841093775e-11,7.24306200861801,14.865218899684956,14.865115017039146,35499,1.986391305923462,1.7594733238220215,0.0004318477636145627,1.3600308333792997e-05
0.000527195748873055,0.00534786656498909,48,True,0,0.022112258323448358,3.237385097350033e-05,0.0003,0.0045559685873093605,2.36143159866333,3.6523006841093775e-11,7.24306200861801,14.865115017039146,14.865008583766983,35500,1.9863554239273071,1.7594436407089233,0.0004812410182655671,1.3601571697995975e-05
0.000528239062987268,0.005214683245867491,512,False,0,0.011698773510848668,2.988259386496261e-05,0.0003,0.004468520818063591,2.36143159866333,3.6523006841093775e-11,7.24306200861801,14.865008583766983,14.864900485993763,35501,1.9863194227218628,1.759413719177246,0.00044420501430789177,1.3592956089400946e-05
0.0005268346867524087,0.0052094836719334126,512,False,0,0.052683275779265536,4.502479270410237e-05,0.0003,0.005670160467282061,2.36143159866333,3.6523006841093775e-11,7.24306200861801,14.839219883721622,14.83911311591917,35749,1.9772534370422363,1.7520664930343628,0.0006681327991551601,1.5113919285979861e-05
0.0005267588421702385,0.005291050300002098,48,True,0,0.02488309387129063,4.16402690742039e-05,0.0003,0.005184342819121169,2.36143159866333,3.6523006841093775e-11,7.24306200861801,14.83911311591917,14.839008646653033,35750,1.9772166013717651,1.7520369291305542,0.0006179046629694225,1.5120816952356657e-05
0.000526797492057085,0.005230214912444353,512,False,0,0.05400188116886704,4.793835292407671e-05,0.0003,0.006043946062636357,2.36143159866333,3.6523006841093775e-11,7.24306200861801,14.839008646653033,14.83890927746144,35751,1.9771785736083984,1.7520077228546143,0.000711357633546679,1.5295329583765104e-05
0.0005256560398265719,0.005235700868070126,512,False,0,0.02740100183647667,4.315250333365756e-05,0.0003,0.004794875692202917,2.36143159866333,3.6523006841093775e-11,7.24306200861801,14.813826312843789,14.81372924224854,35999,1.968213438987732,1.744747519493103,0.0006392536893492156,1.760414227880591e-05
0.0005263988859951496,0.005140186287462711,48,True,0,0.02818765483168236,3.890947237533693e-05,0.0003,0.004919444650997817,2.36143159866333,3.6523006841093775e-11,7.24306200861801,14.81372924224854,14.813629933551981,36000,1.9681769609451294,1.7447184324264526,0.0005763943887269904,1.7615450954319354e-05
0.0005257989396341145,0.005279540084302425,512,False,0,0.026201270092927664,5.358235998502666e-05,0.0003,0.005155527676985969,2.36143159866333,3.6523006841093775e-11,7.24306200861801,14.813629933551981,14.8135278066684,36001,1.9681411981582642,1.7446892261505127,0.0007937492517845488,1.7628756264336116e-05
0.0005246007349342108,0.005257769487798214,512,False,0,0.019442260059553247,3.7394655543814254e-05,0.0003,0.004651896376168624,2.36143159866333,3.6523006841093775e-11,7.24306200861801,14.789065570490672,14.788971278178735,36249,1.9592642784118652,1.7375138998031616,0.0005530320128233815,1.9399320136419004e-05
0.0005243510822765529,0.005334105342626572,48,True,0,0.03998286042814496,6.16116325462332e-05,0.0003,0.005258825090898094,2.36143159866333,3.6523006841093775e-11,7.24306200861801,14.788971278178735,14.788871427392909,36250,1.9592297077178955,1.7374850511550903,0.0009111726641279448,1.942866199839124e-05
0.0005249856039881706,0.005227412097156048,512,False,0,0.015371339498473281,4.541874100465086e-05,0.0003,0.004906283177708851,2.36143159866333,3.6523006841093775e-11,7.24306200861801,14.788871427392909,14.788772853894574,36251,1.959194302558899,1.737456202507019,0.0006716919211118398,1.941857962669135e-05
0.0005236926372162998,0.005200083367526531,512,False,0,0.023645406413620118,3.077673707963737e-05,0.0003,0.004493090714394373,2.36143159866333,3.6523006841093775e-11,7.24306200861801,14.764780571219612,14.76468606964439,36499,1.9504379034042358,1.7303632497787476,0.000454411769678964,2.0471085324481917e-05
0.0005232067778706551,0.005320773925632238,48,True,0,0.02740610433178199,3.2981763703877164e-05,0.0003,0.004606009458820852,2.36143159866333,3.6523006841093775e-11,7.24306200861801,14.76468606964439,14.764589355435536,36500,1.9504026174545288,1.7303346395492554,0.0004869653871109381,2.0481791479137322e-05
0.0005238099256530404,0.005294441245496273,512,False,0,0.011705651990682348,3.3261683749105036e-05,0.0003,0.004586955786049356,2.36143159866333,3.6523006841093775e-11,7.24306200861801,14.764589355435536,14.764492343320596,36501,1.9503676891326904,1.7303060293197632,0.0004910951018258994,2.0465454567128538e-05
0.0005226792418397963,0.005224605090916157,512,False,0,0.01441649518161413,2.6436513953865834e-05,0.0003,0.004450940313973811,2.36143159866333,3.6523006841093775e-11,7.24306200861801,14.741081669461382,14.740988812315566,36749,1.941709041595459,1.7232956886291504,0.0003897028112497917,2.0920674987087246e-05
0.0005221394239924848,0.005329161416739225,48,True,0,0.02434679053445062,3.9002481696165815e-05,0.0003,0.005065699965175252,2.36143159866333,3.6523006841093775e-11,7.24306200861801,14.740988812315566,14.740894096808603,36750,1.941674828529358,1.7232675552368164,0.0005749351463357229,2.0916726507662367e-05
0.0005226315115578473,0.005201765336096287,512,False,0,0.022219812213777803,3.1548340946039715e-05,0.0003,0.004504988732380047,2.36143159866333,3.6523006841093775e-11,7.24306200861801,14.740894096808603,14.740800322466644,36751,1.9416402578353882,1.723239541053772,0.000465050752815582,2.091621379690055e-05
0.0005215878481976688,0.005234706215560436,512,False,0,0.01846621201707425,2.825945175282039e-05,0.0003,0.0045228156949861245,2.36143159866333,3.6523006841093775e-11,7.24306200861801,14.7178685634288,14.717777473958089,36999,1.9330904483795166,1.7163103818893433,0.00041591889657256807,2.1150444874715577e-05
0.0005219309241510928,0.005329418927431107,48,True,0,0.030935199782134784,4.945446823374349e-05,0.0003,0.005378844980944256,2.36143159866333,3.6523006841093775e-11,7.24306200861801,14.717777473958089,14.717688847759018,37000,1.9330549240112305,1.7162827253341675,0.0007278598585571658,2.1157439368374356e-05
0.0005216066492721438,0.005220532417297363,512,False,0,0.04310642351468105,4.881810249629538e-05,0.0003,0.005510778802129832,2.36143159866333,3.6523006841093775e-11,7.24306200861801,14.717688847759018,14.717594096198676,37001,1.9330207109451294,1.7162549495697021,0.0007184896426784831,2.1252102622443386e-05
0.0005203441833145916,0.005217516794800758,512,False,0,0.015966158220654753,3.317065244221854e-05,0.0003,0.004509046280081008,2.36143159866333,3.6523006841093775e-11,7.24306200861801,14.695264278189677,14.695172232568789,37249,1.924561858177185,1.709405779838562,0.0004874515039183793,2.231292749060169e-05
0.0005211068782955408,0.005025028251111507,48,True,0,0.03964256826689342,4.145519005442649e-05,0.0003,0.005125374270976787,2.36143159866333,3.6523006841093775e-11,7.24306200861801,14.695172232568789,14.695083148418295,37250,1.9245260953903198,1.7093783617019653,0.00060919115778367,2.236139630835315e-05
0.0005206588539294899,0.005214606411755085,512,False,0,0.013942680288633139,3.3412488774505134e-05,0.0003,0.004775097429272215,2.36143159866333,3.6523006841093775e-11,7.24306200861801,14.695083148418295,14.694993681109958,37251,1.9244914054870605,1.7093509435653687,0.0004909993007369459,2.2344185626285307e-05
0.0005195232224650681,0.005254263989627361,512,False,0,0.01672776132381466,2.6547646746641585e-05,0.0003,0.00444976996384553,2.36143159866333,3.6523006841093775e-11,7.24306200861801,14.673188061612361,14.6730992293838,37499,1.9161168336868286,1.7025812864303589,0.00038953861330672353,2.4410620091513353e-05
0.0005220326711423695,0.005363789387047291,48,True,0,0.025979033923875117,3.5886834564501736e-05,0.0003,0.005095771058472894,2.36143159866333,3.6523006841093775e-11,7.24306200861801,14.6730992293838,14.673014105194127,37500,1.9160823822021484,1.7025539875030518,0.0005265710845934143,2.440776348145536e-05
0.0005195111152715981,0.005222486797720194,512,False,0,0.012268936705319408,3.022463213455244e-05,0.0003,0.004622932231612071,2.36143159866333,3.6523006841093775e-11,7.24306200861801,14.673014105194127,14.67292771790202,37501,1.9160492420196533,1.7025268077850342,0.00044348645363459163,2.4388405787135506e-05
0.000518584274686873,0.005161035340279341,512,False,0,0.02171878433816744,3.2196576702486386e-05,0.0003,0.004552199286718804,2.36143159866333,3.6523006841093775e-11,7.24306200861801,14.651646048869946,14.65156067766266,37749,1.907784104347229,1.6958339214324951,0.00047173284583012284,2.4931716806638926e-05
0.0005183366592973471,0.00533176027238369,48,True,0,0.026034000695288644,3.497983570857463e-05,0.0003,0.004934260852323632,2.36143159866333,3.6523006841093775e-11,7.24306200861801,14.65156067766266,14.651476360132694,37750,1.9077509641647339,1.6958072185516357,0.0005125091853788522,2.4923916762629693e-05
0.0005181876476854086,0.005201705731451511,512,False,0,0.022591600159533303,3.261327864492609e-05,0.0003,0.0049715496646736915,2.36143159866333,3.6523006841093775e-11,7.24306200861801,14.651476360132694,14.651391781567899,37751,1.9077181816101074,1.6957801580429077,0.00047783268109255505,2.49206661212932e-05
0.0005174553953111172,0.005191924050450325,512,False,0,0.02858436674362525,3.081056918935744e-05,0.0003,0.004567307330518471,2.36143159866333,3.6523006841093775e-11,7.24306200861801,14.630673063152795,14.630590112802544,37999,1.8995511531829834,1.6891634464263916,0.0004507793646991374,3.1282456688629265e-05
0.0005176689010113478,0.005193381104618311,48,True,0,0.045453810366838154,5.767907093238568e-05,0.0003,0.006060415451237023,2.36143159866333,3.6523006841093775e-11,7.24306200861801,14.630590112802544,14.630510166172066,38000,1.8995176553726196,1.6891371011734009,0.0008438788448989985,3.136195482947083e-05
0.0005173487588763237,0.005237864330410957,512,False,0,0.06734837886364545,5.641980106234039e-05,0.0003,0.0058582010853475905,2.36143159866333,3.6523006841093775e-11,7.24306200861801,14.630510166172066,14.630422197977376,38001,1.8994852304458618,1.689110279083252,0.0008254504730159766,3.16327243175698e-05
0.0005162552697584033,0.005218377336859703,512,False,0,0.016453226385638352,2.9238466279261635e-05,0.0003,0.004520512375485186,2.36143159866333,3.6523006841093775e-11,7.24306200861801,14.610198586930036,14.610117737460987,38249,1.8913954496383667,1.6825698614120483,0.0004271797987172698,3.5478897573392125e-05
0.000516276340931654,0.00525208655744791,48,True,0,0.02399318659078126,3.872609298436222e-05,0.0003,0.0048390851920656845,2.36143159866333,3.6523006841093775e-11,7.24306200861801,14.610117737460987,14.610038028102924,38250,1.8913629055023193,1.6825438737869263,0.000565792778013394,3.546131678205872e-05
0.0005164120811969042,0.005183822475373745,512,False,0,0.022997092919010597,3.5088998294885275e-05,0.0003,0.004631248225112883,2.36143159866333,3.6523006841093775e-11,7.24306200861801,14.610038028102924,14.6099571315543,38251,1.8913296461105347,1.682517647743225,0.0005126515994563125,3.544982852379048e-05
0.000515560619533062,0.005201062187552452,512,False,0,0.022886230829142724,3.080828520488875e-05,0.0003,0.004659829561195154,2.36143159866333,3.6523006841093775e-11,7.24306200861801,14.59021609132157,14.59013810184065,38499,1.8833311796188354,1.6760507822036743,0.0004494995385423921,3.552981028833736e-05
0.0005160231958143413,0.005199650768190622,48,True,0,0.03873169857337299,5.539688025794443e-05,0.0003,0.005456801210197333,2.36143159866333,3.6523006841093775e-11,7.24306200861801,14.59013810184065,14.590054451520977,38500,1.883299469947815,1.6760247945785522,0.0008082481333745391,3.5553877885992853e-05
0.0005153418751433492,0.005206072237342596,512,False,0,0.030143918685157773,3.563015654785027e-05,0.0003,0.004958778177534784,2.36143159866333,3.6523006841093775e-11,7.24306200861801,14.590054451520977,14.589972930312294,38501,1.8832672834396362,1.6759986877441406,0.0005198459241493521,3.555478692425188e-05
0.0005145097384229302,0.005196076817810535,512,False,0,0.014457012214817997,2.8639911035843717e-05,0.0003,0.00443369648390043,2.36143159866333,3.6523006841093775e-11,7.24306200861801,14.570783321241414,14.570706813607103,38749,1.8753548860549927,1.6696056127548218,0.00041730593804290955,3.994794315394871e-05
0.0005141440778970718,0.00522984704002738,48,True,0,0.02554014845400987,3.295237530054041e-05,0.0003,0.004840344385801347,2.36143159866333,3.6523006841093775e-11,7.24306200861801,14.570706813607103,14.570629897605897,38750,1.8753232955932617,1.6695799827575684,0.0004801393993161226,3.9931139781809175e-05
0.0005143919261172414,0.005218490958213806,512,False,0,0.024528438657996376,3.462381640052331e-05,0.0003,0.0046484487259254624,2.36143159866333,3.6523006841093775e-11,7.24306200861801,14.570629897605897,14.570552757045672,38751,1.8752926588058472,1.6695542335510254,0.0005044908144146824,3.991873453785323e-05
0.0005132060032337904,0.005248025059700012,512,False,0,0.024376014319789984,2.8592165990441065e-05,0.0003,0.004600153044575277,2.36143159866333,3.6523006841093775e-11,7.24306200861801,14.551898816869926,14.551822092851664,38999,1.8674687147140503,1.6632341146469116,0.00041607030644804787,4.278193159577029e-05
0.0005132033838890493,0.0052432892844080925,48,True,0,0.028356576256125313,3.44829708851134e-05,0.0003,0.004721184976534725,2.36143159866333,3.6523006841093775e-11,7.24306200861801,14.551822092851664,14.551745030103477,39000,1.8674383163452148,1.6632088422775269,0.0005017900575531539,4.276722994552895e-05
0.0005134810926392674,0.005170891061425209,512,False,0,0.022786564000074033,3.341728217325991e-05,0.0003,0.004583802784174641,2.36143159866333,3.6523006841093775e-11,7.24306200861801,14.551745030103477,14.55166977318991,39001,1.8674073219299316,1.663183569908142,0.0004862797697843005,4.2744133980722034e-05
0.0005127239273861051,0.0052046761848032475,512,False,0,0.022903241786953448,2.8636287136374575e-05,0.0003,0.004511972968759792,2.36143159866333,3.6523006841093775e-11,7.24306200861801,14.53352265587659,14.533450527392661,39249,1.8596765995025635,1.6569329500198364,0.00041618612787668724,4.886269546447771e-05
0.000513168633915484,0.005252237431704998,48,True,0,0.03031994544855058,3.611186474548633e-05,0.0003,0.0048914335441143444,2.36143159866333,3.6523006841093775e-11,7.24306200861801,14.533450527392661,14.533380749773572,39250,1.8596467971801758,1.6569079160690308,0.0005248299997304208,4.8840809209171554e-05
0.000512579339556396,0.0052211713045835495,512,False,0,0.017539540205972336,3.446727729432546e-05,0.0003,0.004775494545316025,2.36143159866333,3.6523006841093775e-11,7.24306200861801,14.533380749773572,14.533309548132447,39251,1.8596175909042358,1.656882882118225,0.0005009260643264574,4.880669428615662e-05
0.0005112771177664399,0.005181312561035156,512,False,0,0.021166650023461134,2.835806907144741e-05,0.0003,0.004491107631297374,2.36143159866333,3.6523006841093775e-11,7.24306200861801,14.515666583945706,14.515595225573326,39499,1.8519692420959473,1.6507036685943604,0.00041163627560563337,5.601107593734153e-05
0.0005113714723847806,0.005158353131264448,48,True,0,0.03222836375419727,4.238124745273538e-05,0.0003,0.005426391714599573,2.36143159866333,3.6523006841093775e-11,7.24306200861801,14.515595225573326,14.515524440705635,39500,1.8519378900527954,1.6506789922714233,0.0006151890331787674,5.598166381244274e-05
0.0005115719977766275,0.005190117284655571,512,False,0,0.03809527028797427,3.512271434659559e-05,0.0003,0.004876052925799081,2.36143159866333,3.6523006841093775e-11,7.24306200861801,14.515524440705635,14.515454158295745,39501,1.8519068956375122,1.6506540775299072,0.0005098246185219307,5.599035818256415e-05
0.0005105866584926844,0.005204546265304089,512,False,0,0.08180806265418578,5.2550736940298434e-05,0.0003,0.0068751213342914085,2.36143159866333,3.6523006841093775e-11,7.24306200861801,14.498259678158254,14.49819033185792,39749,1.8443444967269897,1.6445444822311401,0.0007618942304390302,6.0607559873033715e-05
0.0005109246703796089,0.005269310902804136,48,True,0,0.06972659154078792,6.602156248707409e-05,0.0003,0.006142736160660415,2.36143159866333,3.6523006841093775e-11,7.24306200861801,14.49819033185792,14.498126146033126,39750,1.844311237335205,1.6445201635360718,0.000957193178944251,6.086617703458226e-05
0.0005103436997160316,0.005197254475206137,512,False,0,0.05443760861228228,5.763076417165769e-05,0.0003,0.005973479178536912,2.36143159866333,3.6523006841093775e-11,7.24306200861801,14.498126146033126,14.498057138161725,39751,1.8442798852920532,1.6444957256317139,0.0008355380888529795,6.0930916969931695e-05
0.0005094140069559216,0.005179025698453188,512,False,0,0.03014642151963432,2.7133768667879323e-05,0.0003,0.004362319699745361,2.36143159866333,3.6523006841093775e-11,7.24306200861801,14.481306854295608,14.481240604936533,39999,1.8368028402328491,1.638453722000122,0.00039293243019303226,6.114422623700445e-05
0.0005095917149446905,0.005203329026699066,48,True,0,0.04404770463418279,5.747558100814507e-05,0.0003,0.005954844115654877,2.36143159866333,3.6523006841093775e-11,7.24306200861801,14.481240604936533,14.481168445566022,40000,1.8367743492126465,1.6384291648864746,0.0008323177174874695,6.117748605265075e-05
0.000509559758938849,0.0052264779806137085,512,False,0,0.07109372624936727,6.148317412780473e-05,0.0003,0.00627820004721075,2.36143159866333,3.6523006841093775e-11,7.24306200861801,14.481168445566022,14.481105472516088,40001,1.8367433547973633,1.638405203819275,0.000890348201112807,6.145137951591329e-05
0.0005087458994239569,0.0051601058803498745,512,False,0,0.021356801092166918,3.4154551426849974e-05,0.0003,0.004945837811907125,2.36143159866333,3.6523006841093775e-11,7.24306200861801,14.46482149554802,14.464755863997782,40249,1.8293408155441284,1.6324313879013062,0.0004940394896498998,6.447341979622247e-05
0.0005071069463156164,0.005079178139567375,48,True,0,0.030835449583917103,4.106191324953128e-05,0.0003,0.005059167803265305,2.36143159866333,3.6523006841093775e-11,7.24306200861801,14.464755863997782,14.464687742288886,40250,1.829311490058899,1.632407307624817,0.0005939505504631258,6.445132567378106e-05
0.0005082048592157662,0.0051655154675245285,512,False,0,0.028366882769608054,3.119204002580972e-05,0.0003,0.004611284350455825,2.36143159866333,3.6523006841093775e-11,7.24306200861801,14.464687742288886,14.464621115787804,40251,1.8292821645736694,1.6323833465576172,0.0004511831190183142,6.441516961467155e-05
0.0005073324427939951,0.005188688635826111,512,False,0,0.01951079439618847,2.9144102208570093e-05,0.0003,0.004341389032799267,2.36143159866333,3.6523006841093775e-11,7.24306200861801,14.44883609845584,14.448771775291837,40499,1.821964979171753,1.6264773607254028,0.00042109835604827416,7.795005304643371e-05
0.000507985707372427,0.0051195346750319,48,True,0,0.03448539554190346,5.196364522254901e-05,0.0003,0.0051101109487922715,2.36143159866333,3.6523006841093775e-11,7.24306200861801,14.448771775291837,14.448709960330357,40500,1.821934461593628,1.6264537572860718,0.0007508108504328447,7.791627685938574e-05
0.0005073612555861473,0.005197099409997463,512,False,0,0.044568345585951956,4.5070019885636385e-05,0.0003,0.0057002101228045094,2.36143159866333,3.6523006841093775e-11,7.24306200861801,14.448709960330357,14.4486446364811,40501,1.8219043016433716,1.6264300346374512,0.0006512036452338817,7.796017828927632e-05
0.0005066938465461135,0.005105769261717796,512,False,0,0.01550664023170713,3.0673791571069836e-05,0.0003,0.0047049189267189834,2.36143159866333,3.6523006841093775e-11,7.24306200861801,14.433344194057561,14.433282986398861,40749,1.8146859407424927,1.620587944984436,0.00044272539148203254,8.670414973194778e-05
0.0005075189983472228,0.005167878232896328,48,True,0,0.050295548745972606,4.6936549957061085e-05,0.0003,0.005580059336863763,2.36143159866333,3.6523006841093775e-11,7.24306200861801,14.433282986398861,14.433221924327018,40750,1.8146553039550781,1.620564579963684,0.0006774485079355099,8.673968220258014e-05
0.0005064799915999174,0.005171707831323147,512,False,0,0.03655088478473562,3.5568594845192115e-05,0.0003,0.004867589316129288,2.36143159866333,3.6523006841093775e-11,7.24306200861801,14.433221924327018,14.433158890519588,40751,1.8146253824234009,1.6205410957336426,0.0005133694229371318,8.673960056966458e-05
0.0005056568770669401,0.005189807619899511,512,False,0,0.03522262072987406,4.103783768705267e-05,0.0003,0.005050171042886005,2.36143159866333,3.6523006841093775e-11,7.24306200861801,14.418267493015964,14.418207361901793,40999,1.8074722290039062,1.6147630214691162,0.000591694521106897,8.378602224219374e-05
0.000505669682752341,0.00525379553437233,48,True,0,0.07043944284125728,6.219699015298957e-05,0.0003,0.007394879070945582,2.36143159866333,3.6523006841093775e-11,7.24306200861801,14.418207361901793,14.418150863716596,41000,1.807443380355835,1.614740014076233,0.0008967691013119676,8.403953509079445e-05
0.0005055312067270279,0.005156892351806164,512,False,0,0.09296269611233449,6.230546039949376e-05,0.0003,0.006858782147434712,2.36143159866333,3.6523006841093775e-11,7.24306200861801,14.418150863716596,14.418091411888996,41001,1.807417631149292,1.6147165298461914,0.0008983295276732212,8.458983418512556e-05
0.0005042245611548424,0.0051804399117827415,512,False,0,0.03487685133809495,3.394824335651151e-05,0.0003,0.004680498063980298,2.36143159866333,3.6523006841093775e-11,7.24306200861801,14.403621823464709,14.403563362189203,41249,1.8003357648849487,1.609004020690918,0.00048897765887814,0.00010335722065845203
0.0005047314334660769,0.005057950038462877,48,True,0,0.03545416727637188,4.5603284228154444e-05,0.0003,0.00567266310598989,2.36143159866333,3.6523006841093775e-11,7.24306200861801,14.403563362189203,14.403505459351843,41250,1.800308108329773,1.6089812517166138,0.0006568497939041461,0.0001032963145696406
0.0005048854509368539,0.005187314003705978,512,False,0,0.034062263907113755,4.420480664902729e-05,0.0003,0.004785159533306418,2.36143159866333,3.6523006841093775e-11,7.24306200861801,14.403505459351843,14.403448873104828,41251,1.8002798557281494,1.60895836353302,0.0006367041738988572,0.00010324948151081957
0.0005033074412494898,0.005150859244167805,512,False,0,0.03836232191343079,4.845574236029694e-05,0.0003,0.006018212552997727,2.36143159866333,3.6523006841093775e-11,7.24306200861801,14.389411764839794,14.38935590268015,41499,1.7932814359664917,1.6033083200454712,0.0006972496291933028,0.00012123996481238608
0.0005034480709582567,0.00514798890799284,48,True,0,0.057451063616697516,5.233393066363684e-05,0.0003,0.007002871240501431,2.36143159866333,3.6523006841093775e-11,7.24306200861801,14.38935590268015,14.389303450277874,41500,1.7932535409927368,1.6032856702804565,0.0007530515541052565,0.00012130090723877366
0.0005036036600358784,0.005169093608856201,512,False,0,0.08414872291929039,6.264271795537962e-05,0.0003,0.007945912518779519,2.36143159866333,3.6523006841093775e-11,7.24306200861801,14.389303450277874,14.38924985734113,41501,1.793225646018982,1.6032627820968628,0.0009013850776101277,0.00012167597479723261
0.0005023314151912928,0.005177171900868416,512,False,0,0.04522572711172209,5.091199968440581e-05,0.0003,0.0057639940609739435,2.36143159866333,3.6523006841093775e-11,7.24306200861801,14.37567857831747,14.37562240786467,41749,1.7863140106201172,1.5976762771606445,0.0007318945432424184,0.0001422855642142709
0.0005024501588195562,0.00519435852766037,48,True,0,0.06151767963846228,5.360630995724778e-05,0.0003,0.0063156462647222305,2.36143159866333,3.6523006841093775e-11,7.24306200861801,14.37562240786467,14.375570520622745,41750,1.7862870693206787,1.597653865814209,0.0007706240706243503,0.00014231378884288078
0.0005026963190175593,0.005185028538107872,512,False,0,0.04940248513188148,4.9254169964342384e-05,0.0003,0.006230725478498559,2.36143159866333,3.6523006841093775e-11,7.24306200861801,14.375570520622745,14.375516055165075,41751,1.7862597703933716,1.597631573677063,0.0007080567937571426,0.00014230092633958313
0.0005015548667870462,0.00512283481657505,512,False,0,0.022376588295871892,2.8936095449286755e-05,0.0003,0.004734537531187004,2.36143159866333,3.6523006841093775e-11,7.243062008618078,14.362483050508162,14.362430153542896,41999,1.7794193029403687,1.592104196548462,0.0004155941804382674,0.00017568971018968696
0.000501350499689579,0.0052182781510055065,48,True,0,0.051247070949495176,5.1004268624802715e-05,0.0003,0.005746117620050696,2.36143159866333,3.6523006841093775e-11,7.243062008618078,14.362430153542896,14.362377944884205,42000,1.7793912887573242,1.592082142829895,0.0007325452456562684,0.0001756341401912357
0.0005017207586206496,0.005177333019673824,512,False,0,0.043722043201617856,3.6731118809347185e-05,0.0003,0.005047358931272579,2.36143159866333,3.6523006841093775e-11,7.243062008618078,14.362377944884205,14.36232413221579,42001,1.7793636322021484,1.5920599699020386,0.0005275462106782894,0.00017557226729641312
0.0005003952537663281,0.005145966075360775,512,False,0,0.07614061122179346,5.413744864782279e-05,0.0003,0.005910782384051925,2.36143159866333,3.6523006841093775e-11,7.243062008618078,14.349599263289939,14.349545337179382,42249,1.772599697113037,1.5865932703018188,0.0007768506932331949,0.00018717589562299266
0.0004993672482669353,0.005092660430818796,48,True,0,0.05683259101552767,4.655987706937758e-05,0.0003,0.005401398243382567,2.36143159866333,3.6523006841093775e-11,7.243062008618078,14.349545337179382,14.349494173878647,42250,1.7725722789764404,1.586571216583252,0.0006681130669005323,0.00018715641978168671
0.0005004315171390772,0.0051835826598107815,512,False,0,0.03817020392134791,5.1830469384596624e-05,0.0003,0.0057261039297773495,2.36143159866333,3.6523006841093775e-11,7.243062008618078,14.349494173878647,14.349443868209393,42251,1.7725447416305542,1.5865494012832642,0.0007437410184636649,0.00018705233662198454
0.000499499961733818,0.005119865294545889,512,False,0,0.022482685202279834,2.9837653709701634e-05,0.0003,0.004884511133429982,2.36143159866333,3.6523006841093775e-11,7.243062008618078,14.337182774024482,14.337131090554655,42499,1.7658441066741943,1.5811420679092407,0.00042778789478404195,0.0001924135643595287
0.0004988284781575203,0.005106491502374411,48,True,0,0.036363604738412526,3.7323124178045425e-05,0.0003,0.005000112163442756,2.36143159866333,3.6523006841093775e-11,7.243062008618078,14.337131090554655,14.337081065887649,42500,1.7658177614212036,1.5811203718185425,0.0005351065240496873,0.00019228928657583533
0.0004994557821191847,0.005137192085385323,512,False,0,0.03387892580801924,3.683717890850538e-05,0.0003,0.004835232475290098,2.36143159866333,3.6523006841093775e-11,7.243062008618078,14.337081065887649,14.337032158093395,42501,1.765792727470398,1.5810987949371338,0.0005281376202498484,0.0001921539755703884
0.000498758745379746,0.005139776039868593,512,False,0,0.06421685928810879,5.127485798848628e-05,0.0003,0.0062720147179863425,2.36143159866333,3.6523006841093775e-11,7.243062008618078,14.325113210138195,14.325063882875893,42749,1.7591646909713745,1.5757496356964111,0.0007345181455188247,0.0001940420212177412
0.0004987615393474698,0.005014488473534584,48,True,0,0.06986415243964197,5.810161259567857e-05,0.0003,0.006592362198104683,2.36143159866333,3.6523006841093775e-11,7.243062008618078,14.325063882875893,14.325019301430565,42750,1.759138822555542,1.575728178024292,0.0008323093121312021,0.00019417439762608953
0.0004986175335943699,0.005160324275493622,512,False,0,0.0685133979972366,4.998928392933295e-05,0.0003,0.005694779170357184,2.36143159866333,3.6523006841093775e-11,7.243062008618078,14.325019301430565,14.324972901105628,42751,1.7591137886047363,1.5757068395614624,0.0007160974571523873,0.00019416326416191813
0.0004976135678589344,0.005121580325067043,512,False,0,0.0285366136759888,2.9856652524850512e-05,0.0003,0.0047206940377283605,2.36143159866333,3.6523006841093775e-11,7.243062008618078,14.313495530282344,14.313449070498377,42999,1.7525627613067627,1.5704160928726196,0.00042735306246364087,0.00019355032288510672
0.0004979100776836276,0.0051011028699576855,48,True,0,0.053993788182086944,6.552092921155138e-05,0.0003,0.0068605657092885046,2.36143159866333,3.6523006841093775e-11,7.243062008618078,14.313449070498377,14.313405612191657,43000,1.7525365352630615,1.5703952312469482,0.00093783048332127,0.00019345539770823213
0.0004978618817403913,0.005165853071957827,512,False,0,0.0682295139825633,5.746417529155077e-05,0.0003,0.006315100272184063,2.36143159866333,3.6523006841093775e-11,7.243062008618078,14.313405612191657,14.313358990009334,43001,1.7525099515914917,1.5703741312026978,0.000822508049118048,0.00019346352906620139
0.0004968607099726796,0.005133713595569134,512,False,0,0.04463485371971758,4.932838871463841e-05,0.0003,0.006047559538094683,2.36143159866333,3.6523006841093775e-11,7.243062008618078,14.30230517659628,14.302259811444165,43249,1.7460308074951172,1.565141201019287,0.0007055096692665264,0.00021279474900095683
0.0004971058224327862,0.005063304677605629,48,True,0,0.0782762730472027,5.664217234339374e-05,0.0003,0.006584283674251419,2.36143159866333,3.6523006841093775e-11,7.243062008618078,14.302259811444165,14.302217033946063,43250,1.746004581451416,1.5651202201843262,0.0008101110651398144,0.00021296873234391228
0.0004964793333783746,0.005133382976055145,512,False,0,0.08326221889631387,5.6149176390450505e-05,0.0003,0.007341705944914907,2.36143159866333,3.6523006841093775e-11,7.243062008618078,14.302217033946063,14.302173288950126,43251,1.7459793090820312,1.5650990009307861,0.0008030577070135433,0.00021327164837703366
0.0004958398640155792,0.005166306160390377,512,False,0,0.05167504994189986,5.109515503606432e-05,0.0003,0.006417516492919512,2.36143159866333,3.6523006841093775e-11,7.243062008618078,14.291515846482906,14.291474262470178,43499,1.7395669221878052,1.5599228143692017,0.000730227217876414,0.00022386011874302015
0.0004954178584739566,0.005149125121533871,48,True,0,0.10968857541878485,8.3650529617995e-05,0.0003,0.00985055304109929,2.36143159866333,3.6523006841093775e-11,7.243062008618078,14.291474262470178,14.291429531343033,43500,1.7395437955856323,1.5599020719528198,0.0011954893910775747,0.00022447721746671895
0.0004957490600645542,0.005161167588084936,512,False,0,0.14787980119035182,7.800867915152758e-05,0.0003,0.009791519531431547,2.36143159866333,3.6523006841093775e-11,7.243062008618078,14.291429531343033,14.291391848719881,43501,1.7395176887512207,1.559881567955017,0.0011148555409272048,0.00022608814239367597
0.0009220045176334679,2.684854030609131,512,False,0,20.200741749702676,0.003403917768207489,0.0003,1.2089657572454608,2.7559850215911865,1.3005230226070807e-10,11.686338706120829,16.081859632469424,16.0879218158558,43749,1.7198898792266846,1.5475242137908936,0.05474132774878143,8.762704897780596
0.0009203906520269811,2.4549853801727295,48,True,0,5.897387495879825,0.004218120395844794,0.0003,1.4523169284315156,2.7559850215911865,1.3005230226070807e-10,11.686340138086116,16.0879218158558,16.09383261198715,43750,1.7198132276535034,1.5477460622787476,0.06786079113821777,8.754327664590871
0.0009165456285700202,2.752699375152588,512,False,0,24.53063530779904,0.003668605937896863,0.0003,1.5578791494842175,2.7559850215911865,1.3005230226070807e-10,11.693775612462405,16.09383261198715,16.099915396646157,43751,1.719679594039917,1.5477876663208008,0.05904192988385424,8.772779380961001
0.0007776492275297642,1.8696610927581787,512,False,0,2.058765493244597,0.0010544914922915767,0.0003,0.3857980168039023,2.7559850215911865,1.3005230226070807e-10,13.173982495183857,17.017150490359167,17.01879839342464,43999,1.7381694316864014,1.5585365295410156,0.017944440415129173,9.944930798886844
0.0007639233954250813,1.8465652465820312,48,True,0,3.5140526498728373,0.0016951656300049358,0.0003,0.4689023615747416,2.7559850215911865,1.3005230226070807e-10,13.173982522833034,17.01879839342464,17.020371579261205,44000,1.738112211227417,1.5585269927978516,0.028849682100516666,9.935194725118432
0.0007758629508316517,1.8734252452850342,512,False,0,1.8873339437471317,0.0016448665200663585,0.0003,0.4286466012511803,2.7559850215911865,1.3005230226070807e-10,13.173982525841891,17.020371579261205,17.02197180398075,44001,1.7380428314208984,1.5585036277770996,0.02799623936981573,9.925315728571416
0.0006663353415206075,1.8404529094696045,512,False,0,10.595246713910978,0.0011348022986539521,0.0003,0.7840952829766837,2.7559850215911865,1.3005230226070807e-10,13.173986617289144,17.347171084155875,17.348280320226376,44249,1.742030143737793,1.562422275543213,0.01968560962144346,7.940010106674499
0.0006673614261671901,1.8626346588134766,48,True,0,5.753647056757611,0.0016979964433806918,0.0003,0.9252447431839532,2.7559850215911865,1.3005230226070807e-10,13.173986704713638,17.348280320226376,17.349401011385275,44250,1.7421236038208008,1.5624866485595703,0.029457318282515636,7.93250539340803
0.0006695078336633742,1.7846485376358032,512,False,0,3.1485991842201133,0.0015817607039058004,0.0003,0.7596770341997429,2.7559850215911865,1.3005230226070807e-10,13.17398671689906,17.349401011385275,17.350494771216535,44251,1.742218017578125,1.562562108039856,0.027442600756112778,7.924659380793849
0.00064004713203758,1.7730543613433838,512,False,0,4.879995725292889,0.0011626696153379664,0.0003,0.6627584823082762,2.7559850215911865,1.3005230226070807e-10,13.174017202495907,17.594072846997836,17.595236090668752,44499,1.7463698387145996,1.5715763568878174,0.020456093909247134,6.499388989494729
0.0006334288627840579,1.875834345817566,48,True,0,5.0312676996401215,0.0018244315773492507,0.0003,0.6627163741736231,2.7559850215911865,1.3005230226070807e-10,13.174017337462713,17.595236090668752,17.59634818451284,44500,1.7463337182998657,1.5716910362243652,0.032101304334731254,6.493314595053724
0.0006414561648853123,1.6940113306045532,512,False,0,4.028064028642738,0.0016311265969551694,0.0003,0.6169348524799882,2.7559850215911865,1.3005230226070807e-10,13.174017342975125,17.59634818451284,17.59744604397101,44501,1.7462645769119263,1.5717908143997192,0.028701871533042704,6.487830425456946
0.0006283815018832684,1.736788272857666,512,False,0,8.853745888641095,0.001470827162157487,0.0003,0.8928749081450025,2.7559850215911865,1.3005230226070807e-10,13.174174377040424,17.848290575366605,17.849882818066224,44749,1.7555159330368042,1.5736526250839233,0.026251750576328683,5.4058171571697695
0.0006174492882564664,1.6781615018844604,48,True,0,10.072790551527275,0.0024656090427237812,0.0003,1.2171761138331225,2.7559850215911865,1.3005230226070807e-10,13.17417618898167,17.849882818066224,17.8510427229239,44750,1.7555487155914307,1.57370924949646,0.04401083248778393,5.401698298310972
0.0006222978699952364,1.663536548614502,512,False,0,2.4545032513575853,0.0022399450257072225,0.0003,1.1066703418864718,2.7559850215911865,1.3005230226070807e-10,13.174176202076435,17.8510427229239,17.852276852927407,44751,1.7556394338607788,1.5737234354019165,0.039985354350900504,5.39635683946466
0.0006515281856991351,0.41649574041366577,512,False,0,5.771293424613055,0.0018112334998120357,0.0003,0.8097472453975019,2.7559850215911865,1.3005230226070807e-10,13.17423459817989,18.518423910039626,18.52104896266042,44999,1.7682075500488281,1.565348505973816,0.033541189749583956,4.402355038561811
0.000644661660771817,0.40144985914230347,48,True,0,9.19753454344618,0.0022921893451926852,0.0003,1.0603305796646314,2.7559850215911865,1.3005230226070807e-10,13.174235454661508,18.52104896266042,18.52374863257404,45000,1.7684293985366821,1.5654399394989014,0.04245375109400225,4.400030179153508
0.0006491756066679955,0.3910258412361145,512,False,0,6.177430962490309,0.002142848930818571,0.0003,0.777120629911858,2.7559850215911865,1.3005230226070807e-10,13.174235608250637,18.52374863257404,18.526405767114646,45001,1.7685755491256714,1.565475344657898,0.039693594952063246,4.397765192210442
0.0006020739092491567,0.03790717571973801,512,False,0,0.329915789383389,0.00028238761547206567,0.0003,0.05736611368849377,2.7559850215911865,1.3005230226070807e-10,13.17449204888041,18.909218324994676,18.909605841873717,45249,1.775506854057312,1.5650298595428467,0.005339729073235934,3.751147725729194
0.0006083649350330234,0.040356703102588654,48,True,0,0.8719327791577128,0.00035212853086045857,0.0003,0.11093190557923482,2.7559850215911865,1.3005230226070807e-10,13.17449204888041,18.909605841873717,18.909990151097528,45250,1.775465965270996,1.5650086402893066,0.006658611724249337,3.7474129712050237
0.0006003746530041099,0.03768749162554741,512,False,0,0.2933548960192706,0.0003352909692386594,0.0003,0.0944721646955701,2.7559850215911865,1.3005230226070807e-10,13.17449204888041,18.909990151097528,18.910378843109875,45251,1.7754299640655518,1.5649858713150024,0.006340348926054993,3.74366910545423
0.0005818427307531238,0.020354704931378365,512,False,0,0.12302646538468857,0.00016084383871985553,0.0003,0.031015341698837396,2.7559850215911865,1.3005230226070807e-10,13.17449204888041,18.95460393714714,18.954644620308656,45499,1.7693555355072021,1.5599104166030884,0.0030487312586652336,2.9214642071820247
0.0005821230006404221,0.022814463824033737,48,True,0,0.3620154905768684,0.00020834941647694923,0.0003,0.04692602712909844,2.7559850215911865,1.3005230226070807e-10,13.17449204888041,18.954644620308656,18.954679903343447,45500,1.7693312168121338,1.5598922967910767,0.0039491891461692534,2.9185449658221456
0.0005815844051539898,0.02052811160683632,512,False,0,0.1793822944641406,0.00019797573656828824,0.0003,0.03688433388943076,2.7559850215911865,1.3005230226070807e-10,13.17449204888041,18.954679903343447,18.95471847798824,45501,1.7693078517913818,1.5598726272583008,0.0037525667152805493,2.915628579041464
0.0005805560504086316,0.014488224871456623,512,False,0,0.08061977736898429,0.00011582878549866197,0.0003,0.01720388941663779,2.7559850215911865,1.3005230226070807e-10,13.17449204888041,18.94670562880617,18.946614700773747,45749,1.762582778930664,1.5546377897262573,0.0021945739021852814,2.275075891492902
0.0005786307156085968,0.01387728564441204,48,True,0,0.1772015234565183,0.00015074855128738187,0.0003,0.02309631676156773,2.7559850215911865,1.3005230226070807e-10,13.17449204888041,18.946614700773747,18.94651803800597,45750,1.7625552415847778,1.5546162128448486,0.0028561747179418544,2.272801090555169
0.0005818213685415685,0.014115625992417336,512,False,0,0.05416235907026079,0.00014425426504722244,0.0003,0.022499785943568287,2.7559850215911865,1.3005230226070807e-10,13.17449204888041,18.94651803800597,18.94642184332565,45751,1.762527346611023,1.5545942783355713,0.002733116034776494,2.270528195821929
0.0005887627485208213,0.011639300733804703,512,False,0,0.0652373387309205,9.399922079644103e-05,0.0003,0.015824997574532627,2.7559850215911865,1.3005230226070807e-10,13.17449204888041,18.913005479746513,18.91283725730209,45999,1.7557142972946167,1.549039363861084,0.0017778077780149916,1.771671059011857
0.000596997793763876,0.012599067762494087,48,True,0,0.15370137673306092,0.00013504592299639457,0.0003,0.022653976505799308,2.7559850215911865,1.3005230226070807e-10,13.17449204888041,18.91283725730209,18.912660026568883,46000,1.7556822299957275,1.549017071723938,0.0025541015638929606,1.7698994861651867
0.0005889898166060448,0.011217170394957066,512,False,0,0.06745710649010386,0.0001280576103649316,0.0003,0.021893217615632416,2.7559850215911865,1.3005230226070807e-10,13.17449204888041,18.912660026568883,18.912483716101487,46001,1.7556499242782593,1.5489944219589233,0.002421910048646775,1.7681299384220264
0.0006006805342622101,0.009765966795384884,512,False,0,0.04593279064937204,8.252314698800081e-05,0.0003,0.012238264538455548,2.7559850215911865,1.3005230226070807e-10,13.17449204888041,18.864638031477703,18.86441742942677,46249,1.7487294673919678,1.543542504310608,0.0015567692971470647,1.3796352155309346
0.000605168694164604,0.009865003637969494,48,True,0,0.16129655964691197,0.00010775628536273555,0.0003,0.017577332359427954,2.7559850215911865,1.3005230226070807e-10,13.17449204888041,18.86441742942677,18.864188891946302,46250,1.748699426651001,1.5435205698013306,0.002032759547727073,1.378255761086707
0.0006003839080221951,0.009592017158865929,512,False,0,0.04153487174390253,0.00010015435359176518,0.0003,0.016915250797541203,2.7559850215911865,1.3005230226070807e-10,13.17449204888041,18.864188891946302,18.86396234378316,46251,1.748669981956482,1.5434989929199219,0.001889330644505839,1.3768776145431267
0.0006135015282779932,0.008512205444276333,512,False,0,0.06131889868627555,6.052560847587344e-05,0.0003,0.009012057819910635,2.7559850215911865,1.3005230226070807e-10,13.17449204888041,18.80709291603308,18.806848037090912,46499,1.741804838180542,1.5381779670715332,0.0011383107424051912,1.0743530751268706
0.000612687028478831,0.008665822446346283,48,True,0,0.13194439117517898,0.00012251983471790005,0.0003,0.014616214225133166,2.7559850215911865,1.3005230226070807e-10,13.17449204888041,18.806848037090912,18.806610459349315,46500,1.7417786121368408,1.5381556749343872,0.0023042119130690414,1.0732792323843516
0.0006120146135799587,0.008489389903843403,512,False,0,0.03368539557627027,0.0001086717088364397,0.0003,0.013576300935978874,2.7559850215911865,1.3005230226070807e-10,13.17449204888041,18.806610459349315,18.806371576753897,46501,1.7417527437210083,1.5381333827972412,0.0020437464960387504,1.072205986415538
0.0006263515679165721,0.007777291350066662,512,False,0,0.03966372333793495,6.268259861849376e-05,0.0003,0.00852328677990264,2.7559850215911865,1.3005230226070807e-10,13.17449204888041,18.743481889215932,18.743217802287845,46749,1.7349073886871338,1.5328973531723022,0.0011748901519747293,0.8366230085893503
0.0006241289665922523,0.0076023186556994915,48,True,0,0.11392024176613698,8.739454797427815e-05,0.0003,0.013944405596827527,2.7559850215911865,1.3005230226070807e-10,13.17449204888041,18.743217802287845,18.742956241506803,46750,1.734880805015564,1.5328747034072876,0.0016380550474143893,0.8357866233126384
0.0006265705451369286,0.007718733511865139,512,False,0,0.031356453412012285,8.79791553251497e-05,0.0003,0.013342865582570501,2.7559850215911865,1.3005230226070807e-10,13.17449204888041,18.742956241506803,18.742696904185017,46751,1.7348543405532837,1.532852292060852,0.001648989458424011,0.8349508346458214
0.0006395996315404773,0.007037719711661339,512,False,0,0.028852197547933403,6.070867677252785e-05,0.0003,0.00913863208484467,2.7559850215911865,1.3005230226070807e-10,13.17449204888041,18.675820110831854,18.675546976292864,46999,1.7280628681182861,1.5277104377746582,0.0011337843265703663,0.6514979207873128
0.0006429296918213367,0.006730575114488602,48,True,0,0.10285836877934615,9.682957377180048e-05,0.0003,0.01322235059536828,2.7559850215911865,1.3005230226070807e-10,13.17449204888041,18.675546976292864,18.67526290331656,47000,1.728036642074585,1.5276916027069092,0.0018083452536696752,0.6508465438508941
0.0006406559841707349,0.007165104616433382,512,False,0,0.026889106388068285,9.227674006511582e-05,0.0003,0.012329963093552446,2.7559850215911865,1.3005230226070807e-10,13.17449204888041,18.67526290331656,18.674976227325573,47001,1.7280101776123047,1.527672529220581,0.0017232923805770425,0.6501957026412167
0.0006510959938168526,0.006907490082085133,512,False,0,0.028669704339628097,7.143693158199405e-05,0.0003,0.007994264919133198,2.7559850215911865,1.3005230226070807e-10,13.17449204888041,18.60512436781212,18.604841229753564,47249,1.7212626934051514,1.5225982666015625,0.0013290929965378848,0.5073411535453778
0.0006487846258096397,0.007041168864816427,48,True,0,0.09487441474095053,0.00010548264113932359,0.0003,0.01035337915943179,2.7559850215911865,1.3005230226070807e-10,13.17449204888041,18.604841229753564,18.604569408209958,47250,1.7212375402450562,1.5225775241851807,0.001962487790892187,0.5068340410215483
0.0006515145068988204,0.0066758496686816216,512,False,0,0.026694662189993484,0.00010064301468795192,0.0003,0.010211290096379338,2.7559850215911865,1.3005230226070807e-10,13.17449204888041,18.604569408209958,18.60429725716559,47251,1.7212129831314087,1.5225566625595093,0.0018724199522134957,0.5063272271821418
0.0006627708207815886,0.006306122988462448,512,False,0,0.03098019989259835,6.737931249899315e-05,0.0003,0.00819634249262051,2.7559850215911865,1.3005230226070807e-10,13.17449204888041,18.53268174970772,18.53239342883168,47499,1.714545488357544,1.5175724029541016,0.0012487193550579437,0.3950771097481892
0.000661221332848072,0.00621247012168169,48,True,0,0.09337153286938361,9.744799216141115e-05,0.0003,0.012119154522992828,2.7559850215911865,1.3005230226070807e-10,13.17449204888041,18.53239342883168,18.532096202926734,47500,1.7145205736160278,1.517551064491272,0.0018059445295849769,0.39468218822305373
0.0006635099416598678,0.006368120200932026,512,False,0,0.024694609893791197,9.45076455476603e-05,0.0003,0.01160115367651029,2.7559850215911865,1.3005230226070807e-10,13.17449204888041,18.532096202926734,18.531798602542057,47501,1.7144955396652222,1.517529845237732,0.0017514247792013412,0.3942875017526534
0.0006743172416463494,0.006175642367452383,512,False,0,0.029039006206247834,4.8284192636722966e-05,0.0003,0.006903816404422456,2.7559850215911865,1.3005230226070807e-10,13.17449204888041,18.458905369581693,18.45860430604792,47749,1.707897424697876,1.5126150846481323,0.0008912733427279224,0.3076574006031336
0.0006753532215952873,0.0059213112108409405,48,True,0,0.08865027859471498,7.76880340486122e-05,0.0003,0.010408859197571556,2.7559850215911865,1.3005230226070807e-10,13.17449204888041,18.45860430604792,18.45830261214887,47750,1.7078702449798584,1.5125950574874878,0.0014340126798181106,0.30734987212174586
0.0006738787051290274,0.006083311513066292,512,False,0,0.022726210610457702,7.739477266478002e-05,0.0003,0.01016436387869862,2.7559850215911865,1.3005230226070807e-10,13.17449204888041,18.45830261214887,18.458001276695203,47751,1.707843542098999,1.5125751495361328,0.0014285761344449768,0.30704252201121746
0.0006852903170511127,0.005976537708193064,512,False,0,0.02572978917880728,4.944873739873072e-05,0.0003,0.007533841005057391,2.7559850215911865,1.3005230226070807e-10,13.17449204888041,18.3843045477503,18.384008830826275,47999,1.7013049125671387,1.5077317953109741,0.0009090806478399955,0.23958608633423484
0.0006833447841927409,0.005893649533390999,48,True,0,0.09242432852095538,8.184454772745379e-05,0.0003,0.011829376134845611,2.7559850215911865,1.3005230226070807e-10,13.17449204888041,18.384008830826275,18.383702606948425,48000,1.701279878616333,1.5077126026153564,0.001504630888176493,0.23934664384501725
0.0006841681897640228,0.006066042929887772,512,False,0,0.028174033033741604,7.343418463388484e-05,0.0003,0.010474427172429334,2.7559850215911865,1.3005230226070807e-10,13.17449204888041,18.383702606948425,18.38340064726452,48001,1.7012548446655273,1.5076929330825806,0.0013499922114930808,0.23910731994454684
0.0006948588415980339,0.005782946944236755,512,False,0,0.026501772355795514,5.8571212929709426e-05,0.0003,0.008317946764507358,2.7559850215911865,1.3005230226070807e-10,13.17449204888041,18.309446517501954,18.309154796615385,48249,1.694785714149475,1.5029140710830688,0.0010724064906017336,0.18657321940909657
0.0006915695848874748,0.005571301095187664,48,True,0,0.07535096912593264,7.600359241228322e-05,0.0003,0.009111517981074051,2.7559850215911865,1.3005230226070807e-10,13.17449204888041,18.309154796615385,18.308857868705164,48250,1.6947593688964844,1.502894639968872,0.001391561538575356,0.18638682356406677
0.0006945566856302321,0.005780559964478016,512,False,0,0.018227421357956193,7.370875581339766e-05,0.0003,0.008807706126754937,2.7559850215911865,1.3005230226070807e-10,13.17449204888041,18.308857868705164,18.308558938413643,48251,1.6947330236434937,1.5028752088546753,0.0013495231338665932,0.1862004420557216
0.0007030857959762216,0.005552047397941351,512,False,0,0.025187996107130194,5.4592376849133e-05,0.0003,0.008134723294522455,2.7559850215911865,1.3005230226070807e-10,13.17449204888041,18.234405358317584,18.234103932363443,48499,1.6883435249328613,1.4981436729431152,0.0009954595289411237,0.1452929651907701
0.00070331827737391,0.0053911637514829636,48,True,0,0.06751305335991398,7.119498191374114e-05,0.0003,0.009736347230251172,2.7559850215911865,1.3005230226070807e-10,13.17449204888041,18.234103932363443,18.233800113245493,48500,1.688317894935608,1.4981251955032349,0.0012981766996778914,0.1451477435114755
0.0007037728792056441,0.005548893939703703,512,False,0,0.022772878413006684,6.569307405868857e-05,0.0003,0.0088243199306926,2.7559850215911865,1.3005230226070807e-10,13.17449204888041,18.233800113245493,18.2334957277402,48501,1.6882922649383545,1.4981062412261963,0.00119783438121076,0.14500261083965996
0.0007116461056284606,0.005545683205127716,512,False,0,0.02080713936939931,5.739605941711235e-05,0.0003,0.0069206591375256575,2.7559850215911865,1.3005230226070807e-10,13.17449204888041,18.159502411812525,18.159208760122805,48749,1.6819769144058228,1.4934405088424683,0.0010422838794135866,0.11314718510669515
0.0007109646685421467,0.005377761088311672,48,True,0,0.05979930490340265,6.592277952094417e-05,0.0003,0.008362797648768558,2.7559850215911865,1.3005230226070807e-10,13.17449204888041,18.159208760122805,18.15891543003283,48750,1.681951642036438,1.4934214353561401,0.0011971055153683736,0.11303407273452235
0.0007106132106855512,0.005568535532802343,512,False,0,0.020766314242582327,6.739661860059016e-05,0.0003,0.008067832826600157,2.7559850215911865,1.3005230226070807e-10,13.17449204888041,18.15891543003283,18.158617864521908,48751,1.6819263696670532,1.4934022426605225,0.0012238494974382943,0.112921049060678
0.0007197769591584802,0.005489331670105457,512,False,0,0.024330648960709633,5.302126560587512e-05,0.0003,0.006688855243740063,2.7559850215911865,1.3005230226070807e-10,13.17449204888041,18.08479213395891,18.084501084064048,48999,1.6756808757781982,1.4887878894805908,0.0009588785671616765,0.08811374676780413
0.0007168736774474382,0.005429144948720932,48,True,0,0.06865477447606749,6.905041523978541e-05,0.0003,0.009429988445824275,2.7559850215911865,1.3005230226070807e-10,13.17449204888041,18.084501084064048,18.084208543134206,49000,1.675655484199524,1.4887690544128418,0.001248742309258972,0.08802574622141117
0.0007187146111391485,0.00557639729231596,512,False,0,0.019953377365238882,7.234237471373155e-05,0.0003,0.009113119507951932,2.7559850215911865,1.3005230226070807e-10,13.17449204888041,18.084208543134206,18.083912345900018,49001,1.675629734992981,1.4887503385543823,0.00130825459082868,0.0879377227444571
0.0007256668759509921,0.005417604930698872,512,False,0,0.024792522240362654,4.766505693544754e-05,0.0003,0.006621777775576055,2.7559850215911865,1.3005230226070807e-10,13.17449204888041,18.010743762188344,18.010446824395935,49249,1.6694597005844116,1.4841892719268799,0.000858483126874464,0.06861990507809221
0.000729877850972116,0.00529912393540144,48,True,0,0.0879149819371854,6.549849154867687e-05,0.0003,0.009987489889131496,2.7559850215911865,1.3005230226070807e-10,13.17449204888041,18.010446824395935,18.010143836748714,49250,1.6694345474243164,1.4841705560684204,0.0011796570991155914,0.06855163307432004
0.0007268031476996839,0.005484476685523987,512,False,0,0.02060678337404823,5.970489931139719e-05,0.0003,0.009935336510974483,2.7559850215911865,1.3005230226070807e-10,13.17449204888041,18.010143836748714,18.00983749300623,49251,1.6694090366363525,1.4841517210006714,0.0010752938243568627,0.06848309155292107
0.0007314534159377217,0.005414580926299095,512,False,0,0.022962568807825677,3.95470436788668e-05,0.0003,0.006346632476512109,2.7559850215911865,1.3005230226070807e-10,13.17449204888041,17.937325780760336,17.93703475883796,49499,1.6633025407791138,1.479655146598816,0.0007093682061337925,0.0534399875141377
0.0007330991793423891,0.0052928077057003975,48,True,0,0.0657846630272403,6.326337010694865e-05,0.0003,0.008703136497756465,2.7559850215911865,1.3005230226070807e-10,13.17449204888041,17.93703475883796,17.9367503271645,49500,1.6632789373397827,1.4796370267868042,0.0011347572685695684,0.05338662057167376
0.0007342631579376757,0.005385047756135464,512,False,0,0.01761269813399204,6.060014502806392e-05,0.0003,0.008197346742130168,2.7559850215911865,1.3005230226070807e-10,13.17449204888041,17.9367503271645,17.936462102076092,49501,1.6632550954818726,1.4796189069747925,0.0010869696711583417,0.05333324118245644
0.0007381441537290812,0.005372209940105677,512,False,0,0.021294389117961592,5.499831790766878e-05,0.0003,0.006775384960453575,2.7559850215911865,1.3005230226070807e-10,13.17449204888041,17.864666362735495,17.8643796403974,49749,1.6572314500808716,1.475170612335205,0.0009825265999321637,0.04161930240886341
0.0007368540391325951,0.005180467385798693,48,True,0,0.05192842380423889,6.860045971723978e-05,0.0003,0.00808940879159694,2.7559850215911865,1.3005230226070807e-10,13.17449204888041,17.8643796403974,17.864090265107524,49750,1.6572074890136719,1.4751523733139038,0.0012255046558945603,0.041577710327113035
0.0007378594018518925,0.005341146141290665,512,False,0,0.02055447403860297,6.745489304982578e-05,0.0003,0.007550021675667917,2.7559850215911865,1.3005230226070807e-10,13.17449204888041,17.864090265107524,17.86379797637583,49751,1.6571836471557617,1.475134253501892,0.0012050202982652619,0.041536140370535886
0.0007437035674229264,0.005398565903306007,512,False,0,0.02207909827395651,4.302998913808375e-05,0.0003,0.006572521747933869,2.7559850215911865,1.3005230226070807e-10,13.17449204888041,17.79290390139578,17.792614681484228,49999,1.6512197256088257,1.470741868019104,0.0007656284616120283,0.032413847524217436
0.0007427256787195802,0.005209352355450392,48,True,0,0.06583730421110345,6.820942854406322e-05,0.0003,0.008348694416264285,2.7559850215911865,1.3005230226070807e-10,13.17449204888041,17.792614681484228,17.79232447676623,50000,1.651195764541626,1.47072434425354,0.0012136240797287485,0.03238154163113984
0.0007432340644299984,0.0054025547578930855,512,False,0,0.019653734091126415,6.237609056518132e-05,0.0003,0.00792445010266805,2.7559850215911865,1.3005230226070807e-10,13.17449204888041,17.79232447676623,17.79203601538129,50001,1.6511716842651367,1.470706820487976,0.0011098156429278625,0.03234916377415241
0.0007470426498912275,0.005369461141526699,512,False,0,0.02090546217420419,4.646404719339504e-05,0.0003,0.007567906275742582,2.7559850215911865,1.3005230226070807e-10,13.17449204888041,17.722223854217038,17.72194122731783,50249,1.6452865600585938,1.4663668870925903,0.0008234462455342518,0.025246819932025003
0.0007510019931942225,0.005387158133089542,48,True,0,0.0685593068433625,6.580704761931251e-05,0.0003,0.010875486801381567,2.7559850215911865,1.3005230226070807e-10,13.17449204888041,17.72194122731783,17.72166021394977,50250,1.6452637910842896,1.4663503170013428,0.0011662286302527621,0.025221637765187994
0.0007472120341844857,0.005301938857883215,512,False,0,0.020603207086873385,6.282447383061146e-05,0.0003,0.00998646851669705,2.7559850215911865,1.3005230226070807e-10,13.17449204888041,17.72166021394977,17.721380237137115,50251,1.6452407836914062,1.4663336277008057,0.0011133539783462758,0.025196426567867136
0.0007534341420978308,0.005397862754762173,512,False,0,0.01675573867488876,6.801270784601818e-05,0.0003,0.006628949032104071,2.7559850215911865,1.3005230226070807e-10,13.17449204888041,17.65257794090139,17.65229742036807,50499,1.6394085884094238,1.4620388746261597,0.0012005996262235915,0.01966498265931387
0.0007520270883105695,0.0053426059894263744,48,True,0,0.05876870896071681,9.411389956682583e-05,0.0003,0.008285499516269485,2.7559850215911865,1.3005230226070807e-10,13.17449204888041,17.65229742036807,17.65201255621827,50500,1.639385461807251,1.4620213508605957,0.001661326546544259,0.019645400032518755
0.0007514568278566003,0.005437950603663921,512,False,0,0.02063413262974807,9.047703523458698e-05,0.0003,0.007635961599192726,2.7559850215911865,1.3005230226070807e-10,13.17449204888041,17.65201255621827,17.65173232032809,50501,1.6393624544143677,1.4620037078857422,0.0015971017620103323,0.019625770494972706
0.0007547973073087633,0.005440501496195793,512,False,0,0.01913899664001965,5.19881771667767e-05,0.0003,0.006971753054890644,2.7559850215911865,1.3005230226070807e-10,13.17449204888041,17.584128620856376,17.58386282760793,50749,1.6336058378219604,1.4577659368515015,0.0009141667940644702,0.01531719900635108
0.0007580101955682039,0.005372574087232351,48,True,0,0.06250813109899579,9.569461659807354e-05,0.0003,0.009077638495537709,2.7559850215911865,1.3005230226070807e-10,13.17449204888041,17.58386282760793,17.583597599745936,50750,1.6335831880569458,1.457749366760254,0.0016826810116010581,0.015301949397765318
0.0007563402177765965,0.0053707510232925415,512,False,0,0.02889089757132869,8.461697970424606e-05,0.0003,0.007944717574146252,2.7559850215911865,1.3005230226070807e-10,13.17449204888041,17.583597599745936,17.583332331640786,50751,1.6335601806640625,1.4577326774597168,0.0014878709212253318,0.015286694607422309
0.0007600478129461408,0.005470566917210817,512,False,0,0.022686468410777802,4.779112960305252e-05,0.0003,0.006604825463782531,2.7559850215911865,1.3005230226070807e-10,13.17449204888041,17.516994071443406,17.51672240284421,50999,1.6278667449951172,1.4535356760025024,0.0008371569339242545,0.011933006873149611
0.0007552531897090375,0.005455414764583111,48,True,0,0.052267573718741356,6.131887629789453e-05,0.0003,0.00815842209511868,2.7559850215911865,1.3005230226070807e-10,13.17449204888041,17.51672240284421,17.516447747357304,51000,1.6278436183929443,1.4535192251205444,0.001074105734164562,0.01192112486368543
0.0007582813268527389,0.005366194527596235,512,False,0,0.020762002849388377,6.466830391458512e-05,0.0003,0.0074980119836377925,2.7559850215911865,1.3005230226070807e-10,13.17449204888041,17.516447747357304,17.51617462021,51001,1.6278204917907715,1.4535025358200073,0.001132758966430052,0.01190921645535809
0.0007608056184835732,0.005494050681591034,512,False,0,0.017304124222557078,5.194338119163243e-05,0.0003,0.0062631624832902785,2.7559850215911865,1.3005230226070807e-10,13.17449204888041,17.451057194527017,17.45079521438311,51249,1.6221857070922852,1.4493615627288818,0.0009064669160522965,0.009296886563779182
0.0007647478487342596,0.005389666184782982,48,True,0,0.06463241081291222,7.161379298611726e-05,0.0003,0.008826388266072053,2.7559850215911865,1.3005230226070807e-10,13.17449204888041,17.45079521438311,17.450535655937113,51250,1.6221628189086914,1.449344515800476,0.0012497176359259577,0.009287648876356431
0.0007624058052897453,0.0055498406291007996,512,False,0,0.023117911968775627,6.420633432576667e-05,0.0003,0.008188388953266085,2.7559850215911865,1.3005230226070807e-10,13.17449204888041,17.450535655937113,17.45027360919454,51251,1.6221396923065186,1.4493272304534912,0.0011204349264888104,0.009278388513707275
0.0007643919670954347,0.005484698805958033,512,False,0,0.017753068142320524,4.890922186837057e-05,0.0003,0.006691222396315355,2.7559850215911865,1.3005230226070807e-10,13.17449204888041,17.38655001480358,17.38629771438985,51499,1.616576075553894,1.4452282190322876,0.0008503626321995498,0.007243866802534465
0.0007644550641998649,0.005583486519753933,48,True,0,0.05626645395347683,0.0001450185849098226,0.0003,0.009073140311804158,2.7559850215911865,1.3005230226070807e-10,13.17449204888041,17.38629771438985,17.386056812734715,51500,1.6165542602539062,1.4452118873596191,0.0025213362913616994,0.007236655682910053
0.0007644935976713896,0.005521275103092194,512,False,0,0.019676511667846733,0.00010868246885188077,0.0003,0.008222123226998909,2.7559850215911865,1.3005230226070807e-10,13.17449204888041,17.386056812734715,17.385805457138556,51501,1.6165324449539185,1.4451956748962402,0.00188955957800707,0.007229425936476905
0.0007661770796403289,0.005576622672379017,512,False,0,0.020052477205525516,4.690392617473953e-05,0.0003,0.006436934171995936,2.7559850215911865,1.3005230226070807e-10,13.17449204888041,17.32348080571068,17.323225332813507,51749,1.6110262870788574,1.4411484003067017,0.000812539264800571,0.005645278755753713
0.0007642863201908767,0.0055929385125637054,48,True,0,0.051942616430820036,6.489006719839698e-05,0.0003,0.008095811564450574,2.7559850215911865,1.3005230226070807e-10,13.17449204888041,17.323225332813507,17.32297737892415,51750,1.6110039949417114,1.4411314725875854,0.0011241052559392414,0.005639669006483881
0.0007667968748137355,0.005510360933840275,512,False,0,0.02258341719539425,6.0511447946913595e-05,0.0003,0.007552470705397828,2.7559850215911865,1.3005230226070807e-10,13.17449204888041,17.32297737892415,17.3227257510507,51751,1.6109817028045654,1.4411147832870483,0.0010482384439503304,0.005634038709082024
0.0007672982756048441,0.005640851333737373,512,False,0,0.021315563764404834,5.989394031866486e-05,0.0003,0.007410017260266231,2.7559850215911865,1.3005230226070807e-10,13.17449204888041,17.261906344946873,17.261662369627775,51999,1.6055388450622559,1.4371100664138794,0.0010338835884106303,0.004400227150359802
0.000761655974201858,0.005483314394950867,48,True,0,0.07525446407503378,9.172190761546899e-05,0.0003,0.009512478920471926,2.7559850215911865,1.3005230226070807e-10,13.17449204888041,17.261662369627775,17.26141829421325,52000,1.6055171489715576,1.4370933771133423,0.0015832726011564162,0.004396117413473645
0.0007685929886065423,0.005581708624958992,512,False,0,0.016909175876568282,7.996592592375971e-05,0.0003,0.008879420849896612,2.7559850215911865,1.3005230226070807e-10,13.17449204888041,17.26141829421325,17.261177426614935,52001,1.6054949760437012,1.4370768070220947,0.0013803252966540875,0.004391723830276328
0.0007688700570724905,0.005627893842756748,512,False,0,0.01928792833508359,5.146481179449987e-05,0.0003,0.006433549748777494,2.7559850215911865,1.3005230226070807e-10,13.17449204888041,17.201860899281336,17.201622944405038,52249,1.6001060009002686,1.4331202507019043,0.0008852905336966802,0.0034327007416613035
0.0007663436699658632,0.005675114691257477,48,True,0,0.04723872243761099,6.407582965040881e-05,0.0003,0.007566349085545331,2.7559850215911865,1.3005230226070807e-10,13.17449204888041,17.201622944405038,17.201389185156863,52250,1.6000845432281494,1.4331045150756836,0.0011022082614962608,0.0034292996319978293
0.000768841418903321,0.005696860142052174,512,False,0,0.019473614728343334,5.836413751403318e-05,0.0003,0.00734055312769642,2.7559850215911865,1.3005230226070807e-10,13.17449204888041,17.201389185156863,17.20115215339454,52251,1.6000628471374512,1.4330885410308838,0.0010039442438348983,0.0034258779764290165
0.0007708252524025738,0.005657120607793331,512,False,0,0.01731882193026986,7.577601547495079e-05,0.0003,0.007243608679760035,2.7559850215911865,1.3005230226070807e-10,13.17449204888041,17.143305383465073,17.143063081241163,52499,1.5947307348251343,1.4291657209396362,0.0012990513740292566,0.0026793684831052
0.0007703538867644966,0.005625064484775066,48,True,0,0.05111708125262608,0.00010006003257817788,0.0003,0.008411569312546144,2.7559850215911865,1.3005230226070807e-10,13.17449204888041,17.143063081241163,17.14281934287286,52500,1.5947105884552002,1.4291499853134155,0.0017153354503987492,0.002676747778426691
0.0007705519092269242,0.005739051848649979,512,False,0,0.02627809331343995,8.446642060910238e-05,0.0003,0.007874886300085216,2.7559850215911865,1.3005230226070807e-10,13.17449204888041,17.14281934287286,17.142578963288766,52501,1.594690203666687,1.4291343688964844,0.001447992589040955,0.002674104455766344
0.0007720980793237686,0.005803897976875305,512,False,0,0.019769845533475605,4.6514665188373725e-05,0.0003,0.006328409204680205,2.7559850215911865,1.3005230226070807e-10,13.17449204888041,17.08628727600934,17.086060660729487,52749,1.5894242525100708,1.4252591133117676,0.0007947629319559446,0.0020913583910436907
0.0007707038894295692,0.005790380761027336,48,True,0,0.050579538587807935,6.855479582391918e-05,0.0003,0.007907920740277614,2.7559850215911865,1.3005230226070807e-10,13.17449204888041,17.086060660729487,17.08583628197623,52750,1.5894033908843994,1.4252433776855469,0.0011713314000314076,0.002089334103779787
0.0007712487131357193,0.005720221437513828,512,False,0,0.01968122707994213,7.460642418864273e-05,0.0003,0.007652304883999322,2.7559850215911865,1.3005230226070807e-10,13.17449204888041,17.08583628197623,17.08560712411224,52751,1.5893824100494385,1.4252277612686157,0.001274713149270821,0.0020872479718624178
0.0007721253205090761,0.005813526455312967,512,False,0,0.023850350178200464,7.183814315407014e-05,0.0003,0.0066995479752241585,2.7559850215911865,1.3005230226070807e-10,13.17449204888041,17.030842207246025,17.03063133419455,52999,1.5841624736785889,1.4213955402374268,0.0012234640805185199,0.001633021898897674
0.0007732226513326168,0.005794620141386986,48,True,0,0.05967856958315202,9.589478757344215e-05,0.0003,0.009357312827896723,2.7559850215911865,1.3005230226070807e-10,13.17449204888041,17.03063133419455,17.030409376497822,53000,1.584141731262207,1.4213796854019165,0.0016331487740341938,0.0016314414939572603
0.0007720510475337505,0.00582966860383749,512,False,0,0.01627483610454262,8.307232591503588e-05,0.0003,0.00870398468024943,2.7559850215911865,1.3005230226070807e-10,13.17449204888041,17.030409376497822,17.030182466749565,53001,1.5841212272644043,1.4213638305664062,0.0014147557181909101,0.0016298125158604791
0.0007734723621979356,0.00585970189422369,512,False,0,0.016972022457912486,5.420327111157922e-05,0.0003,0.007024811083423311,2.7559850215911865,1.3005230226070807e-10,13.17449204888041,16.976984357476443,16.976779362544175,53249,1.5789635181427002,1.4175753593444824,0.0009202080857853352,0.0012755397230761573
0.0007700487039983273,0.006078007631003857,48,True,0,0.056190815970132854,0.00012048290253958355,0.0003,0.00819386039201019,2.7559850215911865,1.3005230226070807e-10,13.17449204888041,16.976779362544175,16.97658149708411,53250,1.578943133354187,1.4175604581832886,0.002045411653373423,0.001274306809090846
0.0007725206087343395,0.005907102487981319,512,False,0,0.01897571396745439,9.943294202654534e-05,0.0003,0.008125342358355577,2.7559850215911865,1.3005230226070807e-10,13.17449204888041,16.97658149708411,16.976381380922582,53251,1.5789223909378052,1.4175455570220947,0.0016880314438084865,0.0012730422015100004
0.0007729656645096838,0.005963629111647606,512,False,0,0.02031221962080809,5.7067562725072256e-05,0.0003,0.006435339756732066,2.7559850215911865,1.3005230226070807e-10,13.17449204888041,16.924702011964058,16.92449746435066,53499,1.573821783065796,1.4137991666793823,0.0009658514936709154,0.0009972898557353658
0.0007746868650428951,0.006012850906699896,48,True,0,0.05860394982616776,8.583948556418722e-05,0.0003,0.008505867023083032,2.7559850215911865,1.3005230226070807e-10,13.17449204888041,16.92449746435066,16.924289761168577,53500,1.5738009214401245,1.413784146308899,0.001452790155772252,0.0009963448004419568
0.0007732722442597151,0.0059237792156636715,512,False,0,0.017404101960730372,7.981505494903096e-05,0.0003,0.008049012664601465,2.7559850215911865,1.3005230226070807e-10,13.17449204888041,16.924289761168577,16.924082729759178,53501,1.5737797021865845,1.413769006729126,0.001350813117260992,0.0009953517367419797
0.000773389998357743,0.006032553501427174,512,False,0,0.03156371565547322,5.0123641156253755e-05,0.0003,0.0068518277983001955,2.7559850215911865,1.3005230226070807e-10,13.17449204888041,16.874003718710874,16.87381102328973,53749,1.5687310695648193,1.4100617170333862,0.0008457865072659553,0.0007821543397664116
0.0007767737261019647,0.005946575663983822,48,True,0,0.05640408073303049,7.889117289420584e-05,0.0003,0.008236778638418922,2.7559850215911865,1.3005230226070807e-10,13.17449204888041,16.87381102328973,16.873620453032785,53750,1.5687110424041748,1.4100468158721924,0.0013311947428225064,0.0007814502752730678
0.0007730196230113506,0.005982371978461742,512,False,0,0.025102712544258287,7.491527394448149e-05,0.0003,0.008414977055655358,2.7559850215911865,1.3005230226070807e-10,13.17449204888041,16.873620453032785,16.87342680733865,53751,1.5686910152435303,1.4100319147109985,0.001264091898674157,0.0007806901537224998
0.0007727104239165783,0.006055121310055256,512,False,0,0.022572000201864208,4.870703474017611e-05,0.0003,0.007460623423692731,2.7559850215911865,1.3005230226070807e-10,13.17449204888041,16.82496156235548,16.82476911732695,53999,1.563690423965454,1.4063650369644165,0.000819493987319776,0.0006142444324711108
0.0007714905659668148,0.006054260767996311,48,True,0,0.06485686813738842,7.575747054012742e-05,0.0003,0.008718638005842995,2.7559850215911865,1.3005230226070807e-10,13.17449204888041,16.82476911732695,16.8245799789864,54000,1.5636699199676514,1.406350016593933,0.0012746019507503422,0.0006137902433351916
0.0007721642032265663,0.00616691168397665,512,False,0,0.016633183641577245,6.521729453493244e-05,0.0003,0.008354868283371323,2.7559850215911865,1.3005230226070807e-10,13.17449204888041,16.8245799789864,16.824388658885372,54001,1.5636495351791382,1.4063349962234497,0.0010972535879160833,0.00061317895925373
0.0007735700346529484,0.0061471606604754925,512,False,0,0.018023401246382555,5.542913147125781e-05,0.0003,0.006728996975212574,2.7559850215911865,1.3005230226070807e-10,13.17449204888041,16.777476435605827,16.777294258043142,54249,1.558707594871521,1.4027067422866821,0.0009299609471051253,0.00048282179442759205
0.0007718230481259525,0.006265529431402683,48,True,0,0.053034197529485225,7.659945028245445e-05,0.0003,0.00804688056587771,2.7559850215911865,1.3005230226070807e-10,13.17449204888041,16.777294258043142,16.777115999307295,54250,1.558687448501587,1.4026919603347778,0.001285131517393084,0.0004824003148629545
0.000773137784563005,0.006112735718488693,512,False,0,0.022947891268627407,7.318654390640973e-05,0.0003,0.00728607572932485,2.7559850215911865,1.3005230226070807e-10,13.17449204888041,16.777115999307295,16.77693794532646,54251,1.5586674213409424,1.402677059173584,0.0012278591367062325,0.000481943184497052
0.0007734856335446239,0.006223897449672222,512,False,0,0.01827182251079527,5.506174751067809e-05,0.0003,0.006655690569935253,2.7559850215911865,1.3005230226070807e-10,13.17449204888041,16.731568783182016,16.73139274086883,54499,1.5537751913070679,1.3990943431854248,0.0009212694157971116,0.00038164895750370165
0.000771994236856699,0.006317538674920797,48,True,0,0.06056318600646214,6.344763149891476e-05,0.0003,0.008439210475732645,2.7559850215911865,1.3005230226070807e-10,13.17449204888041,16.73139274086883,16.731211726796875,54500,1.553755760192871,1.3990800380706787,0.001061567241086263,0.0003814227913680993
0.000772907689679414,0.0061822449788451195,512,False,0,0.026183228899437947,5.762465707173952e-05,0.0003,0.008490675004115208,2.7559850215911865,1.3005230226070807e-10,13.17449204888041,16.731211726796875,16.7310312458627,54501,1.5537363290786743,1.399065375328064,0.0009641303381513368,0.00038106317661374783
0.0007717219414189458,0.006281394045799971,512,False,0,0.030276433911962355,5.5769475559087777e-05,0.0003,0.006903237864024923,2.7559850215911865,1.3005230226070807e-10,13.17449204888041,16.687334936657443,16.68716343382465,54749,1.548888921737671,1.395518183708191,0.0009306439178962288,0.0003024549278217915
0.0007711108191870153,0.0060430108569562435,48,True,0,0.04794066282595293,9.660842307624e-05,0.0003,0.008174529230097736,2.7559850215911865,1.3005230226070807e-10,13.17449204888041,16.68716343382465,16.686999459502857,54750,1.5488693714141846,1.3955034017562866,0.0016121205449572936,0.0003021863244478646
0.0007713991799391806,0.006196246482431889,512,False,0,0.025036797739917294,7.935344101296104e-05,0.0003,0.008063478645523538,2.7559850215911865,1.3005230226070807e-10,13.17449204888041,16.686999459502857,16.686832804892372,54751,1.548850178718567,1.3954885005950928,0.0013241708272929728,0.000301894903585788
0.0007711526122875512,0.006334241479635239,512,False,0,0.020680367373143552,7.114286637722208e-05,0.0003,0.006856855122386349,2.7559850215911865,1.3005230226070807e-10,13.17449204888041,16.644519869292477,16.64434810639869,54999,1.544060230255127,1.391981601715088,0.0011841388529740928,0.000241542297215062
0.0007702670991420746,0.006425271742045879,48,True,0,0.05476168160281512,7.169601697427354e-05,0.0003,0.008974824096364188,2.7559850215911865,1.3005230226070807e-10,13.17449204888041,16.64434810639869,16.64418369894602,55000,1.5440409183502197,1.391968011856079,0.001193333464362078,0.00024137976517359387
0.0007715728133916855,0.006351981312036514,512,False,0,0.020464378625113636,6.911759967913017e-05,0.0003,0.008272430934186786,2.7559850215911865,1.3005230226070807e-10,13.17449204888041,16.64418369894602,16.64401906884724,55001,1.5440220832824707,1.391953945159912,0.001150406025889655,0.0002411420890501445
0.0007701214635744691,0.006366298533976078,512,False,0,0.02151157539037573,5.992999453942979e-05,0.0003,0.007081711626822979,2.7559850215911865,1.3005230226070807e-10,13.17449204888041,16.60330533017013,16.603143061351606,55249,1.5392783880233765,1.3884817361831665,0.0009950359977735814,0.0001927964900039409
0.0007693315274082124,0.006429733242839575,48,True,0,0.0668859911580021,7.641741736360536e-05,0.0003,0.010105690735902194,2.7559850215911865,1.3005230226070807e-10,13.17449204888041,16.603143061351606,16.602990453212456,55250,1.5392606258392334,1.388467788696289,0.001268769312866954,0.00019278139519481478
0.0007706135511398315,0.006422084756195545,512,False,0,0.018521843647530123,7.153368327216622e-05,0.0003,0.009630838273142503,2.7559850215911865,1.3005230226070807e-10,13.17449204888041,16.602990453212456,16.602837404651908,55251,1.5392425060272217,1.3884538412094116,0.0011876730604508993,0.00019259645708613227
0.000770344166085124,0.006424972787499428,512,False,0,0.019420244875273263,5.005355253728987e-05,0.0003,0.006682047002656846,2.7559850215911865,1.3005230226070807e-10,13.17449204888041,16.563685042655337,16.563533012641344,55499,1.5345468521118164,1.3850209712982178,0.0008290712794936713,0.00015618656932221204
0.000768115627579391,0.006502785719931126,48,True,0,0.048126935501180586,9.176804223918552e-05,0.0003,0.00849416183790914,2.7559850215911865,1.3005230226070807e-10,13.17449204888041,16.563533012641344,16.5633789712606,55500,1.5345275402069092,1.3850064277648926,0.0015200029971342145,0.00015607410563812498
0.0007693832740187645,0.00644439272582531,512,False,0,0.02532939231245231,9.35938957994815e-05,0.0003,0.007542494843591759,2.7559850215911865,1.3005230226070807e-10,13.17449204888041,16.5633789712606,16.563222267143683,55501,1.534508466720581,1.384992241859436,0.001550231165523488,0.00015595307374667195
0.0007691266946494579,0.006506871432065964,512,False,0,0.018642396844709416,6.389598739878755e-05,0.0003,0.006956081906752178,2.7559850215911865,1.3005230226070807e-10,13.17449204888041,16.525606869575366,16.525464944469835,55749,1.5298619270324707,1.3815981149673462,0.0010559199682957047,0.0001279558801339699
0.0007695945678278804,0.006362217478454113,48,True,0,0.0795678309168437,6.788110338144331e-05,0.0003,0.009082184963390562,2.7559850215911865,1.3005230226070807e-10,13.17449204888041,16.525464944469835,16.52531894332499,55750,1.5298435688018799,1.3815851211547852,0.0011217667943219743,0.00012807286641439283
0.0007691762875765562,0.006519758608192205,512,False,0,0.022393835851893525,5.7485888431663926e-05,0.0003,0.009263760403613354,2.7559850215911865,1.3005230226070807e-10,13.17449204888041,16.52531894332499,16.5251674103937,55751,1.5298254489898682,1.3815724849700928,0.0009499726410736428,0.0001279599541799123
0.0007682042196393013,0.0065933289006352425,512,False,0,0.021341506854598635,6.783416281192269e-05,0.0003,0.006634459222701886,2.7559850215911865,1.3005230226070807e-10,13.17449204888041,16.489047712938433,16.488904252481365,55999,1.5252251625061035,1.378210186958313,0.0011185207471730272,0.00010639535808244416
0.0007708800840191543,0.006421673111617565,48,True,0,0.06198109316535072,7.552867341045615e-05,0.0003,0.008110537966735512,2.7559850215911865,1.3005230226070807e-10,13.17449204888041,16.488904252481365,16.48875874930711,56000,1.525206446647644,1.378196120262146,0.0012453850641819468,0.00010641893433540891
0.0007675340166315436,0.006625160574913025,512,False,0,0.020076934893042114,7.018603543093514e-05,0.0003,0.00793351084049109,2.7559850215911865,1.3005230226070807e-10,13.17449204888041,16.48875874930711,16.48861622451883,56001,1.5251880884170532,1.3781821727752686,0.0011572806057910106,0.00010632114583020397
0.0007658141548745334,0.006652527488768101,512,False,0,0.022276407511342727,5.428967605836142e-05,0.0003,0.006601494389921452,2.7559850215911865,1.3005230226070807e-10,13.17449204888041,16.454025816759955,16.453886278926195,56249,1.5206341743469238,1.3748599290847778,0.0008932837314478137,8.836614267543035e-05
0.0007650507614016533,0.006786360405385494,48,True,0,0.08013234334741594,8.353330889214942e-05,0.0003,0.009789813132275279,2.7559850215911865,1.3005230226070807e-10,13.17449204888041,16.453886278926195,16.453750401974855,56250,1.5206149816513062,1.3748469352722168,0.0013744475650138408,8.859848574743482e-05
0.0007679806440137327,0.0067466022446751595,512,False,0,0.02282812590104199,6.996665899495463e-05,0.0003,0.008565785317169195,2.7559850215911865,1.3005230226070807e-10,13.17449204888041,16.453750401974855,16.453616937204256,56251,1.5205962657928467,1.374833583831787,0.0011512139435630724,8.852163736904593e-05
0.000765523815061897,0.006759169977158308,512,False,0,0.027363548825004903,5.824679872878814e-05,0.0003,0.007556141742209565,2.7559850215911865,1.3005230226070807e-10,13.17449204888041,16.420490441208653,16.420362660307934,56499,1.5160974264144897,1.3715465068817139,0.0009564410017570699,7.439392562763281e-05
0.0007640953990630805,0.006704205647110939,48,True,0,0.0464366569879173,7.232124142661357e-05,0.0003,0.008964845005049672,2.7559850215911865,1.3005230226070807e-10,13.17449204888041,16.420362660307934,16.42023755821321,56500,1.5160788297653198,1.3715335130691528,0.0011875410122686807,7.434968713726029e-05
0.0007657771930098534,0.006710813380777836,512,False,0,0.02230886895634024,6.879259102016133e-05,0.0003,0.00818350854337862,2.7559850215911865,1.3005230226070807e-10,13.17449204888041,16.42023755821321,16.42010980270713,56501,1.5160605907440186,1.3715204000473022,0.0011295906867960538,7.429328543018349e-05
0.0007644943543709815,0.00685788644477725,512,False,0,0.02436470183974227,4.960870751470318e-05,0.0003,0.007041104916714641,2.7559850215911865,1.3005230226070807e-10,13.17449204888041,16.388383280773876,16.388259388311525,56749,1.5116031169891357,1.3682681322097778,0.0008130065128147629,6.565229227846569e-05
0.0007615615613758564,0.006737013813108206,48,True,0,0.04554525196366142,7.026602971963187e-05,0.0003,0.008151670486735565,2.7559850215911865,1.3005230226070807e-10,13.17449204888041,16.388259388311525,16.388134929895255,56750,1.5115855932235718,1.3682550191879272,0.0011515379212321338,6.562585150205324e-05
0.0007645301520824432,0.0067372629418969154,512,False,0,0.020494443118258193,6.581224508573522e-05,0.0003,0.007490537118736722,2.7559850215911865,1.3005230226070807e-10,13.17449204888041,16.388134929895255,16.388008057151175,56751,1.5115678310394287,1.3682419061660767,0.0010785399525043648,6.557103822199065e-05
0.000762572861276567,0.006933501921594143,512,False,0,0.022577133792304766,5.3076350647251176e-05,0.0003,0.0072771375861165714,2.7559850215911865,1.3005230226070807e-10,13.17449204888041,16.357780061937774,16.357660965800186,56999,1.5071535110473633,1.3650224208831787,0.0008682112703780234,5.689607714586526e-05
0.0007632044143974781,0.007091389503329992,48,True,0,0.052296945926411646,9.375227681706673e-05,0.0003,0.008548131063735356,2.7559850215911865,1.3005230226070807e-10,13.17449204888041,16.357660965800186,16.35754398435062,57000,1.5071356296539307,1.3650093078613281,0.001533567958945426,5.68736257939743e-05
0.0007624633144587278,0.006871822290122509,512,False,0,0.02479250692305746,7.922182042774342e-05,0.0003,0.008535332574509887,2.7559850215911865,1.3005230226070807e-10,13.17449204888041,16.35754398435062,16.35742587577858,57001,1.5071179866790771,1.3649961948394775,0.0012958744121671394,5.683955362480913e-05
0.000762280891649425,0.006866537034511566,512,False,0,0.023194629842468204,5.9109752462784856e-05,0.0003,0.006768392161513938,2.7559850215911865,1.3005230226070807e-10,13.17449204888041,16.328528684546658,16.328409026420438,57249,1.5027527809143066,1.361812949180603,0.000965175288625035,5.077936508230069e-05
0.0007597748190164566,0.007270606234669685,48,True,0,0.05460516115574455,6.79840984132837e-05,0.0003,0.00808682970681987,2.7559850215911865,1.3005230226070807e-10,13.17449204888041,16.328409026420438,16.328294509979866,57250,1.5027350187301636,1.361800193786621,0.001110072166184517,5.077874657193368e-05
0.0007615566719323397,0.006964229512959719,512,False,0,0.038329548673907414,5.8855898040762e-05,0.0003,0.008011297465755806,2.7559850215911865,1.3005230226070807e-10,13.17449204888041,16.328294509979866,16.328182709100304,57251,1.50271737575531,1.3617873191833496,0.0009610164368589089,5.0811802390369146e-05
0.0007609899039380252,0.007008843123912811,512,False,0,0.02235927096670524,5.130410819172803e-05,0.0003,0.006868147824907194,2.7559850215911865,1.3005230226070807e-10,13.17449204888041,16.300719768661867,16.300607126089396,57499,1.4983947277069092,1.358638048171997,0.0008362938906144683,4.710596629980109e-05
0.0007582734688185155,0.0072962078265845776,48,True,0,0.06075089593785428,6.726726652590248e-05,0.0003,0.009061115939170706,2.7559850215911865,1.3005230226070807e-10,13.17449204888041,16.300607126089396,16.300497064242943,57500,1.4983776807785034,1.3586257696151733,0.0010964972840846808,4.716903017105987e-05
0.0007604375714436173,0.0068860240280628204,512,False,0,0.024147573891664012,5.8609242719663244e-05,0.0003,0.008027911614036192,2.7559850215911865,1.3005230226070807e-10,13.17449204888041,16.300497064242943,16.3003859967352,57501,1.4983607530593872,1.3586132526397705,0.0009553597888893728,4.715228918289179e-05
0.000758803216740489,0.007045450154691935,512,False,0,0.016697189611695456,5.651349061761087e-05,0.0003,0.006576469180774262,2.7559850215911865,1.3005230226070807e-10,13.17449204888041,16.274271623478764,16.274170374965497,57749,1.494079828262329,1.3554959297180176,0.0009197158967019179,4.442618328975204e-05
0.0007584420964121819,0.0072483099065721035,48,True,0,0.08797988403473625,6.298436622451907e-05,0.0003,0.010337948353177015,2.7559850215911865,1.3005230226070807e-10,13.17449204888041,16.274170374965497,16.274071879656393,57750,1.4940630197525024,1.3554840087890625,0.0010250183068970457,4.4829931383675954e-05
0.0007590230088680983,0.007009480148553848,512,False,0,0.0290608986024529,5.7725710841018914e-05,0.0003,0.00875606563087821,2.7559850215911865,1.3005230226070807e-10,13.17449204888041,16.274071879656393,16.273971651111363,57751,1.4940458536148071,1.3554719686508179,0.0009394323675310021,4.4834525484775456e-05
0.0007579807424917817,0.007117874920368195,512,False,0,0.023508905381865522,5.705310942231988e-05,0.0003,0.006699221597676067,2.7559850215911865,1.3005230226070807e-10,13.17449204888041,16.24907466368826,16.248971767434018,57999,1.4898148775100708,1.3523871898651123,0.0009270602347988519,4.425119791283184e-05
0.0007552929455414414,0.007171369157731533,48,True,0,0.05693240853294968,0.0001003835668731611,0.0003,0.00874907821748549,2.7559850215911865,1.3005230226070807e-10,13.17449204888041,16.248971767434018,16.248883654137096,58000,1.4897972345352173,1.352374792098999,0.0016311297440363194,4.429394573135817e-05
0.0007575615309178829,0.00707016047090292,512,False,0,0.01860286892679118,7.595702416384641e-05,0.0003,0.008159125499305028,2.7559850215911865,1.3005230226070807e-10,13.17449204888041,16.248883654137096,16.24879076458425,58001,1.4897793531417847,1.3523625135421753,0.0012342168483528203,4.4255812216399215e-05
0.0007557005155831575,0.007107710465788841,512,False,0,0.028259996100484377,5.361077241917526e-05,0.0003,0.006916550090943244,2.7559850215911865,1.3005230226070807e-10,13.17449204888041,16.22529510646304,16.225211958950364,58249,1.4855884313583374,1.3493114709854126,0.0008698506033865481,4.353619492298557e-05
0.0007541563827544451,0.007295857183635235,48,True,0,0.05475420083917779,6.759312791235433e-05,0.0003,0.008259163466276323,2.7559850215911865,1.3005230226070807e-10,13.17449204888041,16.225211958950364,16.225123406192164,58250,1.4855713844299316,1.349299430847168,0.0010967128273463931,4.354965772118343e-05
0.0007560290396213531,0.007097818423062563,512,False,0,0.023747806517346013,5.9462291584956864e-05,0.0003,0.007912465322888699,2.7559850215911865,1.3005230226070807e-10,13.17449204888041,16.225123406192164,16.225029807224047,58251,1.4855544567108154,1.3492872714996338,0.000964783018980907,4.353034454824356e-05
0.0007545807748101652,0.007187128998339176,512,False,0,0.029835398534365995,5.011535856987337e-05,0.0003,0.007167680618122345,2.7559850215911865,1.3005230226070807e-10,13.17449204888041,16.202609095777465,16.202521619002656,58499,1.4814045429229736,1.3462669849395752,0.0008119995646023794,4.046065823132865e-05
0.0007518533384427428,0.0070035420358181,48,True,0,0.053706070932327564,7.780904917231997e-05,0.0003,0.008904012412035736,2.7559850215911865,1.3005230226070807e-10,13.17449204888041,16.202521619002656,16.202442339888425,58500,1.4813873767852783,1.346254825592041,0.0012607028013685551,4.048494845812645e-05
0.0007548127323389053,0.00707029365003109,512,False,0,0.025338556096463606,6.392509498603658e-05,0.0003,0.008205863514366892,2.7559850215911865,1.3005230226070807e-10,13.17449204888041,16.202442339888425,16.202354375242802,58501,1.481370449066162,1.3462424278259277,0.0010357426655831484,4.046470836045162e-05
0.0007532488089054823,0.007189224939793348,512,False,0,0.022822597182042773,5.885996238495828e-05,0.0003,0.007928548035492396,2.7559850215911865,1.3005230226070807e-10,13.17449204888041,16.181255246797278,16.181179949844815,58749,1.4772592782974243,1.343254804611206,0.0009524280751678966,3.837072308069376e-05
0.0007511064177379012,0.0070650456473231316,48,True,0,0.07820193345838757,8.30525273243458e-05,0.0003,0.010460817657488228,2.7559850215911865,1.3005230226070807e-10,13.17449204888041,16.181179949844815,16.1811116198118,58750,1.4772435426712036,1.3432430028915405,0.0013438878899246429,3.849848014442532e-05
0.0007535812328569591,0.0071981437504291534,512,False,0,0.03733849235095184,7.192031281612465e-05,0.0003,0.00869529078806806,2.7559850215911865,1.3005230226070807e-10,13.17449204888041,16.1811116198118,16.181036510548235,58751,1.4772275686264038,1.343231201171875,0.0011637506094094943,3.855727460697132e-05
0.0007516097975894809,0.007265424355864525,512,False,0,0.025463659028889155,5.273379023903293e-05,0.0003,0.008141476251688191,2.7559850215911865,1.3005230226070807e-10,13.17449204888041,16.16118770510334,16.16111702596344,58999,1.4731616973876953,1.340274453163147,0.0008522406824545575,3.898481622409365e-05
0.0007527989218942821,0.007333812769502401,48,True,0,0.05280834043925319,9.212254162387173e-05,0.0003,0.009350244480452958,2.7559850215911865,1.3005230226070807e-10,13.17449204888041,16.16111702596344,16.16104564630763,59000,1.4731452465057373,1.340262770652771,0.001488803175912579,3.8998772215414e-05
0.000750378763768822,0.007233582437038422,512,False,0,0.037445767914331955,6.802839040702633e-05,0.0003,0.007682270971185964,2.7559850215911865,1.3005230226070807e-10,13.17449204888041,16.16104564630763,16.16096870843604,59001,1.4731287956237793,1.3402507305145264,0.0010994099226127887,3.904787686162948e-05
0.0007492678705602884,0.007328659296035767,512,False,0,0.023397287828825445,4.408540765565442e-05,0.0003,0.00656644964578098,2.7559850215911865,1.3005230226070807e-10,13.17449204888041,16.14226260084462,16.142182242853167,59249,1.4691029787063599,1.337326169013977,0.0007116382272428595,3.875668860672415e-05
0.0007492922595702112,0.007263289298862219,48,True,0,0.054384575297213085,7.414942395675201e-05,0.0003,0.008117131437030148,2.7559850215911865,1.3005230226070807e-10,13.17449204888041,16.142182242853167,16.14209772654759,59250,1.4690868854522705,1.337314248085022,0.0011969335147124737,3.87978864589774e-05
0.0007491098949685693,0.007324566133320332,512,False,0,0.02958826296577418,5.912358404327452e-05,0.0003,0.007479827138646085,2.7559850215911865,1.3005230226070807e-10,13.17449204888041,16.14209772654759,16.14201781860654,59251,1.4690706729888916,1.337302565574646,0.000954378671570287,3.882030334119547e-05
0.0007479666383005679,0.007383553311228752,512,False,0,0.02140782506609402,5.294158686811096e-05,0.0003,0.00767332909671685,2.7559850215911865,1.3005230226070807e-10,13.17449204888041,16.12439128727864,16.124322210206167,59499,1.4650840759277344,1.3344038724899292,0.0008536508620308736,3.8365429371736993e-05
0.0007495131576433778,0.007214514072984457,48,True,0,0.043063242878146765,7.135455614777334e-05,0.0003,0.008709552169858073,2.7559850215911865,1.3005230226070807e-10,13.17449204888041,16.124322210206167,16.12425948391844,59500,1.4650678634643555,1.3343924283981323,0.0011505438544929447,3.835706851393892e-05
0.0007480785716325045,0.007319763768464327,512,False,0,0.03090205001890358,5.836866715958406e-05,0.0003,0.008072113876174897,2.7559850215911865,1.3005230226070807e-10,13.17449204888041,16.12425948391844,16.124194863427153,59501,1.4650520086288452,1.334381103515625,0.0009411515350116021,3.8360930918958936e-05
0.0007468898547813296,0.007318610791116953,512,False,0,0.023945229479443567,4.9858432994067165e-05,0.0003,0.006862281290810935,2.7559850215911865,1.3005230226070807e-10,13.17449204888041,16.107553993994973,16.107485139509137,59749,1.461106300354004,1.3315151929855347,0.0008030974015079173,3.7343692188559825e-05
0.0007454308215528727,0.007754753343760967,48,True,0,0.060908676408396,7.365990938413907e-05,0.0003,0.00879016597777629,2.7559850215911865,1.3005230226070807e-10,13.17449204888041,16.107485139509137,16.107413268277007,59750,1.4610908031463623,1.3315035104751587,0.0011864758957826098,3.7406977153996214e-05
0.0007463598740287125,0.007449445314705372,512,False,0,0.026984637305582294,6.037260685933493e-05,0.0003,0.00801606448192157,2.7559850215911865,1.3005230226070807e-10,13.17449204888041,16.107413268277007,16.10733979153955,59751,1.4610755443572998,1.3314918279647827,0.0009724465287665229,3.7392359945678796e-05
0.0007445251103490591,0.007475255988538265,512,False,0,0.022887172252400056,4.5479354305357144e-05,0.0003,0.007808695275624465,2.7559850215911865,1.3005230226070807e-10,13.17449204888041,16.091746789791156,16.091684682278782,59999,1.4571677446365356,1.328655481338501,0.0007318422536450054,3.7084455764161186e-05
0.0007466988172382116,0.007252579089254141,48,True,0,0.08084440179740487,7.674154401695304e-05,0.0003,0.010353122351718454,2.7559850215911865,1.3005230226070807e-10,13.17449204888041,16.091684682278782,16.09162661763033,60000,1.4571517705917358,1.3286442756652832,0.0012349007283520262,3.7394994937681004e-05
0.0007447761599905789,0.007448396645486355,512,False,0,0.023236918657463867,6.531774325771873e-05,0.0003,0.009401258012941194,2.7559850215911865,1.3005230226070807e-10,13.17449204888041,16.09162661763033,16.091571861757917,60001,1.4571360349655151,1.3286328315734863,0.0010510687360094507,3.737374134834175e-05
0.000743054086342454,0.007498716004192829,512,False,0,0.029820240900298854,4.8948559309182695e-05,0.0003,0.00738430043327332,2.7559850215911865,1.3005230226070807e-10,13.17449204888041,16.077104082538185,16.077047912430686,60249,1.4532685279846191,1.3258254528045654,0.0007869510827040236,3.648268480972165e-05
0.0007426587399095297,0.007521670311689377,48,True,0,0.06578468289972692,7.136640670347867e-05,0.0003,0.009885318563386163,2.7559850215911865,1.3005230226070807e-10,13.17449204888041,16.077047912430686,16.076994186189637,60250,1.4532525539398193,1.325813889503479,0.001147361139909841,3.669694370247128e-05
0.0007426568772643805,0.007501743733882904,512,False,0,0.022822000033546737,6.389040145153014e-05,0.0003,0.008934895000082394,2.7559850215911865,1.3005230226070807e-10,13.17449204888041,16.076994186189637,16.07694161587422,60251,1.4532365798950195,1.3258023262023926,0.001027165612689572,3.667698047956347e-05
0.0007406059885397553,0.007553585804998875,512,False,0,0.023745080798712324,4.565176210635372e-05,0.0003,0.0069954990458709,2.7559850215911865,1.3005230226070807e-10,13.17449204888041,16.063433240131435,16.063375801308997,60499,1.4494062662124634,1.3230211734771729,0.0007333240328897749,3.6744911452801206e-05
0.000740799936465919,0.0074394382536411285,48,True,0,0.05320833876509732,6.472469341186147e-05,0.0003,0.00880999709758119,2.7559850215911865,1.3005230226070807e-10,13.17449204888041,16.063375801308997,16.063316231554655,60500,1.4493908882141113,1.3230098485946655,0.0010396970738992394,3.6817474158763803e-05
0.000741262105293572,0.007486553862690926,512,False,0,0.02740093512403662,5.541894584436621e-05,0.0003,0.008514361791277174,2.7559850215911865,1.3005230226070807e-10,13.17449204888041,16.063316231554655,16.063258887041542,60501,1.4493755102157593,1.3229986429214478,0.0008902120523174562,3.682140822662367e-05
0.0007391837425529957,0.00758704636245966,512,False,0,0.02058332632543088,4.579775733888731e-05,0.0003,0.0070339731225711995,2.7559850215911865,1.3005230226070807e-10,13.17449204888041,16.05055919586053,16.05051140060563,60749,1.4455839395523071,1.3202483654022217,0.0007350796152054668,3.734492872165769e-05
0.0007401769980788231,0.0075434548780322075,48,True,0,0.04942524655008581,5.746840181834686e-05,0.0003,0.008675599091733226,2.7559850215911865,1.3005230226070807e-10,13.17449204888041,16.05051140060563,16.050460121253362,60750,1.4455691576004028,1.320237398147583,0.0009223972385599615,3.738606827410352e-05
0.000739491602871567,0.007487981580197811,512,False,0,0.02255242667460954,5.399866105539393e-05,0.0003,0.008184628819530127,2.7559850215911865,1.3005230226070807e-10,13.17449204888041,16.050460121253362,16.050407826138024,60751,1.445554256439209,1.3202265501022339,0.0008667033558706772,3.7363099165391306e-05
0.000737612834200263,0.007579796947538853,512,False,0,0.020762695064961208,5.045631699336213e-05,0.0003,0.007399335493973116,2.7559850215911865,1.3005230226070807e-10,13.17449204888041,16.03868162353955,16.03863282859137,60999,1.4417986869812012,1.317501425743103,0.0008092528041529234,4.0737369489152876e-05
0.0007369559025391936,0.007717889733612537,48,True,0,0.05852007598396463,7.310659395962136e-05,0.0003,0.008262247375691324,2.7559850215911865,1.3005230226070807e-10,13.17449204888041,16.03863282859137,16.038589752959854,61000,1.4417839050292969,1.317490816116333,0.0011725298178672826,4.077672147075131e-05
0.0007381039904430509,0.00757575873285532,512,False,0,0.017329750464767927,6.0275384247543676e-05,0.0003,0.00757458642397819,2.7559850215911865,1.3005230226070807e-10,13.17449204888041,16.038589752959854,16.038549355541036,61001,1.441769003868103,1.3174799680709839,0.0009667321601483719,4.074228779982096e-05
0.0007368741789832711,0.007596427109092474,512,False,0,0.040615949248943406,5.224169767440887e-05,0.0003,0.0074864337282367355,2.7559850215911865,1.3005230226070807e-10,13.17449204888041,16.027572417167896,16.02752905393611,61249,1.4380528926849365,1.3147835731506348,0.0008373075926723798,4.092562086598273e-05
0.0007369633531197906,0.007296089082956314,48,True,0,0.05512602836550649,6.993543128278806e-05,0.0003,0.007514628082152894,2.7559850215911865,1.3005230226070807e-10,13.17449204888041,16.02752905393611,16.027480766072195,61250,1.4380375146865845,1.3147727251052856,0.001120892156784438,4.095100187212976e-05
0.0007368967635557055,0.007595887407660484,512,False,0,0.021324011537050172,5.9204778168277304e-05,0.0003,0.007472047930717053,2.7559850215911865,1.3005230226070807e-10,13.17449204888041,16.027480766072195,16.027435422584688,61251,1.4380223751068115,1.3147622346878052,0.0009489034433516354,4.0926135562374335e-05
0.0007351338863372803,0.007600761950016022,512,False,0,0.018355131446026032,4.832980307931393e-05,0.0003,0.0069401716659015684,2.7559850215911865,1.3005230226070807e-10,13.17449204888041,16.017386650993206,16.017345350725716,61499,1.434340238571167,1.3120920658111572,0.0007741171426877333,4.0350526870686644e-05
0.0007372833788394928,0.007488748989999294,48,True,0,0.05662357826592849,6.912975497321653e-05,0.0003,0.009032824421246477,2.7559850215911865,1.3005230226070807e-10,13.17449204888041,16.017345350725716,16.017302657741553,61500,1.4343253374099731,1.3120810985565186,0.0011072751594170577,4.038150766865311e-05
0.0007350698579102755,0.0075530377216637135,512,False,0,0.023014120668561542,6.386207675377363e-05,0.0003,0.008354218975792525,2.7559850215911865,1.3005230226070807e-10,13.17449204888041,16.017302657741553,16.01726383140772,61501,1.4343103170394897,1.3120702505111694,0.0010228982117171134,4.0357383701998194e-05
0.0007329627405852079,0.0076611717231571674,512,False,0,0.02724841899447523,4.51385846828968e-05,0.0003,0.00693092982162422,2.7559850215911865,1.3005230226070807e-10,13.17449204888041,16.00793843703145,16.00790166259232,61749,1.4306650161743164,1.309428334236145,0.0007225756847385427,3.985965633735108e-05
0.0007336453418247402,0.007665487937629223,48,True,0,0.049620990289993394,7.962015561837565e-05,0.0003,0.008852852102478435,2.7559850215911865,1.3005230226070807e-10,13.17449204888041,16.00790166259232,16.00785938496883,61750,1.4306507110595703,1.3094178438186646,0.001274551621499255,3.990269397311912e-05
0.0007331316592171788,0.007617379538714886,512,False,0,0.03690050335154837,6.457769188647948e-05,0.0003,0.007937862044293807,2.7559850215911865,1.3005230226070807e-10,13.17449204888041,16.00785938496883,16.00781857049341,61751,1.4306361675262451,1.3094072341918945,0.0010337506111246062,3.9950389898443686e-05
0.0007314165122807026,0.007611356675624847,512,False,0,0.024657046840949826,4.6374621882330415e-05,0.0003,0.006691196901710003,2.7559850215911865,1.3005230226070807e-10,13.17449204888041,15.999215111943554,15.999182936801663,61999,1.4270254373550415,1.3067890405654907,0.000741957551230449,4.139575211781336e-05
0.0007316127303056419,0.007503923028707504,48,True,0,0.062071471048213055,8.206817900707074e-05,0.0003,0.008636712800140342,2.7559850215911865,1.3005230226070807e-10,13.17449204888041,15.999182936801663,15.999151438772392,62000,1.4270110130310059,1.3067784309387207,0.0013130238092243106,4.1448879385408425e-05
0.0007317407871596515,0.007701338734477758,512,False,0,0.023879293299225973,6.844225362467972e-05,0.0003,0.00862020833451201,2.7559850215911865,1.3005230226070807e-10,13.17449204888041,15.999151438772392,15.999120344106004,62001,1.4269969463348389,1.3067677021026611,0.0010950179805521195,4.142862228686737e-05
0.0007302782032638788,0.007648002356290817,512,False,0,0.023766420168490718,5.309713614162591e-05,0.0003,0.008920232884285853,2.7559850215911865,1.3005230226070807e-10,13.17449204888041,15.991238645259568,15.991209322780565,62249,1.4234223365783691,1.30417799949646,0.0008490889754205768,4.320054419547227e-05
0.0007308483473025262,0.007665305398404598,48,True,0,0.05721416849586659,6.880596027868326e-05,0.0003,0.008139903596281686,2.7559850215911865,1.3005230226070807e-10,13.17449204888041,15.991209322780565,15.991183309484128,62250,1.4234074354171753,1.3041677474975586,0.001100290513471349,4.3250127681970805e-05
0.0007301535224542022,0.007635424844920635,512,False,0,0.02084807023388219,5.7932971232127986e-05,0.0003,0.007590744000029678,2.7559850215911865,1.3005230226070807e-10,13.17449204888041,15.991183309484128,15.991155338900183,62251,1.423392653465271,1.3041574954986572,0.0009264167626360292,4.3216388916800357e-05
0.0007288720807991922,0.00770857697352767,512,False,0,0.02238812480104036,5.251423357586121e-05,0.0003,0.007034534482424825,2.7559850215911865,1.3005230226070807e-10,13.17449204888041,15.983996652713527,15.983969475848305,62499,1.4198538064956665,1.3015937805175781,0.0008393873336963819,4.4140952338458453e-05
0.0007299971766769886,0.007843302562832832,48,True,0,0.05192210602114676,6.983307142354201e-05,0.0003,0.008874390289637282,2.7559850215911865,1.3005230226070807e-10,13.17449204888041,15.983969475848305,15.98394207661131,62500,1.419839859008789,1.3015836477279663,0.0011162096820386302,4.418390706804781e-05
0.0007285663159564137,0.007719812914729118,512,False,0,0.022181909980878708,5.403060639318808e-05,0.0003,0.007828856394527085,2.7559850215911865,1.3005230226070807e-10,13.17449204888041,15.98394207661131,15.983917625416199,62501,1.419825553894043,1.301573395729065,0.000863622082952903,4.41511644000581e-05
0.0007271540816873312,0.00764099508523941,512,False,0,0.030595311835333747,4.5260119628079256e-05,0.0003,0.007458715333695487,2.7559850215911865,1.3005230226070807e-10,13.17449204888041,15.977367868547226,15.977338409231713,62749,1.416317343711853,1.2990325689315796,0.0007231375810722771,4.4389465061886534e-05
0.0007282003643922508,0.008006740361452103,48,True,0,0.04770298994496944,6.0750072797482655e-05,0.0003,0.008225580967920487,2.7559850215911865,1.3005230226070807e-10,13.17449204888041,15.977338409231713,15.977310959296263,62750,1.4163033962249756,1.2990224361419678,0.0009706244714708423,4.441546683589983e-05
0.0007266629254445434,0.007776108104735613,512,False,0,0.035077879514128246,5.650614219724815e-05,0.0003,0.008058569830492147,2.7559850215911865,1.3005230226070807e-10,13.17449204888041,15.977310959296263,15.977285929575107,62751,1.4162893295288086,1.2990124225616455,0.0009028162049956459,4.4418130944812286e-05
0.0007253200747072697,0.007766653783619404,512,False,0,0.0407352307917825,4.711947953745258e-05,0.0003,0.00935045853655042,2.7559850215911865,1.3005230226070807e-10,13.17449204888041,15.971428555200768,15.971407477223536,62999,1.4128180742263794,1.2964993715286255,0.0007525654009906685,4.539011646836335e-05
0.0007247211178764701,0.007722827605903149,48,True,0,0.054927676042446104,6.668409381841521e-05,0.0003,0.01227469858296545,2.7559850215911865,1.3005230226070807e-10,13.17449204888041,15.971407477223536,15.97138192456719,63000,1.4128042459487915,1.2964894771575928,0.0010650388346233124,4.551413870047647e-05
0.0007255343371070921,0.0077582914382219315,512,False,0,0.04018786146047023,6.084187354798788e-05,0.0003,0.009742432486524795,2.7559850215911865,1.3005230226070807e-10,13.17449204888041,15.97138192456719,15.971358208478348,63001,1.4127904176712036,1.2964791059494019,0.0009717287994411363,4.5534897009250727e-05
0.0007239413098432124,0.007751313038170338,512,False,0,0.02638272126030814,4.532037347340923e-05,0.0003,0.007093877808742669,2.7559850215911865,1.3005230226070807e-10,13.17449204888041,15.96608387342378,15.96606154838836,63249,1.409354329109192,1.2939883470535278,0.000723588884051342,4.7101246479191124e-05
0.0007226860034279525,0.007901979610323906,48,True,0,0.048259632536330296,6.747757164448417e-05,0.0003,0.008216693727093412,2.7559850215911865,1.3005230226070807e-10,13.17449204888041,15.96606154838836,15.966041676190875,63250,1.409340500831604,1.2939783334732056,0.0010773510620116194,4.713039992243902e-05
0.0007240890408866107,0.007698025554418564,512,False,0,0.024689644445865366,5.7177633188786456e-05,0.0003,0.00759348569617865,2.7559850215911865,1.3005230226070807e-10,13.17449204888041,15.966041676190875,15.96602191824148,63251,1.4093263149261475,1.293968677520752,0.0009129004744381191,4.709854257119539e-05
0.0007228123722597957,0.00770905427634716,512,False,0,0.026371723864392987,4.890872364891464e-05,0.0003,0.007105902904101422,2.7559850215911865,1.3005230226070807e-10,13.17449204888041,15.961213748324184,15.961188977590371,63499,1.4059233665466309,1.2915033102035522,0.0007806425923180446,4.7369163340257606e-05
0.0007228745962493122,0.007816711440682411,48,True,0,0.05544050310128598,7.230670656855498e-05,0.0003,0.00860916243825068,2.7559850215911865,1.3005230226070807e-10,13.17449204888041,15.961188977590371,15.961165997889447,63500,1.4059092998504639,1.2914931774139404,0.001154101007887881,4.742463947999663e-05
0.0007231383351609111,0.00768327247351408,512,False,0,0.024580631963806034,5.60977568325758e-05,0.0003,0.008163530368227988,2.7559850215911865,1.3005230226070807e-10,13.17449204888041,15.961165997889447,15.961145057912193,63501,1.405895471572876,1.2914832830429077,0.0008953856089139792,4.739589702649145e-05
0.0007214462384581566,0.0076788561418652534,512,False,0,0.03699302069844273,4.4667426207430545e-05,0.0003,0.00699771369800658,2.7559850215911865,1.3005230226070807e-10,13.17449204888041,15.957061588982873,15.957044179310314,63749,1.4025249481201172,1.2890430688858032,0.0007127608710133169,4.9313229205353814e-05
0.0007218075334094465,0.008024717681109905,48,True,0,0.06769507308319195,6.586226230662777e-05,0.0003,0.00975582214907079,2.7559850215911865,1.3005230226070807e-10,13.17449204888041,15.957044179310314,15.957020886397272,63750,1.4025111198425293,1.2890335321426392,0.0010509670293761837,4.950461780399674e-05
0.0007212766213342547,0.0077288951724767685,512,False,0,0.031122360986546155,6.051113242502799e-05,0.0003,0.00836414192315285,2.7559850215911865,1.3005230226070807e-10,13.17449204888041,15.957020886397272,15.956997233421474,63751,1.402497410774231,1.289023995399475,0.0009655774039657229,4.9482739385833346e-05
0.0007200430263765156,0.007704067975282669,512,False,0,0.031248641111565018,5.087980194936926e-05,0.0003,0.007832944933241446,2.7559850215911865,1.3005230226070807e-10,13.17449204888041,15.95333973281727,15.953333139378739,63999,1.3991602659225464,1.286605715751648,0.0008117027660367463,5.076285216559648e-05
0.0007213557837530971,0.007774211000651121,48,True,0,0.0710849202106663,6.797652185756983e-05,0.0003,0.009833265931724084,2.7559850215911865,1.3005230226070807e-10,13.17449204888041,15.953333139378739,15.953328236232752,64000,1.399146318435669,1.286596655845642,0.0010844520988500719,5.083275165054292e-05
0.0007198629318736494,0.0077119143679738045,512,False,0,0.026495039307719723,5.7904988693740234e-05,0.0003,0.00856419085555512,2.7559850215911865,1.3005230226070807e-10,13.17449204888041,15.953328236232752,15.953319278430458,64001,1.399132490158081,1.2865872383117676,0.0009237772911465844,5.0799284520162556e-05
0.0007187012815847993,0.007753443904221058,512,False,0,0.030590739198538865,3.961784509666442e-05,0.0003,0.006553932636566083,2.7559850215911865,1.3005230226070807e-10,13.17449204888041,15.950120408047779,15.950104712856783,64249,1.3958245515823364,1.284192442893982,0.0006319093995991828,5.4055988997853383e-05
0.0007185887079685926,0.007990842685103416,48,True,0,0.06536878178261957,8.952827127331035e-05,0.0003,0.009144380793935232,2.7559850215911865,1.3005230226070807e-10,13.17449204888041,15.950104712856783,15.950088666982436,64250,1.3958113193511963,1.2841829061508179,0.001427985301570348,5.412447694936198e-05
0.0007182566914707422,0.007866652682423592,512,False,0,0.04109748536763826,6.757927752679241e-05,0.0003,0.008123617407336331,2.7559850215911865,1.3005230226070807e-10,13.17449204888041,15.950088666982436,15.95007556625968,64251,1.3957980871200562,1.2841734886169434,0.0010778954686029526,5.416509448183775e-05
0.0007171519100666046,0.0077875349670648575,512,False,0,0.03254750418711853,5.147020617355786e-05,0.0003,0.009922962264098138,2.7559850215911865,1.3005230226070807e-10,13.17449204888041,15.947309994646233,15.947300119600943,64499,1.392521619796753,1.2818031311035156,0.0008208113333380815,5.565761066950544e-05
0.0007172608748078346,0.007617160212248564,48,True,0,0.059390679606662285,6.690299773613268e-05,0.0003,0.009455330841451547,2.7559850215911865,1.3005230226070807e-10,13.17449204888041,15.947300119600943,15.9472907867353,64500,1.3925081491470337,1.2817939519882202,0.0010669221837990902,5.569245520417876e-05
0.0007168374140746891,0.007762352004647255,512,False,0,0.05407377829843032,5.307079489417407e-05,0.0003,0.0076658689385740286,2.7559850215911865,1.3005230226070807e-10,13.17449204888041,15.9472907867353,15.947280641394503,64501,1.392495036125183,1.2817842960357666,0.0008463353984605809,5.5757913888305785e-05
0.0007153348415158689,0.007777880877256393,512,False,0,0.046069451489468304,4.3596795236013644e-05,0.0003,0.007500615785507626,2.7559850215911865,1.3005230226070807e-10,13.17449204888041,15.944993890009139,15.9449894533058,64749,1.389252781867981,1.2794361114501953,0.0006951506336622171,5.9428973687425915e-05
0.0007164866547100246,0.007930098101496696,48,True,0,0.08010028250381378,6.372045438069395e-05,0.0003,0.009822822173400705,2.7559850215911865,1.3005230226070807e-10,13.17449204888041,15.9449894533058,15.944984609686541,64750,1.3892394304275513,1.2794265747070312,0.0010160219730600184,5.9720583478477235e-05
0.0007158636581152678,0.007766321301460266,512,False,0,0.02437240046273977,5.4786242100340935e-05,0.0003,0.00902776032540586,2.7559850215911865,1.3005230226070807e-10,13.17449204888041,15.944984609686541,15.944976670916832,64751,1.3892264366149902,1.279416799545288,0.000873565787112497,5.9675651265190045e-05
0.0007146438583731651,0.00771578773856163,512,False,0,0.03523105523235719,4.74280857825991e-05,0.0003,0.00772032700639653,2.7559850215911865,1.3005230226070807e-10,13.17449204888041,15.943149208970446,15.943146606811286,64999,1.3860125541687012,1.2770922183990479,0.0007561530483278274,6.242917758078526e-05
0.0007148809963837266,0.007322327233850956,48,True,0,0.04879470869030635,6.245943804607796e-05,0.0003,0.00790053097002323,2.7559850215911865,1.3005230226070807e-10,13.17449204888041,15.943146606811286,15.943142187940758,65000,1.385999083518982,1.2770832777023315,0.0009957999777476677,6.245435184627206e-05
0.0007143550901673734,0.007810093462467194,512,False,0,0.029232273599181204,5.608500555558824e-05,0.0003,0.007632364383012549,2.7559850215911865,1.3005230226070807e-10,13.17449204888041,15.943142187940758,15.943133992096687,65001,1.385986089706421,1.2770739793777466,0.0008941712181841907,6.242517122593304e-05
0.0007135351770557463,0.0077963219955563545,512,False,0,0.03506111109614223,4.9077162140240515e-05,0.0003,0.007126189593423049,2.7559850215911865,1.3005230226070807e-10,13.17449204888041,15.94173020201765,15.941724558170023,65249,1.382799744606018,1.2747702598571777,0.0007823748779203894,6.273519767276477e-05
0.0007133323233574629,0.007574673742055893,48,True,0,0.049386651147621564,7.677356148184662e-05,0.0003,0.007949194295078548,2.7559850215911865,1.3005230226070807e-10,13.17449204888041,15.941724558170023,15.94172437375618,65250,1.3827872276306152,1.2747610807418823,0.0012239029704933305,6.273230081270394e-05
0.0007135524065233767,0.007686637807637453,512,False,0,0.02752624388609874,6.180263963454714e-05,0.0003,0.007917396963878375,2.7559850215911865,1.3005230226070807e-10,13.17449204888041,15.94172437375618,15.941724216575935,65251,1.3827747106552124,1.2747520208358765,0.0009852406466245298,6.269153227890753e-05
0.0007117090281099081,0.007890567183494568,512,False,0,0.024919680978322093,4.253176454278341e-05,0.0003,0.007379762029573939,2.7559850215911865,1.3005230226070807e-10,13.17449204888041,15.940725220390805,15.940724014374016,65499,1.3796236515045166,1.27247154712677,0.0006779871717148709,6.558247224555956e-05
0.0007105801487341523,0.007894440554082394,48,True,0,0.059651613580876006,6.056013644951138e-05,0.0003,0.009561422225533751,2.7559850215911865,1.3005230226070807e-10,13.17449204888041,15.940724014374016,15.940734265504299,65500,1.3796111345291138,1.2724624872207642,0.0009653724214144932,6.563651132311809e-05
0.0007115084445104003,0.007761210203170776,512,False,0,0.032121536827539196,5.485968280088088e-05,0.0003,0.00850172890063045,2.7559850215911865,1.3005230226070807e-10,13.17449204888041,15.940734265504299,15.94073860817852,65501,1.3795989751815796,1.2724533081054688,0.0008745036254186987,6.560413243702084e-05
0.0007108262507244945,0.0077329594641923904,512,False,0,0.02716054109098104,4.462781936081918e-05,0.0003,0.008220971484991842,2.7559850215911865,1.3005230226070807e-10,13.17449204888041,15.940000965326035,15.939996794147095,65749,1.3764746189117432,1.2701936960220337,0.0007113674836918537,6.674588353117587e-05
0.0007099522044882178,0.008082193322479725,48,True,0,0.06764384438428576,7.314730170442248e-05,0.0003,0.010149830691058823,2.7559850215911865,1.3005230226070807e-10,13.17449204888041,15.939996794147095,15.939987589328572,65750,1.3764616250991821,1.2701847553253174,0.0011659677546690048,6.676988895794106e-05
0.000710346270352602,0.007788623217493296,512,False,0,0.050439382412425654,5.944415130730602e-05,0.0003,0.009173369072150474,2.7559850215911865,1.3005230226070807e-10,13.17449204888041,15.939987589328572,15.939979659792506,65751,1.3764489889144897,1.2701760530471802,0.0009475390340966278,6.688174736913123e-05
0.0007095910841599107,0.007731079589575529,512,False,0,0.02233396022812551,4.231938044308734e-05,0.0003,0.007414595650393422,2.7559850215911865,1.3005230226070807e-10,13.17449204888041,15.939723260684582,15.939725104235503,65999,1.3733551502227783,1.2679383754730225,0.0006745592128264394,6.825718366662945e-05
0.0007098279893398285,0.008002541027963161,48,True,0,0.0641426930274239,7.031847382451527e-05,0.0003,0.008988820094298725,2.7559850215911865,1.3005230226070807e-10,13.17449204888041,15.939725104235503,15.93972595676053,66000,1.3733426332473755,1.2679296731948853,0.0011208571425121532,6.827577277032449e-05
0.0007095838664099574,0.007806207984685898,512,False,0,0.04854098794453669,5.650415382452132e-05,0.0003,0.007932253909689376,2.7559850215911865,1.3005230226070807e-10,13.17449204888041,15.93972595676053,15.939729223770978,66001,1.3733304738998413,1.2679206132888794,0.0009006607273815122,6.830770174309065e-05
0.0007083555683493614,0.0077935876324772835,512,False,0,0.02923421572010093,4.7466054921574324e-05,0.0003,0.007643492260890285,2.7559850215911865,1.3005230226070807e-10,13.17449204888041,15.939755556396356,15.939749126558063,66249,1.370268702507019,1.2657039165496826,0.000756597312676379,7.032659252030707e-05
0.0007071304135024548,0.007758678402751684,48,True,0,0.05797736827132121,7.194206068611645e-05,0.0003,0.009862849604671764,2.7559850215911865,1.3005230226070807e-10,13.17449204888041,15.939749126558063,15.939744505658943,66250,1.3702572584152222,1.2656950950622559,0.0011467383989843117,7.033317974591094e-05
0.0007080649957060814,0.007832390256226063,512,False,0,0.049071682486940015,5.8717077172780726e-05,0.0003,0.008832042374781135,2.7559850215911865,1.3005230226070807e-10,13.17449204888041,15.939744505658943,15.93974163855863,66251,1.3702454566955566,1.26568603515625,0.0009359352082531837,7.036830784631206e-05
0.0007071115542203188,0.007741493172943592,512,False,0,0.026120634139274315,5.125168546113983e-05,0.0003,0.007110220674382586,2.7559850215911865,1.3005230226070807e-10,13.17449204888041,15.94003822846561,15.9400398700187,66499,1.3672068119049072,1.2634897232055664,0.000816953825523864,7.257310803449893e-05
0.0007062320364639163,0.008051060140132904,48,True,0,0.059245735632639955,7.0885447730997e-05,0.0003,0.008885190705896153,2.7559850215911865,1.3005230226070807e-10,13.17449204888041,15.9400398700187,15.94004205258477,66500,1.3671945333480835,1.2634811401367188,0.0011299168630362186,7.259521712303937e-05
0.0007068256381899118,0.007868983782827854,512,False,0,0.03302694416806865,5.577367298852173e-05,0.0003,0.00766900503159642,2.7559850215911865,1.3005230226070807e-10,13.17449204888041,15.94004205258477,15.940041674777719,66501,1.3671823740005493,1.2634721994400024,0.0008890346928641477,7.254731459681314e-05
0.0007054668385535479,0.00784853845834732,512,False,0,0.03859114554993053,4.2075539660069676e-05,0.0003,0.007184462495395644,2.7559850215911865,1.3005230226070807e-10,13.17449204888041,15.940680427172364,15.94068249377446,66749,1.3641752004623413,1.2612998485565186,0.0006707127315219873,7.875628268576986e-05
0.0007049414562061429,0.007863139733672142,48,True,0,0.06756066868666484,6.459322302239594e-05,0.0003,0.009863666761705176,2.7559850215911865,1.3005230226070807e-10,13.17449204888041,15.94068249377446,15.940685947895965,66750,1.3641637563705444,1.2612907886505127,0.0010296600594495765,7.88241572707156e-05
0.0007059305207803845,0.0078163156285882,512,False,0,0.03731967128354117,5.36494221748911e-05,0.0003,0.008504714309162976,2.7559850215911865,1.3005230226070807e-10,13.17449204888041,15.940685947895965,15.94068854189006,66751,1.3641520738601685,1.2612818479537964,0.0008552085901760248,7.881422323269338e-05
0.0007043118821457028,0.007873231545090675,512,False,0,0.030271883634931517,4.8508474055120175e-05,0.0003,0.007703611051230221,2.7559850215911865,1.3005230226070807e-10,13.17449204888041,15.941609200407488,15.941620041084514,66999,1.361171007156372,1.2591289281845093,0.0007733031362948317,7.73477563384084e-05
0.0007035244489088655,0.007794912904500961,48,True,0,0.08209556770625119,7.001687458812268e-05,0.0003,0.011852304044248687,2.7559850215911865,1.3005230226070807e-10,13.17449204888041,15.941620041084514,15.941622432095718,67000,1.361159086227417,1.2591205835342407,0.0011161824111481176,7.767177601893956e-05
0.0007045929087325931,0.007759540341794491,512,False,0,0.049549686038961795,6.644938050844729e-05,0.0003,0.00921780051692217,2.7559850215911865,1.3005230226070807e-10,13.17449204888041,15.941622432095718,15.941620148107472,67001,1.3611472845077515,1.259112000465393,0.0010593109349123272,7.767541566327518e-05
0.0007030454580672085,0.007857328280806541,512,False,0,0.03359144706487424,4.455026969939593e-05,0.0003,0.006922347403623011,2.7559850215911865,1.3005230226070807e-10,13.17449204888041,15.942809054312873,15.942811026028778,67249,1.35819411277771,1.2569775581359863,0.00071025644313561,8.54561086603447e-05
0.0007033878355287015,0.007691327482461929,48,True,0,0.0776787286785925,5.904197036377889e-05,0.0003,0.010285386586486816,2.7559850215911865,1.3005230226070807e-10,13.17449204888041,15.942811026028778,15.942817979812542,67250,1.3581814765930176,1.2569689750671387,0.0009412949761141184,8.568534444446269e-05
0.0007028034888207912,0.007777497172355652,512,False,0,0.03260911807890169,4.9220185836216376e-05,0.0003,0.009574703158626198,2.7559850215911865,1.3005230226070807e-10,13.17449204888041,15.942817979812542,15.942825869016009,67251,1.3581691980361938,1.256960391998291,0.0007847084637193451,8.563221740780355e-05
0.000701913726516068,0.007770238444209099,512,False,0,0.04493785958739641,5.066296078386912e-05,0.0003,0.007789248298548527,2.7559850215911865,1.3005230226070807e-10,13.17449204888041,15.9442062643093,15.944212242645223,67499,1.3552460670471191,1.2548465728759766,0.0008077806966986224,8.983229405570178e-05
0.0007022388163022697,0.007633822970092297,48,True,0,0.07818479641859012,7.196913621580116e-05,0.0003,0.009968216598866932,2.7559850215911865,1.3005230226070807e-10,13.17449204888041,15.944212242645223,15.944220950464352,67500,1.3552343845367432,1.254837989807129,0.0011474911827445786,8.99748865368824e-05
0.0007017190218903124,0.007770894095301628,512,False,0,0.05857658853276446,5.4292900343783605e-05,0.0003,0.00885765118286069,2.7559850215911865,1.3005230226070807e-10,13.17449204888041,15.944220950464352,15.944228545187988,67501,1.3552227020263672,1.2548296451568604,0.0008656579991228278,9.013609266527172e-05
0.0007006773957982659,0.0077826958149671555,512,False,0,0.04368126512609246,4.600296394828931e-05,0.0003,0.007193557836829587,2.7559850215911865,1.3005230226070807e-10,13.17449204888041,15.945918171901695,15.945926356067964,67749,1.3523268699645996,1.2527374029159546,0.0007335594987843651,9.027539425254626e-05
0.0007003800710663199,0.008042681030929089,48,True,0,0.08319683290961505,7.169537772388586e-05,0.0003,0.010590841930360261,2.7559850215911865,1.3005230226070807e-10,13.17449204888041,15.945926356067964,15.945937174087266,67750,1.3523157835006714,1.252729058265686,0.0011432492132555595,9.053149595111731e-05
0.0007001522462815046,0.00776708172634244,512,False,0,0.043924565810612645,5.616503324005648e-05,0.0003,0.009383999659857612,2.7559850215911865,1.3005230226070807e-10,13.17449204888041,15.945937174087266,15.945943008589868,67751,1.352304220199585,1.2527204751968384,0.0008956040914264637,9.048454954861627e-05
0.0006992637063376606,0.00778547115623951,512,False,0,0.0408458965051249,6.127536374783934e-05,0.0003,0.008415581702730312,2.7559850215911865,1.3005230226070807e-10,13.17449204888041,15.947837745359307,15.947844325837735,67999,1.3494330644607544,1.250647783279419,0.0009772095588384136,9.92048539222726e-05
0.0006995684234425426,0.007834515534341335,48,True,0,0.1128886725983563,6.770926556184218e-05,0.0003,0.011653234985120811,2.7559850215911865,1.3005230226070807e-10,13.17449204888041,15.947844325837735,15.947850545875951,68000,1.3494212627410889,1.2506394386291504,0.0010798168265970653,9.953951266945708e-05
0.0006996170850470662,0.007752579636871815,512,False,0,0.043490282408378905,5.54250045675753e-05,0.0003,0.010013828693568757,2.7559850215911865,1.3005230226070807e-10,13.17449204888041,15.947850545875951,15.947860828645027,68001,1.3494092226028442,1.2506312131881714,0.0008839096893481828,9.953890321161614e-05
0.0006979432655498385,0.0078016784973442554,512,False,0,0.034354626682739996,5.7615463233027535e-05,0.0003,0.0079606828784809,2.7559850215911865,1.3005230226070807e-10,13.17449204888041,15.949926818480634,15.949937737707236,68249,1.3465664386749268,1.2485771179199219,0.0009189624221796508,0.00010143366415933815
0.0006978088058531284,0.008098574355244637,48,True,0,0.08480388713924228,7.649068099953269e-05,0.0003,0.009443038827934265,2.7559850215911865,1.3005230226070807e-10,13.17449204888041,15.949937737707236,15.949948055161464,68250,1.3465549945831299,1.2485687732696533,0.0012200215994573724,0.00010157276828664122
0.000697946292348206,0.007777905557304621,512,False,0,0.044189150707373066,6.983771903065164e-05,0.0003,0.009262871103940383,2.7559850215911865,1.3005230226070807e-10,13.17449204888041,15.949948055161464,15.949957194762867,68251,1.3465434312820435,1.2485606670379639,0.001113907990829855,0.00010155750861139111
0.0006965508218854666,0.007819022983312607,512,False,0,0.030678054719248202,3.773842622866063e-05,0.0003,0.007973711973651314,2.7559850215911865,1.3005230226070807e-10,13.17449204888041,15.952196645874386,15.952207519020291,68499,1.343727707862854,1.246525526046753,0.0006020107963054181,9.956999262042622e-05
0.0006960616447031498,0.00785641185939312,48,True,0,0.08137896337784303,7.465169560104223e-05,0.0003,0.01120193003721103,2.7559850215911865,1.3005230226070807e-10,13.17449204888041,15.952207519020291,15.952209825002338,68500,1.3437163829803467,1.2465171813964844,0.00119085933987456,9.975120726904725e-05
0.0006970661343075335,0.007798079401254654,512,False,0,0.027605945456161643,6.037390076107585e-05,0.0003,0.010153061047279819,2.7559850215911865,1.3005230226070807e-10,13.17449204888041,15.952209825002338,15.952217591505265,68501,1.3437050580978394,1.2465089559555054,0.0009630971328945503,9.967693910473183e-05
0.0006955133285373449,0.0077708205208182335,512,False,0,0.031642141233302834,4.25868920607263e-05,0.0003,0.007644215308676585,2.7559850215911865,1.3005230226070807e-10,13.17449204888041,15.95469225733453,15.954704443333155,68749,1.340915560722351,1.2444931268692017,0.0006794607570252113,0.00010219175697401362
0.0006951284594833851,0.007670518942177296,48,True,0,0.07974853161048069,6.368696367379835e-05,0.0003,0.009374090340712645,2.7559850215911865,1.3005230226070807e-10,13.17449204888041,15.954704443333155,15.954717013405116,68750,1.340904951095581,1.2444850206375122,0.0010161066823087478,0.0001022841220713567
0.000695561699103564,0.007763891946524382,512,False,0,0.04626084914464684,5.112366972274179e-05,0.0003,0.008060037571196431,2.7559850215911865,1.3005230226070807e-10,13.17449204888041,15.954717013405116,15.954729026470817,68751,1.340894103050232,1.2444770336151123,0.0008156636831131324,0.00010229032910276241
0.0006942980689927936,0.007791183423250914,512,False,0,0.04080686941101863,5.0866251788799693e-05,0.0003,0.007080200719048091,2.7559850215911865,1.3005230226070807e-10,13.17449204888041,15.957373154479031,15.957381208387753,68999,1.3381295204162598,1.2424802780151367,0.0008116917607635632,0.00010430342912879446
0.000695614842697978,0.007560621947050095,48,True,0,0.0704935661888838,6.815381119303779e-05,0.0003,0.00898823208764777,2.7559850215911865,1.3005230226070807e-10,13.17449204888041,15.957381208387753,15.95738750185123,69000,1.3381186723709106,1.2424722909927368,0.0010875563460117882,0.00010438676892185224
0.0006943010957911611,0.007877815514802933,512,False,0,0.05388196522287943,5.68351990537614e-05,0.0003,0.008666328364434015,2.7559850215911865,1.3005230226070807e-10,13.17449204888041,15.95738750185123,15.957396765989055,69001,1.3381073474884033,1.2424641847610474,0.0009069412950457191,0.00010436921960951649
0.000692998815793544,0.0077756536193192005,512,False,0,0.040128945946660506,4.447165212911383e-05,0.0003,0.007041730504761146,2.7559850215911865,1.3005230226070807e-10,13.17449204888041,15.96028104794326,15.960289365631972,69249,1.335369348526001,1.240484595298767,0.0007097800666470209,0.00010625966004373908
0.0006923761684447527,0.00790403038263321,48,True,0,0.06581346167310036,7.482649884182748e-05,0.0003,0.009884369215416569,2.7559850215911865,1.3005230226070807e-10,13.17449204888041,15.960289365631972,15.960301704693928,69250,1.3353585004806519,1.240476369857788,0.0011942525737326922,0.00010632449051518882
0.000693350681103766,0.007739321794360876,512,False,0,0.06950631354704077,7.091615202110599e-05,0.0003,0.008834696927498662,2.7559850215911865,1.3005230226070807e-10,13.17449204888041,15.960301704693928,15.960318422917242,69251,1.3353471755981445,1.2404685020446777,0.0011318431819927915,0.0001064838492141168
0.0006919094594195485,0.007789825089275837,512,False,0,0.060446984567503276,4.565702204533149e-05,0.0003,0.006991699862942194,2.7559850215911865,1.3005230226070807e-10,13.17449204888041,15.963313133710457,15.96332430923012,69499,1.332634449005127,1.2385090589523315,0.000728837339662348,0.00011615203124729582
0.0006915372796356678,0.007655397057533264,48,True,0,0.0797268546778456,6.622595883859013e-05,0.0003,0.010431299333638365,2.7559850215911865,1.3005230226070807e-10,13.17449204888041,15.96332430923012,15.963336991742045,69500,1.3326231241226196,1.2385015487670898,0.0010571864586301392,0.00011630936722234619
0.0006919800071045756,0.007765431888401508,512,False,0,0.06365082228090914,5.544150463700363e-05,0.0003,0.00889643285339665,2.7559850215911865,1.3005230226070807e-10,13.17449204888041,15.963336991742045,15.96335027099697,69501,1.33261239528656,1.23849356174469,0.0008850314218497182,0.00011629454682901215
0.0006909934454597533,0.0077497344464063644,512,False,0,0.05261220088271009,4.807213212874762e-05,0.0003,0.007233761790118016,2.7559850215911865,1.3005230226070807e-10,13.17449204888041,15.966520185539753,15.966526378019983,69749,1.3299245834350586,1.236551284790039,0.000767544667995583,0.00013939931396431696
0.0006901747547090054,0.007866587489843369,48,True,0,0.08454276538519022,7.137335615723596e-05,0.0003,0.010583733327314642,2.7559850215911865,1.3005230226070807e-10,13.17449204888041,15.966526378019983,15.966531919936143,69750,1.3299139738082886,1.2365435361862183,0.001139584573772323,0.00013956396541165244
0.0006903901812620461,0.0077655380591750145,512,False,0,0.06313903818757238,5.148321752344832e-05,0.0003,0.008813190277623686,2.7559850215911865,1.3005230226070807e-10,13.17449204888041,15.966531919936143,15.966541414906953,69751,1.329903244972229,1.2365357875823975,0.0008220084359291534,0.00013962148551473463
0.0006892535602673888,0.007780000567436218,512,False,0,0.06809146722316033,4.8433085036462716e-05,0.0003,0.00809069167042617,2.7559850215911865,1.3005230226070807e-10,13.17449204888041,15.969861079178107,15.96987093319444,69999,1.3272390365600586,1.2346105575561523,0.0007734696396683295,0.0001447408897890631
0.0006888421485200524,0.007677110843360424,48,True,0,0.058009318554039735,5.5450656014551945e-05,0.0003,0.009516374035903396,2.7559850215911865,1.3005230226070807e-10,13.17449204888041,15.96987093319444,15.96988193008628,70000,1.3272287845611572,1.234602689743042,0.0008855398197133565,0.0001447092453901827
0.0006894620601087809,0.007808330934494734,512,False,0,0.07980052444776381,5.4035597675142274e-05,0.0003,0.009455269599480289,2.7559850215911865,1.3005230226070807e-10,13.17449204888041,15.96988193008628,15.969897112094683,70001,1.3272181749343872,1.2345951795578003,0.0008629421148936669,0.0001449326495701266
0.0006885248585604131,0.0077041517943143845,512,False,0,0.0548181384293191,4.991840997788599e-05,0.0003,0.008130608274586261,2.7559850215911865,1.3005230226070807e-10,13.17449204888041,15.973323337409303,15.973338211322742,70249,1.3245790004730225,1.232690453529358,0.0007973629030661317,0.00014758579536530738
0.0006886757910251617,0.00762090552598238,48,True,0,0.14555372400338082,6.632384271728388e-05,0.0003,0.015025635635448469,2.7559850215911865,1.3005230226070807e-10,13.17449204888041,15.973338211322742,15.973349066890231,70250,1.324568271636963,1.2326829433441162,0.0010594131711977501,0.00014861987580042343
0.0006881890585646033,0.0077554103918373585,512,False,0,0.0615645477305041,5.413358234851426e-05,0.0003,0.011696959010527152,2.7559850215911865,1.3005230226070807e-10,13.17449204888041,15.973349066890231,15.97335762051813,70251,1.3245580196380615,1.2326749563217163,0.0008646946070940657,0.00014865573588009276
0.0006871595396660268,0.0076867565512657166,512,False,0,0.058390210685342274,4.9698777957722565e-05,0.0003,0.009896397320351169,2.7559850215911865,1.3005230226070807e-10,13.17449204888041,15.976953076665053,15.976972810236118,70499,1.3219443559646606,1.230787992477417,0.0007940350433981289,0.0001578736320230544
0.0006858763517811894,0.007588384207338095,48,True,0,0.05546494531231256,5.582352192186474e-05,0.0003,0.009128605712079331,2.7559850215911865,1.3005230226070807e-10,13.17449204888041,15.976972810236118,15.976991454548399,70500,1.3219339847564697,1.2307804822921753,0.0008918908919172528,0.0001578423517124258
0.0006869082571938634,0.007779425010085106,512,False,0,0.056240438682255936,5.428080648496213e-05,0.0003,0.008136743717514473,2.7559850215911865,1.3005230226070807e-10,13.17449204888041,15.976991454548399,15.97700808421961,70501,1.3219236135482788,1.2307730913162231,0.0008672439813562353,0.0001577886570217076
0.0006858642445877194,0.007761824410408735,512,False,0,0.08439064440242561,5.526451674129054e-05,0.0003,0.009252571516472408,2.7559850215911865,1.3005230226070807e-10,13.17449204888041,15.980644912133046,15.980656994089019,70749,1.319333553314209,1.2289016246795654,0.0008831626182831963,0.00016292253190189942
0.0006867622723802924,0.007553530856966972,48,True,0,0.08718776234763345,6.373057433078385e-05,0.0003,0.009896253935089654,2.7559850215911865,1.3005230226070807e-10,13.17449204888041,15.980656994089019,15.980671571532946,70750,1.3193233013153076,1.2288941144943237,0.001018456448416551,0.0001630804094336398
0.0006858021370135248,0.007754489313811064,512,False,0,0.0693596377142444,6.257553915884294e-05,0.0003,0.010531018232904286,2.7559850215911865,1.3005230226070807e-10,13.17449204888041,15.980671571532946,15.980690146470069,70751,1.3193124532699585,1.2288869619369507,0.000999999139709068,0.0001631891243783248
0.0006846401374787092,0.007752501405775547,512,False,0,0.03633223198657972,4.75352183834713e-05,0.0003,0.007316523273603838,2.7559850215911865,1.3005230226070807e-10,13.17449204888041,15.984482748881259,15.984498667539784,70999,1.3167450428009033,1.2270336151123047,0.0007598258782149002,0.00017197380523410275
0.0006844764575362206,0.007811928167939186,48,True,0,0.08794467295855116,5.936986220422688e-05,0.0003,0.01149228743371501,2.7559850215911865,1.3005230226070807e-10,13.17449204888041,15.984498667539784,15.984520384110327,71000,1.3167345523834229,1.227026343345642,0.0009489974832954852,0.00017207249338341212
0.000684575003106147,0.007737594656646252,512,False,0,0.054712380118635245,5.632113664322577e-05,0.0003,0.011322128918911167,2.7559850215911865,1.3005230226070807e-10,13.17449204888041,15.984520384110327,15.984539835671738,71001,1.3167243003845215,1.2270187139511108,0.0009002663567299054,0.0001719951067667434
0.0006835759268142283,0.007754442282021046,512,False,0,0.053462702043615876,4.8732889761271667e-05,0.0003,0.0072538084204876365,2.7559850215911865,1.3005230226070807e-10,13.17449204888041,15.988498915899852,15.98851871986615,71249,1.3141814470291138,1.2251825332641602,0.000779165755116759,0.00019045515349340133
0.0006834962405264378,0.007688065525144339,48,True,0,0.06488512147369825,6.318364129245535e-05,0.0003,0.00933267296346881,2.7559850215911865,1.3005230226070807e-10,13.17449204888041,15.98851871986615,15.988538025871149,71250,1.3141710758209229,1.225175142288208,0.0010102128315937302,0.00019038546604206158
0.0006833369843661785,0.007671222556382418,512,False,0,0.03378155771097968,5.204856461306781e-05,0.0003,0.008689904570422348,2.7559850215911865,1.3005230226070807e-10,13.17449204888041,15.988538025871149,15.988553373245603,71251,1.314160943031311,1.2251675128936768,0.0008321804545080461,0.0001902415089149941
0.0006823039148002863,0.0076843611896038055,512,False,0,0.04800236469567009,4.904684699134481e-05,0.0003,0.0075486435259529494,2.7559850215911865,1.3005230226070807e-10,13.17449204888041,15.992538346491221,15.992553088558468,71499,1.311644196510315,1.2233481407165527,0.0007843835812835694,0.00018555378020001208
0.0006828038021922112,0.007529336027801037,48,True,0,0.10097534939115929,6.923801223242134e-05,0.0003,0.011509927409699203,2.7559850215911865,1.3005230226070807e-10,13.17449204888041,15.992553088558468,15.992569295015212,71500,1.3116343021392822,1.2233407497406006,0.001107292586373259,0.00018597044717481097
0.0006820579874329269,0.007774402387440205,512,False,0,0.05776224953998171,6.0552927394655054e-05,0.0003,0.009201807045105152,2.7559850215911865,1.3005230226070807e-10,13.17449204888041,15.992569295015212,15.99258822607899,71501,1.3116244077682495,1.2233333587646484,0.0009683968873750459,0.00018589323216887944
0.0006813853397034109,0.007719276938587427,512,False,0,0.057680820732960915,5.1476563367453856e-05,0.0003,0.009824333767141803,2.7559850215911865,1.3005230226070807e-10,13.17449204888041,15.996778512766861,15.996796550803142,71749,1.3091273307800293,1.221531867980957,0.0008234591827875675,0.00020824255839444521
0.0006801308481954038,0.007704425137490034,48,True,0,0.10663090338042816,7.290468015222738e-05,0.0003,0.01164860520376767,2.7559850215911865,1.3005230226070807e-10,13.17449204888041,15.996796550803142,15.996814453839832,71750,1.3091175556182861,1.221524715423584,0.0011662413359965571,0.00020855444024351537
0.0006808041362091899,0.007714669220149517,512,False,0,0.07959628046540189,5.2892041149289266e-05,0.0003,0.009047339720763879,2.7559850215911865,1.3005230226070807e-10,13.17449204888041,15.996814453839832,15.996832052590797,71751,1.309107780456543,1.2215174436569214,0.0008461041683500417,0.00020856007673437105
0.0006800037226639688,0.007652718108147383,512,False,0,0.07819563396190107,4.476725818058283e-05,0.0003,0.0075624041371197956,2.7559850215911865,1.3005230226070807e-10,13.17449204888041,16.001070037494646,16.001085390930946,71999,1.306634545326233,1.2197312116622925,0.000716324033534111,0.00020041729406938545
0.0006799371913075447,0.007528576999902725,48,True,0,0.07320773909006105,6.408731724122302e-05,0.0003,0.009948797225927054,2.7559850215911865,1.3005230226070807e-10,13.17449204888041,16.001085390930946,16.00110323341351,72000,1.3066250085830688,1.2197242975234985,0.0010254666356524905,0.00020039480259939716
0.0006797354435548186,0.007676544599235058,512,False,0,0.05623082466448009,5.6701409902238825e-05,0.0003,0.00896904347747126,2.7559850215911865,1.3005230226070807e-10,13.17449204888041,16.00110323341351,16.00112446670088,72001,1.3066149950027466,1.2197171449661255,0.0009072851133258184,0.0002002813617803479
0.0006783864228054881,0.007716015446931124,512,False,0,0.0575864123867153,4.22906299522276e-05,0.0003,0.0078675513876851,2.7559850215911865,1.3005230226070807e-10,13.17449204888041,16.005420981295135,16.005441135824018,72249,1.3041646480560303,1.2179465293884277,0.0006768793359495721,0.00019980061178843199
0.0006783389835618436,0.007754619233310223,48,True,0,0.06408142277688096,8.24760049527832e-05,0.0003,0.009930732355915963,2.7559850215911865,1.3005230226070807e-10,13.17449204888041,16.005441135824018,16.005465343069474,72250,1.304154396057129,1.2179396152496338,0.0013200648423897015,0.00019973994931343244
0.0006787030724808574,0.007723632734268904,512,False,0,0.04334004751371087,5.4842187291646765e-05,0.0003,0.00885015340449807,2.7559850215911865,1.3005230226070807e-10,13.17449204888041,16.005465343069474,16.005489941057366,72251,1.304144263267517,1.2179325819015503,0.0008777747280345775,0.0001996330307322172
0.0006773289060220122,0.007687152363359928,512,False,0,0.05132186624292085,5.6399523305218596e-05,0.0003,0.008991363520042258,2.7559850215911865,1.3005230226070807e-10,13.17449204888041,16.009915903974616,16.009941018643232,72499,1.3017178773880005,1.2161800861358643,0.0009029516251408061,0.0002247227362282591
0.0006768275052309036,0.007555307820439339,48,True,0,0.082903150015691,6.87331978557493e-05,0.0003,0.011588789192914168,2.7559850215911865,1.3005230226070807e-10,13.17449204888041,16.009941018643232,16.00996611702571,72500,1.3017078638076782,1.2161734104156494,0.0011004144436932818,0.00022469949950826412
0.0006772761116735637,0.007666165009140968,512,False,0,0.1316736459563587,7.277282736722039e-05,0.0003,0.013192537454766156,2.7559850215911865,1.3005230226070807e-10,13.17449204888041,16.00996611702571,16.00997996488596,72501,1.3016982078552246,1.2161660194396973,0.0011650905003893596,0.00022539237582697895
0.0006761878612451255,0.007697679102420807,512,False,0,0.03465619873453203,4.6017226541438905e-05,0.0003,0.009535187498896952,2.7559850215911865,1.3005230226070807e-10,13.17449204888041,16.01441685601993,16.014431917155637,72749,1.2992932796478271,1.2144300937652588,0.000736939048392507,0.00022636977645165154
0.0006766612059436738,0.007388807833194733,48,True,0,0.0786161930120603,6.131097351390009e-05,0.0003,0.010657604852706086,2.7559850215911865,1.3005230226070807e-10,13.17449204888041,16.014431917155637,16.01445382994781,72750,1.2992831468582153,1.2144231796264648,0.0009818604111128855,0.0002263491552154621
0.0006762800039723516,0.007671448867768049,512,False,0,0.1132478019160733,6.533334428930725e-05,0.0003,0.010623971909078298,2.7559850215911865,1.3005230226070807e-10,13.17449204888041,16.01445382994781,16.014473208724265,72751,1.2992736101150513,1.2144159078598022,0.0010462778256771954,0.00022669431005273145
0.0006749663734808564,0.007714487612247467,512,False,0,0.054834545912676017,5.137483431739797e-05,0.0003,0.00822433474152454,2.7559850215911865,1.3005230226070807e-10,13.17449204888041,16.019068536687556,16.019088226821882,72999,1.2968885898590088,1.2126953601837158,0.0008229769919913659,0.00025307733964649495
0.0006748221348971128,0.007439912762492895,48,True,0,0.12102261623288578,6.34608394184493e-05,0.0003,0.012623606073411673,2.7559850215911865,1.3005230226070807e-10,13.17449204888041,16.019088226821882,16.019101942604724,73000,1.296878695487976,1.2126884460449219,0.0010165847855923152,0.0002535477407009612
0.0006748049054294825,0.007685559801757336,512,False,0,0.068816795498959,5.526481373370977e-05,0.0003,0.01071896362141164,2.7559850215911865,1.3005230226070807e-10,13.17449204888041,16.019101942604724,16.019118144224617,73001,1.296869158744812,1.2126816511154175,0.0008852926850393584,0.00025362322875665486
0.0006739430828019977,0.007718724198639393,512,False,0,0.13427743527230854,5.755829066805446e-05,0.0003,0.010707951808019112,2.7559850215911865,1.3005230226070807e-10,13.17449204888041,16.023762397301816,16.023783627817664,73249,1.2945080995559692,1.2109785079956055,0.000922300373659739,0.00031152659676285995
0.0006729359738528728,0.0076476833783090115,48,True,0,0.10002206668944603,6.252409315821313e-05,0.0003,0.011156233281573273,2.7559850215911865,1.3005230226070807e-10,13.17449204888041,16.023783627817664,16.023802674314844,73250,1.2944989204406738,1.2109715938568115,0.001001872540292722,0.00031160582540208496
0.0006735628703609109,0.00761452317237854,512,False,0,0.06380475745042223,4.8226116973510626e-05,0.0003,0.008949215657320046,2.7559850215911865,1.3005230226070807e-10,13.17449204888041,16.023802674314844,16.02382096880708,73251,1.2944893836975098,1.210964560508728,0.00077276578213196,0.0003114783117290248
0.0006727096624672413,0.007603728678077459,512,False,0,0.09182147074801973,5.216679857451963e-05,0.0003,0.009606772360775302,2.7559850215911865,1.3005230226070807e-10,13.17449204888041,16.02850306834145,16.028520369664186,73499,1.2921490669250488,1.2092763185501099,0.0008361556910172383,0.00032462470874765646
0.0006721417885273695,0.0074849119409918785,48,True,0,0.08236631574147245,6.6770996584238e-05,0.0003,0.01120742104047962,2.7559850215911865,1.3005230226070807e-10,13.17449204888041,16.028520369664186,16.02853774800546,73500,1.2921397686004639,1.2092692852020264,0.0010702402788532366,0.00032457803533964035
0.0006726826541125774,0.0076978253200650215,512,False,0,0.16204849242242625,8.618126002037864e-05,0.0003,0.012972494532087443,2.7559850215911865,1.3005230226070807e-10,13.17449204888041,16.02853774800546,16.02856395375438,73501,1.2921297550201416,1.209262728691101,0.0013813595794073127,0.0003254566062373158
0.0006714797345921397,0.00761291291564703,512,False,0,0.05672902961804009,5.0236467166374986e-05,0.0003,0.00917439408460996,2.7559850215911865,1.3005230226070807e-10,13.17449204888041,16.033399179754777,16.033423796485014,73749,1.2898133993148804,1.2075881958007812,0.0008054613314591345,0.0004012521353392984
0.0006718264776282012,0.007805347442626953,48,True,0,0.07063041925217775,6.181533788716327e-05,0.0003,0.009854798498702811,2.7559850215911865,1.3005230226070807e-10,13.17449204888041,16.033423796485014,16.033449559723845,73750,1.2898038625717163,1.2075815200805664,0.0009911115094678052,0.0004010106619009323
0.0006712686736136675,0.007608829997479916,512,False,0,0.061782967438681134,5.448924079384245e-05,0.0003,0.008382741682067091,2.7559850215911865,1.3005230226070807e-10,13.17449204888041,16.033449559723845,16.03347257685659,73751,1.2897939682006836,1.2075748443603516,0.0008736504938157199,0.0004007292977154914
0.000670110690407455,0.00760640250518918,512,False,0,0.06071162548395923,5.169335963186021e-05,0.0003,0.011655037984645776,2.7559850215911865,1.3005230226070807e-10,13.17449204888041,16.038212783267294,16.038230535059242,73999,1.2874945402145386,1.2059160470962524,0.000829069101257734,0.00037755820971625316
0.0006698658689856529,0.007785229943692684,48,True,0,0.18658246647868734,6.618706150898319e-05,0.0003,0.013175877923086448,2.7559850215911865,1.3005230226070807e-10,13.17449204888041,16.038230535059242,16.03825583780568,74000,1.2874855995178223,1.2059097290039062,0.0010615233509192184,0.0003799460958936509
0.0006701690726913512,0.00755474716424942,512,False,0,0.05757317276331315,5.510501792676547e-05,0.0003,0.010497764561720371,2.7559850215911865,1.3005230226070807e-10,13.17449204888041,16.03825583780568,16.03827560504494,74001,1.2874765396118164,1.2059032917022705,0.0008837883754563328,0.00037969025768913036
0.0006690222071483731,0.007671366911381483,512,False,0,0.11088151728199827,7.744582303451144e-05,0.0003,0.013417560352173185,2.7559850215911865,1.3005230226070807e-10,13.17449204888041,16.043160663453605,16.043176537610766,74249,1.2852007150650024,1.2042609453201294,0.001242475781656063,0.00046376993858432
0.0006686771521344781,0.007659961935132742,48,True,0,0.22883361649279685,0.00011298856103205321,0.0003,0.017864786665911053,2.7559850215911865,1.3005230226070807e-10,13.17449204888041,16.043176537610766,16.04319827245006,74250,1.2851908206939697,1.2042549848556519,0.001812695431367838,0.0004655635380830377
0.0006690298905596137,0.007717978209257126,512,False,0,0.20637272995199252,6.73316749776272e-05,0.0003,0.012011658842220945,2.7559850215911865,1.3005230226070807e-10,13.17449204888041,16.04319827245006,16.043222464002927,74251,1.2851817607879639,1.2042484283447266,0.0010802154116822376,0.00046750305071872834
0.0006679397774860263,0.007625462953001261,512,False,0,0.08305380908916997,7.181297408755383e-05,0.0003,0.013566709911823002,2.7559850215911865,1.3005230226070807e-10,13.17449204888041,16.04819930633413,16.048217103604514,74499,1.2829278707504272,1.2026203870773315,0.0011524689209376723,0.0005147434667608607
0.0006675875629298389,0.007574010174721479,48,True,0,0.2692333287642031,0.0001433019733441752,0.0003,0.021237973620760398,2.7559850215911865,1.3005230226070807e-10,13.17449204888041,16.048217103604514,16.048237674651155,74500,1.2829183340072632,1.202614188194275,0.0022997411796022707,0.0005173535897679389
0.0006677138735540211,0.007750396616756916,512,False,0,0.32206256207067746,0.0001242566480497939,0.0003,0.020231106568261496,2.7559850215911865,1.3005230226070807e-10,13.17449204888041,16.048237674651155,16.048253856588065,74501,1.282910704612732,1.2026071548461914,0.0019941002205585714,0.0005214980837576035
0.0006664916290901601,0.0075308289378881454,512,False,0,0.12156439196232066,4.628363995012475e-05,0.0003,0.010679528437636494,2.7559850215911865,1.3005230226070807e-10,13.17449204888041,16.05328888572714,16.053311809103562,74749,1.280676245689392,1.2009971141815186,0.0007430046428023344,0.0006159200859493818
0.000666493084281683,0.007585875689983368,48,True,0,0.12726296767185763,6.52860558337182e-05,0.0003,0.010090522604084898,2.7559850215911865,1.3005230226070807e-10,13.17449204888041,16.053311809103562,16.053335720201755,74750,1.2806674242019653,1.2009904384613037,0.0010480574110852227,0.0006163953521475738
0.0006665772525593638,0.0076340679079294205,512,False,0,0.07822638190087501,4.941174721738375e-05,0.0003,0.008230904257063583,2.7559850215911865,1.3005230226070807e-10,13.17449204888041,16.053335720201755,16.053359530659588,74751,1.280658483505249,1.2009841203689575,0.0007932233666024062,0.0006161115876341719
0.0006656190962530673,0.007516529876738787,512,False,0,0.11839382160492967,5.7601839206995135e-05,0.0003,0.009126481340635812,2.7559850215911865,1.3005230226070807e-10,13.17449204888041,16.058307214207154,16.058320494451557,74999,1.2784417867660522,1.1993845701217651,0.0009249880300892905,0.0005942697382062421
0.0006649816641584039,0.007783868815749884,48,True,0,0.12794636423180442,7.85559029540599e-05,0.0003,0.014754054331271223,2.7559850215911865,1.3005230226070807e-10,13.17449204888041,16.058320494451557,16.058337769930713,75000,1.2784326076507568,1.1993783712387085,0.0012614758663673277,0.0005945066167757876
0.0006650928407907486,0.007569426670670509,512,False,0,0.09337251344319347,7.179760407211769e-05,0.0003,0.012507920464510163,2.7559850215911865,1.3005230226070807e-10,13.17449204888041,16.058337769930713,16.058361635648144,75001,1.2784240245819092,1.1993721723556519,0.0011529501772618185,0.0005943004821595387
0.0006642037187702954,0.0076773702166974545,512,False,0,0.16923321781937173,6.267611979329203e-05,0.0003,0.01136491225756007,2.7559850215911865,1.3005230226070807e-10,13.17449204888041,16.063462853319475,16.063481256224,75249,1.2762298583984375,1.1977882385253906,0.0010067955220897482,0.0006489789586800274
0.0006637406768277287,0.007626067381352186,48,True,0,0.12778919114430845,9.477983265949003e-05,0.0003,0.012879145427932653,2.7559850215911865,1.3005230226070807e-10,13.17449204888041,16.063481256224,16.063498409646215,75250,1.2762218713760376,1.1977818012237549,0.0015224940653937656,0.000649115590210327
0.0006646073888987303,0.007547159679234028,512,False,0,0.12487294844841465,6.612499597132057e-05,0.0003,0.01378671296656595,2.7559850215911865,1.3005230226070807e-10,13.17449204888041,16.063498409646215,16.063516606430916,75251,1.2762134075164795,1.1977753639221191,0.0010621987676231704,0.0006493637752366827
0.0006630319985561073,0.007538796402513981,512,False,0,0.1440411559214365,6.37324586172519e-05,0.0003,0.013176946293654493,2.7559850215911865,1.3005230226070807e-10,13.17449204888041,16.068582291915476,16.06860631021745,75499,1.2740397453308105,1.1962060928344727,0.0010240902559574099,0.0007097022562844663
0.0006622664513997734,0.0074309553019702435,48,True,0,0.2057123374763832,9.419410646518828e-05,0.0003,0.01894923404522278,2.7559850215911865,1.3005230226070807e-10,13.17449204888041,16.06860631021745,16.068617881156946,75500,1.274031639099121,1.1961991786956787,0.0015135680135318188,0.0007116422714542279
0.0006631353171542287,0.007598750293254852,512,False,0,0.28154324149549165,0.0001150511304119596,0.0003,0.020575746097530448,2.7559850215911865,1.3005230226070807e-10,13.17449204888041,16.068617881156946,16.068636677547122,75501,1.2740219831466675,1.1961935758590698,0.0018487126513849338,0.0007146953185690605
0.000661721802316606,0.00759448017925024,512,False,0,0.11030210523422374,5.0646014701776684e-05,0.0003,0.009993895160779769,2.7559850215911865,1.3005230226070807e-10,13.17449204888041,16.073738870367162,16.07376081267873,75749,1.271868348121643,1.1946388483047485,0.0008140708151411347,0.0007442490935830128
0.0006620356580242515,0.007777009159326553,48,True,0,0.08409562676021047,5.546165763242219e-05,0.0003,0.010067459937890015,2.7559850215911865,1.3005230226070807e-10,13.17449204888041,16.07376081267873,16.073779773438332,75750,1.2718600034713745,1.1946322917938232,0.000891477419058232,0.0007436888291353412
0.0006620617350563407,0.007616458460688591,512,False,0,0.11829257428677194,6.300569412700382e-05,0.0003,0.013026909892775412,2.7559850215911865,1.3005230226070807e-10,13.17449204888041,16.073779773438332,16.07380048970775,75751,1.2718511819839478,1.1946262121200562,0.0010127396518700763,0.0007439038934898696
0.0006608336698263884,0.0075673568062484264,512,False,0,0.0800045458294472,4.804422429073909e-05,0.0003,0.009732880740561757,2.7559850215911865,1.3005230226070807e-10,13.17449204888041,16.079016524140734,16.07903398992523,75999,1.2697168588638306,1.1930865049362183,0.0007725038762603174,0.000831009092071734
0.000660615973174572,0.007535548415035009,48,True,0,0.12329840291546659,6.498101058555318e-05,0.0003,0.012031223599716572,2.7559850215911865,1.3005230226070807e-10,13.17449204888041,16.07903398992523,16.07905197456725,76000,1.269708275794983,1.1930804252624512,0.0010448318779048007,0.0008309777752420048
0.0006607373361475766,0.007590970955789089,512,False,0,0.14434056481278093,6.895853648926305e-05,0.0003,0.011864677491699527,2.7559850215911865,1.3005230226070807e-10,13.17449204888041,16.07905197456725,16.079067701395168,76001,1.269700288772583,1.1930738687515259,0.0011087878923009527,0.0008311202373073862
0.0006594411097466946,0.007742999121546745,512,False,0,0.34527522397248456,9.450667950658604e-05,0.0003,0.018405690551902096,2.7559850215911865,1.3005230226070807e-10,13.17449204888041,16.08439051063212,16.084422753189873,76249,1.2675873041152954,1.19154953956604,0.0015200823390470835,0.0012878521005339452
0.0006589332479052246,0.007591539993882179,48,True,0,0.2309529767864859,0.00012758694882921136,0.0003,0.02473290569641939,2.7559850215911865,1.3005230226070807e-10,13.17449204888041,16.084422753189873,16.0844486877833,76250,1.2675797939300537,1.1915422677993774,0.0020521624227586395,0.0012905070340202746
0.000659569981507957,0.00768751185387373,512,False,0,0.3428248657525658,0.00010683077528098677,0.0003,0.02229817032990364,2.7559850215911865,1.3005230226070807e-10,13.17449204888041,16.0844486877833,16.084484920639127,76251,1.2675708532333374,1.1915366649627686,0.0017183141232831403,0.0012971557875052725
0.0006584812654182315,0.007544036954641342,512,False,0,0.16375956016356652,6.453810699528241e-05,0.0003,0.016283174734068172,2.7559850215911865,1.3005230226070807e-10,13.17449204888041,16.089682863819796,16.089701963752958,76499,1.2654759883880615,1.1900243759155273,0.001038397674185364,0.0012128973065912369
0.0006581763154827058,0.007653433829545975,48,True,0,0.08147860322210117,6.120864195024912e-05,0.0003,0.01595544697617073,2.7559850215911865,1.3005230226070807e-10,13.17449204888041,16.089701963752958,16.08972132703682,76500,1.265467643737793,1.1900181770324707,0.000984828806585575,0.0012118456265563923
0.0006583465728908777,0.00754155358299613,512,False,0,0.21020094226944266,9.043454931579062e-05,0.0003,0.018235848046358957,2.7559850215911865,1.3005230226070807e-10,13.17449204888041,16.08972132703682,16.089748859509957,76501,1.2654587030410767,1.1900126934051514,0.0014550666968272392,0.0012140700294164355
0.0006571834674105048,0.007595177739858627,512,False,0,0.07748633481544356,5.601230791060154e-05,0.0003,0.01201062464630228,2.7559850215911865,1.3005230226070807e-10,13.17449204888041,16.094939197369563,16.094959759925736,76749,1.2633814811706543,1.1885128021240234,0.000901514690125474,0.0011748337093347916
0.0006579726468771696,0.007355193607509136,48,True,0,0.09043478269836876,6.779959192472226e-05,0.0003,0.013646576398426582,2.7559850215911865,1.3005230226070807e-10,13.17449204888041,16.094959759925736,16.094975967015227,76750,1.2633733749389648,1.1885067224502563,0.0010912317037677906,0.0011738835172128575
0.0006571029080078006,0.007544356398284435,512,False,0,0.12546117404147544,6.0743388343754206e-05,0.0003,0.009769677411989842,2.7559850215911865,1.3005230226070807e-10,13.17449204888041,16.094975967015227,16.094998296493273,76751,1.2633646726608276,1.1885008811950684,0.0009776633755477968,0.001173347939273663
0.0006564321229234338,0.007551000453531742,512,False,0,0.0408804187724328,3.8653469096021065e-05,0.0003,0.009091982012907989,2.7559850215911865,1.3005230226070807e-10,13.17449204888041,16.100150412081888,16.100172114895944,76999,1.261306643486023,1.187017560005188,0.0006223266663946981,0.0011779768807021647
0.0006560294423252344,0.007668665610253811,48,True,0,0.10448122312540031,6.618178472273404e-05,0.0003,0.014906608095693944,2.7559850215911865,1.3005230226070807e-10,13.17449204888041,16.100172114895944,16.10019285527768,77000,1.2612985372543335,1.18701171875,0.001065538124907009,0.001177183591356258
0.0006561591289937496,0.007577626500278711,512,False,0,0.13700257688279366,6.703120489764658e-05,0.0003,0.01093532999783417,2.7559850215911865,1.3005230226070807e-10,13.17449204888041,16.10019285527768,16.100216541181457,77001,1.261290192604065,1.1870059967041016,0.0010792153261737437,0.0011766030442890117
0.0006550081307068467,0.007551584392786026,512,False,0,0.05889577590528725,4.208208023318768e-05,0.0003,0.009140229964404082,2.7559850215911865,1.3005230226070807e-10,13.17449204888041,16.105344985285587,16.10536499161844,77249,1.259251356124878,1.185533046722412,0.000677746419853955,0.0011057934637066927
0.000654547824524343,0.007456184830516577,48,True,0,0.07749118353187538,5.884488609546849e-05,0.0003,0.011413983680126895,2.7559850215911865,1.3005230226070807e-10,13.17449204888041,16.10536499161844,16.105388956796205,77250,1.259243130683899,1.1855273246765137,0.000947718368457733,0.001104862190445222
0.0006551826372742653,0.007482799235731363,512,False,0,0.1263269414134299,6.281857333046452e-05,0.0003,0.011328394561902117,2.7559850215911865,1.3005230226070807e-10,13.17449204888041,16.105388956796205,16.10540738356448,77251,1.2592355012893677,1.1855212450027466,0.0010117175571981558,0.0011043881034335753
0.0006538786692544818,0.00750460010021925,512,False,0,0.08445339057476828,4.3164355868908705e-05,0.0003,0.00823141085518463,2.7559850215911865,1.3005230226070807e-10,13.17449204888041,16.110595629737016,16.110617294303356,77499,1.25721275806427,1.1840635538101196,0.0006954034830220539,0.001131678506056163
0.0006532273255288601,0.00740497000515461,48,True,0,0.11760286826602903,6.576350509602478e-05,0.0003,0.01506294146932728,2.7559850215911865,1.3005230226070807e-10,13.17449204888041,16.110617294303356,16.110643753645967,77500,1.2572050094604492,1.1840580701828003,0.0010594906625340237,0.001131198185118275
0.0006538202287629247,0.00753259239718318,512,False,0,0.2121896592234304,7.48402229826318e-05,0.0003,0.01607141029070915,2.7559850215911865,1.3005230226070807e-10,13.17449204888041,16.110643753645967,16.110665554111552,77501,1.2571974992752075,1.1840516328811646,0.0012057241709166084,0.001133323629307133
0.001103374408558011,2.065864086151123,512,False,0,4.745550124902984,0.004889291997205816,0.0003,1.2482953283504974,2.7559850215911865,1.3005230226070807e-10,13.17477519217661,16.492803983534017,16.50591001523201,77749,1.2603497505187988,1.1838799715042114,0.08063813452817707,1.6328764739025403
0.0009041197481565177,1.9995216131210327,48,True,0,7.00955140789266,0.005252896413907037,0.0003,1.3162640402877415,2.7559850215911865,1.3005230226070807e-10,13.174778049028653,16.50591001523201,16.519006760586393,77750,1.2604150772094727,1.1838726997375488,0.08670383552728447,1.6326113020235822
0.0009330554166808724,1.8710615634918213,512,False,0,6.206619877696093,0.0049550820915997855,0.0003,1.1894299075362773,2.7559850215911865,1.3005230226070807e-10,13.174780906727314,16.519006760586393,16.532183187839635,77751,1.260477900505066,1.1838650703430176,0.08185303457039741,1.6322068996586545
0.0006193490698933601,0.09859210252761841,512,False,0,4.125604831492435,0.0012320685940207876,0.0003,0.7424116382557521,2.7559850215911865,1.3005230226070807e-10,13.215764812573578,17.86179198524138,17.863830486210755,77999,1.2749921083450317,1.1823079586029053,0.022006952937948118,2.61114428394706
0.0006161291967146099,0.1235792487859726,48,True,0,8.28058169592785,0.0015247493357644626,0.0003,0.8791411374359781,2.7559850215911865,1.3005230226070807e-10,13.215769065010923,17.863830486210755,17.86584235436049,78000,1.2751796245574951,1.1823041439056396,0.027237863668058807,2.610828046656034
0.0006138258031569421,0.09773827344179153,512,False,0,4.311112057682716,0.001430959127395213,0.0003,0.9142758258058173,2.7559850215911865,1.3005230226070807e-10,13.215769087051378,17.86584235436049,17.867824011602877,78001,1.275377869606018,1.1823023557662964,0.02556529018557612,2.609045238930265
0.0005974438390694559,0.021632695570588112,512,False,0,0.10398527964651601,0.00011379287478866726,0.0003,0.026338676908229268,2.7559850215911865,1.3005230226070807e-10,13.215770302384044,18.015163679319166,18.015408548662855,78249,1.2762547731399536,1.1808465719223022,0.002049997264858112,2.043149258312704
0.0005982937291264534,0.020429138094186783,48,True,0,0.24387480741415876,0.00012422509764241845,0.0003,0.03564227302468442,2.7559850215911865,1.3005230226070807e-10,13.215770302384044,18.015408548662855,18.01564700082971,78250,1.2762527465820312,1.1808407306671143,0.002237965886025703,2.04110825832309
0.0005992406513541937,0.02225138060748577,512,False,0,0.09706087076590006,0.0001233313204323028,0.0003,0.031746183624041295,2.7559850215911865,1.3005230226070807e-10,13.215770302384044,18.01564700082971,18.01588578702931,78251,1.276249647140503,1.1808350086212158,0.002221893533054584,2.0390674957504284
0.0005993819795548916,0.015228265896439552,512,False,0,0.08429498242645321,7.536094166407611e-05,0.0003,0.01792935344260556,2.7559850215911865,1.3005230226070807e-10,13.215770302384044,18.05054588254982,18.05060399963779,78499,1.2750383615493774,1.1793797016143799,0.0013603061352595663,1.5910746981043111
0.0006010016659274697,0.016747795045375824,48,True,0,0.20036147315211825,9.908793561754646e-05,0.0003,0.027303426053472687,2.7559850215911865,1.3005230226070807e-10,13.215770302384044,18.05060399963779,18.05066373622559,78500,1.2750309705734253,1.179373860359192,0.001788597086973936,1.58948437857375
0.0006000230205245316,0.015272305347025394,512,False,0,0.0665466006647152,9.495040127589574e-05,0.0003,0.027145682377035078,2.7559850215911865,1.3005230226070807e-10,13.215770302384044,18.05066373622559,18.05072361159334,78501,1.275023102760315,1.1793681383132935,0.0017139177650508791,1.5878951309305869
0.0006020158180035651,0.011869437992572784,512,False,0,0.05944312647281869,5.74883651255947e-05,0.0003,0.012776146282215019,2.7559850215911865,1.3005230226070807e-10,13.215770302384044,18.052576747917495,18.052542339757164,78749,1.2734793424606323,1.177924633026123,0.001037813123542102,1.2390114062183937
0.0006022824090905488,0.01253231056034565,48,True,0,0.14993729200685169,7.146521156327456e-05,0.0003,0.017920444376258605,2.7559850215911865,1.3005230226070807e-10,13.215770302384044,18.052542339757164,18.052507072387932,78750,1.2734743356704712,1.177918791770935,0.0012901287575657172,1.2377726623229286
0.0006021028384566307,0.011742641218006611,512,False,0,0.037242088093846326,6.897180895450611e-05,0.0003,0.017103215433788774,2.7559850215911865,1.3005230226070807e-10,13.215770302384044,18.052507072387932,18.052472333933146,78751,1.2734694480895996,1.177912950515747,0.0012451140689466109,1.236534871431171
0.0006041749729774892,0.010016355663537979,512,False,0,0.045415438288288125,4.773430457817405e-05,0.0003,0.010664020769611492,2.7559850215911865,1.3005230226070807e-10,13.215770302384044,18.036684820687807,18.036595349795395,78999,1.2717704772949219,1.1764824390411377,0.0008609686068112404,0.964847702477172
0.0006077478174120188,0.010527207516133785,48,True,0,0.14671903016168394,6.84193476064954e-05,0.0003,0.018549761323547118,2.7559850215911865,1.3005230226070807e-10,13.215770302384044,18.036595349795395,18.036505234828187,79000,1.2717612981796265,1.1764767169952393,0.0012340520868753496,0.9638834925599201
0.0006045374902896583,0.009850693866610527,512,False,0,0.04615674612602064,6.606153134351446e-05,0.0003,0.01719677663852921,2.7559850215911865,1.3005230226070807e-10,13.215770302384044,18.036505234828187,18.036415652541056,79001,1.2717516422271729,1.1764709949493408,0.0011915191558980651,0.9629196399286476
0.0006079424638301134,0.00876075029373169,512,False,0,0.03442944276146106,4.271152872269548e-05,0.0003,0.009500776645266417,2.7559850215911865,1.3005230226070807e-10,13.215770302384044,18.009654206494567,18.009529709396652,79249,1.2699528932571411,1.1750530004501343,0.0007692198629265061,0.7513490388333691
0.0006093810079619288,0.008598214946687222,48,True,0,0.124498111111909,5.452898517402251e-05,0.0003,0.014820501269268777,2.7559850215911865,1.3005230226070807e-10,13.215770302384044,18.009529709396652,18.009404132977018,79250,1.2699445486068726,1.1750472784042358,0.000982041378514808,0.7505981237357405
0.0006074323900975287,0.009016824886202812,512,False,0,0.03453066027768649,5.24322767392694e-05,0.0003,0.014066900885811294,2.7559850215911865,1.3005230226070807e-10,13.215770302384044,18.009404132977018,18.009279049073754,79251,1.2699365615844727,1.1750415563583374,0.0009442740614095932,0.7498475660742671
0.0006110041867941618,0.008244410157203674,512,False,0,0.033359599135779155,3.6797793566951755e-05,0.0003,0.008078929778958362,2.7559850215911865,1.3005230226070807e-10,13.215770302384044,17.97540259967634,17.975253869700413,79499,1.2681018114089966,1.1736356019973755,0.0006614551541457379,0.5850916708048047
0.0006126622902229428,0.008624745532870293,48,True,0,0.09705788990236025,4.873724762476604e-05,0.0003,0.01210212351708812,2.7559850215911865,1.3005230226070807e-10,13.215770302384044,17.975253869700413,17.975108009504694,79500,1.2680943012237549,1.1736299991607666,0.0008760643989656231,0.5845068240742487
0.0006107331137172878,0.008345158770680428,512,False,0,0.02918012892950818,4.775902071402931e-05,0.0003,0.011218438288880646,2.7559850215911865,1.3005230226070807e-10,13.215770302384044,17.975108009504694,17.97496227565365,79501,1.2680867910385132,1.1736243963241577,0.0008584735557628488,0.5839223348272405
0.0006133908755145967,0.007513595279306173,512,False,0,0.02865422789188917,3.586842621256143e-05,0.0003,0.008328179994855254,2.7559850215911865,1.3005230226070807e-10,13.215770302384044,17.936305919744953,17.936141090299095,79749,1.2662173509597778,1.1722309589385986,0.0006433470654083006,0.4556246521115551
0.0006126771331764758,0.007765991147607565,48,True,0,0.07106546476803972,4.2961492181240395e-05,0.0003,0.009875914429389072,2.7559850215911865,1.3005230226070807e-10,13.215770302384044,17.936141090299095,17.935977036386245,79750,1.2662094831466675,1.1722252368927002,0.0007705633852125092,0.4551691120998327
0.0006123947096057236,0.0074118198826909065,512,False,0,0.025572124553558877,4.0533110779258914e-05,0.0003,0.009707140875980395,2.7559850215911865,1.3005230226070807e-10,13.215770302384044,17.935977036386245,17.93581286678587,79751,1.2662018537521362,1.1722196340560913,0.0007270009441500876,0.4547139593985891
0.0006155380979180336,0.007233885116875172,512,False,0,0.023602914697841305,3.184741702318719e-05,0.0003,0.00728280658226036,2.7559850215911865,1.3005230226070807e-10,13.215770302384044,17.893970515532764,17.893796919680874,79999,1.2643160820007324,1.1708382368087769,0.0005698767412087878,0.3548067857604609
0.0006150251720100641,0.007635857909917831,48,True,0,0.08528398148937541,4.389443568579101e-05,0.0003,0.011009531236661981,2.7559850215911865,1.3005230226070807e-10,13.215770302384044,17.893796919680874,17.893628272745936,80000,1.2643078565597534,1.170832633972168,0.0007854381180655373,0.35445216874389096
0.0006159348413348198,0.0071896519511938095,512,False,0,0.03227134394756338,4.339088533137276e-05,0.0003,0.011152692534660016,2.7559850215911865,1.3005230226070807e-10,13.215770302384044,17.893628272745936,17.893457258823453,80001,1.264299988746643,1.1708271503448486,0.0007764203725449285,0.35409776024571765
0.0006176094757393003,0.00695774657651782,512,False,0,0.03282821280587829,3.351118133520374e-05,0.0003,0.007316791246242114,2.7559850215911865,1.3005230226070807e-10,13.215770302384044,17.849555517453826,17.849375340967523,80249,1.262406349182129,1.1694575548171997,0.0005981596916981816,0.2762985831913788
0.0006184056401252747,0.0070640891790390015,48,True,0,0.0869560936786475,4.6917806710872573e-05,0.0003,0.01155106896498618,2.7559850215911865,1.3005230226070807e-10,13.215770302384044,17.849375340967523,17.849196587359963,80250,1.26239812374115,1.16945219039917,0.0008374535421573295,0.2760225578508304
0.0006169758271425962,0.006834438070654869,512,False,0,0.025261949763510694,4.3017170805335e-05,0.0003,0.010710470981291678,2.7559850215911865,1.3005230226070807e-10,13.215770302384044,17.849196587359963,17.849017052149527,80251,1.2623902559280396,1.169446587562561,0.0007678219383364662,0.2757465622649267
0.0006192106520757079,0.006640015169978142,512,False,0,0.022582541584484504,3.207437417800611e-05,0.0003,0.006815040316197365,2.7559850215911865,1.3005230226070807e-10,13.215770302384044,17.803827391052636,17.80364307055132,80499,1.260498046875,1.1680887937545776,0.0005710466215412566,0.21516331328876634
0.0006188597762957215,0.006405390799045563,48,True,0,0.059054308554383074,3.7976987275237464e-05,0.0003,0.008469748085311566,2.7559850215911865,1.3005230226070807e-10,13.215770302384044,17.80364307055132,17.803461052238664,80500,1.260490894317627,1.1680833101272583,0.0006761287263431972,0.2149482592464568
0.0006191692082211375,0.006690784823149443,512,False,0,0.028443967875879515,3.800923575463705e-05,0.0003,0.008738883489767028,2.7559850215911865,1.3005230226070807e-10,13.215770302384044,17.803461052238664,17.803275937799988,80501,1.2604833841323853,1.1680779457092285,0.0006766959483830381,0.21473335415577974
0.0006206490797922015,0.006484359502792358,512,False,0,0.025770122716182568,2.9680176985827033e-05,0.0003,0.0067887190959679865,2.7559850215911865,1.3005230226070807e-10,13.215770302384044,17.75736959172334,17.757181109062564,80749,1.2585852146148682,1.1667321920394897,0.0005270418722850918,0.1675565510857541
0.0006222874508239329,0.006747575011104345,48,True,0,0.08446082709481167,4.434967191918471e-05,0.0003,0.009957395872652208,2.7559850215911865,1.3005230226070807e-10,13.215770302384044,17.757181109062564,17.7569961040653,80750,1.2585780620574951,1.16672682762146,0.0007875251563964692,0.16738921563196163
0.0006210143910720944,0.006696006283164024,512,False,0,0.021681516717568794,4.286168385676468e-05,0.0003,0.009307568099128905,2.7559850215911865,1.3005230226070807e-10,13.215770302384044,17.7569961040653,17.75681105973132,80751,1.2585707902908325,1.1667214632034302,0.0007610947532582491,0.1672218353583684
0.000621774815954268,0.006414876319468021,512,False,0,0.02274292395631808,4.2803526338631164e-05,0.0003,0.00763762186417447,2.7559850215911865,1.3005230226070807e-10,13.215770302384044,17.71071781784068,17.710533800804978,80999,1.256669282913208,1.1653870344161987,0.0007580811765920078,0.13048457800716223
0.0006193016306497157,0.006405803374946117,48,True,0,0.08813229471529388,5.718836141842216e-05,0.0003,0.011118146894584962,2.7559850215911865,1.3005230226070807e-10,13.215770302384044,17.710533800804978,17.710351521656314,81000,1.2566620111465454,1.1653817892074585,0.001012836407913617,0.13035433210229494
0.0006223004311323166,0.006393991410732269,512,False,0,0.023402761056064883,4.168246679316902e-05,0.0003,0.00992784419875029,2.7559850215911865,1.3005230226070807e-10,13.215770302384044,17.710351521656314,17.710164671960353,81001,1.2566550970077515,1.1653763055801392,0.0007382111391967896,0.13022398179851793
0.0006226510740816593,0.006304483860731125,512,False,0,0.022565981097538202,3.343941516224825e-05,0.0003,0.006873151137861201,2.7559850215911865,1.3005230226070807e-10,13.215770302384044,17.66406302791415,17.663876598292553,81249,1.2547630071640015,1.1640537977218628,0.0005906759370425411,0.10161707768431848
0.0006234837346710265,0.006275883875787258,48,True,0,0.0686243425844914,4.6945510680833753e-05,0.0003,0.008274915690874803,2.7559850215911865,1.3005230226070807e-10,13.215770302384044,17.663876598292553,17.663686212337538,81250,1.2547556161880493,1.164048433303833,0.0008292397075100725,0.10151560307334348
0.0006229570717550814,0.006335976533591747,512,False,0,0.026708000102363683,4.173235699521013e-05,0.0003,0.008291277242055995,2.7559850215911865,1.3005230226070807e-10,13.215770302384044,17.663686212337538,17.663497150993706,81251,1.2547481060028076,1.1640431880950928,0.0007371472588646413,0.10141412093225888
0.0006232400191947818,0.006204740144312382,512,False,0,0.01952754423486234,3.3480538669099456e-05,0.0003,0.006567432407422585,2.7559850215911865,1.3005230226070807e-10,13.215770302384044,17.61780781812611,17.617622010749344,81499,1.2528612613677979,1.1627317667007446,0.0005898536959195339,0.07913617559287316
0.0006249704165384173,0.006201063748449087,48,True,0,0.072629558426948,4.9609603637152354e-05,0.0003,0.008645337130888575,2.7559850215911865,1.3005230226070807e-10,13.215770302384044,17.617622010749344,17.617434530041546,81500,1.2528527975082397,1.1627265214920044,0.000874003244982446,0.07905719629924271
0.0006237986963242292,0.006166359875351191,512,False,0,0.022617975050739925,4.539261953736415e-05,0.0003,0.008548804437564957,2.7559850215911865,1.3005230226070807e-10,13.215770302384044,17.617434530041546,17.617245805855866,81501,1.2528445720672607,1.1627212762832642,0.0007997015028465977,0.07897815725334142
0.0006252464954741299,0.0062046898528933525,512,False,0,0.01997203983496933,3.569094154374848e-05,0.0003,0.006583543670347472,2.7559850215911865,1.3005230226070807e-10,13.215770302384044,17.572065122758474,17.571882198188298,81749,1.2509688138961792,1.1614211797714233,0.0006271635490993141,0.06163065868050085
0.0006247545243240893,0.005875579081475735,48,True,0,0.0627280711363771,3.6384331447201935e-05,0.0003,0.008332329859488008,2.7559850215911865,1.3005230226070807e-10,13.215770302384044,17.571882198188298,17.57170173682338,81750,1.250961184501648,1.161415934562683,0.0006393411860500704,0.061569139728272805
0.0006246466655284166,0.00620485981926322,512,False,0,0.016645368586879244,3.833900712788095e-05,0.0003,0.008011216029466564,2.7559850215911865,1.3005230226070807e-10,13.215770302384044,17.57170173682338,17.571519654761428,81751,1.2509536743164062,1.1614108085632324,0.0006736815981370695,0.06150757588848098
0.0006255754851736128,0.006057766266167164,512,False,0,0.02039948492928407,3.10563518457484e-05,0.0003,0.0074449808068737,2.7559850215911865,1.3005230226070807e-10,13.215770302384044,17.52699648168633,17.526821280014808,81999,1.2490854263305664,1.1601219177246094,0.0005443245695344449,0.047999160855913665
0.0006256232154555619,0.006156513467431068,48,True,0,0.07712230788913152,5.0975374020029404e-05,0.0003,0.008439519453566883,2.7559850215911865,1.3005230226070807e-10,13.215770302384044,17.526821280014808,17.526642118950903,82000,1.2490770816802979,1.1601166725158691,0.0008934362701309653,0.04795138268512619
0.0006255045300349593,0.006204702891409397,512,False,0,0.021447195948233997,4.5709455969594966e-05,0.0003,0.008240400995941269,2.7559850215911865,1.3005230226070807e-10,13.215770302384044,17.526642118950903,17.526464688445355,82001,1.2490687370300293,1.1601115465164185,0.0008011332762310349,0.04790344420585307
0.0006253714673221111,0.006171290762722492,512,False,0,0.0237231726872592,4.0199430692646165e-05,0.0003,0.007220585765779485,2.7559850215911865,1.3005230226070807e-10,13.215770302384044,17.48280918659035,17.482636876421804,82249,1.247214913368225,1.1588338613510132,0.0007027989762090966,0.03738442032944605
0.0006270329467952251,0.0059987399727106094,48,True,0,0.07551937504124205,7.61384817697928e-05,0.0003,0.010557610027519797,2.7559850215911865,1.3005230226070807e-10,13.215770302384044,17.482636876421804,17.482455078681294,82250,1.2472078800201416,1.1588287353515625,0.0013311014291033487,0.037347252515867006
0.0006255112821236253,0.006065045949071646,512,False,0,0.01454825841197587,7.311586145205741e-05,0.0003,0.009972174967241948,2.7559850215911865,1.3005230226070807e-10,13.215770302384044,17.482455078681294,17.48227156056492,82251,1.247200608253479,1.1588234901428223,0.001278244763374679,0.03730990946881384
0.0006264126859605312,0.006068130489438772,512,False,0,0.024382077537168066,2.6974947209136267e-05,0.0003,0.006508183052840537,2.7559850215911865,1.3005230226070807e-10,13.215770302384044,17.439531770500576,17.439359255835324,82499,1.2453538179397583,1.1575567722320557,0.00047043044886130775,0.029118225455836536
0.0006258366629481316,0.006207342725247145,48,True,0,0.05796425387431658,4.611358983993453e-05,0.0003,0.009308778693090587,2.7559850215911865,1.3005230226070807e-10,13.215770302384044,17.439359255835324,17.439192616582016,82500,1.2453460693359375,1.157551646232605,0.0008041914597948559,0.029089206387164956
0.0006269331788644195,0.006143222562968731,512,False,0,0.022208742020868765,4.085230381191171e-05,0.0003,0.00821588907223257,2.7559850215911865,1.3005230226070807e-10,13.215770302384044,17.439192616582016,17.43902438836247,82501,1.2453383207321167,1.1575466394424438,0.0007124311950070561,0.029060136947568156
0.0006267719436436892,0.006173940375447273,512,False,0,0.02038047761281143,2.8733335505216898e-05,0.0003,0.00666349677202674,2.7559850215911865,1.3005230226070807e-10,13.215770302384044,17.397327956687775,17.39716192421261,82749,1.2435050010681152,1.1562905311584473,0.0004998832610737994,0.02268215958023138
0.0006262461538426578,0.006160793360322714,48,True,0,0.05275880623983003,3.516939684884479e-05,0.0003,0.008863273310449454,2.7559850215911865,1.3005230226070807e-10,13.215770302384044,17.39716192421261,17.396995389156928,82750,1.2434980869293213,1.1562855243682861,0.0006118476917562456,0.022659569313878563
0.0006266672862693667,0.006135548464953899,512,False,0,0.024425955921533134,3.1519684024778755e-05,0.0003,0.008182741040989054,2.7559850215911865,1.3005230226070807e-10,13.215770302384044,17.396995389156928,17.396826220953674,82751,1.2434906959533691,1.1562803983688354,0.0005483477976467593,0.022636930553678023
0.0006270748563110828,0.006086441688239574,512,False,0,0.02161629089252339,2.349455874743367e-05,0.0003,0.0065520471499103065,2.7559850215911865,1.3005230226070807e-10,13.215770302384044,17.3561661898553,17.356004836611305,82999,1.2416695356369019,1.155035376548767,0.00040777546617777735,0.017669896442788116
0.0006301701068878174,0.006226366385817528,48,True,0,0.0512797994625652,3.9651958988563016e-05,0.0003,0.00851271831993792,2.7559850215911865,1.3005230226070807e-10,13.215770302384044,17.356004836611305,17.355843308902994,83000,1.2416621446609497,1.1550304889678955,0.0006881995919866128,0.017652294607274625
0.000626793596893549,0.006131146103143692,512,False,0,0.020151287875738645,4.4799834605696134e-05,0.0003,0.007737770429135491,2.7559850215911865,1.3005230226070807e-10,13.215770302384044,17.355843308902994,17.355684450175485,83001,1.241654634475708,1.1550253629684448,0.0007775389096812321,0.017634657278180747
0.0006265674019232392,0.006130236200988293,512,False,0,0.028164605568902486,3.083674401135039e-05,0.0003,0.007289498660730868,2.7559850215911865,1.3005230226070807e-10,13.215770302384044,17.3161592266061,17.316006163827655,83249,1.2398494482040405,1.1537911891937256,0.0005339739693306355,0.01376699427394981
0.0006264075054787099,0.00599341606721282,48,True,0,0.058588220612456055,5.3347972518534314e-05,0.0003,0.009184863723465546,2.7559850215911865,1.3005230226070807e-10,13.215770302384044,17.316006163827655,17.31585361466444,83250,1.2398427724838257,1.1537861824035645,0.0009237738209586485,0.013753323382836156
0.0006276121712289751,0.006133309565484524,512,False,0,0.024500871104112476,4.2379401512416375e-05,0.0003,0.00810553891731764,2.7559850215911865,1.3005230226070807e-10,13.215770302384044,17.31585361466444,17.315700359342554,83251,1.2398358583450317,1.1537812948226929,0.0007338355128660908,0.013739594594546808
0.000627372064627707,0.006145603023469448,512,False,0,0.0235978269619696,3.500880556056669e-05,0.0003,0.006624069956380201,2.7559850215911865,1.3005230226070807e-10,13.215770302384044,17.277296757656387,17.277141795187667,83499,1.2380365133285522,1.1525572538375854,0.0006048575228010018,0.01072685480775098
0.0006258714711293578,0.006149544846266508,48,True,0,0.06240782905178904,4.734379752988903e-05,0.0003,0.008647805508234071,2.7559850215911865,1.3005230226070807e-10,13.215770302384044,17.277141795187667,17.27698673309196,83500,1.2380307912826538,1.1525523662567139,0.0008179655030465484,0.01071627151292061
0.0006266511627472937,0.006104989442974329,512,False,0,0.023364596986087272,3.557175164542127e-05,0.0003,0.008129027785124645,2.7559850215911865,1.3005230226070807e-10,13.215770302384044,17.27698673309196,17.27683503515949,83501,1.2380247116088867,1.1525473594665527,0.0006145726812507854,0.01070557544384227
0.000626583700068295,0.006202259100973606,512,False,0,0.023552390906596745,3.194447669059727e-05,0.0003,0.006069394009627958,2.7559850215911865,1.3005230226070807e-10,13.215770302384044,17.23968005459115,17.239533794739067,83749,1.2362427711486816,1.1513339281082153,0.0005507125576572417,0.008360250217890993
0.0006259309593588114,0.006334895268082619,48,True,0,0.05962725837028049,3.693536616686686e-05,0.0003,0.008838121970868631,2.7559850215911865,1.3005230226070807e-10,13.215770302384044,17.239533794739067,17.239386272688773,83750,1.2362358570098877,1.1513290405273438,0.0006367484932547631,0.008352002770739228
0.0006264261901378632,0.006162822712212801,512,False,0,0.02323063210333579,3.3093362739232785e-05,0.0003,0.007941471566786701,2.7559850215911865,1.3005230226070807e-10,13.215770302384044,17.239386272688773,17.23924051559361,83751,1.2362291812896729,1.1513241529464722,0.0005705092633238398,0.008343673247527283
0.0006270611775107682,0.006218917667865753,512,False,0,0.022951615845843938,3.7011195479368175e-05,0.0003,0.006387521774967882,2.7559850215911865,1.3005230226070807e-10,13.215770302384044,17.203289184336434,17.203148054296754,83999,1.234462022781372,1.1501209735870361,0.0006367142988895761,0.006517771817064756
0.0006263330578804016,0.0062428927049040794,48,True,0,0.04932987109056391,6.184320755970255e-05,0.0003,0.007928528907664515,2.7559850215911865,1.3005230226070807e-10,13.215770302384044,17.203148054296754,17.20300199004998,84000,1.2344530820846558,1.150116205215454,0.0010638978558021673,0.006511316570993403
0.0006269087316468358,0.00621615769341588,512,False,0,0.020063165072564886,5.3963207400062475e-05,0.0003,0.007437900283222758,2.7559850215911865,1.3005230226070807e-10,13.215770302384044,17.20300199004998,17.202857122066288,84001,1.2344443798065186,1.1501113176345825,0.0009283291642927545,0.006504817865910111
0.0006262861425057054,0.006209660321474075,512,False,0,0.027803108596008163,3.428830006748839e-05,0.0003,0.006421671283655609,2.7559850215911865,1.3005230226070807e-10,13.215770302384044,17.168107422601377,17.167970358424714,84249,1.2326951026916504,1.1489185094833374,0.0005886652188970306,0.005082516800720075
0.0006277428474277258,0.005925048142671585,48,True,0,0.06974211504355853,3.852627834825635e-05,0.0003,0.009490066357049933,2.7559850215911865,1.3005230226070807e-10,13.215770302384044,17.167970358424714,17.167832535564965,84250,1.2326871156692505,1.1489137411117554,0.0006614180047032848,0.005077583447407654
0.0006256117485463619,0.006248499732464552,512,False,0,0.02039853947516884,3.364250633713186e-05,0.0003,0.008859461994356456,2.7559850215911865,1.3005230226070807e-10,13.215770302384044,17.167832535564965,17.16769272740801,84251,1.2326797246932983,1.1489089727401733,0.0005775689148725628,0.005072518192663807
0.0006262984243221581,0.006206038407981396,512,False,0,0.01863927064901639,3.148360569319704e-05,0.0003,0.005905728251081394,2.7559850215911865,1.3005230226070807e-10,13.215770302384044,17.134160881753118,17.134030497788913,84499,1.2309421300888062,1.14772629737854,0.0005394451650849165,0.003966397518576432
0.0006248016725294292,0.006283972412347794,48,True,0,0.06405494727579654,4.035101130715265e-05,0.0003,0.007988795309177572,2.7559850215911865,1.3005230226070807e-10,13.215770302384044,17.134030497788913,17.133900941510575,84500,1.230934500694275,1.147721529006958,0.0006913754583533787,0.003962573027313813
0.0006262460956349969,0.006235132925212383,512,False,0,0.019821424841410425,3.729654469773614e-05,0.0003,0.007928616990534215,2.7559850215911865,1.3005230226070807e-10,13.215770302384044,17.133900941510575,17.133770252105897,84501,1.2309268712997437,1.147716760635376,0.0006390353023116325,0.003958623023288058
0.0006251184968277812,0.006274937652051449,512,False,0,0.023198576946369565,3.626709423940818e-05,0.0003,0.007046044173560161,2.7559850215911865,1.3005230226070807e-10,13.215770302384044,17.10148866389602,17.101365215673475,84749,1.229200839996338,1.146544337272644,0.0006202213010076876,0.0030966656386527515
0.0006251343293115497,0.006315842270851135,48,True,0,0.04881882281961432,4.0592161122734655e-05,0.0003,0.007944701848182517,2.7559850215911865,1.3005230226070807e-10,13.215770302384044,17.101365215673475,17.10124245967106,84750,1.2291936874389648,1.146539568901062,0.0006941813722533476,0.003093622275758503
0.0006257235072553158,0.006266849115490913,512,False,0,0.01855684372554356,4.371399470621905e-05,0.0003,0.007340527964073586,2.7559850215911865,1.3005230226070807e-10,13.215770302384044,17.10124245967106,17.10111914196985,84751,1.2291864156723022,1.1465349197387695,0.0007475636223518292,0.003090540628011952
0.0006248036515899003,0.006316698156297207,512,False,0,0.022523104905917767,3.573291943919532e-05,0.0003,0.008029685668540206,2.7559850215911865,1.3005230226070807e-10,13.215770302384044,17.070077553699424,17.069949094758634,84999,1.227471947669983,1.1453722715377808,0.0006099637060471578,0.0024198277709616915
0.000625464366748929,0.006364648230373859,48,True,0,0.08346185450226999,0.0001329770628490033,0.0003,0.011645539697034758,2.7559850215911865,1.3005230226070807e-10,13.215770302384044,17.069949094758634,17.069808543394675,85000,1.2274664640426636,1.1453675031661987,0.0022699116936030057,0.002417662047673672
0.0006248881109058857,0.006354092620313168,512,False,0,0.019154622083298455,9.384320270117367e-05,0.0003,0.01018831176083879,2.7559850215911865,1.3005230226070807e-10,13.215770302384044,17.069808543394675,17.06967375684768,85001,1.2274609804153442,1.1453628540039062,0.0016018855032080125,0.0024152547327444145
0.0006245425902307034,0.0064428686164319515,512,False,0,0.020628145833240616,2.4720906046673208e-05,0.0003,0.007417862974906674,2.7559850215911865,1.3005230226070807e-10,13.215770302384044,17.039890284860284,17.039773866831766,85249,1.2257628440856934,1.1442102193832397,0.0004212415267776507,0.001892755741195714
0.0006249977741390467,0.006349190603941679,48,True,0,0.07579780613628599,2.7774916384668173e-05,0.0003,0.010527903412483195,2.7559850215911865,1.3005230226070807e-10,13.215770302384044,17.039773866831766,17.03965462143434,85250,1.2257564067840576,1.1442056894302368,0.00047327829436490614,0.0018911481137064375
0.0006240346119739115,0.006328791379928589,512,False,0,0.02441841330856835,2.728332049386722e-05,0.0003,0.009618182946286101,2.7559850215911865,1.3005230226070807e-10,13.215770302384044,17.03965462143434,17.03953403819892,85251,1.2257498502731323,1.1442009210586548,0.00046489835814139885,0.0018892842106214122
0.0006236716872081161,0.006416100077331066,512,False,0,0.030674629552873603,3.3827607819282807e-05,0.0003,0.00847540368906214,2.7559850215911865,1.3005230226070807e-10,13.215770302384044,17.010840807393475,17.0107295924815,85499,1.2240608930587769,1.1430580615997314,0.0005754360515087585,0.0014826614728922615
0.0006215850589796901,0.00637398473918438,48,True,0,0.05601122969825648,3.7291774780652733e-05,0.0003,0.00832866532656766,2.7559850215911865,1.3005230226070807e-10,13.215770302384044,17.0107295924815,17.010617874832903,85500,1.2240545749664307,1.143053412437439,0.0006343602968174048,0.0014812586610386254
0.0006235624896362424,0.006480862386524677,512,False,0,0.023878108432443382,3.445558361566477e-05,0.0003,0.007934961520128358,2.7559850215911865,1.3005230226070807e-10,13.215770302384044,17.010617874832903,17.010504652077095,85501,1.2240480184555054,1.143048882484436,0.0005861107665404268,0.0014797972684340887
0.0006234364118427038,0.006472979672253132,512,False,0,0.025743731441846728,5.4898519389395576e-05,0.0003,0.007200821811540168,2.7559850215911865,1.3005230226070807e-10,13.215770302384044,16.983067003310158,16.982962066159928,85749,1.2223732471466064,1.1419157981872559,0.0009323452331726269,0.0011633520956908278
0.0006241761730052531,0.006354433950036764,48,True,0,0.08090689233747694,6.12432078520395e-05,0.0003,0.010578899027538469,2.7559850215911865,1.3005230226070807e-10,13.215770302384044,16.982962066159928,16.98286202434886,85750,1.2223666906356812,1.141911268234253,0.0010400910757611347,0.0011624527388216111
0.0006232598097994924,0.006441936828196049,512,False,0,0.01792877874279754,5.451716137727475e-05,0.0003,0.00937592003990045,2.7559850215911865,1.3005230226070807e-10,13.215770302384044,16.98286202434886,16.982760412572272,85751,1.2223600149154663,1.1419066190719604,0.0009258574296294179,0.0011613048590361523
0.0006230375729501247,0.006489554885774851,512,False,0,0.01664946466218913,3.690988589117884e-05,0.0003,0.006872158839901531,2.7559850215911865,1.3005230226070807e-10,13.215770302384044,16.95649664898265,16.95639837961262,85999,1.2207006216049194,1.1407831907272339,0.0006258623564281059,0.0009151400951915867
0.0006225852994248271,0.006324893794953823,48,True,0,0.06406423252531225,5.533645954313567e-05,0.0003,0.009521570680089998,2.7559850215911865,1.3005230226070807e-10,13.215770302384044,16.95639837961262,16.956300564215574,86000,1.2206944227218628,1.140778660774231,0.0009383070529307249,0.0009144392177635796
0.0006231637089513242,0.006493342109024525,512,False,0,0.017098138073064355,4.527464369914137e-05,0.0003,0.008499580307341499,2.7559850215911865,1.3005230226070807e-10,13.215770302384044,16.956300564215574,16.956200892644077,86001,1.2206881046295166,1.140774130821228,0.0007676904665004098,0.0009135315604407083
0.0006225880933925509,0.00650368258357048,512,False,0,0.017478193282214022,3.581250539397467e-05,0.0003,0.007950584277695178,2.7559850215911865,1.3005230226070807e-10,13.215770302384044,16.930981524685013,16.930883091820796,86249,1.2190418243408203,1.1396598815917969,0.0006063408671780676,0.000722665951306331
0.0006222724914550781,0.006629209965467453,48,True,0,0.06781156814988343,4.7010848670492096e-05,0.0003,0.008215557054597233,2.7559850215911865,1.3005230226070807e-10,13.215770302384044,16.930883091820796,16.930787803464487,86250,1.219035267829895,1.1396554708480835,0.0007959351828873808,0.000722132096481743
0.0006221936782822013,0.006476707756519318,512,False,0,0.023900474091259786,4.794925166234368e-05,0.0003,0.007811794025400713,2.7559850215911865,1.3005230226070807e-10,13.215770302384044,16.930787803464487,16.930691619272306,86251,1.2190284729003906,1.1396509408950806,0.0008118186052300577,0.000721442858025497
0.0006212929147295654,0.006545642390847206,512,False,0,0.021724634815274153,2.827632861302421e-05,0.0003,0.006693978926856918,2.7559850215911865,1.3005230226070807e-10,13.215770302384044,16.906605792042047,16.906510947833734,86499,1.2173981666564941,1.138546347618103,0.00047805674110663936,0.0005718338532844204
0.000622247694991529,0.006408358924090862,48,True,0,0.053175600303779734,3.1300689958603666e-05,0.0003,0.008177018700366188,2.7559850215911865,1.3005230226070807e-10,13.215770302384044,16.906510947833734,16.906416127017785,86500,1.2173916101455688,1.1385418176651,0.0005291854574598823,0.0005713709517218325
0.0006213636370375752,0.006557047367095947,512,False,0,0.019794603092267264,3.499435386186153e-05,0.0003,0.0076862835756525095,2.7559850215911865,1.3005230226070807e-10,13.215770302384044,16.906416127017785,16.906318941821624,86501,1.2173850536346436,1.1385374069213867,0.0005916291084847429,0.0005708138432710454
0.0006207300466485322,0.006583076901733875,512,False,0,0.029731134964293793,2.2139991410593038e-05,0.0003,0.006895952646417236,2.7559850215911865,1.3005230226070807e-10,13.215770302384044,16.883287467388097,16.88319504100121,86749,1.2157660722732544,1.1374422311782837,0.00037379583951054556,0.00045464622874161014
0.0006230543367564678,0.00647539459168911,48,True,0,0.05469242282513725,3.620262359392379e-05,0.0003,0.008781882781096118,2.7559850215911865,1.3005230226070807e-10,13.215770302384044,16.88319504100121,16.883103224277658,86750,1.21575927734375,1.1374378204345703,0.0006112159551321675,0.00045429646734016643
0.0006208812701515853,0.00661331694573164,512,False,0,0.024002820736406357,3.620695692759002e-05,0.0003,0.0077647998279362545,2.7559850215911865,1.3005230226070807e-10,13.215770302384044,16.883103224277658,16.883015373289226,86751,1.2157528400421143,1.137433409690857,0.0006112857912454774,0.00045386970218838543
0.000620498729404062,0.0066047552973032,512,False,0,0.0241972935599986,2.281333406752539e-05,0.0003,0.007651538084605687,2.7559850215911865,1.3005230226070807e-10,13.215770302384044,16.861028344051395,16.86094214846231,86999,1.2141497135162354,1.1363475322723389,0.00038465627233485886,0.0003635295362237623
0.0006180134369060397,0.006684934254735708,48,True,0,0.05413990296129804,3.436612065978693e-05,0.0003,0.008493457487718289,2.7559850215911865,1.3005230226070807e-10,13.215770302384044,16.86094214846231,16.86085697583695,87000,1.21414315700531,1.1363431215286255,0.0005794451723117428,0.00036324817503993864
0.000620252569206059,0.006582027766853571,512,False,0,0.022521254075129456,3.07350181226119e-05,0.0003,0.007351065481957423,2.7559850215911865,1.3005230226070807e-10,13.215770302384044,16.86085697583695,16.86077064346932,87001,1.2141363620758057,1.136338710784912,0.0005182187447151159,0.0003629087902507326
0.0006195086752995849,0.006697188131511211,512,False,0,0.025832761397344983,4.500400287119923e-05,0.0003,0.008236604264121006,2.7559850215911865,1.3005230226070807e-10,13.215770302384044,16.839774059642824,16.839698354634383,87249,1.212544322013855,1.1352620124816895,0.000757857240130512,0.0002960126481558171
0.0006208255654200912,0.006700062192976475,48,True,0,0.07796191563305656,4.0594004617099534e-05,0.0003,0.012654688072777148,2.7559850215911865,1.3005230226070807e-10,13.215770302384044,16.839698354634383,16.839622116615654,87250,1.212538719177246,1.1352577209472656,0.0006835907927585915,0.0002961302174134565
0.0006192178116180003,0.006622064858675003,512,False,0,0.03555083819641444,3.498234275847067e-05,0.0003,0.010520015199657035,2.7559850215911865,1.3005230226070807e-10,13.215770302384044,16.839622116615654,16.83953992028167,87251,1.2125329971313477,1.1352533102035522,0.0005890894328065723,0.0002958995802069839
0.0006180893396958709,0.00673263892531395,512,False,0,0.01829992261766649,2.6664185748590656e-05,0.0003,0.006154424882247642,2.7559850215911865,1.3005230226070807e-10,13.215770302384044,16.819520918891183,16.819438333215114,87499,1.2109565734863281,1.134185552597046,0.0004484788299836207,0.00024332178069006832
0.0006208106642588973,0.006686081178486347,48,True,0,0.07146523664516943,6.21325350995317e-05,0.0003,0.009897078977552536,2.7559850215911865,1.3005230226070807e-10,13.215770302384044,16.819438333215114,16.81934849355703,87500,1.2109496593475342,1.134181261062622,0.001045034342592897,0.00024331603778867696
0.0006187007529661059,0.006653889082372189,512,False,0,0.02336915314244686,4.4575019965132736e-05,0.0003,0.009495801872246495,2.7559850215911865,1.3005230226070807e-10,13.215770302384044,16.81934849355703,16.819261562487153,87501,1.2109429836273193,1.1341770887374878,0.0007497227949008298,0.00024310636330893333
0.0006179983029142022,0.006627351976931095,512,False,0,0.03243863038166593,2.1432387850525043e-05,0.0003,0.0068049967555656446,2.7559850215911865,1.3005230226070807e-10,13.215770302384044,16.800186155504196,16.80010954641927,87749,1.2093799114227295,1.1331183910369873,0.00036006810564578716,0.00020105569488591726
0.00061935861594975,0.00641185138374567,48,True,0,0.06375521138749568,4.2392332528535506e-05,0.0003,0.009564899021491295,2.7559850215911865,1.3005230226070807e-10,13.215770302384044,16.80010954641927,16.80003505763294,87750,1.2093755006790161,1.133114218711853,0.0007121958304076296,0.00020098304878318684
0.00061755848582834,0.006730131804943085,512,False,0,0.02211716077255341,3.9955434980030754e-05,0.0003,0.008262762637472653,2.7559850215911865,1.3005230226070807e-10,13.215770302384044,16.80003505763294,16.799958178959503,87751,1.209370732307434,1.1331098079681396,0.0006712527084074901,0.00020080573036839063
0.0006167995161376894,0.006786665879189968,512,False,0,0.029972524259739192,2.7120939564510163e-05,0.0003,0.009863092552691636,2.7559850215911865,1.3005230226070807e-10,13.215770302384044,16.78174964883377,16.781678999808612,87999,1.2078168392181396,1.1320600509643555,0.0004551368180127603,0.0001705529868142868
0.0006172440480440855,0.006725023500621319,48,True,0,0.11719145195494714,3.0441376322424424e-05,0.0003,0.00993022089814208,2.7559850215911865,1.3005230226070807e-10,13.215770302384044,16.781678999808612,16.781607740326187,88000,1.2078100442886353,1.1320558786392212,0.0005108574057553011,0.00017141679792455244
0.0006173993460834026,0.006727167405188084,512,False,0,0.03634331246309452,2.7855110468053748e-05,0.0003,0.009207488137032652,2.7559850215911865,1.3005230226070807e-10,13.215770302384044,16.781607740326187,16.781535153563368,88001,1.2078036069869995,1.132051706314087,0.0004674535374383318,0.00017133182512407078
0.0006162740755826235,0.006799790076911449,512,False,0,0.024410385521494365,2.5362667910099236e-05,0.0003,0.006931132572447168,2.7559850215911865,1.3005230226070807e-10,13.215770302384044,16.764265864426413,16.764196424111656,88249,1.2062695026397705,1.131010890007019,0.0004251865078760598,0.00014504370342733052
0.0006161494529806077,0.006962786428630352,48,True,0,0.05247325350187964,3.713030537353322e-05,0.0003,0.008618240247564302,2.7559850215911865,1.3005230226070807e-10,13.215770302384044,16.764196424111656,16.764129865170652,88250,1.2062633037567139,1.1310067176818848,0.0006224597325691594,0.00014500658521085944
0.000616172852460295,0.006744503974914551,512,False,0,0.02652864042827427,3.4187107840308775e-05,0.0003,0.008064291111293385,2.7559850215911865,1.3005230226070807e-10,13.215770302384044,16.764129865170652,16.764063451936856,88251,1.2062572240829468,1.131002426147461,0.0005731171155495301,0.00014490047759385755
0.0006155059672892094,0.0067657651379704475,512,False,0,0.020443846625177727,2.6284521109077355e-05,0.0003,0.006801454762691948,2.7559850215911865,1.3005230226070807e-10,13.215770302384044,16.747670459372088,16.74760401037684,88499,1.204732060432434,1.1299703121185303,0.0004402044977172369,0.00012582049377623308
0.000614047225099057,0.006722151301801205,48,True,0,0.044927088836635605,3.6319998500903944e-05,0.0003,0.007894620850944131,2.7559850215911865,1.3005230226070807e-10,13.215770302384044,16.74760401037684,16.747541949121306,88500,1.2047266960144043,1.129966139793396,0.0006082729525506197,0.000125767723420413
0.0006146848318167031,0.006805066019296646,512,False,0,0.023833354245280675,4.1647968472919424e-05,0.0003,0.007559716676750358,2.7559850215911865,1.3005230226070807e-10,13.215770302384044,16.747541949121306,16.747483000685612,88501,1.2047213315963745,1.1299620866775513,0.0006975010990958997,0.00012567532978318034
0.0006145365769043565,0.006818060763180256,512,False,0,0.021042466185800936,2.8196677256740573e-05,0.0003,0.007003570002253322,2.7559850215911865,1.3005230226070807e-10,13.215770302384044,16.731870214806094,16.73181016917487,88749,1.2032102346420288,1.1289385557174683,0.000471783144348558,0.00011183757970343432
0.000612726784311235,0.006922920234501362,48,True,0,0.05273139575886364,2.935322969716e-05,0.0003,0.008056326227627272,2.7559850215911865,1.3005230226070807e-10,13.215770302384044,16.73181016917487,16.731746522410457,88750,1.2032043933868408,1.1289345026016235,0.0004911326671450675,0.0001118220817137148
0.0006137331365607679,0.006820164155215025,512,False,0,0.02798963589984022,3.807780008729661e-05,0.0003,0.0076955805290779365,2.7559850215911865,1.3005230226070807e-10,13.215770302384044,16.731746522410457,16.731681109576414,88751,1.2031983137130737,1.1289303302764893,0.0006371080991916657,0.00011175359420396193
0.0006138921016827226,0.006837155669927597,512,False,0,0.02686971778693151,2.4365167646036716e-05,0.0003,0.007468312955795627,2.7559850215911865,1.3005230226070807e-10,13.215770302384044,16.71678763862009,16.71673081817077,88999,1.2017022371292114,1.1279155015945435,0.00040730733331817274,0.00010149492618135286
0.0006101132603362203,0.006480518728494644,48,True,0,0.055696155245444245,2.6564686126122377e-05,0.0003,0.008922596513260949,2.7559850215911865,1.3005230226070807e-10,13.215770302384044,16.71673081817077,16.716673883810476,89000,1.2016961574554443,1.1279114484786987,0.00044407470723958344,0.00010155421914353765
0.0006130969850346446,0.006853875238448381,512,False,0,0.01775181035487375,2.710978292870594e-05,0.0003,0.00808683291219187,2.7559850215911865,1.3005230226070807e-10,13.215770302384044,16.716673883810476,16.7166157140245,89001,1.2016898393630981,1.1279072761535645,0.00045318540028006966,0.00010146286823666412
0.000613387324847281,0.0068717529065907,512,False,0,0.021530854832330207,2.8221373468279478e-05,0.0003,0.006461190185535726,2.7559850215911865,1.3005230226070807e-10,13.215770302384044,16.702496821182425,16.702444825099047,89249,1.2002053260803223,1.1269009113311768,0.00047136740064334,9.165068480350219e-05
0.0006133075803518295,0.0068626245483756065,48,True,0,0.061082587542367325,3.671277316463173e-05,0.0003,0.008813030083344046,2.7559850215911865,1.3005230226070807e-10,13.215770302384044,16.702444825099047,16.702390291652872,89250,1.200199842453003,1.1268969774246216,0.0006131930681586384,9.171550090855246e-05
0.0006130818510428071,0.006833641789853573,512,False,0,0.02002357841783273,3.155204343703232e-05,0.0003,0.008248461133421309,2.7559850215911865,1.3005230226070807e-10,13.215770302384044,16.702390291652872,16.702335983741865,89251,1.2001941204071045,1.1268929243087769,0.0005269945439844983,9.164130893945313e-05
0.0006120970938354731,0.006865548901259899,512,False,0,0.027165187098108046,2.3259875215869778e-05,0.0003,0.006029103860168892,2.7559850215911865,1.3005230226070807e-10,13.215770302384044,16.68891714371721,16.688866774862515,89499,1.1987239122390747,1.1258949041366577,0.00038818213025085214,8.512463579394887e-05
0.0006112674018368125,0.006966673769056797,48,True,0,0.050131281544532065,3.126557099693224e-05,0.0003,0.007513847242676835,2.7559850215911865,1.3005230226070807e-10,13.215770302384044,16.688866774862515,16.688813949793126,89500,1.1987184286117554,1.1258909702301025,0.0005217869490078074,8.5141817089001e-05
0.0006109410896897316,0.00696009024977684,512,False,0,0.022212941194032918,3.361204215402714e-05,0.0003,0.006971570794992087,2.7559850215911865,1.3005230226070807e-10,13.215770302384044,16.688813949793126,16.68876017054964,89501,1.198712706565857,1.1258869171142578,0.0005609451179811627,8.508444717934748e-05
0.0006110469694249332,0.006878009531646967,512,False,0,0.01972444829637607,3.230854270412175e-05,0.0003,0.006670685045923765,2.7559850215911865,1.3005230226070807e-10,13.215770302384044,16.67606489134771,16.67601843615799,89749,1.197252869606018,1.1248974800109863,0.000538779354678813,8.175944925361815e-05
0.0006091353134252131,0.006840927060693502,48,True,0,0.06541581245709577,4.487891182103658e-05,0.0003,0.00791345770796292,2.7559850215911865,1.3005230226070807e-10,13.215770302384044,16.67601843615799,16.67597362905878,89750,1.1972477436065674,1.1248935461044312,0.0007484015609223148,8.191711238312668e-05
0.0006106260698288679,0.006924713030457497,512,False,0,0.02850329098578121,3.4296752342385404e-05,0.0003,0.007253600845562298,2.7559850215911865,1.3005230226070807e-10,13.215770302384044,16.67597362905878,16.67592009456567,89751,1.197242021560669,1.1248894929885864,0.000571931737623979,8.187296509829665e-05
0.0006095800781622529,0.006929549388587475,512,False,0,0.021932153262693554,2.431714641443379e-05,0.0003,0.006663568763078296,2.7559850215911865,1.3005230226070807e-10,13.215770302384044,16.663922367464057,16.663877120312677,89999,1.1957941055297852,1.123908281326294,0.0004052190400483816,7.762033502881561e-05
0.0006097930599935353,0.006649920716881752,48,True,0,0.06654431041500887,3.548906862741286e-05,0.0003,0.008571223814776445,2.7559850215911865,1.3005230226070807e-10,13.215770302384044,16.663877120312677,16.663827836349036,90000,1.1957871913909912,1.1239043474197388,0.0005913854787215516,7.780193163407138e-05
0.0006094872951507568,0.006906244903802872,512,False,0,0.017389317007461554,3.8358951212189806e-05,0.0003,0.008144996216485708,2.7559850215911865,1.3005230226070807e-10,13.215770302384044,16.663827836349036,16.66377692795218,90001,1.195780634880066,1.1239004135131836,0.000639206958982843,7.773626380246622e-05
0.0006094258278608322,0.006902720779180527,512,False,0,0.020010977287103517,2.6023044725373844e-05,0.0003,0.007502929843498591,2.7559850215911865,1.3005230226070807e-10,13.215770302384044,16.6524180051726,16.652369244760195,90249,1.1943479776382446,1.1229274272918701,0.00043334661853422724,7.587055351906372e-05
0.0006104408530518413,0.007033700123429298,48,True,0,0.07009525920700523,3.208994723382553e-05,0.0003,0.009619869089359976,2.7559850215911865,1.3005230226070807e-10,13.215770302384044,16.652369244760195,16.65232441454405,90250,1.194341778755188,1.1229236125946045,0.0005343736503825338,7.604080922844281e-05
0.000609066803008318,0.00695063266903162,512,False,0,0.03142599707031497,2.930967161145058e-05,0.0003,0.00877507485915254,2.7559850215911865,1.3005230226070807e-10,13.215770302384044,16.65232441454405,16.65227953163916,90251,1.1943355798721313,1.1229196786880493,0.00048807416015762714,7.602865288526558e-05
0.0006075357086956501,0.006983160972595215,512,False,0,0.018349901384628612,3.1312449487995524e-05,0.0003,0.007119513083433701,2.7559850215911865,1.3005230226070807e-10,13.215770302384044,16.641508117718114,16.641467242460372,90499,1.192912220954895,1.1219547986984253,0.000521086382340116,7.743881889964231e-05
0.0006127168890088797,0.006763654761016369,48,True,0,0.05523880581235655,4.2371987561400154e-05,0.0003,0.007862929930671432,2.7559850215911865,1.3005230226070807e-10,13.215770302384044,16.641467242460372,16.641418105967603,90500,1.1929066181182861,1.1219509840011597,0.000705132043000979,7.750236338013762e-05
0.0006076043355278671,0.00697932206094265,512,False,0,0.027777609946423726,3.944708243331186e-05,0.0003,0.007522165236017151,2.7559850215911865,1.3005230226070807e-10,13.215770302384044,16.641418105967603,16.641369935780688,90501,1.1929007768630981,1.1219470500946045,0.0006564553918333126,7.747315542451975e-05
0.0006071203388273716,0.006966679822653532,512,False,0,0.030066649962786848,2.5401676253526904e-05,0.0003,0.006830020809054704,2.7559850215911865,1.3005230226070807e-10,13.215770302384044,16.631179600436234,16.631137209839626,90749,1.1914926767349243,1.1209901571273804,0.0004224598399245421,7.643499609928707e-05
0.0006057076388970017,0.007053571753203869,48,True,0,0.0414946628738554,2.829521073839968e-05,0.0003,0.008312067313564889,2.7559850215911865,1.3005230226070807e-10,13.215770302384044,16.631137209839626,16.631099261448618,90750,1.1914870738983154,1.1209863424301147,0.0004705815321716527,7.643781525749832e-05
0.0006086630746722221,0.006927157752215862,512,False,0,0.02596326884920407,3.27094512119486e-05,0.0003,0.007862159976071073,2.7559850215911865,1.3005230226070807e-10,13.215770302384044,16.631099261448618,16.631064436712673,90751,1.1914818286895752,1.1209825277328491,0.000543994129893428,7.639868652626175e-05
0.0006063443142920732,0.006995768751949072,512,False,0,0.023133146256327113,2.0457941049476585e-05,0.0003,0.0068000188626274015,2.7559850215911865,1.3005230226070807e-10,13.215770302384044,16.621406530165434,16.62136988095762,90999,1.1900835037231445,1.120033621788025,0.0003400397549535096,7.395107827806911e-05
0.0006057051359675825,0.0071909381076693535,48,True,0,0.06727343239835033,2.9367791908834083e-05,0.0003,0.00993709838224874,2.7559850215911865,1.3005230226070807e-10,13.215770302384044,16.62136988095762,16.62133145837936,91000,1.1900776624679565,1.1200298070907593,0.0004881329319037257,7.41031247195237e-05
0.0006064399494789541,0.0069955866783857346,512,False,0,0.02223689652337246,2.6489671411068334e-05,0.0003,0.009275398819741144,2.7559850215911865,1.3005230226070807e-10,13.215770302384044,16.62133145837936,16.62129515253963,91001,1.190071940422058,1.1200261116027832,0.00044029360874692247,7.405182764329793e-05
0.0006052346434444189,0.006939325015991926,512,False,0,0.030890997625208312,3.2041237633339344e-05,0.0003,0.006774963518956411,2.7559850215911865,1.3005230226070807e-10,13.215770302384044,16.612293819007117,16.61225374726285,91249,1.1886851787567139,1.1190851926803589,0.0005322784538896614,7.276198557120772e-05
0.0006079191225580871,0.007030162028968334,48,True,0,0.0593943405284943,3.3474494583926024e-05,0.0003,0.008939758418813396,2.7559850215911865,1.3005230226070807e-10,13.215770302384044,16.61225374726285,16.61221992218343,91250,1.1886801719665527,1.1190813779830933,0.0005560867980895552,7.283979542965445e-05
0.0006043664761818945,0.0069770412519574165,512,False,0,0.021892865123960364,3.1594122815495224e-05,0.0003,0.008344659655575922,2.7559850215911865,1.3005230226070807e-10,13.215770302384044,16.61221992218343,16.61218387527652,91251,1.1886754035949707,1.1190775632858276,0.0005248485164594799,7.278842771693474e-05
0.0006043092580512166,0.006990380119532347,512,False,0,0.023033670609348602,2.303614036593115e-05,0.0003,0.008265661957194583,2.7559850215911865,1.3005230226070807e-10,13.215770302384044,16.603577136039036,16.60354111803979,91499,1.1873005628585815,1.1181443929672241,0.00038248233348236034,7.345844120219908e-05
0.0006027987110428512,0.007185684517025948,48,True,0,0.045731164313405646,2.814495708591997e-05,0.0003,0.008192422256049454,2.7559850215911865,1.3005230226070807e-10,13.215770302384044,16.60354111803979,16.6035077960712,91500,1.1872950792312622,1.118140697479248,0.0004673059522415376,7.347072744790824e-05
0.0006040614098310471,0.007002030499279499,512,False,0,0.03336036466366581,2.6370546936126177e-05,0.0003,0.00715212578113782,2.7559850215911865,1.3005230226070807e-10,13.215770302384044,16.6035077960712,16.60347464761734,91501,1.1872895956039429,1.1181368827819824,0.00043784358164063246,7.346529071755996e-05
0.0006032502860762179,0.007025160826742649,512,False,0,0.025097964969712897,2.2419720303510397e-05,0.0003,0.007393128533745439,2.7559850215911865,1.3005230226070807e-10,13.215770302384044,16.595368166164402,16.59533352844458,91749,1.1859256029129028,1.1172114610671997,0.00037206351261918615,7.574887279689705e-05
0.0006019349675625563,0.007001982536166906,48,True,0,0.0655013452498197,3.827185235422729e-05,0.0003,0.008778766840029376,2.7559850215911865,1.3005230226070807e-10,13.215770302384044,16.59533352844458,16.595295259738307,91750,1.1859196424484253,1.1172077655792236,0.0006351341545697888,7.586591696840067e-05
0.0006037940038368106,0.006986510008573532,512,False,0,0.03078226093546172,3.0058841717439583e-05,0.0003,0.00887651419307752,2.7559850215911865,1.3005230226070807e-10,13.215770302384044,16.595295259738307,16.595262403595115,91751,1.1859139204025269,1.1172040700912476,0.0004988353534666492,7.585684266748393e-05
0.0006025691982358694,0.007102671079337597,512,False,0,0.031547465848852596,2.5344927074422736e-05,0.0003,0.007357228948806159,2.7559850215911865,1.3005230226070807e-10,13.215770302384044,16.587677149608332,16.587646506343912,91999,1.184563398361206,1.1162863969802856,0.00042041346769089156,7.426890947755432e-05
0.0006034489488229156,0.0071647269651293755,48,True,0,0.0582433869806502,2.7464005351202706e-05,0.0003,0.009207314385168532,2.7559850215911865,1.3005230226070807e-10,13.215770302384044,16.587646506343912,16.587616691046925,92000,1.1845577955245972,1.1162827014923096,0.0004555632124140881,7.435308510789213e-05
0.0006018688436597586,0.007073256187140942,512,False,0,0.03406842064537191,2.8257793459063282e-05,0.0003,0.009113340478611695,2.7559850215911865,1.3005230226070807e-10,13.215770302384044,16.587616691046925,16.58758862612538,92001,1.1845524311065674,1.116279125213623,0.00046872944643371473,7.436821488239887e-05
0.0006025254260748625,0.007043731398880482,512,False,0,0.01932919167522261,2.572776031452792e-05,0.0003,0.00633289918478863,2.7559850215911865,1.3005230226070807e-10,13.215770302384044,16.580428713342812,16.580398353234123,92249,1.1832131147384644,1.115369200706482,0.0004265772958490004,7.433300496145918e-05
0.000602004467509687,0.006872180849313736,48,True,0,0.047315825096390145,3.431657190114037e-05,0.0003,0.008357343378678168,2.7559850215911865,1.3005230226070807e-10,13.215770302384044,16.580398353234123,16.580367054546205,92250,1.1832081079483032,1.1153655052185059,0.0005689824322383082,7.433023011250807e-05
0.0006020023138262331,0.007047782652080059,512,False,0,0.03579441983584868,3.415538361732699e-05,0.0003,0.007300547129906029,2.7559850215911865,1.3005230226070807e-10,13.215770302384044,16.580367054546205,16.580332948353167,92251,1.1832027435302734,1.1153618097305298,0.0005663087972641157,7.43205602853739e-05
0.0006012496305629611,0.007098346017301083,512,False,0,0.03300482303669732,2.1102122271382894e-05,0.0003,0.0073026956625568355,2.7559850215911865,1.3005230226070807e-10,13.215770302384044,16.573598081951,16.573572790647493,92499,1.181873083114624,1.1144592761993408,0.00034973809320208704,7.645223144158254e-05
0.0006001925794407725,0.007054271176457405,48,True,0,0.06424191837424878,3.402279110041269e-05,0.0003,0.007224497637625776,2.7559850215911865,1.3005230226070807e-10,13.215770302384044,16.573572790647493,16.57354344066455,92500,1.1818675994873047,1.1144555807113647,0.0005638792048436835,7.6672580084727e-05
0.0006003520684316754,0.0070297326892614365,512,False,0,0.02883490210874093,2.9451520802469672e-05,0.0003,0.007713168210638867,2.7559850215911865,1.3005230226070807e-10,13.215770302384044,16.57354344066455,16.57351716635768,92501,1.1818621158599854,1.1144520044326782,0.0004881160594133668,7.66475187843675e-05
0.000599945371504873,0.007071560714393854,512,False,0,0.02098646503369804,2.146260957849174e-05,0.0003,0.007734245882194993,2.7559850215911865,1.3005230226070807e-10,13.215770302384044,16.567170065163374,16.56714295309123,92749,1.1805473566055298,1.11355721950531,0.0003555747029290771,7.547536254759262e-05
0.0005996316322125494,0.007253221236169338,48,True,0,0.07901682668130915,3.221568649184806e-05,0.0003,0.009688898895975018,2.7559850215911865,1.3005230226070807e-10,13.215770302384044,16.56714295309123,16.567116511737176,92750,1.1805421113967896,1.113553524017334,0.0005337218834424169,7.572300329597212e-05
0.0005997463595122099,0.007078656926751137,512,False,0,0.026529888039890388,2.8397761674620557e-05,0.0003,0.008739303395111862,2.7559850215911865,1.3005230226070807e-10,13.215770302384044,16.567116511737176,16.567092721527324,92751,1.1805369853973389,1.1135499477386475,0.0004704690263359834,7.569329472359736e-05
0.0005993983359076083,0.007015378214418888,512,False,0,0.030332170079446212,2.3425067252687597e-05,0.0003,0.007479697630011467,2.7559850215911865,1.3005230226070807e-10,13.215770302384044,16.561127635164993,16.56110353538827,92999,1.1792292594909668,1.112662434577942,0.00038794552863408307,7.81747985610462e-05
0.0005989093915559351,0.007123907562345266,48,True,0,0.05345516778207854,3.052643082233677e-05,0.0003,0.009413204386577662,2.7559850215911865,1.3005230226070807e-10,13.215770302384044,16.56110353538827,16.56108112493101,93000,1.1792241334915161,1.1126588582992554,0.0005055513814145869,7.82691860959602e-05
0.0005993284285068512,0.007009486667811871,512,False,0,0.027442214584470645,2.8980891448216714e-05,0.0003,0.007772050984438739,2.7559850215911865,1.3005230226070807e-10,13.215770302384044,16.56108112493101,16.56106175074417,93001,1.179219126701355,1.1126552820205688,0.00047995489434673636,7.823525392336888e-05
0.00059774040710181,0.007002261467278004,512,False,0,0.03456134772269499,2.97295777676583e-05,0.0003,0.008501244573201068,2.7559850215911865,1.3005230226070807e-10,13.215770302384044,16.555500642072033,16.55548315117077,93249,1.1779261827468872,1.1117751598358154,0.0004921880438209975,8.334042434788605e-05
0.0005960897542536259,0.007065347861498594,48,True,0,0.09773964212937061,3.1793717529311485e-05,0.0003,0.012656954107306507,2.7559850215911865,1.3005230226070807e-10,13.215770302384044,16.55548315117077,16.555460357794914,93250,1.1779206991195679,1.111771583557129,0.000526360354869599,8.388742961874434e-05
0.0005990236531943083,0.007046248763799667,512,False,0,0.0413351658576985,2.79370397710936e-05,0.0003,0.01157859454642411,2.7559850215911865,1.3005230226070807e-10,13.215770302384044,16.555460357794914,16.55543896975282,93251,1.1779154539108276,1.111768126487732,0.00046251055444448003,8.393449924827734e-05
0.000598240876570344,0.0071121458895504475,512,False,0,0.03708835298234126,2.254353527830086e-05,0.0003,0.007427697659138234,2.7559850215911865,1.3005230226070807e-10,13.215770302384044,16.550171950108208,16.550150644215922,93499,1.176633596420288,1.1108951568603516,0.0003730993852192098,8.074811839364545e-05
0.0005968443001620471,0.007009327411651611,48,True,0,0.07820264809589163,4.5858717970631305e-05,0.0003,0.010512425967368707,2.7559850215911865,1.3005230226070807e-10,13.215770302384044,16.550150644215922,16.550122401409045,93500,1.1766277551651,1.1108916997909546,0.00075896869076456,8.100512596898968e-05
0.0005961229326203465,0.007131058722734451,512,False,0,0.02755734607700702,3.115878390617173e-05,0.0003,0.01009052426099288,2.7559850215911865,1.3005230226070807e-10,13.215770302384044,16.550122401409045,16.55010132327516,93501,1.1766222715377808,1.1108882427215576,0.0005156816875261963,8.09633632918683e-05
0.0005954602384008467,0.007057561539113522,512,False,0,0.0271719361867324,2.269507277518506e-05,0.0003,0.006709996279150784,2.7559850215911865,1.3005230226070807e-10,13.215770302384044,16.545197604998492,16.54518114847382,93749,1.175351858139038,1.1100225448608398,0.00037549446372525837,7.936612777874723e-05
0.0005993461818434298,0.006975464057177305,48,True,0,0.04498240287689627,3.175952486256755e-05,0.0003,0.008344784520605244,2.7559850215911865,1.3005230226070807e-10,13.215770302384044,16.54518114847382,16.545164250215038,93750,1.175346851348877,1.1100192070007324,0.0005254670920406382,7.935980351115842e-05
0.0005966334720142186,0.0070938896387815475,512,False,0,0.020548904169668,2.6172612471314814e-05,0.0003,0.007889480753612907,2.7559850215911865,1.3005230226070807e-10,13.215770302384044,16.545164250215038,16.545146297436133,93751,1.1753418445587158,1.1100157499313354,0.0004330301721951301,7.929820496986622e-05
0.000594788696616888,0.0070917182601988316,512,False,0,0.027260848775997097,2.295092430401132e-05,0.0003,0.007249523899558666,2.7559850215911865,1.3005230226070807e-10,13.215770302384044,16.540558190356908,16.5405395185638,93999,1.1740835905075073,1.1091572046279907,0.00037962109897297583,8.038186319643642e-05
0.0005969187477603555,0.007247415836900473,48,True,0,0.06831007331294905,3.273338671038367e-05,0.0003,0.009482613090303649,2.7559850215911865,1.3005230226070807e-10,13.215770302384044,16.5405395185638,16.540521024908173,94000,1.1740790605545044,1.1091537475585938,0.0005414278764595323,8.056678499529982e-05
0.0005955523811280727,0.007058475166559219,512,False,0,0.028158041892409263,2.7914505607665874e-05,0.0003,0.008513044348804481,2.7559850215911865,1.3005230226070807e-10,13.215770302384044,16.540521024908173,16.540503370917612,94001,1.1740741729736328,1.1091502904891968,0.0004617204669035145,8.053470089158933e-05
0.0005945059820078313,0.007130450569093227,512,False,0,0.0355897715744801,2.1316702062404472e-05,0.0003,0.008586834044823228,2.7559850215911865,1.3005230226070807e-10,13.215770302384044,16.536253554151866,16.536237244540796,94249,1.1728218793869019,1.1082987785339355,0.0003524983902422324,8.322813730728331e-05
0.0005951441125944257,0.0070331948809325695,48,True,0,0.07121390210088623,3.070983899319206e-05,0.0003,0.009637463910703482,2.7559850215911865,1.3005230226070807e-10,13.215770302384044,16.536237244540796,16.53622216096387,94250,1.172817349433899,1.1082953214645386,0.0005078251833330738,8.346329966585167e-05
0.0005940240807831287,0.007088623475283384,512,False,0,0.02786397983871216,2.9660250398855822e-05,0.0003,0.008031826191449045,2.7559850215911865,1.3005230226070807e-10,13.215770302384044,16.53622216096387,16.53620348718644,94251,1.1728124618530273,1.1082919836044312,0.0004904684899452971,8.341977508908773e-05
0.0005932612693868577,0.007073370739817619,512,False,0,0.029240629442663636,3.523577055366477e-05,0.0003,0.006273663920353613,2.7559850215911865,1.3005230226070807e-10,13.215770302384044,16.532220236854982,16.53220841988896,94499,1.1715731620788574,1.1074475049972534,0.0005825255190084756,8.750110875936568e-05
0.0005942059215158224,0.007192462682723999,48,True,0,0.063475809488836,3.640617469193236e-05,0.0003,0.008733174950885615,2.7559850215911865,1.3005230226070807e-10,13.215770302384044,16.53220841988896,16.532191509214545,94500,1.1715682744979858,1.1074440479278564,0.0006018744677779125,8.760715528041386e-05
0.0005932542844675481,0.007067265920341015,512,False,0,0.03983373373543864,2.955717177094878e-05,0.0003,0.009384412738768524,2.7559850215911865,1.3005230226070807e-10,13.215770302384044,16.532191509214545,16.53217425285571,94501,1.1715630292892456,1.107440710067749,0.0004886448241880753,8.761711707681051e-05
0.0005929608596488833,0.007095060311257839,512,False,0,0.028059142508155003,2.3197779556716954e-05,0.0003,0.006394909742463511,2.7559850215911865,1.3005230226070807e-10,13.215770302384044,16.528467707051114,16.528449662706553,94749,1.1703345775604248,1.1066032648086548,0.00038342375027848667,8.794673580269338e-05
0.0005907111335545778,0.007237208541482687,48,True,0,0.08803944175430839,3.397537746253357e-05,0.0003,0.01045326243887719,2.7559850215911865,1.3005230226070807e-10,13.215770302384044,16.528449662706553,16.52843461452673,94750,1.1703300476074219,1.1065999269485474,0.0005615603161609409,8.836863831421902e-05
0.0005927102756686509,0.007088462356477976,512,False,0,0.04072130560630582,3.0321696949282466e-05,0.0003,0.008457984226251866,2.7559850215911865,1.3005230226070807e-10,13.215770302384044,16.52843461452673,16.52842246283563,94751,1.1703253984451294,1.1065964698791504,0.0005011701854277099,8.839740405800816e-05
0.0005913610802963376,0.007129729259759188,512,False,0,0.0339563138225448,2.031976435431339e-05,0.0003,0.008312269923979966,2.7559850215911865,1.3005230226070807e-10,13.215770302384044,16.524891051942674,16.524877762478766,94999,1.1691075563430786,1.10576593875885,0.00033578189215617706,9.552619358659305e-05
0.0005915103829465806,0.007009587250649929,48,True,0,0.05018928325150973,3.4490075426468955e-05,0.0003,0.009494192126940866,2.7559850215911865,1.3005230226070807e-10,13.215770302384044,16.524877762478766,16.52486012735997,95000,1.1691021919250488,1.1057626008987427,0.0005699442804410722,9.551272399919633e-05
0.0005923321004956961,0.007056380622088909,512,False,0,0.044823866738286755,2.7858205185085915e-05,0.0003,0.007162339917054747,2.7559850215911865,1.3005230226070807e-10,13.215770302384044,16.52486012735997,16.524843909945407,95001,1.1690970659255981,1.1057592630386353,0.00046035294408283895,9.556645372945467e-05
0.0005900631658732891,0.007108459249138832,512,False,0,0.02733721585490371,2.2457716930844358e-05,0.0003,0.009543288149603748,2.7559850215911865,1.3005230226070807e-10,13.215770302384044,16.521622337046097,16.521609139786054,95249,1.1678905487060547,1.104935646057129,0.00037103791768369645,9.515523841159669e-05
0.0005892740446142852,0.00713785644620657,48,True,0,0.05836660122557432,3.183419845834697e-05,0.0003,0.009257903045318632,2.7559850215911865,1.3005230226070807e-10,13.215770302384044,16.521609139786054,16.5215978438727,95250,1.1678858995437622,1.1049323081970215,0.0005259521842071885,9.521825447938628e-05
0.000591118645388633,0.007102292031049728,512,False,0,0.04978445102688354,2.8377719252367364e-05,0.0003,0.007924082131157167,2.7559850215911865,1.3005230226070807e-10,13.215770302384044,16.5215978438727,16.52158797133593,95251,1.1678813695907593,1.1049290895462036,0.00046884526521393747,9.529900571732658e-05
0.0005905060097575188,0.00711775291711092,512,False,0,0.026784568318249945,2.3343530116731457e-05,0.0003,0.008097720078701187,2.7559850215911865,1.3005230226070807e-10,13.215770302384044,16.518616527020804,16.51860322046376,95499,1.1666821241378784,1.104112148284912,0.0003856028223852481,9.905420507058007e-05
0.0005906515871174634,0.007081977091729641,48,True,0,0.05499100643660391,4.1899705901110324e-05,0.0003,0.008384303055809986,2.7559850215911865,1.3005230226070807e-10,13.215770302384044,16.51860322046376,16.51858629167914,95500,1.1666771173477173,1.1041088104248047,0.0006921246168345654,9.908272328004645e-05
0.0005895902868360281,0.007168119307607412,512,False,0,0.03179244286999479,3.19011303407087e-05,0.0003,0.007830000820370378,2.7559850215911865,1.3005230226070807e-10,13.215770302384044,16.51858629167914,16.51857492871079,95501,1.1666723489761353,1.1041055917739868,0.0005269615743351001,9.903816404189389e-05
0.0005890646716579795,0.007112686522305012,512,False,0,0.03271698594854571,2.2493761426931027e-05,0.0003,0.007026857002207953,2.7559850215911865,1.3005230226070807e-10,13.215770302384044,16.515760733543086,16.51575047193854,95749,1.1654869318008423,1.1032953262329102,0.00037150158172459356,0.0001013041084013221
0.0005882960977032781,0.0072298734448850155,48,True,0,0.0625512905207716,2.8090098925387068e-05,0.0003,0.009024633782361314,2.7559850215911865,1.3005230226070807e-10,13.215770302384044,16.51575047193854,16.515740565083902,95750,1.165482521057129,1.1032921075820923,0.0004639290645837617,0.00010141124090325063
0.0005889233434572816,0.0070786261931061745,512,False,0,0.03272563261021797,2.808941251964147e-05,0.0003,0.008536300602675894,2.7559850215911865,1.3005230226070807e-10,13.215770302384044,16.515740565083902,16.515730139437153,95751,1.1654778718948364,1.1032887697219849,0.00046391744980001825,0.00010137623225492651
0.000588008901104331,0.007049628533422947,512,False,0,0.03377281955533448,2.0187326348693354e-05,0.0003,0.007571206434967299,2.7559850215911865,1.3005230226070807e-10,13.215770302384044,16.513131892626824,16.513120767685773,95999,1.1642996072769165,1.1024852991104126,0.000333355982555474,9.992446119250775e-05
0.0005873851478099823,0.007204345427453518,48,True,0,0.06198521409092108,2.8136125198638935e-05,0.0003,0.008666259871074038,2.7559850215911865,1.3005230226070807e-10,13.215770302384044,16.513120767685773,16.51310844296008,96000,1.1642951965332031,1.1024820804595947,0.0004646152333398516,0.00010003412445790847
0.0005875931237824261,0.0071202898398041725,512,False,0,0.024445769808998798,2.719569541965391e-05,0.0003,0.008295905208799742,2.7559850215911865,1.3005230226070807e-10,13.215770302384044,16.51310844296008,16.513097785551313,96001,1.1642905473709106,1.1024788618087769,0.0004490854676464577,9.996959922257541e-05
0.000587386661209166,0.007197945844382048,512,False,0,0.03156628567569914,1.9890010182399423e-05,0.0003,0.007762322872501347,2.7559850215911865,1.3005230226070807e-10,13.215770302384044,16.510657441274237,16.510647116368446,96249,1.163122534751892,1.1016819477081299,0.0003283971446250534,0.00010616902967217157
0.0005864320555701852,0.007201091852039099,48,True,0,0.0810132831117129,2.7073145274659323e-05,0.0003,0.008832194935963572,2.7559850215911865,1.3005230226070807e-10,13.215770302384044,16.510647116368446,16.510637114531395,96250,1.16311776638031,1.101678729057312,0.000446995147960078,0.00010647001870118859
0.0005860417149960995,0.007098197937011719,512,False,0,0.029173983030905584,2.7211492345331186e-05,0.0003,0.008903866285981034,2.7559850215911865,1.3005230226070807e-10,13.215770302384044,16.510637114531395,16.51062513513704,96251,1.163112759590149,1.1016755104064941,0.00044927907545861203,0.00010641633352189839
0.0005860156379640102,0.007153941784054041,512,False,0,0.03580257980143575,2.8870389417838894e-05,0.0003,0.007174190510211281,2.7559850215911865,1.3005230226070807e-10,13.215770302384044,16.5084422903934,16.508428972764474,96499,1.1619538068771362,1.1008851528167725,0.0004766051576055777,0.00010760631038846887
0.000585846311878413,0.007045842707157135,48,True,0,0.06680175977329511,3.940840902908006e-05,0.0003,0.009775278188344245,2.7559850215911865,1.3005230226070807e-10,13.215770302384044,16.508428972764474,16.508415608467033,96500,1.1619489192962646,1.1008819341659546,0.0006505709213862184,0.00010766823781563132
0.0005865260027348995,0.007138065993785858,512,False,0,0.04961358565328434,2.6735417786934582e-05,0.0003,0.009788787509039418,2.7559850215911865,1.3005230226070807e-10,13.215770302384044,16.508415608467033,16.508407126673387,96501,1.1619443893432617,1.1008787155151367,0.00044135938829271797,0.00010772482245733737
0.0005848417058587074,0.007119139656424522,512,False,0,0.036461881095696376,2.7289446611582507e-05,0.0003,0.007904806940913655,2.7559850215911865,1.3005230226070807e-10,13.215770302384044,16.50634492440841,16.506334764586438,96749,1.1607975959777832,1.1000949144363403,0.0004504490185670092,0.00011529145280076488
0.0005875092465430498,0.007201500236988068,48,True,0,0.10265087174769114,3.813584424594827e-05,0.0003,0.012101582283427425,2.7559850215911865,1.3005230226070807e-10,13.215770302384044,16.506334764586438,16.506330049121274,96750,1.1607933044433594,1.100091814994812,0.0006294830116537496,0.00011583528534851574
0.0005862204125151038,0.007117407396435738,512,False,0,0.039992990222677674,3.502160646468864e-05,0.0003,0.009918780434983718,2.7559850215911865,1.3005230226070807e-10,13.215770302384044,16.506330049121274,16.506326446079253,96751,1.1607890129089355,1.1000885963439941,0.00057807819515659,0.00011582759915274688
0.0005840591620653868,0.007114110980182886,512,False,0,0.0520682717095007,2.4784220362136374e-05,0.0003,0.009081969556453044,2.7559850215911865,1.3005230226070807e-10,13.215770302384044,16.504416598516098,16.504409479525513,96999,1.159651756286621,1.099311113357544,0.0004090490979261242,0.00012734523736441844
0.0005837043281644583,0.007257272955030203,48,True,0,0.05790087221227401,3.937990322301974e-05,0.0003,0.00941369031152956,2.7559850215911865,1.3005230226070807e-10,13.215770302384044,16.504409479525513,16.50440302694572,97000,1.1596472263336182,1.0993080139160156,0.0006499420480568042,0.0001273622977881079
0.0005845658015459776,0.007088599726557732,512,False,0,0.03163110200923352,3.289690810879046e-05,0.0003,0.008576989915110562,2.7559850215911865,1.3005230226070807e-10,13.215770302384044,16.50440302694572,16.504400555645127,97001,1.1596428155899048,1.0993049144744873,0.0005429438297678765,0.00012729877675483734
0.0005837250500917435,0.007128911558538675,512,False,0,0.03409470885803144,2.2095772568113332e-05,0.0003,0.006915978819820912,2.7559850215911865,1.3005230226070807e-10,13.215770302384044,16.502669154297745,16.50266403145619,97249,1.1585144996643066,1.0985337495803833,0.0003646392244001822,0.0001277646123044959
0.0005838382639922202,0.0071593038737773895,48,True,0,0.07320951974833648,3.321010508611109e-05,0.0003,0.009857699778821642,2.7559850215911865,1.3005230226070807e-10,13.215770302384044,16.50266403145619,16.502660280154938,97250,1.1585099697113037,1.0985307693481445,0.0005480552066854459,0.0001279417259744161
0.0005840017111040652,0.007068295031785965,512,False,0,0.031923607982966805,3.221568089185495e-05,0.0003,0.009708047594496632,2.7559850215911865,1.3005230226070807e-10,13.215770302384044,16.502660280154938,16.50265586382637,97251,1.1585054397583008,1.0985276699066162,0.0005316444374521611,0.00012787420586404233
0.0005827781860716641,0.007012122310698032,512,False,0,0.03741508501764826,3.361046596357818e-05,0.0003,0.007702394722683355,2.7559850215911865,1.3005230226070807e-10,13.215770302384044,16.50109958706399,16.501098605078244,97499,1.1573874950408936,1.0977628231048584,0.0005546096460326282,0.00013895403157177425
0.0005818104837089777,0.007222060114145279,48,True,0,0.09762189684075465,4.353410990829614e-05,0.0003,0.011396198329349277,2.7559850215911865,1.3005230226070807e-10,13.215770302384044,16.501098605078244,16.50109579367409,97500,1.1573830842971802,1.0977598428726196,0.0007183606402811084,0.0001393659014135059
0.0005833943723700941,0.007065246347337961,512,False,0,0.06241798925097497,3.66465044693065e-05,0.0003,0.008810628233664323,2.7559850215911865,1.3005230226070807e-10,13.215770302384044,16.50109579367409,16.50108939026816,97501,1.1573785543441772,1.0977567434310913,0.0006047074807513322,0.00013953239046770547
0.0005819102516397834,0.007061846554279327,512,False,0,0.048367855252878636,3.835873041737429e-05,0.0003,0.012416931383455657,2.7559850215911865,1.3005230226070807e-10,13.215770302384044,16.49955883618486,16.499548392712736,97749,1.1562691926956177,1.0969980955123901,0.000632902129402821,0.00016272092392230838
0.0005808002315461636,0.007411184720695019,48,True,0,0.14227032640532153,5.145121356882366e-05,0.0003,0.012966023025393373,2.7559850215911865,1.3005230226070807e-10,13.215770302384044,16.499548392712736,16.49954697939316,97750,1.1562652587890625,1.0969951152801514,0.0008489217881426042,0.00016371915836743892
0.0005818734643980861,0.007162592373788357,512,False,0,0.07985913814798125,5.0281693289129964e-05,0.0003,0.013524811701115863,2.7559850215911865,1.3005230226070807e-10,13.215770302384044,16.49954697939316,16.499546552069585,97751,1.1562610864639282,1.096992015838623,0.0008296251606274376,0.00016400984801053498
0.0005810411530546844,0.0070570483803749084,512,False,0,0.044325735364212276,2.889618379886393e-05,0.0003,0.009904925021070142,2.7559850215911865,1.3005230226070807e-10,13.215770302384044,16.498189095343,16.498184414004356,97999,1.155159592628479,1.096239686012268,0.000476734704447444,0.000173263175277429
0.0005779929924756289,0.007082962431013584,48,True,0,0.06341789113632634,3.698859694884942e-05,0.0003,0.012337615913838624,2.7559850215911865,1.3005230226070807e-10,13.215770302384044,16.498184414004356,16.498177778484088,98000,1.1551551818847656,1.0962367057800293,0.0006102446936773966,0.00017331138944425356
0.0005807865527458489,0.007083789445459843,512,False,0,0.06351945388743585,3.0345880923607418e-05,0.0003,0.009824933248598601,2.7559850215911865,1.3005230226070807e-10,13.215770302384044,16.498177778484088,16.49816965671122,98001,1.1551504135131836,1.096233606338501,0.0005006517383223841,0.0001734578770714878
0.0005795790930278599,0.007080897688865662,512,False,0,0.040164948094343844,2.626965328285926e-05,0.0003,0.010124023894282163,2.7559850215911865,1.3005230226070807e-10,13.215770302384044,16.496968630258028,16.496966438868743,98249,1.1540577411651611,1.0954874753952026,0.00043336964613508404,0.0001730488996535057
0.0005795194301754236,0.007103219628334045,48,True,0,0.0626744236005117,3.544058241731177e-05,0.0003,0.009910868561357616,2.7559850215911865,1.3005230226070807e-10,13.215770302384044,16.496966438868743,16.496961139296577,98250,1.1540532112121582,1.0954844951629639,0.0005846620987123539,0.00017305684644357112
0.0005799502250738442,0.007072140462696552,512,False,0,0.06142828469955762,3.221473699960921e-05,0.0003,0.008115525679684111,2.7559850215911865,1.3005230226070807e-10,13.215770302384044,16.496961139296577,16.496956098892568,98251,1.154049038887024,1.095481514930725,0.0005314452643952127,0.00017319714048827332
0.0005797017365694046,0.007094459142535925,512,False,0,0.04129981411913334,3.58869876874606e-05,0.0003,0.007664020833230448,2.7559850215911865,1.3005230226070807e-10,13.215770302384044,16.495825950704553,16.495826909385038,98499,1.1529656648635864,1.0947413444519043,0.0005919855027874274,0.00018486246714422857
0.0005774865858256817,0.007079261355102062,48,True,0,0.07617116121544193,5.5730933505096184e-05,0.0003,0.010318870901078836,2.7559850215911865,1.3005230226070807e-10,13.215770302384044,16.495826909385038,16.495830707983206,98500,1.152962565422058,1.0947383642196655,0.0009193278325985138,0.00018506107256114
0.0005793545278720558,0.0070904213935136795,512,False,0,0.058456870079160214,3.140301311872885e-05,0.0003,0.01054309124348735,2.7559850215911865,1.3005230226070807e-10,13.215770302384044,16.495830707983206,16.495828159979535,98501,1.1529589891433716,1.0947353839874268,0.0005180187881271269,0.00018515596827100268
0.0005785101093351841,0.007093755528330803,512,False,0,0.030798119001970447,2.3552112075111328e-05,0.0003,0.006927470392427248,2.7559850215911865,1.3005230226070807e-10,13.215770302384044,16.494777231757293,16.494770388556905,98749,1.1518820524215698,1.0940014123916626,0.00038848684201634235,0.00019133149029649483
0.0005767593975178897,0.007348870858550072,48,True,0,0.07533179186939716,4.279143487305933e-05,0.0003,0.008751993711748726,2.7559850215911865,1.3005230226070807e-10,13.215770302384044,16.494770388556905,16.494770018109953,98750,1.151877999305725,1.0939984321594238,0.0007058348928280002,0.00019137053784297033
0.0005782894440926611,0.0071317958645522594,512,False,0,0.05445817649012419,3.6112958932543996e-05,0.0003,0.009207262652475253,2.7559850215911865,1.3005230226070807e-10,13.215770302384044,16.494770018109953,16.49476753083079,98751,1.1518737077713013,1.0939955711364746,0.0005956749522657627,0.00019142282643078243
0.00057775410823524,0.007069881539791822,512,False,0,0.06721752334635193,3.8027478469758985e-05,0.0003,0.011040939290955483,2.7559850215911865,1.3005230226070807e-10,13.215770302384044,16.49387606568794,16.493873480710782,98999,1.150808334350586,1.0932674407958984,0.0006272205169708211,0.00023875813188040435
0.0005746991955675185,0.006951845716685057,48,True,0,0.07690101773160445,3.723854661443135e-05,0.0003,0.011762380599047969,2.7559850215911865,1.3005230226070807e-10,13.215770302384044,16.493873480710782,16.493870961135713,99000,1.150804042816162,1.0932644605636597,0.0006142078764639815,0.00023885631017826772
0.0005772479344159365,0.007054687477648258,512,False,0,0.06166141987701914,3.7240236871510866e-05,0.0003,0.009760399722532183,2.7559850215911865,1.3005230226070807e-10,13.215770302384044,16.493870961135713,16.4938673423964,99001,1.1507996320724487,1.093261480331421,0.0006142356615208285,0.00023891964824909002
0.0005764965899288654,0.007103002164512873,512,False,0,0.04193033634832917,2.4661797269484342e-05,0.0003,0.0090940321412173,2.7559850215911865,1.3005230226070807e-10,13.215770302384044,16.49301700048497,16.493014083633994,99249,1.1497418880462646,1.0925394296646118,0.00040674744162811906,0.0002687322547845524
0.0005762505461461842,0.0070104217156767845,48,True,0,0.06606445428695501,3.532934292263732e-05,0.0003,0.011611351369153948,2.7559850215911865,1.3005230226070807e-10,13.215770302384044,16.493014083633994,16.493013042690595,99250,1.1497374773025513,1.092536449432373,0.0005826873503885923,0.00026870743084597004
0.0005769459530711174,0.00706589687615633,512,False,0,0.060273409314561224,2.9922743666735372e-05,0.0003,0.00801719180129588,2.7559850215911865,1.3005230226070807e-10,13.215770302384044,16.493013042690595,16.49301047165853,99251,1.149733066558838,1.0925335884094238,0.0004935162015685539,0.0002687202970537283
0.0005762934451922774,0.00705513171851635,512,False,0,0.03821955634058537,2.4690511654600462e-05,0.0003,0.007621332710468563,2.7559850215911865,1.3005230226070807e-10,13.215770302384044,16.492246866652376,16.492245065801562,99499,1.1486849784851074,1.0918172597885132,0.00040720201347162844,0.00026378054843755386
0.0005743319052271545,0.007150342222303152,48,True,0,0.09249923437054536,3.707497455909009e-05,0.0003,0.011391403561221201,2.7559850215911865,1.3005230226070807e-10,13.215770302384044,16.492245065801562,16.492242543450605,99500,1.1486810445785522,1.091814398765564,0.000611449566236872,0.0002640534171150037
0.0005762471118941903,0.007074043154716492,512,False,0,0.05594451430861338,3.046091281402022e-05,0.0003,0.007899030501791852,2.7559850215911865,1.3005230226070807e-10,13.215770302384044,16.492242543450605,16.49223819993939,99501,1.1486767530441284,1.0918115377426147,0.0005023687622237239,0.00026403148743076575
0.000575081561692059,0.007067476399242878,512,False,0,0.04859454697327026,2.4327044185803694e-05,0.0003,0.007679791808131422,2.7559850215911865,1.3005230226070807e-10,13.215770302384044,16.491531946979027,16.491530730510974,99749,1.147635579109192,1.0911011695861816,0.000401190226365752,0.000275217012211465
0.0005741531495004892,0.007350729778409004,48,True,0,0.07755991937705276,4.659762605554292e-05,0.0003,0.011672981702006981,2.7559850215911865,1.3005230226070807e-10,13.215770302384044,16.491530730510974,16.49153000453959,99750,1.147631287574768,1.0910983085632324,0.0007684661820638449,0.0002751867303290847
0.0005737614701502025,0.0070885708555579185,512,False,0,0.07702477457227394,4.2536147215979527e-05,0.0003,0.011166005149204043,2.7559850215911865,1.3005230226070807e-10,13.215770302384044,16.49153000453959,16.491526118259216,99751,1.1476269960403442,1.0910954475402832,0.0007014861480898395,0.000275482229466275
0.0005734217120334506,0.007085061632096767,512,False,0,0.08353592177334639,2.8531068911232232e-05,0.0003,0.008492311725190566,2.7559850215911865,1.3005230226070807e-10,13.215770302384044,16.490919418389147,16.490919480032176,99999,1.1465935707092285,1.0903905630111694,0.0004705035583356385,0.00029909622533381866
0.000573502853512764,0.007131755352020264,48,True,0,0.10889178249575661,4.020749019415052e-05,0.0003,0.013311369330785531,2.7559850215911865,1.3005230226070807e-10,13.215770302384044,16.490919480032176,16.490914206806064,100000,1.1465896368026733,1.0903878211975098,0.0006630584832859195,0.0002995779313954202
0.0005735883605666459,0.007057704031467438,512,False,0,0.03394626113462946,4.703116433726579e-05,0.0003,0.012113023302602065,2.7559850215911865,1.3005230226070807e-10,13.215770302384044,16.490914206806064,16.490905991344288,100001,1.1465855836868286,1.0903849601745605,0.0007755868961320471,0.00029935807316603416
0.0005728376563638449,0.0069961389526724815,512,False,0,0.06561826075490748,3.470424009748397e-05,0.0003,0.01053264123045569,2.7559850215911865,1.3005230226070807e-10,13.215770302384044,16.49036335568845,16.49036497573044,100249,1.1455614566802979,1.0896859169006348,0.0005722855291905635,0.0003006673772819645
0.0005715991137549281,0.007049261592328548,48,True,0,0.08714111695965876,4.2503930725647813e-05,0.0003,0.01200551727236878,2.7559850215911865,1.3005230226070807e-10,13.215770302384044,16.49036497573044,16.490365032096896,100250,1.1455576419830322,1.089683175086975,0.0007009053305690956,0.0003008447706099587
0.0005729831173084676,0.00710263941437006,512,False,0,0.09181260195396691,3.5959688528368576e-05,0.0003,0.007999351727253134,2.7559850215911865,1.3005230226070807e-10,13.215770302384044,16.490365032096896,16.490362103161647,100251,1.1455535888671875,1.0896803140640259,0.000592988390273305,0.00030116487389154613
0.0005726726376451552,0.007000936195254326,512,False,0,0.07857344563580844,3.945738820960399e-05,0.0003,0.01081174167567447,2.7559850215911865,1.3005230226070807e-10,13.215770302384044,16.490033238784076,16.490032320092887,100499,1.1445399522781372,1.088987112045288,0.0006506536430919766,0.0004861057864146278
0.000570549163967371,0.006899471860378981,48,True,0,0.09213277725569699,5.684045817025307e-05,0.0003,0.014857479989982018,2.7559850215911865,1.3005230226070807e-10,13.215770302384044,16.490032320092887,16.49003333756531,100500,1.1445363759994507,1.0889842510223389,0.0009373009923163609,0.00048619069620129464
0.0005724022630602121,0.007066831924021244,512,False,0,0.15221829387178795,4.568681258130708e-05,0.0003,0.012367573443694494,2.7559850215911865,1.3005230226070807e-10,13.215770302384044,16.49003333756531,16.49003261105075,100501,1.1445326805114746,1.0889815092086792,0.0007533770625528521,0.00048809079181708363
0.0005714205326512456,0.0071138422936201096,512,False,0,0.08387869221376242,4.34631994017563e-05,0.0003,0.01012135406014664,2.7559850215911865,1.3005230226070807e-10,13.215770302384044,16.48961931624661,16.48962355080163,100749,1.1435223817825317,1.0882937908172607,0.0007166916124010787,0.0005192851143647157
0.0005693528219126165,0.007018343545496464,48,True,0,0.154238506238238,4.603384580645951e-05,0.0003,0.015166876133175099,2.7559850215911865,1.3005230226070807e-10,13.215770302384044,16.48962355080163,16.489621612115876,100750,1.143518090248108,1.0882911682128906,0.0007590807879441655,0.0005206432450712203
0.0005710668629035354,0.0069963084533810616,512,False,0,0.06223332286028722,3.826134397780693e-05,0.0003,0.012203653448587367,2.7559850215911865,1.3005230226070807e-10,13.215770302384044,16.489621612115876,16.489620618451784,100751,1.1435139179229736,1.0882883071899414,0.0006309150845650448,0.0005204081761581885
0.0005703181959688663,0.007025186903774738,512,False,0,0.07037566439484372,4.03853265703834e-05,0.0003,0.007921499004491059,2.7559850215911865,1.3005230226070807e-10,13.215770302384044,16.489276334393782,16.48927078315406,100999,1.1425142288208008,1.0876060724258423,0.0006659248096737874,0.0005757226453544516
0.0005726490053348243,0.007224076893180609,48,True,0,0.10646174308349457,4.441591592458282e-05,0.0003,0.012687018105266932,2.7559850215911865,1.3005230226070807e-10,13.215770302384044,16.48927078315406,16.489266237001093,101000,1.1425098180770874,1.0876034498214722,0.0007323860647622506,0.0005757858829489555
0.0005704889772459865,0.007084261626005173,512,False,0,0.097972927662377,4.7603499583584365e-05,0.0003,0.012196691018864952,2.7559850215911865,1.3005230226070807e-10,13.215770302384044,16.489266237001093,16.489266526149596,101001,1.1425057649612427,1.0876007080078125,0.0007849467784466933,0.0005758729075622579
0.000569923548027873,0.00703086331486702,512,False,0,0.03563839943636126,2.7891659821659784e-05,0.0003,0.008316450592235555,2.7559850215911865,1.3005230226070807e-10,13.215770302384044,16.488939067247294,16.488941149627216,101249,1.1415133476257324,1.0869240760803223,0.00045990387928373773,0.0005285450863023938
0.0005714477156288922,0.007101703435182571,48,True,0,0.055681953134362694,3.2403402955670263e-05,0.0003,0.009216899269319132,2.7559850215911865,1.3005230226070807e-10,13.215770302384044,16.488941149627216,16.488943221414665,101250,1.1415094137191772,1.0869213342666626,0.0005342978043837035,0.0005281806638655121
0.000570268661249429,0.007020902819931507,512,False,0,0.048743115935363034,4.110630365093261e-05,0.0003,0.008375420755502008,2.7559850215911865,1.3005230226070807e-10,13.215770302384044,16.488943221414665,16.488937984700698,101251,1.1415051221847534,1.0869187116622925,0.0006777995069424582,0.0005277891884357384
0.0005690919351764023,0.007075927220284939,512,False,0,0.044553661495246276,4.052161508663968e-05,0.0003,0.009999546778736833,2.7559850215911865,1.3005230226070807e-10,13.215770302384044,16.488554450615833,16.48855642014226,101499,1.1405171155929565,1.0862475633621216,0.0006681428567829544,0.00048741327362794703
0.0005664785276167095,0.007030354347079992,48,True,0,0.1196448612969973,5.014137898537146e-05,0.0003,0.013465552132747626,2.7559850215911865,1.3005230226070807e-10,13.215770302384044,16.48855642014226,16.488555732241736,101500,1.1405130624771118,1.086244821548462,0.0008267589563840328,0.0004878032114834476
0.0005695077124983072,0.007036031223833561,512,False,0,0.12500455246753062,5.050691036395243e-05,0.0003,0.013925585654010848,2.7559850215911865,1.3005230226070807e-10,13.215770302384044,16.488555732241736,16.48855409606187,101501,1.1405093669891357,1.0862421989440918,0.0008327860063993673,0.0004886967724004881
0.0005685285432264209,0.007061084732413292,512,False,0,0.15448990209324376,5.752322485059007e-05,0.0003,0.012279660732060249,2.7559850215911865,1.3005230226070807e-10,13.215770302384044,16.488296533870187,16.488297707382124,101749,1.1395307779312134,1.0855765342712402,0.0009484599889210196,0.0005382818376789971
0.0005681589245796204,0.0072550359182059765,48,True,0,0.11830534963064455,4.4421814028581216e-05,0.0003,0.0109453017157198,2.7559850215911865,1.3005230226070807e-10,13.215770302384044,16.488297707382124,16.48830091116799,101750,1.1395268440246582,1.0855739116668701,0.0007324400944052108,0.0005386427112401067
0.0005679800524376333,0.00703452480956912,512,False,0,0.13047898803069935,6.338717285874373e-05,0.0003,0.014346920486193949,2.7559850215911865,1.3005230226070807e-10,13.215770302384044,16.48830091116799,16.488302477427695,101751,1.1395225524902344,1.0855711698532104,0.001045146780003187,0.0005398590515867573
0.0005673145642504096,0.006990456487983465,512,False,0,0.120082198669385,7.271297533595828e-05,0.0003,0.016999984016896365,2.7559850215911865,1.3005230226070807e-10,13.215770302384044,16.488126753847055,16.488124274585857,101999,1.1385504007339478,1.0849108695983887,0.001198900753988635,0.0006460562530068697
0.000567074166610837,0.007078984286636114,48,True,0,0.1846881859668606,6.853739819897435e-05,0.0003,0.020299949261472675,2.7559850215911865,1.3005230226070807e-10,13.215770302384044,16.488124274585857,16.488123899398687,102000,1.1385468244552612,1.084908366203308,0.001130053138961466,0.0006483220809754953
0.0005672952975146472,0.0070627061650156975,512,False,0,0.18772291792100546,5.905454766657292e-05,0.0003,0.015888670074028208,2.7559850215911865,1.3005230226070807e-10,13.215770302384044,16.488123899398687,16.488126587624368,102001,1.1385433673858643,1.0849056243896484,0.0009736986987494,0.0006504297091035877
0.0005661043105646968,0.0070336200296878815,512,False,0,0.07098965704798915,3.778545370074364e-05,0.0003,0.009695341903009832,2.7559850215911865,1.3005230226070807e-10,13.215770302384044,16.487872128676845,16.487874947882744,102249,1.1375774145126343,1.0842506885528564,0.0006230017289419004,0.0006800734704057377
0.0005642818287014961,0.006832553073763847,48,True,0,0.09710416883450494,3.4737742343381505e-05,0.0003,0.009616572104784222,2.7559850215911865,1.3005230226070807e-10,13.215770302384044,16.487874947882744,16.4878757389892,102250,1.1375735998153687,1.0842480659484863,0.0005727515517294456,0.0006799832216948667
0.0005663828342221677,0.0069703152403235435,512,False,0,0.09722479392881692,3.610033429638262e-05,0.0003,0.013806706355432394,2.7559850215911865,1.3005230226070807e-10,13.215770302384044,16.4878757389892,16.487873433490794,102251,1.137569546699524,1.0842454433441162,0.0005952178260147267,0.0006800008143100407
0.0005655644345097244,0.00699743302538991,512,False,0,0.046395000192016984,2.7348044117232413e-05,0.0003,0.008240596332567763,2.7559850215911865,1.3005230226070807e-10,13.215770302384044,16.487655022815545,16.487652741137634,102499,1.136612057685852,1.0835957527160645,0.00045090511695366814,0.0007287822813606539
0.0005663271294906735,0.006770165171474218,48,True,0,0.11245911556552209,5.145698271879992e-05,0.0003,0.0135299907930862,2.7559850215911865,1.3005230226070807e-10,13.215770302384044,16.487652741137634,16.487649991667002,102500,1.1366078853607178,1.0835932493209839,0.0008484048621742933,0.0007287434642148759
0.0005665543721988797,0.007035938091576099,512,False,0,0.09782969314811549,3.83534405246195e-05,0.0003,0.010550058509240498,2.7559850215911865,1.3005230226070807e-10,13.215770302384044,16.487649991667002,16.487649385296486,102501,1.1366041898727417,1.0835906267166138,0.0006323581033461436,0.0007287640026198023
0.000564648536965251,0.006963889580219984,512,False,0,0.045570943087814696,3.8031263553779924e-05,0.0003,0.00912554928532003,2.7559850215911865,1.3005230226070807e-10,13.215770302384044,16.487398253363498,16.487398601914364,102749,1.1356533765792847,1.0829461812973022,0.0006270365882897979,0.0007245452924897435
0.0005662873736582696,0.007068540435284376,48,True,0,0.20251532930491672,8.325153152627732e-05,0.0003,0.017969071770773892,2.7559850215911865,1.3005230226070807e-10,13.215770302384044,16.487398601914364,16.487392994896393,102750,1.1356490850448608,1.0829436779022217,0.0013726011844935743,0.0007269510691475748
0.0005645659402944148,0.007010532543063164,512,False,0,0.21809618916222967,6.591990206946814e-05,0.0003,0.015357004416084468,2.7559850215911865,1.3005230226070807e-10,13.215770302384044,16.487392994896393,16.487390746220882,102751,1.135644793510437,1.0829410552978516,0.0010868473316044053,0.0007312043237941701
0.0013818081934005022,2.0567855834960938,512,False,0,12.925462436092852,0.0039695857947073775,0.0003,1.7791589380437383,4.864803791046143,1.3005230226070807e-10,16.556258620412308,16.92206879109853,16.932671306272,102999,1.130356788635254,1.0823160409927368,0.06717360389020577,12.322283275534634
0.0013072069268673658,1.9837760925292969,48,True,0,17.171788077050916,0.004636508453214437,0.0003,2.756415603293311,4.864803791046143,1.3005230226070807e-10,16.556392397421988,16.932671306272,16.9431694550778,103000,1.1305307149887085,1.0823146104812622,0.07850847364703166,12.31856144667705
0.0013090160209685564,1.8476850986480713,512,False,0,10.599817418940209,0.004271589117084872,0.0003,2.1659377604446437,4.864803791046143,1.3005230226070807e-10,16.556407744012404,16.9431694550778,16.95384660280782,103001,1.1306451559066772,1.0823113918304443,0.07237425825323517,12.309323284044737
0.0005219149170443416,0.025593888014554977,512,False,0,0.12211249800273614,0.0001502359298410304,0.0003,0.03949137835438421,4.864803791046143,1.3005230226070807e-10,16.571505881016435,17.8514690603529,17.851979458786253,103249,1.1405727863311768,1.0816508531570435,0.0026819320533105033,10.143470763864295
0.000518142944201827,0.025580670684576035,48,True,0,0.38647500880947183,0.00017552818517557723,0.0003,0.05498730366307896,4.864803791046143,1.3005230226070807e-10,16.571505881016435,17.851979458786253,17.85248808009869,103250,1.1405692100524902,1.0816482305526733,0.0031335255561924344,10.133329909644262
0.0005206115311011672,0.02534874528646469,512,False,0,0.11455513577895321,0.00016974390799069452,0.0003,0.04954766830116694,4.864803791046143,1.3005230226070807e-10,16.571505881016435,17.85248808009869,17.852989840136274,103251,1.140565276145935,1.0816456079483032,0.003030351094073243,10.123196682952285
0.0004963443498127162,0.014486359432339668,512,False,0,0.08091357108005193,7.702937628777893e-05,0.0003,0.019325696170461013,4.864803791046143,1.3005230226070807e-10,16.571505881016435,17.92083321788925,17.92096644128709,103499,1.139811396598816,1.0810226202011108,0.0013804306053313191,7.898854242417928
0.0004949785070493817,0.014895599335432053,48,True,0,0.1903831883694528,9.678648332176204e-05,0.0003,0.02635959757404774,4.864803791046143,1.3005230226070807e-10,16.571505881016435,17.92096644128709,17.92110183813619,103500,1.1398065090179443,1.0810199975967407,0.00173450731957949,7.890956525190542
0.0004955468466505408,0.014228790067136288,512,False,0,0.06748047165629233,9.474670399823696e-05,0.0003,0.02482386259710135,4.864803791046143,1.3005230226070807e-10,16.571505881016435,17.92110183813619,17.9212358162499,103501,1.1398018598556519,1.0810174942016602,0.00169796533118015,7.883065483392191
0.000495849410071969,0.010980199091136456,512,False,0,0.04699057765635883,6.621888330331298e-05,0.0003,0.013058605090489249,4.864803791046143,1.3005230226070807e-10,16.571505881016435,17.93605271048066,17.936061280744205,103749,1.138953685760498,1.0803974866867065,0.001187705381357389,6.150903127841333
0.0004949859576299787,0.01093234121799469,48,True,0,0.15270317039569456,0.00010212231327036006,0.0003,0.018013879847857205,4.864803791046143,1.3005230226070807e-10,16.571505881016435,17.936061280744205,17.936069155287424,103750,1.1389497518539429,1.080394983291626,0.0018316720689485352,6.144753093806122
0.0004964499967172742,0.010969678871333599,512,False,0,0.04685878084337865,9.88222090315453e-05,0.0003,0.0174432173605911,4.864803791046143,1.3005230226070807e-10,16.571505881016435,17.936069155287424,17.93607558334623,103751,1.1389461755752563,1.0803924798965454,0.001772481975268066,6.138608304960915
0.000500054273288697,0.009395485743880272,512,False,0,0.043751169476300665,5.739500062973935e-05,0.0003,0.01226706356155738,4.864803791046143,1.3005230226070807e-10,16.571505881016435,17.928730474564468,17.92866854875845,103999,1.1380820274353027,1.0797759294509888,0.0010290194968780547,4.78975611058881
0.0005006033461540937,0.00953377690166235,48,True,0,0.15102207250970484,8.507973651924243e-05,0.0003,0.020564927554268007,4.864803791046143,1.3005230226070807e-10,16.571505881016435,17.92866854875845,17.92860639410565,104000,1.1380786895751953,1.0797735452651978,0.0015253663962691974,4.784967028475976
0.0005000742967240512,0.009165518917143345,512,False,0,0.03337443929508906,7.568729429410162e-05,0.0003,0.018848358099341843,4.864803791046143,1.3005230226070807e-10,16.571505881016435,17.92860639410565,17.928543041623264,104001,1.138075351715088,1.0797710418701172,0.0013569677084337862,4.780182237918503
0.000505272182635963,0.008216751739382744,512,False,0,0.04228711553903898,4.940671031876789e-05,0.0003,0.012344790578207157,4.864803791046143,1.3005230226070807e-10,16.571505881016435,17.908927481433707,17.908834455656617,104249,1.137199878692627,1.0791590213775635,0.0008848211921950166,3.7298186640372113
0.000504515424836427,0.008292037062346935,48,True,0,0.11588797447616891,9.256107202657765e-05,0.0003,0.017098626469357912,4.864803791046143,1.3005230226070807e-10,16.571505881016435,17.908834455656617,17.908744960541565,104250,1.1371958255767822,1.0791566371917725,0.0016576609159620877,3.726089398389847
0.0005049870815128088,0.008326057344675064,512,False,0,0.03407286747044878,8.560391057351627e-05,0.0003,0.015962561833562944,4.864803791046143,1.3005230226070807e-10,16.571505881016435,17.908744960541565,17.90865250477891,104251,1.1371917724609375,1.079154133796692,0.0015330586020861103,3.72236347039994
0.0005100741982460022,0.007692785933613777,512,False,0,0.03472830468169133,4.6685755171932506e-05,0.0003,0.00925735208179702,4.864803791046143,1.3005230226070807e-10,16.571505881016435,17.881717049012202,17.881592943195837,104499,1.1363054513931274,1.0785468816757202,0.0008348214642039551,2.90443776170021
0.0005085293087176979,0.007976232096552849,48,True,0,0.08292689332387204,6.77670058352315e-05,0.0003,0.011156182192338951,4.864803791046143,1.3005230226070807e-10,16.571505881016435,17.881592943195837,17.881468818736323,104500,1.1363024711608887,1.0785443782806396,0.0012117820133247868,2.9015334597209668
0.0005097948014736176,0.007703872397542,512,False,0,0.028048014031000792,6.054732534600707e-05,0.0003,0.00998743916462085,4.864803791046143,1.3005230226070807e-10,16.571505881016435,17.881468818736323,17.88134913768435,104501,1.1362993717193604,1.078541874885559,0.0010826751102325088,2.898632018775258
0.0005139076383784413,0.007220112718641758,512,False,0,0.029622808614252347,3.3452203908813524e-05,0.0003,0.008114332629357082,4.864803791046143,1.3005230226070807e-10,16.571505881016435,17.849766869858737,17.849633433410684,104749,1.1354109048843384,1.0779392719268799,0.0005971140410552985,2.261708393526314
0.000514330284204334,0.007320906966924667,48,True,0,0.11218558461812203,5.5181348697579606e-05,0.0003,0.012635805186422192,4.864803791046143,1.3005230226070807e-10,16.571505881016435,17.849633433410684,17.8495019079111,104750,1.1354080438613892,1.0779368877410889,0.00098496684661301,2.259447134293838
0.0005139581626281142,0.00732017494738102,512,False,0,0.030280443112749193,4.8548500443880485e-05,0.0003,0.01232370158541021,4.864803791046143,1.3005230226070807e-10,16.571505881016435,17.8495019079111,17.84937035902195,104751,1.135405421257019,1.0779345035552979,0.0008665665512992677,2.2571877823034434
0.0005183717585168779,0.006927305832505226,512,False,0,0.026463142099527357,3.538276821950071e-05,0.0003,0.007101698488834498,4.864803791046143,1.3005230226070807e-10,16.571505881016435,17.814845927326985,17.814702018895584,104999,1.1345192193984985,1.0773367881774902,0.0006303385643127269,1.7612110252590343
0.0005186494090594351,0.0069463420659303665,48,True,0,0.08408872050477897,4.2835989646752804e-05,0.0003,0.011401798598872267,4.864803791046143,1.3005230226070807e-10,16.571505881016435,17.814702018895584,17.814557559360193,105000,1.1345160007476807,1.0773342847824097,0.0007631103912413976,1.7594498705068526
0.0005181998130865395,0.006887891795486212,512,False,0,0.030918118637426224,4.503864896260125e-05,0.0003,0.011967104800701936,4.864803791046143,1.3005230226070807e-10,16.571505881016435,17.814557559360193,17.814412262994455,105001,1.1345126628875732,1.0773319005966187,0.0008023436043400783,1.757690503851619
0.0005225358763709664,0.006634132470935583,512,False,0,0.021915312604262712,3.469245050927996e-05,0.0003,0.007289634201174272,4.864803791046143,1.3005230226070807e-10,16.571505881016435,17.7779306729686,17.777781080369454,105249,1.13361656665802,1.0767385959625244,0.0006167599800293733,1.3714704242660976
0.0005214469274505973,0.006506656762212515,48,True,0,0.0685066227104708,4.0925559862487546e-05,0.0003,0.010328505456761543,4.864803791046143,1.3005230226070807e-10,16.571505881016435,17.777781080369454,17.777632595042004,105250,1.1336129903793335,1.0767362117767334,0.0007275656438268586,1.3700991006835141
0.0005216378485783935,0.00659587187692523,512,False,0,0.02538516876856706,3.819359551403372e-05,0.0003,0.009292362727519918,4.864803791046143,1.3005230226070807e-10,16.571505881016435,17.777632595042004,17.777484125570624,105251,1.1336091756820679,1.0767338275909424,0.000678991708532136,1.3687290883690675
0.0005253037088550627,0.006566586904227734,512,False,0,0.018956359851468534,2.857204345581376e-05,0.0003,0.007642125788505254,4.864803791046143,1.3005230226070807e-10,16.571505881016435,17.739689143843968,17.739534367003234,105499,1.1327157020568848,1.0761451721191406,0.0005068591691105374,1.0679771749936278
0.0005244851345196366,0.006475027650594711,48,True,0,0.08012969496440026,6.473843649595149e-05,0.0003,0.012230206223348751,4.864803791046143,1.3005230226070807e-10,16.571505881016435,17.739534367003234,17.739376968919625,105500,1.1327115297317505,1.0761427879333496,0.0011484297190859879,1.066909371348836
0.0005255096475593746,0.006480429787188768,512,False,0,0.019239834549234974,6.378482951504994e-05,0.0003,0.011235052728149005,4.864803791046143,1.3005230226070807e-10,16.571505881016435,17.739376968919625,17.739219255758975,105501,1.1327074766159058,1.0761404037475586,0.0011315031356657415,1.0658424021478092
0.0005281450576148927,0.0064040180295705795,512,False,0,0.0233443354611039,2.8157735032809688e-05,0.0003,0.00731185599688951,4.864803791046143,1.3005230226070807e-10,16.571505881016435,17.700786979031026,17.70063109749248,105749,1.1318142414093018,1.0755561590194702,0.0004984140696277635,0.8316454642712603
0.0005274712457321584,0.006323050241917372,48,True,0,0.05953869106089694,4.2372665231958576e-05,0.0003,0.008757046817745267,4.864803791046143,1.3005230226070807e-10,16.571505881016435,17.70063109749248,17.70047671075448,105750,1.1318109035491943,1.0755537748336792,0.0007500229158884443,0.830813824428211
0.0005282630445435643,0.0062821973115205765,512,False,0,0.023114154140345546,3.8788893792953266e-05,0.0003,0.008396165074014774,4.864803791046143,1.3005230226070807e-10,16.571505881016435,17.70047671075448,17.700321719870853,105751,1.1318072080612183,1.0755515098571777,0.0006865819112180983,0.8299830786173262
0.0005314002046361566,0.006257089786231518,512,False,0,0.03072922458106058,2.5210710723817754e-05,0.0003,0.007957707900235169,4.864803791046143,1.3005230226070807e-10,16.571505881016435,17.66164169396331,17.661487311986704,105999,1.130914568901062,1.074972152709961,0.00044526253965422764,0.6476121125507219
0.0005322222132235765,0.006289034150540829,48,True,0,0.07674569202542013,4.1760414191264253e-05,0.0003,0.01173469107192898,4.864803791046143,1.3005230226070807e-10,16.571505881016435,17.661487311986704,17.66132927956046,106000,1.130911111831665,1.07496976852417,0.0007375510253823231,0.6469646590238719
0.0005311446730047464,0.006216837093234062,512,False,0,0.01905966723831023,4.061875141295636e-05,0.0003,0.011358295888819031,4.864803791046143,1.3005230226070807e-10,16.571505881016435,17.66132927956046,17.66117288632699,106001,1.130907654762268,1.0749675035476685,0.000717381143628834,0.6463177418755568
0.0005335853202268481,0.006236162967979908,512,False,0,0.023603797924911976,3.2630357720768884e-05,0.0003,0.0075408393073872005,4.864803791046143,1.3005230226070807e-10,16.571505881016435,17.622547853448758,17.622389309282152,106249,1.1300244331359863,1.0743926763534546,0.0005750300404094008,0.5043042600952055
0.000534476013854146,0.00594017980620265,48,True,0,0.06284997937924049,4.444858912819029e-05,0.0003,0.009705544337236445,4.864803791046143,1.3005230226070807e-10,16.571505881016435,17.622389309282152,17.62222843775931,106250,1.1300204992294312,1.0743904113769531,0.0007832903418652954,0.5038001023018193
0.0005336895119398832,0.0062101539224386215,512,False,0,0.018465247305039352,4.126315749701643e-05,0.0003,0.009426501116110694,4.864803791046143,1.3005230226070807e-10,16.571505881016435,17.62222843775931,17.622068666466586,106251,1.1300164461135864,1.074388027191162,0.0007271487874756642,0.5032963020860155
0.0005359596107155085,0.006297202780842781,512,False,0,0.019493837303831696,2.9547743055877892e-05,0.0003,0.0061208655265276675,4.864803791046143,1.3005230226070807e-10,16.571505881016435,17.583772539284038,17.583618123321177,106499,1.1291370391845703,1.0738178491592407,0.0005195607929437663,0.3927097722104268
0.0005370351718738675,0.006213207729160786,48,True,0,0.06407687150329988,4.7472115689929223e-05,0.0003,0.008491317679579703,4.864803791046143,1.3005230226070807e-10,16.571505881016435,17.583618123321177,17.583458133698112,106500,1.129132866859436,1.0738155841827393,0.0008347315537978391,0.392317169342391
0.0005357452901080251,0.006137036718428135,512,False,0,0.01757695190086873,4.539650180862386e-05,0.0003,0.008181611054603853,4.864803791046143,1.3005230226070807e-10,16.571505881016435,17.583458133698112,17.583302877124595,106501,1.1291288137435913,1.0738131999969482,0.0007982274889682883,0.3919248644264654
0.000538633787073195,0.006188210099935532,512,False,0,0.022806953812687436,2.6133054180245724e-05,0.0003,0.006834958858060473,4.864803791046143,1.3005230226070807e-10,16.571505881016435,17.54543462538017,17.545280971073293,106749,1.128258466720581,1.0732475519180298,0.00045851579368101934,0.3058102863759964
0.0005395322805270553,0.006161159835755825,48,True,0,0.06442593498507528,4.187874326289696e-05,0.0003,0.009599581030221363,4.864803791046143,1.3005230226070807e-10,16.571505881016435,17.545280971073293,17.54512893163412,106750,1.1282553672790527,1.0732452869415283,0.0007347743172629698,0.30550456099987505
0.0005383969401009381,0.006137886084616184,512,False,0,0.01716912512475086,3.829679903037528e-05,0.0003,0.008745214197999694,4.864803791046143,1.3005230226070807e-10,16.571505881016435,17.54512893163412,17.54497774675438,106751,1.1282522678375244,1.0732429027557373,0.0006719222766568149,0.3051990739968681
0.0005398422945290804,0.006104407366365194,512,False,0,0.024561198903172838,2.7376023443204795e-05,0.0003,0.007051029369842161,4.864803791046143,1.3005230226070807e-10,16.571505881016435,17.507781360179585,17.507634112164688,106999,1.1273871660232544,1.0726817846298218,0.00047929343295478026,0.238141325660404
0.0005413442268036306,0.00604406651109457,48,True,0,0.060832567728655154,3.9948743608740824e-05,0.0003,0.009621188232601488,4.864803791046143,1.3005230226070807e-10,16.571505881016435,17.507634112164688,17.507487855230444,107000,1.127383828163147,1.0726795196533203,0.0006994079863425119,0.2379032693823595
0.0005404691328294575,0.006160280201584101,512,False,0,0.018788123785987973,3.656965050754038e-05,0.0003,0.008728797725856486,4.864803791046143,1.3005230226070807e-10,16.571505881016435,17.507487855230444,17.50734018609377,107001,1.127380132675171,1.0726772546768188,0.0006402427121307851,0.2376653769668311
0.0005419519729912281,0.006146950647234917,512,False,0,0.018676415069041524,2.5308360069956245e-05,0.0003,0.007686894023223499,4.864803791046143,1.3005230226070807e-10,16.571505881016435,17.470857549196598,17.470713482101104,107249,1.1265205144882202,1.0721204280853271,0.0004421587535859808,0.18544839574242186
0.000541508081369102,0.00619911402463913,48,True,0,0.09167550213017622,4.0655404231084975e-05,0.0003,0.012306764282273239,4.864803791046143,1.3005230226070807e-10,16.571505881016435,17.470713482101104,17.470568855484483,107250,1.1265168190002441,1.0721182823181152,0.0007102789188202865,0.18526318137426698
0.0005416038329713047,0.0061234887689352036,512,False,0,0.017151371187813357,3.9904279947486575e-05,0.0003,0.011476577827519908,4.864803791046143,1.3005230226070807e-10,16.571505881016435,17.470568855484483,17.470424762773234,107251,1.1265132427215576,1.0721160173416138,0.0006971504704510929,0.18507793703217953
0.0005436109495349228,0.006130163092166185,512,False,0,0.017074952091262034,2.2889820052495643e-05,0.0003,0.005854521744527862,4.864803791046143,1.3005230226070807e-10,16.571505881016435,17.434788397926862,17.434644866633505,107499,1.1256604194641113,1.0715638399124146,0.00039907916908188466,0.14441501009579144
0.0005431785248219967,0.005932103842496872,48,True,0,0.06311095206937543,4.511607260166292e-05,0.0003,0.008158486062999876,4.864803791046143,1.3005230226070807e-10,16.571505881016435,17.434644866633505,17.434508278927137,107500,1.1256572008132935,1.071561574935913,0.000786582703587247,0.14427071595996457
0.000543933711014688,0.0061379484832286835,512,False,0,0.015292944852254277,4.4273093641483986e-05,0.0003,0.007854097078824432,4.864803791046143,1.3005230226070807e-10,16.571505881016435,17.434508278927137,17.43436782993142,107501,1.125653862953186,1.0715594291687012,0.0007718796176261689,0.14412646648187843
0.0005447707371786237,0.006134304217994213,512,False,0,0.018745335514021962,2.222836568134013e-05,0.0003,0.006967309746997394,4.864803791046143,1.3005230226070807e-10,16.571505881016435,17.399638187305506,17.39949940248487,107749,1.1248058080673218,1.0710114240646362,0.0003867655203504369,0.1124610553459122
0.0005469067837111652,0.006185367237776518,48,True,0,0.0733758790817899,3.28889993468222e-05,0.0003,0.007755962597084606,4.864803791046143,1.3005230226070807e-10,16.571505881016435,17.39949940248487,17.399360427782145,107750,1.1248023509979248,1.0710092782974243,0.0005722521244833582,0.11234883734322967
0.0005444842390716076,0.0062006753869354725,512,False,0,0.016709738550873106,3.5370526248466274e-05,0.0003,0.007605221915790649,4.864803791046143,1.3005230226070807e-10,16.571505881016435,17.399360427782145,17.399220908963144,107751,1.1247988939285278,1.0710070133209229,0.0006154245347173938,0.11223648517964221
0.0005468247691169381,0.006140398792922497,512,False,0,0.01900910784577141,2.1390652635405032e-05,0.0003,0.006149200547428606,4.864803791046143,1.3005230226070807e-10,16.571505881016435,17.365458494740853,17.36532355589036,107999,1.123962640762329,1.0704634189605713,0.00037145849051554514,0.08757895316364582
0.0005463309353217483,0.006141480058431625,48,True,0,0.0562326517640356,4.8591179964359925e-05,0.0003,0.008095582815167267,4.864803791046143,1.3005230226070807e-10,16.571505881016435,17.36532355589036,17.365191231946376,108000,1.1239593029022217,1.0704612731933594,0.0008438015620436071,0.08749143490263415
0.0005457289516925812,0.006153465714305639,512,False,0,0.020766165051124146,4.318282758083541e-05,0.0003,0.00791370663698679,4.864803791046143,1.3005230226070807e-10,16.571505881016435,17.365191231946376,17.365056139794287,108001,1.1239558458328247,1.0704591274261475,0.0007498780588773752,0.08740396130257881
0.0005473616765812039,0.0061552515253424644,512,False,0,0.027038146052075655,2.506972201135636e-05,0.0003,0.0064256754758390405,4.864803791046143,1.3005230226070807e-10,16.571505881016435,17.33226809338306,17.3321375393484,108249,1.1231186389923096,1.0699200630187988,0.0004345151429274148,0.0682029933005042
0.0005486790323629975,0.006418540142476559,48,True,0,0.06889176388987303,4.016940017872189e-05,0.0003,0.010042641798965524,4.864803791046143,1.3005230226070807e-10,16.571505881016435,17.3321375393484,17.33200574215047,108250,1.1231149435043335,1.0699177980422974,0.0006962215687707339,0.06813494426065987
0.0005475047510117292,0.006176088936626911,512,False,0,0.018711044836247068,4.0683084751224285e-05,0.0003,0.008861984451784788,4.864803791046143,1.3005230226070807e-10,16.571505881016435,17.33200574215047,17.3318745738262,108251,1.123111367225647,1.0699156522750854,0.0007051194585166136,0.06806682065369173
0.0005479957326315343,0.00622313329949975,512,False,0,0.01970214879050596,2.3118806506772924e-05,0.0003,0.005958471551809714,4.864803791046143,1.3005230226070807e-10,16.571505881016435,17.300021053535698,17.299894613449403,108499,1.1222854852676392,1.069380760192871,0.0003999558392997897,0.05311493838643138
0.0005467553855851293,0.006179763004183769,48,True,0,0.05513029990165006,3.760381337149119e-05,0.0003,0.008344848314536303,4.864803791046143,1.3005230226070807e-10,16.571505881016435,17.299894613449403,17.299766395733315,108500,1.1222822666168213,1.0693786144256592,0.0006505420083906171,0.053061910350243324
0.0005477810045704246,0.006161693017929792,512,False,0,0.016153496477740104,3.4973979950882903e-05,0.0003,0.008030170569537498,4.864803791046143,1.3005230226070807e-10,16.571505881016435,17.299766395733315,17.299640317796015,108501,1.1222788095474243,1.0693764686584473,0.0006050416830793347,0.0530088561921848
0.0005489304894581437,0.006186825688928366,512,False,0,0.020947994727462345,3.1114059801637845e-05,0.0003,0.0067610982453706015,4.864803791046143,1.3005230226070807e-10,16.571505881016435,17.268899123882033,17.268771915133655,108749,1.1214609146118164,1.0688458681106567,0.0005373055600489169,0.04136539796398013
0.0005483092390932143,0.006183232180774212,48,True,0,0.05719698195437656,3.348357548807217e-05,0.0003,0.00883824546958311,4.864803791046143,1.3005230226070807e-10,16.571505881016435,17.268771915133655,17.268647717872238,108750,1.121457815170288,1.0688437223434448,0.0005782202280066784,0.04132412001896344
0.0005499289836734533,0.006169748492538929,512,False,0,0.013938422693739698,3.2139302535666886e-05,0.0003,0.008331953462400482,4.864803791046143,1.3005230226070807e-10,16.571505881016435,17.268647717872238,17.268522020809918,108751,1.1214544773101807,1.068841576576233,0.0005550022933865494,0.04128280103212043
0.0005500795668922365,0.006233587861061096,512,False,0,0.02136938109983038,2.646437655749008e-05,0.0003,0.006516306957000051,4.864803791046143,1.3005230226070807e-10,16.571505881016435,17.23874818120724,17.23862730908716,108999,1.1206402778625488,1.0683152675628662,0.0004562127232472156,0.032216513077537194
0.0005504215369001031,0.006241583731025457,48,True,0,0.05655188877251761,3.581047838186653e-05,0.0003,0.007971764966850769,4.864803791046143,1.3005230226070807e-10,16.571505881016435,17.23862730908716,17.23851080991051,109000,1.1206371784210205,1.0683131217956543,0.0006173234905851198,0.03218438483379901
0.0005500530824065208,0.006234943866729736,512,False,0,0.021654275413307767,3.551730447704213e-05,0.0003,0.007048217851231956,4.864803791046143,1.3005230226070807e-10,16.571505881016435,17.23851080991051,17.238394058754995,109001,1.1206340789794922,1.0683109760284424,0.0006122654371663738,0.03215221555628524
0.00055059848818928,0.006287852302193642,512,False,0,0.02106655904351972,2.2193322852544225e-05,0.0003,0.006042872375656301,4.864803791046143,1.3005230226070807e-10,16.571505881016435,17.209730563841127,17.209614057720056,109249,1.1198320388793945,1.06778883934021,0.0003819411066086241,0.02509159866985766
0.0005486021400429308,0.006209470331668854,48,True,0,0.051949989317377446,4.296546571634049e-05,0.0003,0.008606207983058714,4.864803791046143,1.3005230226070807e-10,16.571505881016435,17.209614057720056,17.20949630808986,109250,1.1198288202285767,1.067786693572998,0.0007394190827884224,0.02506656368046318
0.0005508044268935919,0.006254459731280804,512,False,0,0.016651953405072722,3.9007292881019805e-05,0.0003,0.0077880417049801245,4.864803791046143,1.3005230226070807e-10,16.571505881016435,17.20949630808986,17.20937680353444,109251,1.1198257207870483,1.0677846670150757,0.0006712958628244903,0.02504150442621649
0.0005510632181540132,0.006284818984568119,512,False,0,0.01539332964852149,2.8546102390262563e-05,0.0003,0.0061735561737991385,4.864803791046143,1.3005230226070807e-10,16.571505881016435,17.18171184512124,17.18160627647091,109499,1.119027018547058,1.067266583442688,0.000490470905570818,0.019543917570125566
0.0005528018809854984,0.006209637504070997,48,True,0,0.05786653132986595,3.918943941322012e-05,0.0003,0.00823370058942799,4.864803791046143,1.3005230226070807e-10,16.571505881016435,17.18160627647091,17.181497058151766,109500,1.1190239191055298,1.067264437675476,0.0006733375181935592,0.01952445770588851
0.0005504154250957072,0.006262192502617836,512,False,0,0.024122998626521692,3.6553612772131526e-05,0.0003,0.007953145316189184,4.864803791046143,1.3005230226070807e-10,16.571505881016435,17.181497058151766,17.181389073129868,109501,1.119020938873291,1.0672624111175537,0.0006280457903091967,0.019504953101224763
0.0005508181639015675,0.006300538778305054,512,False,0,0.015545161963808302,2.3884241779768654e-05,0.0003,0.0064466892084222285,4.864803791046143,1.3005230226070807e-10,16.571505881016435,17.15471195532189,17.15460763524384,109749,1.118227481842041,1.0667484998703003,0.0004097272880031959,0.015224315593078241
0.0005515111843124032,0.006389855407178402,48,True,0,0.06030300402822826,3.689758768095718e-05,0.0003,0.009202872939899714,4.864803791046143,1.3005230226070807e-10,16.571505881016435,17.15460763524384,17.154504667357983,109750,1.1182241439819336,1.066746473312378,0.000632963639353827,0.015209172627148467
0.0005511660710908473,0.0063339658081531525,512,False,0,0.019375363396620864,3.5977429514746155e-05,0.0003,0.00800273840325874,4.864803791046143,1.3005230226070807e-10,16.571505881016435,17.154504667357983,17.154401000472777,109751,1.1182209253311157,1.066744327545166,0.0006171749825302558,0.015193972780063219
0.0005517836543731391,0.006316874176263809,512,False,0,0.014844089945928951,2.5418043800849608e-05,0.0003,0.00912267616909096,4.864803791046143,1.3005230226070807e-10,16.571505881016435,17.128688908609117,17.128583405270227,109999,1.117436170578003,1.0662345886230469,0.00043537776493015343,0.011860937290325654
0.0005515955272130668,0.006385158747434616,48,True,0,0.05598877007046139,2.8866608370839574e-05,0.0003,0.010113409620485948,4.864803791046143,1.3005230226070807e-10,16.571505881016435,17.128583405270227,17.1284793124645,110000,1.1174334287643433,1.066232681274414,0.0004944441091071974,0.01184915188225715
0.0005517519894056022,0.0063643623143434525,512,False,0,0.01686842613597684,3.0123568394119965e-05,0.0003,0.009044875402616066,4.864803791046143,1.3005230226070807e-10,16.571505881016435,17.1284793124645,17.128375787017223,110001,1.117430567741394,1.0662305355072021,0.0005159709180562932,0.01183730959720777
0.0005518571706488729,0.006395171396434307,512,False,0,0.021156787650405066,2.4785631751834908e-05,0.0003,0.006544370689515333,4.864803791046143,1.3005230226070807e-10,16.571505881016435,17.103701757349228,17.10360541056327,110249,1.1166486740112305,1.0657247304916382,0.00042392605335086955,0.00924138436267808
0.0005500864353962243,0.006408491171896458,48,True,0,0.047878210821362926,4.017959258345545e-05,0.0003,0.008328730517823594,4.864803791046143,1.3005230226070807e-10,16.571505881016435,17.10360541056327,17.103506546693065,110250,1.1166455745697021,1.0657227039337158,0.0006872158971046164,0.009232206736124387
0.0005521508865058422,0.006349664181470871,512,False,0,0.014947913260669363,4.009020857999641e-05,0.0003,0.007713225984261136,4.864803791046143,1.3005230226070807e-10,16.571505881016435,17.103506546693065,17.103411530622754,110251,1.1166425943374634,1.0657206773757935,0.0006856831449062592,0.009222979719782613
0.0005522618303075433,0.006368835456669331,512,False,0,0.01760390884079003,2.8819484838744398e-05,0.0003,0.006633315129323698,4.864803791046143,1.3005230226070807e-10,16.571505881016435,17.079678538187363,17.079581049359657,110499,1.115867257118225,1.0652190446853638,0.0004922275366819188,0.007201292836942577
0.0005538319237530231,0.006310652941465378,48,True,0,0.06616976913224068,3.402244539803536e-05,0.0003,0.007841690950465432,4.864803791046143,1.3005230226070807e-10,16.571505881016435,17.079581049359657,17.079482648474137,110500,1.1158639192581177,1.0652170181274414,0.0005810891136731585,0.007194244333483394
0.0005529122427105904,0.00641622394323349,512,False,0,0.011765138290537698,2.9132274751095537e-05,0.0003,0.007348125086418879,4.864803791046143,1.3005230226070807e-10,16.571505881016435,17.079482648474137,17.079387129312963,110501,1.1158607006072998,1.065214991569519,0.0004975641811219174,0.007187051876757169
0.0005518273683264852,0.006439272314310074,512,False,0,0.017408067437307585,2.409467978822725e-05,0.0003,0.0074078399542495624,4.864803791046143,1.3005230226070807e-10,16.571505881016435,17.05661377416156,17.056521229693423,110749,1.1150898933410645,1.0647172927856445,0.000410973647159889,0.005613413815582482
0.0005528465262614191,0.0064192721620202065,48,True,0,0.051248346410604315,3.952953752996155e-05,0.0003,0.009947011105274186,4.864803791046143,1.3005230226070807e-10,16.571505881016435,17.056521229693423,17.05642923216468,110750,1.1150869131088257,1.0647153854370117,0.000674236396079752,0.005607867101139445
0.000552512239664793,0.0064446330070495605,512,False,0,0.020089215349170984,3.345449846244869e-05,0.0003,0.0089648248817828,4.864803791046143,1.3005230226070807e-10,16.571505881016435,17.05642923216468,17.05633688755584,110751,1.1150838136672974,1.0647133588790894,0.0005706142855223182,0.005602274731729338
0.0005516805686056614,0.006453840062022209,512,False,0,0.02430710655709516,3.0634568849674544e-05,0.0003,0.006174812110621637,4.864803791046143,1.3005230226070807e-10,16.571505881016435,17.034450813610377,17.034369205175828,110999,1.1143178939819336,1.0642194747924805,0.0005218430562659417,0.004375871953672818
0.0005553485243581235,0.0063772909343242645,48,True,0,0.05533201410835584,3.5406479998562245e-05,0.0003,0.008790165077784993,4.864803791046143,1.3005230226070807e-10,16.571505881016435,17.034369205175828,17.034287803068832,111000,1.1143152713775635,1.0642175674438477,0.0006031270525511827,0.004371583068699683
0.0005527696339413524,0.0065102726221084595,512,False,0,0.01733474308497206,2.9028040324800703e-05,0.0003,0.00857184589008529,4.864803791046143,1.3005230226070807e-10,16.571505881016435,17.034287803068832,17.03420510196415,111001,1.1143125295639038,1.0642155408859253,0.0004944719932517428,0.004367218231094216
0.0005542614380829036,0.0064301383681595325,512,False,0,0.02337257820645843,2.1040752085521016e-05,0.0003,0.006894269274747514,4.864803791046143,1.3005230226070807e-10,16.571505881016435,17.01320343867588,17.013120306978603,111249,1.1135499477386475,1.0637255907058716,0.00035797059573371284,0.003412966325381856
0.0005521912826225162,0.006279634311795235,48,True,0,0.0513197481283816,3.9317825363341905e-05,0.0003,0.008686633931198022,4.864803791046143,1.3005230226070807e-10,16.571505881016435,17.013120306978603,17.013028071301704,111250,1.1135470867156982,1.0637236833572388,0.0006689188931153106,0.0034096246320805754
0.000552395882550627,0.00640034768730402,512,False,0,0.019075920812871076,3.5840999517417816e-05,0.0003,0.0075657604292105355,4.864803791046143,1.3005230226070807e-10,16.571505881016435,17.013028071301704,17.012937091379495,111251,1.11354398727417,1.0637216567993164,0.0006097639308933401,0.0034062279470630525
0.0005519940168596804,0.006519930437207222,512,False,0,0.024845073956103816,2.205036380447249e-05,0.0003,0.006889455505450763,4.864803791046143,1.3005230226070807e-10,16.571505881016435,16.99279420857301,16.992716093382775,111499,1.1127903461456299,1.0632356405258179,0.00037469729435356806,0.0026632685838801936
0.000551357283256948,0.006373126059770584,48,True,0,0.05394422612087459,3.8926087319546755e-05,0.0003,0.008635915387990363,4.864803791046143,1.3005230226070807e-10,16.571505881016435,16.992716093382775,16.99263939605417,111500,1.112787127494812,1.063233733177185,0.0006614599504472853,0.002660676637431845
0.0005523944273591042,0.006544358097016811,512,False,0,0.017581713728587675,3.935579168457456e-05,0.0003,0.007847978372769114,4.864803791046143,1.3005230226070807e-10,16.571505881016435,16.99263939605417,16.99255949425131,111501,1.1127837896347046,1.0632318258285522,0.0006687587762422028,0.0026580243441427184
0.0005523621221072972,0.006480654235929251,512,False,0,0.020605457378062297,2.30214768753125e-05,0.0003,0.007556452304678878,4.864803791046143,1.3005230226070807e-10,16.571505881016435,16.973250609445067,16.973174210192035,111749,1.1120332479476929,1.0627496242523193,0.00039074929640422345,0.0020794849272143235
0.0005523501895368099,0.006668183021247387,48,True,0,0.060677188492089,4.39615984875648e-05,0.0003,0.007338353825053269,4.864803791046143,1.3005230226070807e-10,16.571505881016435,16.973174210192035,16.973095392002843,111750,1.112030029296875,1.0627477169036865,0.000746167869687952,0.0020775352280995173
0.0005521836574189365,0.006467394530773163,512,False,0,0.017463342596329607,3.921591440062846e-05,0.0003,0.007049959833058004,4.864803791046143,1.3005230226070807e-10,16.571505881016435,16.973095392002843,16.973016433078087,111751,1.1120268106460571,1.0627458095550537,0.0006656154560064849,0.0020754657335088967
0.0005528205074369907,0.0065412139520049095,512,False,0,0.018015820667421092,2.343621258742148e-05,0.0003,0.00588834966899746,4.864803791046143,1.3005230226070807e-10,16.571505881016435,16.95455432520049,16.954478005290472,111999,1.111282467842102,1.0622674226760864,0.000397350539490385,0.0016242593024621524
0.0005519703263416886,0.0066377632319927216,48,True,0,0.04176927583746905,3.379267461933763e-05,0.0003,0.00681917689171268,4.864803791046143,1.3005230226070807e-10,16.571505881016435,16.954478005290472,16.9544017142443,112000,1.1112796068191528,1.0622655153274536,0.0005729371585734975,0.001622671944542628
0.0005531914648599923,0.006527572870254517,512,False,0,0.015997326891454954,3.0210693001438797e-05,0.0003,0.006827233131125099,4.864803791046143,1.3005230226070807e-10,16.571505881016435,16.9544017142443,16.954326497749328,112001,1.1112767457962036,1.0622634887695312,0.0005122042252121023,0.0016210568381313604
0.0005525143351405859,0.0065620290115475655,512,False,0,0.0248045123103917,2.0119613936048384e-05,0.0003,0.006786766366672408,4.864803791046143,1.3005230226070807e-10,16.571505881016435,16.936641469160534,16.936571602914626,112249,1.1105363368988037,1.0617890357971191,0.00034075868773277723,0.0012704644078326704
0.0005507293390110135,0.006743166595697403,48,True,0,0.053272836508855004,3.6683567064269674e-05,0.0003,0.007705933197903524,4.864803791046143,1.3005230226070807e-10,16.571505881016435,16.936571602914626,16.936503627509303,112250,1.110533356666565,1.0617871284484863,0.000621293860234324,0.0012692876582079875
0.0005525264423340559,0.006529923062771559,512,False,0,0.016912187317027108,3.078982590043862e-05,0.0003,0.007061091453525974,4.864803791046143,1.3005230226070807e-10,16.571505881016435,16.936503627509303,16.936436492816853,112251,1.1105302572250366,1.0617852210998535,0.0005214719980531586,0.0012680277509907966
0.0005517106037586927,0.0065775066614151,512,False,0,0.019580495695607592,2.8509951300401806e-05,0.0003,0.005821423596938292,4.864803791046143,1.3005230226070807e-10,16.571505881016435,16.919541835297046,16.91947706585589,112499,1.109796404838562,1.061314344406128,0.00048237531374942976,0.0009947744584188124
0.0005553534138016403,0.006422491278499365,48,True,0,0.06451854147955638,3.0045299114717405e-05,0.0003,0.009196672090909823,4.864803791046143,1.3005230226070807e-10,16.571505881016435,16.91947706585589,16.91941414263392,112500,1.1097934246063232,1.0613124370574951,0.0005083507493082414,0.0009939537241622806
0.0005517619429156184,0.006612492725253105,512,False,0,0.015783545984517425,2.687134612711834e-05,0.0003,0.008635769358763543,4.864803791046143,1.3005230226070807e-10,16.571505881016435,16.91941414263392,16.919348122019215,112501,1.1097904443740845,1.0613105297088623,0.0004546474336947772,0.0009929648426109186
0.0005517738172784448,0.006639075931161642,512,False,0,0.019732062785830933,2.349591174584755e-05,0.0003,0.00617987911834536,4.864803791046143,1.3005230226070807e-10,16.571505881016435,16.9031599670034,16.903093239240917,112749,1.109061360359192,1.0608434677124023,0.0003971551548106553,0.0007793721917251548
0.0005514565273188055,0.006802319549024105,48,True,0,0.06179784336991559,4.707330625264027e-05,0.0003,0.00798627833398158,4.864803791046143,1.3005230226070807e-10,16.571505881016435,16.903093239240917,16.903021524909377,112750,1.1090588569641113,1.060841679573059,0.0007956844846677208,0.0007786870850045142
0.0005509663606062531,0.006643607281148434,512,False,0,0.022138044213893975,3.922758828983292e-05,0.0003,0.007330544963976745,4.864803791046143,1.3005230226070807e-10,16.571505881016435,16.903021524909377,16.902954721609333,112751,1.1090562343597412,1.0608397722244263,0.0006630647692333288,0.0007779276117449225
0.0005534210940822959,0.0066552008502185345,512,False,0,0.022090038126016624,2.3738861347875744e-05,0.0003,0.006663569261066977,4.864803791046143,1.3005230226070807e-10,16.571505881016435,16.887508326758994,16.887450019738072,112999,1.1083296537399292,1.060376524925232,0.0004008902186800289,0.0006128964803126524
0.0005466833827085793,0.00666643213480711,48,True,0,0.053592409195268385,3.4918553829758726e-05,0.0003,0.00789527117989148,4.864803791046143,1.3005230226070807e-10,16.571505881016435,16.887450019738072,16.88738785956411,113000,1.10832679271698,1.0603746175765991,0.0005896853325615839,0.0006123748641134875
0.0005522764986380935,0.006631277501583099,512,False,0,0.014118952426797251,2.992405279530144e-05,0.0003,0.007747567739548258,4.864803791046143,1.3005230226070807e-10,16.571505881016435,16.88738785956411,16.887326501835254,113001,1.1083239316940308,1.0603727102279663,0.000505339085884329,0.0006117673754037693
0.0005519609549082816,0.006695943884551525,512,False,0,0.02423992047658889,2.073378593002234e-05,0.0003,0.006896606519456934,4.864803791046143,1.3005230226070807e-10,16.571505881016435,16.872520494384986,16.872462932100298,113249,1.1076046228408813,1.059912919998169,0.00034983122803049297,0.0004831872968276575
0.0005513423820957541,0.006727308034896851,48,True,0,0.07571754184975656,3.777216739060767e-05,0.0003,0.010260687999128028,4.864803791046143,1.3005230226070807e-10,16.571505881016435,16.872462932100298,16.87240710017543,113250,1.1076016426086426,1.0599110126495361,0.0006373094941631156,0.00048292711401929614
0.0005523565341718495,0.006641475483775139,512,False,0,0.016223365134210712,3.6376612943278536e-05,0.0003,0.008909676574607032,4.864803791046143,1.3005230226070807e-10,16.571505881016435,16.87240710017543,16.872350230924557,113251,1.107598900794983,1.0599092245101929,0.0006137610225045062,0.0004824517897382956
0.0005515122902579606,0.0066837407648563385,512,False,0,0.019459298692780267,2.6630903988834466e-05,0.0003,0.006686968705796456,4.864803791046143,1.3005230226070807e-10,16.571505881016435,16.85818266392557,16.858129370384805,113499,1.1068835258483887,1.0594532489776611,0.0004489486439492356,0.0003819524022494709
0.0005505182780325413,0.006826851516962051,48,True,0,0.07833117057841184,3.0514275634248058e-05,0.0003,0.009656062842892613,4.864803791046143,1.3005230226070807e-10,16.571505881016435,16.858129370384805,16.858074789491784,113500,1.1068806648254395,1.0594513416290283,0.0005144136062857346,0.0003818343107785377
0.0005509696202352643,0.006735982373356819,512,False,0,0.013252065213732216,2.976368806851642e-05,0.0003,0.008719718139498697,4.864803791046143,1.3005230226070807e-10,16.571505881016435,16.858074789491784,16.858017953697594,113501,1.1068776845932007,1.059449553489685,0.000501758479470154,0.0003814557932695566
0.0005508474423550069,0.0066960775293409824,512,False,0,0.020546874851437063,2.1352946813404312e-05,0.0003,0.006101414388808819,4.864803791046143,1.3005230226070807e-10,16.571505881016435,16.844494143768372,16.844443761107495,113749,1.1061692237854004,1.0589971542358398,0.0003596795875505865,0.00030407962760767304
0.0005502328276634216,0.0067001692950725555,48,True,0,0.056291368439865964,3.0678476045614834e-05,0.0003,0.009049019960983522,4.864803791046143,1.3005230226070807e-10,16.571505881016435,16.844443761107495,16.844391717207056,113750,1.1061663627624512,1.058995246887207,0.0005167618644268425,0.00030391460423607444
0.0005509363254532218,0.006699354387819767,512,False,0,0.017006189260588816,2.941711969674199e-05,0.0003,0.008698508291975382,4.864803791046143,1.3005230226070807e-10,16.571505881016435,16.844391717207056,16.84433746877961,113751,1.106163501739502,1.0589934587478638,0.0004955134873638893,0.0003036184801376101
0.000551086210180074,0.006760822143405676,512,False,0,0.02757109866449176,2.100285796133165e-05,0.0003,0.0061876756505607295,4.864803791046143,1.3005230226070807e-10,16.571505881016435,16.831379756806115,16.83133032488162,113999,1.1054606437683105,1.0585445165634155,0.0003535070783254317,0.00024282383835437738
0.0005511090275831521,0.006755640264600515,48,True,0,0.0687916151902563,3.3186816518818925e-05,0.0003,0.0084255226612531,4.864803791046143,1.3005230226070807e-10,16.571505881016435,16.83133032488162,16.83128094779158,114000,1.1054574251174927,1.0585427284240723,0.0005585782712594792,0.00024277650979643295
0.0005491887568496168,0.0067521678283810616,512,False,0,0.018963625255159024,3.004287810265316e-05,0.0003,0.007519548343637795,4.864803791046143,1.3005230226070807e-10,16.571505881016435,16.83128094779158,16.83123165294042,114001,1.105454444885254,1.0585408210754395,0.000505660121826011,0.00024255001792936306
0.0005510210758075118,0.006663765758275986,512,False,0,0.02461656822358726,2.27447516127652e-05,0.0003,0.007715659425655443,4.864803791046143,1.3005230226070807e-10,16.571505881016435,16.8188739652021,16.81882424180668,114249,1.1047545671463013,1.0580955743789673,0.00038254111074492513,0.0001960731211489864
0.0005511909257620573,0.006769861094653606,48,True,0,0.055247512156994374,3.716727069925183e-05,0.0003,0.009393995255455881,4.864803791046143,1.3005230226070807e-10,16.571505881016435,16.81882424180668,16.818775482075832,114250,1.1047518253326416,1.058093786239624,0.0006251097934383678,0.00019596706002778116
0.0005494996439665556,0.0067010060884058475,512,False,0,0.018807729151982013,3.468694055610951e-05,0.0003,0.008864004377241313,4.864803791046143,1.3005230226070807e-10,16.571505881016435,16.818775482075832,16.818727623843102,114251,1.1047492027282715,1.0580919981002808,0.0005833918653733165,0.0001957820919373458
0.0005488978349603713,0.006744589656591415,512,False,0,0.03259187536165568,2.17903759892535e-05,0.0003,0.007644884591427699,4.864803791046143,1.3005230226070807e-10,16.571505881016435,16.8069140070533,16.806865512030374,114499,1.1040568351745605,1.057650089263916,0.0003662289754327426,0.00016046469600455702
0.000549163029063493,0.006931920535862446,48,True,0,0.059983912873281454,3.085906802378557e-05,0.0003,0.010776910223008212,4.864803791046143,1.3005230226070807e-10,16.571505881016435,16.806865512030374,16.80681822762411,114500,1.10405433177948,1.0576483011245728,0.0005186442061023609,0.0001604660008901237
0.000549012329429388,0.006733418442308903,512,False,0,0.019674852842451327,2.7560417721752012e-05,0.0003,0.010429380845395051,4.864803791046143,1.3005230226070807e-10,16.571505881016435,16.80681822762411,16.806772676456482,114501,1.1040518283843994,1.0576465129852295,0.00046320293092687624,0.0001603215888636907
0.0005482665728777647,0.0067561292089521885,512,False,0,0.02068829891463589,2.020294897861755e-05,0.0003,0.007806854816876132,4.864803791046143,1.3005230226070807e-10,16.571505881016435,16.795501143760756,16.79545786590338,114749,1.10336172580719,1.0572081804275513,0.00033931865267771127,0.00013156140780063818
0.0005522681749425828,0.006799820810556412,48,True,0,0.06212203909479701,3.335922781833625e-05,0.0003,0.008251942207257305,4.864803791046143,1.3005230226070807e-10,16.571505881016435,16.79545786590338,16.79541398934143,114750,1.1033587455749512,1.057206392288208,0.0005602835052619384,0.00013155781565192017
0.0005488527240231633,0.006774496752768755,512,False,0,0.023018412548614916,2.9870699252859578e-05,0.0003,0.007936210894447895,4.864803791046143,1.3005230226070807e-10,16.571505881016435,16.79541398934143,16.795372554201503,114751,1.1033557653427124,1.0572046041488647,0.0005016907601028883,0.00013145173388553927
0.0005478665116243064,0.006749916356056929,512,False,0,0.014763051875745496,2.1879861640118235e-05,0.0003,0.006214624300366276,4.864803791046143,1.3005230226070807e-10,16.571505881016435,16.78461429397811,16.784572593506994,114999,1.1026718616485596,1.0567697286605835,0.00036724503843499183,0.00010953765281145209
0.0005490339244715869,0.00692256074398756,48,True,0,0.04702910758694859,3.245160069731588e-05,0.0003,0.008143032602215354,4.864803791046143,1.3005230226070807e-10,16.571505881016435,16.784572593506994,16.78452938799765,115000,1.102669358253479,1.0567680597305298,0.0005446862476796006,0.0001094783250916316
0.0005479989340528846,0.006786399520933628,512,False,0,0.018085140214406156,4.3648134791230314e-05,0.0003,0.007624890891966418,4.864803791046143,1.3005230226070807e-10,16.571505881016435,16.78452938799765,16.784480653484923,115001,1.1026666164398193,1.0567662715911865,0.000732613401134688,0.00010938008022549068
0.0005478519015014172,0.006839243695139885,512,False,0,0.015246618275404354,1.8693070504933762e-05,0.0003,0.007398262563677704,4.864803791046143,1.3005230226070807e-10,16.571505881016435,16.774207011607153,16.774167706833715,115249,1.1019890308380127,1.0563348531723022,0.0003135614343323268,9.319337183834347e-05
0.0005472269258461893,0.006756519433110952,48,True,0,0.05766650562898051,3.921518649782168e-05,0.0003,0.00843787271414016,4.864803791046143,1.3005230226070807e-10,16.571505881016435,16.774167706833715,16.774129301525466,115250,1.1019865274429321,1.056333065032959,0.0006578021149692219,9.326392621570861e-05
0.0005477259401232004,0.006760026328265667,512,False,0,0.021826403816517258,3.915416956013698e-05,0.0003,0.007273262318177787,4.864803791046143,1.3005230226070807e-10,16.571505881016435,16.774129301525466,16.77408902431487,115251,1.1019840240478516,1.0563312768936157,0.0006567771028955902,9.31943293308634e-05
0.0005462245899252594,0.006730985827744007,512,False,0,0.017413057101973238,1.8415759553990154e-05,0.0003,0.007272504033646685,4.864803791046143,1.3005230226070807e-10,16.571505881016435,16.76427605076439,16.764237751445055,115499,1.1013085842132568,1.0559033155441284,0.0003087268768475927,8.031156048009435e-05
0.000547393225133419,0.007056616246700287,48,True,0,0.05741924559379094,3.6349919023580355e-05,0.0003,0.008091510654145661,4.864803791046143,1.3005230226070807e-10,16.571505881016435,16.764237751445055,16.764201968607985,115500,1.1013059616088867,1.0559015274047852,0.0006093786847570766,8.035423326390018e-05
0.0005473592318594456,0.006782475858926773,512,False,0,0.013337987698534198,3.174207904339401e-05,0.0003,0.007438156242178654,4.864803791046143,1.3005230226070807e-10,16.571505881016435,16.764201968607985,16.76416519350396,115501,1.1013033390045166,1.055899739265442,0.0005321306239869761,8.0277672407658e-05
0.0005469103343784809,0.006790465675294399,512,False,0,0.01952286393919261,2.0755404513564023e-05,0.0003,0.006321952352799195,4.864803791046143,1.3005230226070807e-10,16.571505881016435,16.754794724162693,16.75475529146129,115749,1.1006361246109009,1.055475115776062,0.00034775254204172504,7.20089770749583e-05
0.0005476191872730851,0.0069044204428792,48,True,0,0.0737073749563614,3.25140873561135e-05,0.0003,0.008868154889951897,4.864803791046143,1.3005230226070807e-10,16.571505881016435,16.75475529146129,16.75471800502092,115750,1.1006330251693726,1.0554734468460083,0.0005447655771768773,7.22724482937861e-05
0.0005466420552693307,0.006798045709729195,512,False,0,0.018330397007033712,2.9592723675575784e-05,0.0003,0.009216403763843587,4.864803791046143,1.3005230226070807e-10,16.571505881016435,16.75471800502092,16.75467913565557,115751,1.1006300449371338,1.0554717779159546,0.0004958177401847784,7.221600043511747e-05
0.000545161368791014,0.006776010151952505,512,False,0,0.01867605509341918,2.338466103975105e-05,0.0003,0.005949256143975373,4.864803791046143,1.3005230226070807e-10,16.571505881016435,16.74569760506804,16.745660955753635,115999,1.0999683141708374,1.0550503730773926,0.0003915924623686871,6.621272515185284e-05
0.0005517643294297159,0.006777576170861721,48,True,0,0.08773053841415147,3.0027372671452894e-05,0.0003,0.009820576178863357,4.864803791046143,1.3005230226070807e-10,16.571505881016435,16.745660955753635,16.745625998496532,116000,1.0999655723571777,1.0550487041473389,0.0005028282021482124,6.664211705087731e-05
0.000546176393982023,0.006855733692646027,512,False,0,0.020071972278188036,2.803606104092398e-05,0.0003,0.00903151022848708,4.864803791046143,1.3005230226070807e-10,16.571505881016435,16.745625998496532,16.745591349454298,116001,1.099962830543518,1.0550470352172852,0.00046948139266233234,6.659517590475458e-05
0.0005450764438137412,0.0069236536510288715,512,False,0,0.024513953757909823,2.0602035679069945e-05,0.0003,0.007319230652219989,4.864803791046143,1.3005230226070807e-10,16.571505881016435,16.73704058209511,16.737006165491074,116249,1.0993019342422485,1.0546289682388306,0.000344817107234365,6.092708090176226e-05
0.0005478003295138478,0.006791928317397833,48,True,0,0.04227593157807393,3.029821095403119e-05,0.0003,0.008123814263965988,4.864803791046143,1.3005230226070807e-10,16.571505881016435,16.737006165491074,16.73696981909019,116250,1.0992993116378784,1.0546272993087769,0.0005071013435409693,6.093902836795475e-05
0.0005451306933537126,0.006851050071418285,512,False,0,0.025147674709650958,2.7107068099618555e-05,0.0003,0.007089265230515362,4.864803791046143,1.3005230226070807e-10,16.571505881016435,16.73696981909019,16.736934292309016,116251,1.0992969274520874,1.0546255111694336,0.00045369018066733827,6.0916908888467944e-05
0.000544846523553133,0.006794296205043793,512,False,0,0.02031932977122297,2.105909828960629e-05,0.0003,0.006984911509010365,4.864803791046143,1.3005230226070807e-10,16.571505881016435,16.728734618145086,16.728703959586856,116499,1.098641276359558,1.0542107820510864,0.00035229206658425675,5.619644315093741e-05
0.0005455142236314714,0.006698073353618383,48,True,0,0.04994186085975944,3.469372948623225e-05,0.0003,0.008963550267491337,4.864803791046143,1.3005230226070807e-10,16.571505881016435,16.728703959586856,16.728672557390034,116500,1.0986385345458984,1.0542091131210327,0.0005803811298291687,5.624591854487944e-05
0.000545549497473985,0.006774189881980419,512,False,0,0.021215394585073637,3.243909611555338e-05,0.0003,0.007998658229867723,4.864803791046143,1.3005230226070807e-10,16.571505881016435,16.728672557390034,16.72864425163863,116501,1.0986357927322388,1.054207444190979,0.0005426630169747955,5.620858672348767e-05
0.0005438744556158781,0.006795782130211592,512,False,0,0.016281444718079817,2.3716012825881583e-05,0.0003,0.0058036854698157595,4.864803791046143,1.3005230226070807e-10,16.571505881016435,16.720844846044713,16.72081023514977,116749,1.0979870557785034,1.0537959337234497,0.00039655177082837236,5.4349666800700644e-05
0.0005458442610688508,0.006807080470025539,48,True,0,0.035053708833582393,3.4062231175014875e-05,0.0003,0.006561080135913504,4.864803791046143,1.3005230226070807e-10,16.571505881016435,16.72081023514977,16.720777562084386,116750,1.0979844331741333,1.053794264793396,0.0005695481036632262,5.432166127790309e-05
0.0005444799899123609,0.006776187568902969,512,False,0,0.017914784571619352,3.287767723963393e-05,0.0003,0.006625871203368053,4.864803791046143,1.3005230226070807e-10,16.571505881016435,16.720777562084386,16.720744894231462,116751,1.0979818105697632,1.0537925958633423,0.0005497403278819235,5.428195364734757e-05
0.0005426960997283459,0.006820315029472113,512,False,0,0.019984409030349246,2.2133807048297308e-05,0.0003,0.007491560701916129,4.864803791046143,1.3005230226070807e-10,16.571505881016435,16.71320489194355,16.713173843778662,116999,1.0973352193832397,1.0533844232559204,0.00036992685223693724,5.162237340807521e-05
0.0005441713146865368,0.0068940273486077785,48,True,0,0.0555194663018023,3.053439850133578e-05,0.0003,0.010087435744269095,4.864803791046143,1.3005230226070807e-10,16.571505881016435,16.713173843778662,16.713144291543745,117000,1.0973329544067383,1.0533827543258667,0.0005103267103680395,5.1717588647491306e-05
0.0005432824837043881,0.0068203965201973915,512,False,0,0.0183539080830122,3.0703109067312406e-05,0.0003,0.009165203934935567,4.864803791046143,1.3005230226070807e-10,16.571505881016435,16.713144291543745,16.713115403391143,117001,1.0973304510116577,1.053381085395813,0.0005131454920409974,5.1681514185671704e-05
0.000541062094271183,0.006888478063046932,512,False,0,0.019169591298215414,2.1747261949061848e-05,0.0003,0.006927099081083367,4.864803791046143,1.3005230226070807e-10,16.571505881016435,16.70597103612471,16.70594158351666,117249,1.0966877937316895,1.0529760122299194,0.0003633091282360442,4.9630361731032685e-05
0.0005414732731878757,0.006698423996567726,48,True,0,0.07052267717974166,2.79142465746586e-05,0.0003,0.008903789330518167,4.864803791046143,1.3005230226070807e-10,16.571505881016435,16.70594158351666,16.705913055398362,117250,1.0966851711273193,1.0529743432998657,0.00046633377262412655,4.98741913566983e-05
0.0005430553574115038,0.006915994919836521,512,False,0,0.018928544034592674,2.5528877528701604e-05,0.0003,0.007826178057930781,4.864803791046143,1.3005230226070807e-10,16.571505881016435,16.705913055398362,16.70588385066068,117251,1.0966825485229492,1.0529727935791016,0.000426483208396402,4.984247120192349e-05
0.0005415665218606591,0.0069131809286773205,512,False,0,0.021257587824268207,1.834642173377297e-05,0.0003,0.00615228930899434,4.864803791046143,1.3005230226070807e-10,16.571505881016435,16.698968012935495,16.69894323948953,117499,1.0960434675216675,1.0525708198547363,0.00030636630968409936,4.8705231618654475e-05
0.0005386460106819868,0.006758637260645628,48,True,0,0.04067071831835612,3.3853706450104e-05,0.0003,0.007023491596469739,4.864803791046143,1.3005230226070807e-10,16.571505881016435,16.69894323948953,16.69891977428074,117500,1.0960407257080078,1.0525692701339722,0.0005653211224566272,4.870383236470693e-05
0.0005430993624031544,0.006872192490845919,512,False,0,0.018761141642717097,3.1072832260791516e-05,0.0003,0.006936971285232804,4.864803791046143,1.3005230226070807e-10,16.571505881016435,16.69891977428074,16.69889509276692,117501,1.0960381031036377,1.0525676012039185,0.00051888273308264,4.8672198289647564e-05
0.000540947075933218,0.006904006935656071,512,False,0,0.018297719155818494,2.0413638954527298e-05,0.0003,0.006947080982336169,4.864803791046143,1.3005230226070807e-10,16.571505881016435,16.692354327191136,16.69233081625065,117749,1.0954060554504395,1.0521689653396606,0.0003407516945363213,4.8324825480528056e-05
0.0005420888192020357,0.0068110814318060875,48,True,0,0.06139089263058981,4.104793705604701e-05,0.0003,0.008611215703793975,4.864803791046143,1.3005230226070807e-10,16.571505881016435,16.69233081625065,16.692301398998897,117750,1.0954036712646484,1.0521674156188965,0.0006851857446641704,4.849957198952444e-05
0.000541057379450649,0.00687137758359313,512,False,0,0.025965347350258083,3.750764328936313e-05,0.0003,0.007377155358457245,4.864803791046143,1.3005230226070807e-10,16.571505881016435,16.692301398998897,16.692272793328573,117751,1.0954012870788574,1.0521657466888428,0.0006260888865521877,4.8491814447205336e-05
0.0005398596986196935,0.006868857424706221,512,False,0,0.023925598722329793,1.8999658062414397e-05,0.0003,0.006747501065591519,4.864803791046143,1.3005230226070807e-10,16.571505881016435,16.68601874047582,16.685995434277267,117999,1.0947719812393188,1.0517702102661133,0.00031702865049207916,4.917202997797076e-05
0.0005396959604695439,0.006840079091489315,48,True,0,0.060971952058404326,2.983411093870013e-05,0.0003,0.008515406613372025,4.864803791046143,1.3005230226070807e-10,16.571505881016435,16.685995434277267,16.685971076325576,118000,1.0947694778442383,1.0517685413360596,0.0004978118389088719,4.935771346259495e-05
0.000540780951268971,0.00680391862988472,512,False,0,0.02214772992787859,2.764713723410874e-05,0.0003,0.008109421217532846,4.864803791046143,1.3005230226070807e-10,16.571505881016435,16.685971076325576,16.68594528816114,118001,1.0947669744491577,1.0517669916152954,0.00046131933223154226,4.933736420606705e-05
0.0005397998029366136,0.006901598535478115,512,False,0,0.03116490703309919,2.1149081778097322e-05,0.0003,0.006930187460081681,4.864803791046143,1.3005230226070807e-10,16.571505881016435,16.67989690111114,16.679873747298423,118249,1.0941427946090698,1.0513745546340942,0.0003527645036118316,4.937134736386999e-05
0.0005400906666181982,0.006806021090596914,48,True,0,0.05959338137368667,2.845583312640855e-05,0.0003,0.00881499570268979,4.864803791046143,1.3005230226070807e-10,16.571505881016435,16.679873747298423,16.67984860903896,118250,1.0941402912139893,1.0513728857040405,0.0004746397039226868,4.9473939299766e-05
0.0005393970059230924,0.006863520480692387,512,False,0,0.01854698076641124,2.9699617107748933e-05,0.0003,0.008621848914012126,4.864803791046143,1.3005230226070807e-10,16.571505881016435,16.67984860903896,16.679825082234032,118251,1.0941377878189087,1.0513713359832764,0.0004953851171036757,4.943836263399508e-05
0.0005382639938034117,0.006884080357849598,512,False,0,0.020073942494279767,2.2455255108592634e-05,0.0003,0.0069760034925346,4.864803791046143,1.3005230226070807e-10,16.571505881016435,16.674089573481538,16.674064865811985,118499,1.093515157699585,1.050981879234314,0.0003744209350760525,5.001555328010148e-05
0.0005373354069888592,0.006851023994386196,48,True,0,0.061492002802238606,2.9791098037904912e-05,0.0003,0.008284525790037838,4.864803791046143,1.3005230226070807e-10,16.571505881016435,16.674064865811985,16.67404133497532,118500,1.0935125350952148,1.0509803295135498,0.0004967387011077907,5.015767780815581e-05
0.0005381553201004863,0.006865808740258217,512,False,0,0.022059038290452918,2.9021945292400507e-05,0.0003,0.007810866600221172,4.864803791046143,1.3005230226070807e-10,16.571505881016435,16.67404133497532,16.674018363754257,118501,1.0935100317001343,1.0509787797927856,0.0004839131154268785,5.0134419860620885e-05
0.0005384662072174251,0.00684284046292305,512,False,0,0.022974633023130377,1.8989408265282825e-05,0.0003,0.0069536113111095125,4.864803791046143,1.3005230226070807e-10,16.571505881016435,16.668509704477007,16.668489601503452,118749,1.0928921699523926,1.0505924224853516,0.0003165251359521427,4.965118232416622e-05
0.0005371965235099196,0.0069418358616530895,48,True,0,0.0800384566463292,3.84144149761231e-05,0.0003,0.010835780998881639,4.864803791046143,1.3005230226070807e-10,16.571505881016435,16.668489601503452,16.668464028595686,118750,1.0928897857666016,1.0505908727645874,0.0006403102765773464,4.996908092917148e-05
0.0005384766845963895,0.00688544474542141,512,False,0,0.02311700349872785,3.115055048845932e-05,0.0003,0.009240064889841915,4.864803791046143,1.3005230226070807e-10,16.571505881016435,16.668464028595686,16.668441176693072,118751,1.092887282371521,1.0505893230438232,0.0005192318302878379,4.994649877491418e-05
0.0005363427335396409,0.006861881352961063,512,False,0,0.022254931639523117,2.0354961734345585e-05,0.0003,0.006057534511480303,4.864803791046143,1.3005230226070807e-10,16.571505881016435,16.663136201698517,16.66311246656508,118999,1.0922752618789673,1.0502060651779175,0.00033917749975976197,4.972563499913424e-05
0.0005349302664399147,0.006892066448926926,48,True,0,0.046862136010183256,4.089773431638301e-05,0.0003,0.007673217388667955,4.864803791046143,1.3005230226070807e-10,16.571505881016435,16.66311246656508,16.66308656361868,119000,1.0922727584838867,1.0502045154571533,0.0006814835465415882,4.9759180108756254e-05
0.0005384248215705156,0.00685732951387763,512,False,0,0.0279219923088952,3.649792020932755e-05,0.0003,0.0072536231502774145,4.864803791046143,1.3005230226070807e-10,16.571505881016435,16.66308656361868,16.663061118307283,119001,1.0922702550888062,1.0502029657363892,0.0006081680038400725,4.9759660478388875e-05
0.0005360858631320298,0.006885057780891657,512,False,0,0.026977251385545842,2.192757394846964e-05,0.0003,0.006679902581054916,4.864803791046143,1.3005230226070807e-10,16.571505881016435,16.657948547786447,16.657929305139984,119249,1.0916578769683838,1.0498226881027222,0.0003652683986113898,5.014620110374557e-05
0.0005364071112126112,0.006821124814450741,48,True,0,0.05052763437953695,3.020761287898312e-05,0.0003,0.007593741983456807,4.864803791046143,1.3005230226070807e-10,16.571505881016435,16.657929305139984,16.657903790474926,119250,1.0916553735733032,1.049821138381958,0.0005031962798151369,5.0224194179859447e-05
0.0005352688604034483,0.006866068579256535,512,False,0,0.01590135627403002,2.7276505423766663e-05,0.0003,0.007190674262412957,4.864803791046143,1.3005230226070807e-10,16.571505881016435,16.657903790474926,16.657880486150848,119251,1.0916529893875122,1.0498195886611938,0.00045436940308947254,5.01825822263346e-05
0.0005355918547138572,0.006876453757286072,512,False,0,0.025473716826693478,1.954231794782667e-05,0.0003,0.005916144415950806,4.864803791046143,1.3005230226070807e-10,16.571505881016435,16.653036463643645,16.653015691058876,119499,1.0910483598709106,1.0494422912597656,0.0003254389333692752,4.993072169522589e-05
0.0005359578644856811,0.0069193243980407715,48,True,0,0.06217136852273032,3.197038293474564e-05,0.0003,0.008128669835505335,4.864803791046143,1.3005230226070807e-10,16.571505881016435,16.653015691058876,16.652995621511725,119500,1.0910460948944092,1.0494407415390015,0.00053240328866148,5.010056103302482e-05
0.0005352452863007784,0.006833269260823727,512,False,0,0.028439512934808286,2.866517887573692e-05,0.0003,0.007888756384930648,4.864803791046143,1.3005230226070807e-10,16.571505881016435,16.652995621511725,16.652974798688263,119501,1.0910435914993286,1.0494393110275269,0.00047736109830749733,5.0092377713093286e-05
0.0005348304403014481,0.006776250898838043,512,False,0,0.04070977676066271,2.065498274836264e-05,0.0003,0.006940773545231705,4.864803791046143,1.3005230226070807e-10,16.571505881016435,16.6482899568185,16.648269512923132,119749,1.0904408693313599,1.0490649938583374,0.00034387014184782507,5.230562872068725e-05
0.0005338405026122928,0.00698593957349658,48,True,0,0.07324547138238462,3.814299335280152e-05,0.0003,0.010772346258333749,4.864803791046143,1.3005230226070807e-10,16.571505881016435,16.648269512923132,16.648248843532542,119750,1.0904384851455688,1.0490634441375732,0.0006350148333670753,5.2559329247652155e-05
0.0005359620554372668,0.006917661055922508,512,False,0,0.03539695598902339,4.1516919941415275e-05,0.0003,0.010796460545903244,4.864803791046143,1.3005230226070807e-10,16.571505881016435,16.648248843532542,16.64822714191716,119751,1.0904361009597778,1.049061894416809,0.0006911840144017,5.258554216630465e-05
0.000534136313945055,0.006889654323458672,512,False,0,0.02061233277166846,2.4322860874263133e-05,0.0003,0.00613162065451086,4.864803791046143,1.3005230226070807e-10,16.571505881016435,16.643717629494084,16.64369656463166,119999,1.089839220046997,1.0486904382705688,0.0004048228283327052,5.3089221738042444e-05
0.0005372510640881956,0.006890695076435804,48,True,0,0.045848269131725204,3.0080765229201555e-05,0.0003,0.007512586046855321,4.864803791046143,1.3005230226070807e-10,16.571505881016435,16.64369656463166,16.643675429617442,120000,1.0898367166519165,1.0486890077590942,0.0005006551289067535,5.309870351055377e-05
0.0005342656513676047,0.006913964170962572,512,False,0,0.016470184919836095,2.835074472110397e-05,0.0003,0.007172982646915159,4.864803791046143,1.3005230226070807e-10,16.571505881016435,16.643675429617442,16.6436553093022,120001,1.089834213256836,1.04868745803833,0.0004718605933259945,5.3057979491166646e-05
0.0005339129129424691,0.0069282520562410355,512,False,0,0.022896551714963,1.804131196447254e-05,0.0003,0.0067480128550310116,4.864803791046143,1.3005230226070807e-10,16.571505881016435,16.639328946376878,16.639312665308413,120249,1.0892393589019775,1.0483189821243286,0.0003001953244010634,5.272775970308548e-05
0.0005303357029333711,0.006981854792684317,48,True,0,0.046630073866367736,3.469877425077955e-05,0.0003,0.007698882474956194,4.864803791046143,1.3005230226070807e-10,16.571505881016435,16.639312665308413,16.639300302302733,120250,1.0892369747161865,1.0483174324035645,0.0005773637538616736,5.2773410313441655e-05
0.0005325028905645013,0.006871500983834267,512,False,0,0.018443539266916883,3.249021607402691e-05,0.0003,0.007509075732651728,4.864803791046143,1.3005230226070807e-10,16.571505881016435,16.639300302302733,16.639288402503293,120251,1.0892345905303955,1.0483160018920898,0.0005406144621424371,5.274016075217555e-05
0.000532926875166595,0.006799232214689255,512,False,0,0.020750957009671625,2.246518817562006e-05,0.0003,0.006451968084513253,4.864803791046143,1.3005230226070807e-10,16.571505881016435,16.635131155298403,16.63511584170358,120499,1.0886439085006714,1.0479503870010376,0.00037371135172989856,5.278026195922591e-05
0.000531015801243484,0.0069475434720516205,48,True,0,0.04528971297527931,3.233711296889855e-05,0.0003,0.007760761382821588,4.864803791046143,1.3005230226070807e-10,16.571505881016435,16.63511584170358,16.635102237637728,120500,1.0886415243148804,1.0479488372802734,0.0005379316202238826,5.280557127365636e-05
0.0005325308302417397,0.006872075609862804,512,False,0,0.018383096459352353,3.05801679473045e-05,0.0003,0.007455949202120893,4.864803791046143,1.3005230226070807e-10,16.571505881016435,16.635102237637728,16.635089408888973,120501,1.0886391401290894,1.0479474067687988,0.0005087042202475427,5.276833085821541e-05
0.0005313005531206727,0.006895369850099087,512,False,0,0.018784394048617335,2.2690834060688595e-05,0.0003,0.006510737356451752,4.864803791046143,1.3005230226070807e-10,16.571505881016435,16.631080214362598,16.631065785820258,120749,1.0880496501922607,1.0475846529006958,0.000377373081394103,5.3451494467103724e-05
0.0005333465524017811,0.006881966255605221,48,True,0,0.04627600579560002,3.1629434839125467e-05,0.0003,0.007895052942500622,4.864803791046143,1.3005230226070807e-10,16.571505881016435,16.631065785820258,16.631048126313466,120750,1.0880471467971802,1.0475832223892212,0.0005260312115778109,5.347458077404771e-05
0.0005315276212058961,0.006770882289856672,512,False,0,0.047250818437270976,2.8773935811549722e-05,0.0003,0.007244085077167539,4.864803791046143,1.3005230226070807e-10,16.571505881016435,16.631048126313466,16.631031535240346,120751,1.0880446434020996,1.047581672668457,0.000478540711265338,5.360460783807319e-05
0.0005312425782904029,0.006916052661836147,512,False,0,0.018877181155287005,2.530147511740017e-05,0.0003,0.006782521718863418,4.864803791046143,1.3005230226070807e-10,16.571505881016435,16.62717517902039,16.627161163607727,120999,1.0874624252319336,1.0472217798233032,0.0004206920590646381,5.5329181838822996e-05
0.000532785605173558,0.006876937113702297,48,True,0,0.04891813412188053,2.9751928214335892e-05,0.0003,0.0071169447922181705,4.864803791046143,1.3005230226070807e-10,16.571505881016435,16.627161163607727,16.62714543002513,121000,1.0874600410461426,1.0472203493118286,0.0004946901053478508,5.540610222118558e-05
0.0005297127645462751,0.0068617104552686214,512,False,0,0.020432349080465213,2.6577244176466108e-05,0.0003,0.00663576712180335,4.864803791046143,1.3005230226070807e-10,16.571505881016435,16.62714543002513,16.627131951259127,121001,1.087457537651062,1.047218918800354,0.0004419037040513905,5.5373423555194586e-05
0.000530134653672576,0.0068490877747535706,512,False,0,0.028301289961107548,2.6985962624058935e-05,0.0003,0.006447503183074303,4.864803791046143,1.3005230226070807e-10,16.571505881016435,16.623454082499087,16.62343618576244,121249,1.086877703666687,1.0468617677688599,0.0004485999105530803,5.517110796289123e-05
0.0005347614060156047,0.006719258613884449,48,True,0,0.05508249704421721,3.345770356320778e-05,0.0003,0.007264409042065703,4.864803791046143,1.3005230226070807e-10,16.571505881016435,16.62343618576244,16.62341831636448,121250,1.086875319480896,1.0468603372573853,0.0005561820001051412,5.526893482823974e-05
0.0005301854107528925,0.006913137622177601,512,False,0,0.03537016853200709,2.7086210559698845e-05,0.0003,0.007267767545208587,4.864803791046143,1.3005230226070807e-10,16.571505881016435,16.62341831636448,16.623402004771858,121251,1.086872935295105,1.0468589067459106,0.00045026540873900275,5.529695730659258e-05
0.0005298004834912717,0.0068661244586110115,512,False,0,0.028235239801599095,2.0718800602383173e-05,0.0003,0.006811639084870527,4.864803791046143,1.3005230226070807e-10,16.571505881016435,16.619816318139105,16.619799616494927,121499,1.0862963199615479,1.0465046167373657,0.00034434266034375817,5.700374105470406e-05
0.0005296405870467424,0.006810913793742657,48,True,0,0.040397919871288296,3.095737201293709e-05,0.0003,0.006947970993823848,4.864803791046143,1.3005230226070807e-10,16.571505881016435,16.619799616494927,16.61978271291562,121500,1.0862940549850464,1.0465030670166016,0.0005145053195083027,5.699509823506331e-05
0.0005293278954923153,0.006910684052854776,512,False,0,0.019785012957282265,2.8581330792325385e-05,0.0003,0.006939347448750989,4.864803791046143,1.3005230226070807e-10,16.571505881016435,16.61978271291562,16.61976567542817,121501,1.0862916707992554,1.0465017557144165,0.0004750155074144123,5.69596148167918e-05
0.0005294968141242862,0.006879525724798441,512,False,0,0.01760192814495143,2.099469749144197e-05,0.0003,0.0064342323033195585,4.864803791046143,1.3005230226070807e-10,16.571505881016435,16.61634152864969,16.616326569027645,121749,1.0857185125350952,1.0461502075195312,0.0003488550638084847,6.018473708121903e-05
0.000529645592905581,0.007054508663713932,48,True,0,0.05722737850329403,3.21782379802654e-05,0.0003,0.007514984225596891,4.864803791046143,1.3005230226070807e-10,16.571505881016435,16.616326569027645,16.616313691595415,121750,1.0857163667678833,1.0461487770080566,0.0005346841106959784,6.027835611498896e-05
0.0005286618834361434,0.006875979248434305,512,False,0,0.023488896471438155,2.8900837314493017e-05,0.0003,0.007006717971228138,4.864803791046143,1.3005230226070807e-10,16.571505881016435,16.616313691595415,16.616300552577872,121751,1.0857142210006714,1.046147346496582,0.000480225378767382,6.0250177378291235e-05
0.0005277882446534932,0.006906456314027309,512,False,0,0.033961712236775236,3.768711518722391e-05,0.0003,0.008795284404652796,4.864803791046143,1.3005230226070807e-10,16.571505881016435,16.612994312695513,16.612983276372063,121999,1.0851472616195679,1.0457985401153564,0.0006260958302672515,6.589752240106563e-05
0.0005271112313494086,0.00691514415666461,48,True,0,0.06540582369636004,3.466333733752806e-05,0.0003,0.009861485316037262,4.864803791046143,1.3005230226070807e-10,16.571505881016435,16.612983276372063,16.61296935009566,122000,1.0851448774337769,1.0457971096038818,0.000575861443491597,6.611738004995405e-05
0.0005282576312310994,0.006872872821986675,512,False,0,0.049611785012533806,3.914546981928244e-05,0.0003,0.009744830892743393,4.864803791046143,1.3005230226070807e-10,16.571505881016435,16.61296935009566,16.6129557227698,122001,1.0851423740386963,1.0457956790924072,0.000650322490302834,6.624160855793963e-05
0.0005268067470751703,0.0068282862193882465,512,False,0,0.028176425623074323,1.8764456301478907e-05,0.0003,0.007039434429944331,4.864803791046143,1.3005230226070807e-10,16.571505881016435,16.60977282598699,16.60975974889517,122249,1.0845777988433838,1.0454496145248413,0.0003116733563707247,6.841005191130259e-05
0.0005277243908494711,0.006724351551383734,48,True,0,0.06922268936523765,3.25748123216315e-05,0.0003,0.010170371262120297,4.864803791046143,1.3005230226070807e-10,16.571505881016435,16.60975974889517,16.609744801981424,122250,1.0845755338668823,1.0454483032226562,0.0005410598065276492,6.858679874336276e-05
0.0005268078530207276,0.006858227774500847,512,False,0,0.028109620822998112,2.6812156582259193e-05,0.0003,0.009206247626662148,4.864803791046143,1.3005230226070807e-10,16.571505881016435,16.609744801981424,16.609729725465908,122251,1.0845731496810913,1.045446753501892,0.00044534307842209164,6.857678115108255e-05
0.0005258393357507885,0.006808883510529995,512,False,0,0.024055938239988313,2.728996034003305e-05,0.0003,0.006603661730778749,4.864803791046143,1.3005230226070807e-10,16.571505881016435,16.606607368119167,16.606598690786036,122499,1.0840132236480713,1.0451034307479858,0.0004531936564584727,7.106769910218553e-05
0.0005269325338304043,0.0068199532106518745,48,True,0,0.07652953991118419,3.0380185295332077e-05,0.0003,0.009202185986349412,4.864803791046143,1.3005230226070807e-10,16.571505881016435,16.606598690786036,16.606585648501095,122500,1.0840108394622803,1.0451020002365112,0.0005045115453512989,7.130858440312743e-05
0.0005256459699012339,0.006879574619233608,512,False,0,0.023037757943947742,2.6021691413154222e-05,0.0003,0.007774576885336238,4.864803791046143,1.3005230226070807e-10,16.571505881016435,16.606585648501095,16.606572914075905,122501,1.0840085744857788,1.0451006889343262,0.0004321314471714111,7.127102116213804e-05
0.0005255466094240546,0.006897465325891972,512,False,0,0.028358679037183532,2.147647245367694e-05,0.0003,0.00615249815790567,4.864803791046143,1.3005230226070807e-10,16.571505881016435,16.603550956870617,16.603536689927935,122749,1.0834529399871826,1.04475998878479,0.0003565857047584532,7.237684344225302e-05
0.0005246166838333011,0.006873349659144878,48,True,0,0.06258479641440512,2.6596352923499907e-05,0.0003,0.007549437714595377,4.864803791046143,1.3005230226070807e-10,16.571505881016435,16.603536689927935,16.603523406656464,122750,1.0834505558013916,1.044758677482605,0.0004415935215836028,7.251645218396991e-05
0.000524797011166811,0.006869074888527393,512,False,0,0.026454661540330018,2.367178087638179e-05,0.0003,0.007453642702785185,4.864803791046143,1.3005230226070807e-10,16.571505881016435,16.603523406656464,16.60350992232678,122751,1.0834482908248901,1.0447572469711304,0.0003930349678582479,7.249071260100778e-05
0.0005243844352662563,0.006866787560284138,512,False,0,0.033550692083716284,2.3836008016544405e-05,0.0003,0.00770276076846535,4.864803791046143,1.3005230226070807e-10,16.571505881016435,16.600607514283144,16.60059226467239,122999,1.0828962326049805,1.044419288635254,0.0003956922137899603,7.507625953022099e-05
0.0005215039709582925,0.006778867915272713,48,True,0,0.05694926740405908,3.045298275882043e-05,0.0003,0.010185516108087142,4.864803791046143,1.3005230226070807e-10,16.571505881016435,16.60059226467239,16.600574421033688,123000,1.082893967628479,1.0444178581237793,0.0005055375500222761,7.517782115843067e-05
0.0005233512492850423,0.006803394295275211,512,False,0,0.04215058471613974,2.8230693088485383e-05,0.0003,0.0071753778896222285,4.864803791046143,1.3005230226070807e-10,16.571505881016435,16.600574421033688,16.600556974054754,123001,1.082891821861267,1.0444165468215942,0.000468645721572763,7.524857872570635e-05
0.000522231450304389,0.006837000139057636,512,False,0,0.031037361570715655,1.9471391443471147e-05,0.0003,0.0068080489920439675,4.864803791046143,1.3005230226070807e-10,16.571505881016435,16.597753622836283,16.59774270355715,123249,1.082346796989441,1.0440810918807983,0.00032318135787253664,7.673627393686675e-05
0.0005189373041503131,0.0068589625880122185,48,True,0,0.06940574832025946,3.3770717581444904e-05,0.0003,0.00911543482581448,4.864803791046143,1.3005230226070807e-10,16.571505881016435,16.59774270355715,16.597729166281464,123250,1.08234441280365,1.0440796613693237,0.0005605176813313163,7.690884816500091e-05
0.0005224425112828612,0.006810031831264496,512,False,0,0.03534074105372546,2.7327408305713903e-05,0.0003,0.007852292467448877,4.864803791046143,1.3005230226070807e-10,16.571505881016435,16.597729166281464,16.597715659951,123251,1.0823421478271484,1.0440784692764282,0.00045357292187463,7.690845318165609e-05
0.000522083428222686,0.006834451574832201,512,False,0,0.03672603593134454,1.9855548440177488e-05,0.0003,0.00641686629309305,4.864803791046143,1.3005230226070807e-10,16.571505881016435,16.595015709707727,16.595003356189462,123499,1.08179771900177,1.0437456369400024,0.00032950313828960815,8.012545021003984e-05
0.0005229361704550683,0.006908128969371319,48,True,0,0.07110668496893187,3.745499565760774e-05,0.0003,0.009066064950038684,4.864803791046143,1.3005230226070807e-10,16.571505881016435,16.595003356189462,16.59499270071795,123500,1.081795573234558,1.0437443256378174,0.0006215657786440622,8.03715975526911e-05
0.0005218670121394098,0.006823174189776182,512,False,0,0.021362700010805553,3.131230706859489e-05,0.0003,0.008516013607962664,4.864803791046143,1.3005230226070807e-10,16.571505881016435,16.59499270071795,16.5949775494832,123501,1.0817934274673462,1.0437430143356323,0.0005196275072459713,8.031566819759547e-05
0.0005210981471464038,0.0068561360239982605,512,False,0,0.02362764557530372,2.01545352503578e-05,0.0003,0.008020825871797694,4.864803791046143,1.3005230226070807e-10,16.571505881016435,16.592330735902337,16.592319527381086,123749,1.0812547206878662,1.0434128046035767,0.0003344107147023388,9.607481419090444e-05
0.0005215386627241969,0.006881526671350002,48,True,0,0.06460520786094905,2.8467826089055428e-05,0.0003,0.00808065063158533,4.864803791046143,1.3005230226070807e-10,16.571505881016435,16.592319527381086,16.59230598681626,123750,1.0812523365020752,1.0434114933013916,0.0004723472667195231,9.618319741203061e-05
0.0005216043209657073,0.00685599772259593,512,False,0,0.04045679580494047,2.9659382517717505e-05,0.0003,0.00751657126571916,4.864803791046143,1.3005230226070807e-10,16.571505881016435,16.59230598681626,16.59229569369716,123751,1.0812500715255737,1.043410062789917,0.0004921175501139977,9.621308092777575e-05
0.0005202101310715079,0.006837310269474983,512,False,0,0.02545683126888431,3.271985803459319e-05,0.0003,0.006982939021693952,4.864803791046143,1.3005230226070807e-10,16.571505881016435,16.589755202742598,16.589742728712743,123999,1.0807145833969116,1.043082594871521,0.0005428144350623916,0.00010243968238891741
0.0005247059743851423,0.006915567442774773,48,True,0,0.14711037062176224,5.723095104560896e-05,0.0003,0.014555670552605105,4.864803791046143,1.3005230226070807e-10,16.571505881016435,16.589742728712743,16.58973205681689,124000,1.0807121992111206,1.043081283569336,0.0009494467539662061,0.0001044754380511974
0.0005200302693992853,0.006854902021586895,512,False,0,0.08372800111362208,3.3176113627672574e-05,0.0003,0.008445289021401514,4.864803791046143,1.3005230226070807e-10,16.571505881016435,16.58973205681689,16.58972065351742,124001,1.08070969581604,1.0430798530578613,0.0005503828357695993,0.00010511539497780189
0.0005189430667087436,0.006819044705480337,512,False,0,0.041884081253436976,2.2343574997401536e-05,0.0003,0.0065882783689856,4.864803791046143,1.3005230226070807e-10,16.571505881016435,16.587219919406817,16.58721042006287,124249,1.0801794528961182,1.0427547693252563,0.0003706177922676589,0.0001147301115957401
0.0005214022239670157,0.006645682267844677,48,True,0,0.050107762453622064,3.137962248383581e-05,0.0003,0.008375614972453366,4.864803791046143,1.3005230226070807e-10,16.571505881016435,16.58721042006287,16.58720020509645,124250,1.0801774263381958,1.0427535772323608,0.0005205004010415205,0.00011472630018242942
0.0005192753160372376,0.0067766038700938225,512,False,0,0.04804966081374335,2.558927888141984e-05,0.0003,0.006634299011111549,4.864803791046143,1.3005230226070807e-10,16.571505881016435,16.58720020509645,16.587189755939004,124251,1.0801752805709839,1.0427522659301758,0.00042445449191015746,0.00011481781943234962
0.0005185572081245482,0.0068624005652964115,512,False,0,0.026987953007581108,2.1189060355507443e-05,0.0003,0.007554079679154643,4.864803791046143,1.3005230226070807e-10,16.571505881016435,16.584764366809083,16.584754349428408,124499,1.0796482563018799,1.0424296855926514,0.0003514155731501868,0.00012581788216706614
0.0005172890960238874,0.006982473190873861,48,True,0,0.054898591900444826,2.9643112828726584e-05,0.0003,0.007040117395250962,4.864803791046143,1.3005230226070807e-10,16.571505881016435,16.584754349428408,16.584747625211847,124500,1.0796462297439575,1.0424283742904663,0.0004916237444168202,0.00012580743472713658
0.0005180875887162983,0.006838728673756123,512,False,0,0.028083157339189677,2.903680900789067e-05,0.0003,0.0063045575547056795,4.864803791046143,1.3005230226070807e-10,16.571505881016435,16.584747625211847,16.584741731646734,124501,1.0796440839767456,1.0424270629882812,0.00048156814923734474,0.00012572873976406796
0.0005185829941183329,0.00681720394641161,512,False,0,0.03062192252544306,2.179052667070026e-05,0.0003,0.007044747294335713,4.864803791046143,1.3005230226070807e-10,16.571505881016435,16.58230412203581,16.582294319014036,124749,1.0791219472885132,1.042107105255127,0.0003613371402328842,0.00012583062237516405
0.0005158022395335138,0.0066817086189985275,48,True,0,0.060880698693732214,3.1862454938005244e-05,0.0003,0.008209111326836905,4.864803791046143,1.3005230226070807e-10,16.571505881016435,16.582294319014036,16.58228206134666,124750,1.07912015914917,1.042105793952942,0.0005283526055083251,0.000125897698913799
0.0005166420014575124,0.0068466393277049065,512,False,0,0.024962645388562844,2.784281070083197e-05,0.0003,0.0072078912548443,4.864803791046143,1.3005230226070807e-10,16.571505881016435,16.58228206134666,16.582270396366724,124751,1.0791181325912476,1.0421044826507568,0.0004616973404218768,0.00012580330407640136
0.0005164677277207375,0.0067669483833014965,512,False,0,0.02542873678115941,1.938991195148388e-05,0.0003,0.00611433611482093,4.864803791046143,1.3005230226070807e-10,16.571505881016435,16.57985581945279,16.579846776684285,124999,1.0786004066467285,1.041787028312683,0.0003214819445074872,0.00012713710136111488
0.0005188281065784395,0.00691728200763464,48,True,0,0.05494439130297534,2.9475864003321977e-05,0.0003,0.00832730812296711,4.864803791046143,1.3005230226070807e-10,16.571505881016435,16.579846776684285,16.57983937021762,125000,1.0785982608795166,1.041785717010498,0.0004887053087854622,0.00012714647448579998
0.0005162431043572724,0.006816927343606949,512,False,0,0.029622680177208004,2.7837443395148405e-05,0.0003,0.007928998359786088,4.864803791046143,1.3005230226070807e-10,16.571505881016435,16.57983937021762,16.579832561924412,125001,1.0785962343215942,1.0417845249176025,0.00046154033996908595,0.00012707258306428006
0.0005155322141945362,0.006848134566098452,512,False,0,0.03207206231545076,2.8671771123476204e-05,0.0003,0.007039355084753739,4.864803791046143,1.3005230226070807e-10,16.571505881016435,16.57753362623317,16.57752858996032,125249,1.078081488609314,1.0414693355560303,0.00047530724992308793,0.00014295817430381587
0.0005169787909835577,0.006775350775569677,48,True,0,0.04682826614070169,3.770661225061813e-05,0.0003,0.008289893962065866,4.864803791046143,1.3005230226070807e-10,16.571505881016435,16.57752858996032,16.577525786776068,125250,1.0780792236328125,1.0414681434631348,0.0006250824426151701,0.00014289375088339542
0.0005165833863429725,0.006755528971552849,512,False,0,0.03052299383533699,2.8664673017006788e-05,0.0003,0.007123307127092976,4.864803791046143,1.3005230226070807e-10,16.571505881016435,16.577525786776068,16.577521516369206,125251,1.0780770778656006,1.0414668321609497,0.00047518935610893416,0.00014283537212190722
0.0005141228903084993,0.006797620560973883,512,False,0,0.049508137764005734,2.5858373291760054e-05,0.0003,0.008096268841695172,4.864803791046143,1.3005230226070807e-10,16.571505881016435,16.575298389999265,16.575288135883145,125499,1.0775675773620605,1.0411542654037476,0.0004286102531909104,0.0001641218787406092
0.0005134391831234097,0.0069731841795146465,48,True,0,0.05771886491482758,4.473582715813542e-05,0.0003,0.009720783445874367,4.864803791046143,1.3005230226070807e-10,16.571505881016435,16.575288135883145,16.575287051923926,125500,1.0775655508041382,1.041153073310852,0.0007415092251431611,0.00016415503770756925
0.0005155713297426701,0.006823367904871702,512,False,0,0.07968056273544767,3.4269796225306973e-05,0.0003,0.007767656156745775,4.864803791046143,1.3005230226070807e-10,16.571505881016435,16.575287051923926,16.57528293766931,125501,1.0775635242462158,1.041151762008667,0.0005680317096454021,0.00016461184670226144
0.0005136751569807529,0.006805166602134705,512,False,0,0.041850193972947605,2.777560922637339e-05,0.0003,0.007325780114542901,4.864803791046143,1.3005230226070807e-10,16.571505881016435,16.573169350990145,16.573163792129606,125749,1.0770595073699951,1.0408415794372559,0.0004603298755356106,0.0001716942845700858
0.0005144097376614809,0.006837637163698673,48,True,0,0.052362002640587844,2.8798947464271283e-05,0.0003,0.00835748623207759,4.864803791046143,1.3005230226070807e-10,16.571505881016435,16.573163792129606,16.573155084833264,125750,1.0770576000213623,1.0408403873443604,0.0004772896733663035,0.00017159669451754573
0.0005138731794431806,0.006851699203252792,512,False,0,0.04368228755222325,3.187091190865057e-05,0.0003,0.007589471235632777,4.864803791046143,1.3005230226070807e-10,16.571505881016435,16.573155084833264,16.573145723937458,125751,1.0770556926727295,1.0408390760421753,0.0005282015657571252,0.0001715925397717366
0.0005127596668899059,0.006828770972788334,512,False,0,0.03426741780500662,2.1949271252276492e-05,0.0003,0.007195392708074726,4.864803791046143,1.3005230226070807e-10,16.571505881016435,16.571033806172103,16.571021190993076,125999,1.0765533447265625,1.0405313968658447,0.00036372211594231524,0.00018083461124858576
0.0005137097323313355,0.006743020378053188,48,True,0,0.053194422150545186,3.566876582424719e-05,0.0003,0.009140933082795361,4.864803791046143,1.3005230226070807e-10,16.571505881016435,16.571021190993076,16.571012597741184,126000,1.0765513181686401,1.0405302047729492,0.0005910678743301698,0.0001807822131640328
0.0005133624654263258,0.006777293048799038,512,False,0,0.05702058632469264,3.0327200033619635e-05,0.0003,0.006604292829549054,4.864803791046143,1.3005230226070807e-10,16.571505881016435,16.571012597741184,16.5710032391698,126001,1.0765491724014282,1.0405288934707642,0.0005025524138113278,0.00018079310293981333
0.0005126564064994454,0.0067946105264127254,512,False,0,0.03091161296935289,2.8706256155390864e-05,0.0003,0.008142282821332867,4.864803791046143,1.3005230226070807e-10,16.571505881016435,16.568927215948445,16.568914814939966,126249,1.0760531425476074,1.0402237176895142,0.00047563186888104325,0.00021676003183081493
0.0005146405892446637,0.006957467645406723,48,True,0,0.06735880623032611,3.430950544867671e-05,0.0003,0.007846572207733122,4.864803791046143,1.3005230226070807e-10,16.571505881016435,16.568914814939966,16.568906217285694,126250,1.0760513544082642,1.040222406387329,0.0005684712731218429,0.00021683913323853685
0.000511914724484086,0.006763458717614412,512,False,0,0.042191145741682236,2.7670944268755213e-05,0.0003,0.006513835044034991,4.864803791046143,1.3005230226070807e-10,16.571505881016435,16.568906217285694,16.56889729888055,126251,1.0760493278503418,1.0402212142944336,0.00045847728053274416,0.0002167247427090205
0.0005114180967211723,0.006940274499356747,512,False,0,0.036709140537660986,2.461944381261325e-05,0.0003,0.005759449258655974,4.864803791046143,1.3005230226070807e-10,16.571505881016435,16.56683329154035,16.566821527679586,126499,1.0755552053451538,1.0399181842803955,0.0004078662213740082,0.00026547474531457945
0.0005113515653647482,0.006743650883436203,48,True,0,0.062096945927825574,3.604085262793101e-05,0.0003,0.008574599726949452,4.864803791046143,1.3005230226070807e-10,16.571505881016435,16.566821527679586,16.566811647287107,126500,1.075553297996521,1.0399169921875,0.0005970823731923348,0.00026536698993653065
0.0005110374186187983,0.006750607863068581,512,False,0,0.03328580821108508,2.9432834850447642e-05,0.0003,0.008864292669719971,4.864803791046143,1.3005230226070807e-10,16.571505881016435,16.566811647287107,16.566804378260375,126501,1.0755513906478882,1.0399158000946045,0.00048760823121307386,0.00026520284964532754
0.0005103334551677108,0.0068077584728598595,512,False,0,0.06489227147181267,2.32481450428151e-05,0.0003,0.010435888046557368,4.864803791046143,1.3005230226070807e-10,16.571505881016435,16.56476934520754,16.564762204975068,126749,1.0750625133514404,1.0396151542663574,0.0003851001603381622,0.0002525126006159185
0.000509298755787313,0.007103478070348501,48,True,0,0.07563559890842733,3.64975545229874e-05,0.0003,0.014362618940767959,4.864803791046143,1.3005230226070807e-10,16.571505881016435,16.564762204975068,16.564756190698105,126750,1.075060486793518,1.039613962173462,0.0006045733117363985,0.0002525961082345904
0.0005103583680465817,0.006767656654119492,512,False,0,0.06554413814772593,3.22987720935188e-05,0.0003,0.009159964009419666,4.864803791046143,1.3005230226070807e-10,16.571505881016435,16.564756190698105,16.564751517370755,126751,1.0750585794448853,1.0396127700805664,0.0005350212849880628,0.0002527007647976396
0.0005099073750898242,0.006798857823014259,512,False,0,0.16978512446949187,5.667576805567395e-05,0.0003,0.016072062582052404,4.864803791046143,1.3005230226070807e-10,16.571505881016435,16.562868537021544,16.56286341295719,126999,1.074572205543518,1.0393146276474,0.0009387132955408527,0.00046897635387797376
0.0005104902666062117,0.006655465345829725,48,True,0,0.09009832130727209,4.087525089218784e-05,0.0003,0.011036048518467767,4.864803791046143,1.3005230226070807e-10,16.571505881016435,16.56286341295719,16.562857792296946,127000,1.0745704174041748,1.0393134355545044,0.0006770111974976637,0.0004689946867213424
0.000509961333591491,0.006767088081687689,512,False,0,0.16153345358526774,5.2764858534612575e-05,0.0003,0.012817497994522423,4.864803791046143,1.3005230226070807e-10,16.571505881016435,16.562857792296946,16.562849821379995,127001,1.0745686292648315,1.0393122434616089,0.0008739368483394539,0.00047176456628953854
0.0005090363556519151,0.006794409826397896,512,False,0,0.11897895104527433,2.812808372073191e-05,0.0003,0.009021425048279597,4.864803791046143,1.3005230226070807e-10,16.571505881016435,16.560939208067268,16.56093229657066,127249,1.0740869045257568,1.0390162467956543,0.00046582748453846776,0.00043013247047260294
0.0005078763933852315,0.0067643895745277405,48,True,0,0.08015231223152022,4.4435441855083836e-05,0.0003,0.013733785813728703,4.864803791046143,1.3005230226070807e-10,16.571505881016435,16.56093229657066,16.560923589384885,127250,1.0740848779678345,1.0390150547027588,0.0007358923441302455,0.00042998059293508997
0.0005090682534500957,0.006807411089539528,512,False,0,0.11689187597753999,3.5082161310949306e-05,0.0003,0.010840682978248495,4.864803791046143,1.3005230226070807e-10,16.571505881016435,16.560923589384885,16.56091855247381,127251,1.0740829706192017,1.0390138626098633,0.0005809929928211062,0.00043106606661139047
0.0005076559027656913,0.00672169541940093,512,False,0,0.0421360935110682,1.7697427506964894e-05,0.0003,0.006400373993497467,4.864803791046143,1.3005230226070807e-10,16.571505881016435,16.558938833238926,16.55893100940531,127499,1.073607325553894,1.0387202501296997,0.00029305061959351175,0.00041233703401311706
0.0005080029950477183,0.006703943945467472,48,True,0,0.07828442538829675,3.759692498469409e-05,0.0003,0.00963195453299433,4.864803791046143,1.3005230226070807e-10,16.571505881016435,16.55893100940531,16.558924332638828,127500,1.0736054182052612,1.0387190580368042,0.0006225648869873362,0.0004123993160743684
0.0005079018301330507,0.006744564510881901,512,False,0,0.02820393300677024,3.320680015768635e-05,0.0003,0.00888719397949109,4.864803791046143,1.3005230226070807e-10,16.571505881016435,16.558924332638828,16.5589177627437,127501,1.073603630065918,1.0387178659439087,0.0005498688911401874,0.000412020630473594
0.0005071324994787574,0.006785253994166851,512,False,0,0.03678978661272667,2.4016252463048905e-05,0.0003,0.0066306900721283995,4.864803791046143,1.3005230226070807e-10,16.571505881016435,16.557020408581696,16.55701129195928,127749,1.0731290578842163,1.0384265184402466,0.0003976375821683511,0.0003870241365392335
0.0005085689481347799,0.006853222846984863,48,True,0,0.044668717664349315,2.731961961057257e-05,0.0003,0.007599531501099888,4.864803791046143,1.3005230226070807e-10,16.571505881016435,16.55701129195928,16.55700509470623,127750,1.0731269121170044,1.0384252071380615,0.00045233125038428225,0.00038670704067496196
0.0005072472267784178,0.006752735003829002,512,False,0,0.038964601969208756,2.4364867234870853e-05,0.0003,0.006599970022497049,4.864803791046143,1.3005230226070807e-10,16.571505881016435,16.55700509470623,16.556998784279582,127751,1.0731250047683716,1.0384241342544556,0.0004034092309395976,0.0003863937256629011
0.0005065474542789161,0.006729437969624996,512,False,0,0.06241878827441569,2.3546485376221824e-05,0.0003,0.008060368047470517,4.864803791046143,1.3005230226070807e-10,16.571505881016435,16.555107742343917,16.555099085530113,127999,1.0726560354232788,1.038135051727295,0.00038981460235687775,0.00039663908200118753
0.0005058484384790063,0.006727091036736965,48,True,0,0.07503404062857455,3.11063503319216e-05,0.0003,0.010231709604877121,4.864803791046143,1.3005230226070807e-10,16.571505881016435,16.555099085530113,16.555091415142904,128000,1.0726542472839355,1.0381338596343994,0.0005149687119341746,0.0003965512847771925
0.0005067404126748443,0.006780421826988459,512,False,0,0.0811479809273055,2.9277828107794886e-05,0.0003,0.008086474834350153,4.864803791046143,1.3005230226070807e-10,16.571505881016435,16.555091415142904,16.555082204054585,128001,1.0726523399353027,1.038132667541504,0.00048469712076138475,0.0003965611923386524
0.0005053241038694978,0.00680276146158576,512,False,0,0.05873728739002955,2.706429507138277e-05,0.0003,0.007998513351743751,4.864803791046143,1.3005230226070807e-10,16.571505881016435,16.55322799454029,16.55322427114338,128249,1.072188377380371,1.0378458499908447,0.00044800144682811206,0.00044966183581882996
0.0005069306353107095,0.006777472794055939,48,True,0,0.06414986764592845,3.327877169095732e-05,0.0003,0.008928659837902671,4.864803791046143,1.3005230226070807e-10,16.571505881016435,16.55322427114338,16.553224619595557,128250,1.0721865892410278,1.0378446578979492,0.0005508709712685939,0.00044942315612096214
0.000506131153088063,0.0067679909989237785,512,False,0,0.06669239476915323,3.41387744198384e-05,0.0003,0.009415889425640414,4.864803791046143,1.3005230226070807e-10,16.571505881016435,16.553224619595557,16.553220936708062,128251,1.072184681892395,1.0378435850143433,0.000565106801209288,0.0004494277015182642
0.0005052794003859162,0.0067567406222224236,512,False,0,0.053229734943372145,2.5143729002212298e-05,0.0003,0.008296281520299941,4.864803791046143,1.3005230226070807e-10,16.571505881016435,16.551372447950545,16.551369156589544,128499,1.0717214345932007,1.0375590324401855,0.0004161632234459517,0.0005580724515064682
0.0005071391933597624,0.00653222668915987,48,True,0,0.06129968751267106,3.2948952028638294e-05,0.0003,0.009604991076775671,4.864803791046143,1.3005230226070807e-10,16.571505881016435,16.551369156589544,16.55136327612647,128500,1.0717195272445679,1.03755784034729,0.0005453502683487523,0.0005577151981988116
0.0005055902875028551,0.0067062415182590485,512,False,0,0.06133398029524069,2.8617955211416205e-05,0.0003,0.008802948394302148,4.864803791046143,1.3005230226070807e-10,16.571505881016435,16.55136327612647,16.551353260245687,128501,1.0717177391052246,1.0375566482543945,0.00047366617292406626,0.0005575362138388168
0.0005047881277278066,0.006701708305627108,512,False,0,0.094487948651022,2.5982936880646366e-05,0.0003,0.00959290563618866,4.864803791046143,1.3005230226070807e-10,16.571505881016435,16.549487180413877,16.54947871384514,128749,1.0712594985961914,1.0372743606567383,0.00043000428081575997,0.0005816987939869931
0.0005064515862613916,0.006898732390254736,48,True,0,0.1553616960249204,5.492120937427172e-05,0.0003,0.0178599097759147,4.864803791046143,1.3005230226070807e-10,16.571505881016435,16.54947871384514,16.549469516051253,128750,1.0712577104568481,1.0372731685638428,0.000908917385478142,0.0005827637145173703
0.0005046885344199836,0.006793842650949955,512,False,0,0.1366319929660831,3.6671472649051565e-05,0.0003,0.013156126778762158,4.864803791046143,1.3005230226070807e-10,16.571505881016435,16.549469516051253,16.54946114474631,128751,1.0712559223175049,1.0372720956802368,0.0006068934187141862,0.0005844553598142046
0.0005043203709647059,0.006670346483588219,512,False,0,0.03999998010431771,2.284935722465043e-05,0.0003,0.006978960392165064,4.864803791046143,1.3005230226070807e-10,16.571505881016435,16.54764973524664,16.54764186239666,128999,1.0708028078079224,1.0369919538497925,0.0003781031600290426,0.0006200680657347093
0.0005034430650994182,0.006656486541032791,48,True,0,0.0715513678216135,3.414187326082485e-05,0.0003,0.008150921668772931,4.864803791046143,1.3005230226070807e-10,16.571505881016435,16.54764186239666,16.54763126983181,129000,1.0708009004592896,1.0369908809661865,0.0005649674912314664,0.00061978462252733
0.0005040608812123537,0.006652780808508396,512,False,0,0.05153390507678987,2.7808070330404822e-05,0.0003,0.007749044708446503,4.864803791046143,1.3005230226070807e-10,16.571505881016435,16.54763126983181,16.5476219247165,129001,1.0707988739013672,1.036989688873291,0.00046015769415308906,0.0006194271168344385
0.0005032168701291084,0.006765843369066715,512,False,0,0.055076449673414525,2.6425887068701455e-05,0.0003,0.007141131974692335,4.864803791046143,1.3005230226070807e-10,16.571505881016435,16.545787186152726,16.54578015524085,129249,1.0703492164611816,1.0367116928100586,0.0004372371036440396,0.0005519770637124145
0.0005023161065764725,0.006784845143556595,48,True,0,0.05680637264163783,3.531178393760926e-05,0.0003,0.009014492181189803,4.864803791046143,1.3005230226070807e-10,16.571505881016435,16.54578015524085,16.545773635317065,129250,1.0703473091125488,1.0367106199264526,0.0005842610139210478,0.0005515248629748594
0.0005039347452111542,0.0067011332139372826,512,False,0,0.08805818967744851,3.380660027809682e-05,0.0003,0.009441814546869872,4.864803791046143,1.3005230226070807e-10,16.571505881016435,16.545773635317065,16.545766364165004,129251,1.070345401763916,1.0367094278335571,0.000559356355581037,0.0005517209186079961
0.0005025797290727496,0.006775149144232273,512,False,0,0.09627986540075048,3.650093896276327e-05,0.0003,0.014182780385962542,4.864803791046143,1.3005230226070807e-10,16.571505881016435,16.54400590364902,16.543995747962647,129499,1.0698989629745483,1.0364335775375366,0.000603871749688688,0.0006149255311519675
0.0005030285101383924,0.006686760112643242,48,True,0,0.10666816977925991,4.235117109016452e-05,0.0003,0.014835028252884984,4.864803791046143,1.3005230226070807e-10,16.571505881016435,16.543995747962647,16.543985592086784,129500,1.0698970556259155,1.0364325046539307,0.0007006575944369204,0.0006154524570387732
0.0005030647153034806,0.006731166038662195,512,False,0,0.1298960691976484,2.912048037172435e-05,0.0003,0.008906622182928403,4.864803791046143,1.3005230226070807e-10,16.571505881016435,16.543985592086784,16.543976294937554,129501,1.0698951482772827,1.0364313125610352,0.00048176880770445365,0.0006159133865254001
0.0005024035344831645,0.006776542402803898,512,False,0,0.05356401348166775,2.197016578538332e-05,0.0003,0.006896797544154447,4.864803791046143,1.3005230226070807e-10,16.571505881016435,16.542170510508363,16.542162513503307,129749,1.0694524049758911,1.0361577272415161,0.0003634342285659478,0.0006509327511528576
0.0005022987606935203,0.006832880433648825,48,True,0,0.07593156293991221,3.634881424660614e-05,0.0003,0.009185304841496579,4.864803791046143,1.3005230226070807e-10,16.571505881016435,16.542162513503307,16.54215414443675,129750,1.0694504976272583,1.0361566543579102,0.000601287992440503,0.0006506882402983015
0.0005022643599659204,0.006747860461473465,512,False,0,0.09822349112322407,3.37204352586614e-05,0.0003,0.009607720273521764,4.864803791046143,1.3005230226070807e-10,16.571505881016435,16.54215414443675,16.542146751343235,129751,1.0694485902786255,1.0361555814743042,0.0005578086378662767,0.0006512065252202999
0.0005016544600948691,0.006677553988993168,512,False,0,0.08314808571919763,3.382944201482544e-05,0.0003,0.011632513127225758,4.864803791046143,1.3005230226070807e-10,16.571505881016435,16.540380121538863,16.5403740520288,129999,1.0690100193023682,1.035883903503418,0.0005595518302247704,0.0007071429652051251
0.0005025768186897039,0.006705240346491337,48,True,0,0.08924988326504096,3.942586503493371e-05,0.0003,0.011300598196710433,4.864803791046143,1.3005230226070807e-10,16.571505881016435,16.5403740520288,16.5403708177534,130000,1.069008469581604,1.035882830619812,0.000652118555002607,0.0007068800703470639
0.0005019269301556051,0.00674230232834816,512,False,0,0.07068818074673182,3.711929139476378e-05,0.0003,0.010371282795669196,4.864803791046143,1.3005230226070807e-10,16.571505881016435,16.5403708177534,16.540369884255398,130001,1.0690070390701294,1.035881757736206,0.0006139668441616357,0.0007065881154956886
0.000501775648444891,0.006678289733827114,512,False,0,0.08713368924010285,3.014511426299593e-05,0.0003,0.007833846467843348,4.864803791046143,1.3005230226070807e-10,16.571505881016435,16.538569172551277,16.538562191921805,130249,1.0685701370239258,1.0356122255325317,0.0004985570574530203,0.0008849623419125889
0.0005009111482650042,0.006617489270865917,48,True,0,0.07619699283360291,3.316445331217562e-05,0.0003,0.009801572837380087,4.864803791046143,1.3005230226070807e-10,16.571505881016435,16.538562191921805,16.538553246503984,130250,1.068568229675293,1.0356111526489258,0.0005484923736645037,0.0008843545735665844
0.0005008411244489253,0.006726736202836037,512,False,0,0.04856013977526014,3.2345502292151593e-05,0.0003,0.008600261164610842,4.864803791046143,1.3005230226070807e-10,16.571505881016435,16.538553246503984,16.538545868684544,130251,1.0685664415359497,1.0356100797653198,0.0005349478119436658,0.0008835722343185678
0.0005009422893635929,0.0066644586622715,512,False,0,0.038717412015448094,2.2568404696453793e-05,0.0003,0.008513713447467035,4.864803791046143,1.3005230226070807e-10,16.571505881016435,16.536769123916134,16.536763655721675,130499,1.068135142326355,1.0353426933288574,0.00037320849796036097,0.00090020196218555
0.000502849870827049,0.00696321576833725,48,True,0,0.11265681548291683,3.9279702237378213e-05,0.0003,0.010288343161362762,4.864803791046143,1.3005230226070807e-10,16.571505881016435,16.536763655721675,16.536757532853755,130500,1.0681332349777222,1.035341739654541,0.0006495591523666454,0.0009001372144486043
0.000500963069498539,0.006733649875968695,512,False,0,0.07330716437035242,2.8930169435199177e-05,0.0003,0.00845412753617813,4.864803791046143,1.3005230226070807e-10,16.571505881016435,16.536757532853755,16.53675064643849,130501,1.0681313276290894,1.035340666770935,0.00047841119733426545,0.0008998449664848858
0.0005007184809073806,0.006760599557310343,512,False,0,0.19351383852581128,4.873521151384216e-05,0.0003,0.018118680026690384,4.864803791046143,1.3005230226070807e-10,16.571505881016435,16.535052535226843,16.535050451216353,130749,1.067703366279602,1.0350754261016846,0.0008058392826967723,0.00130603147040908
0.0005007002037018538,0.006707905791699886,48,True,0,0.16678199677523906,3.756178004543063e-05,0.0003,0.010722861616117053,4.864803791046143,1.3005230226070807e-10,16.571505881016435,16.535050451216353,16.535044521576395,130750,1.0677016973495483,1.0350743532180786,0.0006210859280886871,0.0013079118835249493
0.0005002279067412019,0.006644357927143574,512,False,0,0.11380713588809167,4.734399344956138e-05,0.0003,0.014828019652991731,4.864803791046143,1.3005230226070807e-10,16.571505881016435,16.535044521576395,16.535036212184835,130751,1.0676997900009155,1.0350732803344727,0.0007828350395177187,0.001308051908156761
0.0004999018274247646,0.0066833640448749065,512,False,0,0.06137878032221309,2.7232909357415208e-05,0.0003,0.007636561067853447,4.864803791046143,1.3005230226070807e-10,16.571505881016435,16.533275982424396,16.533273762878814,130999,1.067277431488037,1.0348100662231445,0.00045024920621049346,0.0012991218194692274
0.0005001540412195027,0.006682261824607849,48,True,0,0.08799271100551874,3.5000397016481346e-05,0.0003,0.011596168866610065,4.864803791046143,1.3005230226070807e-10,16.571505881016435,16.533273762878814,16.53326192133171,131000,1.0672757625579834,1.0348091125488281,0.000578671145682933,0.0012981317760324086
0.0005002374527975917,0.006721552927047014,512,False,0,0.05848562534529092,3.057112766445788e-05,0.0003,0.00888568239389782,4.864803791046143,1.3005230226070807e-10,16.571505881016435,16.53326192133171,16.533252206772158,131001,1.0672740936279297,1.0348079204559326,0.0005054404609069519,0.0012971386087793062
0.0004997770884074271,0.006727940868586302,512,False,0,0.061619375834274084,2.3070034955571624e-05,0.0003,0.007022212336873775,4.864803791046143,1.3005230226070807e-10,16.571505881016435,16.531476220844446,16.53146823760545,131249,1.0668540000915527,1.0345467329025269,0.0003813817342820825,0.0012964029288387998
0.000498049077577889,0.0067409030161798,48,True,0,0.1290828133342058,3.844086912213648e-05,0.0003,0.013281311773903792,4.864803791046143,1.3005230226070807e-10,16.571505881016435,16.53146823760545,16.5314646660693,131250,1.0668524503707886,1.0345457792282104,0.0006354840069185473,0.001295767843415932
0.0004994233604520559,0.0067083509638905525,512,False,0,0.09125112508166641,3.4277372601095794e-05,0.0003,0.010948288542173163,4.864803791046143,1.3005230226070807e-10,16.571505881016435,16.5314646660693,16.53145621463695,131251,1.0668509006500244,1.0345447063446045,0.0005666551740007071,0.0012953643238045667
0.0004991650930605829,0.006704466417431831,512,False,0,0.04704082735734978,2.8579154522701718e-05,0.0003,0.009975161665225697,4.864803791046143,1.3005230226070807e-10,16.571505881016435,16.529622906989932,16.529618815594606,131499,1.0664334297180176,1.034285545349121,0.00047240264726085523,0.0012224866454270333
0.0004998710937798023,0.0066034323535859585,48,True,0,0.08799382971189637,3.332309738845562e-05,0.0003,0.01013779665293024,4.864803791046143,1.3005230226070807e-10,16.571505881016435,16.529618815594606,16.529615339183483,131500,1.0664318799972534,1.0342844724655151,0.0005508180975861075,0.0012217131649931532
0.0004987067077308893,0.0067274305038154125,512,False,0,0.08590414198214663,3.276524702522052e-05,0.0003,0.010449121508099533,4.864803791046143,1.3005230226070807e-10,16.571505881016435,16.529615339183483,16.52961041131962,131501,1.0664302110671997,1.0342833995819092,0.000541596929820221,0.0012211549356134818
0.0004988171858713031,0.006711317226290703,512,False,0,0.0837116047320477,3.0294467280091426e-05,0.0003,0.01064845031568828,4.864803791046143,1.3005230226070807e-10,16.571505881016435,16.527992985218862,16.5279838677718,131749,1.066017508506775,1.0340265035629272,0.0005007067426962934,0.002034303603429112
0.0004983271355740726,0.006689876317977905,48,True,0,0.13875839992439523,4.102551927347679e-05,0.0003,0.011564864198331285,4.864803791046143,1.3005230226070807e-10,16.571505881016435,16.5279838677718,16.527979857831404,131750,1.0660158395767212,1.0340253114700317,0.0006780691207189854,0.0020339524789114174
0.000499027082696557,0.006722055841237307,512,False,0,0.09338851100491566,3.28591749805439e-05,0.0003,0.009662415863251896,4.864803791046143,1.3005230226070807e-10,16.571505881016435,16.527979857831404,16.527979856899243,131751,1.066014289855957,1.0340243577957153,0.0005430957822233872,0.0020330475912362623
0.0004981535021215677,0.006648429669439793,512,False,0,0.14045617428251483,3.648058596456131e-05,0.0003,0.012187525746621939,4.864803791046143,1.3005230226070807e-10,16.571505881016435,16.526253868335107,16.52624443288791,131999,1.0656055212020874,1.0337692499160767,0.0006028874249159629,0.002099367468185787
0.0004975005285814404,0.006672288291156292,48,True,0,0.09172065868213913,4.139645306954167e-05,0.0003,0.009122847638738546,4.864803791046143,1.3005230226070807e-10,16.571505881016435,16.52624443288791,16.526239072061145,132000,1.0656039714813232,1.0337681770324707,0.0006841279020818187,0.002098124251896694
0.0004985539708286524,0.006664586253464222,512,False,0,0.1200206606467205,4.2073450887471967e-05,0.0003,0.012039449150673173,4.864803791046143,1.3005230226070807e-10,16.571505881016435,16.526239072061145,16.526232488635273,132001,1.065602421760559,1.0337672233581543,0.0006953159079529849,0.0020966648220486005
0.0004981565289199352,0.006634438410401344,512,False,0,0.12505650355685716,3.9569353929583287e-05,0.0003,0.010762767895330315,4.864803791046143,1.3005230226070807e-10,16.571505881016435,16.52449476417713,16.524483417659876,132249,1.0651962757110596,1.0335139036178589,0.0006538635818312709,0.0020796418140232205
0.00049790513003245,0.006610897835344076,48,True,0,0.22473255826128133,6.192303227598517e-05,0.0003,0.020326093246583334,4.864803791046143,1.3005230226070807e-10,16.571505881016435,16.524483417659876,16.524474901859527,132250,1.0651946067810059,1.0335129499435425,0.0010232461200157343,0.0020828774428961554
0.0004984360421076417,0.006668160203844309,512,False,0,0.22559561766590588,5.027863300587724e-05,0.0003,0.01593716243008933,4.864803791046143,1.3005230226070807e-10,16.571505881016435,16.524474901859527,16.52447026027671,132251,1.0651930570602417,1.0335118770599365,0.0008308280092054244,0.0020876374661133765
0.0004977399366907775,0.006649406161159277,512,False,0,0.08630141458820244,2.818939423068497e-05,0.0003,0.009477287113545623,4.864803791046143,1.3005230226070807e-10,16.571505881016435,16.522674332677777,16.522665110826768,132499,1.0647913217544556,1.033260703086853,0.0004657641805090736,0.002028572922312782
0.0004977413336746395,0.006696076598018408,48,True,0,0.10739469043620033,3.7543296527457377e-05,0.0003,0.014738052001481894,4.864803791046143,1.3005230226070807e-10,16.571505881016435,16.522665110826768,16.522655302496936,132500,1.0647896528244019,1.033259630203247,0.0006203153156796437,0.0020272465578742085
0.0004978220677003264,0.006638316437602043,512,False,0,0.2093497957249504,3.912095850228679e-05,0.0003,0.01381288895072352,4.864803791046143,1.3005230226070807e-10,16.571505881016435,16.522655302496936,16.522647796147144,132501,1.0647879838943481,1.0332586765289307,0.0006463821124365714,0.0020274708885270583
0.0004971774760633707,0.006725003011524677,512,False,0,0.10657710952327656,2.7828847939774495e-05,0.0003,0.00795076751893416,4.864803791046143,1.3005230226070807e-10,16.571505881016435,16.52086621791883,16.520858406022917,132749,1.0643895864486694,1.03300940990448,0.0004597566738118205,0.0019783065027204542
0.0004974508774466813,0.006513985805213451,48,True,0,0.06316284688391627,3.381408982138739e-05,0.0003,0.008916033226190969,4.864803791046143,1.3005230226070807e-10,16.571505881016435,16.520858406022917,16.520850637169367,132750,1.0643879175186157,1.033008337020874,0.0005586377900676818,0.001976494682882629
0.0004975267220288515,0.006727782543748617,512,False,0,0.08311804148964708,3.4269943781682905e-05,0.0003,0.009240246132439612,4.864803791046143,1.3005230226070807e-10,16.571505881016435,16.520850637169367,16.52084575482579,132751,1.0643863677978516,1.0330073833465576,0.0005661686225613744,0.001975343666068643
0.000497256638482213,0.006622767075896263,512,False,0,0.035441263424181205,2.71774987822274e-05,0.0003,0.01031893377594795,4.864803791046143,1.3005230226070807e-10,16.571505881016435,16.519067704863065,16.51906078150146,132999,1.0639903545379639,1.0327601432800293,0.000448946942432448,0.0020476185203601484
0.0004968849243596196,0.0065787858329713345,48,True,0,0.07805210347262405,3.568561852131255e-05,0.0003,0.011899492427520003,4.864803791046143,1.3005230226070807e-10,16.571505881016435,16.51906078150146,16.519056395792266,133000,1.0639890432357788,1.0327590703964233,0.0005894929013790362,0.0020459629666807395
0.0004973057075403631,0.006604679860174656,512,False,0,0.18862242508565663,4.554105524029121e-05,0.0003,0.014055642372049837,4.864803791046143,1.3005230226070807e-10,16.571505881016435,16.519056395792266,16.519051184519938,133001,1.0639874935150146,1.032758116722107,0.0007522952598382614,0.002048909439768352
0.000497041386552155,0.00666260439902544,512,False,0,0.15182770450121744,3.5406597497230735e-05,0.0003,0.010963566344875778,4.864803791046143,1.3005230226070807e-10,16.571505881016435,16.51738780240603,16.517384570554544,133249,1.063595175743103,1.0325127840042114,0.0005848245016254588,0.002787070175847674
0.0004978554788976908,0.006739478558301926,48,True,0,0.4334566197263076,0.00010276920053818739,0.0003,0.040884556261783576,4.864803791046143,1.3005230226070807e-10,16.571505881016435,16.517384570554544,16.51738201829064,133250,1.0635932683944702,1.032511830329895,0.0016974784072976822,0.002801302962339724
0.0004970948211848736,0.006677683442831039,512,False,0,0.6569852421563046,9.867763104769727e-05,0.0003,0.04194697170072194,4.864803791046143,1.3005230226070807e-10,16.571505881016435,16.51738201829064,16.517376054310567,133251,1.0635915994644165,1.032510757446289,0.001629896128674753,0.0028554311919050655
0.0004965772968716919,0.006628105416893959,512,False,0,0.08118927531305412,2.5610228385962052e-05,0.0003,0.007985449511723001,4.864803791046143,1.3005230226070807e-10,16.571505881016435,16.515897639855883,16.515889393869852,133499,1.063204288482666,1.032267451286316,0.00042297591055588077,0.003951235765030848
0.0004970338195562363,0.00678847823292017,48,True,0,0.07635554868945814,3.43130171423292e-05,0.0003,0.01063127378629411,4.864803791046143,1.3005230226070807e-10,16.571505881016435,16.515889393869852,16.515883441140172,133500,1.0632027387619019,1.03226637840271,0.0005667099958926692,0.00394761306685565
0.0004962903331033885,0.006722265854477882,512,False,0,0.1526496330058599,3.3582465538107865e-05,0.0003,0.012773472314874757,4.864803791046143,1.3005230226070807e-10,16.571505881016435,16.515883441140172,16.515880957115115,133501,1.0632011890411377,1.0322654247283936,0.0005546440864934961,0.003946881826258301
0.0004959226353093982,0.006613538600504398,512,False,0,0.12405129181218061,2.722479857113112e-05,0.0003,0.009963088637761207,4.864803791046143,1.3005230226070807e-10,16.571505881016435,16.51413571792232,16.514125869052314,133749,1.0628167390823364,1.0320237874984741,0.0004495940184967569,0.00350244947132476
0.0004942561499774456,0.006528972648084164,48,True,0,0.1855724285972259,5.250340233400175e-05,0.0003,0.019321907178060246,4.864803791046143,1.3005230226070807e-10,16.571505881016435,16.514125869052314,16.514119413485176,133750,1.0628150701522827,1.0320228338241577,0.0008670477946972,0.003501518802847659
0.000495678570587188,0.006588693708181381,512,False,0,0.3083727091767302,4.7522163022948477e-05,0.0003,0.021374873392343417,4.864803791046143,1.3005230226070807e-10,16.571505881016435,16.514119413485176,16.51410880880012,133751,1.0628135204315186,1.0320218801498413,0.0007847866749480808,0.0035112636190215815
0.000496329739689827,0.006564454175531864,512,False,0,0.0671446222421254,2.3535551102618815e-05,0.0003,0.008976809291244146,4.864803791046143,1.3005230226070807e-10,16.571505881016435,16.512339960613453,16.512334029282066,133999,1.0624316930770874,1.0317820310592651,0.00038862702096683266,0.003381487174916289
0.0004956512129865587,0.006638113409280777,48,True,0,0.11576193853047079,3.7824579286829784e-05,0.0003,0.010199254762164376,4.864803791046143,1.3005230226070807e-10,16.571505881016435,16.512334029282066,16.51232739355736,134000,1.0624300241470337,1.0317811965942383,0.000624572087701197,0.0033790306650491615
0.0004955882905051112,0.00662428792566061,512,False,0,0.12042220183907065,3.6230903754460656e-05,0.0003,0.013174225079746697,4.864803791046143,1.3005230226070807e-10,16.571505881016435,16.51232739355736,16.51231976154861,134001,1.062428593635559,1.0317802429199219,0.0005982565445581208,0.0033768013268083343
0.0004952310700900853,0.006698313169181347,512,False,0,0.2422794229843198,3.837750938920097e-05,0.0003,0.013344970843845061,4.864803791046143,1.3005230226070807e-10,16.571505881016435,16.510711031999612,16.510706500315912,134249,1.062050700187683,1.0315423011779785,0.0006336399676529492,0.0038975292278428677
0.0004963611136190593,0.006627573631703854,48,True,0,0.2731581766965272,6.74296206540657e-05,0.0003,0.028449044368360658,4.864803791046143,1.3005230226070807e-10,16.571505881016435,16.510706500315912,16.51069756403084,134250,1.0620496273040771,1.031541347503662,0.0011133106760469187,0.0039005964012847768
0.0004952399176545441,0.006707650143653154,512,False,0,0.38965362317669766,6.677025739394364e-05,0.0003,0.02580650234896867,4.864803791046143,1.3005230226070807e-10,16.571505881016435,16.51069756403084,16.51068854802962,134251,1.062048316001892,1.0315403938293457,0.0011024235261038974,0.00391840980501405
0.00046888409997336566,0.16699282824993134,512,False,0,12.048832468299798,0.0013533092969293748,0.0003,1.3081588038286331,4.864803791046143,1.3005230226070807e-10,16.59608381502043,17.898328467876023,17.901530747517445,134499,1.0728923082351685,1.0312203168869019,0.024221974315072316,3.411627673086193
0.0004697617550846189,0.13648396730422974,48,True,0,8.587495490065011,0.001409988964357743,0.0003,1.6107743552485465,4.864803791046143,1.3005230226070807e-10,16.59615291481328,17.901530747517445,17.90471873973454,134500,1.0728964805603027,1.0312193632125854,0.025240960799110417,3.412127436399391
0.0004752748063765466,0.17654092609882355,512,False,0,13.521093784355783,0.0013140798418561786,0.0003,1.119064359082882,4.864803791046143,1.3005230226070807e-10,16.59635255264602,17.90471873973454,17.90784806071547,134501,1.0729317665100098,1.0312185287475586,0.023528229969989725,3.4209471526507285
0.0004491655854508281,0.02290217950940132,512,False,0,0.14530767358889882,0.00011940219415235761,0.0003,0.04060257843766435,4.864803791046143,1.3005230226070807e-10,16.59742357258369,18.1730264067183,18.173458882407203,134749,1.0738736391067505,1.0309866666793823,0.0021698992273509,2.765225897649233
0.00045006233267486095,0.023483220487833023,48,True,0,0.43406403518835185,0.00014606194096140331,0.0003,0.04391938543404738,4.864803791046143,1.3005230226070807e-10,16.59742357258369,18.173458882407203,18.17389012193039,134750,1.0738766193389893,1.0309855937957764,0.0026544506783466515,2.7624685178392605
0.00044997379882261157,0.02239309996366501,512,False,0,0.1298322369444797,0.00014005251917545227,0.0003,0.042257730200938426,4.864803791046143,1.3005230226070807e-10,16.59742357258369,18.17389012193039,18.174317096601527,134751,1.0738790035247803,1.03098464012146,0.0025452990947942185,2.7597068294026994
0.00044502271339297295,0.014243743382394314,512,False,0,0.09547116978472192,6.664740244069752e-05,0.0003,0.026634926044631847,4.864803791046143,1.3005230226070807e-10,16.59742357258369,18.237456089666757,18.237590121927465,134999,1.0738775730133057,1.030752420425415,0.0012154790755025701,2.1535481194205155
0.00044684295426122844,0.013871118426322937,48,True,0,0.1723257946174008,8.224776533080638e-05,0.0003,0.0280637252169327,4.864803791046143,1.3005230226070807e-10,16.59742357258369,18.237590121927465,18.237721699295196,135000,1.0738776922225952,1.0307514667510986,0.0015000010325477227,2.151395343282264
0.00044742535101249814,0.014043291099369526,512,False,0,0.11288048231324022,8.127572844768865e-05,0.0003,0.025409437278896437,4.864803791046143,1.3005230226070807e-10,16.59742357258369,18.237721699295196,18.237854385710506,135001,1.0738775730133057,1.0307505130767822,0.0014822841163364352,2.1492447125826732
0.00044775029527954757,0.010837693698704243,512,False,0,0.11431296286570179,4.891390159576433e-05,0.0003,0.025504542707429665,4.864803791046143,1.3005230226070807e-10,16.59742357258369,18.25296076653259,18.25296522379698,135249,1.0736910104751587,1.030519723892212,0.0008928235267655221,1.6771067222462164
0.0004516438930295408,0.011335400864481926,48,True,0,0.22683951027972962,6.442133120269164e-05,0.0003,0.03846181931841886,4.864803791046143,1.3005230226070807e-10,16.59742357258369,18.25296522379698,18.252970058629753,135250,1.073689579963684,1.0305187702178955,0.0011758803181134377,1.6754319171345198
0.0004483393277041614,0.011184649541974068,512,False,0,0.07787570655067559,6.326463702740981e-05,0.0003,0.03230097019021623,4.864803791046143,1.3005230226070807e-10,16.59742357258369,18.252970058629753,18.25297812128152,135251,1.0736881494522095,1.030517816543579,0.0011547675254313904,1.673756753081927
0.00045017627417109907,0.009329020977020264,512,False,0,0.06839547425789315,3.9588422314231296e-05,0.0003,0.015214676062066983,4.864803791046143,1.3005230226070807e-10,16.59742357258369,18.24487782402031,18.244811843391663,135499,1.073441982269287,1.030288815498352,0.0007222859283688693,1.3060585656337254
0.0004492236766964197,0.00955105572938919,48,True,0,0.15433469448063272,5.1907095481826164e-05,0.0003,0.023796150034822282,4.864803791046143,1.3005230226070807e-10,16.59742357258369,18.244811843391663,18.24474751191006,135500,1.0734403133392334,1.0302878618240356,0.0009470351904028838,1.3047535670840413
0.0004520857473835349,0.009191058576107025,512,False,0,0.060737668679889674,4.94718950573687e-05,0.0003,0.02039504163536514,4.864803791046143,1.3005230226070807e-10,16.59742357258369,18.24474751191006,18.244683339164133,135501,1.0734386444091797,1.0302869081497192,0.0009026022342574032,1.3034490448531664
0.00045288566616363823,0.008174870163202286,512,False,0,0.04608181628146837,3.342090185559083e-05,0.0003,0.013574416472299504,4.864803791046143,1.3005230226070807e-10,16.59742357258369,18.223256884378795,18.223151342245483,135749,1.0731470584869385,1.030059576034546,0.0006090376798220437,1.0170850791473236
0.0004523341194726527,0.008128229528665543,48,True,0,0.1416057392262117,4.5932658161636356e-05,0.0003,0.019661514540797523,4.864803791046143,1.3005230226070807e-10,16.59742357258369,18.223151342245483,18.223043178985037,135750,1.0731463432312012,1.030058741569519,0.0008370377812311266,1.0160689139534964
0.0004537381464615464,0.008055577054619789,512,False,0,0.04750112467564978,4.465304244895782e-05,0.0003,0.017784331778363905,4.864803791046143,1.3005230226070807e-10,16.59742357258369,18.223043178985037,18.222934850843107,135751,1.0731452703475952,1.0300577878952026,0.0008137143206204102,1.0150528679813258
0.00045554153621196747,0.007492738775908947,512,False,0,0.06256048670899544,3.132958289512148e-05,0.0003,0.01236536846924092,4.864803791046143,1.3005230226070807e-10,16.59742357258369,18.192966864963303,18.192834316003847,135999,1.0728336572647095,1.029832124710083,0.0005699780635040661,0.7920596748506419
0.00045555384713225067,0.007234394084662199,48,True,0,0.1487178989941125,3.999779099679761e-05,0.0003,0.018204894501356986,4.864803791046143,1.3005230226070807e-10,16.59742357258369,18.192834316003847,18.192699154508425,136000,1.072832465171814,1.0298312902450562,0.0007276731846108893,0.7912687806124642
0.0004548822180368006,0.007415590342134237,512,False,0,0.04216034440321954,3.864203819760322e-05,0.0003,0.017819462982418894,4.864803791046143,1.3005230226070807e-10,16.59742357258369,18.192699154508425,18.1925616355758,136001,1.072831392288208,1.0298303365707397,0.0007030029756460184,0.7904775883467958
0.00045764073729515076,0.007057418115437031,512,False,0,0.0416544524271733,2.751090808444743e-05,0.0003,0.011800232646976551,4.864803791046143,1.3005230226070807e-10,16.59742357258369,18.157067749572196,18.15691583178444,136249,1.072503685951233,1.0296063423156738,0.0004995174219415654,0.6168164232904166
0.0004557474749162793,0.006857041269540787,48,True,0,0.12321625345801247,3.4596753787886255e-05,0.0003,0.0160337904221788,4.864803791046143,1.3005230226070807e-10,16.59742357258369,18.15691583178444,18.156762098218252,136250,1.0725027322769165,1.0296053886413574,0.0006281703465796202,0.6162002368008785
0.0004588697338476777,0.006921509280800819,512,False,0,0.03658275014885816,3.3815636541027835e-05,0.0003,0.014935957417894684,4.864803791046143,1.3005230226070807e-10,16.59742357258369,18.156762098218252,18.15661002838549,136251,1.0725016593933105,1.029604434967041,0.0006139824678752583,0.6155841097562922
0.0004617855011019856,0.006667610257863998,512,False,0,0.046177855427933,2.5525405360547616e-05,0.0003,0.01300915385294957,4.864803791046143,1.3005230226070807e-10,16.59742357258369,18.117279967570113,18.117114979993946,136499,1.0721641778945923,1.0293822288513184,0.0004624509152027561,0.48035162597541425
0.00046047643991187215,0.006263034418225288,48,True,0,0.10496586586961033,3.468245990445143e-05,0.0003,0.017545142230551133,4.864803791046143,1.3005230226070807e-10,16.59742357258369,18.117114979993946,18.11694827782082,136500,1.0721626281738281,1.0293813943862915,0.0006283461138779764,0.4798717469683783
0.0004611048207152635,0.006508460734039545,512,False,0,0.049409836901367486,3.326699964055636e-05,0.0003,0.014312615961555043,4.864803791046143,1.3005230226070807e-10,16.59742357258369,18.11694827782082,18.11677950938453,136501,1.0721611976623535,1.029380440711975,0.0006026965118462435,0.4793920169250689
0.00046361240674741566,0.006422501057386398,512,False,0,0.038109306503645544,2.3160375152843003e-05,0.0003,0.00856119545803858,4.864803791046143,1.3005230226070807e-10,16.59742357258369,18.074854281187104,18.074680570096657,136749,1.0718128681182861,1.0291599035263062,0.00041862040598526377,0.3740824163550282
0.00046078916057012975,0.006155875977128744,48,True,0,0.07083242246142983,3.162433864795068e-05,0.0003,0.010363854709571465,4.864803791046143,1.3005230226070807e-10,16.59742357258369,18.074680570096657,18.07450726585703,136750,1.0718111991882324,1.0291589498519897,0.0005715998193022709,0.373708494948072
0.00046477786963805556,0.006327080074697733,512,False,0,0.02952398921470374,3.120529157240028e-05,0.0003,0.009150371072234946,4.864803791046143,1.3005230226070807e-10,16.59742357258369,18.07450726585703,18.074333560852043,136751,1.0718096494674683,1.029158115386963,0.000564020269258536,0.373334781980131
0.00046534737339243293,0.006104957312345505,512,False,0,0.036669270123667934,2.2409855558309537e-05,0.0003,0.0076526624239439175,4.864803791046143,1.3005230226070807e-10,16.59742357258369,18.030851648479242,18.03067238827537,136999,1.0714534521102905,1.028939127922058,0.00040406878103572724,0.29132686440268907
0.00046744936844334006,0.005793643184006214,48,True,0,0.07894056678314765,2.824318833159452e-05,0.0003,0.010727740509727326,4.864803791046143,1.3005230226070807e-10,16.59742357258369,18.03067238827537,18.030494009953465,137000,1.071452021598816,1.0289382934570312,0.0005092436760073425,0.29103579472107166
0.0004654525255318731,0.005948952399194241,512,False,0,0.02922039992952692,2.879966915416539e-05,0.0003,0.009827630806325897,4.864803791046143,1.3005230226070807e-10,16.59742357258369,18.030494009953465,18.030314121904226,137001,1.0714507102966309,1.0289373397827148,0.0005192722621728207,0.2907447845889574
0.00046790915075689554,0.005946330726146698,512,False,0,0.02868290479408568,2.2263735770012886e-05,0.0003,0.010143296202065057,4.864803791046143,1.3005230226070807e-10,16.59742357258369,17.985872209132964,17.98569064909663,137249,1.0710831880569458,1.0287201404571533,0.00040043270645735425,0.22688227795836546
0.0004670646449085325,0.005951571278274059,48,True,0,0.07872736030980632,3.108342755051426e-05,0.0003,0.011189179077968684,4.864803791046143,1.3005230226070807e-10,16.59742357258369,17.98569064909663,17.985511107788646,137250,1.0710821151733398,1.028719186782837,0.0005590569122371568,0.22665562055945676
0.0004673948569688946,0.005977609194815159,512,False,0,0.03144754848145784,2.8215489889942363e-05,0.0003,0.010295236177978494,4.864803791046143,1.3005230226070807e-10,16.59742357258369,17.985511107788646,17.985330238103842,137251,1.0710811614990234,1.02871835231781,0.0005074700068272566,0.22642902251870653
0.00046932295663282275,0.0059586139395833015,512,False,0,0.042397043565807535,2.1305093554644453e-05,0.0003,0.007952718196914664,4.864803791046143,1.3005230226070807e-10,16.59742357258369,17.940401150478486,17.940218492502783,137499,1.0707144737243652,1.0285028219223022,0.0003822219249187951,0.17669900219628268
0.0004705200553871691,0.005669303238391876,48,True,0,0.10024340628383117,2.8929354838524442e-05,0.0003,0.01237497332258581,4.864803791046143,1.3005230226070807e-10,16.59742357258369,17.940218492502783,17.940036621893654,137500,1.070712685585022,1.0285019874572754,0.0005189989466502711,0.1765228200439823
0.00046989310067147017,0.005831970367580652,512,False,0,0.038146288911443345,2.6862317433058956e-05,0.0003,0.011103880914718827,4.864803791046143,1.3005230226070807e-10,16.59742357258369,17.940036621893654,17.939854495604184,137501,1.0707110166549683,1.028501033782959,0.00048191095849801,0.17634639821425008
0.00047206462477333844,0.005851326510310173,512,False,0,0.031851854253270986,2.08663358934188e-05,0.0003,0.0093276899643891,4.864803791046143,1.3005230226070807e-10,16.59742357258369,17.89480210849044,17.894619871242778,137749,1.0703389644622803,1.0282870531082153,0.0003733989515420204,0.13762299125691593
0.00047162972623482347,0.005957943387329578,48,True,0,0.07874035351935152,3.187145213952719e-05,0.0003,0.009519155242142635,4.864803791046143,1.3005230226070807e-10,16.59742357258369,17.894619871242778,17.894438662596016,137750,1.0703366994857788,1.0282862186431885,0.0005703275207813464,0.1374855805617615
0.00047173464554362,0.005838919430971146,512,False,0,0.026209127678832083,3.0266706791454436e-05,0.0003,0.008788280363376902,4.864803791046143,1.3005230226070807e-10,16.59742357258369,17.894438662596016,17.8942575019548,137751,1.0703344345092773,1.0282853841781616,0.0005416057281984597,0.13734811027342536
0.0004726685583591461,0.005815546959638596,512,False,0,0.03561399066672657,1.9288089282016376e-05,0.0003,0.007237217345226535,4.864803791046143,1.3005230226070807e-10,16.59742357258369,17.84941591835551,17.849237435257802,137999,1.0699584484100342,1.0280730724334717,0.00034428112786508543,0.10718841184516685
0.0004729204811155796,0.005822543054819107,48,True,0,0.08274358900993141,2.7995232292941015e-05,0.0003,0.010142421682400468,4.864803791046143,1.3005230226070807e-10,16.59742357258369,17.849237435257802,17.84905717155667,138000,1.0699573755264282,1.0280722379684448,0.0004996935482519009,0.10708147094891883
0.00047376047587022185,0.005757228937000036,512,False,0,0.02927172165598941,2.6407899844995442e-05,0.0003,0.008554085860707024,4.864803791046143,1.3005230226070807e-10,16.59742357258369,17.84905717155667,17.848876824919678,138001,1.0699561834335327,1.028071403503418,0.00047135611411406616,0.10697443277199753
0.00047486007679253817,0.005738686770200729,512,False,0,0.028756337051877898,1.8897301270300477e-05,0.0003,0.007803814311192278,4.864803791046143,1.3005230226070807e-10,16.59742357258369,17.80438083225663,17.804201567034603,138249,1.0695788860321045,1.0278606414794922,0.0003364547485183167,0.08349177875635724
0.0004748840583488345,0.006105161737650633,48,True,0,0.09606115865336395,2.648856975657849e-05,0.0003,0.013142542712922312,4.864803791046143,1.3005230226070807e-10,16.59742357258369,17.804201567034603,17.804023629886824,138250,1.0695762634277344,1.0278598070144653,0.00047160783516858015,0.0834087255400826
0.0004748624050989747,0.005643037147819996,512,False,0,0.04098607515016878,2.588765682290526e-05,0.0003,0.011538349292980622,4.864803791046143,1.3005230226070807e-10,16.59742357258369,17.804023629886824,17.803845419385006,138251,1.069573998451233,1.0278589725494385,0.0004609044537974061,0.0833254413222697
0.00047573811025358737,0.005557300057262182,512,False,0,0.02787121763564675,1.889700391759058e-05,0.0003,0.009505369030053498,4.864803791046143,1.3005230226070807e-10,16.59742357258369,17.7599444475022,17.759770061417292,138499,1.0691970586776733,1.0276498794555664,0.00033560973980064013,0.06503470765260147
0.00047537556383758783,0.005730276461690664,48,True,0,0.08572046509999837,2.6143120021637828e-05,0.0003,0.011483369988589722,4.864803791046143,1.3005230226070807e-10,16.59742357258369,17.759770061417292,17.759595681415515,138500,1.0691955089569092,1.0276490449905396,0.0004642958002723225,0.06497005677287772
0.0004766422207467258,0.005692131817340851,512,False,0,0.029154741294180567,2.4841960564470516e-05,0.0003,0.010080337697232914,4.864803791046143,1.3005230226070807e-10,16.59742357258369,17.759595681415515,17.759419838021326,138501,1.0691941976547241,1.0276482105255127,0.0004411831755586651,0.06490513023553399
0.000476997607620433,0.005712798796594143,512,False,0,0.03254037403094046,1.8739860238817786e-05,0.0003,0.008376343210457297,4.864803791046143,1.3005230226070807e-10,16.59742357258369,17.716226265772253,17.7160536105593,138749,1.0688154697418213,1.0274406671524048,0.00033199960417984475,0.05066299119392774
0.0004783940967172384,0.005803472828119993,48,True,0,0.12259303621860972,2.5037806660977403e-05,0.0003,0.014221598294949258,4.864803791046143,1.3005230226070807e-10,16.59742357258369,17.7160536105593,17.715881073742473,138750,1.0688143968582153,1.027439832687378,0.00044357112509669437,0.050613366286607474
0.0004775337874889374,0.0055918307043612,512,False,0,0.02673160371405793,2.3620917598011325e-05,0.0003,0.013029569733596426,4.864803791046143,1.3005230226070807e-10,16.59742357258369,17.715881073742473,17.715708377488433,138751,1.068813443183899,1.0274388790130615,0.0004184653670190393,0.05056278383805586
0.0004784860648214817,0.005621040239930153,512,False,0,0.039840702326515015,1.887331835091884e-05,0.0003,0.006649695652214997,4.864803791046143,1.3005230226070807e-10,16.59742357258369,17.673295425462708,17.673124415577842,138999,1.068435549736023,1.0272330045700073,0.00033355373087459527,0.03947088014049206
0.000478086294606328,0.005515699740499258,48,True,0,0.07113439312547681,2.33485627807247e-05,0.0003,0.009845837821097086,4.864803791046143,1.3005230226070807e-10,16.59742357258369,17.673124415577842,17.67295544194793,139000,1.0684341192245483,1.02723228931427,0.0004126420549486777,0.03943165297398358
0.00047897431068122387,0.005612279288470745,512,False,0,0.027237564332267233,2.1746537080077804e-05,0.0003,0.009857767165431615,4.864803791046143,1.3005230226070807e-10,16.59742357258369,17.67295544194793,17.672784497190865,139001,1.0684326887130737,1.0272313356399536,0.0003843255808328835,0.03939226177995546
0.00047910347348079085,0.005551616661250591,512,False,0,0.03469540595744868,1.7178266540456682e-05,0.0003,0.006105558595615379,4.864803791046143,1.3005230226070807e-10,16.59742357258369,17.63121676927291,17.631050289823083,139249,1.0680558681488037,1.0270270109176636,0.0003028737410951396,0.03075477368562001
0.0004801888426300138,0.005557060241699219,48,True,0,0.07184130975766931,2.438300467948542e-05,0.0003,0.008217207423860373,4.864803791046143,1.3005230226070807e-10,16.59742357258369,17.631050289823083,17.63088233960745,139250,1.0680546760559082,1.0270262956619263,0.00042989798172099903,0.03072423182223425
0.0004797308938577771,0.005623553413897753,512,False,0,0.03544628035733494,2.320937799697308e-05,0.0003,0.00872562504591115,4.864803791046143,1.3005230226070807e-10,16.59742357258369,17.63088233960745,17.63071647027785,139251,1.0680534839630127,1.0270254611968994,0.0004092018126401064,0.03069360017125748
0.00048037830856628716,0.0056325518526136875,512,False,0,0.022923554120198378,1.876914406452702e-05,0.0003,0.010009612957716107,4.864803791046143,1.3005230226070807e-10,16.59742357258369,17.590170697423172,17.590010329338288,139499,1.0676766633987427,1.026822566986084,0.00033015244793955725,0.023969550183564583
0.00047934975009411573,0.00536266528069973,48,True,0,0.07841116793503658,2.5167892092126354e-05,0.0003,0.01406571842800689,4.864803791046143,1.3005230226070807e-10,16.59742357258369,17.590010329338288,17.58984702626733,139500,1.067675232887268,1.0268218517303467,0.00044270348186817396,0.023945863745920243
0.0004802154144272208,0.005583994556218386,512,False,0,0.03889870869180311,2.4336061342755015e-05,0.0003,0.010816227670239115,4.864803791046143,1.3005230226070807e-10,16.59742357258369,17.58984702626733,17.589681827789814,139501,1.0676738023757935,1.0268210172653198,0.0004280675962409186,0.02392203144570879
0.00048199453158304095,0.0056429835967719555,512,False,0,0.0384267412592713,1.6932949114318524e-05,0.0003,0.008385424190872851,4.864803791046143,1.3005230226070807e-10,16.59742357258369,17.55016982055762,17.550011762226355,139749,1.0673004388809204,1.026619791984558,0.00029717613251915083,0.018683971873649174
0.0004790916573256254,0.005655540153384209,48,True,0,0.11666247742345043,2.395817011226872e-05,0.0003,0.015408278817905314,4.864803791046143,1.3005230226070807e-10,16.59742357258369,17.550011762226355,17.54985367979709,139750,1.0672987699508667,1.0266189575195312,0.00042046616727173594,0.01866599280595132
0.0004809163510799408,0.005722690373659134,512,False,0,0.03477888569146346,2.3273185920467893e-05,0.0003,0.012568060440113889,4.864803791046143,1.3005230226070807e-10,16.59742357258369,17.54985367979709,17.549695607066155,139751,1.067297339439392,1.0266181230545044,0.0004084410075669252,0.01864740772585982
0.0004820024478249252,0.005618915427476168,512,False,0,0.03607189685312009,1.578953339381202e-05,0.0003,0.008226020940066605,4.864803791046143,1.3005230226070807e-10,16.59742357258369,17.511191037629814,17.51103711733158,139999,1.0669270753860474,1.0264184474945068,0.0002764935356540777,0.014568360300105889
0.00048240795149467885,0.005817360244691372,48,True,0,0.1217639164205462,2.2927326056936624e-05,0.0003,0.013795989851279822,4.864803791046143,1.3005230226070807e-10,16.59742357258369,17.51103711733158,17.510884125065083,140000,1.066925287246704,1.02641761302948,0.0004014812575841807,0.014554714122347082
0.0004818907764274627,0.0056986152194440365,512,False,0,0.038578358551697875,2.336591806986079e-05,0.0003,0.012541321929532476,4.864803791046143,1.3005230226070807e-10,16.59742357258369,17.510884125065083,17.510729849403894,140001,1.0669236183166504,1.0264168977737427,0.00040915788379709665,0.014540255423336848
0.0004827813827432692,0.005772153846919537,512,False,0,0.03156150523251369,1.5960782938803277e-05,0.0003,0.006521167995258417,4.864803791046143,1.3005230226070807e-10,16.59742357258369,17.473280087534988,17.473130286132267,140249,1.0665526390075684,1.0262186527252197,0.00027888723070605947,0.011366270509871641
0.0004838576714973897,0.005761506035923958,48,True,0,0.07955467479257719,1.9142611815557856e-05,0.0003,0.009184366394636486,4.864803791046143,1.3005230226070807e-10,16.59742357258369,17.473130286132267,17.472984829120758,140250,1.0665513277053833,1.0262179374694824,0.00033448135027009735,0.011355242619097249
0.00048279069596901536,0.005772316828370094,512,False,0,0.02783394609096824,1.8990456404630983e-05,0.0003,0.008299959594487427,4.864803791046143,1.3005230226070807e-10,16.59742357258369,17.472984829120758,17.472837818279565,140251,1.0665498971939087,1.0262171030044556,0.0003318199566561963,0.011343928386286447
0.00048302620416507125,0.00572603102773428,512,False,0,0.03286950937182663,1.6666534172164532e-05,0.0003,0.006130662780634418,4.864803791046143,1.3005230226070807e-10,16.59742357258369,17.436535839211064,17.43639135987085,140499,1.0661832094192505,1.0260205268859863,0.00029060662040838276,0.00887056613691223
0.0004822268383577466,0.005692551843822002,48,True,0,0.08821939900212569,2.2205782341317155e-05,0.0003,0.010480387904733542,4.864803791046143,1.3005230226070807e-10,16.59742357258369,17.43639135987085,17.43624516189058,140500,1.0661816596984863,1.0260196924209595,0.00038718871135531515,0.008862116966960721
0.0004827459924854338,0.0056806341744959354,512,False,0,0.022617927584594442,2.1727003107680187e-05,0.0003,0.008793137100322345,4.864803791046143,1.3005230226070807e-10,16.59742357258369,17.43624516189058,17.436100693244,140501,1.0661799907684326,1.0260189771652222,0.00037883735281867025,0.00885328187226875
0.00048369733849540353,0.00577590661123395,512,False,0,0.03737518880308738,1.7146429439227168e-05,0.0003,0.007930285909273426,4.864803791046143,1.3005230226070807e-10,16.59742357258369,17.40087873011993,17.400739673644363,140749,1.0658183097839355,1.0258238315582275,0.00029836293932655023,0.006929340137297993
0.0004840538022108376,0.005759711377322674,48,True,0,0.06421667637212773,2.442045694564152e-05,0.0003,0.009255095546334137,4.864803791046143,1.3005230226070807e-10,16.59742357258369,17.400739673644363,17.400596963934127,140750,1.0658166408538818,1.0258229970932007,0.0004249340140225484,0.006922549900524423
0.00048382626846432686,0.005733570549637079,512,False,0,0.02010630350706743,2.2602121157581633e-05,0.0003,0.008845021550543262,4.864803791046143,1.3005230226070807e-10,16.59742357258369,17.400596963934127,17.40045593717546,140751,1.0658150911331177,1.0258222818374634,0.00039329040079308624,0.006915640161719745
0.0004835558356717229,0.005755200982093811,512,False,0,0.029744834888866246,1.7967199367443303e-05,0.0003,0.007026584267940663,4.864803791046143,1.3005230226070807e-10,16.59742357258369,17.366359924405444,17.366225202724365,140999,1.065453052520752,1.0256285667419434,0.0003120248510485702,0.005414088946543423
0.0004813058767467737,0.0056525953114032745,48,True,0,0.10122827480545321,2.2884824055083895e-05,0.0003,0.012054948533738591,4.864803791046143,1.3005230226070807e-10,16.59742357258369,17.366225202724365,17.366088594832135,141000,1.0654520988464355,1.025627851486206,0.00039742300826531074,0.005409208172991645
0.0004835849395021796,0.0057485681027174,512,False,0,0.028566294197035862,2.1921191251845126e-05,0.0003,0.010296924305445898,4.864803791046143,1.3005230226070807e-10,16.59742357258369,17.366088594832135,17.365951475843186,141001,1.0654511451721191,1.0256270170211792,0.00038068534938380164,0.005403836569341187
0.0004843908245675266,0.005788012873381376,512,False,0,0.03315751887714558,1.5714714693254328e-05,0.0003,0.008374361263172586,4.864803791046143,1.3005230226070807e-10,16.59742357258369,17.33293627497697,17.332806115690587,141249,1.065089464187622,1.0254348516464233,0.00027238214835762154,0.0042340633879265205
0.0004818395827896893,0.005850216373801231,48,True,0,0.07238248472129868,2.1449768618446953e-05,0.0003,0.011525557020585688,4.864803791046143,1.3005230226070807e-10,16.59742357258369,17.332806115690587,17.332674459789175,141250,1.0650877952575684,1.025434136390686,0.0003717846806899654,0.004230129866380789
0.00048426983994431794,0.005783705040812492,512,False,0,0.028290985844407045,2.003454334416989e-05,0.0003,0.010762105002738859,4.864803791046143,1.3005230226070807e-10,16.59742357258369,17.332674459789175,17.332542498396933,141251,1.0650861263275146,1.0254333019256592,0.0003472522177350327,0.004225947557763875
0.00048434268683195114,0.005803315434604883,512,False,0,0.033516850969079665,1.5093022963766047e-05,0.0003,0.007977276032771334,4.864803791046143,1.3005230226070807e-10,16.59742357258369,17.30067121826065,17.30054403907568,141499,1.064728856086731,1.0252426862716675,0.0002611194279857743,0.0033144791295481603
0.00048491021152585745,0.0059046875685453415,48,True,0,0.06955588785707498,2.088739297157826e-05,0.0003,0.009596170069117596,4.864803791046143,1.3005230226070807e-10,16.59742357258369,17.30054403907568,17.300415461997208,141500,1.0647274255752563,1.0252418518066406,0.00036136326196626955,0.0033113591736151113
0.0004843140486627817,0.005829871632158756,512,False,0,0.0247463725886377,2.033399878016014e-05,0.0003,0.008870625672860706,4.864803791046143,1.3005230226070807e-10,16.59742357258369,17.300415461997208,17.300288664922345,141501,1.0647261142730713,1.0252411365509033,0.0003517866269005148,0.0033080789594149805
0.00048479417455382645,0.005788632668554783,512,False,0,0.024213928940859584,1.556754174847074e-05,0.0003,0.0076946578550767,4.864803791046143,1.3005230226070807e-10,16.59742357258369,17.269470252979364,17.269349375238026,141749,1.0643717050552368,1.0250518321990967,0.00026884319913722976,0.0026012123141414957
0.0004837533924728632,0.005738616921007633,48,True,0,0.07383222442634788,2.6072435979137243e-05,0.0003,0.009989885612079223,4.864803791046143,1.3005230226070807e-10,16.59742357258369,17.269349375238026,17.269225590603813,141750,1.0643702745437622,1.0250511169433594,0.0004502540059872472,0.0025988176666792233
0.00048417883226647973,0.005850020330399275,512,False,0,0.037981355934436294,2.444221059120545e-05,0.0003,0.00925482427920746,4.864803791046143,1.3005230226070807e-10,16.59742357258369,17.269225590603813,17.269102216444498,141751,1.0643688440322876,1.025050401687622,0.0004220980486325728,0.002596310723695136
0.00048490933841094375,0.005874837748706341,512,False,0,0.026634167330682156,1.5782713030549015e-05,0.0003,0.007775252657052714,4.864803791046143,1.3005230226070807e-10,16.59742357258369,17.239338474530406,17.239219574007244,141999,1.0640169382095337,1.0248626470565796,0.00027208353198001603,0.002044396829981953
0.0004845750518143177,0.006006639450788498,48,True,0,0.09038430515744524,2.2310313807082158e-05,0.0003,0.011507766367300202,4.864803791046143,1.3005230226070807e-10,16.59742357258369,17.239219574007244,17.239102424911287,142000,1.064015507698059,1.0248618125915527,0.00038461239848529483,0.0020428935457811005
0.0004852351266890764,0.005862615071237087,512,False,0,0.038306658663692116,2.2089382464163054e-05,0.0003,0.010287596333337078,4.864803791046143,1.3005230226070807e-10,16.59742357258369,17.239102424911287,17.23898543879312,142001,1.064014196395874,1.0248610973358154,0.00038080112680274615,0.0020409445309158077
0.0004845986550208181,0.005913009867072105,512,False,0,0.04748441890339803,1.4447897123581256e-05,0.0003,0.006653626819293623,4.864803791046143,1.3005230226070807e-10,16.59742357258369,17.21029923880127,17.210184171928177,142249,1.063666582107544,1.024674654006958,0.00024865263286824954,0.0016134376856976457
0.0004887230461463332,0.006144181825220585,48,True,0,0.08126311521198684,2.0061498168564275e-05,0.0003,0.010775728167645009,4.864803791046143,1.3005230226070807e-10,16.59742357258369,17.210184171928177,17.21007076679795,142250,1.0636651515960693,1.0246739387512207,0.00034526207824579097,0.0016121794937095345
0.00048456911463290453,0.005894354544579983,512,False,0,0.02243102773429613,1.9540288233437375e-05,0.0003,0.009739482016446525,4.864803791046143,1.3005230226070807e-10,16.59742357258369,17.21007076679795,17.209957493081347,142251,1.0636637210845947,1.0246732234954834,0.00033628974330108657,0.001610592842089946
0.00048509318730793893,0.005971131846308708,512,False,0,0.03237960943875634,1.5666235218003904e-05,0.0003,0.006539424426355859,4.864803791046143,1.3005230226070807e-10,16.59742357258369,17.182342720436104,17.1822343255588,142499,1.0633167028427124,1.0244882106781006,0.00026918262265470907,0.0012778016184354071
0.0004841903573833406,0.00602684635668993,48,True,0,0.06930009117947916,2.1536237117835768e-05,0.0003,0.008717939572222342,4.864803791046143,1.3005230226070807e-10,16.59742357258369,17.1822343255588,17.182126199911547,142500,1.0633150339126587,1.0244874954223633,0.0003700406726494512,0.0012767084898037922
0.00048531030188314617,0.005901955533772707,512,False,0,0.032903939075369766,2.0316170965380223e-05,0.0003,0.008996291588810646,4.864803791046143,1.3005230226070807e-10,16.59742357258369,17.182126199911547,17.182018081545156,142501,1.0633134841918945,1.024486780166626,0.0003490750134261418,0.0012755014597800134
0.00048441856051795185,0.005940950475633144,512,False,0,0.028215677782639108,1.5189330728092268e-05,0.0003,0.006621853960425073,4.864803791046143,1.3005230226070807e-10,16.59742357258369,17.15541355450999,17.15531028529003,142749,1.0629702806472778,1.0243031978607178,0.0002605792502566492,0.0010131285547686868
0.0004884921363554895,0.005791611038148403,48,True,0,0.061495894285530414,2.1293330979670223e-05,0.0003,0.008625965380830842,4.864803791046143,1.3005230226070807e-10,16.59742357258369,17.15531028529003,17.15520347998725,142750,1.0629688501358032,1.0243024826049805,0.00036529369996362145,0.0010122907011217372
0.000485230702906847,0.005945567972958088,512,False,0,0.02853192679133038,1.996322587411166e-05,0.0003,0.008320458426351138,4.864803791046143,1.3005230226070807e-10,16.59742357258369,17.15520347998725,17.155098224640206,142751,1.0629674196243286,1.0243017673492432,0.00034247320198733185,0.0010113266282916356
0.00048571734805591404,0.005959680303931236,512,False,0,0.026665302079251944,1.4115625181084024e-05,0.0003,0.007328313933478258,4.864803791046143,1.3005230226070807e-10,16.59742357258369,17.12952533095778,17.12942417202396,142999,1.0626249313354492,1.0241196155548096,0.00024179395910168427,0.0008063028264205577
0.0004848233365919441,0.005991470068693161,48,True,0,0.10574241217683698,2.0318466230208826e-05,0.0003,0.010891317569597447,4.864803791046143,1.3005230226070807e-10,16.59742357258369,17.12942417202396,17.129324618212852,143000,1.0626236200332642,1.0241189002990723,0.0003480436265821916,0.0008061633410133439
0.0004855481383856386,0.005987492389976978,512,False,0,0.022093326332377497,1.885243798835687e-05,0.0003,0.010124005105384496,4.864803791046143,1.3005230226070807e-10,16.59742357258369,17.129324618212852,17.129223148417342,143001,1.062622308731079,1.024118185043335,0.00032292953014729256,0.0008053748129454077
0.00048468849854543805,0.006083885207772255,512,False,0,0.025484878252652745,1.3718180013609035e-05,0.0003,0.006573064900556107,4.864803791046143,1.3005230226070807e-10,16.59742357258369,17.10460058943767,17.104503686380284,143249,1.0622837543487549,1.023937463760376,0.00023464398994678916,0.0006500050602957319
0.0004855506995227188,0.006073879078030586,48,True,0,0.0937097310859542,2.1783757709072644e-05,0.0003,0.01144700843395413,4.864803791046143,1.3005230226070807e-10,16.59742357258369,17.104503686380284,17.104406188984598,143250,1.0622825622558594,1.0239367485046387,0.000372600364038048,0.0006499104660839735
0.00048523442819714546,0.006009324453771114,512,False,0,0.026623556962956624,2.1504631968324507e-05,0.0003,0.010426988522790616,4.864803791046143,1.3005230226070807e-10,16.59742357258369,17.104406188984598,17.10430847760925,143251,1.0622813701629639,1.0239360332489014,0.00036782396013084574,0.0006492974533682128
0.0004846938536502421,0.006072486750781536,512,False,0,0.029686525743880702,1.590931235896354e-05,0.0003,0.00869914866108894,4.864803791046143,1.3005230226070807e-10,16.59742357258369,17.080631422294978,17.080536465765043,143499,1.061946153640747,1.023756742477417,0.0002717411005856185,0.0005266134894926172
0.000485836120788008,0.006012497004121542,48,True,0,0.06121997737891448,2.5556087247424546e-05,0.0003,0.010394845309654488,4.864803791046143,1.3005230226070807e-10,16.59742357258369,17.080536465765043,17.08044437333588,143500,1.0619447231292725,1.0237559080123901,0.00043651168015190793,0.0005262121981920204
0.0004846973461098969,0.006006136070936918,512,False,0,0.03039526756464035,2.5213899938395896e-05,0.0003,0.009541931294632303,4.864803791046143,1.3005230226070807e-10,16.59742357258369,17.08044437333588,17.080350440861636,143501,1.0619432926177979,1.0237553119659424,0.00043066461533262804,0.0005257336093402881
0.0004849775286857039,0.006096029654145241,512,False,0,0.03773631619339567,1.350156525355153e-05,0.0003,0.007024434461713396,4.864803791046143,1.3005230226070807e-10,16.59742357258369,17.057595103885088,17.057505458475443,143749,1.0616122484207153,1.023577332496643,0.00023030423336376562,0.00043233198907622624
0.00048604709445498884,0.005986278411000967,48,True,0,0.08163966461721552,1.8446684717985313e-05,0.0003,0.009100720812346046,4.864803791046143,1.3005230226070807e-10,16.59742357258369,17.057505458475443,17.057413239634847,143750,1.0616108179092407,1.0235764980316162,0.00031465442526781,0.00043226101612719065
0.0004842037451453507,0.006075109820812941,512,False,0,0.020933121135677885,1.815411895229833e-05,0.0003,0.008572621322789327,4.864803791046143,1.3005230226070807e-10,16.59742357258369,17.057413239634847,17.05732113885561,143751,1.0616095066070557,1.0235759019851685,0.00030966230897083946,0.00043184824218356945
0.0004851634439546615,0.006111465394496918,512,False,0,0.023898847971463022,1.4297825822886453e-05,0.0003,0.0068291323039355424,4.864803791046143,1.3005230226070807e-10,16.59742357258369,17.03543969901157,17.035352757885295,143999,1.0612815618515015,1.0233992338180542,0.0002435697496327526,0.00035953922523368194
0.0004847017116844654,0.006214919500052929,48,True,0,0.05385068182949865,1.942166213536515e-05,0.0003,0.007961414605538968,4.864803791046143,1.3005230226070807e-10,16.59742357258369,17.035352757885295,17.035265778331805,144000,1.061280369758606,1.0233986377716064,0.0003308548656204091,0.00035930059889726615
0.0004862695641350001,0.006069005932658911,512,False,0,0.033708471685989935,1.898602568150726e-05,0.0003,0.007618149712758937,4.864803791046143,1.3005230226070807e-10,16.59742357258369,17.035265778331805,17.03518077965155,144001,1.061279058456421,1.0233978033065796,0.0003234319935587094,0.00035901259194843967
0.0004844236536882818,0.00611298019066453,512,False,0,0.03236812453307716,1.5071678030622621e-05,0.0003,0.006695301019796308,4.864803791046143,1.3005230226070807e-10,16.59742357258369,17.014195295540578,17.014111910944017,144249,1.0609525442123413,1.02322256565094,0.00025643247344452167,0.0003038597955288122
0.0004853172868024558,0.0061297230422496796,48,True,0,0.0987411847125329,2.1870191433195687e-05,0.0003,0.011653755372132583,4.864803791046143,1.3005230226070807e-10,16.59742357258369,17.014111910944017,17.014030218237032,144250,1.0609513521194458,1.0232218503952026,0.00037210188455816056,0.00030416736188907273
0.0004851616104133427,0.006132590584456921,512,False,0,0.02670856939652392,1.9833287821507738e-05,0.0003,0.011132644577655263,4.864803791046143,1.3005230226070807e-10,16.59742357258369,17.014030218237032,17.013946963343923,144251,1.0609500408172607,1.0232212543487549,0.00033744415832212516,0.00030390570069160634
0.00048449463793076575,0.006134876515716314,512,False,0,0.020523758088473284,1.3712577031989087e-05,0.0003,0.008386612337786127,4.864803791046143,1.3005230226070807e-10,16.59742357258369,16.993745635273495,16.99366566864075,144499,1.060628056526184,1.0230473279953003,0.00023302804608571611,0.0002568415471528872
0.0004835822037421167,0.006079318933188915,48,True,0,0.061817828998191535,1.8423631579450244e-05,0.0003,0.009814917322289767,4.864803791046143,1.3005230226070807e-10,16.59742357258369,16.99366566864075,16.99358519134146,144500,1.0606266260147095,1.023046612739563,0.0003130850354633892,0.0002567251710506561
0.0004845330258831382,0.006161870434880257,512,False,0,0.031365631080276485,1.763786793758963e-05,0.0003,0.008497919993666756,4.864803791046143,1.3005230226070807e-10,16.59742357258369,16.99358519134146,16.99350323226221,144501,1.0606253147125244,1.0230458974838257,0.0002997306113910595,0.00025653708604606154
0.0004847087257076055,0.006167394109070301,512,False,0,0.026311925950835726,1.328908953690459e-05,0.0003,0.008769224099915825,4.864803791046143,1.3005230226070807e-10,16.59742357258369,16.97411349272304,16.974038240281605,144749,1.0603054761886597,1.0228732824325562,0.00022557051401437674,0.00022014031322470967
0.0004826636868529022,0.006152179092168808,48,True,0,0.05953101434945871,1.8611379938062343e-05,0.0003,0.00960710514650953,4.864803791046143,1.3005230226070807e-10,16.59742357258369,16.974038240281605,16.973961283153383,144750,1.0603044033050537,1.0228725671768188,0.0003159102747730801,0.00022009185410458524
0.0004833738785237074,0.006121702957898378,512,False,0,0.0338189756803708,1.8001792984089142e-05,0.0003,0.008519768056295826,4.864803791046143,1.3005230226070807e-10,16.59742357258369,16.973961283153383,16.973885921083244,144751,1.0603032112121582,1.022871971130371,0.00030556173713927126,0.00021994863352062125
0.00048338226042687893,0.006214727181941271,512,False,0,0.040640388106653574,1.5115198037624926e-05,0.0003,0.006676661092690221,4.864803791046143,1.3005230226070807e-10,16.59742357258369,16.955248215949528,16.955175595054605,144999,1.0599877834320068,1.0227006673812866,0.00025628193456116383,0.00019584194581834152
0.000483095645904541,0.006149690598249435,48,True,0,0.08901021898534797,2.25106993420071e-05,0.0003,0.011813679976798804,4.864803791046143,1.3005230226070807e-10,16.59742357258369,16.955175595054605,16.955101276425815,145000,1.0599863529205322,1.0226999521255493,0.00038167286011121055,0.00019604678895086502
0.000484266085550189,0.00621834397315979,512,False,0,0.0306769037866,2.030939642291091e-05,0.0003,0.0105502538764795,4.864803791046143,1.3005230226070807e-10,16.59742357258369,16.955101276425815,16.955025521159207,145001,1.0599850416183472,1.022699236869812,0.0003443478732135347,0.0001959047570734119
0.0004838867753278464,0.006240690592676401,512,False,0,0.039776205619276306,1.565514133909913e-05,0.0003,0.010746501342465792,4.864803791046143,1.3005230226070807e-10,16.59742357258369,16.93718560975273,16.937115218254267,145249,1.059672236442566,1.0225292444229126,0.0002651540346072349,0.00017559634152494437
0.0004836888983845711,0.006252214312553406,48,True,0,0.10373296727645334,2.4254763148662775e-05,0.0003,0.016529174511118582,4.864803791046143,1.3005230226070807e-10,16.59742357258369,16.937115218254267,16.937042635405728,145250,1.0596709251403809,1.0225285291671753,0.00041080571804036906,0.00017604382937411346
0.0004840473411604762,0.006169639993458986,512,False,0,0.03306387462599673,2.304535336890101e-05,0.0003,0.014549566105203032,4.864803791046143,1.3005230226070807e-10,16.59742357258369,16.937042635405728,16.93697364577773,145251,1.0596696138381958,1.0225279331207275,0.00039032013255706747,0.00017593835777194442
0.00048381509259343147,0.006275705061852932,512,False,0,0.0301424975888517,1.3840218998958153e-05,0.0003,0.0059948519281122934,4.864803791046143,1.3005230226070807e-10,16.59742357258369,16.919857490289832,16.919789491485254,145499,1.0593596696853638,1.0223592519760132,0.00023417453309677375,0.0001594441755726986
0.00048562511801719666,0.006331163924187422,48,True,0,0.07496686904324544,1.8776143694715643e-05,0.0003,0.009531384520706955,4.864803791046143,1.3005230226070807e-10,16.59742357258369,16.919789491485254,16.9197209549993,145500,1.0593584775924683,1.0223586559295654,0.00031768839877646687,0.00015960227373605025
0.00048342644004151225,0.00618075393140316,512,False,0,0.030021984795783156,1.8346712906223292e-05,0.0003,0.008862094425593757,4.864803791046143,1.3005230226070807e-10,16.59742357258369,16.9197209549993,16.919652329661403,145501,1.0593574047088623,1.0223579406738281,0.0003104212628147823,0.00015948946296675357
0.00048308505211025476,0.0062191905453801155,512,False,0,0.032369891763132,1.4312457410297816e-05,0.0003,0.0072933344714834454,4.864803791046143,1.3005230226070807e-10,16.59742357258369,16.9032436843875,16.903177740918846,145749,1.0590518712997437,1.0221904516220093,0.00024192695532868164,0.00014655833811501082
0.00048513110959902406,0.006233108229935169,48,True,0,0.07166364439696445,2.1406101828587464e-05,0.0003,0.010589082152807091,4.864803791046143,1.3005230226070807e-10,16.59742357258369,16.903177740918846,16.903111549133076,145750,1.0590506792068481,1.0221898555755615,0.00036183114394882184,0.00014660884328471384
0.0004832265549339354,0.00622530747205019,512,False,0,0.042547521237008314,1.9337773185906682e-05,0.0003,0.009331625569114488,4.864803791046143,1.3005230226070807e-10,16.59742357258369,16.903111549133076,16.903046973103223,145751,1.059049367904663,1.0221891403198242,0.00032686853727321514,0.00014658599303219079
0.0004833459388464689,0.0062121497467160225,512,False,0,0.035286864990561356,1.455424022470111e-05,0.0003,0.006900838938132376,4.864803791046143,1.3005230226070807e-10,16.59742357258369,16.887258197512903,16.887194684300557,145999,1.0587446689605713,1.02202308177948,0.00024578121254315586,0.0001354410854751495
0.00048255198635160923,0.006376036908477545,48,True,0,0.06641255066389368,1.7719662624833808e-05,0.0003,0.010134246505746378,4.864803791046143,1.3005230226070807e-10,16.59742357258369,16.887194684300557,16.88713151416723,146000,1.0587437152862549,1.0220223665237427,0.0002992353924856927,0.00013552082005911762
0.0004836538282688707,0.006267411168664694,512,False,0,0.029206806170081753,1.6747311813432463e-05,0.0003,0.010127651994994281,4.864803791046143,1.3005230226070807e-10,16.59742357258369,16.88713151416723,16.887072006391257,146001,1.058742880821228,1.0220216512680054,0.00028281405710220046,0.00013544528145423526
0.0004832139820791781,0.0062563177198171616,512,False,0,0.04093642893767856,1.6845967318657536e-05,0.0003,0.007332433089175531,4.864803791046143,1.3005230226070807e-10,16.59742357258369,16.87195544622043,16.871895739025298,146249,1.0584429502487183,1.0218569040298462,0.00028422441004887536,0.00012868358207149055
0.0004816112050320953,0.006302390247583389,48,True,0,0.11892826985066093,1.8308360746038837e-05,0.0003,0.012936552565100026,4.864803791046143,1.3005230226070807e-10,16.59742357258369,16.871895739025298,16.871835290575486,146250,1.0584417581558228,1.0218563079833984,0.00030889675365963065,0.00012961171018937214
0.000483467651065439,0.006251368205994368,512,False,0,0.0402476423265253,1.819053109535014e-05,0.0003,0.012257826890180313,4.864803791046143,1.3005230226070807e-10,16.59742357258369,16.871835290575486,16.871775083132352,146251,1.0584406852722168,1.0218555927276611,0.00030690764448883923,0.0001295976022139233
0.0004832942795474082,0.0062850662507116795,512,False,0,0.02557883355212549,1.410151691248499e-05,0.0003,0.007493550546983221,4.864803791046143,1.3005230226070807e-10,16.59742357258369,16.857247409502147,16.857190877768478,146499,1.0581427812576294,1.0216920375823975,0.0002377127594430383,0.00012630726276610844
0.00048188920482061803,0.006236284039914608,48,True,0,0.08556372805169536,1.987945032232485e-05,0.0003,0.009934361718419002,4.864803791046143,1.3005230226070807e-10,16.59742357258369,16.857190877768478,16.85713210051758,146500,1.0581417083740234,1.0216913223266602,0.0003351116886285461,0.0001265756607312164
0.00048312623403035104,0.0063795121386647224,512,False,0,0.026658584805144277,1.881254798761392e-05,0.0003,0.009257030955873055,4.864803791046143,1.3005230226070807e-10,16.59742357258369,16.85713210051758,16.85707728055243,146501,1.058140754699707,1.0216907262802124,0.00031712560657453395,0.00012648751569937816
0.00048162939492613077,0.006306604016572237,512,False,0,0.03441889767199662,1.3308182366050097e-05,0.0003,0.006921309159221798,4.864803791046143,1.3005230226070807e-10,16.59742357258369,16.843122483343706,16.843067168488357,146749,1.0578453540802002,1.0215283632278442,0.00022415134562205663,0.00012065232905937673
0.0004836342704948038,0.0061984555795788765,48,True,0,0.06117599436724323,1.834518689140248e-05,0.0003,0.008173147512878363,4.864803791046143,1.3005230226070807e-10,16.59742357258369,16.843067168488357,16.84301208454122,146750,1.0578442811965942,1.021527647972107,0.00030898921503036414,0.00012071408086134537
0.0004825298092328012,0.006330633535981178,512,False,0,0.023627689662689525,1.653157620557085e-05,0.0003,0.007861798525450445,4.864803791046143,1.3005230226070807e-10,16.59742357258369,16.84301208454122,16.842956700492188,146751,1.0578430891036987,1.0215270519256592,0.00027844153780694393,0.00012062235581421648
0.0004818839952349663,0.006290417164564133,512,False,0,0.02568922581795197,1.424852053943388e-05,0.0003,0.008348790554650928,4.864803791046143,1.3005230226070807e-10,16.59742357258369,16.829540788171794,16.82948940120059,146999,1.0575525760650635,1.021366000175476,0.00023979605758950605,0.00012114801566642137
0.00048105017049238086,0.0062618497759103775,48,True,0,0.11663239575824981,1.8695434678200365e-05,0.0003,0.013028659630573487,4.864803791046143,1.3005230226070807e-10,16.59742357258369,16.82948940120059,16.829435974970906,147000,1.0575515031814575,1.0213652849197388,0.000314634619767611,0.00012212073250547097
0.0004819172900170088,0.006373744457960129,512,False,0,0.027611357137618118,1.7177383599735054e-05,0.0003,0.01215051971394611,4.864803791046143,1.3005230226070807e-10,16.59742357258369,16.829435974970906,16.82938451009654,147001,1.057550311088562,1.0213645696640015,0.00028908567750925634,0.00012204291415795579
0.0004814537242054939,0.006329637952148914,512,False,0,0.02928107568324672,1.4109928952161413e-05,0.0003,0.006791134005103574,4.864803791046143,1.3005230226070807e-10,16.59742357258369,16.81653315554344,16.816481698418265,147249,1.05726158618927,1.0212048292160034,0.0002372800880463847,0.00011719312972634389
0.0004808714729733765,0.006489905528724194,48,True,0,0.08972951541139731,1.8230441851071647e-05,0.0003,0.011038190768365212,4.864803791046143,1.3005230226070807e-10,16.59742357258369,16.816481698418265,16.816432073681913,147250,1.0572603940963745,1.0212041139602661,0.00030657189174262473,0.00011759086726057116
0.00048182395403273404,0.006326538044959307,512,False,0,0.0263661178058428,1.7084055072337672e-05,0.0003,0.011042211635916151,4.864803791046143,1.3005230226070807e-10,16.59742357258369,16.816432073681913,16.816380595198755,147251,1.0572590827941895,1.0212035179138184,0.0002872928516670074,0.00011751589833527722
0.00048153166426345706,0.006347679533064365,512,False,0,0.029099584636059665,1.2805400611195718e-05,0.0003,0.006863834957501451,4.864803791046143,1.3005230226070807e-10,16.59742357258369,16.804051451570196,16.804001598637292,147499,1.056976079940796,1.0210448503494263,0.0002151826107285013,0.0001145474347452173
0.0004806281940545887,0.0065261563286185265,48,True,0,0.049385465720763605,1.7082221697268074e-05,0.0003,0.008028626421915798,4.864803791046143,1.3005230226070807e-10,16.59742357258369,16.804001598637292,16.803953996700347,147500,1.0569751262664795,1.0210442543029785,0.00028704968070916937,0.00011451685410608403
0.0004811865510419011,0.006353686098009348,512,False,0,0.022605355820719947,1.6249963573478474e-05,0.0003,0.00805311084182442,4.864803791046143,1.3005230226070807e-10,16.59742357258369,16.803953996700347,16.8039047293536,147501,1.0569740533828735,1.0210436582565308,0.0002730636403367887,0.00011442562932526232
0.0004813140840269625,0.006325099151581526,512,False,0,0.030042385789041896,1.413014582801456e-05,0.0003,0.0067140591316060295,4.864803791046143,1.3005230226070807e-10,16.59742357258369,16.79203279243844,16.7919869536204,147749,1.0566906929016113,1.0208861827850342,0.00023727387210595774,0.00011221390050055286
0.0004812909464817494,0.006356942933052778,48,True,0,0.09301007503031614,1.8457588822431964e-05,0.0003,0.011990788978025116,4.864803791046143,1.3005230226070807e-10,16.59742357258369,16.7919869536204,16.79193833904053,147750,1.0566896200180054,1.0208855867385864,0.0003099395907015672,0.00011262895220281247
0.00048012094339355826,0.006383226253092289,512,False,0,0.03024634610601912,1.7851448313461487e-05,0.0003,0.009805310881496823,4.864803791046143,1.3005230226070807e-10,16.59742357258369,16.79193833904053,16.791889889991467,147751,1.0566885471343994,1.0208848714828491,0.00029976041934221437,0.00011257131039574507
0.00048141274601221085,0.006434909999370575,512,False,0,0.0343699706465791,1.3678547755941416e-05,0.0003,0.008051095131235217,4.864803791046143,1.3005230226070807e-10,16.59742357258369,16.780433833157712,16.780390201909388,147999,1.0564090013504028,1.0207287073135376,0.00022953196555226284,0.00011461987155358667
0.00048236825386993587,0.006361054256558418,48,True,0,0.0656724421555531,2.2520975075591878e-05,0.0003,0.009321645544405191,4.864803791046143,1.3005230226070807e-10,16.59742357258369,16.780390201909388,16.780344820538136,148000,1.0564080476760864,1.0207281112670898,0.00037791074949590747,0.00011473609450668983
0.00048052656347863376,0.006339815445244312,512,False,0,0.03772586799067571,2.127182080715017e-05,0.0003,0.009433590634103255,4.864803791046143,1.3005230226070807e-10,16.59742357258369,16.780344820538136,16.780298705422066,148001,1.0564069747924805,1.020727515220642,0.0003569484881046777,0.00011469493723067971
0.00048024358693510294,0.006382281426340342,512,False,0,0.026718655763266666,1.391387990219956e-05,0.0003,0.007178894134188407,4.864803791046143,1.3005230226070807e-10,16.59742357258369,16.769353596042773,16.769310250925034,148249,1.0561299324035645,1.0205724239349365,0.00023332677197285745,0.0001144140540192392
0.00048096079262904823,0.006218493916094303,48,True,0,0.08766048007337895,2.041247603643506e-05,0.0003,0.011325099934930282,4.864803791046143,1.3005230226070807e-10,16.59742357258369,16.769310250925034,16.769266450284025,148250,1.0561286211013794,1.0205718278884888,0.00034230314364455206,0.00011480512628506424
0.00048055656952783465,0.006407620385289192,512,False,0,0.06243236320887997,1.855211139529866e-05,0.0003,0.01215362481308266,4.864803791046143,1.3005230226070807e-10,16.59742357258369,16.769266450284025,16.76922060414499,148251,1.0561271905899048,1.0205711126327515,0.0003111052992031138,0.00011501651767396646
0.00048035455984063447,0.006379187107086182,512,False,0,0.03376983220841743,1.5419849833816247e-05,0.0003,0.0067426609570245865,4.864803791046143,1.3005230226070807e-10,16.59742357258369,16.7586148405962,16.75857093985343,148499,1.0558514595031738,1.020417332649231,0.0002584153242647578,0.00011865401248763744
0.0004778678703587502,0.0064204977825284,48,True,0,0.08783709575582437,2.151575414642811e-05,0.0003,0.010534354141607066,4.864803791046143,1.3005230226070807e-10,16.59742357258369,16.75857093985343,16.758529386073587,148500,1.0558503866195679,1.0204167366027832,0.0003605732921873611,0.00011895972244211906
0.0004799152084160596,0.006400726269930601,512,False,0,0.028672621984890144,1.9791649938826612e-05,0.0003,0.010461231173491924,4.864803791046143,1.3005230226070807e-10,16.59742357258369,16.758529386073587,16.758484316342372,148501,1.055849313735962,1.020416021347046,0.00033167894709870726,0.00011889191050754819
0.0004801660543307662,0.006374801509082317,512,False,0,0.05962155299580996,1.5963231788628526e-05,0.0003,0.007708059831521582,4.864803791046143,1.3005230226070807e-10,16.59742357258369,16.748328670963694,16.74828796259111,148749,1.0555768013000488,1.0202633142471313,0.0002673574526467262,0.00011752841810438938
0.0004783270414918661,0.006483935751020908,48,True,0,0.08727533811706709,2.1713332977052083e-05,0.0003,0.00981352797222844,4.864803791046143,1.3005230226070807e-10,16.59742357258369,16.74828796259111,16.748248549835232,148750,1.0555756092071533,1.0202627182006836,0.000363661153327294,0.000117889137284182
0.0004801642207894474,0.006409013643860817,512,False,0,0.0668478771065745,2.264691459850175e-05,0.0003,0.012107211169587791,4.864803791046143,1.3005230226070807e-10,16.59742357258369,16.748248549835232,16.7482094871161,148751,1.0555742979049683,1.0202621221542358,0.00037929615458259927,0.00011810445497616742
0.0004797283327206969,0.006418390199542046,512,False,0,0.022034349316987306,1.2480094148232295e-05,0.0003,0.0077059129545210305,4.864803791046143,1.3005230226070807e-10,16.59742357258369,16.738391824599926,16.738352972776898,148999,1.055305004119873,1.0201106071472168,0.00020889670586100883,0.00012696934747402034
0.00047971465392038226,0.006577607244253159,48,True,0,0.06167830506386986,2.3031784890272565e-05,0.0003,0.008779681889324407,4.864803791046143,1.3005230226070807e-10,16.59742357258369,16.738352972776898,16.738313513667645,149000,1.055303931236267,1.020110011100769,0.0003855141450864518,0.00012702444293234062
0.00048002199037000537,0.0063913557678461075,512,False,0,0.032755446617845164,2.075625937945276e-05,0.0003,0.0075425400256395395,4.864803791046143,1.3005230226070807e-10,16.59742357258369,16.738313513667645,16.738276158009246,149001,1.055302619934082,1.0201094150543213,0.00034742477686428496,0.0001269700226249529
0.000479388574603945,0.006421017460525036,512,False,0,0.03111294567596435,1.5907082166221345e-05,0.0003,0.008211006786949877,4.864803791046143,1.3005230226070807e-10,16.59742357258369,16.72880250221819,16.728766424634774,149249,1.0550347566604614,1.0199590921401978,0.00026610643594527397,0.00012512306391301728
0.00047920335782691836,0.006489339284598827,48,True,0,0.07052976148389078,2.0398414048947933e-05,0.0003,0.008299866446459582,4.864803791046143,1.3005230226070807e-10,16.59742357258369,16.728766424634774,16.728728508959865,149250,1.055033564567566,1.0199583768844604,0.00034124030405783846,0.00012526626694959678
0.00047916563926264644,0.0064527313224971294,512,False,0,0.033162561249608896,1.8889489183614553e-05,0.0003,0.008388346256453367,4.864803791046143,1.3005230226070807e-10,16.59742357258369,16.728728508959865,16.728691138317767,149251,1.0550323724746704,1.0199577808380127,0.00031599713622562176,0.00012520483081483665
0.0004799335729330778,0.00639827037230134,512,False,0,0.04085972519291741,1.3617500095979651e-05,0.0003,0.007017551973760534,4.864803791046143,1.3005230226070807e-10,16.59742357258369,16.71955720229525,16.719520936305074,149499,1.0547680854797363,1.0198085308074951,0.00022767857180699283,0.0001286273796231278
0.000479352253023535,0.006573136430233717,48,True,0,0.10570091826910648,2.233233539279248e-05,0.0003,0.011332590361013516,4.864803791046143,1.3005230226070807e-10,16.59742357258369,16.719520936305074,16.71948623365898,149500,1.0547670125961304,1.0198079347610474,0.00037338594915638067,0.00012923069592890829
0.00047904017264954746,0.006407827138900757,512,False,0,0.027467910606523396,2.0111742460448107e-05,0.0003,0.010735014554199524,4.864803791046143,1.3005230226070807e-10,16.59742357258369,16.71948623365898,16.719450824713906,149501,1.054766058921814,1.0198073387145996,0.00033625800120235693,0.00012915246519742257
0.00047836132580414414,0.006423305720090866,512,False,0,0.027070721739892945,1.4965131578932049e-05,0.0003,0.012154337078290726,4.864803791046143,1.3005230226070807e-10,16.59742357258369,16.71063805604148,16.710604395853338,149749,1.0545026063919067,1.0196592807769775,0.00025007689727657,0.000133500725195058
0.00047792246914468706,0.006286510266363621,48,True,0,0.06871322052564337,2.37104478606879e-05,0.0003,0.010428959553794824,4.864803791046143,1.3005230226070807e-10,16.59742357258369,16.710604395853338,16.710568051500253,149750,1.0545016527175903,1.0196586847305298,0.0003962159142484626,0.00013359370735586092
0.0004789589438587427,0.006470439024269581,512,False,0,0.03167950712092946,2.389520624898534e-05,0.0003,0.00861280019222753,4.864803791046143,1.3005230226070807e-10,16.59742357258369,16.710568051500253,16.710533588197116,149751,1.054500699043274,1.019658088684082,0.0003993024701283036,0.00013353300377354145
0.0004785812634509057,0.006487615872174501,512,False,0,0.02473732929605347,1.4777846877815427e-05,0.0003,0.009184505724029164,4.864803791046143,1.3005230226070807e-10,16.59742357258369,16.702038820712175,16.70200567841581,149999,1.0542399883270264,1.019511103630066,0.0002468201722398135,0.00014065534716789513
0.00047819301835261285,0.006442047655582428,48,True,0,0.06390858982812274,2.2314352574325736e-05,0.0003,0.00996515751530892,4.864803791046143,1.3005230226070807e-10,16.59742357258369,16.70200567841581,16.701973038777105,150000,1.05423903465271,1.0195105075836182,0.00037269444340656084,0.00014073689813028282
