epochs_seen,heldout_EOS_accuracy,heldout_EOS_loss,heldout_accuracy,heldout_answer_accuracy,heldout_answer_loss,heldout_examples,heldout_loss,last_batch_size,step,train_EOS_accuracy,train_EOS_loss,train_accuracy,train_answer_accuracy,train_answer_loss,train_examples,train_loss,training_seconds,wall_seconds
0.0,0.0,5.778129674266932,0.0,7.196315486470927e-05,5.852688940352383,27792,5.815409291936669,,0,0.0001079447322970639,5.777610943519184,0.0,0.0,5.854375256157909,9264,5.815993070190641,0.0,1.8505960300026345
13.16580310880829,1.0,0.0035930625283656344,0.009930915371329879,0.009930915371329879,5.255306050636059,27792,2.629449565450419,512,250,1.0,0.0035929634446513056,0.013493091537132988,0.013493091537132988,5.221028464651685,9264,2.61231068625969,7.630701005044102,11.39976388800278
26.33160621761658,1.0,0.0005849959472463469,0.01327720207253886,0.01327720207253886,5.429302966656462,27792,2.714943965413341,512,500,1.0,0.000585061358247718,0.3555699481865285,0.3555699481865285,3.456729200425749,9264,1.7286571311621262,15.397303605946945,20.688880982997944
39.49740932642487,1.0,0.00022097764468108984,0.02360391479562464,0.02360391479562464,5.4804178522315325,27792,2.740319415077644,512,750,1.0,0.00021967744303542304,0.9557426597582038,0.9557426597582038,0.6973279838117293,9264,0.3487738343100474,22.89235961891245,29.735844793998695
52.66321243523316,0.9999640184225677,0.0003273154939452447,0.022560449050086355,0.022560449050086355,6.22132392141005,27792,3.1108256204415135,512,1000,1.0,0.00012219243951138616,0.9902849740932642,0.9902849740932642,0.156209803615827,9264,0.07816599798428991,30.72686034092476,39.11592970300262
65.82901554404145,1.0,7.085510632521851e-05,0.02461139896373057,0.02461139896373057,6.576858608353461,27792,3.2884647279342976,512,1250,1.0,7.190019255608565e-05,0.9968696027633851,0.9968696027633851,0.047492071857518275,9264,0.02378198589376835,38.31924771585909,48.244775514998764
78.99481865284974,1.0,5.5136039832185485e-05,0.0256188831318365,0.0256188831318365,6.754415565890421,27792,3.3772353456153494,512,1500,1.0,5.350838800761945e-05,1.0,1.0,0.01135156916161687,9264,0.005702538788962035,45.711152642841625,57.143854993002606
92.1105354058722,1.0,2.0887846346042737e-05,0.02608664363845711,0.02608664363845711,7.104180511140796,27792,3.552100737752349,512,1750,1.0,2.1053019560497922e-05,1.0,1.0,0.0020359304616153753,9264,0.0010284917688058344,53.207514591835206,66.17002174699883
105.27633851468049,1.0,1.468695567802311e-05,0.0268062751871042,0.0268062751871042,7.024096311614235,27792,3.51205551288014,512,2000,1.0,1.490606626370859e-05,0.9988126079447323,0.9988126079447323,0.012218115886670114,9264,0.006116511007458847,60.31103897080175,74.78195242500078
118.44214162348878,1.0,1.6816210763868875e-05,0.02756188831318365,0.02756188831318365,6.993998337011607,27792,3.4970076170610023,512,2250,1.0,1.6827717230066943e-05,0.9978411053540587,0.9978411053540587,0.015441065136220995,9264,0.007728946338920808,67.83379143079219,83.8259053139991
131.60794473229706,1.0,4.55785648133654e-05,0.028209556706966035,0.028209556706966035,7.01764428155753,27792,3.5088449147630163,512,2500,1.0,2.1203798413319298e-05,0.9996761658031088,0.9996761658031088,0.0056953168552954375,9264,0.0028582603456725935,75.35788154775946,92.8714073509982
144.77374784110535,1.0,1.796704466523314e-05,0.032419401266551524,0.032419401266551524,6.9111600841814305,27792,3.4555891011731683,512,2750,1.0,1.8067751812420073e-05,0.998380829015544,0.998380829015544,0.0156507311205481,9264,0.007834399418200853,83.11888337874552,102.18191936999938
157.93955094991364,1.0,2.1225695154336364e-05,0.03670120898100173,0.03670120898100173,6.797244918023847,27792,3.3986330531970754,512,3000,1.0,2.1398697265673955e-05,0.993199481865285,0.993199481865285,0.03926415912588232,9264,0.019642779063143878,90.68957112179487,111.3003518819969
171.0552677029361,1.0,2.2198065355898373e-05,0.039471790443293034,0.039471790443293034,6.6793590582988696,27792,3.3396906284470633,512,3250,1.0,2.236293927591056e-05,0.9880181347150259,0.9880181347150259,0.05668768873486494,9264,0.02835502577157424,98.19825572891568,120.34240825899906
184.2210708117444,1.0,2.7318133104128243e-05,0.037636729994242946,0.037636729994242946,6.714204716833419,27792,3.3571160250034016,512,3500,1.0,2.7515347348827713e-05,0.9736614853195165,0.9736614853195165,0.09500619455116813,9264,0.04751685462467411,105.31826513494889,128.97338786900218
197.3868739205527,1.0,7.309761842274175e-05,0.04137881404720783,0.04137881404720783,6.653189110632387,27792,3.326631106792268,512,3750,1.0,2.807651776924974e-05,0.9833765112262521,0.9833765112262521,0.07259762209931804,9264,0.03631284907588893,112.100526095026,137.26765577100014
210.55267702936098,1.0,2.8241117121346153e-05,0.044077432354634426,0.044077432354634426,6.703976975409684,27792,3.352002607794692,512,4000,1.0,2.7523888820409936e-05,0.991472366148532,0.991472366148532,0.043106353872283544,9264,0.021566938666790877,119.17368728907604,145.86058755600243
223.71848013816927,0.9999280368451353,0.00020760254164761983,0.04803540587219344,0.04803540587219344,6.56238969002363,27792,3.2812986609986545,512,4250,1.0,3.527504888995324e-05,0.9886658031088082,0.9886658031088082,0.050765246976430756,9264,0.02540026088478446,125.71633694815682,153.9148747099971
236.88428324697756,1.0,3.0260088879810235e-05,0.0504461715601612,0.0504461715601612,6.59194647174631,27792,3.2959883716783103,512,4500,1.0,3.020138451017259e-05,0.9939550949913645,0.9939550949913645,0.03260948116503437,9264,0.01631984114003511,132.05864266917342,161.7500628600028
250.0,1.0,2.913115481499134e-05,0.05156160046056419,0.05156160046056419,6.608890992440776,27792,3.3044600742056787,48,4750,1.0,2.9195282244447633e-05,0.9985967184801382,0.9985967184801382,0.009680622355410885,9264,0.004854908864462623,138.37403107218415,169.5569096659965
263.1658031088083,1.0,3.0336501832813384e-05,0.05400834772596431,0.05400834772596431,6.578463205744908,27792,3.289246834209752,512,5000,1.0,3.040881751270865e-05,0.9973013816925734,0.9973013816925734,0.015042615647464733,9264,0.007536512386176046,144.81869970514526,177.4960483370014
276.3316062176166,1.0,3.1115362709806345e-05,0.05656303972366149,0.05656303972366149,6.49105492143296,27792,3.2455430093961812,512,5250,1.0,3.14729377115266e-05,0.9989205526770294,0.9989205526770294,0.009974574969376924,9264,0.005003023977891666,151.4683113791907,185.65317961799883
289.4974093264249,1.0,3.331899002894639e-05,0.05616724237190558,0.05616724237190558,6.537233371328333,27792,3.268633329120256,512,5500,1.0,3.3456407123871006e-05,0.9965457685664939,0.9965457685664939,0.01940940567557676,9264,0.009721431178274035,157.81690365614486,193.49880031200155
302.66321243523316,1.0,3.569462959827275e-05,0.059261658031088085,0.059261658031088085,6.603766182749588,27792,3.301900926237485,512,5750,1.0,3.590467962495088e-05,0.9958981001727115,0.9958981001727115,0.02237525762787446,9264,0.0112055811471272,164.12844230314658,201.3034400329998
315.82901554404145,0.9999640184225677,0.00021423989297754024,0.05875791594703512,0.05875791594703512,6.487846286666071,27792,3.244030243649041,512,6000,1.0,3.880402259247149e-05,0.9988126079447323,0.9988126079447323,0.009613876380605402,9264,0.004826340161662851,170.4706848821661,209.14789420000307
328.99481865284974,1.0,4.066084124532324e-05,0.061708405296488196,0.061708405296488196,6.442430525863727,27792,3.2212355882186756,512,6250,1.0,4.090413715391193e-05,0.999892055267703,0.999892055267703,0.003265867337893328,9264,0.0016533857422988598,176.99041146320087,217.17806063099852
342.1105354058722,1.0,3.958602574486103e-05,0.06501871042026483,0.06501871042026483,6.391535906662663,27792,3.1957877669172445,512,6500,1.0,3.963332772130285e-05,0.9993523316062176,0.9993523316062176,0.005383623876514007,9264,0.0027116285958721435,183.2271104042302,224.9068255020029
355.2763385146805,1.0,4.355838883155608e-05,0.06379533678756477,0.06379533678756477,6.401076018707328,27792,3.2005597665245396,512,6750,1.0,4.365428071690237e-05,0.9977331606217616,0.9977331606217616,0.011994889308416988,9264,0.006019271816093224,189.47282494828687,232.6440553959983
368.4421416234888,1.0,4.222257145295519e-05,0.06577432354634427,0.06577432354634427,6.488361174166717,27792,3.2442016920002974,512,7000,1.0,4.242660185412242e-05,0.9941709844559585,0.9941709844559585,0.02444991814406888,9264,0.012246172300930776,195.86747687325987,240.53296966000198
381.6079447322971,1.0,5.211938802843456e-05,0.06663788140472078,0.06663788140472078,6.463806343408034,27792,3.231929220134799,512,7250,1.0,4.280628077524983e-05,0.998272884283247,0.998272884283247,0.011045245862274795,9264,0.005544026132949687,202.27451700717938,248.43529665200185
394.7737478411054,1.0,4.48514461821877e-05,0.06584628670120898,0.06584628670120898,6.550867676940813,27792,3.275456280837336,512,7500,1.0,4.4279732840539426e-05,0.9955742659758203,0.9955742659758203,0.021913036974291727,9264,0.010978658450365272,209.06556247715343,256.72385808800027
407.93955094991367,0.9999280368451353,0.0001695252917830285,0.06937248128957973,0.06937248128957973,6.460064489949896,27792,3.23011702480986,512,7750,1.0,4.59697350728147e-05,0.9958981001727115,0.9958981001727115,0.024076846484513068,9264,0.012061407830604772,215.50870704021509,264.67545553400123
421.0552677029361,1.0,3.9422859953288534e-05,0.07300662061024756,0.07300662061024756,6.427153091562433,27792,3.213596334111505,512,8000,1.0,3.9575061299805956e-05,1.0,1.0,0.000592300719227674,9264,0.0003159378899747123,222.80306587117957,273.4922312400013
434.22107081174437,1.0,7.746430014318556e-06,0.07696459412780657,0.07696459412780657,6.681424946364961,27792,3.3407162878797463,512,8250,1.0,7.760233132139296e-06,1.0,1.0,0.00018026398799248644,9264,9.401211054032163e-05,230.05491709121998,282.26784807399963
447.38687392055266,1.0,6.172092605806983e-07,0.07926741508347726,0.07926741508347726,7.485908894821632,27792,3.742954695574772,512,8500,1.0,6.137269862717085e-07,1.0,1.0,2.931456151639557e-05,9264,1.4964144308275232e-05,237.347674594188,291.07500798300316
460.55267702936095,1.0,7.439554792257444e-08,0.08185808865860679,0.08185808865860679,8.792275832312919,27792,4.396137951294718,512,8750,1.0,3.4100235404541633e-09,1.0,1.0,3.189743186941528e-06,9264,1.5965766054381083e-06,244.63867558620404,299.88725064799655
473.71848013816924,1.0,4.443711254526758e-09,0.08326137017846863,0.08326137017846863,9.92315915403657,27792,4.961579577018285,512,9000,1.0,3.191267338661733e-09,1.0,1.0,4.3681757488826683e-07,9264,2.200044212852708e-07,252.1838651882208,308.9788785580022
486.88428324697753,1.0,1.3202831152391565e-07,0.0787636729994243,0.0787636729994243,7.847255375169788,27792,3.9236276963694587,512,9250,1.0,1.2130676021387253e-07,0.9992443868739206,0.9992443868739206,0.0038045832721616216,9264,0.0019023522508647519,259.8912945772099,318.2103089930024
500.0,1.0,6.953607512171323e-06,0.07980713874496258,0.07980713874496258,7.326303388719663,27792,3.663155146693799,48,9500,1.0,1.0779711698961522e-06,0.9993523316062176,0.9993523316062176,0.003513102712421734,9264,0.001757090352314793,267.39441180717404,327.22369358500146
513.1658031088083,1.0,3.865980151689363e-07,0.08200201496833621,0.08200201496833621,6.952050568663532,27792,3.4760255215150155,512,9750,1.0,3.8869121526156344e-07,0.9973013816925734,0.9973013816925734,0.010774293213130485,9264,0.005387340920023453,275.0119114561676,336.366391992
526.3316062176166,0.9999280368451353,0.0002508911925242925,0.08657167530224526,0.08657167530224526,6.973515037839689,27792,3.4868830196048997,512,10000,1.0,8.70687689113737e-07,0.9973013816925734,0.9973013816925734,0.011569459359636065,9264,0.005785165024062358,282.2205034441431,345.11851511400164
539.4974093264249,1.0,1.341427855694127e-05,0.08599597006332757,0.08599597006332757,6.900206157923706,27792,3.450109777192515,512,10250,1.0,1.7951645465892526e-06,0.9942789291882557,0.9942789291882557,0.02351943094810931,9264,0.01176061305669434,289.420631639201,353.8540651669973
552.6632124352332,1.0,1.7974622451518509e-06,0.09232872769142199,0.09232872769142199,6.575360457926011,27792,3.2876811820882863,512,10500,1.0,1.8694279164569763e-06,0.9955742659758203,0.9955742659758203,0.0161076693028366,9264,0.008054769293940747,296.57772607024526,362.5276010890011
565.8290155440415,1.0,5.303139030920244e-06,0.09697035118019574,0.09697035118019574,6.441422435560649,27792,3.2207139201320722,512,10750,1.0,3.835855034866464e-06,0.9976252158894646,0.9976252158894646,0.010300800791380215,9264,0.005152318296095096,303.61742994124506,371.08117265799956
578.9948186528497,1.0,2.540978740122776e-06,0.0928684513529073,0.0928684513529073,6.56615342144041,27792,3.283077955932266,512,11000,1.0,2.482043308565202e-06,1.0,1.0,0.00021063540828943457,9264,0.00010655872766668418,310.58569141420594,379.5687477019965
592.1105354058722,1.0,1.362172797750604e-06,0.09153713298791019,0.09153713298791019,6.90704791959017,27792,3.4535246757371163,512,11250,1.0,1.3652182703429394e-06,1.0,1.0,5.592673066227386e-05,9264,2.864597490220612e-05,316.7627894881516,387.2596209730036
605.2763385146804,1.0,4.875775748686814e-07,0.09524323546344272,0.09524323546344272,7.459948880684808,27792,3.7299746797217948,512,11500,1.0,4.897694118084793e-07,1.0,1.0,1.3791483221032748e-05,9264,7.140626367078997e-06,324.07990496714774,396.104777681001
618.4421416234887,1.0,1.2842277010127259e-08,0.10186384571099596,0.10186384571099596,8.307798861084688,27792,4.153899428346202,512,11750,1.0,1.4772479272079968e-08,1.0,1.0,2.573161716205247e-06,9264,1.2939670982326072e-06,331.7318714641515,405.27508969399787
631.607944732297,1.0,4.2292870782933e-09,0.10941997697179044,0.10941997697179044,9.229615338313971,27792,4.614807669156986,512,12000,1.0,4.555276763740522e-09,1.0,1.0,4.124069509181845e-07,9264,2.084811140871674e-07,339.38436480413657,414.4816604709995
644.7737478411053,1.0,9.350756658454583e-10,0.11006764536557283,0.11006764536557283,9.561534703704359,27792,4.780767351852179,512,12250,1.0,9.522330097720465e-10,1.0,1.0,1.4378718043505752e-07,9264,7.23697067669004e-08,347.0537194340868,423.6789253840034
657.9395509499136,1.0,3.3885770106209804e-10,0.1094559585492228,0.1094559585492228,9.720722609164733,27792,4.860361304582367,512,12500,1.0,4.2464446006736984e-10,1.0,1.0,1.1181016756325174e-07,9264,5.611740602661593e-08,354.18910199408856,432.3273154039998
671.0552677029361,1.0,3.860404224266642e-11,0.11139896373056994,0.11139896373056994,9.846100573849938,27792,4.923050286924969,512,12750,1.0,7.720808448533283e-11,1.0,1.0,9.542918858890411e-08,9264,4.7753198363539494e-08,360.77504378505546,440.407188940997
684.2210708117444,1.0,1.715735210785174e-11,0.11208261370178468,0.11208261370178468,9.85788575712126,27792,4.92894287856063,512,13000,1.0,1.2868014080888805e-11,1.0,1.0,8.739954894371575e-08,9264,4.370620847928182e-08,367.15497994297766,448.2807465579972
697.3868739205527,1.0,5.147205632355522e-11,0.11168681635002879,0.11168681635002879,9.929379609788226,27792,4.964689804894113,512,13250,1.0,6.434007040444402e-11,1.0,1.0,8.292148056205403e-08,9264,4.149291031814672e-08,373.5895206640271,456.22179515800235
710.552677029361,1.0,1.072334504184089e-10,0.11157887161773172,0.11157887161773172,9.930014659154669,27792,4.965007327381193,512,13500,1.0,1.158121259610058e-10,1.0,1.0,8.263838344999932e-08,9264,4.137709779181513e-08,380.2748962700716,464.42113118999987
723.7184801381693,1.0,1.5441616794800772e-10,0.11186672423719056,0.11186672423719056,9.922770164722538,27792,4.961385082361269,512,13750,1.0,2.444922660029004e-10,1.0,1.0,8.50447022265533e-08,9264,4.264459725433153e-08,386.7099451241447,472.3504086690009
736.8842832469776,1.0,1.7157351980019499e-10,0.11251439263097295,0.11251439263097295,10.089159818922711,27792,5.044579909461356,512,14000,1.0,3.217003489542463e-10,1.0,1.0,8.274132756878238e-08,9264,4.153151396998972e-08,393.83804027515,480.9725688670005
750.0,1.0,2.830963067115799e-10,0.10772884283246978,0.10772884283246978,10.060905337951343,27792,5.030452666779531,48,14250,1.0,5.275885627435654e-10,1.0,1.0,8.884076660667857e-08,9264,4.468417760772087e-08,400.6374209550995,489.2772600190001
763.1658031088083,1.0,3.603043896629258e-10,0.10956390328151987,0.10956390328151987,10.079619122704488,27792,5.039809561352244,512,14500,1.0,5.919286400509505e-10,1.0,1.0,8.577817985828389e-08,9264,4.3185054270643236e-08,407.9775344091031,498.1300188640016
776.3316062176166,0.9999280368451353,0.0005022983259668339,0.13694588370754174,0.13694588370754174,6.17400272481388,27792,3.0872525317818527,512,14750,1.0,5.09983275757501e-07,1.0,1.0,0.00030307555605379126,9264,0.0001517927705588556,415.2560481850669,506.9039411519989
789.4974093264249,0.9999280368451353,0.00041583770457657537,0.12435233160621761,0.12435233160621761,6.87333910233273,27792,3.4368774510692712,512,15000,1.0,7.342227497949371e-07,1.0,1.0,4.059233020010705e-05,9264,2.066327669564876e-05,421.8142443269826,514.9556290129985
802.6632124352332,0.9999640184225677,8.012844189895737e-05,0.1106433506044905,0.1106433506044905,7.6946158488728775,27792,3.847348054524599,512,15250,1.0,7.884359099782178e-07,1.0,1.0,7.028444088064134e-06,9264,3.9084400877715225e-06,428.4607961620568,523.1043915780028
815.8290155440415,1.0,2.4422198442084286e-07,0.10938399539435809,0.10938399539435809,8.466589989714329,27792,4.2332949948571645,512,15500,1.0,2.4297382788691583e-07,1.0,1.0,1.9001017790287733e-06,9264,1.0715378114100326e-06,434.85858628603455,530.9969068290011
828.9948186528497,1.0,6.053971341966667e-08,0.1153209556706966,0.1153209556706966,9.053972629685475,27792,4.526986314842738,512,15750,1.0,6.464889947806122e-08,1.0,1.0,5.671576403408722e-07,9264,3.159032733701412e-07,440.1856230740377,537.7780653079972
842.1105354058722,1.0,7.347635592518995e-09,0.11953080023028209,0.11953080023028209,9.451084595956402,27792,4.725542297978201,512,16000,1.0,7.96530010784436e-09,1.0,1.0,1.8824616702208294e-07,9264,9.810573410646102e-08,445.500107710046,544.5457462210034
855.2763385146804,0.9999640184225677,0.00011941391419828526,0.15159038572251007,0.15159038572251007,5.245935182016885,27792,2.6230272469880185,512,16250,1.0,8.044028653952353e-07,0.9902849740932642,0.9902849740932642,0.0422113022038356,9264,0.021106053188777753,450.8261398550312,551.3248181599993
868.4421416234887,1.0,5.060988770317166e-08,0.15709556706966032,0.15709556706966032,5.307418862772729,27792,2.6537094313863645,512,16500,1.0,5.383976703038391e-08,0.9975172711571675,0.9975172711571675,0.012966268604206297,9264,0.006483161119046092,456.15042973697564,558.1022519519975
881.607944732297,1.0,1.402097991341254e-07,0.1669545192861255,0.1669545192861255,5.116503705083466,27792,2.5582518536398036,512,16750,1.0,1.4368413274147843e-07,0.9989205526770294,0.9989205526770294,0.005985215394749646,9264,0.0029926794944636665,461.47356085604406,564.8775879280001
894.7737478411053,1.0,2.441533865552729e-07,0.18426165803108807,0.18426165803108807,4.924892963591703,27792,2.462446720077172,512,17000,1.0,2.466283126876625e-07,0.9997841105354058,0.9997841105354058,0.0018204414848292918,9264,0.0009103440694689481,466.79923237111507,571.6560975829998
907.9395509499136,1.0,3.7302280404931965e-07,0.20743379389752448,0.20743379389752448,4.741045451672103,27792,2.3705229981575604,512,17250,1.0,3.0528014316735013e-07,0.9970854922279793,0.9970854922279793,0.012598267756402493,9264,0.006299286505725357,472.1249715551239,578.4372971569974
921.0552677029361,0.9999640184225677,8.564043883022308e-05,0.25471358664363847,0.25471358664363847,4.047319674670319,27792,2.0237026642847145,512,17500,0.999892055267703,8.988851756395185e-05,0.998272884283247,0.998380829015544,0.006715958111232633,9264,0.003402923312623678,478.5991134761716,586.4059067659982
934.2210708117444,0.9999640184225677,8.096547375940864e-05,0.30077000575705237,0.30080598733448477,3.6627739800347223,27792,1.8314274583112664,512,17750,1.0,7.568577764086732e-07,0.9976252158894646,0.9976252158894646,0.010180572614022282,9264,0.005090664684553735,485.04702600028395,594.3485988390021
947.3868739205527,0.9999640184225677,7.137113029258596e-05,0.4068796776050662,0.4068796776050662,2.778541116928601,27792,1.3893062353271415,512,18000,1.0,2.0811401795298213e-06,0.9994602763385146,0.9994602763385146,0.003577359767054853,9264,0.0017897204105100483,491.44682880132314,602.2458728130005
960.552677029361,1.0,1.958541797250713e-06,0.5607369027058147,0.5607369027058147,1.743926166321398,27792,0.871964065384851,512,18250,1.0,1.949621862512967e-06,0.9984887737478411,0.9984887737478411,0.008319627614257558,9264,0.0041607886428956025,498.3120535102353,610.6066702519965
973.7184801381693,1.0,1.4097592509403948e-05,0.6685377086931491,0.6685377086931491,1.210733362086971,27792,0.6053737309312573,512,18500,1.0,3.1052768086276255e-06,0.9969775474956822,0.9969775474956822,0.012264462229707286,9264,0.006133783743789159,505.2947607672104,619.0876166579983
986.8842832469776,1.0,2.9299137087347294e-06,0.8587363270005757,0.8587363270005757,0.4471529588386391,27792,0.22357794486316512,512,18750,1.0,2.8625679718003173e-06,0.999892055267703,0.999892055267703,0.0016561681991812992,9264,0.00082951538314615,511.89132614321716,627.1775498150018
1000.0,1.0,3.1160550329408106e-06,0.9034974093264249,0.9034974093264249,0.3039424670586726,27792,0.1519727911424829,48,19000,1.0,3.122044474432677e-06,0.9991364421416234,0.9991364421416234,0.004489332054289691,9264,0.0022462270524600497,518.3753428812634,635.1551351550006
1013.1658031088083,1.0,6.500258132396212e-05,0.9063399539435809,0.9063399539435809,0.29409175044033947,27792,0.1470783765314637,512,19250,1.0,4.942118038074717e-06,0.9978411053540587,0.9978411053540587,0.010227574881597298,9264,0.005116258402047791,525.1678427882653,643.4432532339997
1026.3316062176166,1.0,7.502433494262603e-06,0.969559585492228,0.969559585492228,0.09610165764562138,27792,0.04805457976335208,512,19500,1.0,4.9502968490373065e-06,0.9995682210708118,0.9995682210708118,0.003449872365327542,9264,0.0017274113131497241,531.69744430422,651.4720598470012
1039.4974093264248,1.0,7.127625619411944e-06,0.9838802533103052,0.9838802533103052,0.05182081227612756,27792,0.025913969857567814,512,19750,1.0,6.688366196745008e-06,0.9990284974093264,0.9990284974093264,0.004301347233160417,9264,0.0021540178462544487,538.5541618831485,659.8379662840016
1052.6632124352332,1.0,7.460376415114848e-06,0.9958621185952792,0.9958621185952792,0.017008103528925927,27792,0.008507781983211114,512,20000,1.0,7.457642083435073e-06,1.0,1.0,0.00031430639418257025,9264,0.00016088201960955708,545.1230832701913,667.9192607869991
1065.8290155440413,1.0,4.670512283191532e-06,0.9990644789867588,0.9990644789867588,0.004656148760241205,27792,0.0023304096288511516,512,20250,1.0,4.670447943117292e-06,1.0,1.0,5.240085752301291e-05,9264,2.8535652736206706e-05,551.5302812922455,675.8318815410021
1078.9948186528497,1.0,5.960463336089177e-07,0.9993163500287853,0.9993163500287853,0.0033238307355351374,27792,0.0016622133909914457,512,20500,1.0,5.960463338707182e-07,1.0,1.0,1.1069110191257474e-05,9264,5.83257831950569e-06,558.1587567173192,683.9742928080013
1092.1105354058723,1.0,1.6668366201905e-08,0.9994242947610823,0.9994242947610823,0.003458872814524189,27792,0.0017294447500250541,512,20750,1.0,1.7397553509510704e-08,1.0,1.0,1.6863644828053597e-06,9264,8.518810190471476e-07,565.5917428432949,692.941368546999
1105.2763385146804,1.0,1.3511414255707763e-09,0.9993163500287853,0.9993163500287853,0.004485688979680652,27792,0.0022428451482534905,512,21000,1.0,1.6213696982596375e-09,1.0,1.0,2.9727682227053225e-07,9264,1.494490960706827e-07,572.861269304296,701.7388018950005
1118.4421416234889,1.0,1.0894918360944463e-09,0.9991724237190558,0.9991724237190558,0.004989274701666918,27792,0.002494637863409384,512,21250,1.0,1.1581212373672478e-09,1.0,1.0,1.400683273837999e-07,9264,7.061322436005465e-08,579.4413224003438,709.8278693000029
1131.607944732297,1.0,4.5466982344380106e-10,0.9991004605641911,0.9991004605641911,0.005227602008771821,27792,0.0026138012295761704,512,21500,1.0,5.275885704134999e-10,1.0,1.0,1.0829720427127525e-07,9264,5.441239644001921e-08,586.428798602341,718.3105698400032
1144.7737478411054,1.0,2.9167498327683473e-10,0.9991724237190558,0.9991724237190558,0.004403242192305096,27792,0.0022016212055306745,512,21750,1.0,3.6030439042991927e-10,1.0,1.0,9.349898876701325e-08,9264,4.6929646591376974e-08,592.7881047362243,726.1640339119986
1157.9395509499136,1.0,5.018525412290644e-10,0.9992084052964882,0.9992084052964882,0.00428482906384684,27792,0.0021424147699816948,512,22000,1.0,6.434006810346367e-10,1.0,1.0,9.158165455467879e-08,9264,4.611252764853645e-08,599.1075742812027,733.9775909370001
1171.0552677029361,1.0,4.4609114790120416e-10,0.9992084052964882,0.9992084052964882,0.004053738820649426,27792,0.002026869622646991,512,22250,1.0,5.919286369829767e-10,1.0,1.0,8.796574238242387e-08,9264,4.427883553271323e-08,606.1413450712207,742.5275894790029
1184.2210708117443,1.0,7.763701654951063e-10,0.9992443868739206,0.9992443868739206,0.0039970391476367865,27792,0.001998519921254794,512,22500,1.0,9.136289744323212e-10,1.0,1.0,9.073236557471856e-08,9264,4.58229973144591e-08,613.5480452132397,751.4704239290004
1197.3868739205527,1.0,8.921822888994672e-10,0.9992443868739206,0.9992443868739206,0.003993860144553921,27792,0.001996930488342774,512,22750,1.0,9.007609626524128e-10,1.0,1.0,8.204645555239803e-08,9264,4.1473608295874894e-08,620.9601909422636,760.4128597800009
1210.552677029361,1.0,9.865477178227174e-10,0.9993163500287853,0.9993163500287853,0.003684834590093347,27792,0.0018424177475718623,512,23000,1.0,1.0551771254871308e-09,1.0,1.0,8.401526182412402e-08,9264,4.2535219520825184e-08,628.7775256542591,769.7468741339981
1223.7184801381693,1.0,8.449995698358815e-10,0.9993523316062176,0.9993523316062176,0.0032296958974901415,27792,0.001614848345508862,512,23250,1.0,8.621569211767398e-10,1.0,1.0,8.759256916643399e-08,9264,4.422736308062105e-08,636.2333407613114,778.7422298430029
1236.8842832469775,1.0,6.905834052115121e-10,0.9992443868739206,0.9992443868739206,0.003605903912286522,27792,0.0018029522714096248,512,23500,1.0,7.334767819018386e-10,1.0,1.0,7.127592712472058e-08,9264,3.6004701985524936e-08,643.7166192592776,787.7501481069994
1250.0,1.0,1.1881465935850733e-09,0.9993163500287853,0.9993163500287853,0.0031017674476819116,27792,0.0015508842964676167,48,23750,1.0,1.2095932844868815e-09,1.0,1.0,8.383510883085237e-08,9264,4.252235111327665e-08,650.9074383862753,796.6686700889986
1263.1658031088082,1.0,3.0411405228022347e-09,0.9992443868739206,0.9992443868739206,0.003293956560772041,27792,0.0016469797709310738,512,24000,1.0,3.319947411975197e-09,1.0,1.0,8.293434857690191e-08,9264,4.3127148203827766e-08,658.0949769792933,805.516872537999
1276.3316062176166,1.0,5.661926116335084e-10,0.9992803684513529,0.9992803684513529,0.003270265999787327,27792,0.0016351332787006847,512,24250,1.0,6.305326753906759e-10,1.0,1.0,9.006322801722738e-08,9264,4.534688034784302e-08,665.035937275301,813.9827522069972
1289.4974093264248,1.0,3.3156581401653357e-09,0.9991364421416234,0.9991364421416234,0.0035644537162991445,27792,0.0017822285202681567,512,24500,1.0,3.358551505606425e-09,1.0,1.0,8.184056731483192e-08,9264,4.2599559595064593e-08,671.9988058132658,822.4597093330012
1302.6632124352332,1.0,4.772913513224963e-07,0.999496257915947,0.999496257915947,0.0028046715326894615,27792,0.0014025743870588988,512,24750,1.0,2.209436309578846e-07,1.0,1.0,0.00017554928950357391,9264,8.788511665925603e-05,678.9633863702984,830.9522754510035
1315.8290155440413,1.0,2.90807770934496e-06,0.9997121473805411,0.9997121473805411,0.0013481370185726527,27792,0.0006755225445644122,512,25000,1.0,3.250709206662144e-07,1.0,1.0,2.6673930854474665e-05,9264,1.349950091437226e-05,686.0280963043115,839.533199012003
1328.9948186528497,1.0,1.7419600338326673e-07,0.9997841105354058,0.9997841105354058,0.0006775809508905449,27792,0.00033887756824741116,512,25250,1.0,1.3812523986294115e-07,1.0,1.0,5.534595147953272e-06,9264,2.8363602096652203e-06,692.9794203702331,848.0193779980036
1342.1105354058723,1.0,6.90797846313757e-08,0.9998560736902706,0.9998560736902706,0.00030561754499591173,27792,0.00015284331239447672,512,25500,1.0,7.17005716147007e-08,1.0,1.0,1.390851115587124e-06,9264,7.31275847159762e-07,700.1033984821697,856.6648421069985
1355.2763385146804,1.0,6.012364760625182e-08,0.9999640184225677,0.9999640184225677,0.00013339975718354536,27792,6.672994041493767e-05,512,25750,1.0,6.156057593911326e-08,1.0,1.0,4.894219630375161e-07,9264,2.754912730348924e-07,707.2716126952291,865.3463724800022
1368.4421416234889,1.0,8.750249047312892e-09,0.9999640184225677,0.9999640184225677,9.871734505853731e-05,27792,4.936304550964779e-05,512,26000,1.0,8.98187328082706e-09,1.0,1.0,2.1075231870781863e-07,9264,1.0986709653582022e-07,714.4176461272582,874.0192366210031
1381.607944732297,1.0,2.766622883451988e-09,0.9999640184225677,0.9999640184225677,2.9486970971572207e-05,27792,1.4744868797153175e-05,512,26250,1.0,2.8309629957854077e-09,1.0,1.0,1.3183279788115524e-07,9264,6.733188057384466e-08,721.72275283419,882.8608709749969
1394.7737478411054,1.0,4.1177644445249415e-10,1.0,1.0,5.052438448702232e-07,27792,2.528278106726777e-07,512,26500,1.0,3.6030438736194546e-10,1.0,1.0,1.1322564846020507e-07,9264,5.679297643797289e-08,729.3952689690996,892.095443364
1407.9395509499136,1.0,4.675378370133609e-10,1.0,1.0,1.7792630925441046e-07,27792,8.919692356360842e-08,512,26750,1.0,3.8604041782470343e-10,1.0,1.0,1.1223481126783056e-07,9264,5.63104258811773e-08,737.1908416220758,901.4255403429997
1421.0552677029361,1.0,0.0,1.0,1.0,1.1767795252136183e-07,27792,5.8838976260680915e-08,512,27000,1.0,0.0,1.0,1.0,8.124863863182934e-08,9264,4.062431931591467e-08,745.048411114105,910.8423006610028
1434.2210708117443,1.0,0.0,1.0,1.0,1.2285519613311344e-07,27792,6.142759806655672e-08,512,27250,1.0,0.0,1.0,1.0,9.820867743984279e-08,9264,4.910433874446518e-08,752.9967255671727,920.3758272560008
1447.3868739205527,1.0,5.049021849649686e-07,0.999892055267703,0.999892055267703,0.00038280042895546455,27792,0.00019165266351586676,512,27500,1.0,5.042459159459261e-07,1.0,1.0,6.511139355492111e-05,9264,3.280781979237511e-05,760.4744680211734,929.3841536079999
1460.552677029361,1.0,1.196896807121612e-07,0.9999640184225677,0.9999640184225677,0.00011155286533546258,27792,5.5836277515450506e-05,512,27750,1.0,1.1928648345355761e-07,1.0,1.0,1.0509043969660323e-05,9264,5.31416523050849e-06,767.5006576491796,937.9283912750034
1473.7184801381693,1.0,7.411320424864273e-08,1.0,1.0,1.7798309685218307e-05,27792,8.936211449724047e-06,512,28000,1.0,6.058260681067421e-08,1.0,1.0,2.4335173624805444e-06,9264,1.247049988192187e-06,774.4509474571532,946.399169903998
1486.8842832469775,1.0,3.120063985283935e-08,1.0,1.0,1.4337052718074266e-06,27792,7.324529571432258e-07,512,28250,1.0,3.025269895582092e-08,1.0,1.0,7.404896866550085e-07,9264,3.8537119478118985e-07,781.4485128782617,954.9303419589996
1500.0,1.0,1.4296362589762792e-08,1.0,1.0,3.8054095429061564e-07,27792,1.9741865939330642e-07,48,28500,1.0,1.4141946544533738e-08,1.0,1.0,3.1908811686250827e-07,9264,1.666150325901654e-07,788.4925157422331,963.5185321890021
1513.1658031088082,1.0,1.5355829658434722e-09,1.0,1.0,2.0193344076953925e-07,27792,1.0173451197008499e-07,512,28750,1.0,1.235329321085587e-09,1.0,1.0,1.6301199785757395e-07,9264,8.212366364148532e-08,795.630980491318,972.1980777770004
1526.3316062176166,1.0,0.0,1.0,1.0,1.4360273267114425e-07,27792,7.180136633557213e-08,512,29000,1.0,0.0,1.0,1.0,1.291691188076436e-07,9264,6.45845594038218e-08,803.3093671913593,981.3952908279971
1539.4974093264248,1.0,0.0,1.0,1.0,1.1992988411413908e-07,27792,5.996494208979461e-08,512,29250,1.0,0.0,1.0,1.0,1.0213342123213316e-07,9264,5.106671061606658e-08,810.4463045873563,990.0620119550003
1552.6632124352332,1.0,0.0,1.0,1.0,1.2193300515757621e-07,27792,6.096650257878811e-08,512,29500,1.0,0.0,1.0,1.0,1.0874758002945577e-07,9264,5.4373790014727885e-08,817.9907879793318,999.1315691819982
1565.8290155440413,1.0,0.0,1.0,1.0,1.1719757569355554e-07,27792,5.859878784677777e-08,512,29750,1.0,0.0,1.0,1.0,1.08258598655929e-07,9264,5.41292993279645e-08,825.5703731173126,1008.2574755070018
1578.9948186528497,1.0,0.0,1.0,1.0,1.278608705987172e-07,27792,6.39304352993586e-08,512,30000,1.0,0.0,1.0,1.0,1.2157699004739308e-07,9264,6.078849504824034e-08,833.0514998593644,1017.2698375670006
1592.1105354058723,1.0,0.0,1.0,1.0,1.0330440925792575e-07,27792,5.1652204628962876e-08,512,30250,1.0,0.0,1.0,1.0,8.898231555540657e-08,9264,4.4491157777703286e-08,840.576734351358,1026.3365749000004
1605.2763385146804,1.0,7.329384074539695e-06,0.9999640184225677,0.9999640184225677,0.001585715751136317,27792,0.0007965225808399638,512,30500,1.0,7.331531416139821e-06,1.0,1.0,0.0009237448178193112,9264,0.0004655381685544275,847.682561875321,1034.9607689269978
1618.4421416234889,1.0,2.968719381499308e-06,1.0,1.0,0.00019815193255156896,27792,0.00010056032828137356,512,30750,1.0,2.9645930265522014e-06,1.0,1.0,9.736003871325126e-05,9264,5.0162314537861135e-05,854.8496850503434,1043.6426012899974
1631.607944732297,1.0,2.467784431273104e-07,1.0,1.0,1.7880216813509534e-05,27792,9.063497656461968e-06,512,31000,1.0,2.4353999540738114e-07,1.0,1.0,9.823132672070465e-06,9264,5.033336360540743e-06,862.2202638354502,1052.5481023730026
1644.7737478411054,1.0,6.0822809147042534e-09,1.0,1.0,2.0748409885946913e-06,27792,1.0404616351397283e-06,512,31250,1.0,5.571849740372897e-09,1.0,1.0,1.498543329215516e-06,9264,7.520575898223245e-07,869.8513665884457,1061.702061064003
1657.9395509499136,1.0,5.992204889513739e-09,1.0,1.0,5.63417337292971e-07,27792,2.8470477169870117e-07,512,31500,1.0,5.494641701140177e-09,1.0,1.0,4.970784316756557e-07,9264,2.5128653700785073e-07,877.202374383487,1070.596028988999
1671.0552677029361,1.0,6.824336336355661e-09,1.0,1.0,2.724244213283804e-07,27792,1.396243792680203e-07,512,31750,1.0,6.485478598222213e-09,1.0,1.0,2.5258623497828384e-07,9264,1.2953585723080826e-07,884.7828771235218,1079.6916758200023
1684.2210708117443,1.0,4.5038048567250263e-10,1.0,1.0,1.2214318273342495e-07,27792,6.129678162655041e-08,512,32000,1.0,3.0883233257237717e-10,1.0,1.0,1.2000709228503901e-07,9264,6.01579623206941e-08,891.8891687655705,1088.3433401389993
1697.3868739205527,1.0,0.0,1.0,1.0,1.2977391553821912e-07,27792,6.488695776910956e-08,512,32250,1.0,0.0,1.0,1.0,1.20663361042281e-07,9264,6.03316805211405e-08,898.8449030566771,1096.8224615989966
1710.552677029361,1.0,0.0,1.0,1.0,1.1469260213650113e-07,27792,5.734630106825056e-08,512,32500,1.0,0.0,1.0,1.0,1.0514453592113631e-07,9264,5.2572267960568157e-08,905.8672417297057,1105.3591375510005
1723.7184801381693,1.0,0.0,1.0,1.0,5.6460552712888e-08,27792,2.8230276356444e-08,512,32750,1.0,0.0,1.0,1.0,3.995517900951895e-08,9264,1.9977589504759477e-08,912.0873719237861,1113.081059295997
1736.8842832469775,1.0,3.0025366188740546e-11,1.0,1.0,9.577662685512501e-08,27792,4.7903326111551705e-08,512,33000,1.0,2.573602816177761e-11,1.0,1.0,8.723226553609458e-08,9264,4.3629000782895176e-08,919.0588576447772,1121.5565380330008
1750.0,1.0,0.0,1.0,1.0,1.2045318345006974e-07,27792,6.022659172503487e-08,48,33250,1.0,0.0,1.0,1.0,1.172018650482007e-07,9264,5.860093252410035e-08,925.4482073636827,1129.437525068999
1763.1658031088082,1.0,1.3075047373249842e-06,1.0,1.0,0.00043057190363172596,27792,0.0002159397048762022,512,33500,1.0,1.297416625103624e-06,1.0,1.0,0.0003158258646565758,9264,0.00015856164112680677,931.8856078436074,1137.3670299529986
1776.3316062176166,1.0,4.184163137212453e-07,1.0,1.0,4.0577723939297745e-05,27792,2.0498070155045743e-05,512,33750,1.0,4.185063899560807e-07,1.0,1.0,2.908743544970679e-05,9264,1.4752970948302233e-05,938.3200990766418,1145.293884822
1789.4974093264248,1.0,8.050658181629515e-08,1.0,1.0,3.883117679720337e-06,27792,1.9818121265958716e-06,512,34000,1.0,8.021919589773994e-08,1.0,1.0,2.9143039715808693e-06,9264,1.497261588856685e-06,944.7100654917231,1153.175679560998
1802.6632124352332,1.0,8.685908905578056e-09,1.0,1.0,7.589337784382026e-07,27792,3.838098442302616e-07,512,34250,1.0,9.162025195705913e-09,1.0,1.0,6.538365123686317e-07,9264,3.314992694701619e-07,951.3371323418178,1161.2965417290034
1815.8290155440413,1.0,8.042508359534267e-09,1.0,1.0,3.3100388912138153e-07,27792,1.69523199200654e-07,512,34500,1.0,8.209792485061312e-09,1.0,1.0,3.0142032305155033e-07,9264,1.548150582622496e-07,958.0959060388413,1169.5508034419981
1828.9948186528497,1.0,3.431470421570348e-11,1.0,1.0,2.066173966688159e-07,27792,1.0332585568753847e-07,512,34750,1.0,2.573602816177761e-11,1.0,1.0,1.9048519532240408e-07,9264,9.525546567604992e-08,964.5846385648765,1177.5378659319977
1842.1105354058723,1.0,6.635046457764159e-07,1.0,1.0,0.0002516854180974235,27792,0.00012617446155119505,512,35000,1.0,6.673478906523464e-07,1.0,1.0,0.00018688822056557694,9264,9.377778434180148e-05,971.3873562618392,1185.8471130530015
1855.2763385146804,1.0,4.106483116193898e-07,0.9999640184225677,0.9999640184225677,6.019530016162192e-05,27792,3.030297427039291e-05,512,35250,1.0,4.1118448008282013e-07,1.0,1.0,1.407464290757958e-05,9264,7.242913727014405e-06,978.8735074057913,1194.8778806150003
1868.4421416234889,1.0,5.996064633740139e-08,1.0,1.0,2.70768542233565e-06,27792,1.3838230410942494e-06,512,35500,1.0,5.834356987093881e-08,1.0,1.0,2.2056393305989106e-06,9264,1.1319914549596043e-06,985.9835905977452,1203.5229083770028
1881.607944732297,1.0,2.3844427970638727e-08,1.0,1.0,9.433923390012762e-07,27792,4.836183789739907e-07,512,35750,1.0,2.349699157179122e-08,1.0,1.0,8.717690602499153e-07,9264,4.4763302768107417e-07,993.4218764478137,1212.494852183001
1894.7737478411054,1.0,2.629364012183772e-08,1.0,1.0,3.6580757994662043e-07,27792,1.9605061180956326e-07,512,36000,1.0,2.6816939396408896e-08,1.0,1.0,3.453903295904137e-07,9264,1.8610363626670017e-07,1000.5644572427555,1221.1702783450019
1907.9395509499136,1.0,6.229740333191879e-06,0.999892055267703,0.999892055267703,0.0023304501309278853,27792,0.0011683399228740506,512,36250,1.0,2.8225897106075408e-06,1.0,1.0,0.0014703979406872562,9264,0.0007366102698720695,1007.0539509037626,1229.1681940229973
1921.0552677029361,1.0,8.661888464750726e-08,0.9999640184225677,0.9999640184225677,0.00015226363327201922,27792,7.61751260846493e-05,512,36500,1.0,8.604840581388552e-08,1.0,1.0,5.5985767531026935e-05,9264,2.8035907973157362e-05,1013.3705267477344,1236.982249941997
1934.2210708117443,1.0,8.505756394182828e-08,0.9999640184225677,0.9999640184225677,0.00010296672680443362,27792,5.152589003928951e-05,512,36750,1.0,8.434982314155729e-08,1.0,1.0,5.242435777282812e-06,9264,2.66339280730534e-06,1021.0897448107717,1246.222960152998
1947.3868739205527,1.0,3.4627822441479555e-08,1.0,1.0,1.8099799930125666e-06,27792,9.223039104841088e-07,512,37000,1.0,3.444767023769984e-08,1.0,1.0,1.462911986168844e-06,9264,7.486798309583123e-07,1028.2361483447312,1254.909970189001
1960.552677029361,1.0,2.338546876621633e-08,1.0,1.0,6.707365141033984e-07,27792,3.470609932101415e-07,512,37250,1.0,2.3252499292749432e-08,1.0,1.0,6.291686038928169e-07,9264,3.2621055336147004e-07,1035.455233569708,1263.6658581070005
1973.7184801381693,1.0,1.6728417896092273e-10,0.9999640184225677,0.9999640184225677,0.000859396667292081,27792,0.000429698417288137,512,37500,1.0,1.9302020124241717e-10,1.0,1.0,0.00047490738363637364,9264,0.00023745378832829817,1042.9477838807143,1272.677541956
1986.8842832469775,1.0,1.9044659883530258e-09,1.0,1.0,8.062998939543603e-05,27792,4.031594691406153e-05,512,37750,1.0,1.8787299714404857e-09,1.0,1.0,4.3117737226447154e-05,9264,2.155980798459068e-05,1050.1214419718235,1281.3640872830001
2000.0,1.0,3.99251536333593e-08,1.0,1.0,1.9016956795416085e-05,27792,9.528440978075391e-06,48,38000,1.0,4.074012791523977e-08,1.0,1.0,5.610588455283898e-06,9264,2.825664294360745e-06,1057.133431244838,1289.8995451630035
2013.1658031088082,1.0,3.524119766863253e-08,1.0,1.0,2.3912469089118614e-06,27792,1.2132440555973633e-06,512,38250,1.0,3.577307575475981e-08,1.0,1.0,1.9317441929820588e-06,9264,9.837586371295857e-07,1064.6456497027903,1298.9561302069997
2026.3316062176166,1.0,2.3295392670462418e-08,1.0,1.0,7.689880481103816e-07,27792,3.9614172216166555e-07,512,38500,1.0,2.273777887370865e-08,1.0,1.0,7.362689777849031e-07,9264,3.795033800105555e-07,1071.9767392067588,1307.812434981999
2039.4974093264248,1.0,1.2138826184232126e-09,1.0,1.0,2.507418131680936e-07,27792,1.2597784801648868e-07,512,38750,1.0,9.007609488465305e-10,1.0,1.0,2.431153697670321e-07,9264,1.2200806540319196e-07,1079.1274021107602,1316.4800457949968
2052.663212435233,1.0,2.8292332025561363e-08,0.9982009211283823,0.9982009211283823,0.009944093007772355,27792,0.0049720605922177665,512,39000,1.0,2.2683971820556695e-07,0.9992443868739206,0.9992443868739206,0.0065333698787734505,9264,0.003266798338767572,1086.2403762967733,1325.1142067170003
2065.8290155440413,1.0,1.0594658494080015e-09,0.9994242947610823,0.9994242947610823,0.002690240680725326,27792,0.0013451208486492496,512,39250,1.0,7.206087609180088e-10,1.0,1.0,0.001003808524083211,9264,0.0005019046223460212,1093.427400045788,1333.835130913998
2078.9948186528495,1.0,3.7317238789261657e-10,0.9978770869314911,0.9978770869314911,0.010220687383883426,27792,0.005110343794885832,512,39500,1.0,1.415481541227834e-10,0.9989205526770294,0.9989205526770294,0.0068255881931703535,9264,0.0034127941223212064,1101.0227030927563,1342.9431870960034
2092.1105354058723,0.9999640184225677,6.697657476282454e-05,0.9907527345998849,0.9907887161773172,0.03527647066404577,27792,0.017671723499954193,512,39750,1.0,9.554414485601558e-08,0.9910405872193437,0.9910405872193437,0.030147641704181317,9264,0.01507386862459578,1108.7440472357266,1352.1839268969998
2105.2763385146804,1.0,1.464678082558427e-07,1.0,1.0,6.671754735005642e-05,27792,3.343200757491006e-05,512,40000,1.0,3.9659203291970755e-08,1.0,1.0,4.740297222921757e-05,9264,2.372131572548937e-05,1116.4056590807304,1361.380456484003
2118.4421416234886,1.0,3.9427591047075596e-08,1.0,1.0,1.3309435576584381e-05,27792,6.674431587039146e-06,512,40250,1.0,3.931177867209738e-08,1.0,1.0,1.1399700588849092e-05,9264,5.719506187104686e-06,1123.8712198097055,1370.388793113998
2131.6079447322973,1.0,4.496941547009167e-08,1.0,1.0,3.418960754245425e-06,27792,1.7319650884002456e-06,512,40500,1.0,4.6389186433460084e-08,1.0,1.0,3.168228503861722e-06,9264,1.6073088486941687e-06,1131.368070844721,1379.3966910439995
2144.7737478411054,1.0,2.6581025786773756e-08,1.0,1.0,7.471209764127056e-07,27792,3.8685100287507385e-07,512,40750,1.0,2.7756304480304304e-08,1.0,1.0,7.103013238218767e-07,9264,3.690288159243794e-07,1139.1962362737177,1388.7585408399973
2157.9395509499136,1.0,1.73718183828219e-09,1.0,1.0,2.0960706545180722e-07,27792,1.0567212372813566e-07,512,41000,1.0,1.5441616467550233e-09,1.0,1.0,1.9890087703291908e-07,9264,1.0022251940733247e-07,1146.4388886167944,1397.5377616240003
2171.055267702936,1.0,7.892381767636858e-10,1.0,1.0,1.305974684884836e-07,27792,6.569335336624352e-08,512,41250,1.0,5.275885681125196e-10,1.0,1.0,1.2523150626419164e-07,9264,6.28795474610212e-08,1153.5509272237396,1406.173420070998
2184.2210708117445,1.0,0.0,1.0,1.0,9.541203283930125e-08,27792,4.7706016419650624e-08,512,41500,1.0,0.0,1.0,1.0,8.94712993342248e-08,9264,4.47356496671124e-08,1160.5131349508156,1414.643888642997
2197.3868739205527,1.0,0.0,1.0,1.0,1.1541750056806559e-07,27792,5.7708750284032796e-08,512,41750,1.0,0.0,1.0,1.0,1.1376610744002002e-07,9264,5.688305372001001e-08,1167.578901636858,1423.2287997890016
2210.552677029361,1.0,7.763701642167839e-10,1.0,1.0,1.1261227306942683e-07,27792,5.66943216492912e-08,512,42000,1.0,6.948727434941395e-10,1.0,1.0,1.1085793686979993e-07,9264,5.5776404835792786e-08,1174.815368983931,1432.015366548003
2223.718480138169,1.0,0.0,1.0,1.0,1.1405349073238964e-07,27792,5.702674536619482e-08,512,42250,1.0,0.0,1.0,1.0,1.1222194644367545e-07,9264,5.6110973221837724e-08,1182.5098518389204,1441.2543618420023
2236.8842832469777,1.0,0.0,1.0,1.0,1.1839001173612596e-07,27792,5.919500586806298e-08,512,42500,1.0,0.0,1.0,1.0,1.1753643343424563e-07,9264,5.876821671712281e-08,1189.7188593848841,1450.000037689002
2250.0,1.0,0.0,1.0,1.0,9.908799470031122e-08,27792,4.954399735015561e-08,48,42750,1.0,0.0,1.0,1.0,9.460563725852982e-08,9264,4.730281862926491e-08,1196.8832083559464,1458.6859445779992
2263.165803108808,1.0,0.0,1.0,1.0,6.24827836616969e-08,27792,3.124139183084845e-08,512,43000,1.0,0.0,1.0,1.0,5.2939005991032155e-08,9264,2.6469502995516077e-08,1204.2260039439861,1467.5577825900036
2276.3316062176164,1.0,4.0577135469882035e-09,1.0,1.0,9.1826144987823e-08,27792,4.794192950159427e-08,512,43250,1.0,4.3107844823977526e-09,1.0,1.0,8.652452471946106e-08,9264,4.5417654846750805e-08,1211.1928763749966,1476.0480984399983
2289.497409326425,1.0,0.0,1.0,1.0,6.412988952950077e-08,27792,3.2064944764750385e-08,512,43500,1.0,0.0,1.0,1.0,5.499788836669331e-08,9264,2.7498944183346656e-08,1218.4999410740274,1484.8925775390016
2302.663212435233,1.0,0.0,1.0,1.0,8.073391802155152e-08,27792,4.036695901077576e-08,512,43750,1.0,0.0,1.0,1.0,7.437711870306021e-08,9264,3.7188559351530106e-08,1225.6273248320285,1493.5402750590001
2315.8290155440413,1.0,0.0,1.0,1.0,1.0458692664044e-07,27792,5.229346332022e-08,512,44000,1.0,0.0,1.0,1.0,1.02596675264466e-07,9264,5.1298337632233e-08,1232.7230821570483,1502.152698029
2328.9948186528495,1.0,0.0,1.0,1.0,3.769898839004036e-08,27792,1.884949419502018e-08,512,44250,1.0,0.0,1.0,1.0,2.904310596509253e-08,9264,1.4521552982546265e-08,1239.7631407670196,1510.7108945479995
2342.1105354058723,1.0,0.0,1.0,1.0,1.038920525296522e-07,27792,5.19460262648261e-08,512,44500,1.0,0.0,1.0,1.0,1.0187606329137941e-07,9264,5.0938031645689704e-08,1246.7135427520552,1519.1763359690012
2355.2763385146804,0.9997481289579735,0.0007250676661895588,0.9774395509499136,0.9776914219919401,0.09502544613082174,27792,0.047875256804673236,512,44750,0.9997841105354058,0.0006258394580696099,0.9824050086355786,0.9826208981001727,0.0800822073005024,9264,0.04035402293958812,1254.0966259861088,1528.0943873409997
2368.4421416234886,1.0,3.722995725665577e-07,1.0,1.0,3.2865842953099126e-05,27792,1.661907131869451e-05,512,45000,1.0,2.3476387419210238e-07,1.0,1.0,1.9718926719987817e-05,9264,9.976845290904925e-06,1261.5564306311207,1537.0736585289997
2381.6079447322973,1.0,5.2672800117593154e-09,1.0,1.0,4.346789009375825e-06,27792,2.176028141638218e-06,512,45250,1.0,3.5515716554602805e-09,1.0,1.0,2.9905323605152655e-06,9264,1.4970419655212392e-06,1269.2373291720796,1546.2992911909969
2394.7737478411054,1.0,4.9327383684751364e-09,1.0,1.0,1.1613371572070208e-06,27792,5.831349481160212e-07,512,45500,1.0,4.568144730267817e-09,1.0,1.0,9.944912047563816e-07,9264,4.9952967501369e-07,1276.9365202640765,1555.5263929020002
2407.9395509499136,1.0,3.740302548332815e-09,1.0,1.0,5.068838592515425e-07,27792,2.553120811169968e-07,512,45750,1.0,3.911876022880396e-09,1.0,1.0,4.7266785188439636e-07,9264,2.3828985791586592e-07,1284.3207771800444,1564.4406084669972
2421.055267702936,1.0,2.0245674605222583e-09,1.0,1.0,2.5031717391412214e-07,27792,1.2617087085721124e-07,512,46000,1.0,1.9044660134081454e-09,1.0,1.0,2.3894613923952866e-07,9264,1.2042530271850761e-07,1290.6625606150628,1572.2732382670001
2434.2210708117445,1.0,3.860404224266642e-11,1.0,1.0,1.3941205859383283e-07,27792,6.972533135191329e-08,512,46250,1.0,1.2868014080888805e-11,1.0,1.0,1.330166552471604e-07,9264,6.651476163100415e-08,1297.5051047781235,1580.6096110080034
2447.3868739205527,1.0,0.0,1.0,1.0,1.249012272491544e-07,27792,6.24506136245772e-08,512,46500,1.0,0.0,1.0,1.0,1.2166706615132826e-07,9264,6.083353307566413e-08,1304.425283651115,1589.0231736510032
2460.552677029361,1.0,4.1220536391241286e-09,1.0,1.0,1.1258224770144844e-07,27792,5.8352150895526695e-08,512,46750,1.0,4.413728577404014e-09,1.0,1.0,1.0852882304072806e-07,9264,5.6471276066775834e-08,1311.2711362450573,1597.360638031998
2473.718480138169,1.0,0.0,1.0,1.0,8.955708477451266e-08,27792,4.477854238725633e-08,512,47000,1.0,0.0,1.0,1.0,8.22909470491065e-08,9264,4.114547352455325e-08,1318.3003211120376,1605.885257187998
2486.8842832469777,1.0,0.0,1.0,1.0,1.020562136502842e-07,27792,5.10281068251421e-08,512,47250,1.0,0.0,1.0,1.0,9.791271545454539e-08,9264,4.895635775181648e-08,1325.0847488539657,1614.160406486997
2500.0,1.0,0.0,1.0,1.0,6.069412959784126e-08,27792,3.034706479892063e-08,48,47500,1.0,0.0,1.0,1.0,5.322210231768556e-08,9264,2.661105115884278e-08,1332.0050340140224,1622.5790912739976
2513.165803108808,1.0,0.0,1.0,1.0,4.5647130902384274e-08,27792,2.2823565451192137e-08,512,47750,1.0,0.0,1.0,1.0,4.139639667248177e-08,9264,2.0698198336240883e-08,1338.9813823570003,1631.0954865120002
2526.3316062176164,1.0,1.0294411239144596e-10,1.0,1.0,1.0240794122206268e-07,27792,5.125544267042287e-08,512,48000,1.0,1.1581212519401233e-10,1.0,1.0,1.0013888207231659e-07,9264,5.0127347102973767e-08,1346.0083356019968,1639.6404347159987
2539.497409326425,1.0,0.0,1.0,1.0,8.982731518072164e-08,27792,4.491365759036082e-08,512,48250,1.0,0.0,1.0,1.0,8.678188501641871e-08,9264,4.3390942508209355e-08,1352.9813560199327,1648.1485154819966
2552.663212435233,1.0,1.2014863990840235e-07,0.9994242947610823,0.9994242947610823,0.007059317187255459,27792,0.0035297186272063336,512,48500,1.0,1.1978833603262502e-07,0.9997841105354058,0.9997841105354058,0.005062517946479852,9264,0.0025313188545470207,1359.9008474799193,1656.5865206610033
2565.8290155440413,1.0,1.3880296678172771e-08,1.0,1.0,5.160643023526683e-05,27792,2.5810155266974708e-05,512,48750,1.0,1.3434205730968187e-08,1.0,1.0,2.379951417419596e-05,9264,1.1906474184565365e-05,1367.1766393298894,1665.3759388809995
2578.9948186528495,1.0,0.0,1.0,1.0,4.327558988506091e-06,27792,2.1637794942530455e-06,512,49000,1.0,0.0,1.0,1.0,2.6321218221917644e-06,9264,1.3160609110958822e-06,1374.1778496728657,1673.9048799669981
2592.1105354058723,1.0,2.7880695682178487e-09,1.0,1.0,1.1485880856259398e-06,27792,5.756880777548238e-07,512,49250,1.0,2.8180949563937352e-09,1.0,1.0,9.63389212083649e-07,9264,4.831036536676676e-07,1380.911177405913,1682.1311879080022
2605.2763385146804,1.0,6.421138603238791e-09,1.0,1.0,4.7455085136273677e-07,27792,2.4048599276791067e-07,512,49500,1.0,6.845783012428929e-09,1.0,1.0,4.379499603912308e-07,9264,2.2239787214515208e-07,1387.2572435089096,1689.9689805189992
2618.4421416234886,1.0,1.4493672285754501e-08,1.0,1.0,2.1479716673728965e-07,27792,1.1464542046259395e-07,512,49750,1.0,1.5145651702668553e-08,1.0,1.0,2.0475583792592885e-07,9264,1.0995074570094313e-07,1393.5743774809816,1697.7787477289967
2631.6079447322973,1.0,0.0,1.0,1.0,1.750393023693362e-07,27792,8.75196511846681e-08,512,50000,1.0,0.0,1.0,1.0,1.667565901783077e-07,9264,8.337829508915385e-08,1400.3195883910084,1706.0163367720015
2644.7737478411054,1.0,1.145253223797688e-09,1.0,1.0,9.104548646758653e-08,27792,4.609536991088656e-08,512,50250,1.0,1.0809131482799541e-09,1.0,1.0,8.523772323467283e-08,9264,4.3159318240947474e-08,1407.286667116001,1714.5018183509965
2657.9395509499136,1.0,0.0,1.0,1.0,9.091680448650469e-08,27792,4.545840224325234e-08,512,50500,1.0,0.0,1.0,1.0,8.572670622808976e-08,9264,4.286335311404488e-08,1413.9300362150389,1722.6540042740016
2671.055267702936,1.0,0.0,1.0,1.0,7.737536614625425e-08,27792,3.868768308948965e-08,512,50750,1.0,0.0,1.0,1.0,7.139173925835152e-08,9264,3.569586962917576e-08,1420.7688616530504,1730.9952750800003
2684.2210708117445,1.0,1.0723345016274441e-10,1.0,1.0,7.239973377113149e-08,27792,3.625348361409859e-08,512,51000,1.0,5.147205632355522e-11,1.0,1.0,6.692653810613638e-08,9264,3.3489005082763954e-08,1427.7732773370517,1739.5186870679972
2697.3868739205527,1.0,0.0,1.0,1.0,7.679201617254197e-08,27792,3.8396008086270985e-08,512,51250,1.0,0.0,1.0,1.0,7.212521610468081e-08,9264,3.6062608052340407e-08,1434.820431551976,1748.0855368519988
2710.552677029361,1.0,0.0,1.0,1.0,9.372632367962997e-08,27792,4.6863161839814985e-08,512,51500,1.0,0.0,1.0,1.0,9.030772108473844e-08,9264,4.515386054236922e-08,1441.783247575957,1756.5573762939966
2723.718480138169,1.0,0.0,1.0,1.0,1.0218918811125387e-07,27792,5.1094594055626935e-08,512,51750,1.0,0.0,1.0,1.0,9.955982376036579e-08,9264,4.977991188018289e-08,1448.216627250942,1764.4841076520024
2736.8842832469777,1.0,0.0,1.0,1.0,4.753015053935793e-08,27792,2.3765075269678964e-08,512,52000,1.0,0.0,1.0,1.0,4.317218272148952e-08,9264,2.158609136074476e-08,1454.610763993849,1772.370817807001
2750.0,1.0,1.2967089509152003e-06,1.0,1.0,0.00028281160439946353,27792,0.00014205415726188414,48,52250,1.0,1.294328363194134e-06,1.0,1.0,0.0002283082930338995,9264,0.00011480131115368688,1461.0266212997594,1780.277929832002
2763.165803108808,1.0,3.438333133747174e-08,1.0,1.0,1.7985405822828194e-05,27792,9.00989457506206e-06,512,52500,1.0,3.420317912142012e-08,1.0,1.0,1.4047407540524883e-05,9264,7.040805361995277e-06,1467.4072650587768,1788.151835964003
2776.3316062176164,1.0,8.694487778493635e-09,1.0,1.0,1.85816841001009e-06,27792,9.334314467364836e-07,512,52750,1.0,8.40281271084752e-09,1.0,1.0,1.5948474141064386e-06,9264,8.016251139010529e-07,1474.220103174739,1796.4741269860024
2789.497409326425,1.0,5.190098698157835e-09,1.0,1.0,6.142588639569538e-07,27792,3.0972448163946646e-07,512,53000,1.0,4.876977135704573e-09,1.0,1.0,5.696411672065135e-07,9264,2.8725907241693044e-07,1480.8081471067053,1804.5693122660014
2802.663212435233,1.0,4.795479608881167e-09,1.0,1.0,3.397241138499631e-07,27792,1.7225979702497028e-07,512,53250,1.0,4.5166727176628884e-09,1.0,1.0,3.2352757236386176e-07,9264,1.640221227877342e-07,1487.7558343886994,1813.0077082979988
2815.8290155440413,1.0,3.1741100785930956e-10,1.0,1.0,1.4560586150314423e-07,27792,7.296163630075439e-08,512,53500,1.0,2.702282918636976e-10,1.0,1.0,1.3982383353088753e-07,9264,7.004703092134653e-08,1494.1739874947307,1820.9098700030008
2828.9948186528495,1.0,0.0,1.0,1.0,1.697677040491845e-07,27792,8.488385202459225e-08,512,53750,1.0,0.0,1.0,1.0,1.6373260668905537e-07,9264,8.186630334452769e-08,1500.5554190786788,1828.7832456749966
2842.1105354058723,1.0,0.0,1.0,1.0,1.2154696471213975e-07,27792,6.077348235606987e-08,512,54000,1.0,0.0,1.0,1.0,1.1756216941485381e-07,9264,5.87810847319707e-08,1507.0989091956435,1836.8164216540026
2855.2763385146804,1.0,0.0,1.0,1.0,1.0589087998054966e-07,27792,5.294543999027483e-08,512,54250,1.0,0.0,1.0,1.0,1.0195326740437263e-07,9264,5.097663372673011e-08,1513.4827963626012,1844.6910615020024
2868.4421416234886,1.0,0.0,1.0,1.0,9.130713322302206e-08,27792,4.565356661151103e-08,512,54500,1.0,0.0,1.0,1.0,8.611274588812494e-08,9264,4.305637294406247e-08,1520.1544617375403,1852.8548090409968
2881.6079447322973,1.0,1.608587358697466e-07,1.0,1.0,0.0004297840665268809,27792,0.00021497246257855707,512,54750,1.0,1.578647777811977e-07,1.0,1.0,0.00028993762413921263,9264,0.00014504774447268322,1527.2335551345313,1861.4296944949965
2894.7737478411054,1.0,3.205722184180317e-07,1.0,1.0,4.366153934123354e-05,27792,2.199105580823113e-05,512,55000,1.0,3.179943259792724e-07,1.0,1.0,2.363643195351026e-05,9264,1.1977213168215563e-05,1534.2573285385588,1869.9494134990018
2907.9395509499136,1.0,8.364208599831108e-09,1.0,1.0,3.272492062265861e-06,27792,1.6404281359584922e-06,512,55250,1.0,7.798015914821892e-09,1.0,1.0,2.2064623235580505e-06,9264,1.1071301702779334e-06,1540.835285600595,1878.0306230240021
2921.055267702936,1.0,3.0625872060341082e-09,1.0,1.0,7.361145239074663e-07,27792,3.6958855572063114e-07,512,55500,1.0,3.1397952547264132e-09,1.0,1.0,6.615187235160277e-07,9264,3.323292595694555e-07,1547.1557359136204,1885.8515070529975
2934.2210708117445,1.0,1.7457605235400373e-09,1.0,1.0,3.737171197397854e-07,27792,1.877314402104074e-07,512,55750,1.0,1.5698976810527486e-09,1.0,1.0,3.556718734538716e-07,9264,1.7862088563265664e-07,1553.5400611846417,1893.7420078470022
2947.3868739205527,1.0,1.0809131549272309e-09,1.0,1.0,2.1793696183657206e-07,27792,1.0950893760734719e-07,512,56000,1.0,9.136289744323212e-10,1.0,1.0,2.1090674431080878e-07,9264,1.0591018668250421e-07,1559.8788730586748,1901.5728355350002
2960.552677029361,1.0,0.0,1.0,1.0,1.487285013436996e-07,27792,7.436425070457485e-08,512,56250,1.0,0.0,1.0,1.0,1.418698494625034e-07,9264,7.09349247312517e-08,1566.1577956096153,1909.3391154459969
2973.718480138169,1.0,3.431470421570348e-11,1.0,1.0,1.1687158598407586e-07,27792,5.845295034516844e-08,512,56500,1.0,7.720808448533283e-11,1.0,1.0,1.1238922749509273e-07,9264,5.6233217792090014e-08,1572.4779369696917,1917.1510906510011
2986.8842832469777,1.0,0.0,1.0,1.0,1.0416227665265081e-07,27792,5.2081138326325405e-08,512,56750,1.0,0.0,1.0,1.0,9.99329891223427e-08,9264,4.996649456117135e-08,1579.3405227326803,1925.5063582220027
3000.0,1.0,0.0,1.0,1.0,1.02939815242102e-07,27792,5.1469907621051e-08,48,57000,1.0,0.0,1.0,1.0,9.923811632055705e-08,9264,4.961905816027853e-08,1586.229035869641,1933.8879612450037
3013.165803108808,1.0,0.0,1.0,1.0,9.40222859267278e-08,27792,4.70111429633639e-08,512,57250,1.0,0.0,1.0,1.0,9.00503592169782e-08,9264,4.50251796084891e-08,1593.0731898836311,1942.226941328001
3026.3316062176164,1.0,0.0,1.0,1.0,1.0522174347026022e-07,27792,5.261087173513011e-08,512,57500,1.0,0.0,1.0,1.0,1.0296984141184421e-07,9264,5.1484920705922104e-08,1600.0352635956006,1950.681171231001
3039.497409326425,1.0,0.0,1.0,1.0,1.140105976113638e-07,27792,5.70052988056819e-08,512,57750,1.0,0.0,1.0,1.0,1.1326425329015002e-07,9264,5.663212664507501e-08,1607.0767387065716,1959.2253243279993
3052.663212435233,1.0,1.4699508999768353e-08,1.0,1.0,0.0008906775154709541,27792,0.00044534610751662435,512,58000,1.0,2.2801968859601015e-08,1.0,1.0,0.0007191785821925997,9264,0.00035960069215745506,1614.151992276551,1967.8126825790023
3065.8290155440413,1.0,4.237865607595812e-09,0.9999640184225677,0.9999640184225677,0.0003426871089074143,27792,0.00017134567553148792,512,58250,1.0,4.14350011756875e-09,1.0,1.0,3.189078228504337e-05,9264,1.5947462892912198e-05,1620.5829270235336,1975.7387510760018
3078.9948186528495,1.0,3.8217998202587295e-09,0.9999640184225677,0.9999640184225677,3.422060346956165e-05,27792,1.7112212634985735e-05,512,58500,1.0,3.5901756256055623e-09,1.0,1.0,3.822331140034981e-06,9264,1.9129606580887703e-06,1627.618253438508,1984.2836693330028
3092.1105354058723,1.0,6.609869440632133e-09,1.0,1.0,1.0888135307991906e-06,27792,5.477117005463598e-07,512,58750,1.0,6.408270607310082e-09,1.0,1.0,9.697846154630464e-07,9264,4.880964436249962e-07,1634.3758650375312,1992.5468909810006
3105.2763385146804,1.0,5.936443410026947e-09,1.0,1.0,4.1661050230425915e-07,27792,2.1127347324370775e-07,512,59000,1.0,6.022230161873613e-09,1.0,1.0,3.9298911651273016e-07,9264,1.9950567373076954e-07,1640.7744793055099,2000.4352036229975
3118.4421416234886,1.0,6.476900269871986e-10,1.0,1.0,2.1396503301605647e-07,27792,1.0730636161381671e-07,512,59250,1.0,6.820047363161918e-10,1.0,1.0,2.0552790467957843e-07,9264,1.0310495473325809e-07,1647.112881732508,2008.2664101810005
3131.6079447322973,1.0,2.5542815028629215e-05,1.0,1.0,0.0010145453357651925,27792,0.0005200440710154188,512,59500,1.0,2.562575990660679e-05,1.0,1.0,0.0008109222931887099,9264,0.0004182740211943631,1653.4784592845099,2016.1230936720021
3144.7737478411054,1.0,1.4232022192363472e-08,1.0,1.0,6.515600014302105e-05,27792,3.2585116083721405e-05,512,59750,1.0,1.41162103123517e-08,1.0,1.0,4.3997894689064336e-05,9264,2.2006005450676232e-05,1660.1106752975247,2024.2471764290021
3157.9395509499136,1.0,1.0860603022169509e-08,1.0,1.0,6.524773051571659e-06,27792,3.2678168280516355e-06,512,60000,1.0,1.08219990083056e-08,1.0,1.0,4.51192525656277e-06,9264,2.2613736285249196e-06,1666.5068555324979,2032.1348793040015
3171.055267702936,1.0,1.4652377732670976e-08,1.0,1.0,2.022959727797082e-06,27792,1.0188060536852686e-06,512,60250,1.0,1.4579458945050624e-08,1.0,1.0,1.3701595754781054e-06,9264,6.923695177576773e-07,1673.5359658674934,2040.6757751449986
3184.2210708117445,1.0,2.5899021008017262e-08,1.0,1.0,6.246947925825344e-07,27792,3.252969085665194e-07,512,60500,1.0,2.5440061807685495e-08,1.0,1.0,6.027377013952667e-07,9264,3.1408888327658977e-07,1680.6087761854433,2049.254039569998
3197.3868739205527,1.0,7.357370891040397e-07,1.0,1.0,0.0007234433382775294,27792,0.0003620895378025668,512,60750,1.0,7.415577067545412e-07,1.0,1.0,0.00048036736658161477,9264,0.00024055446227063426,1687.6821568523883,2057.849848869002
3210.552677029361,1.0,1.7642044936678432e-08,1.0,1.0,6.388474519728593e-05,27792,3.195119362282119e-05,512,61000,1.0,1.7899405106826492e-08,1.0,1.0,2.9250873463463185e-05,9264,1.4634386436058296e-05,1694.8733409723282,2066.5490562709965
3223.718480138169,1.0,1.9507907228702838e-08,1.0,1.0,7.9113988694507e-06,27792,3.965453389980045e-06,512,61250,1.0,1.9868211581038748e-08,1.0,1.0,6.398826409577648e-06,9264,3.209347312251389e-06,1702.3397568193395,2075.511357563999
3236.8842832469777,1.0,2.055021649683141e-08,1.0,1.0,2.1302459188002427e-06,27792,1.0753980692561552e-06,512,61500,1.0,2.0292856457583565e-08,1.0,1.0,2.0060697697740997e-06,9264,1.013181314594605e-06,1709.33910582534,2084.0141947919983
3250.0,1.0,2.6019122471749566e-08,1.0,1.0,8.156431010231886e-07,27792,4.208311135228033e-07,48,61750,1.0,2.5967650416448668e-08,1.0,1.0,7.858236966808874e-07,9264,4.058956753219569e-07,1716.4079679463175,2092.603236625
3263.165803108808,1.0,0.0,1.0,1.0,2.568884359743004e-07,27792,1.284442180526003e-07,512,62000,1.0,0.0,1.0,1.0,2.502442468511537e-07,9264,1.2512212342557685e-07,1722.9408595533823,2100.6418172720005
3276.3316062176164,1.0,0.0,1.0,1.0,2.1536335736164312e-07,27792,1.0768167871354661e-07,512,62250,1.0,0.0,1.0,1.0,2.1095821008698994e-07,9264,1.0547910504349497e-07,1729.74767505638,2108.9429916739973
3289.497409326425,1.0,7.720808422966834e-11,1.0,1.0,1.2280374082894956e-07,27792,6.144047445901843e-08,512,62500,1.0,3.860404224266642e-11,1.0,1.0,1.2165419813648037e-07,9264,6.084640111505581e-08,1736.5008318733671,2117.193048082998
3302.663212435233,1.0,0.0,1.0,1.0,9.444693094030878e-08,27792,4.722346547015439e-08,512,62750,1.0,0.0,1.0,1.0,8.782419343369587e-08,9264,4.3912096716847934e-08,1743.3444478593083,2125.549827322
3315.8290155440413,1.0,0.0,1.0,1.0,9.691758979110217e-08,27792,4.8458794895551085e-08,512,63000,1.0,0.0,1.0,1.0,9.277837915013054e-08,9264,4.638918957506527e-08,1750.242623815313,2133.9706976180023
3328.9948186528495,1.0,0.0,1.0,1.0,1.1039897608639367e-07,27792,5.5199488043196834e-08,512,63250,1.0,0.0,1.0,1.0,1.0827146509997429e-07,9264,5.4135732549987145e-08,1757.3532118513322,2142.5970991389986
3342.1105354058723,1.0,2.01169945104333e-09,1.0,1.0,0.0002854770238049624,27792,0.00014273951778581896,512,63500,1.0,2.0331461373431777e-09,1.0,1.0,0.00015631412305315838,9264,7.815807807461933e-05,1764.2567908082347,2151.0054362060037
3355.2763385146804,1.0,9.736796978615454e-10,1.0,1.0,3.486166778342261e-05,27792,1.7431320731606383e-05,512,63750,1.0,1.003705078367497e-09,1.0,1.0,1.6463213022263472e-05,9264,8.232108363710803e-06,1769.5788710542256,2157.779744942003
3368.4421416234886,1.0,1.4416463443990966e-08,1.0,1.0,0.0004396535510869636,27792,0.00021983398324029846,512,64000,1.0,1.4527986296608123e-08,1.0,1.0,0.00027077637543654093,9264,0.00013539545171265208,1775.9460510322751,2165.6401492660007
3381.6079447322973,1.0,3.720571316217351e-08,1.0,1.0,4.0429792804970574e-05,27792,2.0233499262617042e-05,512,64250,1.0,3.762606832205227e-08,1.0,1.0,2.944910314616897e-05,9264,1.4743364610792087e-05,1781.2693434383182,2172.415353461998
3394.7737478411054,1.0,1.1576922286292911e-08,1.0,1.0,4.904429069818059e-06,27792,2.4580029969214353e-06,512,64500,1.0,1.1967252035241636e-08,1.0,1.0,4.228367701426972e-06,9264,2.1201674776177514e-06,1786.5936734374409,2179.1909606379995
3407.9395509499136,1.0,5.897839351166089e-09,1.0,1.0,1.476333326178786e-06,27792,7.411155828968989e-07,512,64750,1.0,6.009362243666907e-09,1.0,1.0,1.3963072300665519e-06,9264,7.011582961075558e-07,1793.9786003633708,2188.102057764998
3421.055267702936,1.0,5.9364433773018936e-09,1.0,1.0,5.782756053657928e-07,27792,2.921060249053748e-07,512,65000,1.0,5.4689055709682705e-09,1.0,1.0,5.598486081036254e-07,9264,2.826587572069877e-07,1801.4499902413809,2197.1049469439968
3434.2210708117445,1.0,0.0,1.0,1.0,2.0880067718508537e-07,27792,1.0440033859254268e-07,512,65250,1.0,0.0,1.0,1.0,2.0061233714491074e-07,9264,1.0030616857245537e-07,1808.7398036714512,2205.9246240380016
3447.3868739205527,1.0,0.0,1.0,1.0,1.224477257514915e-07,27792,6.122386287574574e-08,512,65500,1.0,0.0,1.0,1.0,1.207534371462162e-07,9264,6.037671854856431e-08,1815.1535026694182,2213.8423390410026
3460.552677029361,1.0,0.0,1.0,1.0,1.1798252459927635e-07,27792,5.8991262299638176e-08,512,65750,1.0,0.0,1.0,1.0,1.1476981024195095e-07,9264,5.7384905120975476e-08,1821.5598158173962,2221.7427763259984
3473.718480138169,1.0,0.0,1.0,1.0,8.549937232994971e-08,27792,4.2749686164974855e-08,512,66000,1.0,0.0,1.0,1.0,8.097841032002381e-08,9264,4.0489205160011904e-08,1828.5985831913786,2230.287017046001
3486.8842832469777,1.0,1.9040369674965727e-08,1.0,1.0,6.212676858423882e-08,27792,4.058356823784455e-08,512,66250,1.0,1.963658770954549e-08,1.0,1.0,5.524238064880308e-08,9264,3.743948329713181e-08,1836.3639782683604,2239.5920502750014
3500.0,0.9999640184225677,0.0004684492512313873,0.9941350028785262,0.9941709844559585,0.03228952780700512,27792,0.01637898866788505,48,66500,1.0,0.000137865099620029,0.9964378238341969,0.9964378238341969,0.026553574132384003,9264,0.01334571946470231,1844.2079884434206,2248.9998866239985
3513.165803108808,1.0,1.320172242101581e-07,0.9999640184225677,0.9999640184225677,0.00024199588394524914,27792,0.00012106395274412506,512,66750,1.0,1.3028862039138344e-07,1.0,1.0,6.748213211962365e-05,9264,3.380621038497923e-05,1851.7134438044595,2258.0441361979974
3526.3316062176164,1.0,8.53578196955625e-09,0.9999640184225677,0.9999640184225677,0.00010017816099949732,27792,5.0093348391339876e-05,512,67000,1.0,8.40281271084752e-09,1.0,1.0,6.4310052557582995e-06,9264,3.2197040347269833e-06,1858.7361283515493,2266.578028349002
3539.497409326425,1.0,4.774032951215741e-09,0.9999280368451353,0.9999280368451353,0.0008149803393659919,27792,0.00040749255669975023,512,67250,1.0,4.516672742206679e-09,1.0,1.0,1.2802121516914084e-06,9264,6.423644124515076e-07,1865.7745077305517,2275.1259169339974
3552.663212435233,1.0,5.391697483926293e-09,0.9999640184225677,0.9999640184225677,0.0004080794187694587,27792,0.00020404240308943266,512,67500,1.0,5.082865223706965e-09,1.0,1.0,5.137425109036632e-07,9264,2.5941268848246354e-07,1872.3411059445862,2283.198703889
3565.8290155440413,1.0,1.8156766119644694e-08,0.9999640184225677,0.9999640184225677,0.00034809622547039663,27792,0.00017405718897500435,512,67750,1.0,1.778359434764782e-08,1.0,1.0,2.890413210423343e-07,9264,1.5341245878105378e-07,1879.3580679225706,2291.7338209060035
3578.9948186528495,1.0,0.0,1.0,1.0,1.3721591686952674e-07,27792,6.860795846748842e-08,512,68000,1.0,0.0,1.0,1.0,1.322317063414396e-07,9264,6.611585319526358e-08,1886.5312341775207,2300.4365161930036
3592.1105354058723,1.0,0.0,1.0,1.0,1.0999978488164245e-07,27792,5.4999892440821226e-08,512,68250,1.0,0.0,1.0,1.0,1.0179885206068692e-07,9264,5.089942603034346e-08,1893.53506363849,2308.9517645669985
3605.2763385146804,1.0,0.0,1.0,1.0,8.700063863446586e-08,27792,4.350031931723293e-08,512,68500,1.0,0.0,1.0,1.0,8.118429777218863e-08,9264,4.059214888609431e-08,1900.6208985504782,2317.556319440999
3618.4421416234886,1.0,1.464653471125213e-06,1.0,1.0,0.0005716943189021357,27792,0.0002865794867547374,512,68750,1.0,1.4563750471925405e-06,1.0,1.0,0.0003815655357691754,9264,0.0001915109559768145,1908.1968700844664,2326.6685884420003
3631.6079447322973,1.0,8.917533238290044e-09,1.0,1.0,4.6553755715617e-05,27792,2.3281336633330904e-05,512,69000,1.0,8.351340648388017e-09,1.0,1.0,3.2874404832548646e-05,9264,1.644137808709246e-05,1915.4525332474368,2335.429923276999
3644.7737478411054,1.0,1.2053039541298533e-09,1.0,1.0,3.850385911026691e-06,27792,1.9257956075420546e-06,512,69250,1.0,1.0423091229111438e-09,1.0,1.0,3.0132971024363896e-06,9264,1.507169705819534e-06,1922.4071272005167,2343.9102733870022
3657.9395509499136,1.0,5.546113740845541e-09,1.0,1.0,1.0447492340202837e-06,27792,5.251476742098605e-07,512,69500,1.0,5.700529835162177e-09,1.0,1.0,9.431993038559333e-07,9264,4.744499172167726e-07,1929.4536480255774,2352.475265344001
3671.055267702936,1.0,4.889845258698532e-10,1.0,1.0,4.626265234002861e-07,27792,2.3155775398225283e-07,512,69750,1.0,4.2464445853338293e-10,1.0,1.0,4.389536655493656e-07,9264,2.1968915501967285e-07,1937.071625062621,2361.605524751998
3684.2210708117445,1.0,0.0,1.0,1.0,2.1638422137826093e-07,27792,1.0819211075458057e-07,512,70000,1.0,0.0,1.0,1.0,2.079213648661001e-07,9264,1.0396068243305005e-07,1944.445533230588,2370.5158258739975
3697.3868739205527,1.0,0.0,1.0,1.0,1.3430774603750621e-07,27792,6.715387305147816e-08,512,70250,1.0,0.0,1.0,1.0,1.304173162478882e-07,9264,6.52086581239441e-08,1951.9044085086498,2379.4966813119972
3710.552677029361,1.0,0.0,1.0,1.0,1.2336135212223672e-07,27792,6.168067606111836e-08,512,70500,1.0,0.0,1.0,1.0,1.1790960581574663e-07,9264,5.895480293241711e-08,1959.5747740916486,2388.6942390030017
3723.718480138169,1.0,4.718271755516528e-10,1.0,1.0,1.0628120976426875e-07,27792,5.337651848767888e-08,512,70750,1.0,4.6324849770807553e-10,1.0,1.0,1.008080141319987e-07,9264,5.063563133326123e-08,1967.0284776356202,2397.661823802002
3736.8842832469777,1.0,0.00024524745965675675,0.9809657455382844,0.9809657455382844,0.07207735324633417,27792,0.03616130062918863,512,71000,1.0,0.00024303628749210894,0.9862910189982729,0.9862910189982729,0.05678834880674853,9264,0.028515692684471298,1974.561040728593,2406.7303379310033
3750.0,1.0,7.934930377190321e-07,1.0,1.0,6.247373979011091e-05,27792,3.163361644506922e-05,48,71250,1.0,7.888090820161058e-07,1.0,1.0,4.462658925084896e-05,9264,2.270769928051207e-05,1982.333735969587,2416.048169435002
3763.165803108808,1.0,2.4136102973857392e-08,1.0,1.0,9.0776140530576e-06,27792,4.550875079786972e-06,512,71500,1.0,2.375435186261292e-08,1.0,1.0,7.144517895415954e-06,9264,3.5841361254125726e-06,1989.7416806295878,2424.992827326998
3776.3316062176164,1.0,5.670504469229101e-09,1.0,1.0,1.1723697384426043e-06,27792,5.890201218261189e-07,512,71750,1.0,5.507509713687079e-09,1.0,1.0,1.0471341643560208e-06,9264,5.263208371591068e-07,1997.029861472678,2433.803477708003
3789.497409326425,1.0,7.502051785010794e-09,1.0,1.0,5.141971810234222e-07,27792,2.608496168398688e-07,512,72000,1.0,7.437711695431513e-09,1.0,1.0,4.879164053003139e-07,9264,2.4767705894119493e-07,2004.383616422725,2442.6717775959987
3802.663212435233,1.0,0.0,1.0,1.0,2.819596224250646e-07,27792,1.409798112125323e-07,512,72250,1.0,0.0,1.0,1.0,2.713606686413441e-07,9264,1.3568033432067204e-07,2011.3560168597542,2451.151992633997
3815.8290155440413,1.0,0.0,1.0,1.0,1.4343974671761912e-07,27792,7.171987339153461e-08,512,72500,1.0,0.0,1.0,1.0,1.382539372902485e-07,9264,6.912696864512425e-08,2018.0969489227064,2459.402283755997
3828.9948186528495,1.0,1.917334015728468e-09,1.0,1.0,9.479759625290624e-06,27792,4.740838479751479e-06,512,72750,1.0,1.9559380359839886e-09,1.0,1.0,1.5795486488075105e-07,9264,7.995540156881458e-08,2025.157560581698,2467.9573045669968
3842.1105354058723,1.0,0.0,1.0,1.0,1.411492400746961e-07,27792,7.057462003734804e-08,512,73000,1.0,0.0,1.0,1.0,1.3616931888489156e-07,9264,6.808465944244578e-08,2032.1618285867007,2476.4747091840036
3855.2763385146804,1.0,0.0,1.0,1.0,1.1879749887297556e-07,27792,5.939874943648778e-08,512,73250,1.0,0.0,1.0,1.0,1.1488562237558189e-07,9264,5.7442811187790946e-08,2039.23795452372,2485.056372166
3868.4421416234886,1.0,1.7954165365739426e-06,1.0,1.0,0.0004623354868089408,27792,0.00023206545257963408,512,73500,1.0,1.7965017464898593e-06,1.0,1.0,0.0003528821928304377,9264,0.00017733934819167527,2046.2830171136666,2493.619866221001
3881.6079447322973,1.0,5.293900598285089e-08,1.0,1.0,2.8563302707181204e-05,27792,1.4308120860132695e-05,512,73750,1.0,5.2848929887096976e-08,1.0,1.0,1.62581211313467e-05,9264,8.155485034163475e-06,2053.4762754026233,2502.34357379
3894.7737478411054,1.0,4.074870908299976e-09,1.0,1.0,3.814468592372211e-06,27792,1.9092717318703536e-06,512,74000,1.0,3.808931902563351e-09,1.0,1.0,2.975915549148541e-06,9264,1.489862240771757e-06,2061.010778321688,2511.394351556002
3907.9395509499136,1.0,3.2813434333929873e-09,1.0,1.0,8.235740665637322e-07,27792,4.1342770517497107e-07,512,74250,1.0,3.229871357127602e-09,1.0,1.0,7.606281298919443e-07,9264,3.8192900080938133e-07,2068.769259035602,2520.711886527002
3921.055267702936,1.0,1.0573217357233472e-08,1.0,1.0,3.9595733559360336e-07,27792,2.0326527723013998e-07,512,74500,1.0,9.998446058041136e-09,1.0,1.0,3.80661558288459e-07,9264,1.9533000291263175e-07,2076.1372702716108,2529.6229504779985
3934.2210708117445,1.0,0.0,1.0,1.0,1.8251561218914454e-07,27792,9.125780609457227e-08,512,74750,1.0,0.0,1.0,1.0,1.761759659531642e-07,9264,8.80879829765821e-08,2082.877054550576,2537.919646399998
3947.3868739205527,1.0,0.0,1.0,1.0,1.396265255079642e-07,27792,6.981326278670716e-08,512,75000,1.0,0.0,1.0,1.0,1.362079229294352e-07,9264,6.81039614647176e-08,2090.004467001483,2546.563069317999
3960.552677029361,1.0,0.0,1.0,1.0,1.1256080101003529e-07,27792,5.6280400505017646e-08,512,75250,1.0,0.0,1.0,1.0,1.0841301090709711e-07,9264,5.4206505429004765e-08,2095.3775923134963,2553.4006144410014
3973.718480138169,1.0,7.299595175969166e-08,1.0,1.0,1.0940813737230415e-07,27792,9.120204103169206e-08,512,75500,1.0,7.346348964886056e-08,1.0,1.0,1.0546623550693207e-07,9264,8.946485904359048e-08,2101.816059459532,2561.3290927470007
3986.8842832469777,1.0,9.507656905650781e-07,1.0,1.0,0.00030921887411753643,27792,0.00015508482013129355,512,75750,1.0,9.532234811392232e-07,1.0,1.0,0.00023473981954479054,9264,0.00011784652174033855,2108.279025948563,2569.2823626719983
4000.0,1.0,3.259038832803412e-08,1.0,1.0,2.173352369479138e-05,27792,1.0883057047720198e-05,48,76000,1.0,3.3405361820422666e-08,1.0,1.0,1.5972266217727064e-05,9264,8.002835792136083e-06,2115.2040752295798,2577.698436658
4013.165803108808,1.0,3.139795278247546e-09,1.0,1.0,3.7708688510355855e-06,27792,1.8870043233292345e-06,512,76250,1.0,3.1526632442635115e-09,1.0,1.0,3.0727604425228556e-06,9264,1.5379565530802934e-06,2121.8346390055012,2585.833869185997
4026.3316062176164,1.0,3.542993020057008e-09,1.0,1.0,8.770234663974789e-07,27792,4.402832299094646e-07,512,76500,1.0,3.4100235389201763e-09,1.0,1.0,8.092305960541528e-07,9264,4.063203101907711e-07,2128.8626114404688,2594.376206244997
4039.497409326425,1.0,9.90408071195318e-09,1.0,1.0,3.726362064925633e-07,27792,1.9127014429357499e-07,512,76750,1.0,9.625273925046011e-09,1.0,1.0,3.5948081213205516e-07,9264,1.8455304361913555e-07,2135.931259787467,2602.9629906960035
4052.663212435233,1.0,0.0,1.0,1.0,1.8892817501607598e-07,27792,9.446408750803799e-08,512,77000,1.0,0.0,1.0,1.0,1.8165775137215535e-07,9264,9.082887568607768e-08,2142.7689925884406,2611.309995620999
4065.8290155440413,1.0,5.952312174603283e-05,1.0,1.0,0.0017194366270207645,27792,0.0008894798743163777,512,77250,1.0,5.86283813123728e-05,1.0,1.0,0.0013834077121757473,9264,0.0007210180311365655,2149.677880601492,2619.7272874560003
4078.9948186528495,1.0,2.5365952887735476e-06,1.0,1.0,9.839305640495863e-05,27792,5.0464826554250855e-05,512,77500,1.0,2.532910769180007e-06,1.0,1.0,7.87598265357885e-05,9264,4.0646370408641554e-05,2156.482589750507,2628.0485153960035
4092.1105354058723,1.0,1.6938594517801157e-08,1.0,1.0,6.2804807849921644e-06,27792,3.1487096919823318e-06,512,77750,1.0,1.679275701414651e-08,1.0,1.0,5.415164315546276e-06,9264,2.715978537461381e-06,2163.057104269443,2636.1297179210014
4105.276338514681,1.0,1.0444537210799966e-08,1.0,1.0,1.4981831352795577e-06,27792,7.543138369988778e-07,512,78000,1.0,9.779690005045435e-09,1.0,1.0,1.396654667252846e-06,9264,7.032171792686182e-07,2170.1025770993874,2644.682377021003
4118.442141623489,1.0,1.7461893653290856e-08,0.9999640184225677,0.9999640184225677,0.00072457263026438,27792,0.0003622950610929483,512,78250,1.0,1.652252909504163e-08,1.0,1.0,6.552263274802177e-07,9264,3.3587442927244923e-07,2176.677017591348,2652.7660739709972
4131.607944732297,1.0,1.5441615849864836e-08,1.0,1.0,7.458473573650844e-07,27792,3.8064448759127153e-07,512,78500,1.0,1.4656666946700663e-08,1.0,1.0,2.855283529888624e-07,9264,1.5009251095030018e-07,2183.0887337923923,2660.6725286229994
4144.773747841105,1.0,1.7672228040071779e-06,1.0,1.0,0.0028557472293429765,27792,0.0014287572054896948,512,78750,1.0,1.7687712388955795e-06,0.999892055267703,0.999892055267703,0.00232459897809181,9264,0.0011631838433663257,2189.5719202913533,2668.6523478040035
4157.939550949914,1.0,1.3521056956684358e-06,1.0,1.0,0.00012298357260408642,27792,6.216783963211383e-05,512,79000,1.0,1.3521571473073936e-06,1.0,1.0,9.320254889212304e-05,9264,4.727735351216183e-05,2196.017137728406,2676.5938392259995
4171.055267702936,1.0,2.938582478682748e-07,1.0,1.0,1.0965703674267697e-05,27792,5.6297809753361094e-06,512,79250,1.0,2.930947457194172e-07,1.0,1.0,8.123934666100577e-06,9264,4.208514720145396e-06,2202.8142447644786,2684.884811650998
4184.2210708117445,1.0,1.5857681659189064e-08,1.0,1.0,1.8172405012596397e-06,27792,9.165490924452567e-07,512,79500,1.0,1.568610793357896e-08,1.0,1.0,1.6712575983082183e-06,9264,8.434718542038933e-07,2210.1769145524813,2693.755874059003
4197.386873920553,1.0,1.605928029667212e-08,1.0,1.0,7.240658106326285e-07,27792,3.70062546712293e-07,512,79750,1.0,1.562176785933955e-08,1.0,1.0,6.969829284543186e-07,9264,3.563023492398238e-07,2217.36894642852,2702.4649854430027
4210.552677029361,1.0,3.761749279118283e-09,1.0,1.0,2.709274192293054e-07,27792,1.373445844515848e-07,512,80000,1.0,3.69311986864156e-09,1.0,1.0,2.638585908521872e-07,9264,1.337758555567647e-07,2224.129043891611,2710.72647075
4223.718480138169,0.9999280368451353,0.0006347969873413169,0.9938831318364997,0.9939550949913645,0.03135732344309352,27792,0.015996060193134026,512,80250,1.0,0.00011319492422631381,0.9964378238341969,0.9964378238341969,0.0251934428623715,9264,0.01265331878550415,2231.8727102886114,2720.002679723999
4236.884283246977,1.0,1.201958231531121e-07,1.0,1.0,0.00014055921121355132,27792,7.033970352545354e-05,512,80500,1.0,1.1986554412171232e-07,1.0,1.0,8.76456270692468e-05,9264,4.388274632634383e-05,2238.648236379624,2728.2968022019995
4250.0,1.0,1.3545728455753102e-08,1.0,1.0,1.2830720534352463e-05,27792,6.422133128135693e-06,48,80750,1.0,1.3974662351511267e-08,1.0,1.0,9.162379317405829e-06,9264,4.588176990765314e-06,2245.018357174631,2736.158771952003
4263.165803108808,1.0,1.8907400130935432e-08,1.0,1.0,2.0765171135023368e-06,27792,1.0477122583260792e-06,512,81000,1.0,1.9533643188857864e-08,1.0,1.0,1.8026397652248591e-06,9264,9.110867054892715e-07,2252.206583714571,2744.8429180489984
4276.331606217616,1.0,1.5535981488432964e-08,1.0,1.0,8.501979866659962e-07,27792,4.328669849628364e-07,512,81250,1.0,1.5750447811468048e-08,1.0,1.0,8.111994219609112e-07,9264,4.134749360673595e-07,2259.3431931035157,2753.4949229210033
4289.4974093264245,1.0,1.4802504572562936e-08,1.0,1.0,3.277096815091306e-07,27792,1.712560939612389e-07,512,81500,1.0,1.4206286612637201e-08,1.0,1.0,3.168619533372546e-07,9264,1.6553412081557075e-07,2266.9668045365033,2762.649618440999
4302.663212435233,1.0,0.0,1.0,1.0,1.6694532103001826e-07,27792,8.347266051500913e-08,512,81750,1.0,0.0,1.0,1.0,1.5935748164077538e-07,9264,7.967874082038769e-08,2273.928307499489,2771.1173256999973
4315.829015544042,1.0,0.0,1.0,1.0,1.3041302687688052e-07,27792,6.520651347116531e-08,512,82000,1.0,0.0,1.0,1.0,1.2582343494719424e-07,9264,6.291171747359712e-08,2280.6493897355613,2779.375455679001
4328.99481865285,1.0,1.715735210785174e-11,1.0,1.0,1.0957542156532662e-07,27792,5.479628945922856e-08,512,82250,1.0,1.2868014080888805e-11,1.0,1.0,1.0616110825963013e-07,9264,5.3086988137239005e-08,2287.8280261365944,2788.0781367719974
4342.110535405872,1.0,3.1054805645722565e-09,1.0,1.0,1.0238220126536043e-07,27792,5.274384109099134e-08,512,82500,1.0,3.3585514327420468e-09,1.0,1.0,9.822154314757436e-08,9264,5.079004751143581e-08,2294.4216799255664,2796.1769921219966
4355.276338514681,1.0,0.0,1.0,1.0,7.564676285108045e-08,27792,3.782338142554023e-08,512,82750,1.0,0.0,1.0,1.0,6.973176455757341e-08,9264,3.4865882278786705e-08,2300.804362783543,2804.0540129240035
4368.442141623489,1.0,0.0,1.0,1.0,6.246562630856639e-08,27792,3.1232813154283196e-08,512,83000,1.0,0.0,1.0,1.0,5.869100860349173e-08,9264,2.9345504301745867e-08,2307.1981863555848,2811.9447587600007
4381.607944732297,1.0,0.0,1.0,1.0,9.094254287240434e-08,27792,4.547127143620217e-08,512,83250,1.0,0.0,1.0,1.0,8.896944754055869e-08,9264,4.4484723770279347e-08,2313.6008006215343,2819.8404611160004
4394.773747841105,1.0,5.571435016773482e-06,1.0,1.0,0.0005961210047638512,27792,0.0003008462280082202,512,83500,1.0,5.569311873910913e-06,1.0,1.0,0.0004241523877371727,9264,0.00021486084354118104,2319.965129614553,2827.6982053030006
4407.939550949914,1.0,4.064447708362326e-07,1.0,1.0,4.1940053365963776e-05,27792,2.1173249096805352e-05,512,83750,1.0,4.066292122514854e-07,1.0,1.0,2.748331541667205e-05,9264,1.3944972349215775e-05,2326.4971629415304,2835.734149762997
4421.055267702936,1.0,1.2293241775401057e-08,1.0,1.0,5.320022239204481e-06,27792,2.6661577424084476e-06,512,84000,1.0,1.2726464911266688e-08,1.0,1.0,4.024834111086089e-06,9264,2.0187802888853223e-06,2333.55138167752,2844.2965497609985
4434.2210708117445,1.0,3.0068257960880565e-09,1.0,1.0,1.255003710604407e-06,27792,6.290052683702644e-07,512,84250,1.0,2.985379088056728e-09,1.0,1.0,1.1321272645883556e-06,9264,5.675563218201817e-07,2340.2951651975454,2852.5331712350016
4447.386873920553,1.0,1.0423091052702944e-09,1.0,1.0,4.805644879269545e-07,27792,2.408033985648165e-07,512,84500,1.0,1.209593285253875e-09,1.0,1.0,4.579597232833374e-07,9264,2.2958465843769433e-07,2346.8514599225746,2860.5938290460035
4460.552677029361,1.0,0.0,1.0,1.0,2.3080926445193434e-07,27792,1.1540463222596717e-07,512,84750,1.0,0.0,1.0,1.0,2.2329863318450383e-07,9264,1.1164931659225191e-07,2353.561360937616,2868.8157721539974
4473.718480138169,1.0,0.0,1.0,1.0,1.455543910145553e-07,27792,7.27771955400027e-08,512,85000,1.0,0.0,1.0,1.0,1.3894881009203413e-07,9264,6.947440504601707e-08,2360.6458167756064,2877.4100732459992
4486.884283246977,1.0,0.0,1.0,1.0,1.3847269350993744e-07,27792,6.923634675496872e-08,512,85250,1.0,0.0,1.0,1.0,1.3459942107344992e-07,9264,6.729971053672496e-08,2367.9146992775786,2886.208026514003
4500.0,1.0,0.0,1.0,1.0,1.172533370912297e-07,27792,5.862666854561485e-08,48,85500,1.0,0.0,1.0,1.0,1.1433229768803537e-07,9264,5.716614886856147e-08,2374.8728381395485,2894.7158453750017
4513.165803108808,1.0,3.366099253986028e-06,0.9999640184225677,0.9999640184225677,0.00030968991999884895,27792,0.00015652801269943096,512,85750,1.0,3.3647609877722607e-06,1.0,1.0,0.00017954185972993933,9264,9.145331342820407e-05,2382.421472861577,2903.811023258997
4526.331606217616,1.0,2.318987563757217e-07,1.0,1.0,3.651747251225439e-05,27792,1.837468564858318e-05,512,86000,1.0,2.321775634295426e-07,1.0,1.0,2.5171339810449493e-05,9264,1.2701758701174917e-05,2390.021767909573,2912.915736431998
4539.4974093264245,1.0,1.1838571921533182e-08,1.0,1.0,3.6295004608297252e-06,27792,1.8206695172448885e-06,512,86250,1.0,1.1915780077093243e-08,1.0,1.0,2.8247683211276993e-06,9264,1.418342051438419e-06,2397.8475045755913,2922.318962363999
4552.663212435233,1.0,7.07311790766047e-09,1.0,1.0,8.624138980015143e-07,27792,4.347435084147834e-07,512,86500,1.0,7.386239539398809e-09,1.0,1.0,7.792095115235337e-07,9264,3.9329787602310905e-07,2405.494874859556,2931.520828865003
4565.829015544042,1.0,9.432253635855012e-09,1.0,1.0,4.2199362184895655e-07,27792,2.1571293836622714e-07,512,86750,1.0,9.40651757675783e-09,1.0,1.0,4.0089007762932986e-07,9264,2.051482982415659e-07,2413.023223639575,2940.5718602220004
4578.99481865285,1.0,6.391113522115952e-10,1.0,1.0,2.0562227012179623e-07,27792,1.0313069079567891e-07,512,87000,1.0,5.533245970412907e-10,1.0,1.0,1.961342538406244e-07,9264,9.834378923954166e-08,2420.1171808776053,2949.1836023009964
4592.110535405872,1.0,0.0,1.0,1.0,1.8120308148147178e-07,27792,9.060154074073589e-08,512,87250,1.0,0.0,1.0,1.0,1.7707673808630926e-07,9264,8.853836904315463e-08,2427.1101368515447,2957.7174663460028
4605.276338514681,1.0,6.391113522115952e-10,1.0,1.0,1.3488251684377742e-07,27792,6.776081412394445e-08,512,87500,1.0,5.533245970412907e-10,1.0,1.0,1.319357419999383e-07,9264,6.624453331919862e-08,2433.958253382596,2966.0950305840015
4618.442141623489,1.0,2.333027986390999e-06,1.0,1.0,0.0006044023588758711,27792,0.00030336769500926403,512,87750,1.0,2.3356187205336624e-06,1.0,1.0,0.0004710541645608624,9264,0.00023669489323192104,2441.332816621609,2974.9828427019966
4631.607944732297,1.0,1.486512859242002e-07,1.0,1.0,4.8054181108767006e-05,27792,2.4101416208144872e-05,512,88000,1.0,1.4868988633626284e-07,1.0,1.0,3.599561171576828e-05,9264,1.8072150807384568e-05,2448.556449105643,2983.71623577
4644.773747841105,1.0,7.060249944968143e-09,1.0,1.0,5.677398031739793e-06,27792,2.8422291412764985e-06,512,88250,1.0,7.347635593797318e-09,1.0,1.0,4.59268451876422e-06,9264,2.300016076835779e-06,2455.4645323305813,2992.148849942998
4657.939550949914,1.0,4.49093669001244e-09,1.0,1.0,9.886619555456274e-07,27792,4.965764463637691e-07,512,88500,1.0,4.323652497245635e-09,1.0,1.0,9.017772645919663e-07,9264,4.530504587904274e-07,2461.8395928835744,3000.0276195620027
4671.055267702936,1.0,7.227534056177978e-09,1.0,1.0,4.144872798543586e-07,27792,2.1085740743029288e-07,512,88750,1.0,7.360503606344219e-09,1.0,1.0,3.961932522098529e-07,9264,2.0177687835142076e-07,2468.17735265955,3007.8565655409984
4684.2210708117445,1.0,6.2238290442832465e-09,1.0,1.0,2.0280846427384275e-07,27792,1.0451614706096758e-07,512,89000,1.0,5.99649418126543e-09,1.0,1.0,1.9339336824882805e-07,9264,9.96949315839706e-08,2474.7684469255255,3015.9414227989982
4697.386873920553,1.0,0.0,1.0,1.0,1.6900849274396205e-07,27792,8.450424637198102e-08,512,89250,1.0,0.0,1.0,1.0,1.6380981472905507e-07,9264,8.190490738907132e-08,2481.132564100546,3023.796981790001
4710.552677029361,1.0,6.391113522115952e-10,1.0,1.0,1.1959102645526164e-07,27792,6.011506892968656e-08,512,89500,1.0,5.533245970412907e-10,1.0,1.0,1.1555475914767177e-07,9264,5.805404189306535e-08,2487.457040059606,3031.6119828579976
4723.718480138169,1.0,0.0,1.0,1.0,9.340890842518356e-08,27792,4.6704454228954314e-08,512,89750,1.0,0.0,1.0,1.0,8.894370836925773e-08,9264,4.4471854184628866e-08,2493.279863440621,3038.9108409690016
4736.884283246977,1.0,1.2053038831573922e-08,1.0,1.0,1.0995717267248046e-07,27792,6.100510662333175e-08,512,90000,1.0,1.2494840745247943e-08,1.0,1.0,1.0753798589744111e-07,9264,6.00164141573674e-08,2500.0958272876233,3047.218282863003
4750.0,1.0,6.005073237748109e-11,1.0,1.0,8.589828000483276e-08,27792,4.2979165370394776e-08,48,90250,1.0,9.007609856622163e-11,1.0,1.0,8.305016071053285e-08,9264,4.157011840723401e-08,2507.1395549495937,3055.7666230510004
4763.165803108808,1.0,0.0,1.0,1.0,7.303026646595266e-08,27792,3.651513323297633e-08,512,90500,1.0,0.0,1.0,1.0,7.043950615960824e-08,9264,3.521975307980412e-08,2513.467234833617,3063.588983239999
4776.331606217616,1.0,1.5826314891572981e-06,1.0,1.0,0.0002667063313161565,27792,0.0001341444819524378,512,90750,1.0,1.573666763768993e-06,1.0,1.0,0.0001939160810439286,9264,9.774487459186034e-05,2519.8111061606323,3071.4258129910013
4789.4974093264245,1.0,1.339946233611228e-07,1.0,1.0,2.2210839038814493e-05,27792,1.1172416838712746e-05,512,91000,1.0,1.3377586655238286e-07,1.0,1.0,1.5717683307101086e-05,9264,7.925729594729834e-06,2526.245509264634,3079.3524859989993
4802.663212435233,1.0,1.8015218782625604e-09,1.0,1.0,2.267980383916905e-06,27792,1.1348909535214051e-06,512,91250,1.0,1.5055575715316383e-09,1.0,1.0,1.7890509883922426e-06,9264,8.952782730647224e-07,2533.0735998616437,3087.674250197
4815.829015544042,1.0,6.905834100691373e-10,1.0,1.0,6.054571376121954e-07,27792,3.0307386079964966e-07,512,91500,1.0,5.919286415849374e-10,1.0,1.0,5.623450029841146e-07,9264,2.814684658335586e-07,2539.7310558766403,3095.825169900003
4828.99481865285,1.0,1.351141428127421e-09,1.0,1.0,3.428424627814332e-07,27792,1.7209680217023044e-07,512,91750,1.0,1.2224612939658096e-09,1.0,1.0,3.2893214174157746e-07,9264,1.6507730157606313e-07,2546.514300561663,3104.101092928002
4842.110535405872,1.0,8.119716385216769e-09,1.0,1.0,1.8890244369878802e-07,27792,9.851108053390085e-08,512,92000,1.0,8.17118844358564e-09,1.0,1.0,1.8187650752639418e-07,9264,9.502384847739972e-08,2553.3199044026696,3112.4008334829996
4855.276338514681,0.9999640184225677,0.00018095894400073267,0.9992443868739206,0.9992803684513529,0.01748069976689696,27792,0.008830829433963844,512,92250,1.0,5.573610260854242e-05,0.9995682210708118,0.9995682210708118,0.013760553972091081,9264,0.006908144972356284,2560.3580306096046,3120.9423753579977
4868.442141623489,1.0,1.5304354406816438e-08,1.0,1.0,0.00015147775907560574,27792,7.574653168378862e-05,512,92500,1.0,1.5029839372687288e-08,1.0,1.0,0.00011594908353985193,9264,5.7982056690597124e-05,2565.747221273603,3127.805948961999
4881.607944732297,1.0,6.386823849935507e-09,1.0,1.0,1.2882127260922513e-05,27792,6.444257042812672e-06,512,92750,1.0,6.343930580624264e-09,1.0,1.0,1.036462792292292e-05,9264,5.185485927121463e-06,2572.562464528637,3136.127752043998
4894.773747841105,1.0,5.627611088448143e-09,1.0,1.0,2.2277378844062138e-06,27792,1.1166827481165104e-06,512,93000,1.0,5.816341974929065e-09,1.0,1.0,2.0052204815795407e-06,9264,1.005518411752691e-06,2579.3888846385817,3144.4593035729995
4907.939550949914,1.0,7.0774072970759945e-09,1.0,1.0,7.665645740751006e-07,27792,3.8682099125161814e-07,512,93250,1.0,7.296163534405789e-09,1.0,1.0,7.35522632923726e-07,9264,3.714093986712376e-07,2586.209847457525,3152.786796831999
4921.055267702936,1.0,7.377661227411109e-10,1.0,1.0,3.2418384125200394e-07,27792,1.6246080371830794e-07,512,93500,1.0,6.176646636107674e-10,1.0,1.0,3.1796859014592694e-07,9264,1.5929312742931265e-07,2592.7890451495696,3160.8605785140026
4934.2210708117445,1.0,0.0,1.0,1.0,1.5175248326214934e-07,27792,7.587624166379972e-08,512,93750,1.0,0.0,1.0,1.0,1.4762185209950677e-07,9264,7.381092604975339e-08,2599.194278562638,3168.761437401001
4947.386873920553,1.0,0.0,1.0,1.0,1.2609795263000744e-07,27792,6.304897631500372e-08,512,94000,1.0,0.0,1.0,1.0,1.2368734448244576e-07,9264,6.184367226576668e-08,2605.8691992376625,3176.942638387998
4960.552677029361,1.0,0.0,1.0,1.0,1.1468402345993587e-07,27792,5.7342011729967937e-08,512,94250,1.0,0.0,1.0,1.0,1.1186163888632956e-07,9264,5.593081944316478e-08,2612.845557722627,3185.439391945998
4973.718480138169,1.0,2.7666229177110294e-09,1.0,1.0,7.650462867500291e-08,27792,3.96356259336488e-08,512,94500,1.0,2.882435030633146e-09,1.0,1.0,7.150755141652625e-08,9264,3.719499337122594e-08,2619.4670529865107,3193.570599407998
4986.884283246977,1.0,7.879792804916635e-06,1.0,1.0,0.0018800804278908203,27792,0.0009439801212848434,512,94750,1.0,7.92519512600571e-06,1.0,1.0,0.0013133948065649351,9264,0.000660660018378769,2626.6065551885767,3202.2289776109974
5000.0,1.0,4.2857346677450703e-07,1.0,1.0,5.874607132165492e-05,27792,2.958732242275096e-05,48,95000,1.0,4.3057658788339426e-07,1.0,1.0,3.787552170710403e-05,9264,1.915304917596451e-05,2634.2008219354975,3211.372302347998
5013.165803108808,1.0,9.97699933594826e-09,1.0,1.0,6.266307433188888e-06,27792,3.13814221701714e-06,512,95250,1.0,1.0783394868654766e-08,1.0,1.0,4.474400604729434e-06,9264,2.24259200058598e-06,2641.318876259429,3220.0278137589994
5026.331606217616,1.0,4.306495143859461e-09,1.0,1.0,1.3319241904491955e-06,27792,6.681153430424767e-07,512,95500,1.0,4.207840361313715e-09,1.0,1.0,1.1737424234283047e-06,9264,5.889751321417811e-07,2648.5912724463924,3228.818598464997
5039.4974093264245,1.0,3.920454730125389e-09,1.0,1.0,4.875775476414364e-07,27792,2.4574900141587895e-07,512,95750,1.0,3.911876071200984e-09,1.0,1.0,4.6335142170095036e-07,9264,2.3363164910735328e-07,2655.995041918439,3237.74704088
5052.663212435233,1.0,6.047966467175693e-10,1.0,1.0,2.2700891073352644e-07,27792,1.1380685378113857e-07,512,96000,1.0,7.592128085296293e-10,1.0,1.0,2.2031325373979515e-07,9264,1.105362333079101e-07,2663.777895744417,3247.0713883889985
5065.829015544042,1.0,0.0,1.0,1.0,1.2451518680371792e-07,27792,6.225759340185896e-08,512,96250,1.0,0.0,1.0,1.0,1.2309541584853077e-07,9264,6.154770792426538e-08,2670.239983135427,3255.049720281
5078.99481865285,1.0,0.0,1.0,1.0,5.639621263864859e-08,27792,2.8198106319324294e-08,512,96500,1.0,0.0,1.0,1.0,4.973487029390947e-08,9264,2.4867435146954734e-08,2677.438513570538,3263.760994288001
5092.110535405872,1.0,0.0,1.0,1.0,7.787292938703903e-08,27792,3.8936464693519516e-08,512,96750,1.0,0.0,1.0,1.0,7.251125657466107e-08,9264,3.6255628287330534e-08,2684.0942753075506,3271.9178830289966
5105.276338514681,1.0,0.0,1.0,1.0,1.0828004140397314e-07,27792,5.414002070198657e-08,512,97000,1.0,0.0,1.0,1.0,1.0625118441265289e-07,9264,5.3125592206326444e-08,2690.997827477564,3280.3208725310033
5118.442141623489,1.0,0.0,1.0,1.0,9.456703319762364e-08,27792,4.728351659881182e-08,512,97250,1.0,0.0,1.0,1.0,9.240520750494326e-08,9264,4.620260375247163e-08,2697.768027344624,3288.5983177730013
5131.607944732297,1.0,2.3636542517068825e-05,1.0,1.0,0.0010079782065829808,27792,0.0005158073629135192,512,97500,1.0,2.3521129363107886e-05,1.0,1.0,0.0007762591634428254,9264,0.0003998901454542019,2704.1569432116303,3296.481309871
5144.773747841105,1.0,1.5447866574896765e-06,1.0,1.0,5.261305370167001e-05,27792,2.7078920871780184e-05,512,97750,1.0,1.5408018781949418e-06,1.0,1.0,4.011911506135666e-05,9264,2.08299591330472e-05,2710.679292603658,3304.4935824030035
5157.939550949914,1.0,2.237929512387601e-06,1.0,1.0,0.0003242953254202693,27792,0.00016326662882193107,512,98000,1.0,2.2410006888081793e-06,1.0,1.0,0.0002646093786169738,9264,0.00013342519105365418,2717.1046953056284,3312.4083565710025
5171.055267702936,1.0,1.6436742065543334e-08,1.0,1.0,2.6822838873029287e-05,27792,1.3419637808664158e-05,512,98250,1.0,1.6097884804479814e-08,1.0,1.0,2.2319075857556145e-05,9264,1.1167586872065423e-05,2723.421563787604,3320.213968985001
5184.2210708117445,1.0,7.879513439344317e-09,1.0,1.0,4.003003899318476e-06,27792,2.0054417068718317e-06,512,98500,1.0,7.463447727428258e-09,1.0,1.0,3.5102975571150885e-06,9264,1.75888050286343e-06,2729.7308778416045,3328.0154777749995
5197.386873920553,1.0,2.501541731361475e-08,1.0,1.0,1.0364323212352577e-06,27792,5.307238707879699e-07,512,98750,1.0,2.4603640848709097e-08,1.0,1.0,9.715217982529118e-07,9264,4.980627213210313e-07,2736.629279517656,3336.405656736999
5210.552677029361,1.0,7.0473819454601296e-09,1.0,1.0,3.711649634616221e-07,27792,1.8910617312998945e-07,512,99000,1.0,6.639894873037975e-09,1.0,1.0,3.5753773560681456e-07,9264,1.820888156341609e-07,2743.355937572611,3344.620375507002
5223.718480138169,1.0,0.0,1.0,1.0,1.693216123441904e-07,27792,8.466080620482025e-08,512,99250,1.0,0.0,1.0,1.0,1.6332083021392312e-07,9264,8.166041510696156e-08,2750.0955325606265,3352.8469012040005
5236.884283246977,1.0,0.0,1.0,1.0,1.2834985522838683e-07,27792,6.417492761419341e-08,512,99500,1.0,0.0,1.0,1.0,1.2434361323968776e-07,9264,6.217180664438768e-08,2756.5730366966745,3360.8159967500033
5250.0,1.0,0.0,1.0,1.0,1.019747146521117e-07,27792,5.098735732605585e-08,48,99750,1.0,0.0,1.0,1.0,9.75524078971995e-08,9264,4.877620394859975e-08,2762.9524876437863,3368.688107089998
5263.165803108808,1.0,0.0,1.0,1.0,1.029055007976414e-07,27792,5.14527503988207e-08,512,100000,1.0,0.0,1.0,1.0,1.0024182147869187e-07,9264,5.0120910739345937e-08,2769.5904676657665,3376.817825377002
5276.331606217616,1.0,0.0,1.0,1.0,1.0951966042945289e-07,27792,5.4759830214726446e-08,512,100250,1.0,0.0,1.0,1.0,1.0851595502588016e-07,9264,5.425797751294008e-08,2775.9970000497415,3384.7317689990014
5289.4974093264245,1.0,0.0,1.0,1.0,7.441572273124133e-08,27792,3.720786138198319e-08,512,100500,1.0,0.0,1.0,1.0,7.041377012991247e-08,9264,3.5206885064956236e-08,2783.0499653816805,3393.2930550739984
5302.663212435233,1.0,0.0,1.0,1.0,6.850930394878843e-08,27792,3.4254651974394213e-08,512,100750,1.0,0.0,1.0,1.0,6.58198888537623e-08,9264,3.290994442688115e-08,2790.194559227719,3401.9631114270014
5315.829015544042,1.0,0.0,1.0,1.0,3.656660321432693e-08,27792,1.8283301607163466e-08,512,101000,1.0,0.0,1.0,1.0,3.326381404979661e-08,9264,1.6631907024898305e-08,2797.7868998596896,3411.068815617
5328.99481865285,1.0,1.629948440019336e-10,1.0,1.0,7.54580319339198e-08,27792,3.7810513394329816e-08,512,101250,1.0,1.415481541227834e-10,1.0,1.0,7.39396061982322e-08,9264,3.704057718077946e-08,2805.1379746277016,3419.9348463610004
5342.110535405872,1.0,0.0,1.0,1.0,1.0351459364058574e-07,27792,5.175729682029287e-08,512,101500,1.0,0.0,1.0,1.0,1.0284116754657576e-07,9264,5.142058377328788e-08,2812.461319381706,3428.7723719350033
5355.276338514681,1.0,1.8143898440228616e-08,1.0,1.0,9.945687857801847e-08,27792,5.8800388578664284e-08,512,101750,1.0,1.8336918403191734e-08,1.0,1.0,9.789984984498898e-08,9264,5.8118383538107357e-08,2819.8975697056594,3437.732269307002
5368.442141623489,1.0,0.0,1.0,1.0,7.24469164922404e-08,27792,3.62234582461202e-08,512,102000,1.0,0.0,1.0,1.0,6.997625762508448e-08,9264,3.498812881254224e-08,2827.3331144836484,3446.7078578790024
5381.607944732297,1.0,0.0006016381481682767,0.9901050662061025,0.9901050662061025,0.0646469660991214,27792,0.03262430202981557,512,102250,1.0,0.0006006431535838594,0.9939550949913645,0.9939550949913645,0.05217266282217902,9264,0.02638665313264661,2834.5469138866174,3455.450032515997
5394.773747841105,1.0,1.2028284185996886e-06,1.0,1.0,9.335740140993652e-05,27792,4.7280115242827645e-05,512,102500,1.0,1.1982817281359168e-06,1.0,1.0,6.238045774091402e-05,9264,3.178937007578183e-05,2842.314049953602,3464.769123361999
5407.939550949914,1.0,7.577972994891295e-08,1.0,1.0,1.0714754982994602e-05,27792,5.395267352839277e-06,512,102750,1.0,7.426130421322537e-08,1.0,1.0,5.63225460614541e-06,9264,2.8532579599162693e-06,2850.0395632946384,3474.0445402050027
5421.055267702936,1.0,2.359135899489745e-10,1.0,1.0,1.8324358051875807e-06,27792,9.163358593965626e-07,512,103000,1.0,2.4449226523590696e-10,1.0,1.0,1.4707614375267898e-06,9264,7.355029649044498e-07,2857.8546100346357,3483.417990916998
5434.2210708117445,1.0,0.0,1.0,1.0,6.141516304998881e-07,27792,3.0707581538084426e-07,512,103250,1.0,0.0,1.0,1.0,5.701944920413227e-07,9264,2.8509724602066135e-07,2865.6378867246312,3492.7400487959967
5447.386873920553,1.0,1.801521966211143e-10,1.0,1.0,3.260582820815121e-07,27792,1.6311921714469124e-07,512,103500,1.0,2.4449226676989386e-10,1.0,1.0,3.1193349098591985e-07,9264,1.5608899163401478e-07,2872.8554484126435,3501.4733947880013
5460.552677029361,1.0,5.756291204201912e-09,1.0,1.0,1.872767844896722e-07,27792,9.65165382324791e-08,512,103750,1.0,5.571849692052309e-09,1.0,1.0,1.811816348227837e-07,9264,9.337674262595836e-08,2879.9639533916998,3510.1157637200013
5473.718480138169,1.0,2.3428052929876116e-05,1.0,1.0,0.0010444051406475478,27792,0.0005339165936638619,512,104000,1.0,2.342146275535271e-05,1.0,1.0,0.0008378083582819538,9264,0.00043061491168733035,2886.884405306693,3518.544337129002
5486.884283246977,1.0,1.5023995673778013e-06,1.0,1.0,4.3244011902288415e-05,27792,2.2373206343257314e-05,512,104250,1.0,1.5013873254311703e-06,1.0,1.0,3.279297102058937e-05,9264,1.714717975420723e-05,2893.297121070711,3526.4478958120017
5500.0,1.0,7.936132741490685e-08,1.0,1.0,4.856987836490298e-06,27792,2.468174587744937e-06,48,104500,1.0,7.839193855019817e-08,1.0,1.0,3.9015984947737696e-06,9264,1.989995220613534e-06,2899.8152988256697,3534.4691410540036
5513.165803108808,1.0,1.1238064660140506e-08,1.0,1.0,1.5356072766909287e-06,27792,7.734226714957063e-07,512,104750,1.0,1.1040755266088554e-08,1.0,1.0,1.3798233281792561e-06,9264,6.954320428520703e-07,2906.348346806728,3542.508079364001
5526.331606217616,1.0,4.416294532855713e-07,1.0,1.0,0.0021734041187035057,27792,0.0010869228423165053,512,105000,1.0,4.920792801641728e-07,1.0,1.0,0.0017072659947737305,9264,0.0008538790402647642,2913.006000970803,3550.655375841001
5539.4974093264245,1.0,9.224649490351184e-08,1.0,1.0,4.990013118159877e-05,27792,2.4996188845352478e-05,512,105250,1.0,9.428392981872109e-08,1.0,1.0,4.178482336124859e-05,9264,2.0939553653019512e-05,2919.8032766658,3558.9519882189998
5552.663212435233,1.0,2.3514148922876415e-08,1.0,1.0,8.56966299418908e-06,27792,4.296588575421625e-06,512,105500,1.0,2.3059479066963224e-08,1.0,1.0,7.673227897009189e-06,9264,3.848143689808297e-06,2926.339161407741,3566.9788028859984
5565.829015544042,1.0,2.2943666923105704e-08,1.0,1.0,2.9873732194112382e-06,27792,1.5051584444189055e-06,512,105750,1.0,2.309808311150687e-08,1.0,1.0,2.828500931366248e-06,9264,1.4257995090090982e-06,2932.7198658017514,3574.850926485
5578.99481865285,1.0,3.045858726701841e-08,1.0,1.0,1.1137731860769927e-06,27792,5.72115888610965e-07,512,106000,1.0,3.099904382926998e-08,1.0,1.0,1.0767048000370512e-06,9264,5.538519239027997e-07,2939.00032292174,3582.6218329559997
5592.110535405872,1.0,8.904665153901423e-09,1.0,1.0,2.863004170590576e-07,27792,1.4760254166689607e-07,512,106250,1.0,8.480020703293638e-09,1.0,1.0,2.79441763116183e-07,9264,1.439608924504687e-07,2945.8359959217705,3590.9524678849994
5605.276338514681,1.0,1.1147988588930384e-08,1.0,1.0,1.9396386287228835e-07,27792,1.0255592653441852e-07,512,106500,1.0,1.1169435314091234e-08,1.0,1.0,1.8917267194514342e-07,9264,1.0017105446564019e-07,2952.2615667407226,3598.8720004749994
5618.442141623489,1.0,0.0,1.0,1.0,1.2598642983465911e-07,27792,6.299321491732956e-08,512,106750,1.0,0.0,1.0,1.0,1.218343503443507e-07,9264,6.091717517217536e-08,2959.251760335683,3607.354859168998
5631.607944732297,1.0,6.0050727934032345e-09,1.0,1.0,9.932390516425054e-08,27792,5.266448937996446e-08,512,107000,1.0,5.636189717204139e-09,1.0,1.0,9.518469557048063e-08,9264,5.041044303692653e-08,2966.130275326701,3615.7245761000013
5644.773747841105,1.0,0.0,1.0,1.0,6.423283368100888e-08,27792,3.211641684050444e-08,512,107250,1.0,0.0,1.0,1.0,5.9437353489212695e-08,9264,2.9718676744606347e-08,2973.3664797556994,3624.465749144001
5657.939550949914,1.0,0.0,1.0,1.0,6.024803841644801e-08,27792,3.012401920822401e-08,512,107500,1.0,0.0,1.0,1.0,5.488207623306237e-08,9264,2.7441038116531186e-08,2979.842646084704,3632.4482245030013
5671.055267702936,1.0,0.0,1.0,1.0,1.019404017784537e-07,27792,5.097020088922685e-08,512,107750,1.0,0.0,1.0,1.0,1.0021608937600259e-07,9264,5.0108044688001296e-08,2986.3204067676925,3640.430906349997
5684.2210708117445,1.0,6.118825705483782e-07,1.0,1.0,0.0008396109945162762,27792,0.0004201114386004848,512,108000,1.0,6.085797799398548e-07,1.0,1.0,0.000618343301027344,9264,0.0003094759404607799,2993.3758535356974,3649.0065354000035
5697.386873920553,1.0,1.4866844581352239e-08,0.9999640184225677,0.9999640184225677,0.00038490271420691486,27792,0.00019245878838203208,512,108250,1.0,1.4129078523549907e-08,1.0,1.0,3.279795108056613e-05,9264,1.640604008043455e-05,2999.8941024516826,3657.0295695759996
5710.552677029361,1.0,4.988499783534477e-09,1.0,1.0,5.517920474185371e-06,27792,2.761454487304033e-06,512,108500,1.0,4.761164996704678e-09,1.0,1.0,3.326554595046823e-06,9264,1.665657881055671e-06,3006.8185017396827,3665.4496309410024
5723.718480138169,1.0,7.176062077576426e-09,1.0,1.0,1.2057189090013148e-06,27792,6.064474857122748e-07,512,108750,1.0,6.549818716947244e-09,1.0,1.0,1.0253357856883717e-06,9264,5.159428026229719e-07,3013.988358499657,3674.1251308790015
5736.884283246977,1.0,1.2511997962364947e-08,1.0,1.0,4.644494890287976e-07,27792,2.3848074335240917e-07,512,109000,1.0,1.1748495782827637e-08,1.0,1.0,4.409096038062437e-07,9264,2.263290506811801e-07,3021.0164278546654,3682.672126079997
5750.0,1.0,9.12140169484769e-07,1.0,1.0,0.0003364805714428322,27792,0.00016869635611534479,48,109250,1.0,9.072589250339761e-07,1.0,1.0,0.0002627597736928207,9264,0.0001318335165398353,3028.208402050739,3691.3819232079986
5763.165803108808,1.0,1.1023169028984355e-07,1.0,1.0,2.2796755493739186e-05,27792,1.1453493599132213e-05,512,109500,1.0,1.0941671601614435e-07,1.0,1.0,1.813219853158918e-05,9264,9.120807630920361e-06,3035.129997506745,3699.812572695002
5776.331606217616,1.0,2.2433235667473042e-08,1.0,1.0,4.0878147190363265e-06,27792,2.055123979127234e-06,512,109750,1.0,2.1785545787237256e-08,1.0,1.0,3.640366860575707e-06,9264,1.8310762048565858e-06,3041.7736516517616,3707.9599422210013
5789.4974093264245,1.0,2.6255036077294073e-08,1.0,1.0,1.5612234101663185e-06,27792,7.937392248971405e-07,512,110000,1.0,2.533711768890244e-08,1.0,1.0,1.479074212817784e-06,9264,7.522056670266321e-07,3048.167038771702,3715.8598461
5802.663212435233,1.0,1.29966932210269e-08,1.0,1.0,5.160716218529304e-07,27792,2.645341584246457e-07,512,110250,1.0,1.2005856177960445e-08,1.0,1.0,5.005656636994318e-07,9264,2.56285760776253e-07,3054.776458093642,3723.975813703997
5815.829015544042,1.0,2.3720038514441644e-09,1.0,1.0,2.3466109022973375e-07,27792,1.1851654721546348e-07,512,110500,1.0,2.084618220511504e-09,1.0,1.0,2.3189446710288917e-07,9264,1.1698954275412305e-07,3061.686759885626,3732.4078749839973
5828.99481865285,1.0,0.0,1.0,1.0,1.5086459180844805e-07,27792,7.543229593694908e-08,512,110750,1.0,0.0,1.0,1.0,1.457945939911075e-07,9264,7.289729699555375e-08,3069.337767278652,3741.60503454
5842.110535405872,1.0,0.0,1.0,1.0,1.280281543335889e-07,27792,6.401407716679445e-08,512,111000,1.0,0.0,1.0,1.0,1.2407338492788223e-07,9264,6.203669246394112e-08,3076.4999536866526,3750.295150184
5855.276338514681,1.0,0.0,1.0,1.0,9.943542848319972e-08,27792,4.971771424159986e-08,512,111250,1.0,0.0,1.0,1.0,9.613692866922392e-08,9264,4.806846433461196e-08,3083.49616815857,3758.798919886998
5868.442141623489,1.0,0.0,1.0,1.0,6.789592831257228e-08,27792,3.394796415628614e-08,512,111500,1.0,0.0,1.0,1.0,6.42885950868643e-08,9264,3.214429754343215e-08,3090.704721013455,3767.5133968899972
5881.607944732297,1.0,6.391113522115952e-10,1.0,1.0,1.0230499736508006e-07,27792,5.147205438459577e-08,512,111750,1.0,5.533245970412907e-10,1.0,1.0,1.0002307229488955e-07,9264,5.028819846667424e-08,3098.1236207794864,3776.4645855940034
5894.773747841105,1.0,0.0,1.0,1.0,6.648473601758784e-08,27792,3.324236800879392e-08,512,112000,1.0,0.0,1.0,1.0,6.140615973639489e-08,9264,3.0703079868197444e-08,3105.362513049484,3785.221591873
5907.939550949914,1.0,0.0,1.0,1.0,1.173176771654691e-07,27792,5.865883858273455e-08,512,112250,1.0,0.0,1.0,1.0,1.1628823677940235e-07,9264,5.814411838970118e-08,3112.5381721624726,3793.929973008999
5921.055267702936,1.0,0.0,1.0,1.0,6.222113402645662e-08,27792,3.111056701322831e-08,512,112500,1.0,0.0,1.0,1.0,5.838217627168635e-08,9264,2.9191088135843175e-08,3119.776402139403,3802.685168338001
5934.2210708117445,1.0,1.3224028150006154e-08,1.0,1.0,6.564831531427593e-08,27792,3.943617261980813e-08,512,112750,1.0,1.364009396546633e-08,1.0,1.0,6.29117174981409e-08,9264,3.827590661844805e-08,3126.864501646305,3811.284572550001
5947.386873920553,1.0,0.0,1.0,1.0,9.5982515616292e-08,27792,4.7991257808146e-08,512,113000,1.0,0.0,1.0,1.0,9.38206891382103e-08,9264,4.691034456910515e-08,3133.93266674639,3819.8628389549995
5960.552677029361,1.0,0.0,1.0,1.0,7.354498709259302e-08,27792,3.677249354629651e-08,512,113250,1.0,0.0,1.0,1.0,7.031082603567321e-08,9264,3.5155413017836604e-08,3140.516965184521,3827.9529053700026
5973.718480138169,1.0,0.0,1.0,1.0,5.528956336173072e-08,27792,2.764478168086536e-08,512,113500,1.0,0.0,1.0,1.0,5.109887986778499e-08,9264,2.5549439933892494e-08,3146.786611934498,3835.715392664002
5986.884283246977,1.0,0.0,1.0,1.0,8.576102248879085e-08,27792,4.288051126075795e-08,512,113750,1.0,0.0,1.0,1.0,8.30115566659892e-08,9264,4.15057783329946e-08,3153.09552400541,3843.517085970001
6000.0,1.0,7.233729196077553e-06,1.0,1.0,0.0008045392918947893,27792,0.0004058865016400299,48,114000,1.0,7.297930443830931e-06,1.0,1.0,0.0005544568440154683,9264,0.0002808773759245834,3160.249168091308,3852.1924780780028
6013.165803108808,1.0,8.093551037582419e-08,1.0,1.0,4.001020742194254e-05,27792,2.004557147299872e-05,512,114250,1.0,8.181482421652448e-08,1.0,1.0,2.516566669980196e-05,9264,1.2623740769102398e-05,3167.4260267053032,3860.9217736240025
6026.331606217616,1.0,3.980505467104831e-09,1.0,1.0,4.776871892302305e-06,27792,2.3904261991142917e-06,512,114500,1.0,3.808931976194723e-09,1.0,1.0,3.4668282594146537e-06,9264,1.7353185959048134e-06,3174.487412328308,3869.5192243679994
6039.4974093264245,1.0,2.6508107843357532e-09,1.0,1.0,1.1396893135261376e-06,27792,5.711700622924007e-07,512,114750,1.0,2.6250747459473963e-09,1.0,1.0,1.0016972930711958e-06,9264,5.021611840500818e-07,3181.693265978305,3878.2933532399984
6052.663212435233,1.0,3.177498338280628e-07,0.9162708693149108,0.9162708693149108,0.3260340212952082,27792,0.16301717226987059,512,115000,1.0,3.1883074694438473e-07,0.927461139896373,0.927461139896373,0.29667141894602406,9264,0.14833587341152119,3188.778516772327,3886.912837746
6065.829015544042,1.0,7.148608867511036e-07,1.0,1.0,0.0001711938898821689,27792,8.595437550017579e-05,512,115250,1.0,7.118840896481662e-07,1.0,1.0,0.00014216916176003108,9264,7.144052303872281e-05,3196.3200702042377,3896.0043536930025
6078.99481865285,1.0,8.31273650975984e-09,1.0,1.0,1.4600590320848782e-05,27792,7.304451529220257e-06,512,115500,1.0,8.325604523585064e-09,1.0,1.0,1.2557944033068921e-05,9264,6.28313481933775e-06,3203.5671817682305,3904.7726670699994
6092.110535405872,1.0,1.520570224432033e-08,1.0,1.0,2.773841976883264e-06,27792,1.3945238405475893e-06,512,115750,1.0,1.581478789030942e-08,1.0,1.0,2.541570845782871e-06,9264,1.2786928176227586e-06,3210.5891385953,3913.3075933209984
6105.276338514681,1.0,1.4073317031791221e-08,1.0,1.0,9.046381843729651e-07,27792,4.5935575163913284e-07,512,116000,1.0,1.4901159228810428e-08,1.0,1.0,8.65167756066531e-07,9264,4.400344586301893e-07,3217.6804143702684,3921.9310654599976
6118.442141623489,1.0,2.449211917010325e-09,1.0,1.0,2.8193815793122207e-07,27792,1.4219368504530115e-07,512,116250,1.0,2.637942761562272e-09,1.0,1.0,2.7236435494984777e-07,9264,1.3750114899683182e-07,3224.5904999363192,3930.3795495660015
6131.607944732297,1.0,1.346852101094031e-09,1.0,1.0,0.0002508970925441815,27792,0.00012544921983224293,512,116500,1.0,1.4412175333409193e-09,1.0,1.0,0.00017889365223107702,9264,8.944754672436999e-05,3231.7910994963313,3939.117354777998
6144.773747841105,1.0,1.0448826641121808e-08,1.0,1.0,2.4204177745212047e-05,27792,1.2107313286634264e-05,512,116750,1.0,1.0847734942894177e-08,1.0,1.0,1.8456059485205025e-05,9264,9.233453610860895e-06,3238.8684432693844,3947.7214634449992
6157.939550949914,1.0,1.7032960086828545e-08,1.0,1.0,3.895892755414757e-06,27792,1.9564628504899213e-06,512,117000,1.0,1.729460920051327e-08,1.0,1.0,3.382261264911412e-06,9264,1.699777938433483e-06,3246.215691922378,3956.6023234520035
6171.055267702936,1.0,2.3213895300361342e-08,1.0,1.0,1.1744759009291352e-06,27792,5.988448998573573e-07,512,117250,1.0,2.389590003207557e-08,1.0,1.0,1.1077552570328873e-06,9264,5.658255803027024e-07,3253.4255105333505,3965.3275362850036
6184.2210708117445,1.0,0.0,1.0,1.0,4.0304332531630866e-07,27792,2.0152166278905454e-07,512,117500,1.0,0.0,1.0,1.0,3.8643929695515813e-07,9264,1.9321964847757907e-07,3261.023059174404,3974.465973733997
6197.386873920553,1.0,0.0,1.0,1.0,1.6168659020111358e-07,27792,8.084329510055679e-08,512,117750,1.0,0.0,1.0,1.0,1.5625629006243576e-07,9264,7.812814503121788e-08,3268.8317479993784,3983.8286635179975
6210.552677029361,1.0,5.8978368395181925e-09,1.0,1.0,0.00011870357562896673,27792,5.935473673455267e-05,512,118000,1.0,5.327356760299091e-09,1.0,1.0,8.955567763331756e-05,9264,4.478050247059945e-05,3276.264034377433,3992.7900335099985
6223.718480138169,1.0,6.2753008889166085e-09,1.0,1.0,1.3290181214557655e-05,27792,6.648228256138166e-06,512,118250,1.0,6.485478532260776e-09,1.0,1.0,1.0636498295211045e-05,9264,5.321491887347189e-06,3283.7455037894615,4001.7999406450035
6236.884283246977,1.0,1.1576922347652386e-08,1.0,1.0,2.3069143347044985e-06,27792,1.159245629364655e-06,512,118500,1.0,1.1594079607721025e-08,1.0,1.0,2.0594720306074098e-06,9264,1.0355330559926758e-06,3291.037444842492,4010.609799334001
6250.0,1.0,1.0225780958385968e-08,1.0,1.0,8.836205021866153e-07,27792,4.4692314232619953e-07,48,118750,1.0,1.0204334300209213e-08,1.0,1.0,8.418638447945212e-07,9264,4.260340902844459e-07,3298.2784706364546,4019.3860514490007
6263.165803108808,1.0,2.015988788047635e-09,1.0,1.0,3.225367636259217e-07,27792,1.6227637630937829e-07,512,119000,1.0,1.7114458275055973e-09,1.0,1.0,3.1307877258182803e-07,9264,1.573951092782982e-07,3305.6054921864197,4028.254344082001
6276.331606217616,1.0,9.551665453598436e-07,0.9877662636729995,0.9877662636729995,0.04362301980550082,27792,0.021811987546304208,512,119250,1.0,9.609313627353068e-07,0.9894214162348878,0.9894214162348878,0.038976413945768784,9264,0.019488687445256787,3313.110599402411,4037.274735926003
6289.4974093264245,1.0,1.968779355369041e-09,0.99938831318365,0.99938831318365,0.003055799240970241,27792,0.0015279005853181505,512,119500,1.0,7.978164695765491e-10,0.9994602763385146,0.9994602763385146,0.001955099177863674,9264,0.0009775499747712198,3320.432171750399,4046.1109796029996
6302.663212435233,1.0,0.0,0.9933434081750144,0.9933434081750144,0.022627564978174045,27792,0.011313782489087022,512,119750,1.0,0.0,0.9956822107081175,0.9956822107081175,0.01616562648140705,9264,0.008082813253571538,3327.5581719493566,4054.744115002002
6315.829015544042,1.0,1.175271105919969e-09,0.9972294185377087,0.9972294185377087,0.012320410831261449,27792,0.0061602059475086715,512,120000,1.0,1.4154815182180305e-10,0.9973013816925734,0.9973013816925734,0.009600575164037665,9264,0.004800287607754862,3334.532719108327,4063.2234414170016
6328.99481865285,1.0,0.0,0.9997481289579735,0.9997481289579735,0.0016267878959404715,27792,0.0008133939479702358,512,120250,1.0,0.0,0.9995682210708118,0.9995682210708118,0.0015406683968003704,9264,0.0007703341984001852,3341.4616367323324,4071.654086841001
6342.110535405872,1.0,6.519793660368195e-10,0.9986327000575705,0.9986327000575705,0.007953794262381072,27792,0.003976897457180245,512,120500,1.0,5.661926118891729e-10,0.9990284974093264,0.9990284974093264,0.004365722553093559,9264,0.002182861527473069,3348.2603786913824,4079.946300397998
6355.276338514681,1.0,1.6700535710515083e-07,0.9985607369027059,0.9985607369027059,0.005172518748418998,27792,0.0025863428640345012,512,120750,1.0,1.6193107037495333e-07,0.9988126079447323,0.9988126079447323,0.004295574773797871,9264,0.002147868346014351,3354.6302438654384,4087.8079857839984
6368.442141623489,1.0,1.866998313477225e-07,0.9973733448474381,0.9973733448474381,0.009478027662653722,27792,0.004739107164110887,512,121000,1.0,2.8671011107537623e-07,0.9984887737478411,0.9984887737478411,0.00562310203047717,9264,0.0028116943327539533,3361.4296383084147,4096.117152992003
6381.607944732297,1.0,9.763766523692785e-08,0.9991004605641911,0.9991004605641911,0.004743879696351053,27792,0.002371988630819815,512,121250,1.0,9.318583672807508e-08,0.9991364421416234,0.9991364421416234,0.004209789410490858,9264,0.002104941281025171,3368.6252628534203,4104.822655525997
6394.773747841105,0.9999640184225677,6.112393397864597e-05,0.9991724237190558,0.9992084052964882,0.003899618154890282,27792,0.001980371063089381,512,121500,1.0,2.6076174199912886e-05,0.9996761658031088,0.9996761658031088,0.0020410812826624496,9264,0.0010335787198633367,3376.286158516421,4114.003589337
6407.939550949914,1.0,2.3180440520162745e-07,0.9999640184225677,0.9999640184225677,0.0007524468295842358,27792,0.0003763393170018528,512,121750,1.0,2.3251214595281088e-07,1.0,1.0,0.0004335170216047702,9264,0.0002168747668825283,3383.4737762584264,4122.7092623049975
6421.055267702936,1.0,2.437802139937841e-07,0.9999280368451353,0.9999280368451353,0.0005456776605896485,27792,0.00027296072042080167,512,122000,1.0,2.4431208258146443e-07,1.0,1.0,0.0003111097621466057,9264,0.00015567703703772245,3390.487175174356,4131.247146588998
6434.2210708117445,1.0,2.7288766672129896e-07,1.0,1.0,4.367209409583933e-05,27792,2.197249089869004e-05,512,122250,1.0,2.726989264774979e-07,1.0,1.0,3.777863078293051e-05,9264,1.9025664876793417e-05,3397.6361652413616,4139.927107041003
6447.386873920553,1.0,2.41991569354744e-07,1.0,1.0,1.202491269384982e-05,27792,6.133452143776003e-06,512,122500,1.0,2.4198299074362885e-07,1.0,1.0,1.1058573611884897e-05,9264,5.650278315549662e-06,3403.8209003203447,4147.617280489001
6460.552677029361,1.0,3.72057144875382e-08,1.0,1.0,2.0737680089477692e-06,27792,1.0554868646056397e-06,512,122750,1.0,3.7137084935934684e-08,1.0,1.0,1.964068566169007e-06,9264,1.0006028285099974e-06,3411.667969834358,4157.00302027
6473.718480138169,1.0,2.144668923998898e-09,1.0,1.0,3.638130376451987e-07,27792,1.829788533932562e-07,512,123000,1.0,2.290506359135464e-09,1.0,1.0,3.4497855311528145e-07,9264,1.7363452987910224e-07,3418.9589651943024,4165.826868541997
6486.884283246977,1.0,1.2739333571923059e-09,1.0,1.0,1.5309075837713168e-07,27792,7.718234595626107e-08,512,123250,1.0,1.5312936188682523e-09,1.0,1.0,1.418698494625034e-07,9264,7.17005716147007e-08,3426.13171023428,4174.523755970004
6500.0,1.0,2.4878159656446036e-09,1.0,1.0,1.0954539698274952e-07,27792,5.601660659333671e-08,48,123500,1.0,2.689414832458703e-09,1.0,1.0,1.0500299085032721e-07,9264,5.3846203001311094e-08,3433.2367189223296,4183.160702515997
6513.165803108808,1.0,4.932738667091254e-10,1.0,1.0,9.515038372766184e-08,27792,4.7821828815082e-08,512,123750,1.0,5.275885673455261e-10,1.0,1.0,8.675614898672294e-08,9264,4.3641868797743053e-08,3440.186256215289,4191.658222530001
6526.331606217616,1.0,1.1152278471267036e-09,1.0,1.0,9.260680560246291e-08,27792,4.6861016777973025e-08,512,124000,1.0,1.1838572586260843e-09,1.0,1.0,8.360348534899179e-08,9264,4.2393671357498474e-08,3447.2519255443476,4200.255657980997
6539.4974093264245,1.0,7.935275168359645e-10,1.0,1.0,8.425117544603105e-08,27792,4.2522351514158566e-08,512,124250,1.0,7.84948836691407e-10,1.0,1.0,7.52521437127162e-08,9264,3.801854630921851e-08,3454.438167919332,4208.955837358997
6552.663212435233,1.0,2.0159887790993783e-09,1.0,1.0,9.210495328519595e-08,27792,4.706047115537794e-08,512,124500,1.0,2.058882167038942e-09,1.0,1.0,8.478734271499695e-08,9264,4.3423112545329056e-08,3461.619777262342,4217.658053929998
6565.829015544042,1.0,9.393650041280857e-10,1.0,1.0,8.541787542618066e-08,27792,4.3178620271400557e-08,512,124750,1.0,9.136289744323212e-10,1.0,1.0,7.632018894509042e-08,9264,3.8616908999645035e-08,3468.773536049288,4226.336733377997
6578.99481865285,1.0,1.955938061550437e-09,1.0,1.0,8.416109930937083e-08,27792,4.305851879948699e-08,512,125000,1.0,1.659973755842173e-09,1.0,1.0,7.595988452934972e-08,9264,3.880992922236327e-08,3475.7604512372563,4234.855164364999
6592.110535405872,1.0,2.9596431061702223e-09,1.0,1.0,9.1989141151565e-08,27792,4.747439228328896e-08,512,125250,1.0,2.8309629582027287e-09,1.0,1.0,8.537927139799954e-08,9264,4.4105117332266816e-08,3482.924056938282,4243.563270043
6605.276338514681,1.0,5.661926083098701e-10,1.0,1.0,7.44328801170969e-08,27792,3.7499536385201854e-08,512,125500,1.0,3.217003504882332e-10,1.0,1.0,6.560113257680451e-08,9264,3.296141647400078e-08,3488.338651888276,4250.4574757309965
6618.442141623489,1.0,4.701114223932208e-09,1.0,1.0,8.341904355740091e-08,27792,4.4060079157580277e-08,512,125750,1.0,4.606748698879112e-09,1.0,1.0,7.643600107872136e-08,9264,4.0521375197131605e-08,3494.893390430261,4258.535064707001
6631.607944732297,1.0,3.856114672248505e-09,1.0,1.0,7.490470732818591e-08,27792,3.9380411222133975e-08,512,126000,1.0,3.6545158210299394e-09,1.0,1.0,6.495773183441039e-08,9264,3.430612402560448e-08,3502.0860627182265,4267.274538803002
6644.773747841105,1.0,7.420554669040215e-10,1.0,1.0,9.912660005385703e-08,27792,4.993432778837579e-08,512,126250,1.0,6.047966479958917e-10,1.0,1.0,9.685754064231052e-08,9264,4.873116867008049e-08,3509.5523831931932,4276.278549829003
6657.939550949914,1.0,8.878929465262081e-10,1.0,1.0,7.686064555233896e-08,27792,3.8874269304783946e-08,512,126500,1.0,6.047966472288982e-10,1.0,1.0,6.913983665997212e-08,9264,3.48723166789113e-08,3517.0929656522712,4285.349394334997
6671.055267702936,1.0,4.297916466271548e-09,1.0,1.0,8.923109715943644e-08,27792,4.6764507059314555e-08,512,126750,1.0,4.323652568576026e-09,1.0,1.0,8.487741881893213e-08,9264,4.460053590391029e-08,3524.2775819253075,4294.057595069004
6684.2210708117445,1.0,0.0,1.0,1.0,1.0994001610475124e-07,27792,5.497000805237562e-08,512,127000,1.0,0.0,1.0,1.0,1.0823285948462805e-07,9264,5.4116429742314027e-08,3531.3072176173227,4302.615194596001
6697.386873920553,1.0,1.6299484451326257e-10,1.0,1.0,8.991310168457376e-08,27792,4.50380482696568e-08,512,127250,1.0,1.1581212672799925e-10,1.0,1.0,8.464579455167025e-08,9264,4.2380803342650596e-08,3538.686358298277,4311.540717340002
6710.552677029361,1.0,8.492889053061996e-10,1.0,1.0,1.0610535055988708e-07,27792,5.3477319769923656e-08,512,127500,1.0,7.463447959827275e-10,1.0,1.0,1.048614435214894e-07,9264,5.280389419133328e-08,3545.727269389252,4320.0996850739975
6723.718480138169,1.0,4.246444398698755e-09,1.0,1.0,1.0144713258835933e-07,27792,5.284678874408024e-08,512,127750,1.0,4.040556169825232e-09,1.0,1.0,9.894215904766744e-08,9264,5.1491357854951235e-08,3552.988887796244,4328.877333285003
6736.884283246977,1.0,1.5441616280915159e-09,1.0,1.0,8.611703756624893e-08,27792,4.383059969035993e-08,512,128000,1.0,1.3511414179008417e-09,1.0,1.0,8.126150664667721e-08,9264,4.130632410285243e-08,3560.3185451042373,4337.726529813997
6750.0,1.0,0.0,1.0,1.0,9.281698396371296e-08,27792,4.640849198185648e-08,48,128250,1.0,1.2868014080888805e-11,1.0,1.0,9.02691170401948e-08,9264,4.514099252752134e-08,3567.461926148273,4346.397112354003
6763.165803108808,1.0,0.0,1.0,1.0,1.0565926225829859e-07,27792,5.282963112914929e-08,512,128500,1.0,0.0,1.0,1.0,1.0344596345902494e-07,9264,5.172298172951247e-08,3574.5293114492597,4355.000391358997
6776.331606217616,1.0,0.0,1.0,1.0,1.0013459402667361e-07,27792,5.0067297013336805e-08,512,128750,1.0,0.0,1.0,1.0,9.783550741454567e-08,9264,4.8917753707272834e-08,3581.7024721333146,4363.718124011997
6789.4974093264245,1.0,1.3339840829225103e-09,1.0,1.0,1.0089809676458215e-07,27792,5.111604048523964e-08,512,129000,1.0,1.235329321085587e-09,1.0,1.0,9.908370721099415e-08,9264,5.015951831819542e-08,3588.872906893346,4372.4182047119975
6802.663212435233,1.0,0.0,1.0,1.0,8.779845817303888e-08,27792,4.389922908651944e-08,512,129250,1.0,0.0,1.0,1.0,8.431122616562531e-08,9264,4.2155613082812654e-08,3595.960175639346,4381.047052030997
6815.829015544042,1.0,8.278422182393588e-10,1.0,1.0,6.191659100839008e-08,27792,3.1372216648468586e-08,512,129500,1.0,7.077407644779694e-10,1.0,1.0,5.63104258811773e-08,9264,2.8509083348905415e-08,3603.0677132433266,4389.673828525003
6828.99481865285,1.0,0.0,1.0,1.0,6.798171534002525e-08,27792,3.3990857670012624e-08,512,129750,1.0,0.0,1.0,1.0,6.32848899041857e-08,9264,3.164244495209285e-08,3610.168798084349,4398.296183933002
6842.110535405872,1.0,0.0,1.0,1.0,5.844651633774449e-08,27792,2.9223258168872247e-08,512,130000,1.0,0.0,1.0,1.0,5.346659459979533e-08,9264,2.6733297299897664e-08,3617.978134125333,4407.638175246997
6855.276338514681,1.0,4.315502536017774e-08,1.0,1.0,8.276706440024196e-08,27792,6.296104488020986e-08,512,130250,1.0,4.3892791552970925e-08,1.0,1.0,7.831473124651217e-08,9264,6.110376138746966e-08,3625.1064935062677,4416.3272247429995
6868.442141623489,1.0,0.0,1.0,1.0,6.685361937169424e-08,27792,3.342680968584712e-08,512,130500,1.0,0.0,1.0,1.0,6.171499209274406e-08,9264,3.085749604637203e-08,3632.167338711275,4424.9086307120015
6881.607944732297,1.0,6.631316148407797e-09,1.0,1.0,6.225115939443501e-08,27792,3.44412381896885e-08,512,130750,1.0,7.077407281224797e-09,1.0,1.0,5.627182183663366e-08,9264,3.167461500148445e-08,3639.479245611248,4433.757877119002
6894.773747841105,1.0,0.0,1.0,1.0,1.0525177538324941e-07,27792,5.262588769162471e-08,512,131000,1.0,0.0,1.0,1.0,1.0336875615533894e-07,9264,5.168437807766947e-08,3646.686497177325,4442.489434228002
6907.939550949914,1.0,0.0,1.0,1.0,1.050587554223316e-07,27792,5.25293777111658e-08,512,131250,1.0,0.0,1.0,1.0,1.0334302012564317e-07,9264,5.1671510062821585e-08,3653.7701961004423,4451.076546279997
6921.055267702936,1.0,0.0,1.0,1.0,6.56440259759933e-08,27792,3.282201298799665e-08,512,131500,1.0,0.0,1.0,1.0,6.239699687968182e-08,9264,3.119849843984091e-08,3661.3151165934614,4460.152136138
6934.2210708117445,1.0,0.0,1.0,1.0,9.458848067443808e-08,27792,4.729424033721904e-08,512,131750,1.0,0.0,1.0,1.0,9.293279611370642e-08,9264,4.646639805685321e-08,3669.2067873625274,4469.597559679001
6947.386873920553,1.0,0.0,1.0,1.0,8.216226766966645e-08,27792,4.1081133834833226e-08,512,132000,1.0,0.0,1.0,1.0,7.890665992951477e-08,9264,3.945332996475738e-08,3676.4150921605324,4478.358268955002
6960.552677029361,1.0,0.0,1.0,1.0,9.030343173009329e-08,27792,4.515171588140917e-08,512,132250,1.0,0.0,1.0,1.0,8.702637729852847e-08,9264,4.3513188649264235e-08,3683.645461613596,4487.1016450120005
6973.718480138169,1.0,0.0,1.0,1.0,8.866919384441224e-08,27792,4.433459692220612e-08,512,132500,1.0,0.0,1.0,1.0,8.640871258583012e-08,9264,4.320435629291506e-08,3690.868297339599,4495.845075247002
6986.884283246977,1.0,0.0,1.0,1.0,9.522330274026693e-08,27792,4.761165137013347e-08,512,132750,1.0,0.0,1.0,1.0,9.263683177220514e-08,9264,4.631841588610257e-08,3698.7302716755803,4505.283204209998
7000.0,1.0,6.51979365781155e-10,1.0,1.0,6.827767968152655e-08,27792,3.446482955024295e-08,48,133000,1.0,5.661926088211991e-10,1.0,1.0,6.553679252710888e-08,9264,3.305149259020785e-08,3706.179534593517,4514.275340089
7013.165803108808,1.0,0.0,1.0,1.0,1.0244654840821152e-07,27792,5.122327420410576e-08,512,133250,1.0,0.0,1.0,1.0,1.0185033040328883e-07,9264,5.0925165201644416e-08,3713.3147107485274,4522.926036730998
7026.331606217616,1.0,0.0,1.0,1.0,1.0281971900619707e-07,27792,5.1409859503098534e-08,512,133500,1.0,0.0,1.0,1.0,1.0094956779313447e-07,9264,5.0474783896567236e-08,3720.446819656492,4531.5655822639965
7039.4974093264245,1.0,0.0,1.0,1.0,8.816734126534483e-08,27792,4.4083670632672414e-08,512,133750,1.0,0.0,1.0,1.0,8.563663169495718e-08,9264,4.281831584747859e-08,3727.412226277491,4540.062265824003
7052.663212435233,1.0,0.0,1.0,1.0,7.480605251496042e-08,27792,3.740302625748021e-08,512,134000,1.0,0.0,1.0,1.0,7.137887124350364e-08,9264,3.568943562175182e-08,3734.455319405417,4548.635695311998
7065.829015544042,1.0,0.0,1.0,1.0,9.869766648739472e-08,27792,4.934883324369736e-08,512,134250,1.0,0.0,1.0,1.0,9.756528145894404e-08,9264,4.878264072947202e-08,3741.578958611448,4557.266688800999
7078.99481865285,1.0,0.0,1.0,1.0,8.601838278574849e-08,27792,4.300919140923678e-08,512,134500,1.0,0.0,1.0,1.0,8.36678254232312e-08,9264,4.18339127116156e-08,3748.5087055413824,4565.7143177929975
7092.110535405872,1.0,0.0,1.0,1.0,7.549663601118849e-08,27792,3.7748318005594246e-08,512,134750,1.0,0.0,1.0,1.0,7.199653595620198e-08,9264,3.599826797810099e-08,3755.4598352653848,4574.201323781002
7105.276338514681,1.0,0.0,1.0,1.0,7.276432749242977e-08,27792,3.638216376257741e-08,512,135000,1.0,0.0,1.0,1.0,6.948727306086495e-08,9264,3.474363653043247e-08,3762.668293205308,4582.930837259002
7118.442141623489,1.0,0.0,1.0,1.0,6.845783188939689e-08,27792,3.4228915944698444e-08,512,135250,1.0,0.0,1.0,1.0,6.548532046771736e-08,9264,3.274266023385868e-08,3770.1259273893593,4591.913125787003
7131.607944732297,1.0,0.0,1.0,1.0,7.348922569491885e-08,27792,3.6744612847459426e-08,512,135500,1.0,0.0,1.0,1.0,7.081267859019682e-08,9264,3.540633929509841e-08,3777.663213133317,4600.985985918996
7144.773747841105,1.0,0.0,1.0,1.0,8.693201183994814e-08,27792,4.346600591997407e-08,512,135750,1.0,0.0,1.0,1.0,8.361635336383966e-08,9264,4.180817668191983e-08,3785.249778218291,4610.141832155001
7157.939550949914,1.0,0.0,1.0,1.0,9.639429209142422e-08,27792,4.819714604571211e-08,512,136000,1.0,0.0,1.0,1.0,9.437401377666923e-08,9264,4.718700688833462e-08,3792.558286800304,4618.980850564003
7171.055267702936,1.0,0.0,1.0,1.0,8.466295165936285e-08,27792,4.2331475829681424e-08,512,136250,1.0,0.0,1.0,1.0,8.285714048781462e-08,9264,4.142857024390731e-08,3799.8371366043066,4627.774188329997
7184.2210708117445,1.0,0.0,1.0,1.0,6.82090502690045e-08,27792,3.410452513450225e-08,512,136500,1.0,0.0,1.0,1.0,6.513788404228075e-08,9264,3.2568942021140374e-08,3807.140577325292,4636.604727814003
7197.386873920553,1.0,0.0,1.0,1.0,9.680606856655646e-08,27792,4.840303428327823e-08,512,136750,1.0,0.0,1.0,1.0,9.54163229793477e-08,9264,4.770816148967385e-08,3814.531002587275,4645.513102021003
7210.552677029361,1.0,0.0,1.0,1.0,7.706653382263012e-08,27792,3.853326691131506e-08,512,137000,1.0,0.0,1.0,1.0,7.438998671790809e-08,9264,3.7194993358954045e-08,3821.9636939912816,4654.471577851
7223.718480138169,1.0,0.0,1.0,1.0,9.847891049678115e-08,27792,4.9239455248390577e-08,512,137250,1.0,0.0,1.0,1.0,9.76682255777271e-08,9264,4.883411278886355e-08,3829.704578253273,4663.734323958997
7236.884283246977,1.0,0.0,1.0,1.0,7.943853786019804e-08,27792,3.971926893009902e-08,512,137500,1.0,0.0,1.0,1.0,7.719521395474642e-08,9264,3.859760697737321e-08,3836.7946054322456,4672.391692365003
7250.0,1.0,0.0,1.0,1.0,8.743815375729818e-08,27792,4.371907687864909e-08,48,137750,1.0,0.0,1.0,1.0,8.584251993252329e-08,9264,4.2921259966261647e-08,3844.4994858102873,4681.634422559997
7263.165803108808,1.0,0.0,1.0,1.0,9.07581015880518e-08,27792,4.53790507940259e-08,512,138000,1.0,0.0,1.0,1.0,8.832604679816457e-08,9264,4.416302339908229e-08,3851.356825748335,4690.033837397998
7276.331606217616,1.0,0.0,1.0,1.0,8.499752027448317e-08,27792,4.2498760137241584e-08,512,138250,1.0,0.0,1.0,1.0,8.30887647550765e-08,9264,4.154438237753825e-08,3857.8948527823304,4698.089765468998
7289.4974093264245,1.0,0.0,1.0,1.0,7.592128046844356e-08,27792,3.796064023422178e-08,512,138500,1.0,0.0,1.0,1.0,7.419696649518986e-08,9264,3.709848324759493e-08,3864.5507235113255,4706.260054104998
7302.663212435233,1.0,0.0,1.0,1.0,6.791737523306078e-08,27792,3.3958687632892916e-08,512,138750,1.0,0.0,1.0,1.0,6.5305168259847e-08,9264,3.26525841299235e-08,3871.2022786653615,4714.4175942639995
7315.829015544042,1.0,8.799826075745426e-06,0.4892055267702936,0.4892055267702936,2.1405245419130563,27792,1.0702666720234943,512,139000,1.0,1.543451383131249e-05,0.5572107081174439,0.5572107081174439,1.9667718604026887,9264,0.9833936493631472,3878.2759967773018,4722.998557844003
7328.99481865285,1.0,1.1808292910987596e-06,1.0,1.0,0.00012388158196590898,27792,6.253120673591969e-05,512,139250,1.0,1.1635352016968689e-06,1.0,1.0,9.644363770769694e-05,9264,4.880358663062679e-05,3885.867580482314,4732.112581127003
7342.110535405872,1.0,6.279160878580913e-08,1.0,1.0,3.789141409918902e-05,27792,1.89771028611542e-05,512,139500,1.0,6.399262286680626e-08,1.0,1.0,1.1078854382403247e-05,9264,5.571423510120882e-06,3893.2397533843978,4741.004435609997
7355.276338514681,1.0,1.0783394736731891e-08,0.9999640184225677,0.9999640184225677,5.29955161352592e-05,27792,2.6503149765850864e-05,512,139750,1.0,1.0821998811955277e-08,1.0,1.0,2.1064787372642734e-06,9264,1.058650368875671e-06,3900.452213833458,4749.735587789997
7368.442141623489,1.0,1.5874838950960098e-08,1.0,1.0,7.065032011667528e-07,27792,3.6118902107537843e-07,512,140000,1.0,1.5750447805332098e-08,1.0,1.0,5.96470978164348e-07,9264,3.061107142672531e-07,3907.6912154984675,4758.514587464
7381.607944732297,1.0,3.65671335912412e-06,1.0,1.0,0.009954436356711126,27792,0.0049790465238112175,512,140250,1.0,2.3986713429760115e-06,1.0,1.0,0.008597105683594787,9264,0.004299752156866235,3915.4806699054607,4767.832870131999
7394.773747841105,0.9999280368451353,0.0007801620702305023,0.999892055267703,0.9999640184225677,0.00014648572075307782,27792,0.000463323902017579,512,140500,1.0,1.500410265576539e-08,1.0,1.0,7.827869555727935e-05,9264,3.9146849831295987e-05,3922.7382927104773,4776.614761573001
7407.939550949914,0.999892055267703,0.0012829352813043316,0.9998560736902706,0.9999640184225677,0.00046350806422476516,27792,0.0008732216692853229,512,140750,1.0,1.9404963236729366e-08,1.0,1.0,1.0631812748154192e-05,9264,5.325608857272399e-06,3929.79591473053,4785.180944268999
7421.055267702936,0.9999640184225677,0.0006107135580810096,0.9999640184225677,1.0,3.5071819246249038e-06,27792,0.0003071103572555292,512,141000,1.0,2.1142145247329417e-08,1.0,1.0,2.999555067892511e-06,9264,1.510348608143791e-06,3936.882511799573,4793.794963729
7434.2210708117445,1.0,2.118916158403702e-08,1.0,1.0,1.1205631954883703e-06,27792,5.70876179787937e-07,512,141250,1.0,1.7886537883515855e-08,1.0,1.0,1.0599377389909982e-06,9264,5.389121396184269e-07,3943.9854027076362,4802.4292457679985
7447.386873920553,1.0,8.429406879613227e-08,1.0,1.0,3.480797448245213e-07,27792,2.1618691037735767e-07,512,141500,1.0,8.579104787313177e-08,1.0,1.0,3.349801055784769e-07,9264,2.10385580284654e-07,3950.8345957095953,4810.792772351
7460.552677029361,1.0,1.4972362789071928e-07,1.0,1.0,0.0003305559864757764,27792,0.00016535285505893488,512,141750,1.0,1.5010537896514804e-07,1.0,1.0,0.00021515697375943624,9264,0.0001076535395763184,3958.182586458657,4819.645028079001
7473.718480138169,1.0,1.5853392255456328e-08,1.0,1.0,1.7153031756231752e-05,27792,8.584442579450979e-06,512,142000,1.0,1.5068443616649235e-08,1.0,1.0,1.2261311974801085e-05,9264,6.138190210093977e-06,3965.434010747711,4828.414083183001
7486.884283246977,1.0,1.793800980996185e-08,1.0,1.0,3.991815974083986e-06,27792,2.004876993390967e-06,512,142250,1.0,1.7822197809276443e-08,1.0,1.0,2.8444440970270708e-06,9264,1.4311331487956938e-06,3972.663967583663,4837.154008165999
7500.0,1.0,2.247612905848058e-08,1.0,1.0,1.3296939492185838e-06,27792,6.760850409097757e-07,48,142500,1.0,2.25704945027437e-08,1.0,1.0,1.2248541536639522e-06,9264,6.237123258535688e-07,3979.865370616615,4845.873073809002
7513.165803108808,1.0,6.005073237748109e-11,1.0,1.0,4.982065279057872e-07,27792,2.49133289320872e-07,512,142750,1.0,9.007609856622163e-11,1.0,1.0,4.7627087385421675e-07,9264,2.3818047507725113e-07,3986.906742310588,4854.466065717999
7526.331606217616,1.0,1.661656112902564e-05,0.9999280368451353,0.9999280368451353,0.0015784843546533009,27792,0.0007975504497172301,512,143000,1.0,1.0337294125450694e-06,1.0,1.0,0.0009746139037498436,9264,0.00048782381821031295,3994.4632960285235,4863.572897184
7539.4974093264245,0.9999640184225677,6.18936558337003e-05,0.9999640184225677,1.0,3.5408005056308695e-05,27792,4.865082968075995e-05,512,143250,1.0,6.475170578346046e-08,1.0,1.0,2.7159810394357525e-05,9264,1.3612281122536033e-05,4002.0666398485337,4872.724663603003
7552.663212435233,1.0,1.685709290162432e-08,1.0,1.0,4.457479687758132e-06,27792,2.237168392557227e-06,512,143500,1.0,1.5866260141449312e-08,1.0,1.0,3.7679005980515566e-06,9264,1.8918834301794976e-06,4009.3323711124685,4881.509517767001
7565.829015544042,1.0,1.4249179934103998e-08,1.0,1.0,1.6861029724479494e-06,27792,8.501760771114188e-07,512,143750,1.0,1.3858850217880328e-08,1.0,1.0,1.565444114847617e-06,9264,7.896514834193931e-07,4016.318890032395,4890.018729083997
7578.99481865285,1.0,1.758628580828224e-10,1.0,1.0,6.638993612409768e-07,27792,3.320376120552822e-07,512,144000,1.0,1.4154815335578995e-10,1.0,1.0,6.394501475599244e-07,9264,3.1979584786162554e-07,4023.6548723892774,4898.866406196998
7592.110535405872,1.0,0.0,1.0,1.0,2.2984416333834317e-07,27792,1.1492208173462169e-07,512,144250,1.0,1.2868014080888805e-11,1.0,1.0,2.2268096847180547e-07,9264,1.1134691824332668e-07,4030.8286902692344,4907.560803804001
7605.276338514681,1.0,0.0,1.0,1.0,1.9760550897983558e-07,27792,9.880275448991779e-08,512,144500,1.0,0.0,1.0,1.0,1.9322609505142375e-07,9264,9.661304752571188e-08,4037.842438769185,4916.106592076001
7618.442141623489,1.0,0.0,1.0,1.0,9.648865465383728e-08,27792,4.824432732691864e-08,512,144750,1.0,0.0,1.0,1.0,9.144010560595079e-08,9264,4.5720052802975394e-08,4044.8434128201334,4924.628593137
7631.607944732297,1.0,0.0,1.0,1.0,1.1636973340500845e-07,27792,5.818486670250422e-08,512,145000,1.0,0.0,1.0,1.0,1.1511724659375619e-07,9264,5.7558623296878095e-08,4050.2526406991456,4931.50181971
7644.773747841105,1.0,0.0,1.0,1.0,9.632995123178352e-08,27792,4.816497561589176e-08,512,145250,1.0,0.0,1.0,1.0,9.331883655914289e-08,9264,4.6659418279571445e-08,4055.6398501992226,4938.384955043999
7657.939550949914,1.0,0.0,1.0,1.0,1.0665009573637947e-07,27792,5.3325047868189734e-08,512,145500,1.0,0.0,1.0,1.0,1.0505446452960892e-07,9264,5.252723226480446e-08,4062.469649159226,4946.719998077999
7671.055267702936,1.0,1.0234359722081678e-07,1.0,1.0,0.00013912327272070076,27792,6.961280819957257e-05,512,145750,1.0,1.0241651598798398e-07,1.0,1.0,9.9094083535908e-05,9264,4.959825003304115e-05,4069.859932808249,4955.623942582999
7684.2210708117445,1.0,2.293937759300434e-08,1.0,1.0,1.2566067733993313e-05,27792,6.294503557564402e-06,512,146000,1.0,2.269917465122252e-08,1.0,1.0,9.53749878294219e-06,9264,4.780098980566927e-06,4077.402614018305,4964.689689933999
7697.386873920553,1.0,4.546698010987251e-09,1.0,1.0,2.2552180202042757e-06,27792,1.1298823593919302e-06,512,146250,1.0,4.735428923290286e-09,1.0,1.0,1.9259664016934725e-06,9264,9.653509159714473e-07,4084.491788295345,4973.319467633999
7710.552677029361,1.0,4.555276731526797e-09,1.0,1.0,6.691494838098673e-07,27792,3.3685238066390904e-07,512,146500,1.0,4.696824928601214e-09,1.0,1.0,6.24626194455164e-07,9264,3.146615099373205e-07,4091.6072258243075,4981.9600243219975
7723.718480138169,1.0,0.0,1.0,1.0,3.4886469477744384e-07,27792,1.7443234738872192e-07,512,146750,1.0,0.0,1.0,1.0,3.348900420409625e-07,9264,1.6744502102048125e-07,4098.712691566274,4990.588428766001
7736.884283246977,1.0,0.0,1.0,1.0,1.436284781256556e-07,27792,7.181423909555285e-08,512,147000,1.0,0.0,1.0,1.0,1.3794510493389931e-07,9264,6.897255246694966e-08,4105.988138730216,4999.3703526419995
7750.0,1.0,0.0,1.0,1.0,1.1600085371610811e-07,27792,5.800042685805406e-08,48,147250,1.0,0.0,1.0,1.0,1.1491136390308672e-07,9264,5.745568195154336e-08,4113.08574480626,5007.988306359002
7763.165803108808,1.0,0.0,1.0,1.0,7.106574953250931e-08,27792,3.553287478261718e-08,512,147500,1.0,0.0,1.0,1.0,6.494486381956251e-08,9264,3.247243190978126e-08,4120.732076261287,5017.187132562001
7776.331606217616,1.0,0.0,1.0,1.0,8.513477831412596e-08,27792,4.256738915706298e-08,512,147750,1.0,0.0,1.0,1.0,8.00390452361284e-08,9264,4.00195226180642e-08,4128.634180310364,5026.650514252004
7789.4974093264245,1.0,0.0,1.0,1.0,9.810573728079127e-08,27792,4.9052868640395634e-08,512,148000,1.0,0.0,1.0,1.0,9.575089136539263e-08,9264,4.7875445682696316e-08,4136.495692425327,5036.056359446004
7802.663212435233,1.0,0.0,1.0,1.0,9.198485102788107e-08,27792,4.599242553030307e-08,512,148250,1.0,0.0,1.0,1.0,8.96128482829528e-08,9264,4.48064241414764e-08,4144.32742531431,5045.444707142997
7815.829015544042,1.0,0.0,1.0,1.0,1.0637128770080695e-07,27792,5.3185643850403476e-08,512,148500,1.0,0.0,1.0,1.0,1.0524748161072197e-07,9264,5.262374080536098e-08,4151.60285543029,5054.271308060997
7828.99481865285,1.0,0.0,1.0,1.0,7.146894733107628e-08,27792,3.573447366553814e-08,512,148750,1.0,0.0,1.0,1.0,6.836775579364298e-08,9264,3.418387789682149e-08,4158.57594952231,5062.767689350003
7842.110535405872,1.0,0.0,1.0,1.0,8.160036435464225e-08,27792,4.0800182177321126e-08,512,149000,1.0,0.0,1.0,1.0,7.706653380626759e-08,9264,3.8533266903133796e-08,4165.585841641376,5071.282250048003
7855.276338514681,1.0,0.0,1.0,1.0,6.364948367457155e-08,27792,3.182474183728578e-08,512,149250,1.0,0.0,1.0,1.0,6.058260681067421e-08,9264,3.0291303405337105e-08,4172.987801506388,5080.204803025001
7868.442141623489,1.0,1.1504433494428824e-07,1.0,1.0,9.01018328308098e-08,27792,1.0257308388754902e-07,512,149500,1.0,1.1549042614204402e-07,1.0,1.0,8.878929533268834e-08,9264,1.0213986073736618e-07,4179.956884179373,5088.687708735997
7881.607944732297,1.0,0.0,1.0,1.0,6.684075135684636e-08,27792,3.342037567842318e-08,512,149750,1.0,0.0,1.0,1.0,6.265435720118325e-08,9264,3.1327178600591627e-08,4186.784531940364,5097.0316579349965
7894.773747841105,1.0,0.0,1.0,1.0,1.0219776678781912e-07,27792,5.109888339390956e-08,512,150000,1.0,0.0,1.0,1.0,1.0199187856661553e-07,9264,5.0995939283307764e-08,4193.8834143664135,5105.639883249001
