def HasFDerivAt.{u_1, u_2, u_3} : {𝕜 : Type u_1} →
  [inst : NontriviallyNormedField.{u_1} 𝕜] →
    {E : Type u_2} →
      [inst_1 : AddCommGroup.{u_2} E] →
        [inst_2 :
            @Module.{u_1, u_2} 𝕜 E
              (@CommSemiring.toSemiring.{u_1} 𝕜
                (@Semifield.toCommSemiring.{u_1} 𝕜
                  (@Field.toSemifield.{u_1} 𝕜
                    (@NormedField.toField.{u_1} 𝕜 (@NontriviallyNormedField.toNormedField.{u_1} 𝕜 inst)))))
              (@AddCommGroup.toAddCommMonoid.{u_2} E inst_1)] →
          [inst_3 : TopologicalSpace.{u_2} E] →
            {F : Type u_3} →
              [inst_4 : AddCommGroup.{u_3} F] →
                [inst_5 :
                    @Module.{u_1, u_3} 𝕜 F
                      (@CommSemiring.toSemiring.{u_1} 𝕜
                        (@Semifield.toCommSemiring.{u_1} 𝕜
                          (@Field.toSemifield.{u_1} 𝕜
                            (@NormedField.toField.{u_1} 𝕜 (@NontriviallyNormedField.toNormedField.{u_1} 𝕜 inst)))))
                      (@AddCommGroup.toAddCommMonoid.{u_3} F inst_4)] →
                  [inst_6 : TopologicalSpace.{u_3} F] →
                    (E → F) →
                      @ContinuousLinearMap.{u_1, u_1, u_2, u_3} 𝕜 𝕜
                          (@CommSemiring.toSemiring.{u_1} 𝕜
                            (@Semifield.toCommSemiring.{u_1} 𝕜
                              (@Field.toSemifield.{u_1} 𝕜
                                (@NormedField.toField.{u_1} 𝕜 (@NontriviallyNormedField.toNormedField.{u_1} 𝕜 inst)))))
                          (@CommSemiring.toSemiring.{u_1} 𝕜
                            (@Semifield.toCommSemiring.{u_1} 𝕜
                              (@Field.toSemifield.{u_1} 𝕜
                                (@NormedField.toField.{u_1} 𝕜 (@NontriviallyNormedField.toNormedField.{u_1} 𝕜 inst)))))
                          (@RingHom.id.{u_1} 𝕜
                            (@Semiring.toNonAssocSemiring.{u_1} 𝕜
                              (@CommSemiring.toSemiring.{u_1} 𝕜
                                (@Semifield.toCommSemiring.{u_1} 𝕜
                                  (@Field.toSemifield.{u_1} 𝕜
                                    (@NormedField.toField.{u_1} 𝕜
                                      (@NontriviallyNormedField.toNormedField.{u_1} 𝕜 inst)))))))
                          E inst_3 (@AddCommGroup.toAddCommMonoid.{u_2} E inst_1) F inst_6
                          (@AddCommGroup.toAddCommMonoid.{u_3} F inst_4) inst_2 inst_5 →
                        E → Prop :=
fun {𝕜} [inst : NontriviallyNormedField.{u_1} 𝕜] {E} [inst_1 : AddCommGroup.{u_2} E]
    [inst_2 :
      @Module.{u_1, u_2} 𝕜 E
        (@CommSemiring.toSemiring.{u_1} 𝕜
          (@Semifield.toCommSemiring.{u_1} 𝕜
            (@Field.toSemifield.{u_1} 𝕜
              (@NormedField.toField.{u_1} 𝕜 (@NontriviallyNormedField.toNormedField.{u_1} 𝕜 inst)))))
        (@AddCommGroup.toAddCommMonoid.{u_2} E inst_1)]
    [inst_3 : TopologicalSpace.{u_2} E] {F} [inst_4 : AddCommGroup.{u_3} F]
    [inst_5 :
      @Module.{u_1, u_3} 𝕜 F
        (@CommSemiring.toSemiring.{u_1} 𝕜
          (@Semifield.toCommSemiring.{u_1} 𝕜
            (@Field.toSemifield.{u_1} 𝕜
              (@NormedField.toField.{u_1} 𝕜 (@NontriviallyNormedField.toNormedField.{u_1} 𝕜 inst)))))
        (@AddCommGroup.toAddCommMonoid.{u_3} F inst_4)]
    [inst_6 : TopologicalSpace.{u_3} F] f f' x =>
  @HasFDerivAtFilter.{u_1, u_2, u_3} 𝕜 inst E inst_1 inst_2 inst_3 F inst_4 inst_5 inst_6 f f'
    (@SProd.sprod.{u_2, u_2, u_2} (Filter.{u_2} E) (Filter.{u_2} E) (Filter.{u_2} (Prod.{u_2, u_2} E E))
      (@Filter.instSProd.{u_2, u_2} E E) (@nhds.{u_2} E inst_3 x)
      (@pure.{u_2, u_2} Filter.{u_2} Filter.instPure.{u_2} E x))
structure HasFDerivAtFilter.{u_1, u_2, u_3} {𝕜 : Type u_1} [NontriviallyNormedField.{u_1} 𝕜] {E : Type u_2}
  [AddCommGroup.{u_2} E]
  [@Module.{u_1, u_2} 𝕜 E
      (@CommSemiring.toSemiring.{u_1} 𝕜
        (@Semifield.toCommSemiring.{u_1} 𝕜
          (@Field.toSemifield.{u_1} 𝕜
            (@NormedField.toField.{u_1} 𝕜 (@NontriviallyNormedField.toNormedField.{u_1} 𝕜 inst✝)))))
      (@AddCommGroup.toAddCommMonoid.{u_2} E inst✝¹)]
  [TopologicalSpace.{u_2} E] {F : Type u_3} [AddCommGroup.{u_3} F]
  [@Module.{u_1, u_3} 𝕜 F
      (@CommSemiring.toSemiring.{u_1} 𝕜
        (@Semifield.toCommSemiring.{u_1} 𝕜
          (@Field.toSemifield.{u_1} 𝕜
            (@NormedField.toField.{u_1} 𝕜 (@NontriviallyNormedField.toNormedField.{u_1} 𝕜 inst✝)))))
      (@AddCommGroup.toAddCommMonoid.{u_3} F inst✝²)]
  [TopologicalSpace.{u_3} F] (f : E → F)
  (f' :
    @ContinuousLinearMap.{u_1, u_1, u_2, u_3} 𝕜 𝕜
      (@CommSemiring.toSemiring.{u_1} 𝕜
        (@Semifield.toCommSemiring.{u_1} 𝕜
          (@Field.toSemifield.{u_1} 𝕜
            (@NormedField.toField.{u_1} 𝕜 (@NontriviallyNormedField.toNormedField.{u_1} 𝕜 inst✝)))))
      (@CommSemiring.toSemiring.{u_1} 𝕜
        (@Semifield.toCommSemiring.{u_1} 𝕜
          (@Field.toSemifield.{u_1} 𝕜
            (@NormedField.toField.{u_1} 𝕜 (@NontriviallyNormedField.toNormedField.{u_1} 𝕜 inst✝)))))
      (@RingHom.id.{u_1} 𝕜
        (@Semiring.toNonAssocSemiring.{u_1} 𝕜
          (@CommSemiring.toSemiring.{u_1} 𝕜
            (@Semifield.toCommSemiring.{u_1} 𝕜
              (@Field.toSemifield.{u_1} 𝕜
                (@NormedField.toField.{u_1} 𝕜 (@NontriviallyNormedField.toNormedField.{u_1} 𝕜 inst✝)))))))
      E inst✝³ (@AddCommGroup.toAddCommMonoid.{u_2} E inst✝¹) F inst✝⁴ (@AddCommGroup.toAddCommMonoid.{u_3} F inst✝²)
      inst✝⁵ inst✝⁶)
  (L : Filter.{u_2} (Prod.{u_2, u_2} E E)) : Prop
number of parameters: 13
fields:
  HasFDerivAtFilter.isLittleOTVS.{u_1, u_2,
    u_3} : @Asymptotics.IsLittleOTVS.{u_1, u_2, u_3, u_2} 𝕜 (Prod.{u_2, u_2} E E) F E
      (@ContinuousENorm.toENorm.{u_1} 𝕜
        (@UniformSpace.toTopologicalSpace.{u_1} 𝕜
          (@PseudoMetricSpace.toUniformSpace.{u_1} 𝕜
            (@SeminormedAddGroup.toPseudoMetricSpace.{u_1} 𝕜
              (@SeminormedAddCommGroup.toSeminormedAddGroup.{u_1} 𝕜
                (@NonUnitalSeminormedRing.toSeminormedAddCommGroup.{u_1} 𝕜
                  (@NonUnitalSeminormedCommRing.toNonUnitalSeminormedRing.{u_1} 𝕜
                    (@SeminormedCommRing.toNonUnitalSeminormedCommRing.{u_1} 𝕜
                      (@NormedCommRing.toSeminormedCommRing.{u_1} 𝕜
                        (@NormedField.toNormedCommRing.{u_1} 𝕜
                          (@NontriviallyNormedField.toNormedField.{u_1} 𝕜 inst✝⁶))))))))))
        (@SeminormedAddGroup.toContinuousENorm.{u_1} 𝕜
          (@SeminormedAddCommGroup.toSeminormedAddGroup.{u_1} 𝕜
            (@NonUnitalSeminormedRing.toSeminormedAddCommGroup.{u_1} 𝕜
              (@NonUnitalSeminormedCommRing.toNonUnitalSeminormedRing.{u_1} 𝕜
                (@SeminormedCommRing.toNonUnitalSeminormedCommRing.{u_1} 𝕜
                  (@NormedCommRing.toSeminormedCommRing.{u_1} 𝕜
                    (@NormedField.toNormedCommRing.{u_1} 𝕜
                      (@NontriviallyNormedField.toNormedField.{u_1} 𝕜 inst✝⁶)))))))))
      inst✝ inst✝³
      (@NegZeroClass.toZero.{u_3} F
        (@SubNegZeroMonoid.toNegZeroClass.{u_3} F
          (@SubtractionMonoid.toSubNegZeroMonoid.{u_3} F
            (@SubtractionCommMonoid.toSubtractionMonoid.{u_3} F
              (@AddCommGroup.toDivisionAddCommMonoid.{u_3} F inst✝²)))))
      (@NegZeroClass.toZero.{u_2} E
        (@SubNegZeroMonoid.toNegZeroClass.{u_2} E
          (@SubtractionMonoid.toSubNegZeroMonoid.{u_2} E
            (@SubtractionCommMonoid.toSubtractionMonoid.{u_2} E
              (@AddCommGroup.toDivisionAddCommMonoid.{u_2} E inst✝⁵)))))
      (@SMulZeroClass.toSMul.{u_1, u_3} 𝕜 F
        (@AddZero.toZero.{u_3} F
          (@AddZeroClass.toAddZero.{u_3} F
            (@AddMonoid.toAddZeroClass.{u_3} F
              (@SubNegMonoid.toAddMonoid.{u_3} F
                (@AddGroup.toSubNegMonoid.{u_3} F (@AddCommGroup.toAddGroup.{u_3} F inst✝²))))))
        (@DistribSMul.toSMulZeroClass.{u_1, u_3} 𝕜 F
          (@AddMonoid.toAddZeroClass.{u_3} F
            (@SubNegMonoid.toAddMonoid.{u_3} F
              (@AddGroup.toSubNegMonoid.{u_3} F (@AddCommGroup.toAddGroup.{u_3} F inst✝²))))
          (@DistribMulAction.toDistribSMul.{u_1, u_3} 𝕜 F
            (@Semiring.toMonoid.{u_1} 𝕜
              (@CommSemiring.toSemiring.{u_1} 𝕜
                (@Semifield.toCommSemiring.{u_1} 𝕜
                  (@Field.toSemifield.{u_1} 𝕜
                    (@NormedField.toField.{u_1} 𝕜 (@NontriviallyNormedField.toNormedField.{u_1} 𝕜 inst✝⁶))))))
            (@SubNegMonoid.toAddMonoid.{u_3} F
              (@AddGroup.toSubNegMonoid.{u_3} F (@AddCommGroup.toAddGroup.{u_3} F inst✝²)))
            (@Module.toDistribMulAction.{u_1, u_3} 𝕜 F
              (@CommSemiring.toSemiring.{u_1} 𝕜
                (@Semifield.toCommSemiring.{u_1} 𝕜
                  (@Field.toSemifield.{u_1} 𝕜
                    (@NormedField.toField.{u_1} 𝕜 (@NontriviallyNormedField.toNormedField.{u_1} 𝕜 inst✝⁶)))))
              (@AddCommGroup.toAddCommMonoid.{u_3} F inst✝²) inst✝¹))))
      (@SMulZeroClass.toSMul.{u_1, u_2} 𝕜 E
        (@AddZero.toZero.{u_2} E
          (@AddZeroClass.toAddZero.{u_2} E
            (@AddMonoid.toAddZeroClass.{u_2} E
              (@SubNegMonoid.toAddMonoid.{u_2} E
                (@AddGroup.toSubNegMonoid.{u_2} E (@AddCommGroup.toAddGroup.{u_2} E inst✝⁵))))))
        (@DistribSMul.toSMulZeroClass.{u_1, u_2} 𝕜 E
          (@AddMonoid.toAddZeroClass.{u_2} E
            (@SubNegMonoid.toAddMonoid.{u_2} E
              (@AddGroup.toSubNegMonoid.{u_2} E (@AddCommGroup.toAddGroup.{u_2} E inst✝⁵))))
          (@DistribMulAction.toDistribSMul.{u_1, u_2} 𝕜 E
            (@Semiring.toMonoid.{u_1} 𝕜
              (@CommSemiring.toSemiring.{u_1} 𝕜
                (@Semifield.toCommSemiring.{u_1} 𝕜
                  (@Field.toSemifield.{u_1} 𝕜
                    (@NormedField.toField.{u_1} 𝕜 (@NontriviallyNormedField.toNormedField.{u_1} 𝕜 inst✝⁶))))))
            (@SubNegMonoid.toAddMonoid.{u_2} E
              (@AddGroup.toSubNegMonoid.{u_2} E (@AddCommGroup.toAddGroup.{u_2} E inst✝⁵)))
            (@Module.toDistribMulAction.{u_1, u_2} 𝕜 E
              (@CommSemiring.toSemiring.{u_1} 𝕜
                (@Semifield.toCommSemiring.{u_1} 𝕜
                  (@Field.toSemifield.{u_1} 𝕜
                    (@NormedField.toField.{u_1} 𝕜 (@NontriviallyNormedField.toNormedField.{u_1} 𝕜 inst✝⁶)))))
              (@AddCommGroup.toAddCommMonoid.{u_2} E inst✝⁵) inst✝⁴))))
      L
      (fun p =>
        @HSub.hSub.{u_3, u_3, u_3} F F F
          (@instHSub.{u_3} F
            (@SubNegMonoid.toSub.{u_3} F (@AddGroup.toSubNegMonoid.{u_3} F (@AddCommGroup.toAddGroup.{u_3} F inst✝²))))
          (@HSub.hSub.{u_3, u_3, u_3} F F F
            (@instHSub.{u_3} F
              (@SubNegMonoid.toSub.{u_3} F
                (@AddGroup.toSubNegMonoid.{u_3} F (@AddCommGroup.toAddGroup.{u_3} F inst✝²))))
            (f (@Prod.fst.{u_2, u_2} E E p)) (f (@Prod.snd.{u_2, u_2} E E p)))
          (@DFunLike.coe.{max (u_2 + 1) (u_3 + 1), u_2 + 1, u_3 + 1}
            (@ContinuousLinearMap.{u_1, u_1, u_2, u_3} 𝕜 𝕜
              (@CommSemiring.toSemiring.{u_1} 𝕜
                (@Semifield.toCommSemiring.{u_1} 𝕜
                  (@Field.toSemifield.{u_1} 𝕜
                    (@NormedField.toField.{u_1} 𝕜 (@NontriviallyNormedField.toNormedField.{u_1} 𝕜 inst✝⁶)))))
              (@CommSemiring.toSemiring.{u_1} 𝕜
                (@Semifield.toCommSemiring.{u_1} 𝕜
                  (@Field.toSemifield.{u_1} 𝕜
                    (@NormedField.toField.{u_1} 𝕜 (@NontriviallyNormedField.toNormedField.{u_1} 𝕜 inst✝⁶)))))
              (@RingHom.id.{u_1} 𝕜
                (@Semiring.toNonAssocSemiring.{u_1} 𝕜
                  (@CommSemiring.toSemiring.{u_1} 𝕜
                    (@Semifield.toCommSemiring.{u_1} 𝕜
                      (@Field.toSemifield.{u_1} 𝕜
                        (@NormedField.toField.{u_1} 𝕜 (@NontriviallyNormedField.toNormedField.{u_1} 𝕜 inst✝⁶)))))))
              E inst✝³ (@AddCommGroup.toAddCommMonoid.{u_2} E inst✝⁵) F inst✝
              (@AddCommGroup.toAddCommMonoid.{u_3} F inst✝²) inst✝⁴ inst✝¹)
            E (fun x => F)
            (@ContinuousLinearMap.funLike.{u_1, u_1, u_2, u_3} 𝕜 𝕜
              (@CommSemiring.toSemiring.{u_1} 𝕜
                (@Semifield.toCommSemiring.{u_1} 𝕜
                  (@Field.toSemifield.{u_1} 𝕜
                    (@NormedField.toField.{u_1} 𝕜 (@NontriviallyNormedField.toNormedField.{u_1} 𝕜 inst✝⁶)))))
              (@CommSemiring.toSemiring.{u_1} 𝕜
                (@Semifield.toCommSemiring.{u_1} 𝕜
                  (@Field.toSemifield.{u_1} 𝕜
                    (@NormedField.toField.{u_1} 𝕜 (@NontriviallyNormedField.toNormedField.{u_1} 𝕜 inst✝⁶)))))
              (@RingHom.id.{u_1} 𝕜
                (@Semiring.toNonAssocSemiring.{u_1} 𝕜
                  (@CommSemiring.toSemiring.{u_1} 𝕜
                    (@Semifield.toCommSemiring.{u_1} 𝕜
                      (@Field.toSemifield.{u_1} 𝕜
                        (@NormedField.toField.{u_1} 𝕜 (@NontriviallyNormedField.toNormedField.{u_1} 𝕜 inst✝⁶)))))))
              E inst✝³ (@AddCommGroup.toAddCommMonoid.{u_2} E inst✝⁵) F inst✝
              (@AddCommGroup.toAddCommMonoid.{u_3} F inst✝²) inst✝⁴ inst✝¹)
            f'
            (@HSub.hSub.{u_2, u_2, u_2} E E E
              (@instHSub.{u_2} E
                (@SubNegMonoid.toSub.{u_2} E
                  (@AddGroup.toSubNegMonoid.{u_2} E (@AddCommGroup.toAddGroup.{u_2} E inst✝⁵))))
              (@Prod.fst.{u_2, u_2} E E p) (@Prod.snd.{u_2, u_2} E E p))))
      fun p =>
      @HSub.hSub.{u_2, u_2, u_2} E E E
        (@instHSub.{u_2} E
          (@SubNegMonoid.toSub.{u_2} E (@AddGroup.toSubNegMonoid.{u_2} E (@AddCommGroup.toAddGroup.{u_2} E inst✝⁵))))
        (@Prod.fst.{u_2, u_2} E E p) (@Prod.snd.{u_2, u_2} E E p)
constructor:
  HasFDerivAtFilter.of_isLittleOTVS.{u_1, u_2, u_3} {𝕜 : Type u_1} [NontriviallyNormedField.{u_1} 𝕜] {E : Type u_2}
    [AddCommGroup.{u_2} E]
    [@Module.{u_1, u_2} 𝕜 E
        (@CommSemiring.toSemiring.{u_1} 𝕜
          (@Semifield.toCommSemiring.{u_1} 𝕜
            (@Field.toSemifield.{u_1} 𝕜
              (@NormedField.toField.{u_1} 𝕜 (@NontriviallyNormedField.toNormedField.{u_1} 𝕜 inst✝)))))
        (@AddCommGroup.toAddCommMonoid.{u_2} E inst✝¹)]
    [TopologicalSpace.{u_2} E] {F : Type u_3} [AddCommGroup.{u_3} F]
    [@Module.{u_1, u_3} 𝕜 F
        (@CommSemiring.toSemiring.{u_1} 𝕜
          (@Semifield.toCommSemiring.{u_1} 𝕜
            (@Field.toSemifield.{u_1} 𝕜
              (@NormedField.toField.{u_1} 𝕜 (@NontriviallyNormedField.toNormedField.{u_1} 𝕜 inst✝)))))
        (@AddCommGroup.toAddCommMonoid.{u_3} F inst✝²)]
    [TopologicalSpace.{u_3} F] {f : E → F}
    {f' :
      @ContinuousLinearMap.{u_1, u_1, u_2, u_3} 𝕜 𝕜
        (@CommSemiring.toSemiring.{u_1} 𝕜
          (@Semifield.toCommSemiring.{u_1} 𝕜
            (@Field.toSemifield.{u_1} 𝕜
              (@NormedField.toField.{u_1} 𝕜 (@NontriviallyNormedField.toNormedField.{u_1} 𝕜 inst✝)))))
        (@CommSemiring.toSemiring.{u_1} 𝕜
          (@Semifield.toCommSemiring.{u_1} 𝕜
            (@Field.toSemifield.{u_1} 𝕜
              (@NormedField.toField.{u_1} 𝕜 (@NontriviallyNormedField.toNormedField.{u_1} 𝕜 inst✝)))))
        (@RingHom.id.{u_1} 𝕜
          (@Semiring.toNonAssocSemiring.{u_1} 𝕜
            (@CommSemiring.toSemiring.{u_1} 𝕜
              (@Semifield.toCommSemiring.{u_1} 𝕜
                (@Field.toSemifield.{u_1} 𝕜
                  (@NormedField.toField.{u_1} 𝕜 (@NontriviallyNormedField.toNormedField.{u_1} 𝕜 inst✝)))))))
        E inst✝³ (@AddCommGroup.toAddCommMonoid.{u_2} E inst✝¹) F inst✝⁴ (@AddCommGroup.toAddCommMonoid.{u_3} F inst✝²)
        inst✝⁵ inst✝⁶}
    {L : Filter.{u_2} (Prod.{u_2, u_2} E E)}
    (isLittleOTVS :
      @Asymptotics.IsLittleOTVS.{u_1, u_2, u_3, u_2} 𝕜 (Prod.{u_2, u_2} E E) F E
        (@ContinuousENorm.toENorm.{u_1} 𝕜
          (@UniformSpace.toTopologicalSpace.{u_1} 𝕜
            (@PseudoMetricSpace.toUniformSpace.{u_1} 𝕜
              (@SeminormedAddGroup.toPseudoMetricSpace.{u_1} 𝕜
                (@SeminormedAddCommGroup.toSeminormedAddGroup.{u_1} 𝕜
                  (@NonUnitalSeminormedRing.toSeminormedAddCommGroup.{u_1} 𝕜
                    (@NonUnitalSeminormedCommRing.toNonUnitalSeminormedRing.{u_1} 𝕜
                      (@SeminormedCommRing.toNonUnitalSeminormedCommRing.{u_1} 𝕜
                        (@NormedCommRing.toSeminormedCommRing.{u_1} 𝕜
                          (@NormedField.toNormedCommRing.{u_1} 𝕜
                            (@NontriviallyNormedField.toNormedField.{u_1} 𝕜 inst✝))))))))))
          (@SeminormedAddGroup.toContinuousENorm.{u_1} 𝕜
            (@SeminormedAddCommGroup.toSeminormedAddGroup.{u_1} 𝕜
              (@NonUnitalSeminormedRing.toSeminormedAddCommGroup.{u_1} 𝕜
                (@NonUnitalSeminormedCommRing.toNonUnitalSeminormedRing.{u_1} 𝕜
                  (@SeminormedCommRing.toNonUnitalSeminormedCommRing.{u_1} 𝕜
                    (@NormedCommRing.toSeminormedCommRing.{u_1} 𝕜
                      (@NormedField.toNormedCommRing.{u_1} 𝕜
                        (@NontriviallyNormedField.toNormedField.{u_1} 𝕜 inst✝)))))))))
        inst✝⁴ inst✝³
        (@NegZeroClass.toZero.{u_3} F
          (@SubNegZeroMonoid.toNegZeroClass.{u_3} F
            (@SubtractionMonoid.toSubNegZeroMonoid.{u_3} F
              (@SubtractionCommMonoid.toSubtractionMonoid.{u_3} F
                (@AddCommGroup.toDivisionAddCommMonoid.{u_3} F inst✝²)))))
        (@NegZeroClass.toZero.{u_2} E
          (@SubNegZeroMonoid.toNegZeroClass.{u_2} E
            (@SubtractionMonoid.toSubNegZeroMonoid.{u_2} E
              (@SubtractionCommMonoid.toSubtractionMonoid.{u_2} E
                (@AddCommGroup.toDivisionAddCommMonoid.{u_2} E inst✝¹)))))
        (@SMulZeroClass.toSMul.{u_1, u_3} 𝕜 F
          (@AddZero.toZero.{u_3} F
            (@AddZeroClass.toAddZero.{u_3} F
              (@AddMonoid.toAddZeroClass.{u_3} F
                (@SubNegMonoid.toAddMonoid.{u_3} F
                  (@AddGroup.toSubNegMonoid.{u_3} F (@AddCommGroup.toAddGroup.{u_3} F inst✝²))))))
          (@DistribSMul.toSMulZeroClass.{u_1, u_3} 𝕜 F
            (@AddMonoid.toAddZeroClass.{u_3} F
              (@SubNegMonoid.toAddMonoid.{u_3} F
                (@AddGroup.toSubNegMonoid.{u_3} F (@AddCommGroup.toAddGroup.{u_3} F inst✝²))))
            (@DistribMulAction.toDistribSMul.{u_1, u_3} 𝕜 F
              (@Semiring.toMonoid.{u_1} 𝕜
                (@CommSemiring.toSemiring.{u_1} 𝕜
                  (@Semifield.toCommSemiring.{u_1} 𝕜
                    (@Field.toSemifield.{u_1} 𝕜
                      (@NormedField.toField.{u_1} 𝕜 (@NontriviallyNormedField.toNormedField.{u_1} 𝕜 inst✝))))))
              (@SubNegMonoid.toAddMonoid.{u_3} F
                (@AddGroup.toSubNegMonoid.{u_3} F (@AddCommGroup.toAddGroup.{u_3} F inst✝²)))
              (@Module.toDistribMulAction.{u_1, u_3} 𝕜 F
                (@CommSemiring.toSemiring.{u_1} 𝕜
                  (@Semifield.toCommSemiring.{u_1} 𝕜
                    (@Field.toSemifield.{u_1} 𝕜
                      (@NormedField.toField.{u_1} 𝕜 (@NontriviallyNormedField.toNormedField.{u_1} 𝕜 inst✝)))))
                (@AddCommGroup.toAddCommMonoid.{u_3} F inst✝²) inst✝⁶))))
        (@SMulZeroClass.toSMul.{u_1, u_2} 𝕜 E
          (@AddZero.toZero.{u_2} E
            (@AddZeroClass.toAddZero.{u_2} E
              (@AddMonoid.toAddZeroClass.{u_2} E
                (@SubNegMonoid.toAddMonoid.{u_2} E
                  (@AddGroup.toSubNegMonoid.{u_2} E (@AddCommGroup.toAddGroup.{u_2} E inst✝¹))))))
          (@DistribSMul.toSMulZeroClass.{u_1, u_2} 𝕜 E
            (@AddMonoid.toAddZeroClass.{u_2} E
              (@SubNegMonoid.toAddMonoid.{u_2} E
                (@AddGroup.toSubNegMonoid.{u_2} E (@AddCommGroup.toAddGroup.{u_2} E inst✝¹))))
            (@DistribMulAction.toDistribSMul.{u_1, u_2} 𝕜 E
              (@Semiring.toMonoid.{u_1} 𝕜
                (@CommSemiring.toSemiring.{u_1} 𝕜
                  (@Semifield.toCommSemiring.{u_1} 𝕜
                    (@Field.toSemifield.{u_1} 𝕜
                      (@NormedField.toField.{u_1} 𝕜 (@NontriviallyNormedField.toNormedField.{u_1} 𝕜 inst✝))))))
              (@SubNegMonoid.toAddMonoid.{u_2} E
                (@AddGroup.toSubNegMonoid.{u_2} E (@AddCommGroup.toAddGroup.{u_2} E inst✝¹)))
              (@Module.toDistribMulAction.{u_1, u_2} 𝕜 E
                (@CommSemiring.toSemiring.{u_1} 𝕜
                  (@Semifield.toCommSemiring.{u_1} 𝕜
                    (@Field.toSemifield.{u_1} 𝕜
                      (@NormedField.toField.{u_1} 𝕜 (@NontriviallyNormedField.toNormedField.{u_1} 𝕜 inst✝)))))
                (@AddCommGroup.toAddCommMonoid.{u_2} E inst✝¹) inst✝⁵))))
        L
        (fun p =>
          @HSub.hSub.{u_3, u_3, u_3} F F F
            (@instHSub.{u_3} F
              (@SubNegMonoid.toSub.{u_3} F
                (@AddGroup.toSubNegMonoid.{u_3} F (@AddCommGroup.toAddGroup.{u_3} F inst✝²))))
            (@HSub.hSub.{u_3, u_3, u_3} F F F
              (@instHSub.{u_3} F
                (@SubNegMonoid.toSub.{u_3} F
                  (@AddGroup.toSubNegMonoid.{u_3} F (@AddCommGroup.toAddGroup.{u_3} F inst✝²))))
              (f (@Prod.fst.{u_2, u_2} E E p)) (f (@Prod.snd.{u_2, u_2} E E p)))
            (@DFunLike.coe.{max (u_2 + 1) (u_3 + 1), u_2 + 1, u_3 + 1}
              (@ContinuousLinearMap.{u_1, u_1, u_2, u_3} 𝕜 𝕜
                (@CommSemiring.toSemiring.{u_1} 𝕜
                  (@Semifield.toCommSemiring.{u_1} 𝕜
                    (@Field.toSemifield.{u_1} 𝕜
                      (@NormedField.toField.{u_1} 𝕜 (@NontriviallyNormedField.toNormedField.{u_1} 𝕜 inst✝)))))
                (@CommSemiring.toSemiring.{u_1} 𝕜
                  (@Semifield.toCommSemiring.{u_1} 𝕜
                    (@Field.toSemifield.{u_1} 𝕜
                      (@NormedField.toField.{u_1} 𝕜 (@NontriviallyNormedField.toNormedField.{u_1} 𝕜 inst✝)))))
                (@RingHom.id.{u_1} 𝕜
                  (@Semiring.toNonAssocSemiring.{u_1} 𝕜
                    (@CommSemiring.toSemiring.{u_1} 𝕜
                      (@Semifield.toCommSemiring.{u_1} 𝕜
                        (@Field.toSemifield.{u_1} 𝕜
                          (@NormedField.toField.{u_1} 𝕜 (@NontriviallyNormedField.toNormedField.{u_1} 𝕜 inst✝)))))))
                E inst✝³ (@AddCommGroup.toAddCommMonoid.{u_2} E inst✝¹) F inst✝⁴
                (@AddCommGroup.toAddCommMonoid.{u_3} F inst✝²) inst✝⁵ inst✝⁶)
              E (fun x => F)
              (@ContinuousLinearMap.funLike.{u_1, u_1, u_2, u_3} 𝕜 𝕜
                (@CommSemiring.toSemiring.{u_1} 𝕜
                  (@Semifield.toCommSemiring.{u_1} 𝕜
                    (@Field.toSemifield.{u_1} 𝕜
                      (@NormedField.toField.{u_1} 𝕜 (@NontriviallyNormedField.toNormedField.{u_1} 𝕜 inst✝)))))
                (@CommSemiring.toSemiring.{u_1} 𝕜
                  (@Semifield.toCommSemiring.{u_1} 𝕜
                    (@Field.toSemifield.{u_1} 𝕜
                      (@NormedField.toField.{u_1} 𝕜 (@NontriviallyNormedField.toNormedField.{u_1} 𝕜 inst✝)))))
                (@RingHom.id.{u_1} 𝕜
                  (@Semiring.toNonAssocSemiring.{u_1} 𝕜
                    (@CommSemiring.toSemiring.{u_1} 𝕜
                      (@Semifield.toCommSemiring.{u_1} 𝕜
                        (@Field.toSemifield.{u_1} 𝕜
                          (@NormedField.toField.{u_1} 𝕜 (@NontriviallyNormedField.toNormedField.{u_1} 𝕜 inst✝)))))))
                E inst✝³ (@AddCommGroup.toAddCommMonoid.{u_2} E inst✝¹) F inst✝⁴
                (@AddCommGroup.toAddCommMonoid.{u_3} F inst✝²) inst✝⁵ inst✝⁶)
              f'
              (@HSub.hSub.{u_2, u_2, u_2} E E E
                (@instHSub.{u_2} E
                  (@SubNegMonoid.toSub.{u_2} E
                    (@AddGroup.toSubNegMonoid.{u_2} E (@AddCommGroup.toAddGroup.{u_2} E inst✝¹))))
                (@Prod.fst.{u_2, u_2} E E p) (@Prod.snd.{u_2, u_2} E E p))))
        fun p =>
        @HSub.hSub.{u_2, u_2, u_2} E E E
          (@instHSub.{u_2} E
            (@SubNegMonoid.toSub.{u_2} E (@AddGroup.toSubNegMonoid.{u_2} E (@AddCommGroup.toAddGroup.{u_2} E inst✝¹))))
          (@Prod.fst.{u_2, u_2} E E p) (@Prod.snd.{u_2, u_2} E E p)) :
    @HasFDerivAtFilter.{u_1, u_2, u_3} 𝕜 inst✝ E inst✝¹ inst✝⁵ inst✝³ F inst✝² inst✝⁶ inst✝⁴ f f' L
theorem hasFDerivAt_const.{u_1, u_2, u_3} : ∀ {𝕜 : Type u_1} [inst : NontriviallyNormedField.{u_1} 𝕜] {E : Type u_2}
  [inst_1 : AddCommGroup.{u_2} E]
  [inst_2 :
    @Module.{u_1, u_2} 𝕜 E
      (@CommSemiring.toSemiring.{u_1} 𝕜
        (@Semifield.toCommSemiring.{u_1} 𝕜
          (@Field.toSemifield.{u_1} 𝕜
            (@NormedField.toField.{u_1} 𝕜 (@NontriviallyNormedField.toNormedField.{u_1} 𝕜 inst)))))
      (@AddCommGroup.toAddCommMonoid.{u_2} E inst_1)]
  [inst_3 : TopologicalSpace.{u_2} E] {F : Type u_3} [inst_4 : AddCommGroup.{u_3} F]
  [inst_5 :
    @Module.{u_1, u_3} 𝕜 F
      (@CommSemiring.toSemiring.{u_1} 𝕜
        (@Semifield.toCommSemiring.{u_1} 𝕜
          (@Field.toSemifield.{u_1} 𝕜
            (@NormedField.toField.{u_1} 𝕜 (@NontriviallyNormedField.toNormedField.{u_1} 𝕜 inst)))))
      (@AddCommGroup.toAddCommMonoid.{u_3} F inst_4)]
  [inst_6 : TopologicalSpace.{u_3} F] (c : F) (x : E),
  @HasFDerivAt.{u_1, u_2, u_3} 𝕜 inst E inst_1 inst_2 inst_3 F inst_4 inst_5 inst_6 (fun x => c)
    (@OfNat.ofNat.{max u_2 u_3}
      (@ContinuousLinearMap.{u_1, u_1, u_2, u_3} 𝕜 𝕜
        (@CommSemiring.toSemiring.{u_1} 𝕜
          (@Semifield.toCommSemiring.{u_1} 𝕜
            (@Field.toSemifield.{u_1} 𝕜
              (@NormedField.toField.{u_1} 𝕜 (@NontriviallyNormedField.toNormedField.{u_1} 𝕜 inst)))))
        (@CommSemiring.toSemiring.{u_1} 𝕜
          (@Semifield.toCommSemiring.{u_1} 𝕜
            (@Field.toSemifield.{u_1} 𝕜
              (@NormedField.toField.{u_1} 𝕜 (@NontriviallyNormedField.toNormedField.{u_1} 𝕜 inst)))))
        (@RingHom.id.{u_1} 𝕜
          (@Semiring.toNonAssocSemiring.{u_1} 𝕜
            (@CommSemiring.toSemiring.{u_1} 𝕜
              (@Semifield.toCommSemiring.{u_1} 𝕜
                (@Field.toSemifield.{u_1} 𝕜
                  (@NormedField.toField.{u_1} 𝕜 (@NontriviallyNormedField.toNormedField.{u_1} 𝕜 inst)))))))
        E inst_3 (@AddCommGroup.toAddCommMonoid.{u_2} E inst_1) F inst_6 (@AddCommGroup.toAddCommMonoid.{u_3} F inst_4)
        inst_2 inst_5)
      (nat_lit 0)
      (@Zero.toOfNat0.{max u_2 u_3}
        (@ContinuousLinearMap.{u_1, u_1, u_2, u_3} 𝕜 𝕜
          (@CommSemiring.toSemiring.{u_1} 𝕜
            (@Semifield.toCommSemiring.{u_1} 𝕜
              (@Field.toSemifield.{u_1} 𝕜
                (@NormedField.toField.{u_1} 𝕜 (@NontriviallyNormedField.toNormedField.{u_1} 𝕜 inst)))))
          (@CommSemiring.toSemiring.{u_1} 𝕜
            (@Semifield.toCommSemiring.{u_1} 𝕜
              (@Field.toSemifield.{u_1} 𝕜
                (@NormedField.toField.{u_1} 𝕜 (@NontriviallyNormedField.toNormedField.{u_1} 𝕜 inst)))))
          (@RingHom.id.{u_1} 𝕜
            (@Semiring.toNonAssocSemiring.{u_1} 𝕜
              (@CommSemiring.toSemiring.{u_1} 𝕜
                (@Semifield.toCommSemiring.{u_1} 𝕜
                  (@Field.toSemifield.{u_1} 𝕜
                    (@NormedField.toField.{u_1} 𝕜 (@NontriviallyNormedField.toNormedField.{u_1} 𝕜 inst)))))))
          E inst_3 (@AddCommGroup.toAddCommMonoid.{u_2} E inst_1) F inst_6
          (@AddCommGroup.toAddCommMonoid.{u_3} F inst_4) inst_2 inst_5)
        (@ContinuousLinearMap.zero.{u_1, u_1, u_2, u_3} 𝕜 𝕜
          (@CommSemiring.toSemiring.{u_1} 𝕜
            (@Semifield.toCommSemiring.{u_1} 𝕜
              (@Field.toSemifield.{u_1} 𝕜
                (@NormedField.toField.{u_1} 𝕜 (@NontriviallyNormedField.toNormedField.{u_1} 𝕜 inst)))))
          (@CommSemiring.toSemiring.{u_1} 𝕜
            (@Semifield.toCommSemiring.{u_1} 𝕜
              (@Field.toSemifield.{u_1} 𝕜
                (@NormedField.toField.{u_1} 𝕜 (@NontriviallyNormedField.toNormedField.{u_1} 𝕜 inst)))))
          (@RingHom.id.{u_1} 𝕜
            (@Semiring.toNonAssocSemiring.{u_1} 𝕜
              (@CommSemiring.toSemiring.{u_1} 𝕜
                (@Semifield.toCommSemiring.{u_1} 𝕜
                  (@Field.toSemifield.{u_1} 𝕜
                    (@NormedField.toField.{u_1} 𝕜 (@NontriviallyNormedField.toNormedField.{u_1} 𝕜 inst)))))))
          E inst_3 (@AddCommGroup.toAddCommMonoid.{u_2} E inst_1) F inst_6
          (@AddCommGroup.toAddCommMonoid.{u_3} F inst_4) inst_2 inst_5)))
    x :=
fun {𝕜} [inst : NontriviallyNormedField.{u_1} 𝕜] {E} [inst_1 : AddCommGroup.{u_2} E]
    [inst_2 :
      @Module.{u_1, u_2} 𝕜 E
        (@CommSemiring.toSemiring.{u_1} 𝕜
          (@Semifield.toCommSemiring.{u_1} 𝕜
            (@Field.toSemifield.{u_1} 𝕜
              (@NormedField.toField.{u_1} 𝕜 (@NontriviallyNormedField.toNormedField.{u_1} 𝕜 inst)))))
        (@AddCommGroup.toAddCommMonoid.{u_2} E inst_1)]
    [inst_3 : TopologicalSpace.{u_2} E] {F} [inst_4 : AddCommGroup.{u_3} F]
    [inst_5 :
      @Module.{u_1, u_3} 𝕜 F
        (@CommSemiring.toSemiring.{u_1} 𝕜
          (@Semifield.toCommSemiring.{u_1} 𝕜
            (@Field.toSemifield.{u_1} 𝕜
              (@NormedField.toField.{u_1} 𝕜 (@NontriviallyNormedField.toNormedField.{u_1} 𝕜 inst)))))
        (@AddCommGroup.toAddCommMonoid.{u_3} F inst_4)]
    [inst_6 : TopologicalSpace.{u_3} F] c x =>
  @hasFDerivAtFilter_const.{u_1, u_2, u_3} 𝕜 inst E inst_1 inst_2 inst_3 F inst_4 inst_5 inst_6 c
    (@SProd.sprod.{u_2, u_2, u_2} (Filter.{u_2} E) (Filter.{u_2} E) (Filter.{u_2} (Prod.{u_2, u_2} E E))
      (@Filter.instSProd.{u_2, u_2} E E) (@nhds.{u_2} E inst_3 x)
      (@pure.{u_2, u_2} Filter.{u_2} Filter.instPure.{u_2} E x))
theorem hasFDerivAtFilter_const.{u_1, u_2, u_3} : ∀ {𝕜 : Type u_1} [inst : NontriviallyNormedField.{u_1} 𝕜]
  {E : Type u_2} [inst_1 : AddCommGroup.{u_2} E]
  [inst_2 :
    @Module.{u_1, u_2} 𝕜 E
      (@CommSemiring.toSemiring.{u_1} 𝕜
        (@Semifield.toCommSemiring.{u_1} 𝕜
          (@Field.toSemifield.{u_1} 𝕜
            (@NormedField.toField.{u_1} 𝕜 (@NontriviallyNormedField.toNormedField.{u_1} 𝕜 inst)))))
      (@AddCommGroup.toAddCommMonoid.{u_2} E inst_1)]
  [inst_3 : TopologicalSpace.{u_2} E] {F : Type u_3} [inst_4 : AddCommGroup.{u_3} F]
  [inst_5 :
    @Module.{u_1, u_3} 𝕜 F
      (@CommSemiring.toSemiring.{u_1} 𝕜
        (@Semifield.toCommSemiring.{u_1} 𝕜
          (@Field.toSemifield.{u_1} 𝕜
            (@NormedField.toField.{u_1} 𝕜 (@NontriviallyNormedField.toNormedField.{u_1} 𝕜 inst)))))
      (@AddCommGroup.toAddCommMonoid.{u_3} F inst_4)]
  [inst_6 : TopologicalSpace.{u_3} F] (c : F) (L : Filter.{u_2} (Prod.{u_2, u_2} E E)),
  @HasFDerivAtFilter.{u_1, u_2, u_3} 𝕜 inst E inst_1 inst_2 inst_3 F inst_4 inst_5 inst_6 (fun x => c)
    (@OfNat.ofNat.{max u_2 u_3}
      (@ContinuousLinearMap.{u_1, u_1, u_2, u_3} 𝕜 𝕜
        (@CommSemiring.toSemiring.{u_1} 𝕜
          (@Semifield.toCommSemiring.{u_1} 𝕜
            (@Field.toSemifield.{u_1} 𝕜
              (@NormedField.toField.{u_1} 𝕜 (@NontriviallyNormedField.toNormedField.{u_1} 𝕜 inst)))))
        (@CommSemiring.toSemiring.{u_1} 𝕜
          (@Semifield.toCommSemiring.{u_1} 𝕜
            (@Field.toSemifield.{u_1} 𝕜
              (@NormedField.toField.{u_1} 𝕜 (@NontriviallyNormedField.toNormedField.{u_1} 𝕜 inst)))))
        (@RingHom.id.{u_1} 𝕜
          (@Semiring.toNonAssocSemiring.{u_1} 𝕜
            (@CommSemiring.toSemiring.{u_1} 𝕜
              (@Semifield.toCommSemiring.{u_1} 𝕜
                (@Field.toSemifield.{u_1} 𝕜
                  (@NormedField.toField.{u_1} 𝕜 (@NontriviallyNormedField.toNormedField.{u_1} 𝕜 inst)))))))
        E inst_3 (@AddCommGroup.toAddCommMonoid.{u_2} E inst_1) F inst_6 (@AddCommGroup.toAddCommMonoid.{u_3} F inst_4)
        inst_2 inst_5)
      (nat_lit 0)
      (@Zero.toOfNat0.{max u_2 u_3}
        (@ContinuousLinearMap.{u_1, u_1, u_2, u_3} 𝕜 𝕜
          (@CommSemiring.toSemiring.{u_1} 𝕜
            (@Semifield.toCommSemiring.{u_1} 𝕜
              (@Field.toSemifield.{u_1} 𝕜
                (@NormedField.toField.{u_1} 𝕜 (@NontriviallyNormedField.toNormedField.{u_1} 𝕜 inst)))))
          (@CommSemiring.toSemiring.{u_1} 𝕜
            (@Semifield.toCommSemiring.{u_1} 𝕜
              (@Field.toSemifield.{u_1} 𝕜
                (@NormedField.toField.{u_1} 𝕜 (@NontriviallyNormedField.toNormedField.{u_1} 𝕜 inst)))))
          (@RingHom.id.{u_1} 𝕜
            (@Semiring.toNonAssocSemiring.{u_1} 𝕜
              (@CommSemiring.toSemiring.{u_1} 𝕜
                (@Semifield.toCommSemiring.{u_1} 𝕜
                  (@Field.toSemifield.{u_1} 𝕜
                    (@NormedField.toField.{u_1} 𝕜 (@NontriviallyNormedField.toNormedField.{u_1} 𝕜 inst)))))))
          E inst_3 (@AddCommGroup.toAddCommMonoid.{u_2} E inst_1) F inst_6
          (@AddCommGroup.toAddCommMonoid.{u_3} F inst_4) inst_2 inst_5)
        (@ContinuousLinearMap.zero.{u_1, u_1, u_2, u_3} 𝕜 𝕜
          (@CommSemiring.toSemiring.{u_1} 𝕜
            (@Semifield.toCommSemiring.{u_1} 𝕜
              (@Field.toSemifield.{u_1} 𝕜
                (@NormedField.toField.{u_1} 𝕜 (@NontriviallyNormedField.toNormedField.{u_1} 𝕜 inst)))))
          (@CommSemiring.toSemiring.{u_1} 𝕜
            (@Semifield.toCommSemiring.{u_1} 𝕜
              (@Field.toSemifield.{u_1} 𝕜
                (@NormedField.toField.{u_1} 𝕜 (@NontriviallyNormedField.toNormedField.{u_1} 𝕜 inst)))))
          (@RingHom.id.{u_1} 𝕜
            (@Semiring.toNonAssocSemiring.{u_1} 𝕜
              (@CommSemiring.toSemiring.{u_1} 𝕜
                (@Semifield.toCommSemiring.{u_1} 𝕜
                  (@Field.toSemifield.{u_1} 𝕜
                    (@NormedField.toField.{u_1} 𝕜 (@NontriviallyNormedField.toNormedField.{u_1} 𝕜 inst)))))))
          E inst_3 (@AddCommGroup.toAddCommMonoid.{u_2} E inst_1) F inst_6
          (@AddCommGroup.toAddCommMonoid.{u_3} F inst_4) inst_2 inst_5)))
    L :=
fun {𝕜} [inst : NontriviallyNormedField.{u_1} 𝕜] {E} [inst_1 : AddCommGroup.{u_2} E]
    [inst_2 :
      @Module.{u_1, u_2} 𝕜 E
        (@CommSemiring.toSemiring.{u_1} 𝕜
          (@Semifield.toCommSemiring.{u_1} 𝕜
            (@Field.toSemifield.{u_1} 𝕜
              (@NormedField.toField.{u_1} 𝕜 (@NontriviallyNormedField.toNormedField.{u_1} 𝕜 inst)))))
        (@AddCommGroup.toAddCommMonoid.{u_2} E inst_1)]
    [inst_3 : TopologicalSpace.{u_2} E] {F} [inst_4 : AddCommGroup.{u_3} F]
    [inst_5 :
      @Module.{u_1, u_3} 𝕜 F
        (@CommSemiring.toSemiring.{u_1} 𝕜
          (@Semifield.toCommSemiring.{u_1} 𝕜
            (@Field.toSemifield.{u_1} 𝕜
              (@NormedField.toField.{u_1} 𝕜 (@NontriviallyNormedField.toNormedField.{u_1} 𝕜 inst)))))
        (@AddCommGroup.toAddCommMonoid.{u_3} F inst_4)]
    [inst_6 : TopologicalSpace.{u_3} F] c L =>
  @HasFDerivAtFilter.of_isLittleOTVS.{u_1, u_2, u_3} 𝕜 inst E inst_1 inst_2 inst_3 F inst_4 inst_5 inst_6 (fun x => c)
    (@OfNat.ofNat.{max u_2 u_3}
      (@ContinuousLinearMap.{u_1, u_1, u_2, u_3} 𝕜 𝕜
        (@CommSemiring.toSemiring.{u_1} 𝕜
          (@Semifield.toCommSemiring.{u_1} 𝕜
            (@Field.toSemifield.{u_1} 𝕜
              (@NormedField.toField.{u_1} 𝕜 (@NontriviallyNormedField.toNormedField.{u_1} 𝕜 inst)))))
        (@CommSemiring.toSemiring.{u_1} 𝕜
          (@Semifield.toCommSemiring.{u_1} 𝕜
            (@Field.toSemifield.{u_1} 𝕜
              (@NormedField.toField.{u_1} 𝕜 (@NontriviallyNormedField.toNormedField.{u_1} 𝕜 inst)))))
        (@RingHom.id.{u_1} 𝕜
          (@Semiring.toNonAssocSemiring.{u_1} 𝕜
            (@CommSemiring.toSemiring.{u_1} 𝕜
              (@Semifield.toCommSemiring.{u_1} 𝕜
                (@Field.toSemifield.{u_1} 𝕜
                  (@NormedField.toField.{u_1} 𝕜 (@NontriviallyNormedField.toNormedField.{u_1} 𝕜 inst)))))))
        E inst_3 (@AddCommGroup.toAddCommMonoid.{u_2} E inst_1) F inst_6 (@AddCommGroup.toAddCommMonoid.{u_3} F inst_4)
        inst_2 inst_5)
      (nat_lit 0)
      (@Zero.toOfNat0.{max u_2 u_3}
        (@ContinuousLinearMap.{u_1, u_1, u_2, u_3} 𝕜 𝕜
          (@CommSemiring.toSemiring.{u_1} 𝕜
            (@Semifield.toCommSemiring.{u_1} 𝕜
              (@Field.toSemifield.{u_1} 𝕜
                (@NormedField.toField.{u_1} 𝕜 (@NontriviallyNormedField.toNormedField.{u_1} 𝕜 inst)))))
          (@CommSemiring.toSemiring.{u_1} 𝕜
            (@Semifield.toCommSemiring.{u_1} 𝕜
              (@Field.toSemifield.{u_1} 𝕜
                (@NormedField.toField.{u_1} 𝕜 (@NontriviallyNormedField.toNormedField.{u_1} 𝕜 inst)))))
          (@RingHom.id.{u_1} 𝕜
            (@Semiring.toNonAssocSemiring.{u_1} 𝕜
              (@CommSemiring.toSemiring.{u_1} 𝕜
                (@Semifield.toCommSemiring.{u_1} 𝕜
                  (@Field.toSemifield.{u_1} 𝕜
                    (@NormedField.toField.{u_1} 𝕜 (@NontriviallyNormedField.toNormedField.{u_1} 𝕜 inst)))))))
          E inst_3 (@AddCommGroup.toAddCommMonoid.{u_2} E inst_1) F inst_6
          (@AddCommGroup.toAddCommMonoid.{u_3} F inst_4) inst_2 inst_5)
        (@ContinuousLinearMap.zero.{u_1, u_1, u_2, u_3} 𝕜 𝕜
          (@CommSemiring.toSemiring.{u_1} 𝕜
            (@Semifield.toCommSemiring.{u_1} 𝕜
              (@Field.toSemifield.{u_1} 𝕜
                (@NormedField.toField.{u_1} 𝕜 (@NontriviallyNormedField.toNormedField.{u_1} 𝕜 inst)))))
          (@CommSemiring.toSemiring.{u_1} 𝕜
            (@Semifield.toCommSemiring.{u_1} 𝕜
              (@Field.toSemifield.{u_1} 𝕜
                (@NormedField.toField.{u_1} 𝕜 (@NontriviallyNormedField.toNormedField.{u_1} 𝕜 inst)))))
          (@RingHom.id.{u_1} 𝕜
            (@Semiring.toNonAssocSemiring.{u_1} 𝕜
              (@CommSemiring.toSemiring.{u_1} 𝕜
                (@Semifield.toCommSemiring.{u_1} 𝕜
                  (@Field.toSemifield.{u_1} 𝕜
                    (@NormedField.toField.{u_1} 𝕜 (@NontriviallyNormedField.toNormedField.{u_1} 𝕜 inst)))))))
          E inst_3 (@AddCommGroup.toAddCommMonoid.{u_2} E inst_1) F inst_6
          (@AddCommGroup.toAddCommMonoid.{u_3} F inst_4) inst_2 inst_5)))
    L
    (@Asymptotics.IsLittleOTVS.congr_left.{u_2, u_1, u_3, u_2} (Prod.{u_2, u_2} E E) 𝕜 F E inst inst_4 inst_6 inst_5
      inst_1 inst_3 inst_2
      (@OfNat.ofNat.{max u_2 u_3} (Prod.{u_2, u_2} E E → F) (nat_lit 0)
        (@Zero.toOfNat0.{max u_2 u_3} (Prod.{u_2, u_2} E E → F)
          (@Pi.instZero.{u_2, u_3} (Prod.{u_2, u_2} E E) (fun a => F) fun i =>
            @NegZeroClass.toZero.{u_3} F
              (@SubNegZeroMonoid.toNegZeroClass.{u_3} F
                (@SubtractionMonoid.toSubNegZeroMonoid.{u_3} F
                  (@SubtractionCommMonoid.toSubtractionMonoid.{u_3} F
                    (@AddCommGroup.toDivisionAddCommMonoid.{u_3} F inst_4)))))))
      (fun p =>
        @HSub.hSub.{u_3, u_3, u_3} F F F
          (@instHSub.{u_3} F
            (@SubNegMonoid.toSub.{u_3} F (@AddGroup.toSubNegMonoid.{u_3} F (@AddCommGroup.toAddGroup.{u_3} F inst_4))))
          (@HSub.hSub.{u_3, u_3, u_3} F F F
            (@instHSub.{u_3} F
              (@SubNegMonoid.toSub.{u_3} F
                (@AddGroup.toSubNegMonoid.{u_3} F (@AddCommGroup.toAddGroup.{u_3} F inst_4))))
            c c)
          (@DFunLike.coe.{max (u_2 + 1) (u_3 + 1), u_2 + 1, u_3 + 1}
            (@ContinuousLinearMap.{u_1, u_1, u_2, u_3} 𝕜 𝕜
              (@CommSemiring.toSemiring.{u_1} 𝕜
                (@Semifield.toCommSemiring.{u_1} 𝕜
                  (@Field.toSemifield.{u_1} 𝕜
                    (@NormedField.toField.{u_1} 𝕜 (@NontriviallyNormedField.toNormedField.{u_1} 𝕜 inst)))))
              (@CommSemiring.toSemiring.{u_1} 𝕜
                (@Semifield.toCommSemiring.{u_1} 𝕜
                  (@Field.toSemifield.{u_1} 𝕜
                    (@NormedField.toField.{u_1} 𝕜 (@NontriviallyNormedField.toNormedField.{u_1} 𝕜 inst)))))
              (@RingHom.id.{u_1} 𝕜
                (@Semiring.toNonAssocSemiring.{u_1} 𝕜
                  (@CommSemiring.toSemiring.{u_1} 𝕜
                    (@Semifield.toCommSemiring.{u_1} 𝕜
                      (@Field.toSemifield.{u_1} 𝕜
                        (@NormedField.toField.{u_1} 𝕜 (@NontriviallyNormedField.toNormedField.{u_1} 𝕜 inst)))))))
              E inst_3 (@AddCommGroup.toAddCommMonoid.{u_2} E inst_1) F inst_6
              (@AddCommGroup.toAddCommMonoid.{u_3} F inst_4) inst_2 inst_5)
            E (fun x => F)
            (@ContinuousLinearMap.funLike.{u_1, u_1, u_2, u_3} 𝕜 𝕜
              (@CommSemiring.toSemiring.{u_1} 𝕜
                (@Semifield.toCommSemiring.{u_1} 𝕜
                  (@Field.toSemifield.{u_1} 𝕜
                    (@NormedField.toField.{u_1} 𝕜 (@NontriviallyNormedField.toNormedField.{u_1} 𝕜 inst)))))
              (@CommSemiring.toSemiring.{u_1} 𝕜
                (@Semifield.toCommSemiring.{u_1} 𝕜
                  (@Field.toSemifield.{u_1} 𝕜
                    (@NormedField.toField.{u_1} 𝕜 (@NontriviallyNormedField.toNormedField.{u_1} 𝕜 inst)))))
              (@RingHom.id.{u_1} 𝕜
                (@Semiring.toNonAssocSemiring.{u_1} 𝕜
                  (@CommSemiring.toSemiring.{u_1} 𝕜
                    (@Semifield.toCommSemiring.{u_1} 𝕜
                      (@Field.toSemifield.{u_1} 𝕜
                        (@NormedField.toField.{u_1} 𝕜 (@NontriviallyNormedField.toNormedField.{u_1} 𝕜 inst)))))))
              E inst_3 (@AddCommGroup.toAddCommMonoid.{u_2} E inst_1) F inst_6
              (@AddCommGroup.toAddCommMonoid.{u_3} F inst_4) inst_2 inst_5)
            (@OfNat.ofNat.{max u_2 u_3}
              (@ContinuousLinearMap.{u_1, u_1, u_2, u_3} 𝕜 𝕜
                (@CommSemiring.toSemiring.{u_1} 𝕜
                  (@Semifield.toCommSemiring.{u_1} 𝕜
                    (@Field.toSemifield.{u_1} 𝕜
                      (@NormedField.toField.{u_1} 𝕜 (@NontriviallyNormedField.toNormedField.{u_1} 𝕜 inst)))))
                (@CommSemiring.toSemiring.{u_1} 𝕜
                  (@Semifield.toCommSemiring.{u_1} 𝕜
                    (@Field.toSemifield.{u_1} 𝕜
                      (@NormedField.toField.{u_1} 𝕜 (@NontriviallyNormedField.toNormedField.{u_1} 𝕜 inst)))))
                (@RingHom.id.{u_1} 𝕜
                  (@Semiring.toNonAssocSemiring.{u_1} 𝕜
                    (@CommSemiring.toSemiring.{u_1} 𝕜
                      (@Semifield.toCommSemiring.{u_1} 𝕜
                        (@Field.toSemifield.{u_1} 𝕜
                          (@NormedField.toField.{u_1} 𝕜 (@NontriviallyNormedField.toNormedField.{u_1} 𝕜 inst)))))))
                E inst_3 (@AddCommGroup.toAddCommMonoid.{u_2} E inst_1) F inst_6
                (@AddCommGroup.toAddCommMonoid.{u_3} F inst_4) inst_2 inst_5)
              (nat_lit 0)
              (@Zero.toOfNat0.{max u_2 u_3}
                (@ContinuousLinearMap.{u_1, u_1, u_2, u_3} 𝕜 𝕜
                  (@CommSemiring.toSemiring.{u_1} 𝕜
                    (@Semifield.toCommSemiring.{u_1} 𝕜
                      (@Field.toSemifield.{u_1} 𝕜
                        (@NormedField.toField.{u_1} 𝕜 (@NontriviallyNormedField.toNormedField.{u_1} 𝕜 inst)))))
                  (@CommSemiring.toSemiring.{u_1} 𝕜
                    (@Semifield.toCommSemiring.{u_1} 𝕜
                      (@Field.toSemifield.{u_1} 𝕜
                        (@NormedField.toField.{u_1} 𝕜 (@NontriviallyNormedField.toNormedField.{u_1} 𝕜 inst)))))
                  (@RingHom.id.{u_1} 𝕜
                    (@Semiring.toNonAssocSemiring.{u_1} 𝕜
                      (@CommSemiring.toSemiring.{u_1} 𝕜
                        (@Semifield.toCommSemiring.{u_1} 𝕜
                          (@Field.toSemifield.{u_1} 𝕜
                            (@NormedField.toField.{u_1} 𝕜 (@NontriviallyNormedField.toNormedField.{u_1} 𝕜 inst)))))))
                  E inst_3 (@AddCommGroup.toAddCommMonoid.{u_2} E inst_1) F inst_6
                  (@AddCommGroup.toAddCommMonoid.{u_3} F inst_4) inst_2 inst_5)
                (@ContinuousLinearMap.zero.{u_1, u_1, u_2, u_3} 𝕜 𝕜
                  (@CommSemiring.toSemiring.{u_1} 𝕜
                    (@Semifield.toCommSemiring.{u_1} 𝕜
                      (@Field.toSemifield.{u_1} 𝕜
                        (@NormedField.toField.{u_1} 𝕜 (@NontriviallyNormedField.toNormedField.{u_1} 𝕜 inst)))))
                  (@CommSemiring.toSemiring.{u_1} 𝕜
                    (@Semifield.toCommSemiring.{u_1} 𝕜
                      (@Field.toSemifield.{u_1} 𝕜
                        (@NormedField.toField.{u_1} 𝕜 (@NontriviallyNormedField.toNormedField.{u_1} 𝕜 inst)))))
                  (@RingHom.id.{u_1} 𝕜
                    (@Semiring.toNonAssocSemiring.{u_1} 𝕜
                      (@CommSemiring.toSemiring.{u_1} 𝕜
                        (@Semifield.toCommSemiring.{u_1} 𝕜
                          (@Field.toSemifield.{u_1} 𝕜
                            (@NormedField.toField.{u_1} 𝕜 (@NontriviallyNormedField.toNormedField.{u_1} 𝕜 inst)))))))
                  E inst_3 (@AddCommGroup.toAddCommMonoid.{u_2} E inst_1) F inst_6
                  (@AddCommGroup.toAddCommMonoid.{u_3} F inst_4) inst_2 inst_5)))
            (@HSub.hSub.{u_2, u_2, u_2} E E E
              (@instHSub.{u_2} E
                (@SubNegMonoid.toSub.{u_2} E
                  (@AddGroup.toSubNegMonoid.{u_2} E (@AddCommGroup.toAddGroup.{u_2} E inst_1))))
              (@Prod.fst.{u_2, u_2} E E p) (@Prod.snd.{u_2, u_2} E E p))))
      (fun p =>
        @HSub.hSub.{u_2, u_2, u_2} E E E
          (@instHSub.{u_2} E
            (@SubNegMonoid.toSub.{u_2} E (@AddGroup.toSubNegMonoid.{u_2} E (@AddCommGroup.toAddGroup.{u_2} E inst_1))))
          (@Prod.fst.{u_2, u_2} E E p) (@Prod.snd.{u_2, u_2} E E p))
      L
      (@Asymptotics.IsLittleOTVS.zero.{u_2, u_1, u_3, u_2} (Prod.{u_2, u_2} E E) 𝕜 F E inst inst_4 inst_6 inst_5 inst_1
        inst_3 inst_2
        (fun p =>
          @HSub.hSub.{u_2, u_2, u_2} E E E
            (@instHSub.{u_2} E
              (@SubNegMonoid.toSub.{u_2} E
                (@AddGroup.toSubNegMonoid.{u_2} E (@AddCommGroup.toAddGroup.{u_2} E inst_1))))
            (@Prod.fst.{u_2, u_2} E E p) (@Prod.snd.{u_2, u_2} E E p))
        L)
      fun x =>
      @of_eq_true
        (@Eq.{u_3 + 1} F
          (@OfNat.ofNat.{u_3} F (nat_lit 0)
            (@Zero.toOfNat0.{u_3} F
              (@NegZeroClass.toZero.{u_3} F
                (@SubNegZeroMonoid.toNegZeroClass.{u_3} F
                  (@SubtractionMonoid.toSubNegZeroMonoid.{u_3} F
                    (@SubtractionCommMonoid.toSubtractionMonoid.{u_3} F
                      (@AddCommGroup.toDivisionAddCommMonoid.{u_3} F inst_4)))))))
          (@HSub.hSub.{u_3, u_3, u_3} F F F
            (@instHSub.{u_3} F
              (@SubNegMonoid.toSub.{u_3} F
                (@AddGroup.toSubNegMonoid.{u_3} F (@AddCommGroup.toAddGroup.{u_3} F inst_4))))
            (@HSub.hSub.{u_3, u_3, u_3} F F F
              (@instHSub.{u_3} F
                (@SubNegMonoid.toSub.{u_3} F
                  (@AddGroup.toSubNegMonoid.{u_3} F (@AddCommGroup.toAddGroup.{u_3} F inst_4))))
              c c)
            (@DFunLike.coe.{max (u_2 + 1) (u_3 + 1), u_2 + 1, u_3 + 1}
              (@ContinuousLinearMap.{u_1, u_1, u_2, u_3} 𝕜 𝕜
                (@CommSemiring.toSemiring.{u_1} 𝕜
                  (@Semifield.toCommSemiring.{u_1} 𝕜
                    (@Field.toSemifield.{u_1} 𝕜
                      (@NormedField.toField.{u_1} 𝕜 (@NontriviallyNormedField.toNormedField.{u_1} 𝕜 inst)))))
                (@CommSemiring.toSemiring.{u_1} 𝕜
                  (@Semifield.toCommSemiring.{u_1} 𝕜
                    (@Field.toSemifield.{u_1} 𝕜
                      (@NormedField.toField.{u_1} 𝕜 (@NontriviallyNormedField.toNormedField.{u_1} 𝕜 inst)))))
                (@RingHom.id.{u_1} 𝕜
                  (@Semiring.toNonAssocSemiring.{u_1} 𝕜
                    (@CommSemiring.toSemiring.{u_1} 𝕜
                      (@Semifield.toCommSemiring.{u_1} 𝕜
                        (@Field.toSemifield.{u_1} 𝕜
                          (@NormedField.toField.{u_1} 𝕜 (@NontriviallyNormedField.toNormedField.{u_1} 𝕜 inst)))))))
                E inst_3 (@AddCommGroup.toAddCommMonoid.{u_2} E inst_1) F inst_6
                (@AddCommGroup.toAddCommMonoid.{u_3} F inst_4) inst_2 inst_5)
              E (fun x => F)
              (@ContinuousLinearMap.funLike.{u_1, u_1, u_2, u_3} 𝕜 𝕜
                (@CommSemiring.toSemiring.{u_1} 𝕜
                  (@Semifield.toCommSemiring.{u_1} 𝕜
                    (@Field.toSemifield.{u_1} 𝕜
                      (@NormedField.toField.{u_1} 𝕜 (@NontriviallyNormedField.toNormedField.{u_1} 𝕜 inst)))))
                (@CommSemiring.toSemiring.{u_1} 𝕜
                  (@Semifield.toCommSemiring.{u_1} 𝕜
                    (@Field.toSemifield.{u_1} 𝕜
                      (@NormedField.toField.{u_1} 𝕜 (@NontriviallyNormedField.toNormedField.{u_1} 𝕜 inst)))))
                (@RingHom.id.{u_1} 𝕜
                  (@Semiring.toNonAssocSemiring.{u_1} 𝕜
                    (@CommSemiring.toSemiring.{u_1} 𝕜
                      (@Semifield.toCommSemiring.{u_1} 𝕜
                        (@Field.toSemifield.{u_1} 𝕜
                          (@NormedField.toField.{u_1} 𝕜 (@NontriviallyNormedField.toNormedField.{u_1} 𝕜 inst)))))))
                E inst_3 (@AddCommGroup.toAddCommMonoid.{u_2} E inst_1) F inst_6
                (@AddCommGroup.toAddCommMonoid.{u_3} F inst_4) inst_2 inst_5)
              (@OfNat.ofNat.{max u_2 u_3}
                (@ContinuousLinearMap.{u_1, u_1, u_2, u_3} 𝕜 𝕜
                  (@CommSemiring.toSemiring.{u_1} 𝕜
                    (@Semifield.toCommSemiring.{u_1} 𝕜
                      (@Field.toSemifield.{u_1} 𝕜
                        (@NormedField.toField.{u_1} 𝕜 (@NontriviallyNormedField.toNormedField.{u_1} 𝕜 inst)))))
                  (@CommSemiring.toSemiring.{u_1} 𝕜
                    (@Semifield.toCommSemiring.{u_1} 𝕜
                      (@Field.toSemifield.{u_1} 𝕜
                        (@NormedField.toField.{u_1} 𝕜 (@NontriviallyNormedField.toNormedField.{u_1} 𝕜 inst)))))
                  (@RingHom.id.{u_1} 𝕜
                    (@Semiring.toNonAssocSemiring.{u_1} 𝕜
                      (@CommSemiring.toSemiring.{u_1} 𝕜
                        (@Semifield.toCommSemiring.{u_1} 𝕜
                          (@Field.toSemifield.{u_1} 𝕜
                            (@NormedField.toField.{u_1} 𝕜 (@NontriviallyNormedField.toNormedField.{u_1} 𝕜 inst)))))))
                  E inst_3 (@AddCommGroup.toAddCommMonoid.{u_2} E inst_1) F inst_6
                  (@AddCommGroup.toAddCommMonoid.{u_3} F inst_4) inst_2 inst_5)
                (nat_lit 0)
                (@Zero.toOfNat0.{max u_2 u_3}
                  (@ContinuousLinearMap.{u_1, u_1, u_2, u_3} 𝕜 𝕜
                    (@CommSemiring.toSemiring.{u_1} 𝕜
                      (@Semifield.toCommSemiring.{u_1} 𝕜
                        (@Field.toSemifield.{u_1} 𝕜
                          (@NormedField.toField.{u_1} 𝕜 (@NontriviallyNormedField.toNormedField.{u_1} 𝕜 inst)))))
                    (@CommSemiring.toSemiring.{u_1} 𝕜
                      (@Semifield.toCommSemiring.{u_1} 𝕜
                        (@Field.toSemifield.{u_1} 𝕜
                          (@NormedField.toField.{u_1} 𝕜 (@NontriviallyNormedField.toNormedField.{u_1} 𝕜 inst)))))
                    (@RingHom.id.{u_1} 𝕜
                      (@Semiring.toNonAssocSemiring.{u_1} 𝕜
                        (@CommSemiring.toSemiring.{u_1} 𝕜
                          (@Semifield.toCommSemiring.{u_1} 𝕜
                            (@Field.toSemifield.{u_1} 𝕜
                              (@NormedField.toField.{u_1} 𝕜 (@NontriviallyNormedField.toNormedField.{u_1} 𝕜 inst)))))))
                    E inst_3 (@AddCommGroup.toAddCommMonoid.{u_2} E inst_1) F inst_6
                    (@AddCommGroup.toAddCommMonoid.{u_3} F inst_4) inst_2 inst_5)
                  (@ContinuousLinearMap.zero.{u_1, u_1, u_2, u_3} 𝕜 𝕜
                    (@CommSemiring.toSemiring.{u_1} 𝕜
                      (@Semifield.toCommSemiring.{u_1} 𝕜
                        (@Field.toSemifield.{u_1} 𝕜
                          (@NormedField.toField.{u_1} 𝕜 (@NontriviallyNormedField.toNormedField.{u_1} 𝕜 inst)))))
                    (@CommSemiring.toSemiring.{u_1} 𝕜
                      (@Semifield.toCommSemiring.{u_1} 𝕜
                        (@Field.toSemifield.{u_1} 𝕜
                          (@NormedField.toField.{u_1} 𝕜 (@NontriviallyNormedField.toNormedField.{u_1} 𝕜 inst)))))
                    (@RingHom.id.{u_1} 𝕜
                      (@Semiring.toNonAssocSemiring.{u_1} 𝕜
                        (@CommSemiring.toSemiring.{u_1} 𝕜
                          (@Semifield.toCommSemiring.{u_1} 𝕜
                            (@Field.toSemifield.{u_1} 𝕜
                              (@NormedField.toField.{u_1} 𝕜 (@NontriviallyNormedField.toNormedField.{u_1} 𝕜 inst)))))))
                    E inst_3 (@AddCommGroup.toAddCommMonoid.{u_2} E inst_1) F inst_6
                    (@AddCommGroup.toAddCommMonoid.{u_3} F inst_4) inst_2 inst_5)))
              (@HSub.hSub.{u_2, u_2, u_2} E E E
                (@instHSub.{u_2} E
                  (@SubNegMonoid.toSub.{u_2} E
                    (@AddGroup.toSubNegMonoid.{u_2} E (@AddCommGroup.toAddGroup.{u_2} E inst_1))))
                (@Prod.fst.{u_2, u_2} E E x) (@Prod.snd.{u_2, u_2} E E x)))))
        (@Eq.trans.{1} Prop
          (@Eq.{u_3 + 1} F
            (@OfNat.ofNat.{u_3} F (nat_lit 0)
              (@Zero.toOfNat0.{u_3} F
                (@NegZeroClass.toZero.{u_3} F
                  (@SubNegZeroMonoid.toNegZeroClass.{u_3} F
                    (@SubtractionMonoid.toSubNegZeroMonoid.{u_3} F
                      (@SubtractionCommMonoid.toSubtractionMonoid.{u_3} F
                        (@AddCommGroup.toDivisionAddCommMonoid.{u_3} F inst_4)))))))
            (@HSub.hSub.{u_3, u_3, u_3} F F F
              (@instHSub.{u_3} F
                (@SubNegMonoid.toSub.{u_3} F
                  (@AddGroup.toSubNegMonoid.{u_3} F (@AddCommGroup.toAddGroup.{u_3} F inst_4))))
              (@HSub.hSub.{u_3, u_3, u_3} F F F
                (@instHSub.{u_3} F
                  (@SubNegMonoid.toSub.{u_3} F
                    (@AddGroup.toSubNegMonoid.{u_3} F (@AddCommGroup.toAddGroup.{u_3} F inst_4))))
                c c)
              (@DFunLike.coe.{max (u_2 + 1) (u_3 + 1), u_2 + 1, u_3 + 1}
                (@ContinuousLinearMap.{u_1, u_1, u_2, u_3} 𝕜 𝕜
                  (@CommSemiring.toSemiring.{u_1} 𝕜
                    (@Semifield.toCommSemiring.{u_1} 𝕜
                      (@Field.toSemifield.{u_1} 𝕜
                        (@NormedField.toField.{u_1} 𝕜 (@NontriviallyNormedField.toNormedField.{u_1} 𝕜 inst)))))
                  (@CommSemiring.toSemiring.{u_1} 𝕜
                    (@Semifield.toCommSemiring.{u_1} 𝕜
                      (@Field.toSemifield.{u_1} 𝕜
                        (@NormedField.toField.{u_1} 𝕜 (@NontriviallyNormedField.toNormedField.{u_1} 𝕜 inst)))))
                  (@RingHom.id.{u_1} 𝕜
                    (@Semiring.toNonAssocSemiring.{u_1} 𝕜
                      (@CommSemiring.toSemiring.{u_1} 𝕜
                        (@Semifield.toCommSemiring.{u_1} 𝕜
                          (@Field.toSemifield.{u_1} 𝕜
                            (@NormedField.toField.{u_1} 𝕜 (@NontriviallyNormedField.toNormedField.{u_1} 𝕜 inst)))))))
                  E inst_3 (@AddCommGroup.toAddCommMonoid.{u_2} E inst_1) F inst_6
                  (@AddCommGroup.toAddCommMonoid.{u_3} F inst_4) inst_2 inst_5)
                E (fun x => F)
                (@ContinuousLinearMap.funLike.{u_1, u_1, u_2, u_3} 𝕜 𝕜
                  (@CommSemiring.toSemiring.{u_1} 𝕜
                    (@Semifield.toCommSemiring.{u_1} 𝕜
                      (@Field.toSemifield.{u_1} 𝕜
                        (@NormedField.toField.{u_1} 𝕜 (@NontriviallyNormedField.toNormedField.{u_1} 𝕜 inst)))))
                  (@CommSemiring.toSemiring.{u_1} 𝕜
                    (@Semifield.toCommSemiring.{u_1} 𝕜
                      (@Field.toSemifield.{u_1} 𝕜
                        (@NormedField.toField.{u_1} 𝕜 (@NontriviallyNormedField.toNormedField.{u_1} 𝕜 inst)))))
                  (@RingHom.id.{u_1} 𝕜
                    (@Semiring.toNonAssocSemiring.{u_1} 𝕜
                      (@CommSemiring.toSemiring.{u_1} 𝕜
                        (@Semifield.toCommSemiring.{u_1} 𝕜
                          (@Field.toSemifield.{u_1} 𝕜
                            (@NormedField.toField.{u_1} 𝕜 (@NontriviallyNormedField.toNormedField.{u_1} 𝕜 inst)))))))
                  E inst_3 (@AddCommGroup.toAddCommMonoid.{u_2} E inst_1) F inst_6
                  (@AddCommGroup.toAddCommMonoid.{u_3} F inst_4) inst_2 inst_5)
                (@OfNat.ofNat.{max u_2 u_3}
                  (@ContinuousLinearMap.{u_1, u_1, u_2, u_3} 𝕜 𝕜
                    (@CommSemiring.toSemiring.{u_1} 𝕜
                      (@Semifield.toCommSemiring.{u_1} 𝕜
                        (@Field.toSemifield.{u_1} 𝕜
                          (@NormedField.toField.{u_1} 𝕜 (@NontriviallyNormedField.toNormedField.{u_1} 𝕜 inst)))))
                    (@CommSemiring.toSemiring.{u_1} 𝕜
                      (@Semifield.toCommSemiring.{u_1} 𝕜
                        (@Field.toSemifield.{u_1} 𝕜
                          (@NormedField.toField.{u_1} 𝕜 (@NontriviallyNormedField.toNormedField.{u_1} 𝕜 inst)))))
                    (@RingHom.id.{u_1} 𝕜
                      (@Semiring.toNonAssocSemiring.{u_1} 𝕜
                        (@CommSemiring.toSemiring.{u_1} 𝕜
                          (@Semifield.toCommSemiring.{u_1} 𝕜
                            (@Field.toSemifield.{u_1} 𝕜
                              (@NormedField.toField.{u_1} 𝕜 (@NontriviallyNormedField.toNormedField.{u_1} 𝕜 inst)))))))
                    E inst_3 (@AddCommGroup.toAddCommMonoid.{u_2} E inst_1) F inst_6
                    (@AddCommGroup.toAddCommMonoid.{u_3} F inst_4) inst_2 inst_5)
                  (nat_lit 0)
                  (@Zero.toOfNat0.{max u_2 u_3}
                    (@ContinuousLinearMap.{u_1, u_1, u_2, u_3} 𝕜 𝕜
                      (@CommSemiring.toSemiring.{u_1} 𝕜
                        (@Semifield.toCommSemiring.{u_1} 𝕜
                          (@Field.toSemifield.{u_1} 𝕜
                            (@NormedField.toField.{u_1} 𝕜 (@NontriviallyNormedField.toNormedField.{u_1} 𝕜 inst)))))
                      (@CommSemiring.toSemiring.{u_1} 𝕜
                        (@Semifield.toCommSemiring.{u_1} 𝕜
                          (@Field.toSemifield.{u_1} 𝕜
                            (@NormedField.toField.{u_1} 𝕜 (@NontriviallyNormedField.toNormedField.{u_1} 𝕜 inst)))))
                      (@RingHom.id.{u_1} 𝕜
                        (@Semiring.toNonAssocSemiring.{u_1} 𝕜
                          (@CommSemiring.toSemiring.{u_1} 𝕜
                            (@Semifield.toCommSemiring.{u_1} 𝕜
                              (@Field.toSemifield.{u_1} 𝕜
                                (@NormedField.toField.{u_1} 𝕜
                                  (@NontriviallyNormedField.toNormedField.{u_1} 𝕜 inst)))))))
                      E inst_3 (@AddCommGroup.toAddCommMonoid.{u_2} E inst_1) F inst_6
                      (@AddCommGroup.toAddCommMonoid.{u_3} F inst_4) inst_2 inst_5)
                    (@ContinuousLinearMap.zero.{u_1, u_1, u_2, u_3} 𝕜 𝕜
                      (@CommSemiring.toSemiring.{u_1} 𝕜
                        (@Semifield.toCommSemiring.{u_1} 𝕜
                          (@Field.toSemifield.{u_1} 𝕜
                            (@NormedField.toField.{u_1} 𝕜 (@NontriviallyNormedField.toNormedField.{u_1} 𝕜 inst)))))
                      (@CommSemiring.toSemiring.{u_1} 𝕜
                        (@Semifield.toCommSemiring.{u_1} 𝕜
                          (@Field.toSemifield.{u_1} 𝕜
                            (@NormedField.toField.{u_1} 𝕜 (@NontriviallyNormedField.toNormedField.{u_1} 𝕜 inst)))))
                      (@RingHom.id.{u_1} 𝕜
                        (@Semiring.toNonAssocSemiring.{u_1} 𝕜
                          (@CommSemiring.toSemiring.{u_1} 𝕜
                            (@Semifield.toCommSemiring.{u_1} 𝕜
                              (@Field.toSemifield.{u_1} 𝕜
                                (@NormedField.toField.{u_1} 𝕜
                                  (@NontriviallyNormedField.toNormedField.{u_1} 𝕜 inst)))))))
                      E inst_3 (@AddCommGroup.toAddCommMonoid.{u_2} E inst_1) F inst_6
                      (@AddCommGroup.toAddCommMonoid.{u_3} F inst_4) inst_2 inst_5)))
                (@HSub.hSub.{u_2, u_2, u_2} E E E
                  (@instHSub.{u_2} E
                    (@SubNegMonoid.toSub.{u_2} E
                      (@AddGroup.toSubNegMonoid.{u_2} E (@AddCommGroup.toAddGroup.{u_2} E inst_1))))
                  (@Prod.fst.{u_2, u_2} E E x) (@Prod.snd.{u_2, u_2} E E x)))))
          (@Eq.{u_3 + 1} F
            (@OfNat.ofNat.{u_3} F (nat_lit 0)
              (@Zero.toOfNat0.{u_3} F
                (@NegZeroClass.toZero.{u_3} F
                  (@SubNegZeroMonoid.toNegZeroClass.{u_3} F
                    (@SubtractionMonoid.toSubNegZeroMonoid.{u_3} F
                      (@SubtractionCommMonoid.toSubtractionMonoid.{u_3} F
                        (@AddCommGroup.toDivisionAddCommMonoid.{u_3} F inst_4)))))))
            (@OfNat.ofNat.{u_3} F (nat_lit 0)
              (@Zero.toOfNat0.{u_3} F
                (@AddZero.toZero.{u_3} F
                  (@AddZeroClass.toAddZero.{u_3} F
                    (@AddMonoid.toAddZeroClass.{u_3} F
                      (@SubNegMonoid.toAddMonoid.{u_3} F
                        (@AddGroup.toSubNegMonoid.{u_3} F (@AddCommGroup.toAddGroup.{u_3} F inst_4)))))))))
          True
          (@congrArg.{u_3 + 1, 1} F Prop
            (@HSub.hSub.{u_3, u_3, u_3} F F F
              (@instHSub.{u_3} F
                (@SubNegMonoid.toSub.{u_3} F
                  (@AddGroup.toSubNegMonoid.{u_3} F (@AddCommGroup.toAddGroup.{u_3} F inst_4))))
              (@HSub.hSub.{u_3, u_3, u_3} F F F
                (@instHSub.{u_3} F
                  (@SubNegMonoid.toSub.{u_3} F
                    (@AddGroup.toSubNegMonoid.{u_3} F (@AddCommGroup.toAddGroup.{u_3} F inst_4))))
                c c)
              (@DFunLike.coe.{max (u_2 + 1) (u_3 + 1), u_2 + 1, u_3 + 1}
                (@ContinuousLinearMap.{u_1, u_1, u_2, u_3} 𝕜 𝕜
                  (@CommSemiring.toSemiring.{u_1} 𝕜
                    (@Semifield.toCommSemiring.{u_1} 𝕜
                      (@Field.toSemifield.{u_1} 𝕜
                        (@NormedField.toField.{u_1} 𝕜 (@NontriviallyNormedField.toNormedField.{u_1} 𝕜 inst)))))
                  (@CommSemiring.toSemiring.{u_1} 𝕜
                    (@Semifield.toCommSemiring.{u_1} 𝕜
                      (@Field.toSemifield.{u_1} 𝕜
                        (@NormedField.toField.{u_1} 𝕜 (@NontriviallyNormedField.toNormedField.{u_1} 𝕜 inst)))))
                  (@RingHom.id.{u_1} 𝕜
                    (@Semiring.toNonAssocSemiring.{u_1} 𝕜
                      (@CommSemiring.toSemiring.{u_1} 𝕜
                        (@Semifield.toCommSemiring.{u_1} 𝕜
                          (@Field.toSemifield.{u_1} 𝕜
                            (@NormedField.toField.{u_1} 𝕜 (@NontriviallyNormedField.toNormedField.{u_1} 𝕜 inst)))))))
                  E inst_3 (@AddCommGroup.toAddCommMonoid.{u_2} E inst_1) F inst_6
                  (@AddCommGroup.toAddCommMonoid.{u_3} F inst_4) inst_2 inst_5)
                E (fun x => F)
                (@ContinuousLinearMap.funLike.{u_1, u_1, u_2, u_3} 𝕜 𝕜
                  (@CommSemiring.toSemiring.{u_1} 𝕜
                    (@Semifield.toCommSemiring.{u_1} 𝕜
                      (@Field.toSemifield.{u_1} 𝕜
                        (@NormedField.toField.{u_1} 𝕜 (@NontriviallyNormedField.toNormedField.{u_1} 𝕜 inst)))))
                  (@CommSemiring.toSemiring.{u_1} 𝕜
                    (@Semifield.toCommSemiring.{u_1} 𝕜
                      (@Field.toSemifield.{u_1} 𝕜
                        (@NormedField.toField.{u_1} 𝕜 (@NontriviallyNormedField.toNormedField.{u_1} 𝕜 inst)))))
                  (@RingHom.id.{u_1} 𝕜
                    (@Semiring.toNonAssocSemiring.{u_1} 𝕜
                      (@CommSemiring.toSemiring.{u_1} 𝕜
                        (@Semifield.toCommSemiring.{u_1} 𝕜
                          (@Field.toSemifield.{u_1} 𝕜
                            (@NormedField.toField.{u_1} 𝕜 (@NontriviallyNormedField.toNormedField.{u_1} 𝕜 inst)))))))
                  E inst_3 (@AddCommGroup.toAddCommMonoid.{u_2} E inst_1) F inst_6
                  (@AddCommGroup.toAddCommMonoid.{u_3} F inst_4) inst_2 inst_5)
                (@OfNat.ofNat.{max u_2 u_3}
                  (@ContinuousLinearMap.{u_1, u_1, u_2, u_3} 𝕜 𝕜
                    (@CommSemiring.toSemiring.{u_1} 𝕜
                      (@Semifield.toCommSemiring.{u_1} 𝕜
                        (@Field.toSemifield.{u_1} 𝕜
                          (@NormedField.toField.{u_1} 𝕜 (@NontriviallyNormedField.toNormedField.{u_1} 𝕜 inst)))))
                    (@CommSemiring.toSemiring.{u_1} 𝕜
                      (@Semifield.toCommSemiring.{u_1} 𝕜
                        (@Field.toSemifield.{u_1} 𝕜
                          (@NormedField.toField.{u_1} 𝕜 (@NontriviallyNormedField.toNormedField.{u_1} 𝕜 inst)))))
                    (@RingHom.id.{u_1} 𝕜
                      (@Semiring.toNonAssocSemiring.{u_1} 𝕜
                        (@CommSemiring.toSemiring.{u_1} 𝕜
                          (@Semifield.toCommSemiring.{u_1} 𝕜
                            (@Field.toSemifield.{u_1} 𝕜
                              (@NormedField.toField.{u_1} 𝕜 (@NontriviallyNormedField.toNormedField.{u_1} 𝕜 inst)))))))
                    E inst_3 (@AddCommGroup.toAddCommMonoid.{u_2} E inst_1) F inst_6
                    (@AddCommGroup.toAddCommMonoid.{u_3} F inst_4) inst_2 inst_5)
                  (nat_lit 0)
                  (@Zero.toOfNat0.{max u_2 u_3}
                    (@ContinuousLinearMap.{u_1, u_1, u_2, u_3} 𝕜 𝕜
                      (@CommSemiring.toSemiring.{u_1} 𝕜
                        (@Semifield.toCommSemiring.{u_1} 𝕜
                          (@Field.toSemifield.{u_1} 𝕜
                            (@NormedField.toField.{u_1} 𝕜 (@NontriviallyNormedField.toNormedField.{u_1} 𝕜 inst)))))
                      (@CommSemiring.toSemiring.{u_1} 𝕜
                        (@Semifield.toCommSemiring.{u_1} 𝕜
                          (@Field.toSemifield.{u_1} 𝕜
                            (@NormedField.toField.{u_1} 𝕜 (@NontriviallyNormedField.toNormedField.{u_1} 𝕜 inst)))))
                      (@RingHom.id.{u_1} 𝕜
                        (@Semiring.toNonAssocSemiring.{u_1} 𝕜
                          (@CommSemiring.toSemiring.{u_1} 𝕜
                            (@Semifield.toCommSemiring.{u_1} 𝕜
                              (@Field.toSemifield.{u_1} 𝕜
                                (@NormedField.toField.{u_1} 𝕜
                                  (@NontriviallyNormedField.toNormedField.{u_1} 𝕜 inst)))))))
                      E inst_3 (@AddCommGroup.toAddCommMonoid.{u_2} E inst_1) F inst_6
                      (@AddCommGroup.toAddCommMonoid.{u_3} F inst_4) inst_2 inst_5)
                    (@ContinuousLinearMap.zero.{u_1, u_1, u_2, u_3} 𝕜 𝕜
                      (@CommSemiring.toSemiring.{u_1} 𝕜
                        (@Semifield.toCommSemiring.{u_1} 𝕜
                          (@Field.toSemifield.{u_1} 𝕜
                            (@NormedField.toField.{u_1} 𝕜 (@NontriviallyNormedField.toNormedField.{u_1} 𝕜 inst)))))
                      (@CommSemiring.toSemiring.{u_1} 𝕜
                        (@Semifield.toCommSemiring.{u_1} 𝕜
                          (@Field.toSemifield.{u_1} 𝕜
                            (@NormedField.toField.{u_1} 𝕜 (@NontriviallyNormedField.toNormedField.{u_1} 𝕜 inst)))))
                      (@RingHom.id.{u_1} 𝕜
                        (@Semiring.toNonAssocSemiring.{u_1} 𝕜
                          (@CommSemiring.toSemiring.{u_1} 𝕜
                            (@Semifield.toCommSemiring.{u_1} 𝕜
                              (@Field.toSemifield.{u_1} 𝕜
                                (@NormedField.toField.{u_1} 𝕜
                                  (@NontriviallyNormedField.toNormedField.{u_1} 𝕜 inst)))))))
                      E inst_3 (@AddCommGroup.toAddCommMonoid.{u_2} E inst_1) F inst_6
                      (@AddCommGroup.toAddCommMonoid.{u_3} F inst_4) inst_2 inst_5)))
                (@HSub.hSub.{u_2, u_2, u_2} E E E
                  (@instHSub.{u_2} E
                    (@SubNegMonoid.toSub.{u_2} E
                      (@AddGroup.toSubNegMonoid.{u_2} E (@AddCommGroup.toAddGroup.{u_2} E inst_1))))
                  (@Prod.fst.{u_2, u_2} E E x) (@Prod.snd.{u_2, u_2} E E x))))
            (@OfNat.ofNat.{u_3} F (nat_lit 0)
              (@Zero.toOfNat0.{u_3} F
                (@AddZero.toZero.{u_3} F
                  (@AddZeroClass.toAddZero.{u_3} F
                    (@AddMonoid.toAddZeroClass.{u_3} F
                      (@SubNegMonoid.toAddMonoid.{u_3} F
                        (@AddGroup.toSubNegMonoid.{u_3} F (@AddCommGroup.toAddGroup.{u_3} F inst_4))))))))
            (@Eq.{u_3 + 1} F
              (@OfNat.ofNat.{u_3} F (nat_lit 0)
                (@Zero.toOfNat0.{u_3} F
                  (@NegZeroClass.toZero.{u_3} F
                    (@SubNegZeroMonoid.toNegZeroClass.{u_3} F
                      (@SubtractionMonoid.toSubNegZeroMonoid.{u_3} F
                        (@SubtractionCommMonoid.toSubtractionMonoid.{u_3} F
                          (@AddCommGroup.toDivisionAddCommMonoid.{u_3} F inst_4))))))))
            (@Eq.trans.{u_3 + 1} F
              (@HSub.hSub.{u_3, u_3, u_3} F F F
                (@instHSub.{u_3} F
                  (@SubNegMonoid.toSub.{u_3} F
                    (@AddGroup.toSubNegMonoid.{u_3} F (@AddCommGroup.toAddGroup.{u_3} F inst_4))))
                (@HSub.hSub.{u_3, u_3, u_3} F F F
                  (@instHSub.{u_3} F
                    (@SubNegMonoid.toSub.{u_3} F
                      (@AddGroup.toSubNegMonoid.{u_3} F (@AddCommGroup.toAddGroup.{u_3} F inst_4))))
                  c c)
                (@DFunLike.coe.{max (u_2 + 1) (u_3 + 1), u_2 + 1, u_3 + 1}
                  (@ContinuousLinearMap.{u_1, u_1, u_2, u_3} 𝕜 𝕜
                    (@CommSemiring.toSemiring.{u_1} 𝕜
                      (@Semifield.toCommSemiring.{u_1} 𝕜
                        (@Field.toSemifield.{u_1} 𝕜
                          (@NormedField.toField.{u_1} 𝕜 (@NontriviallyNormedField.toNormedField.{u_1} 𝕜 inst)))))
                    (@CommSemiring.toSemiring.{u_1} 𝕜
                      (@Semifield.toCommSemiring.{u_1} 𝕜
                        (@Field.toSemifield.{u_1} 𝕜
                          (@NormedField.toField.{u_1} 𝕜 (@NontriviallyNormedField.toNormedField.{u_1} 𝕜 inst)))))
                    (@RingHom.id.{u_1} 𝕜
                      (@Semiring.toNonAssocSemiring.{u_1} 𝕜
                        (@CommSemiring.toSemiring.{u_1} 𝕜
                          (@Semifield.toCommSemiring.{u_1} 𝕜
                            (@Field.toSemifield.{u_1} 𝕜
                              (@NormedField.toField.{u_1} 𝕜 (@NontriviallyNormedField.toNormedField.{u_1} 𝕜 inst)))))))
                    E inst_3 (@AddCommGroup.toAddCommMonoid.{u_2} E inst_1) F inst_6
                    (@AddCommGroup.toAddCommMonoid.{u_3} F inst_4) inst_2 inst_5)
                  E (fun x => F)
                  (@ContinuousLinearMap.funLike.{u_1, u_1, u_2, u_3} 𝕜 𝕜
                    (@CommSemiring.toSemiring.{u_1} 𝕜
                      (@Semifield.toCommSemiring.{u_1} 𝕜
                        (@Field.toSemifield.{u_1} 𝕜
                          (@NormedField.toField.{u_1} 𝕜 (@NontriviallyNormedField.toNormedField.{u_1} 𝕜 inst)))))
                    (@CommSemiring.toSemiring.{u_1} 𝕜
                      (@Semifield.toCommSemiring.{u_1} 𝕜
                        (@Field.toSemifield.{u_1} 𝕜
                          (@NormedField.toField.{u_1} 𝕜 (@NontriviallyNormedField.toNormedField.{u_1} 𝕜 inst)))))
                    (@RingHom.id.{u_1} 𝕜
                      (@Semiring.toNonAssocSemiring.{u_1} 𝕜
                        (@CommSemiring.toSemiring.{u_1} 𝕜
                          (@Semifield.toCommSemiring.{u_1} 𝕜
                            (@Field.toSemifield.{u_1} 𝕜
                              (@NormedField.toField.{u_1} 𝕜 (@NontriviallyNormedField.toNormedField.{u_1} 𝕜 inst)))))))
                    E inst_3 (@AddCommGroup.toAddCommMonoid.{u_2} E inst_1) F inst_6
                    (@AddCommGroup.toAddCommMonoid.{u_3} F inst_4) inst_2 inst_5)
                  (@OfNat.ofNat.{max u_2 u_3}
                    (@ContinuousLinearMap.{u_1, u_1, u_2, u_3} 𝕜 𝕜
                      (@CommSemiring.toSemiring.{u_1} 𝕜
                        (@Semifield.toCommSemiring.{u_1} 𝕜
                          (@Field.toSemifield.{u_1} 𝕜
                            (@NormedField.toField.{u_1} 𝕜 (@NontriviallyNormedField.toNormedField.{u_1} 𝕜 inst)))))
                      (@CommSemiring.toSemiring.{u_1} 𝕜
                        (@Semifield.toCommSemiring.{u_1} 𝕜
                          (@Field.toSemifield.{u_1} 𝕜
                            (@NormedField.toField.{u_1} 𝕜 (@NontriviallyNormedField.toNormedField.{u_1} 𝕜 inst)))))
                      (@RingHom.id.{u_1} 𝕜
                        (@Semiring.toNonAssocSemiring.{u_1} 𝕜
                          (@CommSemiring.toSemiring.{u_1} 𝕜
                            (@Semifield.toCommSemiring.{u_1} 𝕜
                              (@Field.toSemifield.{u_1} 𝕜
                                (@NormedField.toField.{u_1} 𝕜
                                  (@NontriviallyNormedField.toNormedField.{u_1} 𝕜 inst)))))))
                      E inst_3 (@AddCommGroup.toAddCommMonoid.{u_2} E inst_1) F inst_6
                      (@AddCommGroup.toAddCommMonoid.{u_3} F inst_4) inst_2 inst_5)
                    (nat_lit 0)
                    (@Zero.toOfNat0.{max u_2 u_3}
                      (@ContinuousLinearMap.{u_1, u_1, u_2, u_3} 𝕜 𝕜
                        (@CommSemiring.toSemiring.{u_1} 𝕜
                          (@Semifield.toCommSemiring.{u_1} 𝕜
                            (@Field.toSemifield.{u_1} 𝕜
                              (@NormedField.toField.{u_1} 𝕜 (@NontriviallyNormedField.toNormedField.{u_1} 𝕜 inst)))))
                        (@CommSemiring.toSemiring.{u_1} 𝕜
                          (@Semifield.toCommSemiring.{u_1} 𝕜
                            (@Field.toSemifield.{u_1} 𝕜
                              (@NormedField.toField.{u_1} 𝕜 (@NontriviallyNormedField.toNormedField.{u_1} 𝕜 inst)))))
                        (@RingHom.id.{u_1} 𝕜
                          (@Semiring.toNonAssocSemiring.{u_1} 𝕜
                            (@CommSemiring.toSemiring.{u_1} 𝕜
                              (@Semifield.toCommSemiring.{u_1} 𝕜
                                (@Field.toSemifield.{u_1} 𝕜
                                  (@NormedField.toField.{u_1} 𝕜
                                    (@NontriviallyNormedField.toNormedField.{u_1} 𝕜 inst)))))))
                        E inst_3 (@AddCommGroup.toAddCommMonoid.{u_2} E inst_1) F inst_6
                        (@AddCommGroup.toAddCommMonoid.{u_3} F inst_4) inst_2 inst_5)
                      (@ContinuousLinearMap.zero.{u_1, u_1, u_2, u_3} 𝕜 𝕜
                        (@CommSemiring.toSemiring.{u_1} 𝕜
                          (@Semifield.toCommSemiring.{u_1} 𝕜
                            (@Field.toSemifield.{u_1} 𝕜
                              (@NormedField.toField.{u_1} 𝕜 (@NontriviallyNormedField.toNormedField.{u_1} 𝕜 inst)))))
                        (@CommSemiring.toSemiring.{u_1} 𝕜
                          (@Semifield.toCommSemiring.{u_1} 𝕜
                            (@Field.toSemifield.{u_1} 𝕜
                              (@NormedField.toField.{u_1} 𝕜 (@NontriviallyNormedField.toNormedField.{u_1} 𝕜 inst)))))
                        (@RingHom.id.{u_1} 𝕜
                          (@Semiring.toNonAssocSemiring.{u_1} 𝕜
                            (@CommSemiring.toSemiring.{u_1} 𝕜
                              (@Semifield.toCommSemiring.{u_1} 𝕜
                                (@Field.toSemifield.{u_1} 𝕜
                                  (@NormedField.toField.{u_1} 𝕜
                                    (@NontriviallyNormedField.toNormedField.{u_1} 𝕜 inst)))))))
                        E inst_3 (@AddCommGroup.toAddCommMonoid.{u_2} E inst_1) F inst_6
                        (@AddCommGroup.toAddCommMonoid.{u_3} F inst_4) inst_2 inst_5)))
                  (@HSub.hSub.{u_2, u_2, u_2} E E E
                    (@instHSub.{u_2} E
                      (@SubNegMonoid.toSub.{u_2} E
                        (@AddGroup.toSubNegMonoid.{u_2} E (@AddCommGroup.toAddGroup.{u_2} E inst_1))))
                    (@Prod.fst.{u_2, u_2} E E x) (@Prod.snd.{u_2, u_2} E E x))))
              (@HSub.hSub.{u_3, u_3, u_3} F F F
                (@instHSub.{u_3} F
                  (@SubNegMonoid.toSub.{u_3} F
                    (@AddGroup.toSubNegMonoid.{u_3} F (@AddCommGroup.toAddGroup.{u_3} F inst_4))))
                (@OfNat.ofNat.{u_3} F (nat_lit 0)
                  (@Zero.toOfNat0.{u_3} F
                    (@AddZero.toZero.{u_3} F
                      (@AddZeroClass.toAddZero.{u_3} F
                        (@AddMonoid.toAddZeroClass.{u_3} F
                          (@SubNegMonoid.toAddMonoid.{u_3} F
                            (@AddGroup.toSubNegMonoid.{u_3} F (@AddCommGroup.toAddGroup.{u_3} F inst_4))))))))
                (@OfNat.ofNat.{u_3} F (nat_lit 0)
                  (@Zero.toOfNat0.{u_3} F
                    (@NegZeroClass.toZero.{u_3} F
                      (@SubNegZeroMonoid.toNegZeroClass.{u_3} F
                        (@SubtractionMonoid.toSubNegZeroMonoid.{u_3} F
                          (@SubtractionCommMonoid.toSubtractionMonoid.{u_3} F
                            (@AddCommGroup.toDivisionAddCommMonoid.{u_3} F inst_4))))))))
              (@OfNat.ofNat.{u_3} F (nat_lit 0)
                (@Zero.toOfNat0.{u_3} F
                  (@AddZero.toZero.{u_3} F
                    (@AddZeroClass.toAddZero.{u_3} F
                      (@AddMonoid.toAddZeroClass.{u_3} F
                        (@SubNegMonoid.toAddMonoid.{u_3} F
                          (@AddGroup.toSubNegMonoid.{u_3} F (@AddCommGroup.toAddGroup.{u_3} F inst_4))))))))
              (@congr.{u_3 + 1, u_3 + 1} F F
                (@HSub.hSub.{u_3, u_3, u_3} F F F
                  (@instHSub.{u_3} F
                    (@SubNegMonoid.toSub.{u_3} F
                      (@AddGroup.toSubNegMonoid.{u_3} F (@AddCommGroup.toAddGroup.{u_3} F inst_4))))
                  (@HSub.hSub.{u_3, u_3, u_3} F F F
                    (@instHSub.{u_3} F
                      (@SubNegMonoid.toSub.{u_3} F
                        (@AddGroup.toSubNegMonoid.{u_3} F (@AddCommGroup.toAddGroup.{u_3} F inst_4))))
                    c c))
                (@HSub.hSub.{u_3, u_3, u_3} F F F
                  (@instHSub.{u_3} F
                    (@SubNegMonoid.toSub.{u_3} F
                      (@AddGroup.toSubNegMonoid.{u_3} F (@AddCommGroup.toAddGroup.{u_3} F inst_4))))
                  (@OfNat.ofNat.{u_3} F (nat_lit 0)
                    (@Zero.toOfNat0.{u_3} F
                      (@AddZero.toZero.{u_3} F
                        (@AddZeroClass.toAddZero.{u_3} F
                          (@AddMonoid.toAddZeroClass.{u_3} F
                            (@SubNegMonoid.toAddMonoid.{u_3} F
                              (@AddGroup.toSubNegMonoid.{u_3} F (@AddCommGroup.toAddGroup.{u_3} F inst_4)))))))))
                (@DFunLike.coe.{max (u_2 + 1) (u_3 + 1), u_2 + 1, u_3 + 1}
                  (@ContinuousLinearMap.{u_1, u_1, u_2, u_3} 𝕜 𝕜
                    (@CommSemiring.toSemiring.{u_1} 𝕜
                      (@Semifield.toCommSemiring.{u_1} 𝕜
                        (@Field.toSemifield.{u_1} 𝕜
                          (@NormedField.toField.{u_1} 𝕜 (@NontriviallyNormedField.toNormedField.{u_1} 𝕜 inst)))))
                    (@CommSemiring.toSemiring.{u_1} 𝕜
                      (@Semifield.toCommSemiring.{u_1} 𝕜
                        (@Field.toSemifield.{u_1} 𝕜
                          (@NormedField.toField.{u_1} 𝕜 (@NontriviallyNormedField.toNormedField.{u_1} 𝕜 inst)))))
                    (@RingHom.id.{u_1} 𝕜
                      (@Semiring.toNonAssocSemiring.{u_1} 𝕜
                        (@CommSemiring.toSemiring.{u_1} 𝕜
                          (@Semifield.toCommSemiring.{u_1} 𝕜
                            (@Field.toSemifield.{u_1} 𝕜
                              (@NormedField.toField.{u_1} 𝕜 (@NontriviallyNormedField.toNormedField.{u_1} 𝕜 inst)))))))
                    E inst_3 (@AddCommGroup.toAddCommMonoid.{u_2} E inst_1) F inst_6
                    (@AddCommGroup.toAddCommMonoid.{u_3} F inst_4) inst_2 inst_5)
                  E (fun x => F)
                  (@ContinuousLinearMap.funLike.{u_1, u_1, u_2, u_3} 𝕜 𝕜
                    (@CommSemiring.toSemiring.{u_1} 𝕜
                      (@Semifield.toCommSemiring.{u_1} 𝕜
                        (@Field.toSemifield.{u_1} 𝕜
                          (@NormedField.toField.{u_1} 𝕜 (@NontriviallyNormedField.toNormedField.{u_1} 𝕜 inst)))))
                    (@CommSemiring.toSemiring.{u_1} 𝕜
                      (@Semifield.toCommSemiring.{u_1} 𝕜
                        (@Field.toSemifield.{u_1} 𝕜
                          (@NormedField.toField.{u_1} 𝕜 (@NontriviallyNormedField.toNormedField.{u_1} 𝕜 inst)))))
                    (@RingHom.id.{u_1} 𝕜
                      (@Semiring.toNonAssocSemiring.{u_1} 𝕜
                        (@CommSemiring.toSemiring.{u_1} 𝕜
                          (@Semifield.toCommSemiring.{u_1} 𝕜
                            (@Field.toSemifield.{u_1} 𝕜
                              (@NormedField.toField.{u_1} 𝕜 (@NontriviallyNormedField.toNormedField.{u_1} 𝕜 inst)))))))
                    E inst_3 (@AddCommGroup.toAddCommMonoid.{u_2} E inst_1) F inst_6
                    (@AddCommGroup.toAddCommMonoid.{u_3} F inst_4) inst_2 inst_5)
                  (@OfNat.ofNat.{max u_2 u_3}
                    (@ContinuousLinearMap.{u_1, u_1, u_2, u_3} 𝕜 𝕜
                      (@CommSemiring.toSemiring.{u_1} 𝕜
                        (@Semifield.toCommSemiring.{u_1} 𝕜
                          (@Field.toSemifield.{u_1} 𝕜
                            (@NormedField.toField.{u_1} 𝕜 (@NontriviallyNormedField.toNormedField.{u_1} 𝕜 inst)))))
                      (@CommSemiring.toSemiring.{u_1} 𝕜
                        (@Semifield.toCommSemiring.{u_1} 𝕜
                          (@Field.toSemifield.{u_1} 𝕜
                            (@NormedField.toField.{u_1} 𝕜 (@NontriviallyNormedField.toNormedField.{u_1} 𝕜 inst)))))
                      (@RingHom.id.{u_1} 𝕜
                        (@Semiring.toNonAssocSemiring.{u_1} 𝕜
                          (@CommSemiring.toSemiring.{u_1} 𝕜
                            (@Semifield.toCommSemiring.{u_1} 𝕜
                              (@Field.toSemifield.{u_1} 𝕜
                                (@NormedField.toField.{u_1} 𝕜
                                  (@NontriviallyNormedField.toNormedField.{u_1} 𝕜 inst)))))))
                      E inst_3 (@AddCommGroup.toAddCommMonoid.{u_2} E inst_1) F inst_6
                      (@AddCommGroup.toAddCommMonoid.{u_3} F inst_4) inst_2 inst_5)
                    (nat_lit 0)
                    (@Zero.toOfNat0.{max u_2 u_3}
                      (@ContinuousLinearMap.{u_1, u_1, u_2, u_3} 𝕜 𝕜
                        (@CommSemiring.toSemiring.{u_1} 𝕜
                          (@Semifield.toCommSemiring.{u_1} 𝕜
                            (@Field.toSemifield.{u_1} 𝕜
                              (@NormedField.toField.{u_1} 𝕜 (@NontriviallyNormedField.toNormedField.{u_1} 𝕜 inst)))))
                        (@CommSemiring.toSemiring.{u_1} 𝕜
                          (@Semifield.toCommSemiring.{u_1} 𝕜
                            (@Field.toSemifield.{u_1} 𝕜
                              (@NormedField.toField.{u_1} 𝕜 (@NontriviallyNormedField.toNormedField.{u_1} 𝕜 inst)))))
                        (@RingHom.id.{u_1} 𝕜
                          (@Semiring.toNonAssocSemiring.{u_1} 𝕜
                            (@CommSemiring.toSemiring.{u_1} 𝕜
                              (@Semifield.toCommSemiring.{u_1} 𝕜
                                (@Field.toSemifield.{u_1} 𝕜
                                  (@NormedField.toField.{u_1} 𝕜
                                    (@NontriviallyNormedField.toNormedField.{u_1} 𝕜 inst)))))))
                        E inst_3 (@AddCommGroup.toAddCommMonoid.{u_2} E inst_1) F inst_6
                        (@AddCommGroup.toAddCommMonoid.{u_3} F inst_4) inst_2 inst_5)
                      (@ContinuousLinearMap.zero.{u_1, u_1, u_2, u_3} 𝕜 𝕜
                        (@CommSemiring.toSemiring.{u_1} 𝕜
                          (@Semifield.toCommSemiring.{u_1} 𝕜
                            (@Field.toSemifield.{u_1} 𝕜
                              (@NormedField.toField.{u_1} 𝕜 (@NontriviallyNormedField.toNormedField.{u_1} 𝕜 inst)))))
                        (@CommSemiring.toSemiring.{u_1} 𝕜
                          (@Semifield.toCommSemiring.{u_1} 𝕜
                            (@Field.toSemifield.{u_1} 𝕜
                              (@NormedField.toField.{u_1} 𝕜 (@NontriviallyNormedField.toNormedField.{u_1} 𝕜 inst)))))
                        (@RingHom.id.{u_1} 𝕜
                          (@Semiring.toNonAssocSemiring.{u_1} 𝕜
                            (@CommSemiring.toSemiring.{u_1} 𝕜
                              (@Semifield.toCommSemiring.{u_1} 𝕜
                                (@Field.toSemifield.{u_1} 𝕜
                                  (@NormedField.toField.{u_1} 𝕜
                                    (@NontriviallyNormedField.toNormedField.{u_1} 𝕜 inst)))))))
                        E inst_3 (@AddCommGroup.toAddCommMonoid.{u_2} E inst_1) F inst_6
                        (@AddCommGroup.toAddCommMonoid.{u_3} F inst_4) inst_2 inst_5)))
                  (@HSub.hSub.{u_2, u_2, u_2} E E E
                    (@instHSub.{u_2} E
                      (@SubNegMonoid.toSub.{u_2} E
                        (@AddGroup.toSubNegMonoid.{u_2} E (@AddCommGroup.toAddGroup.{u_2} E inst_1))))
                    (@Prod.fst.{u_2, u_2} E E x) (@Prod.snd.{u_2, u_2} E E x)))
                (@OfNat.ofNat.{u_3} F (nat_lit 0)
                  (@Zero.toOfNat0.{u_3} F
                    (@NegZeroClass.toZero.{u_3} F
                      (@SubNegZeroMonoid.toNegZeroClass.{u_3} F
                        (@SubtractionMonoid.toSubNegZeroMonoid.{u_3} F
                          (@SubtractionCommMonoid.toSubtractionMonoid.{u_3} F
                            (@AddCommGroup.toDivisionAddCommMonoid.{u_3} F inst_4)))))))
                (@congrArg.{u_3 + 1, u_3 + 1} F (F → F)
                  (@HSub.hSub.{u_3, u_3, u_3} F F F
                    (@instHSub.{u_3} F
                      (@SubNegMonoid.toSub.{u_3} F
                        (@AddGroup.toSubNegMonoid.{u_3} F (@AddCommGroup.toAddGroup.{u_3} F inst_4))))
                    c c)
                  (@OfNat.ofNat.{u_3} F (nat_lit 0)
                    (@Zero.toOfNat0.{u_3} F
                      (@AddZero.toZero.{u_3} F
                        (@AddZeroClass.toAddZero.{u_3} F
                          (@AddMonoid.toAddZeroClass.{u_3} F
                            (@SubNegMonoid.toAddMonoid.{u_3} F
                              (@AddGroup.toSubNegMonoid.{u_3} F (@AddCommGroup.toAddGroup.{u_3} F inst_4))))))))
                  (@HSub.hSub.{u_3, u_3, u_3} F F F
                    (@instHSub.{u_3} F
                      (@SubNegMonoid.toSub.{u_3} F
                        (@AddGroup.toSubNegMonoid.{u_3} F (@AddCommGroup.toAddGroup.{u_3} F inst_4)))))
                  (@sub_self.{u_3} F (@AddCommGroup.toAddGroup.{u_3} F inst_4) c))
                (@zero_apply.{max u_2 u_3, u_2, u_3}
                  (@ContinuousLinearMap.{u_1, u_1, u_2, u_3} 𝕜 𝕜
                    (@CommSemiring.toSemiring.{u_1} 𝕜
                      (@Semifield.toCommSemiring.{u_1} 𝕜
                        (@Field.toSemifield.{u_1} 𝕜
                          (@NormedField.toField.{u_1} 𝕜 (@NontriviallyNormedField.toNormedField.{u_1} 𝕜 inst)))))
                    (@CommSemiring.toSemiring.{u_1} 𝕜
                      (@Semifield.toCommSemiring.{u_1} 𝕜
                        (@Field.toSemifield.{u_1} 𝕜
                          (@NormedField.toField.{u_1} 𝕜 (@NontriviallyNormedField.toNormedField.{u_1} 𝕜 inst)))))
                    (@RingHom.id.{u_1} 𝕜
                      (@Semiring.toNonAssocSemiring.{u_1} 𝕜
                        (@CommSemiring.toSemiring.{u_1} 𝕜
                          (@Semifield.toCommSemiring.{u_1} 𝕜
                            (@Field.toSemifield.{u_1} 𝕜
                              (@NormedField.toField.{u_1} 𝕜 (@NontriviallyNormedField.toNormedField.{u_1} 𝕜 inst)))))))
                    E inst_3 (@AddCommGroup.toAddCommMonoid.{u_2} E inst_1) F inst_6
                    (@AddCommGroup.toAddCommMonoid.{u_3} F inst_4) inst_2 inst_5)
                  E F
                  (@ContinuousLinearMap.funLike.{u_1, u_1, u_2, u_3} 𝕜 𝕜
                    (@CommSemiring.toSemiring.{u_1} 𝕜
                      (@Semifield.toCommSemiring.{u_1} 𝕜
                        (@Field.toSemifield.{u_1} 𝕜
                          (@NormedField.toField.{u_1} 𝕜 (@NontriviallyNormedField.toNormedField.{u_1} 𝕜 inst)))))
                    (@CommSemiring.toSemiring.{u_1} 𝕜
                      (@Semifield.toCommSemiring.{u_1} 𝕜
                        (@Field.toSemifield.{u_1} 𝕜
                          (@NormedField.toField.{u_1} 𝕜 (@NontriviallyNormedField.toNormedField.{u_1} 𝕜 inst)))))
                    (@RingHom.id.{u_1} 𝕜
                      (@Semiring.toNonAssocSemiring.{u_1} 𝕜
                        (@CommSemiring.toSemiring.{u_1} 𝕜
                          (@Semifield.toCommSemiring.{u_1} 𝕜
                            (@Field.toSemifield.{u_1} 𝕜
                              (@NormedField.toField.{u_1} 𝕜 (@NontriviallyNormedField.toNormedField.{u_1} 𝕜 inst)))))))
                    E inst_3 (@AddCommGroup.toAddCommMonoid.{u_2} E inst_1) F inst_6
                    (@AddCommGroup.toAddCommMonoid.{u_3} F inst_4) inst_2 inst_5)
                  (@NegZeroClass.toZero.{u_3} F
                    (@SubNegZeroMonoid.toNegZeroClass.{u_3} F
                      (@SubtractionMonoid.toSubNegZeroMonoid.{u_3} F
                        (@SubtractionCommMonoid.toSubtractionMonoid.{u_3} F
                          (@AddCommGroup.toDivisionAddCommMonoid.{u_3} F inst_4)))))
                  (@ContinuousLinearMap.zero.{u_1, u_1, u_2, u_3} 𝕜 𝕜
                    (@CommSemiring.toSemiring.{u_1} 𝕜
                      (@Semifield.toCommSemiring.{u_1} 𝕜
                        (@Field.toSemifield.{u_1} 𝕜
                          (@NormedField.toField.{u_1} 𝕜 (@NontriviallyNormedField.toNormedField.{u_1} 𝕜 inst)))))
                    (@CommSemiring.toSemiring.{u_1} 𝕜
                      (@Semifield.toCommSemiring.{u_1} 𝕜
                        (@Field.toSemifield.{u_1} 𝕜
                          (@NormedField.toField.{u_1} 𝕜 (@NontriviallyNormedField.toNormedField.{u_1} 𝕜 inst)))))
                    (@RingHom.id.{u_1} 𝕜
                      (@Semiring.toNonAssocSemiring.{u_1} 𝕜
                        (@CommSemiring.toSemiring.{u_1} 𝕜
                          (@Semifield.toCommSemiring.{u_1} 𝕜
                            (@Field.toSemifield.{u_1} 𝕜
                              (@NormedField.toField.{u_1} 𝕜 (@NontriviallyNormedField.toNormedField.{u_1} 𝕜 inst)))))))
                    E inst_3 (@AddCommGroup.toAddCommMonoid.{u_2} E inst_1) F inst_6
                    (@AddCommGroup.toAddCommMonoid.{u_3} F inst_4) inst_2 inst_5)
                  (@ContinuousLinearMap.instIsZeroApply.{u_1, u_1, u_2, u_3} 𝕜 𝕜
                    (@CommSemiring.toSemiring.{u_1} 𝕜
                      (@Semifield.toCommSemiring.{u_1} 𝕜
                        (@Field.toSemifield.{u_1} 𝕜
                          (@NormedField.toField.{u_1} 𝕜 (@NontriviallyNormedField.toNormedField.{u_1} 𝕜 inst)))))
                    (@CommSemiring.toSemiring.{u_1} 𝕜
                      (@Semifield.toCommSemiring.{u_1} 𝕜
                        (@Field.toSemifield.{u_1} 𝕜
                          (@NormedField.toField.{u_1} 𝕜 (@NontriviallyNormedField.toNormedField.{u_1} 𝕜 inst)))))
                    (@RingHom.id.{u_1} 𝕜
                      (@Semiring.toNonAssocSemiring.{u_1} 𝕜
                        (@CommSemiring.toSemiring.{u_1} 𝕜
                          (@Semifield.toCommSemiring.{u_1} 𝕜
                            (@Field.toSemifield.{u_1} 𝕜
                              (@NormedField.toField.{u_1} 𝕜 (@NontriviallyNormedField.toNormedField.{u_1} 𝕜 inst)))))))
                    E inst_3 (@AddCommGroup.toAddCommMonoid.{u_2} E inst_1) F inst_6
                    (@AddCommGroup.toAddCommMonoid.{u_3} F inst_4) inst_2 inst_5)
                  (@HSub.hSub.{u_2, u_2, u_2} E E E
                    (@instHSub.{u_2} E
                      (@SubNegMonoid.toSub.{u_2} E
                        (@AddGroup.toSubNegMonoid.{u_2} E (@AddCommGroup.toAddGroup.{u_2} E inst_1))))
                    (@Prod.fst.{u_2, u_2} E E x) (@Prod.snd.{u_2, u_2} E E x))))
              (@sub_self.{u_3} F (@AddCommGroup.toAddGroup.{u_3} F inst_4)
                (@OfNat.ofNat.{u_3} F (nat_lit 0)
                  (@Zero.toOfNat0.{u_3} F
                    (@AddZero.toZero.{u_3} F
                      (@AddZeroClass.toAddZero.{u_3} F
                        (@AddMonoid.toAddZeroClass.{u_3} F
                          (@SubNegMonoid.toAddMonoid.{u_3} F
                            (@AddGroup.toSubNegMonoid.{u_3} F (@AddCommGroup.toAddGroup.{u_3} F inst_4)))))))))))
          (@eq_self.{u_3 + 1} F
            (@OfNat.ofNat.{u_3} F (nat_lit 0)
              (@Zero.toOfNat0.{u_3} F
                (@NegZeroClass.toZero.{u_3} F
                  (@SubNegZeroMonoid.toNegZeroClass.{u_3} F
                    (@SubtractionMonoid.toSubNegZeroMonoid.{u_3} F
                      (@SubtractionCommMonoid.toSubtractionMonoid.{u_3} F
                        (@AddCommGroup.toDivisionAddCommMonoid.{u_3} F inst_4))))))))))
theorem HasFDerivAt.congr_of_eventuallyEq.{u_1, u_2, u_3} : ∀ {𝕜 : Type u_1} [inst : NontriviallyNormedField.{u_1} 𝕜]
  {E : Type u_2} [inst_1 : AddCommGroup.{u_2} E]
  [inst_2 :
    @Module.{u_1, u_2} 𝕜 E
      (@CommSemiring.toSemiring.{u_1} 𝕜
        (@Semifield.toCommSemiring.{u_1} 𝕜
          (@Field.toSemifield.{u_1} 𝕜
            (@NormedField.toField.{u_1} 𝕜 (@NontriviallyNormedField.toNormedField.{u_1} 𝕜 inst)))))
      (@AddCommGroup.toAddCommMonoid.{u_2} E inst_1)]
  [inst_3 : TopologicalSpace.{u_2} E] {F : Type u_3} [inst_4 : AddCommGroup.{u_3} F]
  [inst_5 :
    @Module.{u_1, u_3} 𝕜 F
      (@CommSemiring.toSemiring.{u_1} 𝕜
        (@Semifield.toCommSemiring.{u_1} 𝕜
          (@Field.toSemifield.{u_1} 𝕜
            (@NormedField.toField.{u_1} 𝕜 (@NontriviallyNormedField.toNormedField.{u_1} 𝕜 inst)))))
      (@AddCommGroup.toAddCommMonoid.{u_3} F inst_4)]
  [inst_6 : TopologicalSpace.{u_3} F] {f f₁ : E → F}
  {f' :
    @ContinuousLinearMap.{u_1, u_1, u_2, u_3} 𝕜 𝕜
      (@CommSemiring.toSemiring.{u_1} 𝕜
        (@Semifield.toCommSemiring.{u_1} 𝕜
          (@Field.toSemifield.{u_1} 𝕜
            (@NormedField.toField.{u_1} 𝕜 (@NontriviallyNormedField.toNormedField.{u_1} 𝕜 inst)))))
      (@CommSemiring.toSemiring.{u_1} 𝕜
        (@Semifield.toCommSemiring.{u_1} 𝕜
          (@Field.toSemifield.{u_1} 𝕜
            (@NormedField.toField.{u_1} 𝕜 (@NontriviallyNormedField.toNormedField.{u_1} 𝕜 inst)))))
      (@RingHom.id.{u_1} 𝕜
        (@Semiring.toNonAssocSemiring.{u_1} 𝕜
          (@CommSemiring.toSemiring.{u_1} 𝕜
            (@Semifield.toCommSemiring.{u_1} 𝕜
              (@Field.toSemifield.{u_1} 𝕜
                (@NormedField.toField.{u_1} 𝕜 (@NontriviallyNormedField.toNormedField.{u_1} 𝕜 inst)))))))
      E inst_3 (@AddCommGroup.toAddCommMonoid.{u_2} E inst_1) F inst_6 (@AddCommGroup.toAddCommMonoid.{u_3} F inst_4)
      inst_2 inst_5}
  {x : E},
  @HasFDerivAt.{u_1, u_2, u_3} 𝕜 inst E inst_1 inst_2 inst_3 F inst_4 inst_5 inst_6 f f' x →
    @Filter.EventuallyEq.{u_2, u_3} E F (@nhds.{u_2} E inst_3 x) f₁ f →
      @HasFDerivAt.{u_1, u_2, u_3} 𝕜 inst E inst_1 inst_2 inst_3 F inst_4 inst_5 inst_6 f₁ f' x :=
fun {𝕜} [inst : NontriviallyNormedField.{u_1} 𝕜] {E} [inst_1 : AddCommGroup.{u_2} E]
    [inst_2 :
      @Module.{u_1, u_2} 𝕜 E
        (@CommSemiring.toSemiring.{u_1} 𝕜
          (@Semifield.toCommSemiring.{u_1} 𝕜
            (@Field.toSemifield.{u_1} 𝕜
              (@NormedField.toField.{u_1} 𝕜 (@NontriviallyNormedField.toNormedField.{u_1} 𝕜 inst)))))
        (@AddCommGroup.toAddCommMonoid.{u_2} E inst_1)]
    [inst_3 : TopologicalSpace.{u_2} E] {F} [inst_4 : AddCommGroup.{u_3} F]
    [inst_5 :
      @Module.{u_1, u_3} 𝕜 F
        (@CommSemiring.toSemiring.{u_1} 𝕜
          (@Semifield.toCommSemiring.{u_1} 𝕜
            (@Field.toSemifield.{u_1} 𝕜
              (@NormedField.toField.{u_1} 𝕜 (@NontriviallyNormedField.toNormedField.{u_1} 𝕜 inst)))))
        (@AddCommGroup.toAddCommMonoid.{u_3} F inst_4)]
    [inst_6 : TopologicalSpace.{u_3} F] {f f₁} {f'} {x} h h₁ =>
  @Iff.mpr (@HasFDerivAt.{u_1, u_2, u_3} 𝕜 inst E inst_1 inst_2 inst_3 F inst_4 inst_5 inst_6 f₁ f' x)
    (@HasFDerivAt.{u_1, u_2, u_3} 𝕜 inst E inst_1 inst_2 inst_3 F inst_4 inst_5 inst_6 f f' x)
    (@Filter.EventuallyEq.hasFDerivAt_iff.{u_1, u_2, u_3} 𝕜 inst E inst_1 inst_2 inst_3 F inst_4 inst_5 inst_6 f₁ f f' x
      h₁)
    h
theorem Filter.EventuallyEq.hasFDerivAt_iff.{u_1, u_2, u_3} : ∀ {𝕜 : Type u_1} [inst : NontriviallyNormedField.{u_1} 𝕜]
  {E : Type u_2} [inst_1 : AddCommGroup.{u_2} E]
  [inst_2 :
    @Module.{u_1, u_2} 𝕜 E
      (@CommSemiring.toSemiring.{u_1} 𝕜
        (@Semifield.toCommSemiring.{u_1} 𝕜
          (@Field.toSemifield.{u_1} 𝕜
            (@NormedField.toField.{u_1} 𝕜 (@NontriviallyNormedField.toNormedField.{u_1} 𝕜 inst)))))
      (@AddCommGroup.toAddCommMonoid.{u_2} E inst_1)]
  [inst_3 : TopologicalSpace.{u_2} E] {F : Type u_3} [inst_4 : AddCommGroup.{u_3} F]
  [inst_5 :
    @Module.{u_1, u_3} 𝕜 F
      (@CommSemiring.toSemiring.{u_1} 𝕜
        (@Semifield.toCommSemiring.{u_1} 𝕜
          (@Field.toSemifield.{u_1} 𝕜
            (@NormedField.toField.{u_1} 𝕜 (@NontriviallyNormedField.toNormedField.{u_1} 𝕜 inst)))))
      (@AddCommGroup.toAddCommMonoid.{u_3} F inst_4)]
  [inst_6 : TopologicalSpace.{u_3} F] {f₀ f₁ : E → F}
  {f' :
    @ContinuousLinearMap.{u_1, u_1, u_2, u_3} 𝕜 𝕜
      (@CommSemiring.toSemiring.{u_1} 𝕜
        (@Semifield.toCommSemiring.{u_1} 𝕜
          (@Field.toSemifield.{u_1} 𝕜
            (@NormedField.toField.{u_1} 𝕜 (@NontriviallyNormedField.toNormedField.{u_1} 𝕜 inst)))))
      (@CommSemiring.toSemiring.{u_1} 𝕜
        (@Semifield.toCommSemiring.{u_1} 𝕜
          (@Field.toSemifield.{u_1} 𝕜
            (@NormedField.toField.{u_1} 𝕜 (@NontriviallyNormedField.toNormedField.{u_1} 𝕜 inst)))))
      (@RingHom.id.{u_1} 𝕜
        (@Semiring.toNonAssocSemiring.{u_1} 𝕜
          (@CommSemiring.toSemiring.{u_1} 𝕜
            (@Semifield.toCommSemiring.{u_1} 𝕜
              (@Field.toSemifield.{u_1} 𝕜
                (@NormedField.toField.{u_1} 𝕜 (@NontriviallyNormedField.toNormedField.{u_1} 𝕜 inst)))))))
      E inst_3 (@AddCommGroup.toAddCommMonoid.{u_2} E inst_1) F inst_6 (@AddCommGroup.toAddCommMonoid.{u_3} F inst_4)
      inst_2 inst_5}
  {x : E},
  @Filter.EventuallyEq.{u_2, u_3} E F (@nhds.{u_2} E inst_3 x) f₀ f₁ →
    Iff (@HasFDerivAt.{u_1, u_2, u_3} 𝕜 inst E inst_1 inst_2 inst_3 F inst_4 inst_5 inst_6 f₀ f' x)
      (@HasFDerivAt.{u_1, u_2, u_3} 𝕜 inst E inst_1 inst_2 inst_3 F inst_4 inst_5 inst_6 f₁ f' x) :=
fun {𝕜} [inst : NontriviallyNormedField.{u_1} 𝕜] {E} [inst_1 : AddCommGroup.{u_2} E]
    [inst_2 :
      @Module.{u_1, u_2} 𝕜 E
        (@CommSemiring.toSemiring.{u_1} 𝕜
          (@Semifield.toCommSemiring.{u_1} 𝕜
            (@Field.toSemifield.{u_1} 𝕜
              (@NormedField.toField.{u_1} 𝕜 (@NontriviallyNormedField.toNormedField.{u_1} 𝕜 inst)))))
        (@AddCommGroup.toAddCommMonoid.{u_2} E inst_1)]
    [inst_3 : TopologicalSpace.{u_2} E] {F} [inst_4 : AddCommGroup.{u_3} F]
    [inst_5 :
      @Module.{u_1, u_3} 𝕜 F
        (@CommSemiring.toSemiring.{u_1} 𝕜
          (@Semifield.toCommSemiring.{u_1} 𝕜
            (@Field.toSemifield.{u_1} 𝕜
              (@NormedField.toField.{u_1} 𝕜 (@NontriviallyNormedField.toNormedField.{u_1} 𝕜 inst)))))
        (@AddCommGroup.toAddCommMonoid.{u_3} F inst_4)]
    [inst_6 : TopologicalSpace.{u_3} F] {f₀ f₁} {f'} {x} h =>
  @Filter.EventuallyEq.hasFDerivAtFilter_iff.{u_1, u_2, u_3} 𝕜 inst E inst_1 inst_2 inst_3 F inst_4 inst_5 inst_6 f₀ f₁
    f' f'
    (@SProd.sprod.{u_2, u_2, u_2} (Filter.{u_2} E) (Filter.{u_2} E) (Filter.{u_2} (Prod.{u_2, u_2} E E))
      (@Filter.instSProd.{u_2, u_2} E E) (@nhds.{u_2} E inst_3 x)
      (@pure.{u_2, u_2} Filter.{u_2} Filter.instPure.{u_2} E x))
    (@Filter.EventuallyEq.prodMap.{u_2, u_2, u_3, u_3} E E F F (@nhds.{u_2} E inst_3 x) f₀ f₁ h
      (@pure.{u_2, u_2} Filter.{u_2} Filter.instPure.{u_2} E x) f₀ f₁
      (@Filter.EventuallyEq.filter_mono.{u_2, u_3} E F (@nhds.{u_2} E inst_3 x)
        (@pure.{u_2, u_2} Filter.{u_2} Filter.instPure.{u_2} E x) f₀ f₁ h (@pure_le_nhds.{u_2} E inst_3 x)))
    fun x =>
    @rfl.{u_3 + 1} F
      (@DFunLike.coe.{max (u_2 + 1) (u_3 + 1), u_2 + 1, u_3 + 1}
        (@ContinuousLinearMap.{u_1, u_1, u_2, u_3} 𝕜 𝕜
          (@CommSemiring.toSemiring.{u_1} 𝕜
            (@Semifield.toCommSemiring.{u_1} 𝕜
              (@Field.toSemifield.{u_1} 𝕜
                (@NormedField.toField.{u_1} 𝕜 (@NontriviallyNormedField.toNormedField.{u_1} 𝕜 inst)))))
          (@CommSemiring.toSemiring.{u_1} 𝕜
            (@Semifield.toCommSemiring.{u_1} 𝕜
              (@Field.toSemifield.{u_1} 𝕜
                (@NormedField.toField.{u_1} 𝕜 (@NontriviallyNormedField.toNormedField.{u_1} 𝕜 inst)))))
          (@RingHom.id.{u_1} 𝕜
            (@Semiring.toNonAssocSemiring.{u_1} 𝕜
              (@CommSemiring.toSemiring.{u_1} 𝕜
                (@Semifield.toCommSemiring.{u_1} 𝕜
                  (@Field.toSemifield.{u_1} 𝕜
                    (@NormedField.toField.{u_1} 𝕜 (@NontriviallyNormedField.toNormedField.{u_1} 𝕜 inst)))))))
          E inst_3 (@AddCommGroup.toAddCommMonoid.{u_2} E inst_1) F inst_6
          (@AddCommGroup.toAddCommMonoid.{u_3} F inst_4) inst_2 inst_5)
        E (fun x => F)
        (@ContinuousLinearMap.funLike.{u_1, u_1, u_2, u_3} 𝕜 𝕜
          (@CommSemiring.toSemiring.{u_1} 𝕜
            (@Semifield.toCommSemiring.{u_1} 𝕜
              (@Field.toSemifield.{u_1} 𝕜
                (@NormedField.toField.{u_1} 𝕜 (@NontriviallyNormedField.toNormedField.{u_1} 𝕜 inst)))))
          (@CommSemiring.toSemiring.{u_1} 𝕜
            (@Semifield.toCommSemiring.{u_1} 𝕜
              (@Field.toSemifield.{u_1} 𝕜
                (@NormedField.toField.{u_1} 𝕜 (@NontriviallyNormedField.toNormedField.{u_1} 𝕜 inst)))))
          (@RingHom.id.{u_1} 𝕜
            (@Semiring.toNonAssocSemiring.{u_1} 𝕜
              (@CommSemiring.toSemiring.{u_1} 𝕜
                (@Semifield.toCommSemiring.{u_1} 𝕜
                  (@Field.toSemifield.{u_1} 𝕜
                    (@NormedField.toField.{u_1} 𝕜 (@NontriviallyNormedField.toNormedField.{u_1} 𝕜 inst)))))))
          E inst_3 (@AddCommGroup.toAddCommMonoid.{u_2} E inst_1) F inst_6
          (@AddCommGroup.toAddCommMonoid.{u_3} F inst_4) inst_2 inst_5)
        f' x)
theorem Filter.EventuallyEq.hasFDerivAtFilter_iff.{u_1, u_2, u_3} : ∀ {𝕜 : Type u_1}
  [inst : NontriviallyNormedField.{u_1} 𝕜] {E : Type u_2} [inst_1 : AddCommGroup.{u_2} E]
  [inst_2 :
    @Module.{u_1, u_2} 𝕜 E
      (@CommSemiring.toSemiring.{u_1} 𝕜
        (@Semifield.toCommSemiring.{u_1} 𝕜
          (@Field.toSemifield.{u_1} 𝕜
            (@NormedField.toField.{u_1} 𝕜 (@NontriviallyNormedField.toNormedField.{u_1} 𝕜 inst)))))
      (@AddCommGroup.toAddCommMonoid.{u_2} E inst_1)]
  [inst_3 : TopologicalSpace.{u_2} E] {F : Type u_3} [inst_4 : AddCommGroup.{u_3} F]
  [inst_5 :
    @Module.{u_1, u_3} 𝕜 F
      (@CommSemiring.toSemiring.{u_1} 𝕜
        (@Semifield.toCommSemiring.{u_1} 𝕜
          (@Field.toSemifield.{u_1} 𝕜
            (@NormedField.toField.{u_1} 𝕜 (@NontriviallyNormedField.toNormedField.{u_1} 𝕜 inst)))))
      (@AddCommGroup.toAddCommMonoid.{u_3} F inst_4)]
  [inst_6 : TopologicalSpace.{u_3} F] {f₀ f₁ : E → F}
  {f₀' f₁' :
    @ContinuousLinearMap.{u_1, u_1, u_2, u_3} 𝕜 𝕜
      (@CommSemiring.toSemiring.{u_1} 𝕜
        (@Semifield.toCommSemiring.{u_1} 𝕜
          (@Field.toSemifield.{u_1} 𝕜
            (@NormedField.toField.{u_1} 𝕜 (@NontriviallyNormedField.toNormedField.{u_1} 𝕜 inst)))))
      (@CommSemiring.toSemiring.{u_1} 𝕜
        (@Semifield.toCommSemiring.{u_1} 𝕜
          (@Field.toSemifield.{u_1} 𝕜
            (@NormedField.toField.{u_1} 𝕜 (@NontriviallyNormedField.toNormedField.{u_1} 𝕜 inst)))))
      (@RingHom.id.{u_1} 𝕜
        (@Semiring.toNonAssocSemiring.{u_1} 𝕜
          (@CommSemiring.toSemiring.{u_1} 𝕜
            (@Semifield.toCommSemiring.{u_1} 𝕜
              (@Field.toSemifield.{u_1} 𝕜
                (@NormedField.toField.{u_1} 𝕜 (@NontriviallyNormedField.toNormedField.{u_1} 𝕜 inst)))))))
      E inst_3 (@AddCommGroup.toAddCommMonoid.{u_2} E inst_1) F inst_6 (@AddCommGroup.toAddCommMonoid.{u_3} F inst_4)
      inst_2 inst_5}
  {L : Filter.{u_2} (Prod.{u_2, u_2} E E)},
  @Filter.EventuallyEq.{u_2, u_3} (Prod.{u_2, u_2} E E) (Prod.{u_3, u_3} F F) L
      (@Prod.map.{u_2, u_3, u_2, u_3} E F E F f₀ f₀) (@Prod.map.{u_2, u_3, u_2, u_3} E F E F f₁ f₁) →
    (∀ (x : E),
        @Eq.{u_3 + 1} F
          (@DFunLike.coe.{max (u_2 + 1) (u_3 + 1), u_2 + 1, u_3 + 1}
            (@ContinuousLinearMap.{u_1, u_1, u_2, u_3} 𝕜 𝕜
              (@CommSemiring.toSemiring.{u_1} 𝕜
                (@Semifield.toCommSemiring.{u_1} 𝕜
                  (@Field.toSemifield.{u_1} 𝕜
                    (@NormedField.toField.{u_1} 𝕜 (@NontriviallyNormedField.toNormedField.{u_1} 𝕜 inst)))))
              (@CommSemiring.toSemiring.{u_1} 𝕜
                (@Semifield.toCommSemiring.{u_1} 𝕜
                  (@Field.toSemifield.{u_1} 𝕜
                    (@NormedField.toField.{u_1} 𝕜 (@NontriviallyNormedField.toNormedField.{u_1} 𝕜 inst)))))
              (@RingHom.id.{u_1} 𝕜
                (@Semiring.toNonAssocSemiring.{u_1} 𝕜
                  (@CommSemiring.toSemiring.{u_1} 𝕜
                    (@Semifield.toCommSemiring.{u_1} 𝕜
                      (@Field.toSemifield.{u_1} 𝕜
                        (@NormedField.toField.{u_1} 𝕜 (@NontriviallyNormedField.toNormedField.{u_1} 𝕜 inst)))))))
              E inst_3 (@AddCommGroup.toAddCommMonoid.{u_2} E inst_1) F inst_6
              (@AddCommGroup.toAddCommMonoid.{u_3} F inst_4) inst_2 inst_5)
            E (fun x => F)
            (@ContinuousLinearMap.funLike.{u_1, u_1, u_2, u_3} 𝕜 𝕜
              (@CommSemiring.toSemiring.{u_1} 𝕜
                (@Semifield.toCommSemiring.{u_1} 𝕜
                  (@Field.toSemifield.{u_1} 𝕜
                    (@NormedField.toField.{u_1} 𝕜 (@NontriviallyNormedField.toNormedField.{u_1} 𝕜 inst)))))
              (@CommSemiring.toSemiring.{u_1} 𝕜
                (@Semifield.toCommSemiring.{u_1} 𝕜
                  (@Field.toSemifield.{u_1} 𝕜
                    (@NormedField.toField.{u_1} 𝕜 (@NontriviallyNormedField.toNormedField.{u_1} 𝕜 inst)))))
              (@RingHom.id.{u_1} 𝕜
                (@Semiring.toNonAssocSemiring.{u_1} 𝕜
                  (@CommSemiring.toSemiring.{u_1} 𝕜
                    (@Semifield.toCommSemiring.{u_1} 𝕜
                      (@Field.toSemifield.{u_1} 𝕜
                        (@NormedField.toField.{u_1} 𝕜 (@NontriviallyNormedField.toNormedField.{u_1} 𝕜 inst)))))))
              E inst_3 (@AddCommGroup.toAddCommMonoid.{u_2} E inst_1) F inst_6
              (@AddCommGroup.toAddCommMonoid.{u_3} F inst_4) inst_2 inst_5)
            f₀' x)
          (@DFunLike.coe.{max (u_2 + 1) (u_3 + 1), u_2 + 1, u_3 + 1}
            (@ContinuousLinearMap.{u_1, u_1, u_2, u_3} 𝕜 𝕜
              (@CommSemiring.toSemiring.{u_1} 𝕜
                (@Semifield.toCommSemiring.{u_1} 𝕜
                  (@Field.toSemifield.{u_1} 𝕜
                    (@NormedField.toField.{u_1} 𝕜 (@NontriviallyNormedField.toNormedField.{u_1} 𝕜 inst)))))
              (@CommSemiring.toSemiring.{u_1} 𝕜
                (@Semifield.toCommSemiring.{u_1} 𝕜
                  (@Field.toSemifield.{u_1} 𝕜
                    (@NormedField.toField.{u_1} 𝕜 (@NontriviallyNormedField.toNormedField.{u_1} 𝕜 inst)))))
              (@RingHom.id.{u_1} 𝕜
                (@Semiring.toNonAssocSemiring.{u_1} 𝕜
                  (@CommSemiring.toSemiring.{u_1} 𝕜
                    (@Semifield.toCommSemiring.{u_1} 𝕜
                      (@Field.toSemifield.{u_1} 𝕜
                        (@NormedField.toField.{u_1} 𝕜 (@NontriviallyNormedField.toNormedField.{u_1} 𝕜 inst)))))))
              E inst_3 (@AddCommGroup.toAddCommMonoid.{u_2} E inst_1) F inst_6
              (@AddCommGroup.toAddCommMonoid.{u_3} F inst_4) inst_2 inst_5)
            E (fun x => F)
            (@ContinuousLinearMap.funLike.{u_1, u_1, u_2, u_3} 𝕜 𝕜
              (@CommSemiring.toSemiring.{u_1} 𝕜
                (@Semifield.toCommSemiring.{u_1} 𝕜
                  (@Field.toSemifield.{u_1} 𝕜
                    (@NormedField.toField.{u_1} 𝕜 (@NontriviallyNormedField.toNormedField.{u_1} 𝕜 inst)))))
              (@CommSemiring.toSemiring.{u_1} 𝕜
                (@Semifield.toCommSemiring.{u_1} 𝕜
                  (@Field.toSemifield.{u_1} 𝕜
                    (@NormedField.toField.{u_1} 𝕜 (@NontriviallyNormedField.toNormedField.{u_1} 𝕜 inst)))))
              (@RingHom.id.{u_1} 𝕜
                (@Semiring.toNonAssocSemiring.{u_1} 𝕜
                  (@CommSemiring.toSemiring.{u_1} 𝕜
                    (@Semifield.toCommSemiring.{u_1} 𝕜
                      (@Field.toSemifield.{u_1} 𝕜
                        (@NormedField.toField.{u_1} 𝕜 (@NontriviallyNormedField.toNormedField.{u_1} 𝕜 inst)))))))
              E inst_3 (@AddCommGroup.toAddCommMonoid.{u_2} E inst_1) F inst_6
              (@AddCommGroup.toAddCommMonoid.{u_3} F inst_4) inst_2 inst_5)
            f₁' x)) →
      Iff (@HasFDerivAtFilter.{u_1, u_2, u_3} 𝕜 inst E inst_1 inst_2 inst_3 F inst_4 inst_5 inst_6 f₀ f₀' L)
        (@HasFDerivAtFilter.{u_1, u_2, u_3} 𝕜 inst E inst_1 inst_2 inst_3 F inst_4 inst_5 inst_6 f₁ f₁' L) :=
fun {𝕜} [inst : ⋯] {E} [inst_1 : ⋯] [inst_2 : ⋯] [inst_3 : ⋯] {F} [inst_4 : ⋯] [inst_5 : ⋯] [inst_6 : ⋯] {f₀ f₁}
    {f₀' f₁'} {L} h₀ h₁ =>
  @Eq.mpr.{0}
    (Iff (@HasFDerivAtFilter.{u_1, u_2, u_3} 𝕜 inst E inst_1 inst_2 inst_3 F inst_4 inst_5 inst_6 f₀ f₀' L)
      (@HasFDerivAtFilter.{u_1, u_2, u_3} 𝕜 inst E inst_1 inst_2 inst_3 F inst_4 inst_5 inst_6 f₁ f₁' L))
    (Iff
      (@Asymptotics.IsLittleOTVS.{u_1, u_2, u_3, u_2} 𝕜 (Prod.{u_2, u_2} E E) F E
        (@ContinuousENorm.toENorm.{u_1} 𝕜
          (@UniformSpace.toTopologicalSpace.{u_1} 𝕜
            (@PseudoMetricSpace.toUniformSpace.{u_1} 𝕜
              (@SeminormedAddGroup.toPseudoMetricSpace.{u_1} 𝕜
                (@SeminormedAddCommGroup.toSeminormedAddGroup.{u_1} 𝕜
                  (@NonUnitalSeminormedRing.toSeminormedAddCommGroup.{u_1} 𝕜
                    (@NonUnitalSeminormedCommRing.toNonUnitalSeminormedRing.{u_1} 𝕜
                      (@SeminormedCommRing.toNonUnitalSeminormedCommRing.{u_1} 𝕜
                        (@NormedCommRing.toSeminormedCommRing.{u_1} 𝕜
                          (@NormedField.toNormedCommRing.{u_1} 𝕜
                            (@NontriviallyNormedField.toNormedField.{u_1} 𝕜 inst))))))))))
          (@SeminormedAddGroup.toContinuousENorm.{u_1} 𝕜
            (@SeminormedAddCommGroup.toSeminormedAddGroup.{u_1} 𝕜
              (@NonUnitalSeminormedRing.toSeminormedAddCommGroup.{u_1} 𝕜
                (@NonUnitalSeminormedCommRing.toNonUnitalSeminormedRing.{u_1} 𝕜
                  (@SeminormedCommRing.toNonUnitalSeminormedCommRing.{u_1} 𝕜
                    (@NormedCommRing.toSeminormedCommRing.{u_1} 𝕜
                      (@NormedField.toNormedCommRing.{u_1} 𝕜
                        (@NontriviallyNormedField.toNormedField.{u_1} 𝕜 inst)))))))))
        inst_6 inst_3
        (@NegZeroClass.toZero.{u_3} F
          (@SubNegZeroMonoid.toNegZeroClass.{u_3} F
            (@SubtractionMonoid.toSubNegZeroMonoid.{u_3} F
              (@SubtractionCommMonoid.toSubtractionMonoid.{u_3} F
                (@AddCommGroup.toDivisionAddCommMonoid.{u_3} F inst_4)))))
        (@NegZeroClass.toZero.{u_2} E
          (@SubNegZeroMonoid.toNegZeroClass.{u_2} E
            (@SubtractionMonoid.toSubNegZeroMonoid.{u_2} E
              (@SubtractionCommMonoid.toSubtractionMonoid.{u_2} E
                (@AddCommGroup.toDivisionAddCommMonoid.{u_2} E inst_1)))))
        (@SMulZeroClass.toSMul.{u_1, u_3} 𝕜 F
          (@AddZero.toZero.{u_3} F
            (@AddZeroClass.toAddZero.{u_3} F
              (@AddMonoid.toAddZeroClass.{u_3} F
                (@SubNegMonoid.toAddMonoid.{u_3} F
                  (@AddGroup.toSubNegMonoid.{u_3} F (@AddCommGroup.toAddGroup.{u_3} F inst_4))))))
          (@DistribSMul.toSMulZeroClass.{u_1, u_3} 𝕜 F
            (@AddMonoid.toAddZeroClass.{u_3} F
              (@SubNegMonoid.toAddMonoid.{u_3} F
                (@AddGroup.toSubNegMonoid.{u_3} F (@AddCommGroup.toAddGroup.{u_3} F inst_4))))
            (@DistribMulAction.toDistribSMul.{u_1, u_3} 𝕜 F
              (@Semiring.toMonoid.{u_1} 𝕜
                (@CommSemiring.toSemiring.{u_1} 𝕜
                  (@Semifield.toCommSemiring.{u_1} 𝕜
                    (@Field.toSemifield.{u_1} 𝕜
                      (@NormedField.toField.{u_1} 𝕜 (@NontriviallyNormedField.toNormedField.{u_1} 𝕜 inst))))))
              (@SubNegMonoid.toAddMonoid.{u_3} F
                (@AddGroup.toSubNegMonoid.{u_3} F (@AddCommGroup.toAddGroup.{u_3} F inst_4)))
              (@Module.toDistribMulAction.{u_1, u_3} 𝕜 F
                (@CommSemiring.toSemiring.{u_1} 𝕜
                  (@Semifield.toCommSemiring.{u_1} 𝕜
                    (@Field.toSemifield.{u_1} 𝕜
                      (@NormedField.toField.{u_1} 𝕜 (@NontriviallyNormedField.toNormedField.{u_1} 𝕜 inst)))))
                (@AddCommGroup.toAddCommMonoid.{u_3} F inst_4) inst_5))))
        (@SMulZeroClass.toSMul.{u_1, u_2} 𝕜 E
          (@AddZero.toZero.{u_2} E
            (@AddZeroClass.toAddZero.{u_2} E
              (@AddMonoid.toAddZeroClass.{u_2} E
                (@SubNegMonoid.toAddMonoid.{u_2} E
                  (@AddGroup.toSubNegMonoid.{u_2} E (@AddCommGroup.toAddGroup.{u_2} E inst_1))))))
          (@DistribSMul.toSMulZeroClass.{u_1, u_2} 𝕜 E
            (@AddMonoid.toAddZeroClass.{u_2} E
              (@SubNegMonoid.toAddMonoid.{u_2} E
                (@AddGroup.toSubNegMonoid.{u_2} E (@AddCommGroup.toAddGroup.{u_2} E inst_1))))
            (@DistribMulAction.toDistribSMul.{u_1, u_2} 𝕜 E
              (@Semiring.toMonoid.{u_1} 𝕜
                (@CommSemiring.toSemiring.{u_1} 𝕜
                  (@Semifield.toCommSemiring.{u_1} 𝕜
                    (@Field.toSemifield.{u_1} 𝕜
                      (@NormedField.toField.{u_1} 𝕜 (@NontriviallyNormedField.toNormedField.{u_1} 𝕜 inst))))))
              (@SubNegMonoid.toAddMonoid.{u_2} E
                (@AddGroup.toSubNegMonoid.{u_2} E (@AddCommGroup.toAddGroup.{u_2} E inst_1)))
              (@Module.toDistribMulAction.{u_1, u_2} 𝕜 E
                (@CommSemiring.toSemiring.{u_1} 𝕜
                  (@Semifield.toCommSemiring.{u_1} 𝕜
                    (@Field.toSemifield.{u_1} 𝕜
                      (@NormedField.toField.{u_1} 𝕜 (@NontriviallyNormedField.toNormedField.{u_1} 𝕜 inst)))))
                (@AddCommGroup.toAddCommMonoid.{u_2} E inst_1) inst_2))))
        L
        (fun p =>
          @HSub.hSub.{u_3, u_3, u_3} F F F
            (@instHSub.{u_3} F
              (@SubNegMonoid.toSub.{u_3} F
                (@AddGroup.toSubNegMonoid.{u_3} F (@AddCommGroup.toAddGroup.{u_3} F inst_4))))
            (@HSub.hSub.{u_3, u_3, u_3} F F F
              (@instHSub.{u_3} F
                (@SubNegMonoid.toSub.{u_3} F
                  (@AddGroup.toSubNegMonoid.{u_3} F (@AddCommGroup.toAddGroup.{u_3} F inst_4))))
              (f₀ (@Prod.fst.{u_2, u_2} E E p)) (f₀ (@Prod.snd.{u_2, u_2} E E p)))
            (@DFunLike.coe.{max (u_2 + 1) (u_3 + 1), u_2 + 1, u_3 + 1}
              (@ContinuousLinearMap.{u_1, u_1, u_2, u_3} 𝕜 𝕜
                (@CommSemiring.toSemiring.{u_1} 𝕜
                  (@Semifield.toCommSemiring.{u_1} 𝕜
                    (@Field.toSemifield.{u_1} 𝕜
                      (@NormedField.toField.{u_1} 𝕜 (@NontriviallyNormedField.toNormedField.{u_1} 𝕜 inst)))))
                (@CommSemiring.toSemiring.{u_1} 𝕜
                  (@Semifield.toCommSemiring.{u_1} 𝕜
                    (@Field.toSemifield.{u_1} 𝕜
                      (@NormedField.toField.{u_1} 𝕜 (@NontriviallyNormedField.toNormedField.{u_1} 𝕜 inst)))))
                (@RingHom.id.{u_1} 𝕜
                  (@Semiring.toNonAssocSemiring.{u_1} 𝕜
                    (@CommSemiring.toSemiring.{u_1} 𝕜
                      (@Semifield.toCommSemiring.{u_1} 𝕜
                        (@Field.toSemifield.{u_1} 𝕜
                          (@NormedField.toField.{u_1} 𝕜 (@NontriviallyNormedField.toNormedField.{u_1} 𝕜 inst)))))))
                E inst_3 (@AddCommGroup.toAddCommMonoid.{u_2} E inst_1) F inst_6
                (@AddCommGroup.toAddCommMonoid.{u_3} F inst_4) inst_2 inst_5)
              E (fun x => F)
              (@ContinuousLinearMap.funLike.{u_1, u_1, u_2, u_3} 𝕜 𝕜
                (@CommSemiring.toSemiring.{u_1} 𝕜
                  (@Semifield.toCommSemiring.{u_1} 𝕜
                    (@Field.toSemifield.{u_1} 𝕜
                      (@NormedField.toField.{u_1} 𝕜 (@NontriviallyNormedField.toNormedField.{u_1} 𝕜 inst)))))
                (@CommSemiring.toSemiring.{u_1} 𝕜
                  (@Semifield.toCommSemiring.{u_1} 𝕜
                    (@Field.toSemifield.{u_1} 𝕜
                      (@NormedField.toField.{u_1} 𝕜 (@NontriviallyNormedField.toNormedField.{u_1} 𝕜 inst)))))
                (@RingHom.id.{u_1} 𝕜
                  (@Semiring.toNonAssocSemiring.{u_1} 𝕜
                    (@CommSemiring.toSemiring.{u_1} 𝕜
                      (@Semifield.toCommSemiring.{u_1} 𝕜
                        (@Field.toSemifield.{u_1} 𝕜
                          (@NormedField.toField.{u_1} 𝕜 (@NontriviallyNormedField.toNormedField.{u_1} 𝕜 inst)))))))
                E inst_3 (@AddCommGroup.toAddCommMonoid.{u_2} E inst_1) F inst_6
                (@AddCommGroup.toAddCommMonoid.{u_3} F inst_4) inst_2 inst_5)
              f₀'
              (@HSub.hSub.{u_2, u_2, u_2} E E E
                (@instHSub.{u_2} E
                  (@SubNegMonoid.toSub.{u_2} E
                    (@AddGroup.toSubNegMonoid.{u_2} E (@AddCommGroup.toAddGroup.{u_2} E inst_1))))
                (@Prod.fst.{u_2, u_2} E E p) (@Prod.snd.{u_2, u_2} E E p))))
        fun p =>
        @HSub.hSub.{u_2, u_2, u_2} E E E
          (@instHSub.{u_2} E
            (@SubNegMonoid.toSub.{u_2} E (@AddGroup.toSubNegMonoid.{u_2} E (@AddCommGroup.toAddGroup.{u_2} E inst_1))))
          (@Prod.fst.{u_2, u_2} E E p) (@Prod.snd.{u_2, u_2} E E p))
      (@Asymptotics.IsLittleOTVS.{u_1, u_2, u_3, u_2} 𝕜 (Prod.{u_2, u_2} E E) F E
        (@ContinuousENorm.toENorm.{u_1} 𝕜
          (@UniformSpace.toTopologicalSpace.{u_1} 𝕜
            (@PseudoMetricSpace.toUniformSpace.{u_1} 𝕜
              (@SeminormedAddGroup.toPseudoMetricSpace.{u_1} 𝕜
                (@SeminormedAddCommGroup.toSeminormedAddGroup.{u_1} 𝕜
                  (@NonUnitalSeminormedRing.toSeminormedAddCommGroup.{u_1} 𝕜
                    (@NonUnitalSeminormedCommRing.toNonUnitalSeminormedRing.{u_1} 𝕜
                      (@SeminormedCommRing.toNonUnitalSeminormedCommRing.{u_1} 𝕜
                        (@NormedCommRing.toSeminormedCommRing.{u_1} 𝕜
                          (@NormedField.toNormedCommRing.{u_1} 𝕜
                            (@NontriviallyNormedField.toNormedField.{u_1} 𝕜 inst))))))))))
          (@SeminormedAddGroup.toContinuousENorm.{u_1} 𝕜
            (@SeminormedAddCommGroup.toSeminormedAddGroup.{u_1} 𝕜
              (@NonUnitalSeminormedRing.toSeminormedAddCommGroup.{u_1} 𝕜
                (@NonUnitalSeminormedCommRing.toNonUnitalSeminormedRing.{u_1} 𝕜
                  (@SeminormedCommRing.toNonUnitalSeminormedCommRing.{u_1} 𝕜
                    (@NormedCommRing.toSeminormedCommRing.{u_1} 𝕜
                      (@NormedField.toNormedCommRing.{u_1} 𝕜
                        (@NontriviallyNormedField.toNormedField.{u_1} 𝕜 inst)))))))))
        inst_6 inst_3
        (@NegZeroClass.toZero.{u_3} F
          (@SubNegZeroMonoid.toNegZeroClass.{u_3} F
            (@SubtractionMonoid.toSubNegZeroMonoid.{u_3} F
              (@SubtractionCommMonoid.toSubtractionMonoid.{u_3} F
                (@AddCommGroup.toDivisionAddCommMonoid.{u_3} F inst_4)))))
        (@NegZeroClass.toZero.{u_2} E
          (@SubNegZeroMonoid.toNegZeroClass.{u_2} E
            (@SubtractionMonoid.toSubNegZeroMonoid.{u_2} E
              (@SubtractionCommMonoid.toSubtractionMonoid.{u_2} E
                (@AddCommGroup.toDivisionAddCommMonoid.{u_2} E inst_1)))))
        (@SMulZeroClass.toSMul.{u_1, u_3} 𝕜 F
          (@AddZero.toZero.{u_3} F
            (@AddZeroClass.toAddZero.{u_3} F
              (@AddMonoid.toAddZeroClass.{u_3} F
                (@SubNegMonoid.toAddMonoid.{u_3} F
                  (@AddGroup.toSubNegMonoid.{u_3} F (@AddCommGroup.toAddGroup.{u_3} F inst_4))))))
          (@DistribSMul.toSMulZeroClass.{u_1, u_3} 𝕜 F
            (@AddMonoid.toAddZeroClass.{u_3} F
              (@SubNegMonoid.toAddMonoid.{u_3} F
                (@AddGroup.toSubNegMonoid.{u_3} F (@AddCommGroup.toAddGroup.{u_3} F inst_4))))
            (@DistribMulAction.toDistribSMul.{u_1, u_3} 𝕜 F
              (@Semiring.toMonoid.{u_1} 𝕜
                (@CommSemiring.toSemiring.{u_1} 𝕜
                  (@Semifield.toCommSemiring.{u_1} 𝕜
                    (@Field.toSemifield.{u_1} 𝕜
                      (@NormedField.toField.{u_1} 𝕜 (@NontriviallyNormedField.toNormedField.{u_1} 𝕜 inst))))))
              (@SubNegMonoid.toAddMonoid.{u_3} F
                (@AddGroup.toSubNegMonoid.{u_3} F (@AddCommGroup.toAddGroup.{u_3} F inst_4)))
              (@Module.toDistribMulAction.{u_1, u_3} 𝕜 F
                (@CommSemiring.toSemiring.{u_1} 𝕜
                  (@Semifield.toCommSemiring.{u_1} 𝕜
                    (@Field.toSemifield.{u_1} 𝕜
                      (@NormedField.toField.{u_1} 𝕜 (@NontriviallyNormedField.toNormedField.{u_1} 𝕜 inst)))))
                (@AddCommGroup.toAddCommMonoid.{u_3} F inst_4) inst_5))))
        (@SMulZeroClass.toSMul.{u_1, u_2} 𝕜 E
          (@AddZero.toZero.{u_2} E
            (@AddZeroClass.toAddZero.{u_2} E
              (@AddMonoid.toAddZeroClass.{u_2} E
                (@SubNegMonoid.toAddMonoid.{u_2} E
                  (@AddGroup.toSubNegMonoid.{u_2} E (@AddCommGroup.toAddGroup.{u_2} E inst_1))))))
          (@DistribSMul.toSMulZeroClass.{u_1, u_2} 𝕜 E
            (@AddMonoid.toAddZeroClass.{u_2} E
              (@SubNegMonoid.toAddMonoid.{u_2} E
                (@AddGroup.toSubNegMonoid.{u_2} E (@AddCommGroup.toAddGroup.{u_2} E inst_1))))
            (@DistribMulAction.toDistribSMul.{u_1, u_2} 𝕜 E
              (@Semiring.toMonoid.{u_1} 𝕜
                (@CommSemiring.toSemiring.{u_1} 𝕜
                  (@Semifield.toCommSemiring.{u_1} 𝕜
                    (@Field.toSemifield.{u_1} 𝕜
                      (@NormedField.toField.{u_1} 𝕜 (@NontriviallyNormedField.toNormedField.{u_1} 𝕜 inst))))))
              (@SubNegMonoid.toAddMonoid.{u_2} E
                (@AddGroup.toSubNegMonoid.{u_2} E (@AddCommGroup.toAddGroup.{u_2} E inst_1)))
              (@Module.toDistribMulAction.{u_1, u_2} 𝕜 E
                (@CommSemiring.toSemiring.{u_1} 𝕜
                  (@Semifield.toCommSemiring.{u_1} 𝕜
                    (@Field.toSemifield.{u_1} 𝕜
                      (@NormedField.toField.{u_1} 𝕜 (@NontriviallyNormedField.toNormedField.{u_1} 𝕜 inst)))))
                (@AddCommGroup.toAddCommMonoid.{u_2} E inst_1) inst_2))))
        L
        (fun p =>
          @HSub.hSub.{u_3, u_3, u_3} F F F
            (@instHSub.{u_3} F
              (@SubNegMonoid.toSub.{u_3} F
                (@AddGroup.toSubNegMonoid.{u_3} F (@AddCommGroup.toAddGroup.{u_3} F inst_4))))
            (@HSub.hSub.{u_3, u_3, u_3} F F F
              (@instHSub.{u_3} F
                (@SubNegMonoid.toSub.{u_3} F
                  (@AddGroup.toSubNegMonoid.{u_3} F (@AddCommGroup.toAddGroup.{u_3} F inst_4))))
              (f₁ (@Prod.fst.{u_2, u_2} E E p)) (f₁ (@Prod.snd.{u_2, u_2} E E p)))
            (@DFunLike.coe.{max (u_2 + 1) (u_3 + 1), u_2 + 1, u_3 + 1}
              (@ContinuousLinearMap.{u_1, u_1, u_2, u_3} 𝕜 𝕜
                (@CommSemiring.toSemiring.{u_1} 𝕜
                  (@Semifield.toCommSemiring.{u_1} 𝕜
                    (@Field.toSemifield.{u_1} 𝕜
                      (@NormedField.toField.{u_1} 𝕜 (@NontriviallyNormedField.toNormedField.{u_1} 𝕜 inst)))))
                (@CommSemiring.toSemiring.{u_1} 𝕜
                  (@Semifield.toCommSemiring.{u_1} 𝕜
                    (@Field.toSemifield.{u_1} 𝕜
                      (@NormedField.toField.{u_1} 𝕜 (@NontriviallyNormedField.toNormedField.{u_1} 𝕜 inst)))))
                (@RingHom.id.{u_1} 𝕜
                  (@Semiring.toNonAssocSemiring.{u_1} 𝕜
                    (@CommSemiring.toSemiring.{u_1} 𝕜
                      (@Semifield.toCommSemiring.{u_1} 𝕜
                        (@Field.toSemifield.{u_1} 𝕜
                          (@NormedField.toField.{u_1} 𝕜 (@NontriviallyNormedField.toNormedField.{u_1} 𝕜 inst)))))))
                E inst_3 (@AddCommGroup.toAddCommMonoid.{u_2} E inst_1) F inst_6
                (@AddCommGroup.toAddCommMonoid.{u_3} F inst_4) inst_2 inst_5)
              E (fun x => F)
              (@ContinuousLinearMap.funLike.{u_1, u_1, u_2, u_3} 𝕜 𝕜
                (@CommSemiring.toSemiring.{u_1} 𝕜
                  (@Semifield.toCommSemiring.{u_1} 𝕜
                    (@Field.toSemifield.{u_1} 𝕜
                      (@NormedField.toField.{u_1} 𝕜 (@NontriviallyNormedField.toNormedField.{u_1} 𝕜 inst)))))
                (@CommSemiring.toSemiring.{u_1} 𝕜
                  (@Semifield.toCommSemiring.{u_1} 𝕜
                    (@Field.toSemifield.{u_1} 𝕜
                      (@NormedField.toField.{u_1} 𝕜 (@NontriviallyNormedField.toNormedField.{u_1} 𝕜 inst)))))
                (@RingHom.id.{u_1} 𝕜
                  (@Semiring.toNonAssocSemiring.{u_1} 𝕜
                    (@CommSemiring.toSemiring.{u_1} 𝕜
                      (@Semifield.toCommSemiring.{u_1} 𝕜
                        (@Field.toSemifield.{u_1} 𝕜
                          (@NormedField.toField.{u_1} 𝕜 (@NontriviallyNormedField.toNormedField.{u_1} 𝕜 inst)))))))
                E inst_3 (@AddCommGroup.toAddCommMonoid.{u_2} E inst_1) F inst_6
                (@AddCommGroup.toAddCommMonoid.{u_3} F inst_4) inst_2 inst_5)
              f₁'
              (@HSub.hSub.{u_2, u_2, u_2} E E E
                (@instHSub.{u_2} E
                  (@SubNegMonoid.toSub.{u_2} E
                    (@AddGroup.toSubNegMonoid.{u_2} E (@AddCommGroup.toAddGroup.{u_2} E inst_1))))
                (@Prod.fst.{u_2, u_2} E E p) (@Prod.snd.{u_2, u_2} E E p))))
        fun p =>
        @HSub.hSub.{u_2, u_2, u_2} E E E
          (@instHSub.{u_2} E
            (@SubNegMonoid.toSub.{u_2} E (@AddGroup.toSubNegMonoid.{u_2} E (@AddCommGroup.toAddGroup.{u_2} E inst_1))))
          (@Prod.fst.{u_2, u_2} E E p) (@Prod.snd.{u_2, u_2} E E p)))
    (@id.{0}
      (@Eq.{1} Prop
        (Iff (@HasFDerivAtFilter.{u_1, u_2, u_3} 𝕜 inst E inst_1 inst_2 inst_3 F inst_4 inst_5 inst_6 f₀ f₀' L)
          (@HasFDerivAtFilter.{u_1, u_2, u_3} 𝕜 inst E inst_1 inst_2 inst_3 F inst_4 inst_5 inst_6 f₁ f₁' L))
        (Iff
          (@Asymptotics.IsLittleOTVS.{u_1, u_2, u_3, u_2} 𝕜 (Prod.{u_2, u_2} E E) F E
            (@ContinuousENorm.toENorm.{u_1} 𝕜
              (@UniformSpace.toTopologicalSpace.{u_1} 𝕜
                (@PseudoMetricSpace.toUniformSpace.{u_1} 𝕜
                  (@SeminormedAddGroup.toPseudoMetricSpace.{u_1} 𝕜
                    (@SeminormedAddCommGroup.toSeminormedAddGroup.{u_1} 𝕜
                      (@NonUnitalSeminormedRing.toSeminormedAddCommGroup.{u_1} 𝕜
                        (@NonUnitalSeminormedCommRing.toNonUnitalSeminormedRing.{u_1} 𝕜
                          (@SeminormedCommRing.toNonUnitalSeminormedCommRing.{u_1} 𝕜
                            (@NormedCommRing.toSeminormedCommRing.{u_1} 𝕜
                              (@NormedField.toNormedCommRing.{u_1} 𝕜
                                (@NontriviallyNormedField.toNormedField.{u_1} 𝕜 inst))))))))))
              (@SeminormedAddGroup.toContinuousENorm.{u_1} 𝕜
                (@SeminormedAddCommGroup.toSeminormedAddGroup.{u_1} 𝕜
                  (@NonUnitalSeminormedRing.toSeminormedAddCommGroup.{u_1} 𝕜
                    (@NonUnitalSeminormedCommRing.toNonUnitalSeminormedRing.{u_1} 𝕜
                      (@SeminormedCommRing.toNonUnitalSeminormedCommRing.{u_1} 𝕜
                        (@NormedCommRing.toSeminormedCommRing.{u_1} 𝕜
                          (@NormedField.toNormedCommRing.{u_1} 𝕜
                            (@NontriviallyNormedField.toNormedField.{u_1} 𝕜 inst)))))))))
            inst_6 inst_3
            (@NegZeroClass.toZero.{u_3} F
              (@SubNegZeroMonoid.toNegZeroClass.{u_3} F
                (@SubtractionMonoid.toSubNegZeroMonoid.{u_3} F
                  (@SubtractionCommMonoid.toSubtractionMonoid.{u_3} F
                    (@AddCommGroup.toDivisionAddCommMonoid.{u_3} F inst_4)))))
            (@NegZeroClass.toZero.{u_2} E
              (@SubNegZeroMonoid.toNegZeroClass.{u_2} E
                (@SubtractionMonoid.toSubNegZeroMonoid.{u_2} E
                  (@SubtractionCommMonoid.toSubtractionMonoid.{u_2} E
                    (@AddCommGroup.toDivisionAddCommMonoid.{u_2} E inst_1)))))
            (@SMulZeroClass.toSMul.{u_1, u_3} 𝕜 F
              (@AddZero.toZero.{u_3} F
                (@AddZeroClass.toAddZero.{u_3} F
                  (@AddMonoid.toAddZeroClass.{u_3} F
                    (@SubNegMonoid.toAddMonoid.{u_3} F
                      (@AddGroup.toSubNegMonoid.{u_3} F (@AddCommGroup.toAddGroup.{u_3} F inst_4))))))
              (@DistribSMul.toSMulZeroClass.{u_1, u_3} 𝕜 F
                (@AddMonoid.toAddZeroClass.{u_3} F
                  (@SubNegMonoid.toAddMonoid.{u_3} F
                    (@AddGroup.toSubNegMonoid.{u_3} F (@AddCommGroup.toAddGroup.{u_3} F inst_4))))
                (@DistribMulAction.toDistribSMul.{u_1, u_3} 𝕜 F
                  (@Semiring.toMonoid.{u_1} 𝕜
                    (@CommSemiring.toSemiring.{u_1} 𝕜
                      (@Semifield.toCommSemiring.{u_1} 𝕜
                        (@Field.toSemifield.{u_1} 𝕜
                          (@NormedField.toField.{u_1} 𝕜 (@NontriviallyNormedField.toNormedField.{u_1} 𝕜 inst))))))
                  (@SubNegMonoid.toAddMonoid.{u_3} F
                    (@AddGroup.toSubNegMonoid.{u_3} F (@AddCommGroup.toAddGroup.{u_3} F inst_4)))
                  (@Module.toDistribMulAction.{u_1, u_3} 𝕜 F
                    (@CommSemiring.toSemiring.{u_1} 𝕜
                      (@Semifield.toCommSemiring.{u_1} 𝕜
                        (@Field.toSemifield.{u_1} 𝕜
                          (@NormedField.toField.{u_1} 𝕜 (@NontriviallyNormedField.toNormedField.{u_1} 𝕜 inst)))))
                    (@AddCommGroup.toAddCommMonoid.{u_3} F inst_4) inst_5))))
            (@SMulZeroClass.toSMul.{u_1, u_2} 𝕜 E
              (@AddZero.toZero.{u_2} E
                (@AddZeroClass.toAddZero.{u_2} E
                  (@AddMonoid.toAddZeroClass.{u_2} E
                    (@SubNegMonoid.toAddMonoid.{u_2} E
                      (@AddGroup.toSubNegMonoid.{u_2} E (@AddCommGroup.toAddGroup.{u_2} E inst_1))))))
              (@DistribSMul.toSMulZeroClass.{u_1, u_2} 𝕜 E
                (@AddMonoid.toAddZeroClass.{u_2} E
                  (@SubNegMonoid.toAddMonoid.{u_2} E
                    (@AddGroup.toSubNegMonoid.{u_2} E (@AddCommGroup.toAddGroup.{u_2} E inst_1))))
                (@DistribMulAction.toDistribSMul.{u_1, u_2} 𝕜 E
                  (@Semiring.toMonoid.{u_1} 𝕜
                    (@CommSemiring.toSemiring.{u_1} 𝕜
                      (@Semifield.toCommSemiring.{u_1} 𝕜
                        (@Field.toSemifield.{u_1} 𝕜
                          (@NormedField.toField.{u_1} 𝕜 (@NontriviallyNormedField.toNormedField.{u_1} 𝕜 inst))))))
                  (@SubNegMonoid.toAddMonoid.{u_2} E
                    (@AddGroup.toSubNegMonoid.{u_2} E (@AddCommGroup.toAddGroup.{u_2} E inst_1)))
                  (@Module.toDistribMulAction.{u_1, u_2} 𝕜 E
                    (@CommSemiring.toSemiring.{u_1} 𝕜
                      (@Semifield.toCommSemiring.{u_1} 𝕜
                        (@Field.toSemifield.{u_1} 𝕜
                          (@NormedField.toField.{u_1} 𝕜 (@NontriviallyNormedField.toNormedField.{u_1} 𝕜 inst)))))
                    (@AddCommGroup.toAddCommMonoid.{u_2} E inst_1) inst_2))))
            L
            (fun p =>
              @HSub.hSub.{u_3, u_3, u_3} F F F
                (@instHSub.{u_3} F
                  (@SubNegMonoid.toSub.{u_3} F
                    (@AddGroup.toSubNegMonoid.{u_3} F (@AddCommGroup.toAddGroup.{u_3} F inst_4))))
                (@HSub.hSub.{u_3, u_3, u_3} F F F
                  (@instHSub.{u_3} F
                    (@SubNegMonoid.toSub.{u_3} F
                      (@AddGroup.toSubNegMonoid.{u_3} F (@AddCommGroup.toAddGroup.{u_3} F inst_4))))
                  (f₀ (@Prod.fst.{u_2, u_2} E E p)) (f₀ (@Prod.snd.{u_2, u_2} E E p)))
                (@DFunLike.coe.{max (u_2 + 1) (u_3 + 1), u_2 + 1, u_3 + 1}
                  (@ContinuousLinearMap.{u_1, u_1, u_2, u_3} 𝕜 𝕜
                    (@CommSemiring.toSemiring.{u_1} 𝕜
                      (@Semifield.toCommSemiring.{u_1} 𝕜
                        (@Field.toSemifield.{u_1} 𝕜
                          (@NormedField.toField.{u_1} 𝕜 (@NontriviallyNormedField.toNormedField.{u_1} 𝕜 inst)))))
                    (@CommSemiring.toSemiring.{u_1} 𝕜
                      (@Semifield.toCommSemiring.{u_1} 𝕜
                        (@Field.toSemifield.{u_1} 𝕜
                          (@NormedField.toField.{u_1} 𝕜 (@NontriviallyNormedField.toNormedField.{u_1} 𝕜 inst)))))
                    (@RingHom.id.{u_1} 𝕜
                      (@Semiring.toNonAssocSemiring.{u_1} 𝕜
                        (@CommSemiring.toSemiring.{u_1} 𝕜
                          (@Semifield.toCommSemiring.{u_1} 𝕜
                            (@Field.toSemifield.{u_1} 𝕜
                              (@NormedField.toField.{u_1} 𝕜 (@NontriviallyNormedField.toNormedField.{u_1} 𝕜 inst)))))))
                    E inst_3 (@AddCommGroup.toAddCommMonoid.{u_2} E inst_1) F inst_6
                    (@AddCommGroup.toAddCommMonoid.{u_3} F inst_4) inst_2 inst_5)
                  E (fun x => F)
                  (@ContinuousLinearMap.funLike.{u_1, u_1, u_2, u_3} 𝕜 𝕜
                    (@CommSemiring.toSemiring.{u_1} 𝕜
                      (@Semifield.toCommSemiring.{u_1} 𝕜
                        (@Field.toSemifield.{u_1} 𝕜
                          (@NormedField.toField.{u_1} 𝕜 (@NontriviallyNormedField.toNormedField.{u_1} 𝕜 inst)))))
                    (@CommSemiring.toSemiring.{u_1} 𝕜
                      (@Semifield.toCommSemiring.{u_1} 𝕜
                        (@Field.toSemifield.{u_1} 𝕜
                          (@NormedField.toField.{u_1} 𝕜 (@NontriviallyNormedField.toNormedField.{u_1} 𝕜 inst)))))
                    (@RingHom.id.{u_1} 𝕜
                      (@Semiring.toNonAssocSemiring.{u_1} 𝕜
                        (@CommSemiring.toSemiring.{u_1} 𝕜
                          (@Semifield.toCommSemiring.{u_1} 𝕜
                            (@Field.toSemifield.{u_1} 𝕜
                              (@NormedField.toField.{u_1} 𝕜 (@NontriviallyNormedField.toNormedField.{u_1} 𝕜 inst)))))))
                    E inst_3 (@AddCommGroup.toAddCommMonoid.{u_2} E inst_1) F inst_6
                    (@AddCommGroup.toAddCommMonoid.{u_3} F inst_4) inst_2 inst_5)
                  f₀'
                  (@HSub.hSub.{u_2, u_2, u_2} E E E
                    (@instHSub.{u_2} E
                      (@SubNegMonoid.toSub.{u_2} E
                        (@AddGroup.toSubNegMonoid.{u_2} E (@AddCommGroup.toAddGroup.{u_2} E inst_1))))
                    (@Prod.fst.{u_2, u_2} E E p) (@Prod.snd.{u_2, u_2} E E p))))
            fun p =>
            @HSub.hSub.{u_2, u_2, u_2} E E E
              (@instHSub.{u_2} E
                (@SubNegMonoid.toSub.{u_2} E
                  (@AddGroup.toSubNegMonoid.{u_2} E (@AddCommGroup.toAddGroup.{u_2} E inst_1))))
              (@Prod.fst.{u_2, u_2} E E p) (@Prod.snd.{u_2, u_2} E E p))
          (@Asymptotics.IsLittleOTVS.{u_1, u_2, u_3, u_2} 𝕜 (Prod.{u_2, u_2} E E) F E
            (@ContinuousENorm.toENorm.{u_1} 𝕜
              (@UniformSpace.toTopologicalSpace.{u_1} 𝕜
                (@PseudoMetricSpace.toUniformSpace.{u_1} 𝕜
                  (@SeminormedAddGroup.toPseudoMetricSpace.{u_1} 𝕜
                    (@SeminormedAddCommGroup.toSeminormedAddGroup.{u_1} 𝕜
                      (@NonUnitalSeminormedRing.toSeminormedAddCommGroup.{u_1} 𝕜
                        (@NonUnitalSeminormedCommRing.toNonUnitalSeminormedRing.{u_1} 𝕜
                          (@SeminormedCommRing.toNonUnitalSeminormedCommRing.{u_1} 𝕜
                            (@NormedCommRing.toSeminormedCommRing.{u_1} 𝕜
                              (@NormedField.toNormedCommRing.{u_1} 𝕜
                                (@NontriviallyNormedField.toNormedField.{u_1} 𝕜 inst))))))))))
              (@SeminormedAddGroup.toContinuousENorm.{u_1} 𝕜
                (@SeminormedAddCommGroup.toSeminormedAddGroup.{u_1} 𝕜
                  (@NonUnitalSeminormedRing.toSeminormedAddCommGroup.{u_1} 𝕜
                    (@NonUnitalSeminormedCommRing.toNonUnitalSeminormedRing.{u_1} 𝕜
                      (@SeminormedCommRing.toNonUnitalSeminormedCommRing.{u_1} 𝕜
                        (@NormedCommRing.toSeminormedCommRing.{u_1} 𝕜
                          (@NormedField.toNormedCommRing.{u_1} 𝕜
                            (@NontriviallyNormedField.toNormedField.{u_1} 𝕜 inst)))))))))
            inst_6 inst_3
            (@NegZeroClass.toZero.{u_3} F
              (@SubNegZeroMonoid.toNegZeroClass.{u_3} F
                (@SubtractionMonoid.toSubNegZeroMonoid.{u_3} F
                  (@SubtractionCommMonoid.toSubtractionMonoid.{u_3} F
                    (@AddCommGroup.toDivisionAddCommMonoid.{u_3} F inst_4)))))
            (@NegZeroClass.toZero.{u_2} E
              (@SubNegZeroMonoid.toNegZeroClass.{u_2} E
                (@SubtractionMonoid.toSubNegZeroMonoid.{u_2} E
                  (@SubtractionCommMonoid.toSubtractionMonoid.{u_2} E
                    (@AddCommGroup.toDivisionAddCommMonoid.{u_2} E inst_1)))))
            (@SMulZeroClass.toSMul.{u_1, u_3} 𝕜 F
              (@AddZero.toZero.{u_3} F
                (@AddZeroClass.toAddZero.{u_3} F
                  (@AddMonoid.toAddZeroClass.{u_3} F
                    (@SubNegMonoid.toAddMonoid.{u_3} F
                      (@AddGroup.toSubNegMonoid.{u_3} F (@AddCommGroup.toAddGroup.{u_3} F inst_4))))))
              (@DistribSMul.toSMulZeroClass.{u_1, u_3} 𝕜 F
                (@AddMonoid.toAddZeroClass.{u_3} F
                  (@SubNegMonoid.toAddMonoid.{u_3} F
                    (@AddGroup.toSubNegMonoid.{u_3} F (@AddCommGroup.toAddGroup.{u_3} F inst_4))))
                (@DistribMulAction.toDistribSMul.{u_1, u_3} 𝕜 F
                  (@Semiring.toMonoid.{u_1} 𝕜
                    (@CommSemiring.toSemiring.{u_1} 𝕜
                      (@Semifield.toCommSemiring.{u_1} 𝕜
                        (@Field.toSemifield.{u_1} 𝕜
                          (@NormedField.toField.{u_1} 𝕜 (@NontriviallyNormedField.toNormedField.{u_1} 𝕜 inst))))))
                  (@SubNegMonoid.toAddMonoid.{u_3} F
                    (@AddGroup.toSubNegMonoid.{u_3} F (@AddCommGroup.toAddGroup.{u_3} F inst_4)))
                  (@Module.toDistribMulAction.{u_1, u_3} 𝕜 F
                    (@CommSemiring.toSemiring.{u_1} 𝕜
                      (@Semifield.toCommSemiring.{u_1} 𝕜
                        (@Field.toSemifield.{u_1} 𝕜
                          (@NormedField.toField.{u_1} 𝕜 (@NontriviallyNormedField.toNormedField.{u_1} 𝕜 inst)))))
                    (@AddCommGroup.toAddCommMonoid.{u_3} F inst_4) inst_5))))
            (@SMulZeroClass.toSMul.{u_1, u_2} 𝕜 E
              (@AddZero.toZero.{u_2} E
                (@AddZeroClass.toAddZero.{u_2} E
                  (@AddMonoid.toAddZeroClass.{u_2} E
                    (@SubNegMonoid.toAddMonoid.{u_2} E
                      (@AddGroup.toSubNegMonoid.{u_2} E (@AddCommGroup.toAddGroup.{u_2} E inst_1))))))
              (@DistribSMul.toSMulZeroClass.{u_1, u_2} 𝕜 E
                (@AddMonoid.toAddZeroClass.{u_2} E
                  (@SubNegMonoid.toAddMonoid.{u_2} E
                    (@AddGroup.toSubNegMonoid.{u_2} E (@AddCommGroup.toAddGroup.{u_2} E inst_1))))
                (@DistribMulAction.toDistribSMul.{u_1, u_2} 𝕜 E
                  (@Semiring.toMonoid.{u_1} 𝕜
                    (@CommSemiring.toSemiring.{u_1} 𝕜
                      (@Semifield.toCommSemiring.{u_1} 𝕜
                        (@Field.toSemifield.{u_1} 𝕜
                          (@NormedField.toField.{u_1} 𝕜 (@NontriviallyNormedField.toNormedField.{u_1} 𝕜 inst))))))
                  (@SubNegMonoid.toAddMonoid.{u_2} E
                    (@AddGroup.toSubNegMonoid.{u_2} E (@AddCommGroup.toAddGroup.{u_2} E inst_1)))
                  (@Module.toDistribMulAction.{u_1, u_2} 𝕜 E
                    (@CommSemiring.toSemiring.{u_1} 𝕜
                      (@Semifield.toCommSemiring.{u_1} 𝕜
                        (@Field.toSemifield.{u_1} 𝕜
                          (@NormedField.toField.{u_1} 𝕜 (@NontriviallyNormedField.toNormedField.{u_1} 𝕜 inst)))))
                    (@AddCommGroup.toAddCommMonoid.{u_2} E inst_1) inst_2))))
            L
            (fun p =>
              @HSub.hSub.{u_3, u_3, u_3} F F F
                (@instHSub.{u_3} F
                  (@SubNegMonoid.toSub.{u_3} F
                    (@AddGroup.toSubNegMonoid.{u_3} F (@AddCommGroup.toAddGroup.{u_3} F inst_4))))
                (@HSub.hSub.{u_3, u_3, u_3} F F F
                  (@instHSub.{u_3} F
                    (@SubNegMonoid.toSub.{u_3} F
                      (@AddGroup.toSubNegMonoid.{u_3} F (@AddCommGroup.toAddGroup.{u_3} F inst_4))))
                  (f₁ (@Prod.fst.{u_2, u_2} E E p)) (f₁ (@Prod.snd.{u_2, u_2} E E p)))
                (@DFunLike.coe.{max (u_2 + 1) (u_3 + 1), u_2 + 1, u_3 + 1}
                  (@ContinuousLinearMap.{u_1, u_1, u_2, u_3} 𝕜 𝕜
                    (@CommSemiring.toSemiring.{u_1} 𝕜
                      (@Semifield.toCommSemiring.{u_1} 𝕜
                        (@Field.toSemifield.{u_1} 𝕜
                          (@NormedField.toField.{u_1} 𝕜 (@NontriviallyNormedField.toNormedField.{u_1} 𝕜 inst)))))
                    (@CommSemiring.toSemiring.{u_1} 𝕜
                      (@Semifield.toCommSemiring.{u_1} 𝕜
                        (@Field.toSemifield.{u_1} 𝕜
                          (@NormedField.toField.{u_1} 𝕜 (@NontriviallyNormedField.toNormedField.{u_1} 𝕜 inst)))))
                    (@RingHom.id.{u_1} 𝕜
                      (@Semiring.toNonAssocSemiring.{u_1} 𝕜
                        (@CommSemiring.toSemiring.{u_1} 𝕜
                          (@Semifield.toCommSemiring.{u_1} 𝕜
                            (@Field.toSemifield.{u_1} 𝕜
                              (@NormedField.toField.{u_1} 𝕜 (@NontriviallyNormedField.toNormedField.{u_1} 𝕜 inst)))))))
                    E inst_3 (@AddCommGroup.toAddCommMonoid.{u_2} E inst_1) F inst_6
                    (@AddCommGroup.toAddCommMonoid.{u_3} F inst_4) inst_2 inst_5)
                  E (fun x => F)
                  (@ContinuousLinearMap.funLike.{u_1, u_1, u_2, u_3} 𝕜 𝕜
                    (@CommSemiring.toSemiring.{u_1} 𝕜
                      (@Semifield.toCommSemiring.{u_1} 𝕜
                        (@Field.toSemifield.{u_1} 𝕜
                          (@NormedField.toField.{u_1} 𝕜 (@NontriviallyNormedField.toNormedField.{u_1} 𝕜 inst)))))
                    (@CommSemiring.toSemiring.{u_1} 𝕜
                      (@Semifield.toCommSemiring.{u_1} 𝕜
                        (@Field.toSemifield.{u_1} 𝕜
                          (@NormedField.toField.{u_1} 𝕜 (@NontriviallyNormedField.toNormedField.{u_1} 𝕜 inst)))))
                    (@RingHom.id.{u_1} 𝕜
                      (@Semiring.toNonAssocSemiring.{u_1} 𝕜
                        (@CommSemiring.toSemiring.{u_1} 𝕜
                          (@Semifield.toCommSemiring.{u_1} 𝕜
                            (@Field.toSemifield.{u_1} 𝕜
                              (@NormedField.toField.{u_1} 𝕜 (@NontriviallyNormedField.toNormedField.{u_1} 𝕜 inst)))))))
                    E inst_3 (@AddCommGroup.toAddCommMonoid.{u_2} E inst_1) F inst_6
                    (@AddCommGroup.toAddCommMonoid.{u_3} F inst_4) inst_2 inst_5)
                  f₁'
                  (@HSub.hSub.{u_2, u_2, u_2} E E E
                    (@instHSub.{u_2} E
                      (@SubNegMonoid.toSub.{u_2} E
                        (@AddGroup.toSubNegMonoid.{u_2} E (@AddCommGroup.toAddGroup.{u_2} E inst_1))))
                    (@Prod.fst.{u_2, u_2} E E p) (@Prod.snd.{u_2, u_2} E E p))))
            fun p =>
            @HSub.hSub.{u_2, u_2, u_2} E E E
              (@instHSub.{u_2} E
                (@SubNegMonoid.toSub.{u_2} E
                  (@AddGroup.toSubNegMonoid.{u_2} E (@AddCommGroup.toAddGroup.{u_2} E inst_1))))
              (@Prod.fst.{u_2, u_2} E E p) (@Prod.snd.{u_2, u_2} E E p))))
      (@congr.{1, 1} Prop Prop
        (Iff (@HasFDerivAtFilter.{u_1, u_2, u_3} 𝕜 inst E inst_1 inst_2 inst_3 F inst_4 inst_5 inst_6 f₀ f₀' L))
        (Iff
          (@Asymptotics.IsLittleOTVS.{u_1, u_2, u_3, u_2} 𝕜 (Prod.{u_2, u_2} E E) F E
            (@ContinuousENorm.toENorm.{u_1} 𝕜
              (@UniformSpace.toTopologicalSpace.{u_1} 𝕜
                (@PseudoMetricSpace.toUniformSpace.{u_1} 𝕜
                  (@SeminormedAddGroup.toPseudoMetricSpace.{u_1} 𝕜
                    (@SeminormedAddCommGroup.toSeminormedAddGroup.{u_1} 𝕜
                      (@NonUnitalSeminormedRing.toSeminormedAddCommGroup.{u_1} 𝕜
                        (@NonUnitalSeminormedCommRing.toNonUnitalSeminormedRing.{u_1} 𝕜
                          (@SeminormedCommRing.toNonUnitalSeminormedCommRing.{u_1} 𝕜
                            (@NormedCommRing.toSeminormedCommRing.{u_1} 𝕜
                              (@NormedField.toNormedCommRing.{u_1} 𝕜
                                (@NontriviallyNormedField.toNormedField.{u_1} 𝕜 inst))))))))))
              (@SeminormedAddGroup.toContinuousENorm.{u_1} 𝕜
                (@SeminormedAddCommGroup.toSeminormedAddGroup.{u_1} 𝕜
                  (@NonUnitalSeminormedRing.toSeminormedAddCommGroup.{u_1} 𝕜
                    (@NonUnitalSeminormedCommRing.toNonUnitalSeminormedRing.{u_1} 𝕜
                      (@SeminormedCommRing.toNonUnitalSeminormedCommRing.{u_1} 𝕜
                        (@NormedCommRing.toSeminormedCommRing.{u_1} 𝕜
                          (@NormedField.toNormedCommRing.{u_1} 𝕜
                            (@NontriviallyNormedField.toNormedField.{u_1} 𝕜 inst)))))))))
            inst_6 inst_3
            (@NegZeroClass.toZero.{u_3} F
              (@SubNegZeroMonoid.toNegZeroClass.{u_3} F
                (@SubtractionMonoid.toSubNegZeroMonoid.{u_3} F
                  (@SubtractionCommMonoid.toSubtractionMonoid.{u_3} F
                    (@AddCommGroup.toDivisionAddCommMonoid.{u_3} F inst_4)))))
            (@NegZeroClass.toZero.{u_2} E
              (@SubNegZeroMonoid.toNegZeroClass.{u_2} E
                (@SubtractionMonoid.toSubNegZeroMonoid.{u_2} E
                  (@SubtractionCommMonoid.toSubtractionMonoid.{u_2} E
                    (@AddCommGroup.toDivisionAddCommMonoid.{u_2} E inst_1)))))
            (@SMulZeroClass.toSMul.{u_1, u_3} 𝕜 F
              (@AddZero.toZero.{u_3} F
                (@AddZeroClass.toAddZero.{u_3} F
                  (@AddMonoid.toAddZeroClass.{u_3} F
                    (@SubNegMonoid.toAddMonoid.{u_3} F
                      (@AddGroup.toSubNegMonoid.{u_3} F (@AddCommGroup.toAddGroup.{u_3} F inst_4))))))
              (@DistribSMul.toSMulZeroClass.{u_1, u_3} 𝕜 F
                (@AddMonoid.toAddZeroClass.{u_3} F
                  (@SubNegMonoid.toAddMonoid.{u_3} F
                    (@AddGroup.toSubNegMonoid.{u_3} F (@AddCommGroup.toAddGroup.{u_3} F inst_4))))
                (@DistribMulAction.toDistribSMul.{u_1, u_3} 𝕜 F
                  (@Semiring.toMonoid.{u_1} 𝕜
                    (@CommSemiring.toSemiring.{u_1} 𝕜
                      (@Semifield.toCommSemiring.{u_1} 𝕜
                        (@Field.toSemifield.{u_1} 𝕜
                          (@NormedField.toField.{u_1} 𝕜 (@NontriviallyNormedField.toNormedField.{u_1} 𝕜 inst))))))
                  (@SubNegMonoid.toAddMonoid.{u_3} F
                    (@AddGroup.toSubNegMonoid.{u_3} F (@AddCommGroup.toAddGroup.{u_3} F inst_4)))
                  (@Module.toDistribMulAction.{u_1, u_3} 𝕜 F
                    (@CommSemiring.toSemiring.{u_1} 𝕜
                      (@Semifield.toCommSemiring.{u_1} 𝕜
                        (@Field.toSemifield.{u_1} 𝕜
                          (@NormedField.toField.{u_1} 𝕜 (@NontriviallyNormedField.toNormedField.{u_1} 𝕜 inst)))))
                    (@AddCommGroup.toAddCommMonoid.{u_3} F inst_4) inst_5))))
            (@SMulZeroClass.toSMul.{u_1, u_2} 𝕜 E
              (@AddZero.toZero.{u_2} E
                (@AddZeroClass.toAddZero.{u_2} E
                  (@AddMonoid.toAddZeroClass.{u_2} E
                    (@SubNegMonoid.toAddMonoid.{u_2} E
                      (@AddGroup.toSubNegMonoid.{u_2} E (@AddCommGroup.toAddGroup.{u_2} E inst_1))))))
              (@DistribSMul.toSMulZeroClass.{u_1, u_2} 𝕜 E
                (@AddMonoid.toAddZeroClass.{u_2} E
                  (@SubNegMonoid.toAddMonoid.{u_2} E
                    (@AddGroup.toSubNegMonoid.{u_2} E (@AddCommGroup.toAddGroup.{u_2} E inst_1))))
                (@DistribMulAction.toDistribSMul.{u_1, u_2} 𝕜 E
                  (@Semiring.toMonoid.{u_1} 𝕜
                    (@CommSemiring.toSemiring.{u_1} 𝕜
                      (@Semifield.toCommSemiring.{u_1} 𝕜
                        (@Field.toSemifield.{u_1} 𝕜
                          (@NormedField.toField.{u_1} 𝕜 (@NontriviallyNormedField.toNormedField.{u_1} 𝕜 inst))))))
                  (@SubNegMonoid.toAddMonoid.{u_2} E
                    (@AddGroup.toSubNegMonoid.{u_2} E (@AddCommGroup.toAddGroup.{u_2} E inst_1)))
                  (@Module.toDistribMulAction.{u_1, u_2} 𝕜 E
                    (@CommSemiring.toSemiring.{u_1} 𝕜
                      (@Semifield.toCommSemiring.{u_1} 𝕜
                        (@Field.toSemifield.{u_1} 𝕜
                          (@NormedField.toField.{u_1} 𝕜 (@NontriviallyNormedField.toNormedField.{u_1} 𝕜 inst)))))
                    (@AddCommGroup.toAddCommMonoid.{u_2} E inst_1) inst_2))))
            L
            (fun p =>
              @HSub.hSub.{u_3, u_3, u_3} F F F
                (@instHSub.{u_3} F
                  (@SubNegMonoid.toSub.{u_3} F
                    (@AddGroup.toSubNegMonoid.{u_3} F (@AddCommGroup.toAddGroup.{u_3} F inst_4))))
                (@HSub.hSub.{u_3, u_3, u_3} F F F
                  (@instHSub.{u_3} F
                    (@SubNegMonoid.toSub.{u_3} F
                      (@AddGroup.toSubNegMonoid.{u_3} F (@AddCommGroup.toAddGroup.{u_3} F inst_4))))
                  (f₀ (@Prod.fst.{u_2, u_2} E E p)) (f₀ (@Prod.snd.{u_2, u_2} E E p)))
                (@DFunLike.coe.{max (u_2 + 1) (u_3 + 1), u_2 + 1, u_3 + 1}
                  (@ContinuousLinearMap.{u_1, u_1, u_2, u_3} 𝕜 𝕜
                    (@CommSemiring.toSemiring.{u_1} 𝕜
                      (@Semifield.toCommSemiring.{u_1} 𝕜
                        (@Field.toSemifield.{u_1} 𝕜
                          (@NormedField.toField.{u_1} 𝕜 (@NontriviallyNormedField.toNormedField.{u_1} 𝕜 inst)))))
                    (@CommSemiring.toSemiring.{u_1} 𝕜
                      (@Semifield.toCommSemiring.{u_1} 𝕜
                        (@Field.toSemifield.{u_1} 𝕜
                          (@NormedField.toField.{u_1} 𝕜 (@NontriviallyNormedField.toNormedField.{u_1} 𝕜 inst)))))
                    (@RingHom.id.{u_1} 𝕜
                      (@Semiring.toNonAssocSemiring.{u_1} 𝕜
                        (@CommSemiring.toSemiring.{u_1} 𝕜
                          (@Semifield.toCommSemiring.{u_1} 𝕜
                            (@Field.toSemifield.{u_1} 𝕜
                              (@NormedField.toField.{u_1} 𝕜 (@NontriviallyNormedField.toNormedField.{u_1} 𝕜 inst)))))))
                    E inst_3 (@AddCommGroup.toAddCommMonoid.{u_2} E inst_1) F inst_6
                    (@AddCommGroup.toAddCommMonoid.{u_3} F inst_4) inst_2 inst_5)
                  E (fun x => F)
                  (@ContinuousLinearMap.funLike.{u_1, u_1, u_2, u_3} 𝕜 𝕜
                    (@CommSemiring.toSemiring.{u_1} 𝕜
                      (@Semifield.toCommSemiring.{u_1} 𝕜
                        (@Field.toSemifield.{u_1} 𝕜
                          (@NormedField.toField.{u_1} 𝕜 (@NontriviallyNormedField.toNormedField.{u_1} 𝕜 inst)))))
                    (@CommSemiring.toSemiring.{u_1} 𝕜
                      (@Semifield.toCommSemiring.{u_1} 𝕜
                        (@Field.toSemifield.{u_1} 𝕜
                          (@NormedField.toField.{u_1} 𝕜 (@NontriviallyNormedField.toNormedField.{u_1} 𝕜 inst)))))
                    (@RingHom.id.{u_1} 𝕜
                      (@Semiring.toNonAssocSemiring.{u_1} 𝕜
                        (@CommSemiring.toSemiring.{u_1} 𝕜
                          (@Semifield.toCommSemiring.{u_1} 𝕜
                            (@Field.toSemifield.{u_1} 𝕜
                              (@NormedField.toField.{u_1} 𝕜 (@NontriviallyNormedField.toNormedField.{u_1} 𝕜 inst)))))))
                    E inst_3 (@AddCommGroup.toAddCommMonoid.{u_2} E inst_1) F inst_6
                    (@AddCommGroup.toAddCommMonoid.{u_3} F inst_4) inst_2 inst_5)
                  f₀'
                  (@HSub.hSub.{u_2, u_2, u_2} E E E
                    (@instHSub.{u_2} E
                      (@SubNegMonoid.toSub.{u_2} E
                        (@AddGroup.toSubNegMonoid.{u_2} E (@AddCommGroup.toAddGroup.{u_2} E inst_1))))
                    (@Prod.fst.{u_2, u_2} E E p) (@Prod.snd.{u_2, u_2} E E p))))
            fun p =>
            @HSub.hSub.{u_2, u_2, u_2} E E E
              (@instHSub.{u_2} E
                (@SubNegMonoid.toSub.{u_2} E
                  (@AddGroup.toSubNegMonoid.{u_2} E (@AddCommGroup.toAddGroup.{u_2} E inst_1))))
              (@Prod.fst.{u_2, u_2} E E p) (@Prod.snd.{u_2, u_2} E E p)))
        (@HasFDerivAtFilter.{u_1, u_2, u_3} 𝕜 inst E inst_1 inst_2 inst_3 F inst_4 inst_5 inst_6 f₁ f₁' L)
        (@Asymptotics.IsLittleOTVS.{u_1, u_2, u_3, u_2} 𝕜 (Prod.{u_2, u_2} E E) F E
          (@ContinuousENorm.toENorm.{u_1} 𝕜
            (@UniformSpace.toTopologicalSpace.{u_1} 𝕜
              (@PseudoMetricSpace.toUniformSpace.{u_1} 𝕜
                (@SeminormedAddGroup.toPseudoMetricSpace.{u_1} 𝕜
                  (@SeminormedAddCommGroup.toSeminormedAddGroup.{u_1} 𝕜
                    (@NonUnitalSeminormedRing.toSeminormedAddCommGroup.{u_1} 𝕜
                      (@NonUnitalSeminormedCommRing.toNonUnitalSeminormedRing.{u_1} 𝕜
                        (@SeminormedCommRing.toNonUnitalSeminormedCommRing.{u_1} 𝕜
                          (@NormedCommRing.toSeminormedCommRing.{u_1} 𝕜
                            (@NormedField.toNormedCommRing.{u_1} 𝕜
                              (@NontriviallyNormedField.toNormedField.{u_1} 𝕜 inst))))))))))
            (@SeminormedAddGroup.toContinuousENorm.{u_1} 𝕜
              (@SeminormedAddCommGroup.toSeminormedAddGroup.{u_1} 𝕜
                (@NonUnitalSeminormedRing.toSeminormedAddCommGroup.{u_1} 𝕜
                  (@NonUnitalSeminormedCommRing.toNonUnitalSeminormedRing.{u_1} 𝕜
                    (@SeminormedCommRing.toNonUnitalSeminormedCommRing.{u_1} 𝕜
                      (@NormedCommRing.toSeminormedCommRing.{u_1} 𝕜
                        (@NormedField.toNormedCommRing.{u_1} 𝕜
                          (@NontriviallyNormedField.toNormedField.{u_1} 𝕜 inst)))))))))
          inst_6 inst_3
          (@NegZeroClass.toZero.{u_3} F
            (@SubNegZeroMonoid.toNegZeroClass.{u_3} F
              (@SubtractionMonoid.toSubNegZeroMonoid.{u_3} F
                (@SubtractionCommMonoid.toSubtractionMonoid.{u_3} F
                  (@AddCommGroup.toDivisionAddCommMonoid.{u_3} F inst_4)))))
          (@NegZeroClass.toZero.{u_2} E
            (@SubNegZeroMonoid.toNegZeroClass.{u_2} E
              (@SubtractionMonoid.toSubNegZeroMonoid.{u_2} E
                (@SubtractionCommMonoid.toSubtractionMonoid.{u_2} E
                  (@AddCommGroup.toDivisionAddCommMonoid.{u_2} E inst_1)))))
          (@SMulZeroClass.toSMul.{u_1, u_3} 𝕜 F
            (@AddZero.toZero.{u_3} F
              (@AddZeroClass.toAddZero.{u_3} F
                (@AddMonoid.toAddZeroClass.{u_3} F
                  (@SubNegMonoid.toAddMonoid.{u_3} F
                    (@AddGroup.toSubNegMonoid.{u_3} F (@AddCommGroup.toAddGroup.{u_3} F inst_4))))))
            (@DistribSMul.toSMulZeroClass.{u_1, u_3} 𝕜 F
              (@AddMonoid.toAddZeroClass.{u_3} F
                (@SubNegMonoid.toAddMonoid.{u_3} F
                  (@AddGroup.toSubNegMonoid.{u_3} F (@AddCommGroup.toAddGroup.{u_3} F inst_4))))
              (@DistribMulAction.toDistribSMul.{u_1, u_3} 𝕜 F
                (@Semiring.toMonoid.{u_1} 𝕜
                  (@CommSemiring.toSemiring.{u_1} 𝕜
                    (@Semifield.toCommSemiring.{u_1} 𝕜
                      (@Field.toSemifield.{u_1} 𝕜
                        (@NormedField.toField.{u_1} 𝕜 (@NontriviallyNormedField.toNormedField.{u_1} 𝕜 inst))))))
                (@SubNegMonoid.toAddMonoid.{u_3} F
                  (@AddGroup.toSubNegMonoid.{u_3} F (@AddCommGroup.toAddGroup.{u_3} F inst_4)))
                (@Module.toDistribMulAction.{u_1, u_3} 𝕜 F
                  (@CommSemiring.toSemiring.{u_1} 𝕜
                    (@Semifield.toCommSemiring.{u_1} 𝕜
                      (@Field.toSemifield.{u_1} 𝕜
                        (@NormedField.toField.{u_1} 𝕜 (@NontriviallyNormedField.toNormedField.{u_1} 𝕜 inst)))))
                  (@AddCommGroup.toAddCommMonoid.{u_3} F inst_4) inst_5))))
          (@SMulZeroClass.toSMul.{u_1, u_2} 𝕜 E
            (@AddZero.toZero.{u_2} E
              (@AddZeroClass.toAddZero.{u_2} E
                (@AddMonoid.toAddZeroClass.{u_2} E
                  (@SubNegMonoid.toAddMonoid.{u_2} E
                    (@AddGroup.toSubNegMonoid.{u_2} E (@AddCommGroup.toAddGroup.{u_2} E inst_1))))))
            (@DistribSMul.toSMulZeroClass.{u_1, u_2} 𝕜 E
              (@AddMonoid.toAddZeroClass.{u_2} E
                (@SubNegMonoid.toAddMonoid.{u_2} E
                  (@AddGroup.toSubNegMonoid.{u_2} E (@AddCommGroup.toAddGroup.{u_2} E inst_1))))
              (@DistribMulAction.toDistribSMul.{u_1, u_2} 𝕜 E
                (@Semiring.toMonoid.{u_1} 𝕜
                  (@CommSemiring.toSemiring.{u_1} 𝕜
                    (@Semifield.toCommSemiring.{u_1} 𝕜
                      (@Field.toSemifield.{u_1} 𝕜
                        (@NormedField.toField.{u_1} 𝕜 (@NontriviallyNormedField.toNormedField.{u_1} 𝕜 inst))))))
                (@SubNegMonoid.toAddMonoid.{u_2} E
                  (@AddGroup.toSubNegMonoid.{u_2} E (@AddCommGroup.toAddGroup.{u_2} E inst_1)))
                (@Module.toDistribMulAction.{u_1, u_2} 𝕜 E
                  (@CommSemiring.toSemiring.{u_1} 𝕜
                    (@Semifield.toCommSemiring.{u_1} 𝕜
                      (@Field.toSemifield.{u_1} 𝕜
                        (@NormedField.toField.{u_1} 𝕜 (@NontriviallyNormedField.toNormedField.{u_1} 𝕜 inst)))))
                  (@AddCommGroup.toAddCommMonoid.{u_2} E inst_1) inst_2))))
          L
          (fun p =>
            @HSub.hSub.{u_3, u_3, u_3} F F F
              (@instHSub.{u_3} F
                (@SubNegMonoid.toSub.{u_3} F
                  (@AddGroup.toSubNegMonoid.{u_3} F (@AddCommGroup.toAddGroup.{u_3} F inst_4))))
              (@HSub.hSub.{u_3, u_3, u_3} F F F
                (@instHSub.{u_3} F
                  (@SubNegMonoid.toSub.{u_3} F
                    (@AddGroup.toSubNegMonoid.{u_3} F (@AddCommGroup.toAddGroup.{u_3} F inst_4))))
                (f₁ (@Prod.fst.{u_2, u_2} E E p)) (f₁ (@Prod.snd.{u_2, u_2} E E p)))
              (@DFunLike.coe.{max (u_2 + 1) (u_3 + 1), u_2 + 1, u_3 + 1}
                (@ContinuousLinearMap.{u_1, u_1, u_2, u_3} 𝕜 𝕜
                  (@CommSemiring.toSemiring.{u_1} 𝕜
                    (@Semifield.toCommSemiring.{u_1} 𝕜
                      (@Field.toSemifield.{u_1} 𝕜
                        (@NormedField.toField.{u_1} 𝕜 (@NontriviallyNormedField.toNormedField.{u_1} 𝕜 inst)))))
                  (@CommSemiring.toSemiring.{u_1} 𝕜
                    (@Semifield.toCommSemiring.{u_1} 𝕜
                      (@Field.toSemifield.{u_1} 𝕜
                        (@NormedField.toField.{u_1} 𝕜 (@NontriviallyNormedField.toNormedField.{u_1} 𝕜 inst)))))
                  (@RingHom.id.{u_1} 𝕜
                    (@Semiring.toNonAssocSemiring.{u_1} 𝕜
                      (@CommSemiring.toSemiring.{u_1} 𝕜
                        (@Semifield.toCommSemiring.{u_1} 𝕜
                          (@Field.toSemifield.{u_1} 𝕜
                            (@NormedField.toField.{u_1} 𝕜 (@NontriviallyNormedField.toNormedField.{u_1} 𝕜 inst)))))))
                  E inst_3 (@AddCommGroup.toAddCommMonoid.{u_2} E inst_1) F inst_6
                  (@AddCommGroup.toAddCommMonoid.{u_3} F inst_4) inst_2 inst_5)
                E (fun x => F)
                (@ContinuousLinearMap.funLike.{u_1, u_1, u_2, u_3} 𝕜 𝕜
                  (@CommSemiring.toSemiring.{u_1} 𝕜
                    (@Semifield.toCommSemiring.{u_1} 𝕜
                      (@Field.toSemifield.{u_1} 𝕜
                        (@NormedField.toField.{u_1} 𝕜 (@NontriviallyNormedField.toNormedField.{u_1} 𝕜 inst)))))
                  (@CommSemiring.toSemiring.{u_1} 𝕜
                    (@Semifield.toCommSemiring.{u_1} 𝕜
                      (@Field.toSemifield.{u_1} 𝕜
                        (@NormedField.toField.{u_1} 𝕜 (@NontriviallyNormedField.toNormedField.{u_1} 𝕜 inst)))))
                  (@RingHom.id.{u_1} 𝕜
                    (@Semiring.toNonAssocSemiring.{u_1} 𝕜
                      (@CommSemiring.toSemiring.{u_1} 𝕜
                        (@Semifield.toCommSemiring.{u_1} 𝕜
                          (@Field.toSemifield.{u_1} 𝕜
                            (@NormedField.toField.{u_1} 𝕜 (@NontriviallyNormedField.toNormedField.{u_1} 𝕜 inst)))))))
                  E inst_3 (@AddCommGroup.toAddCommMonoid.{u_2} E inst_1) F inst_6
                  (@AddCommGroup.toAddCommMonoid.{u_3} F inst_4) inst_2 inst_5)
                f₁'
                (@HSub.hSub.{u_2, u_2, u_2} E E E
                  (@instHSub.{u_2} E
                    (@SubNegMonoid.toSub.{u_2} E
                      (@AddGroup.toSubNegMonoid.{u_2} E (@AddCommGroup.toAddGroup.{u_2} E inst_1))))
                  (@Prod.fst.{u_2, u_2} E E p) (@Prod.snd.{u_2, u_2} E E p))))
          fun p =>
          @HSub.hSub.{u_2, u_2, u_2} E E E
            (@instHSub.{u_2} E
              (@SubNegMonoid.toSub.{u_2} E
                (@AddGroup.toSubNegMonoid.{u_2} E (@AddCommGroup.toAddGroup.{u_2} E inst_1))))
            (@Prod.fst.{u_2, u_2} E E p) (@Prod.snd.{u_2, u_2} E E p))
        (@congrArg.{1, 1} Prop (Prop → Prop)
          (@HasFDerivAtFilter.{u_1, u_2, u_3} 𝕜 inst E inst_1 inst_2 inst_3 F inst_4 inst_5 inst_6 f₀ f₀' L)
          (@Asymptotics.IsLittleOTVS.{u_1, u_2, u_3, u_2} 𝕜 (Prod.{u_2, u_2} E E) F E
            (@ContinuousENorm.toENorm.{u_1} 𝕜
              (@UniformSpace.toTopologicalSpace.{u_1} 𝕜
                (@PseudoMetricSpace.toUniformSpace.{u_1} 𝕜
                  (@SeminormedAddGroup.toPseudoMetricSpace.{u_1} 𝕜
                    (@SeminormedAddCommGroup.toSeminormedAddGroup.{u_1} 𝕜
                      (@NonUnitalSeminormedRing.toSeminormedAddCommGroup.{u_1} 𝕜
                        (@NonUnitalSeminormedCommRing.toNonUnitalSeminormedRing.{u_1} 𝕜
                          (@SeminormedCommRing.toNonUnitalSeminormedCommRing.{u_1} 𝕜
                            (@NormedCommRing.toSeminormedCommRing.{u_1} 𝕜
                              (@NormedField.toNormedCommRing.{u_1} 𝕜
                                (@NontriviallyNormedField.toNormedField.{u_1} 𝕜 inst))))))))))
              (@SeminormedAddGroup.toContinuousENorm.{u_1} 𝕜
                (@SeminormedAddCommGroup.toSeminormedAddGroup.{u_1} 𝕜
                  (@NonUnitalSeminormedRing.toSeminormedAddCommGroup.{u_1} 𝕜
                    (@NonUnitalSeminormedCommRing.toNonUnitalSeminormedRing.{u_1} 𝕜
                      (@SeminormedCommRing.toNonUnitalSeminormedCommRing.{u_1} 𝕜
                        (@NormedCommRing.toSeminormedCommRing.{u_1} 𝕜
                          (@NormedField.toNormedCommRing.{u_1} 𝕜
                            (@NontriviallyNormedField.toNormedField.{u_1} 𝕜 inst)))))))))
            inst_6 inst_3
            (@NegZeroClass.toZero.{u_3} F
              (@SubNegZeroMonoid.toNegZeroClass.{u_3} F
                (@SubtractionMonoid.toSubNegZeroMonoid.{u_3} F
                  (@SubtractionCommMonoid.toSubtractionMonoid.{u_3} F
                    (@AddCommGroup.toDivisionAddCommMonoid.{u_3} F inst_4)))))
            (@NegZeroClass.toZero.{u_2} E
              (@SubNegZeroMonoid.toNegZeroClass.{u_2} E
                (@SubtractionMonoid.toSubNegZeroMonoid.{u_2} E
                  (@SubtractionCommMonoid.toSubtractionMonoid.{u_2} E
                    (@AddCommGroup.toDivisionAddCommMonoid.{u_2} E inst_1)))))
            (@SMulZeroClass.toSMul.{u_1, u_3} 𝕜 F
              (@AddZero.toZero.{u_3} F
                (@AddZeroClass.toAddZero.{u_3} F
                  (@AddMonoid.toAddZeroClass.{u_3} F
                    (@SubNegMonoid.toAddMonoid.{u_3} F
                      (@AddGroup.toSubNegMonoid.{u_3} F (@AddCommGroup.toAddGroup.{u_3} F inst_4))))))
              (@DistribSMul.toSMulZeroClass.{u_1, u_3} 𝕜 F
                (@AddMonoid.toAddZeroClass.{u_3} F
                  (@SubNegMonoid.toAddMonoid.{u_3} F
                    (@AddGroup.toSubNegMonoid.{u_3} F (@AddCommGroup.toAddGroup.{u_3} F inst_4))))
                (@DistribMulAction.toDistribSMul.{u_1, u_3} 𝕜 F
                  (@Semiring.toMonoid.{u_1} 𝕜
                    (@CommSemiring.toSemiring.{u_1} 𝕜
                      (@Semifield.toCommSemiring.{u_1} 𝕜
                        (@Field.toSemifield.{u_1} 𝕜
                          (@NormedField.toField.{u_1} 𝕜 (@NontriviallyNormedField.toNormedField.{u_1} 𝕜 inst))))))
                  (@SubNegMonoid.toAddMonoid.{u_3} F
                    (@AddGroup.toSubNegMonoid.{u_3} F (@AddCommGroup.toAddGroup.{u_3} F inst_4)))
                  (@Module.toDistribMulAction.{u_1, u_3} 𝕜 F
                    (@CommSemiring.toSemiring.{u_1} 𝕜
                      (@Semifield.toCommSemiring.{u_1} 𝕜
                        (@Field.toSemifield.{u_1} 𝕜
                          (@NormedField.toField.{u_1} 𝕜 (@NontriviallyNormedField.toNormedField.{u_1} 𝕜 inst)))))
                    (@AddCommGroup.toAddCommMonoid.{u_3} F inst_4) inst_5))))
            (@SMulZeroClass.toSMul.{u_1, u_2} 𝕜 E
              (@AddZero.toZero.{u_2} E
                (@AddZeroClass.toAddZero.{u_2} E
                  (@AddMonoid.toAddZeroClass.{u_2} E
                    (@SubNegMonoid.toAddMonoid.{u_2} E
                      (@AddGroup.toSubNegMonoid.{u_2} E (@AddCommGroup.toAddGroup.{u_2} E inst_1))))))
              (@DistribSMul.toSMulZeroClass.{u_1, u_2} 𝕜 E
                (@AddMonoid.toAddZeroClass.{u_2} E
                  (@SubNegMonoid.toAddMonoid.{u_2} E
                    (@AddGroup.toSubNegMonoid.{u_2} E (@AddCommGroup.toAddGroup.{u_2} E inst_1))))
                (@DistribMulAction.toDistribSMul.{u_1, u_2} 𝕜 E
                  (@Semiring.toMonoid.{u_1} 𝕜
                    (@CommSemiring.toSemiring.{u_1} 𝕜
                      (@Semifield.toCommSemiring.{u_1} 𝕜
                        (@Field.toSemifield.{u_1} 𝕜
                          (@NormedField.toField.{u_1} 𝕜 (@NontriviallyNormedField.toNormedField.{u_1} 𝕜 inst))))))
                  (@SubNegMonoid.toAddMonoid.{u_2} E
                    (@AddGroup.toSubNegMonoid.{u_2} E (@AddCommGroup.toAddGroup.{u_2} E inst_1)))
                  (@Module.toDistribMulAction.{u_1, u_2} 𝕜 E
                    (@CommSemiring.toSemiring.{u_1} 𝕜
                      (@Semifield.toCommSemiring.{u_1} 𝕜
                        (@Field.toSemifield.{u_1} 𝕜
                          (@NormedField.toField.{u_1} 𝕜 (@NontriviallyNormedField.toNormedField.{u_1} 𝕜 inst)))))
                    (@AddCommGroup.toAddCommMonoid.{u_2} E inst_1) inst_2))))
            L
            (fun p =>
              @HSub.hSub.{u_3, u_3, u_3} F F F
                (@instHSub.{u_3} F
                  (@SubNegMonoid.toSub.{u_3} F
                    (@AddGroup.toSubNegMonoid.{u_3} F (@AddCommGroup.toAddGroup.{u_3} F inst_4))))
                (@HSub.hSub.{u_3, u_3, u_3} F F F
                  (@instHSub.{u_3} F
                    (@SubNegMonoid.toSub.{u_3} F
                      (@AddGroup.toSubNegMonoid.{u_3} F (@AddCommGroup.toAddGroup.{u_3} F inst_4))))
                  (f₀ (@Prod.fst.{u_2, u_2} E E p)) (f₀ (@Prod.snd.{u_2, u_2} E E p)))
                (@DFunLike.coe.{max (u_2 + 1) (u_3 + 1), u_2 + 1, u_3 + 1}
                  (@ContinuousLinearMap.{u_1, u_1, u_2, u_3} 𝕜 𝕜
                    (@CommSemiring.toSemiring.{u_1} 𝕜
                      (@Semifield.toCommSemiring.{u_1} 𝕜
                        (@Field.toSemifield.{u_1} 𝕜
                          (@NormedField.toField.{u_1} 𝕜 (@NontriviallyNormedField.toNormedField.{u_1} 𝕜 inst)))))
                    (@CommSemiring.toSemiring.{u_1} 𝕜
                      (@Semifield.toCommSemiring.{u_1} 𝕜
                        (@Field.toSemifield.{u_1} 𝕜
                          (@NormedField.toField.{u_1} 𝕜 (@NontriviallyNormedField.toNormedField.{u_1} 𝕜 inst)))))
                    (@RingHom.id.{u_1} 𝕜
                      (@Semiring.toNonAssocSemiring.{u_1} 𝕜
                        (@CommSemiring.toSemiring.{u_1} 𝕜
                          (@Semifield.toCommSemiring.{u_1} 𝕜
                            (@Field.toSemifield.{u_1} 𝕜
                              (@NormedField.toField.{u_1} 𝕜 (@NontriviallyNormedField.toNormedField.{u_1} 𝕜 inst)))))))
                    E inst_3 (@AddCommGroup.toAddCommMonoid.{u_2} E inst_1) F inst_6
                    (@AddCommGroup.toAddCommMonoid.{u_3} F inst_4) inst_2 inst_5)
                  E (fun x => F)
                  (@ContinuousLinearMap.funLike.{u_1, u_1, u_2, u_3} 𝕜 𝕜
                    (@CommSemiring.toSemiring.{u_1} 𝕜
                      (@Semifield.toCommSemiring.{u_1} 𝕜
                        (@Field.toSemifield.{u_1} 𝕜
                          (@NormedField.toField.{u_1} 𝕜 (@NontriviallyNormedField.toNormedField.{u_1} 𝕜 inst)))))
                    (@CommSemiring.toSemiring.{u_1} 𝕜
                      (@Semifield.toCommSemiring.{u_1} 𝕜
                        (@Field.toSemifield.{u_1} 𝕜
                          (@NormedField.toField.{u_1} 𝕜 (@NontriviallyNormedField.toNormedField.{u_1} 𝕜 inst)))))
                    (@RingHom.id.{u_1} 𝕜
                      (@Semiring.toNonAssocSemiring.{u_1} 𝕜
                        (@CommSemiring.toSemiring.{u_1} 𝕜
                          (@Semifield.toCommSemiring.{u_1} 𝕜
                            (@Field.toSemifield.{u_1} 𝕜
                              (@NormedField.toField.{u_1} 𝕜 (@NontriviallyNormedField.toNormedField.{u_1} 𝕜 inst)))))))
                    E inst_3 (@AddCommGroup.toAddCommMonoid.{u_2} E inst_1) F inst_6
                    (@AddCommGroup.toAddCommMonoid.{u_3} F inst_4) inst_2 inst_5)
                  f₀'
                  (@HSub.hSub.{u_2, u_2, u_2} E E E
                    (@instHSub.{u_2} E
                      (@SubNegMonoid.toSub.{u_2} E
                        (@AddGroup.toSubNegMonoid.{u_2} E (@AddCommGroup.toAddGroup.{u_2} E inst_1))))
                    (@Prod.fst.{u_2, u_2} E E p) (@Prod.snd.{u_2, u_2} E E p))))
            fun p =>
            @HSub.hSub.{u_2, u_2, u_2} E E E
              (@instHSub.{u_2} E
                (@SubNegMonoid.toSub.{u_2} E
                  (@AddGroup.toSubNegMonoid.{u_2} E (@AddCommGroup.toAddGroup.{u_2} E inst_1))))
              (@Prod.fst.{u_2, u_2} E E p) (@Prod.snd.{u_2, u_2} E E p))
          Iff
          (@Filter.EventuallyEq.hasFDerivAtFilter_iff._simp_1_1✝.{u_1, u_2, u_3} 𝕜 inst E inst_1 inst_2 inst_3 F inst_4
            inst_5 inst_6 f₀ f₀' L))
        (@Filter.EventuallyEq.hasFDerivAtFilter_iff._simp_1_1✝.{u_1, u_2, u_3} 𝕜 inst E inst_1 inst_2 inst_3 F inst_4
          inst_5 inst_6 f₁ f₁' L)))
    (@Asymptotics.isLittleOTVS_congr.{u_2, u_1, u_3, u_2} (Prod.{u_2, u_2} E E) 𝕜 F E inst inst_4 inst_6 inst_5 inst_1
      inst_3 inst_2
      (fun p =>
        @HSub.hSub.{u_3, u_3, u_3} F F F
          (@instHSub.{u_3} F
            (@SubNegMonoid.toSub.{u_3} F (@AddGroup.toSubNegMonoid.{u_3} F (@AddCommGroup.toAddGroup.{u_3} F inst_4))))
          (@HSub.hSub.{u_3, u_3, u_3} F F F
            (@instHSub.{u_3} F
              (@SubNegMonoid.toSub.{u_3} F
                (@AddGroup.toSubNegMonoid.{u_3} F (@AddCommGroup.toAddGroup.{u_3} F inst_4))))
            (f₀ (@Prod.fst.{u_2, u_2} E E p)) (f₀ (@Prod.snd.{u_2, u_2} E E p)))
          (@DFunLike.coe.{max (u_2 + 1) (u_3 + 1), u_2 + 1, u_3 + 1}
            (@ContinuousLinearMap.{u_1, u_1, u_2, u_3} 𝕜 𝕜
              (@CommSemiring.toSemiring.{u_1} 𝕜
                (@Semifield.toCommSemiring.{u_1} 𝕜
                  (@Field.toSemifield.{u_1} 𝕜
                    (@NormedField.toField.{u_1} 𝕜 (@NontriviallyNormedField.toNormedField.{u_1} 𝕜 inst)))))
              (@CommSemiring.toSemiring.{u_1} 𝕜
                (@Semifield.toCommSemiring.{u_1} 𝕜
                  (@Field.toSemifield.{u_1} 𝕜
                    (@NormedField.toField.{u_1} 𝕜 (@NontriviallyNormedField.toNormedField.{u_1} 𝕜 inst)))))
              (@RingHom.id.{u_1} 𝕜
                (@Semiring.toNonAssocSemiring.{u_1} 𝕜
                  (@CommSemiring.toSemiring.{u_1} 𝕜
                    (@Semifield.toCommSemiring.{u_1} 𝕜
                      (@Field.toSemifield.{u_1} 𝕜
                        (@NormedField.toField.{u_1} 𝕜 (@NontriviallyNormedField.toNormedField.{u_1} 𝕜 inst)))))))
              E inst_3 (@AddCommGroup.toAddCommMonoid.{u_2} E inst_1) F inst_6
              (@AddCommGroup.toAddCommMonoid.{u_3} F inst_4) inst_2 inst_5)
            E (fun x => F)
            (@ContinuousLinearMap.funLike.{u_1, u_1, u_2, u_3} 𝕜 𝕜
              (@CommSemiring.toSemiring.{u_1} 𝕜
                (@Semifield.toCommSemiring.{u_1} 𝕜
                  (@Field.toSemifield.{u_1} 𝕜
                    (@NormedField.toField.{u_1} 𝕜 (@NontriviallyNormedField.toNormedField.{u_1} 𝕜 inst)))))
              (@CommSemiring.toSemiring.{u_1} 𝕜
                (@Semifield.toCommSemiring.{u_1} 𝕜
                  (@Field.toSemifield.{u_1} 𝕜
                    (@NormedField.toField.{u_1} 𝕜 (@NontriviallyNormedField.toNormedField.{u_1} 𝕜 inst)))))
              (@RingHom.id.{u_1} 𝕜
                (@Semiring.toNonAssocSemiring.{u_1} 𝕜
                  (@CommSemiring.toSemiring.{u_1} 𝕜
                    (@Semifield.toCommSemiring.{u_1} 𝕜
                      (@Field.toSemifield.{u_1} 𝕜
                        (@NormedField.toField.{u_1} 𝕜 (@NontriviallyNormedField.toNormedField.{u_1} 𝕜 inst)))))))
              E inst_3 (@AddCommGroup.toAddCommMonoid.{u_2} E inst_1) F inst_6
              (@AddCommGroup.toAddCommMonoid.{u_3} F inst_4) inst_2 inst_5)
            f₀'
            (@HSub.hSub.{u_2, u_2, u_2} E E E
              (@instHSub.{u_2} E
                (@SubNegMonoid.toSub.{u_2} E
                  (@AddGroup.toSubNegMonoid.{u_2} E (@AddCommGroup.toAddGroup.{u_2} E inst_1))))
              (@Prod.fst.{u_2, u_2} E E p) (@Prod.snd.{u_2, u_2} E E p))))
      (fun p =>
        @HSub.hSub.{u_3, u_3, u_3} F F F
          (@instHSub.{u_3} F
            (@SubNegMonoid.toSub.{u_3} F (@AddGroup.toSubNegMonoid.{u_3} F (@AddCommGroup.toAddGroup.{u_3} F inst_4))))
          (@HSub.hSub.{u_3, u_3, u_3} F F F
            (@instHSub.{u_3} F
              (@SubNegMonoid.toSub.{u_3} F
                (@AddGroup.toSubNegMonoid.{u_3} F (@AddCommGroup.toAddGroup.{u_3} F inst_4))))
            (f₁ (@Prod.fst.{u_2, u_2} E E p)) (f₁ (@Prod.snd.{u_2, u_2} E E p)))
          (@DFunLike.coe.{max (u_2 + 1) (u_3 + 1), u_2 + 1, u_3 + 1}
            (@ContinuousLinearMap.{u_1, u_1, u_2, u_3} 𝕜 𝕜
              (@CommSemiring.toSemiring.{u_1} 𝕜
                (@Semifield.toCommSemiring.{u_1} 𝕜
                  (@Field.toSemifield.{u_1} 𝕜
                    (@NormedField.toField.{u_1} 𝕜 (@NontriviallyNormedField.toNormedField.{u_1} 𝕜 inst)))))
              (@CommSemiring.toSemiring.{u_1} 𝕜
                (@Semifield.toCommSemiring.{u_1} 𝕜
                  (@Field.toSemifield.{u_1} 𝕜
                    (@NormedField.toField.{u_1} 𝕜 (@NontriviallyNormedField.toNormedField.{u_1} 𝕜 inst)))))
              (@RingHom.id.{u_1} 𝕜
                (@Semiring.toNonAssocSemiring.{u_1} 𝕜
                  (@CommSemiring.toSemiring.{u_1} 𝕜
                    (@Semifield.toCommSemiring.{u_1} 𝕜
                      (@Field.toSemifield.{u_1} 𝕜
                        (@NormedField.toField.{u_1} 𝕜 (@NontriviallyNormedField.toNormedField.{u_1} 𝕜 inst)))))))
              E inst_3 (@AddCommGroup.toAddCommMonoid.{u_2} E inst_1) F inst_6
              (@AddCommGroup.toAddCommMonoid.{u_3} F inst_4) inst_2 inst_5)
            E (fun x => F)
            (@ContinuousLinearMap.funLike.{u_1, u_1, u_2, u_3} 𝕜 𝕜
              (@CommSemiring.toSemiring.{u_1} 𝕜
                (@Semifield.toCommSemiring.{u_1} 𝕜
                  (@Field.toSemifield.{u_1} 𝕜
                    (@NormedField.toField.{u_1} 𝕜 (@NontriviallyNormedField.toNormedField.{u_1} 𝕜 inst)))))
              (@CommSemiring.toSemiring.{u_1} 𝕜
                (@Semifield.toCommSemiring.{u_1} 𝕜
                  (@Field.toSemifield.{u_1} 𝕜
                    (@NormedField.toField.{u_1} 𝕜 (@NontriviallyNormedField.toNormedField.{u_1} 𝕜 inst)))))
              (@RingHom.id.{u_1} 𝕜
                (@Semiring.toNonAssocSemiring.{u_1} 𝕜
                  (@CommSemiring.toSemiring.{u_1} 𝕜
                    (@Semifield.toCommSemiring.{u_1} 𝕜
                      (@Field.toSemifield.{u_1} 𝕜
                        (@NormedField.toField.{u_1} 𝕜 (@NontriviallyNormedField.toNormedField.{u_1} 𝕜 inst)))))))
              E inst_3 (@AddCommGroup.toAddCommMonoid.{u_2} E inst_1) F inst_6
              (@AddCommGroup.toAddCommMonoid.{u_3} F inst_4) inst_2 inst_5)
            f₁'
            (@HSub.hSub.{u_2, u_2, u_2} E E E
              (@instHSub.{u_2} E
                (@SubNegMonoid.toSub.{u_2} E
                  (@AddGroup.toSubNegMonoid.{u_2} E (@AddCommGroup.toAddGroup.{u_2} E inst_1))))
              (@Prod.fst.{u_2, u_2} E E p) (@Prod.snd.{u_2, u_2} E E p))))
      (fun p =>
        @HSub.hSub.{u_2, u_2, u_2} E E E
          (@instHSub.{u_2} E
            (@SubNegMonoid.toSub.{u_2} E (@AddGroup.toSubNegMonoid.{u_2} E (@AddCommGroup.toAddGroup.{u_2} E inst_1))))
          (@Prod.fst.{u_2, u_2} E E p) (@Prod.snd.{u_2, u_2} E E p))
      (fun p =>
        @HSub.hSub.{u_2, u_2, u_2} E E E
          (@instHSub.{u_2} E
            (@SubNegMonoid.toSub.{u_2} E (@AddGroup.toSubNegMonoid.{u_2} E (@AddCommGroup.toAddGroup.{u_2} E inst_1))))
          (@Prod.fst.{u_2, u_2} E E p) (@Prod.snd.{u_2, u_2} E E p))
      L
      (@Filter.Eventually.mono.{u_2} (Prod.{u_2, u_2} E E)
        (fun x =>
          @Eq.{u_3 + 1} (Prod.{u_3, u_3} F F) (@Prod.map.{u_2, u_3, u_2, u_3} E F E F f₀ f₀ x)
            (@Prod.map.{u_2, u_3, u_2, u_3} E F E F f₁ f₁ x))
        (fun x =>
          @Eq.{u_3 + 1} F
            ((fun p =>
                @HSub.hSub.{u_3, u_3, u_3} F F F
                  (@instHSub.{u_3} F
                    (@SubNegMonoid.toSub.{u_3} F
                      (@AddGroup.toSubNegMonoid.{u_3} F (@AddCommGroup.toAddGroup.{u_3} F inst_4))))
                  (@HSub.hSub.{u_3, u_3, u_3} F F F
                    (@instHSub.{u_3} F
                      (@SubNegMonoid.toSub.{u_3} F
                        (@AddGroup.toSubNegMonoid.{u_3} F (@AddCommGroup.toAddGroup.{u_3} F inst_4))))
                    (f₀ (@Prod.fst.{u_2, u_2} E E p)) (f₀ (@Prod.snd.{u_2, u_2} E E p)))
                  (@DFunLike.coe.{max (u_2 + 1) (u_3 + 1), u_2 + 1, u_3 + 1}
                    (@ContinuousLinearMap.{u_1, u_1, u_2, u_3} 𝕜 𝕜
                      (@CommSemiring.toSemiring.{u_1} 𝕜
                        (@Semifield.toCommSemiring.{u_1} 𝕜
                          (@Field.toSemifield.{u_1} 𝕜
                            (@NormedField.toField.{u_1} 𝕜 (@NontriviallyNormedField.toNormedField.{u_1} 𝕜 inst)))))
                      (@CommSemiring.toSemiring.{u_1} 𝕜
                        (@Semifield.toCommSemiring.{u_1} 𝕜
                          (@Field.toSemifield.{u_1} 𝕜
                            (@NormedField.toField.{u_1} 𝕜 (@NontriviallyNormedField.toNormedField.{u_1} 𝕜 inst)))))
                      (@RingHom.id.{u_1} 𝕜
                        (@Semiring.toNonAssocSemiring.{u_1} 𝕜
                          (@CommSemiring.toSemiring.{u_1} 𝕜
                            (@Semifield.toCommSemiring.{u_1} 𝕜
                              (@Field.toSemifield.{u_1} 𝕜
                                (@NormedField.toField.{u_1} 𝕜
                                  (@NontriviallyNormedField.toNormedField.{u_1} 𝕜 inst)))))))
                      E inst_3 (@AddCommGroup.toAddCommMonoid.{u_2} E inst_1) F inst_6
                      (@AddCommGroup.toAddCommMonoid.{u_3} F inst_4) inst_2 inst_5)
                    E (fun x => F)
                    (@ContinuousLinearMap.funLike.{u_1, u_1, u_2, u_3} 𝕜 𝕜
                      (@CommSemiring.toSemiring.{u_1} 𝕜
                        (@Semifield.toCommSemiring.{u_1} 𝕜
                          (@Field.toSemifield.{u_1} 𝕜
                            (@NormedField.toField.{u_1} 𝕜 (@NontriviallyNormedField.toNormedField.{u_1} 𝕜 inst)))))
                      (@CommSemiring.toSemiring.{u_1} 𝕜
                        (@Semifield.toCommSemiring.{u_1} 𝕜
                          (@Field.toSemifield.{u_1} 𝕜
                            (@NormedField.toField.{u_1} 𝕜 (@NontriviallyNormedField.toNormedField.{u_1} 𝕜 inst)))))
                      (@RingHom.id.{u_1} 𝕜
                        (@Semiring.toNonAssocSemiring.{u_1} 𝕜
                          (@CommSemiring.toSemiring.{u_1} 𝕜
                            (@Semifield.toCommSemiring.{u_1} 𝕜
                              (@Field.toSemifield.{u_1} 𝕜
                                (@NormedField.toField.{u_1} 𝕜
                                  (@NontriviallyNormedField.toNormedField.{u_1} 𝕜 inst)))))))
                      E inst_3 (@AddCommGroup.toAddCommMonoid.{u_2} E inst_1) F inst_6
                      (@AddCommGroup.toAddCommMonoid.{u_3} F inst_4) inst_2 inst_5)
                    f₀'
                    (@HSub.hSub.{u_2, u_2, u_2} E E E
                      (@instHSub.{u_2} E
                        (@SubNegMonoid.toSub.{u_2} E
                          (@AddGroup.toSubNegMonoid.{u_2} E (@AddCommGroup.toAddGroup.{u_2} E inst_1))))
                      (@Prod.fst.{u_2, u_2} E E p) (@Prod.snd.{u_2, u_2} E E p))))
              x)
            ((fun p =>
                @HSub.hSub.{u_3, u_3, u_3} F F F
                  (@instHSub.{u_3} F
                    (@SubNegMonoid.toSub.{u_3} F
                      (@AddGroup.toSubNegMonoid.{u_3} F (@AddCommGroup.toAddGroup.{u_3} F inst_4))))
                  (@HSub.hSub.{u_3, u_3, u_3} F F F
                    (@instHSub.{u_3} F
                      (@SubNegMonoid.toSub.{u_3} F
                        (@AddGroup.toSubNegMonoid.{u_3} F (@AddCommGroup.toAddGroup.{u_3} F inst_4))))
                    (f₁ (@Prod.fst.{u_2, u_2} E E p)) (f₁ (@Prod.snd.{u_2, u_2} E E p)))
                  (@DFunLike.coe.{max (u_2 + 1) (u_3 + 1), u_2 + 1, u_3 + 1}
                    (@ContinuousLinearMap.{u_1, u_1, u_2, u_3} 𝕜 𝕜
                      (@CommSemiring.toSemiring.{u_1} 𝕜
                        (@Semifield.toCommSemiring.{u_1} 𝕜
                          (@Field.toSemifield.{u_1} 𝕜
                            (@NormedField.toField.{u_1} 𝕜 (@NontriviallyNormedField.toNormedField.{u_1} 𝕜 inst)))))
                      (@CommSemiring.toSemiring.{u_1} 𝕜
                        (@Semifield.toCommSemiring.{u_1} 𝕜
                          (@Field.toSemifield.{u_1} 𝕜
                            (@NormedField.toField.{u_1} 𝕜 (@NontriviallyNormedField.toNormedField.{u_1} 𝕜 inst)))))
                      (@RingHom.id.{u_1} 𝕜
                        (@Semiring.toNonAssocSemiring.{u_1} 𝕜
                          (@CommSemiring.toSemiring.{u_1} 𝕜
                            (@Semifield.toCommSemiring.{u_1} 𝕜
                              (@Field.toSemifield.{u_1} 𝕜
                                (@NormedField.toField.{u_1} 𝕜
                                  (@NontriviallyNormedField.toNormedField.{u_1} 𝕜 inst)))))))
                      E inst_3 (@AddCommGroup.toAddCommMonoid.{u_2} E inst_1) F inst_6
                      (@AddCommGroup.toAddCommMonoid.{u_3} F inst_4) inst_2 inst_5)
                    E (fun x => F)
                    (@ContinuousLinearMap.funLike.{u_1, u_1, u_2, u_3} 𝕜 𝕜
                      (@CommSemiring.toSemiring.{u_1} 𝕜
                        (@Semifield.toCommSemiring.{u_1} 𝕜
                          (@Field.toSemifield.{u_1} 𝕜
                            (@NormedField.toField.{u_1} 𝕜 (@NontriviallyNormedField.toNormedField.{u_1} 𝕜 inst)))))
                      (@CommSemiring.toSemiring.{u_1} 𝕜
                        (@Semifield.toCommSemiring.{u_1} 𝕜
                          (@Field.toSemifield.{u_1} 𝕜
                            (@NormedField.toField.{u_1} 𝕜 (@NontriviallyNormedField.toNormedField.{u_1} 𝕜 inst)))))
                      (@RingHom.id.{u_1} 𝕜
                        (@Semiring.toNonAssocSemiring.{u_1} 𝕜
                          (@CommSemiring.toSemiring.{u_1} 𝕜
                            (@Semifield.toCommSemiring.{u_1} 𝕜
                              (@Field.toSemifield.{u_1} 𝕜
                                (@NormedField.toField.{u_1} 𝕜
                                  (@NontriviallyNormedField.toNormedField.{u_1} 𝕜 inst)))))))
                      E inst_3 (@AddCommGroup.toAddCommMonoid.{u_2} E inst_1) F inst_6
                      (@AddCommGroup.toAddCommMonoid.{u_3} F inst_4) inst_2 inst_5)
                    f₁'
                    (@HSub.hSub.{u_2, u_2, u_2} E E E
                      (@instHSub.{u_2} E
                        (@SubNegMonoid.toSub.{u_2} E
                          (@AddGroup.toSubNegMonoid.{u_2} E (@AddCommGroup.toAddGroup.{u_2} E inst_1))))
                      (@Prod.fst.{u_2, u_2} E E p) (@Prod.snd.{u_2, u_2} E E p))))
              x))
        L h₀ fun y hy =>
        @of_eq_true
          (@Eq.{u_3 + 1} F
            ((fun p =>
                @HSub.hSub.{u_3, u_3, u_3} F F F
                  (@instHSub.{u_3} F
                    (@SubNegMonoid.toSub.{u_3} F
                      (@AddGroup.toSubNegMonoid.{u_3} F (@AddCommGroup.toAddGroup.{u_3} F inst_4))))
                  (@HSub.hSub.{u_3, u_3, u_3} F F F
                    (@instHSub.{u_3} F
                      (@SubNegMonoid.toSub.{u_3} F
                        (@AddGroup.toSubNegMonoid.{u_3} F (@AddCommGroup.toAddGroup.{u_3} F inst_4))))
                    (f₀ (@Prod.fst.{u_2, u_2} E E p)) (f₀ (@Prod.snd.{u_2, u_2} E E p)))
                  (@DFunLike.coe.{max (u_2 + 1) (u_3 + 1), u_2 + 1, u_3 + 1}
                    (@ContinuousLinearMap.{u_1, u_1, u_2, u_3} 𝕜 𝕜
                      (@CommSemiring.toSemiring.{u_1} 𝕜
                        (@Semifield.toCommSemiring.{u_1} 𝕜
                          (@Field.toSemifield.{u_1} 𝕜
                            (@NormedField.toField.{u_1} 𝕜 (@NontriviallyNormedField.toNormedField.{u_1} 𝕜 inst)))))
                      (@CommSemiring.toSemiring.{u_1} 𝕜
                        (@Semifield.toCommSemiring.{u_1} 𝕜
                          (@Field.toSemifield.{u_1} 𝕜
                            (@NormedField.toField.{u_1} 𝕜 (@NontriviallyNormedField.toNormedField.{u_1} 𝕜 inst)))))
                      (@RingHom.id.{u_1} 𝕜
                        (@Semiring.toNonAssocSemiring.{u_1} 𝕜
                          (@CommSemiring.toSemiring.{u_1} 𝕜
                            (@Semifield.toCommSemiring.{u_1} 𝕜
                              (@Field.toSemifield.{u_1} 𝕜
                                (@NormedField.toField.{u_1} 𝕜
                                  (@NontriviallyNormedField.toNormedField.{u_1} 𝕜 inst)))))))
                      E inst_3 (@AddCommGroup.toAddCommMonoid.{u_2} E inst_1) F inst_6
                      (@AddCommGroup.toAddCommMonoid.{u_3} F inst_4) inst_2 inst_5)
                    E (fun x => F)
                    (@ContinuousLinearMap.funLike.{u_1, u_1, u_2, u_3} 𝕜 𝕜
                      (@CommSemiring.toSemiring.{u_1} 𝕜
                        (@Semifield.toCommSemiring.{u_1} 𝕜
                          (@Field.toSemifield.{u_1} 𝕜
                            (@NormedField.toField.{u_1} 𝕜 (@NontriviallyNormedField.toNormedField.{u_1} 𝕜 inst)))))
                      (@CommSemiring.toSemiring.{u_1} 𝕜
                        (@Semifield.toCommSemiring.{u_1} 𝕜
                          (@Field.toSemifield.{u_1} 𝕜
                            (@NormedField.toField.{u_1} 𝕜 (@NontriviallyNormedField.toNormedField.{u_1} 𝕜 inst)))))
                      (@RingHom.id.{u_1} 𝕜
                        (@Semiring.toNonAssocSemiring.{u_1} 𝕜
                          (@CommSemiring.toSemiring.{u_1} 𝕜
                            (@Semifield.toCommSemiring.{u_1} 𝕜
                              (@Field.toSemifield.{u_1} 𝕜
                                (@NormedField.toField.{u_1} 𝕜
                                  (@NontriviallyNormedField.toNormedField.{u_1} 𝕜 inst)))))))
                      E inst_3 (@AddCommGroup.toAddCommMonoid.{u_2} E inst_1) F inst_6
                      (@AddCommGroup.toAddCommMonoid.{u_3} F inst_4) inst_2 inst_5)
                    f₀'
                    (@HSub.hSub.{u_2, u_2, u_2} E E E
                      (@instHSub.{u_2} E
                        (@SubNegMonoid.toSub.{u_2} E
                          (@AddGroup.toSubNegMonoid.{u_2} E (@AddCommGroup.toAddGroup.{u_2} E inst_1))))
                      (@Prod.fst.{u_2, u_2} E E p) (@Prod.snd.{u_2, u_2} E E p))))
              y)
            ((fun p =>
                @HSub.hSub.{u_3, u_3, u_3} F F F
                  (@instHSub.{u_3} F
                    (@SubNegMonoid.toSub.{u_3} F
                      (@AddGroup.toSubNegMonoid.{u_3} F (@AddCommGroup.toAddGroup.{u_3} F inst_4))))
                  (@HSub.hSub.{u_3, u_3, u_3} F F F
                    (@instHSub.{u_3} F
                      (@SubNegMonoid.toSub.{u_3} F
                        (@AddGroup.toSubNegMonoid.{u_3} F (@AddCommGroup.toAddGroup.{u_3} F inst_4))))
                    (f₁ (@Prod.fst.{u_2, u_2} E E p)) (f₁ (@Prod.snd.{u_2, u_2} E E p)))
                  (@DFunLike.coe.{max (u_2 + 1) (u_3 + 1), u_2 + 1, u_3 + 1}
                    (@ContinuousLinearMap.{u_1, u_1, u_2, u_3} 𝕜 𝕜
                      (@CommSemiring.toSemiring.{u_1} 𝕜
                        (@Semifield.toCommSemiring.{u_1} 𝕜
                          (@Field.toSemifield.{u_1} 𝕜
                            (@NormedField.toField.{u_1} 𝕜 (@NontriviallyNormedField.toNormedField.{u_1} 𝕜 inst)))))
                      (@CommSemiring.toSemiring.{u_1} 𝕜
                        (@Semifield.toCommSemiring.{u_1} 𝕜
                          (@Field.toSemifield.{u_1} 𝕜
                            (@NormedField.toField.{u_1} 𝕜 (@NontriviallyNormedField.toNormedField.{u_1} 𝕜 inst)))))
                      (@RingHom.id.{u_1} 𝕜
                        (@Semiring.toNonAssocSemiring.{u_1} 𝕜
                          (@CommSemiring.toSemiring.{u_1} 𝕜
                            (@Semifield.toCommSemiring.{u_1} 𝕜
                              (@Field.toSemifield.{u_1} 𝕜
                                (@NormedField.toField.{u_1} 𝕜
                                  (@NontriviallyNormedField.toNormedField.{u_1} 𝕜 inst)))))))
                      E inst_3 (@AddCommGroup.toAddCommMonoid.{u_2} E inst_1) F inst_6
                      (@AddCommGroup.toAddCommMonoid.{u_3} F inst_4) inst_2 inst_5)
                    E (fun x => F)
                    (@ContinuousLinearMap.funLike.{u_1, u_1, u_2, u_3} 𝕜 𝕜
                      (@CommSemiring.toSemiring.{u_1} 𝕜
                        (@Semifield.toCommSemiring.{u_1} 𝕜
                          (@Field.toSemifield.{u_1} 𝕜
                            (@NormedField.toField.{u_1} 𝕜 (@NontriviallyNormedField.toNormedField.{u_1} 𝕜 inst)))))
                      (@CommSemiring.toSemiring.{u_1} 𝕜
                        (@Semifield.toCommSemiring.{u_1} 𝕜
                          (@Field.toSemifield.{u_1} 𝕜
                            (@NormedField.toField.{u_1} 𝕜 (@NontriviallyNormedField.toNormedField.{u_1} 𝕜 inst)))))
                      (@RingHom.id.{u_1} 𝕜
                        (@Semiring.toNonAssocSemiring.{u_1} 𝕜
                          (@CommSemiring.toSemiring.{u_1} 𝕜
                            (@Semifield.toCommSemiring.{u_1} 𝕜
                              (@Field.toSemifield.{u_1} 𝕜
                                (@NormedField.toField.{u_1} 𝕜
                                  (@NontriviallyNormedField.toNormedField.{u_1} 𝕜 inst)))))))
                      E inst_3 (@AddCommGroup.toAddCommMonoid.{u_2} E inst_1) F inst_6
                      (@AddCommGroup.toAddCommMonoid.{u_3} F inst_4) inst_2 inst_5)
                    f₁'
                    (@HSub.hSub.{u_2, u_2, u_2} E E E
                      (@instHSub.{u_2} E
                        (@SubNegMonoid.toSub.{u_2} E
                          (@AddGroup.toSubNegMonoid.{u_2} E (@AddCommGroup.toAddGroup.{u_2} E inst_1))))
                      (@Prod.fst.{u_2, u_2} E E p) (@Prod.snd.{u_2, u_2} E E p))))
              y))
          (@Eq.trans.{1} Prop
            (@Eq.{u_3 + 1} F
              ((fun p =>
                  @HSub.hSub.{u_3, u_3, u_3} F F F
                    (@instHSub.{u_3} F
                      (@SubNegMonoid.toSub.{u_3} F
                        (@AddGroup.toSubNegMonoid.{u_3} F (@AddCommGroup.toAddGroup.{u_3} F inst_4))))
                    (@HSub.hSub.{u_3, u_3, u_3} F F F
                      (@instHSub.{u_3} F
                        (@SubNegMonoid.toSub.{u_3} F
                          (@AddGroup.toSubNegMonoid.{u_3} F (@AddCommGroup.toAddGroup.{u_3} F inst_4))))
                      (f₀ (@Prod.fst.{u_2, u_2} E E p)) (f₀ (@Prod.snd.{u_2, u_2} E E p)))
                    (@DFunLike.coe.{max (u_2 + 1) (u_3 + 1), u_2 + 1, u_3 + 1}
                      (@ContinuousLinearMap.{u_1, u_1, u_2, u_3} 𝕜 𝕜
                        (@CommSemiring.toSemiring.{u_1} 𝕜
                          (@Semifield.toCommSemiring.{u_1} 𝕜
                            (@Field.toSemifield.{u_1} 𝕜
                              (@NormedField.toField.{u_1} 𝕜 (@NontriviallyNormedField.toNormedField.{u_1} 𝕜 inst)))))
                        (@CommSemiring.toSemiring.{u_1} 𝕜
                          (@Semifield.toCommSemiring.{u_1} 𝕜
                            (@Field.toSemifield.{u_1} 𝕜
                              (@NormedField.toField.{u_1} 𝕜 (@NontriviallyNormedField.toNormedField.{u_1} 𝕜 inst)))))
                        (@RingHom.id.{u_1} 𝕜
                          (@Semiring.toNonAssocSemiring.{u_1} 𝕜
                            (@CommSemiring.toSemiring.{u_1} 𝕜
                              (@Semifield.toCommSemiring.{u_1} 𝕜
                                (@Field.toSemifield.{u_1} 𝕜
                                  (@NormedField.toField.{u_1} 𝕜
                                    (@NontriviallyNormedField.toNormedField.{u_1} 𝕜 inst)))))))
                        E inst_3 (@AddCommGroup.toAddCommMonoid.{u_2} E inst_1) F inst_6
                        (@AddCommGroup.toAddCommMonoid.{u_3} F inst_4) inst_2 inst_5)
                      E (fun x => F)
                      (@ContinuousLinearMap.funLike.{u_1, u_1, u_2, u_3} 𝕜 𝕜
                        (@CommSemiring.toSemiring.{u_1} 𝕜
                          (@Semifield.toCommSemiring.{u_1} 𝕜
                            (@Field.toSemifield.{u_1} 𝕜
                              (@NormedField.toField.{u_1} 𝕜 (@NontriviallyNormedField.toNormedField.{u_1} 𝕜 inst)))))
                        (@CommSemiring.toSemiring.{u_1} 𝕜
                          (@Semifield.toCommSemiring.{u_1} 𝕜
                            (@Field.toSemifield.{u_1} 𝕜
                              (@NormedField.toField.{u_1} 𝕜 (@NontriviallyNormedField.toNormedField.{u_1} 𝕜 inst)))))
                        (@RingHom.id.{u_1} 𝕜
                          (@Semiring.toNonAssocSemiring.{u_1} 𝕜
                            (@CommSemiring.toSemiring.{u_1} 𝕜
                              (@Semifield.toCommSemiring.{u_1} 𝕜
                                (@Field.toSemifield.{u_1} 𝕜
                                  (@NormedField.toField.{u_1} 𝕜
                                    (@NontriviallyNormedField.toNormedField.{u_1} 𝕜 inst)))))))
                        E inst_3 (@AddCommGroup.toAddCommMonoid.{u_2} E inst_1) F inst_6
                        (@AddCommGroup.toAddCommMonoid.{u_3} F inst_4) inst_2 inst_5)
                      f₀'
                      (@HSub.hSub.{u_2, u_2, u_2} E E E
                        (@instHSub.{u_2} E
                          (@SubNegMonoid.toSub.{u_2} E
                            (@AddGroup.toSubNegMonoid.{u_2} E (@AddCommGroup.toAddGroup.{u_2} E inst_1))))
                        (@Prod.fst.{u_2, u_2} E E p) (@Prod.snd.{u_2, u_2} E E p))))
                y)
              ((fun p =>
                  @HSub.hSub.{u_3, u_3, u_3} F F F
                    (@instHSub.{u_3} F
                      (@SubNegMonoid.toSub.{u_3} F
                        (@AddGroup.toSubNegMonoid.{u_3} F (@AddCommGroup.toAddGroup.{u_3} F inst_4))))
                    (@HSub.hSub.{u_3, u_3, u_3} F F F
                      (@instHSub.{u_3} F
                        (@SubNegMonoid.toSub.{u_3} F
                          (@AddGroup.toSubNegMonoid.{u_3} F (@AddCommGroup.toAddGroup.{u_3} F inst_4))))
                      (f₁ (@Prod.fst.{u_2, u_2} E E p)) (f₁ (@Prod.snd.{u_2, u_2} E E p)))
                    (@DFunLike.coe.{max (u_2 + 1) (u_3 + 1), u_2 + 1, u_3 + 1}
                      (@ContinuousLinearMap.{u_1, u_1, u_2, u_3} 𝕜 𝕜
                        (@CommSemiring.toSemiring.{u_1} 𝕜
                          (@Semifield.toCommSemiring.{u_1} 𝕜
                            (@Field.toSemifield.{u_1} 𝕜
                              (@NormedField.toField.{u_1} 𝕜 (@NontriviallyNormedField.toNormedField.{u_1} 𝕜 inst)))))
                        (@CommSemiring.toSemiring.{u_1} 𝕜
                          (@Semifield.toCommSemiring.{u_1} 𝕜
                            (@Field.toSemifield.{u_1} 𝕜
                              (@NormedField.toField.{u_1} 𝕜 (@NontriviallyNormedField.toNormedField.{u_1} 𝕜 inst)))))
                        (@RingHom.id.{u_1} 𝕜
                          (@Semiring.toNonAssocSemiring.{u_1} 𝕜
                            (@CommSemiring.toSemiring.{u_1} 𝕜
                              (@Semifield.toCommSemiring.{u_1} 𝕜
                                (@Field.toSemifield.{u_1} 𝕜
                                  (@NormedField.toField.{u_1} 𝕜
                                    (@NontriviallyNormedField.toNormedField.{u_1} 𝕜 inst)))))))
                        E inst_3 (@AddCommGroup.toAddCommMonoid.{u_2} E inst_1) F inst_6
                        (@AddCommGroup.toAddCommMonoid.{u_3} F inst_4) inst_2 inst_5)
                      E (fun x => F)
                      (@ContinuousLinearMap.funLike.{u_1, u_1, u_2, u_3} 𝕜 𝕜
                        (@CommSemiring.toSemiring.{u_1} 𝕜
                          (@Semifield.toCommSemiring.{u_1} 𝕜
                            (@Field.toSemifield.{u_1} 𝕜
                              (@NormedField.toField.{u_1} 𝕜 (@NontriviallyNormedField.toNormedField.{u_1} 𝕜 inst)))))
                        (@CommSemiring.toSemiring.{u_1} 𝕜
                          (@Semifield.toCommSemiring.{u_1} 𝕜
                            (@Field.toSemifield.{u_1} 𝕜
                              (@NormedField.toField.{u_1} 𝕜 (@NontriviallyNormedField.toNormedField.{u_1} 𝕜 inst)))))
                        (@RingHom.id.{u_1} 𝕜
                          (@Semiring.toNonAssocSemiring.{u_1} 𝕜
                            (@CommSemiring.toSemiring.{u_1} 𝕜
                              (@Semifield.toCommSemiring.{u_1} 𝕜
                                (@Field.toSemifield.{u_1} 𝕜
                                  (@NormedField.toField.{u_1} 𝕜
                                    (@NontriviallyNormedField.toNormedField.{u_1} 𝕜 inst)))))))
                        E inst_3 (@AddCommGroup.toAddCommMonoid.{u_2} E inst_1) F inst_6
                        (@AddCommGroup.toAddCommMonoid.{u_3} F inst_4) inst_2 inst_5)
                      f₁'
                      (@HSub.hSub.{u_2, u_2, u_2} E E E
                        (@instHSub.{u_2} E
                          (@SubNegMonoid.toSub.{u_2} E
                            (@AddGroup.toSubNegMonoid.{u_2} E (@AddCommGroup.toAddGroup.{u_2} E inst_1))))
                        (@Prod.fst.{u_2, u_2} E E p) (@Prod.snd.{u_2, u_2} E E p))))
                y))
            (@Eq.{u_3 + 1} F
              (@HSub.hSub.{u_3, u_3, u_3} F F F
                (@instHSub.{u_3} F
                  (@SubNegMonoid.toSub.{u_3} F
                    (@AddGroup.toSubNegMonoid.{u_3} F (@AddCommGroup.toAddGroup.{u_3} F inst_4))))
                (@HSub.hSub.{u_3, u_3, u_3} F F F
                  (@instHSub.{u_3} F
                    (@SubNegMonoid.toSub.{u_3} F
                      (@AddGroup.toSubNegMonoid.{u_3} F (@AddCommGroup.toAddGroup.{u_3} F inst_4))))
                  (f₁ (@Prod.fst.{u_2, u_2} E E y)) (f₁ (@Prod.snd.{u_2, u_2} E E y)))
                (@HSub.hSub.{u_3, u_3, u_3} F F F
                  (@instHSub.{u_3} F
                    (@SubNegMonoid.toSub.{u_3} F
                      (@SubtractionMonoid.toSubNegMonoid.{u_3} F
                        (@SubtractionCommMonoid.toSubtractionMonoid.{u_3} F
                          (@AddCommGroup.toDivisionAddCommMonoid.{u_3} F inst_4)))))
                  (@DFunLike.coe.{(max u_2 u_3) + 1, u_2 + 1, u_3 + 1}
                    (@ContinuousLinearMap.{u_1, u_1, u_2, u_3} 𝕜 𝕜
                      (@CommSemiring.toSemiring.{u_1} 𝕜
                        (@Semifield.toCommSemiring.{u_1} 𝕜
                          (@Field.toSemifield.{u_1} 𝕜
                            (@NormedField.toField.{u_1} 𝕜 (@NontriviallyNormedField.toNormedField.{u_1} 𝕜 inst)))))
                      (@CommSemiring.toSemiring.{u_1} 𝕜
                        (@Semifield.toCommSemiring.{u_1} 𝕜
                          (@Field.toSemifield.{u_1} 𝕜
                            (@NormedField.toField.{u_1} 𝕜 (@NontriviallyNormedField.toNormedField.{u_1} 𝕜 inst)))))
                      (@RingHom.id.{u_1} 𝕜
                        (@Semiring.toNonAssocSemiring.{u_1} 𝕜
                          (@CommSemiring.toSemiring.{u_1} 𝕜
                            (@Semifield.toCommSemiring.{u_1} 𝕜
                              (@Field.toSemifield.{u_1} 𝕜
                                (@NormedField.toField.{u_1} 𝕜
                                  (@NontriviallyNormedField.toNormedField.{u_1} 𝕜 inst)))))))
                      E inst_3 (@AddCommGroup.toAddCommMonoid.{u_2} E inst_1) F inst_6
                      (@AddCommGroup.toAddCommMonoid.{u_3} F inst_4) inst_2 inst_5)
                    E (fun x => F)
                    (@ContinuousLinearMap.funLike.{u_1, u_1, u_2, u_3} 𝕜 𝕜
                      (@CommSemiring.toSemiring.{u_1} 𝕜
                        (@Semifield.toCommSemiring.{u_1} 𝕜
                          (@Field.toSemifield.{u_1} 𝕜
                            (@NormedField.toField.{u_1} 𝕜 (@NontriviallyNormedField.toNormedField.{u_1} 𝕜 inst)))))
                      (@CommSemiring.toSemiring.{u_1} 𝕜
                        (@Semifield.toCommSemiring.{u_1} 𝕜
                          (@Field.toSemifield.{u_1} 𝕜
                            (@NormedField.toField.{u_1} 𝕜 (@NontriviallyNormedField.toNormedField.{u_1} 𝕜 inst)))))
                      (@RingHom.id.{u_1} 𝕜
                        (@Semiring.toNonAssocSemiring.{u_1} 𝕜
                          (@CommSemiring.toSemiring.{u_1} 𝕜
                            (@Semifield.toCommSemiring.{u_1} 𝕜
                              (@Field.toSemifield.{u_1} 𝕜
                                (@NormedField.toField.{u_1} 𝕜
                                  (@NontriviallyNormedField.toNormedField.{u_1} 𝕜 inst)))))))
                      E inst_3 (@AddCommGroup.toAddCommMonoid.{u_2} E inst_1) F inst_6
                      (@AddCommGroup.toAddCommMonoid.{u_3} F inst_4) inst_2 inst_5)
                    f₁' (@Prod.fst.{u_2, u_2} E E y))
                  (@DFunLike.coe.{(max u_2 u_3) + 1, u_2 + 1, u_3 + 1}
                    (@ContinuousLinearMap.{u_1, u_1, u_2, u_3} 𝕜 𝕜
                      (@CommSemiring.toSemiring.{u_1} 𝕜
                        (@Semifield.toCommSemiring.{u_1} 𝕜
                          (@Field.toSemifield.{u_1} 𝕜
                            (@NormedField.toField.{u_1} 𝕜 (@NontriviallyNormedField.toNormedField.{u_1} 𝕜 inst)))))
                      (@CommSemiring.toSemiring.{u_1} 𝕜
                        (@Semifield.toCommSemiring.{u_1} 𝕜
                          (@Field.toSemifield.{u_1} 𝕜
                            (@NormedField.toField.{u_1} 𝕜 (@NontriviallyNormedField.toNormedField.{u_1} 𝕜 inst)))))
                      (@RingHom.id.{u_1} 𝕜
                        (@Semiring.toNonAssocSemiring.{u_1} 𝕜
                          (@CommSemiring.toSemiring.{u_1} 𝕜
                            (@Semifield.toCommSemiring.{u_1} 𝕜
                              (@Field.toSemifield.{u_1} 𝕜
                                (@NormedField.toField.{u_1} 𝕜
                                  (@NontriviallyNormedField.toNormedField.{u_1} 𝕜 inst)))))))
                      E inst_3 (@AddCommGroup.toAddCommMonoid.{u_2} E inst_1) F inst_6
                      (@AddCommGroup.toAddCommMonoid.{u_3} F inst_4) inst_2 inst_5)
                    E (fun x => F)
                    (@ContinuousLinearMap.funLike.{u_1, u_1, u_2, u_3} 𝕜 𝕜
                      (@CommSemiring.toSemiring.{u_1} 𝕜
                        (@Semifield.toCommSemiring.{u_1} 𝕜
                          (@Field.toSemifield.{u_1} 𝕜
                            (@NormedField.toField.{u_1} 𝕜 (@NontriviallyNormedField.toNormedField.{u_1} 𝕜 inst)))))
                      (@CommSemiring.toSemiring.{u_1} 𝕜
                        (@Semifield.toCommSemiring.{u_1} 𝕜
                          (@Field.toSemifield.{u_1} 𝕜
                            (@NormedField.toField.{u_1} 𝕜 (@NontriviallyNormedField.toNormedField.{u_1} 𝕜 inst)))))
                      (@RingHom.id.{u_1} 𝕜
                        (@Semiring.toNonAssocSemiring.{u_1} 𝕜
                          (@CommSemiring.toSemiring.{u_1} 𝕜
                            (@Semifield.toCommSemiring.{u_1} 𝕜
                              (@Field.toSemifield.{u_1} 𝕜
                                (@NormedField.toField.{u_1} 𝕜
                                  (@NontriviallyNormedField.toNormedField.{u_1} 𝕜 inst)))))))
                      E inst_3 (@AddCommGroup.toAddCommMonoid.{u_2} E inst_1) F inst_6
                      (@AddCommGroup.toAddCommMonoid.{u_3} F inst_4) inst_2 inst_5)
                    f₁' (@Prod.snd.{u_2, u_2} E E y))))
              (@HSub.hSub.{u_3, u_3, u_3} F F F
                (@instHSub.{u_3} F
                  (@SubNegMonoid.toSub.{u_3} F
                    (@AddGroup.toSubNegMonoid.{u_3} F (@AddCommGroup.toAddGroup.{u_3} F inst_4))))
                (@HSub.hSub.{u_3, u_3, u_3} F F F
                  (@instHSub.{u_3} F
                    (@SubNegMonoid.toSub.{u_3} F
                      (@AddGroup.toSubNegMonoid.{u_3} F (@AddCommGroup.toAddGroup.{u_3} F inst_4))))
                  (f₁ (@Prod.fst.{u_2, u_2} E E y)) (f₁ (@Prod.snd.{u_2, u_2} E E y)))
                (@HSub.hSub.{u_3, u_3, u_3} F F F
                  (@instHSub.{u_3} F
                    (@SubNegMonoid.toSub.{u_3} F
                      (@SubtractionMonoid.toSubNegMonoid.{u_3} F
                        (@SubtractionCommMonoid.toSubtractionMonoid.{u_3} F
                          (@AddCommGroup.toDivisionAddCommMonoid.{u_3} F inst_4)))))
                  (@DFunLike.coe.{(max u_2 u_3) + 1, u_2 + 1, u_3 + 1}
                    (@ContinuousLinearMap.{u_1, u_1, u_2, u_3} 𝕜 𝕜
                      (@CommSemiring.toSemiring.{u_1} 𝕜
                        (@Semifield.toCommSemiring.{u_1} 𝕜
                          (@Field.toSemifield.{u_1} 𝕜
                            (@NormedField.toField.{u_1} 𝕜 (@NontriviallyNormedField.toNormedField.{u_1} 𝕜 inst)))))
                      (@CommSemiring.toSemiring.{u_1} 𝕜
                        (@Semifield.toCommSemiring.{u_1} 𝕜
                          (@Field.toSemifield.{u_1} 𝕜
                            (@NormedField.toField.{u_1} 𝕜 (@NontriviallyNormedField.toNormedField.{u_1} 𝕜 inst)))))
                      (@RingHom.id.{u_1} 𝕜
                        (@Semiring.toNonAssocSemiring.{u_1} 𝕜
                          (@CommSemiring.toSemiring.{u_1} 𝕜
                            (@Semifield.toCommSemiring.{u_1} 𝕜
                              (@Field.toSemifield.{u_1} 𝕜
                                (@NormedField.toField.{u_1} 𝕜
                                  (@NontriviallyNormedField.toNormedField.{u_1} 𝕜 inst)))))))
                      E inst_3 (@AddCommGroup.toAddCommMonoid.{u_2} E inst_1) F inst_6
                      (@AddCommGroup.toAddCommMonoid.{u_3} F inst_4) inst_2 inst_5)
                    E (fun x => F)
                    (@ContinuousLinearMap.funLike.{u_1, u_1, u_2, u_3} 𝕜 𝕜
                      (@CommSemiring.toSemiring.{u_1} 𝕜
                        (@Semifield.toCommSemiring.{u_1} 𝕜
                          (@Field.toSemifield.{u_1} 𝕜
                            (@NormedField.toField.{u_1} 𝕜 (@NontriviallyNormedField.toNormedField.{u_1} 𝕜 inst)))))
                      (@CommSemiring.toSemiring.{u_1} 𝕜
                        (@Semifield.toCommSemiring.{u_1} 𝕜
                          (@Field.toSemifield.{u_1} 𝕜
                            (@NormedField.toField.{u_1} 𝕜 (@NontriviallyNormedField.toNormedField.{u_1} 𝕜 inst)))))
                      (@RingHom.id.{u_1} 𝕜
                        (@Semiring.toNonAssocSemiring.{u_1} 𝕜
                          (@CommSemiring.toSemiring.{u_1} 𝕜
                            (@Semifield.toCommSemiring.{u_1} 𝕜
                              (@Field.toSemifield.{u_1} 𝕜
                                (@NormedField.toField.{u_1} 𝕜
                                  (@NontriviallyNormedField.toNormedField.{u_1} 𝕜 inst)))))))
                      E inst_3 (@AddCommGroup.toAddCommMonoid.{u_2} E inst_1) F inst_6
                      (@AddCommGroup.toAddCommMonoid.{u_3} F inst_4) inst_2 inst_5)
                    f₁' (@Prod.fst.{u_2, u_2} E E y))
                  (@DFunLike.coe.{(max u_2 u_3) + 1, u_2 + 1, u_3 + 1}
                    (@ContinuousLinearMap.{u_1, u_1, u_2, u_3} 𝕜 𝕜
                      (@CommSemiring.toSemiring.{u_1} 𝕜
                        (@Semifield.toCommSemiring.{u_1} 𝕜
                          (@Field.toSemifield.{u_1} 𝕜
                            (@NormedField.toField.{u_1} 𝕜 (@NontriviallyNormedField.toNormedField.{u_1} 𝕜 inst)))))
                      (@CommSemiring.toSemiring.{u_1} 𝕜
                        (@Semifield.toCommSemiring.{u_1} 𝕜
                          (@Field.toSemifield.{u_1} 𝕜
                            (@NormedField.toField.{u_1} 𝕜 (@NontriviallyNormedField.toNormedField.{u_1} 𝕜 inst)))))
                      (@RingHom.id.{u_1} 𝕜
                        (@Semiring.toNonAssocSemiring.{u_1} 𝕜
                          (@CommSemiring.toSemiring.{u_1} 𝕜
                            (@Semifield.toCommSemiring.{u_1} 𝕜
                              (@Field.toSemifield.{u_1} 𝕜
                                (@NormedField.toField.{u_1} 𝕜
                                  (@NontriviallyNormedField.toNormedField.{u_1} 𝕜 inst)))))))
                      E inst_3 (@AddCommGroup.toAddCommMonoid.{u_2} E inst_1) F inst_6
                      (@AddCommGroup.toAddCommMonoid.{u_3} F inst_4) inst_2 inst_5)
                    E (fun x => F)
                    (@ContinuousLinearMap.funLike.{u_1, u_1, u_2, u_3} 𝕜 𝕜
                      (@CommSemiring.toSemiring.{u_1} 𝕜
                        (@Semifield.toCommSemiring.{u_1} 𝕜
                          (@Field.toSemifield.{u_1} 𝕜
                            (@NormedField.toField.{u_1} 𝕜 (@NontriviallyNormedField.toNormedField.{u_1} 𝕜 inst)))))
                      (@CommSemiring.toSemiring.{u_1} 𝕜
                        (@Semifield.toCommSemiring.{u_1} 𝕜
                          (@Field.toSemifield.{u_1} 𝕜
                            (@NormedField.toField.{u_1} 𝕜 (@NontriviallyNormedField.toNormedField.{u_1} 𝕜 inst)))))
                      (@RingHom.id.{u_1} 𝕜
                        (@Semiring.toNonAssocSemiring.{u_1} 𝕜
                          (@CommSemiring.toSemiring.{u_1} 𝕜
                            (@Semifield.toCommSemiring.{u_1} 𝕜
                              (@Field.toSemifield.{u_1} 𝕜
                                (@NormedField.toField.{u_1} 𝕜
                                  (@NontriviallyNormedField.toNormedField.{u_1} 𝕜 inst)))))))
                      E inst_3 (@AddCommGroup.toAddCommMonoid.{u_2} E inst_1) F inst_6
                      (@AddCommGroup.toAddCommMonoid.{u_3} F inst_4) inst_2 inst_5)
                    f₁' (@Prod.snd.{u_2, u_2} E E y)))))
            True
            (@congr.{u_3 + 1, 1} F Prop
              (@Eq.{u_3 + 1} F
                ((fun p =>
                    @HSub.hSub.{u_3, u_3, u_3} F F F
                      (@instHSub.{u_3} F
                        (@SubNegMonoid.toSub.{u_3} F
                          (@AddGroup.toSubNegMonoid.{u_3} F (@AddCommGroup.toAddGroup.{u_3} F inst_4))))
                      (@HSub.hSub.{u_3, u_3, u_3} F F F (@instHSub.{u_3} ⋯ ⋯) ⋯ ⋯) ⋯)
                  ⋯))
              ⋯ ⋯ ⋯ ⋯ ⋯)
            ⋯))
      ⋯)
def ContinuousAt.{u_1, u_2} : {X : Type u_1} →
  {Y : Type u_2} → [TopologicalSpace.{u_1} X] → [TopologicalSpace.{u_2} Y] → (X → Y) → X → Prop :=
fun {X} {Y} [inst : TopologicalSpace.{u_1} X] [inst_1 : TopologicalSpace.{u_2} Y] f x =>
  @Filter.Tendsto.{u_1, u_2} X Y f (@nhds.{u_1} X inst x) (@nhds.{u_2} Y inst_1 (f x))
theorem continuous_apply.{u_2, u_3} : ∀ {ι : Type u_2} {A : ι → Type u_3} [T : (i : ι) → TopologicalSpace.{u_3} (A i)]
  (i : ι),
  @Continuous.{max u_2 u_3, u_3} ((i : ι) → A i) (A i) (@Pi.topologicalSpace.{u_3, u_2} ι A T) (T i) fun p => p i :=
fun {ι} {A} [T : (i : ι) → TopologicalSpace.{u_3} (A i)] i =>
  @continuous_iInf_dom.{max u_2 u_3, u_3, u_2 + 1} ((i : ι) → A i) (A i) (fun p => p i) ι
    (fun i => @TopologicalSpace.induced.{max u_2 u_3, u_3} ((i : ι) → A i) (A i) (fun f => f i) (T i)) (T i) i
    (@continuous_induced_dom.{max u_2 u_3, u_3} ((i : ι) → A i) (A i) (fun p => p i) (T i))
theorem Continuous.continuousAt.{u_1, u_2} : ∀ {X : Type u_1} {Y : Type u_2} [inst : TopologicalSpace.{u_1} X]
  [inst_1 : TopologicalSpace.{u_2} Y] {f : X → Y} {x : X},
  @Continuous.{u_1, u_2} X Y inst inst_1 f → @ContinuousAt.{u_1, u_2} X Y inst inst_1 f x :=
fun {X} {Y} [inst : TopologicalSpace.{u_1} X] [inst_1 : TopologicalSpace.{u_2} Y] {f} {x} h =>
  @Continuous.tendsto.{u_1, u_2} X Y inst inst_1 f h x
theorem ContinuousAt.add.{u_1, u_2} : ∀ {M : Type u_1} [inst : TopologicalSpace.{u_1} M] [inst_1 : Add.{u_1} M]
  [@ContinuousAdd.{u_1} M inst inst_1] {X : Type u_2} [inst_3 : TopologicalSpace.{u_2} X] {f g : X → M} {x : X},
  @ContinuousAt.{u_2, u_1} X M inst_3 inst f x →
    @ContinuousAt.{u_2, u_1} X M inst_3 inst g x →
      @ContinuousAt.{u_2, u_1} X M inst_3 inst
        (@HAdd.hAdd.{max u_1 u_2, max u_1 u_2, max u_1 u_2} (X → M) (X → M) (X → M)
          (@instHAdd.{max u_1 u_2} (X → M) (@Pi.instAdd.{u_2, u_1} X (fun a => M) fun i => inst_1)) f g)
        x :=
fun {M} [inst : TopologicalSpace.{u_1} M] [inst_1 : Add.{u_1} M] [inst_2 : @ContinuousAdd.{u_1} M inst inst_1] {X}
    [inst_3 : TopologicalSpace.{u_2} X] {f g} {x} hf hg =>
  @Filter.Tendsto.add.{u_1, u_2} M inst inst_1 inst_2 X f g (@nhds.{u_2} X inst_3 x) (f x) (g x) hf hg
theorem continuousAt_const.{u_1, u_2} : ∀ {X : Type u_1} {Y : Type u_2} [inst : TopologicalSpace.{u_1} X]
  [inst_1 : TopologicalSpace.{u_2} Y] {x : X} {y : Y}, @ContinuousAt.{u_1, u_2} X Y inst inst_1 (fun x => y) x :=
fun {X} {Y} [inst : TopologicalSpace.{u_1} X] [inst_1 : TopologicalSpace.{u_2} Y] {x} {y} =>
  @tendsto_const_nhds.{u_2, u_1} Y inst_1 X y (@nhds.{u_1} X inst x)
theorem ContinuousAt.eventually_lt.{u, v} : ∀ {α : Type u} {β : Type v} [inst : TopologicalSpace.{u} α]
  [inst_1 : LinearOrder.{u} α]
  [@OrderClosedTopology.{u} α inst
      (@PartialOrder.toPreorder.{u} α
        (@SemilatticeInf.toPartialOrder.{u} α
          (@Lattice.toSemilatticeInf.{u} α
            (@DistribLattice.toLattice.{u} α (@instDistribLatticeOfLinearOrder.{u} α inst_1)))))]
  {f g : β → α} [inst_3 : TopologicalSpace.{v} β] {x₀ : β},
  @ContinuousAt.{v, u} β α inst_3 inst f x₀ →
    @ContinuousAt.{v, u} β α inst_3 inst g x₀ →
      @LT.lt.{u} α
          (@Preorder.toLT.{u} α
            (@PartialOrder.toPreorder.{u} α
              (@SemilatticeInf.toPartialOrder.{u} α
                (@Lattice.toSemilatticeInf.{u} α
                  (@DistribLattice.toLattice.{u} α (@instDistribLatticeOfLinearOrder.{u} α inst_1))))))
          (f x₀) (g x₀) →
        @Filter.Eventually.{v} β
          (fun x =>
            @LT.lt.{u} α
              (@Preorder.toLT.{u} α
                (@PartialOrder.toPreorder.{u} α
                  (@SemilatticeInf.toPartialOrder.{u} α
                    (@Lattice.toSemilatticeInf.{u} α
                      (@DistribLattice.toLattice.{u} α (@instDistribLatticeOfLinearOrder.{u} α inst_1))))))
              (f x) (g x))
          (@nhds.{v} β inst_3 x₀) :=
fun {α} {β} [inst : TopologicalSpace.{u} α] [inst_1 : LinearOrder.{u} α]
    [inst_2 :
      @OrderClosedTopology.{u} α inst
        (@PartialOrder.toPreorder.{u} α
          (@SemilatticeInf.toPartialOrder.{u} α
            (@Lattice.toSemilatticeInf.{u} α
              (@DistribLattice.toLattice.{u} α (@instDistribLatticeOfLinearOrder.{u} α inst_1)))))]
    {f g} [inst_3 : TopologicalSpace.{v} β] {x₀} hf hg hfg =>
  @Filter.Tendsto.eventually_lt.{u, v} α β inst inst_1 inst_2 (@nhds.{v} β inst_3 x₀) f g (f x₀) (g x₀) hf hg hfg
theorem Filter.Tendsto.eventually_lt.{u, w} : ∀ {α : Type u} {γ : Type w} [inst : TopologicalSpace.{u} α]
  [inst_1 : LinearOrder.{u} α]
  [@OrderClosedTopology.{u} α inst
      (@PartialOrder.toPreorder.{u} α
        (@SemilatticeInf.toPartialOrder.{u} α
          (@Lattice.toSemilatticeInf.{u} α
            (@DistribLattice.toLattice.{u} α (@instDistribLatticeOfLinearOrder.{u} α inst_1)))))]
  {l : Filter.{w} γ} {f g : γ → α} {y z : α},
  @Filter.Tendsto.{w, u} γ α f l (@nhds.{u} α inst y) →
    @Filter.Tendsto.{w, u} γ α g l (@nhds.{u} α inst z) →
      @LT.lt.{u} α
          (@Preorder.toLT.{u} α
            (@PartialOrder.toPreorder.{u} α
              (@SemilatticeInf.toPartialOrder.{u} α
                (@Lattice.toSemilatticeInf.{u} α
                  (@DistribLattice.toLattice.{u} α (@instDistribLatticeOfLinearOrder.{u} α inst_1))))))
          y z →
        @Filter.Eventually.{w} γ
          (fun x =>
            @LT.lt.{u} α
              (@Preorder.toLT.{u} α
                (@PartialOrder.toPreorder.{u} α
                  (@SemilatticeInf.toPartialOrder.{u} α
                    (@Lattice.toSemilatticeInf.{u} α
                      (@DistribLattice.toLattice.{u} α (@instDistribLatticeOfLinearOrder.{u} α inst_1))))))
              (f x) (g x))
          l :=
fun {α} {γ} [inst : TopologicalSpace.{u} α] [inst_1 : LinearOrder.{u} α]
    [inst_2 :
      @OrderClosedTopology.{u} α inst
        (@PartialOrder.toPreorder.{u} α
          (@SemilatticeInf.toPartialOrder.{u} α
            (@Lattice.toSemilatticeInf.{u} α
              (@DistribLattice.toLattice.{u} α (@instDistribLatticeOfLinearOrder.{u} α inst_1)))))]
    {l} {f g} {y z} hf hg hyz =>
  @Filter.Tendsto.eventually_lt.match_1_1✝.{u} α inst_1 y z
    (fun x =>
      @Filter.Eventually.{w} γ
        (fun x =>
          @LT.lt.{u} α
            (@Preorder.toLT.{u} α
              (@PartialOrder.toPreorder.{u} α
                (@SemilatticeInf.toPartialOrder.{u} α
                  (@Lattice.toSemilatticeInf.{u} α
                    (@DistribLattice.toLattice.{u} α (@instDistribLatticeOfLinearOrder.{u} α inst_1))))))
            (f x) (g x))
        l)
    (@LT.lt.exists_disjoint_Iio_Ioi.{u} α inst_1 y z hyz) fun _a ha _b hb h =>
    @Filter.Eventually.mp.{w} γ
      (fun x =>
        @LT.lt.{u} α
          (@Preorder.toLT.{u} α
            (@PartialOrder.toPreorder.{u} α
              (@SemilatticeInf.toPartialOrder.{u} α
                (@Lattice.toSemilatticeInf.{u} α
                  (@DistribLattice.toLattice.{u} α (@instDistribLatticeOfLinearOrder.{u} α inst_1))))))
          _b (g x))
      (fun x =>
        @LT.lt.{u} α
          (@Preorder.toLT.{u} α
            (@PartialOrder.toPreorder.{u} α
              (@SemilatticeInf.toPartialOrder.{u} α
                (@Lattice.toSemilatticeInf.{u} α
                  (@DistribLattice.toLattice.{u} α (@instDistribLatticeOfLinearOrder.{u} α inst_1))))))
          (f x) (g x))
      l
      (@Filter.Tendsto.eventually.{w, u} γ α g l (@nhds.{u} α inst z)
        (@LT.lt.{u} α
          (@Preorder.toLT.{u} α
            (@PartialOrder.toPreorder.{u} α
              (@SemilatticeInf.toPartialOrder.{u} α
                (@Lattice.toSemilatticeInf.{u} α
                  (@DistribLattice.toLattice.{u} α (@instDistribLatticeOfLinearOrder.{u} α inst_1))))))
          _b)
        hg
        (@Ioi_mem_nhds.{u} α inst inst_1
          (@instClosedIicTopology.{u} α inst
            (@PartialOrder.toPreorder.{u} α
              (@SemilatticeInf.toPartialOrder.{u} α
                (@Lattice.toSemilatticeInf.{u} α
                  (@DistribLattice.toLattice.{u} α (@instDistribLatticeOfLinearOrder.{u} α inst_1)))))
            inst_2)
          _b z hb))
      (@Filter.Eventually.mono.{w} γ
        (fun x =>
          @LT.lt.{u} α
            (@Preorder.toLT.{u} α
              (@PartialOrder.toPreorder.{u} α
                (@SemilatticeSup.toPartialOrder.{u} α
                  (@Lattice.toSemilatticeSup.{u} α
                    (@DistribLattice.toLattice.{u} α (@instDistribLatticeOfLinearOrder.{u} α inst_1))))))
            (f x) _a)
        (fun x =>
          @LT.lt.{u} α
              (@Preorder.toLT.{u} α
                (@PartialOrder.toPreorder.{u} α
                  (@SemilatticeInf.toPartialOrder.{u} α
                    (@Lattice.toSemilatticeInf.{u} α
                      (@DistribLattice.toLattice.{u} α (@instDistribLatticeOfLinearOrder.{u} α inst_1))))))
              _b (g x) →
            @LT.lt.{u} α
              (@Preorder.toLT.{u} α
                (@PartialOrder.toPreorder.{u} α
                  (@SemilatticeInf.toPartialOrder.{u} α
                    (@Lattice.toSemilatticeInf.{u} α
                      (@DistribLattice.toLattice.{u} α (@instDistribLatticeOfLinearOrder.{u} α inst_1))))))
              (f x) (g x))
        l
        (@Filter.Tendsto.eventually.{w, u} γ α f l (@nhds.{u} α inst y)
          (fun x =>
            @LT.lt.{u} α
              (@Preorder.toLT.{u} α
                (@PartialOrder.toPreorder.{u} α
                  (@SemilatticeSup.toPartialOrder.{u} α
                    (@Lattice.toSemilatticeSup.{u} α
                      (@DistribLattice.toLattice.{u} α (@instDistribLatticeOfLinearOrder.{u} α inst_1))))))
              x _a)
          hf
          (@Iio_mem_nhds.{u} α inst inst_1
            (@instClosedIciTopology.{u} α inst
              (@PartialOrder.toPreorder.{u} α
                (@SemilatticeSup.toPartialOrder.{u} α
                  (@Lattice.toSemilatticeSup.{u} α
                    (@DistribLattice.toLattice.{u} α (@instDistribLatticeOfLinearOrder.{u} α inst_1)))))
              inst_2)
            _a y ha))
        fun x h₁ h₂ => h (f x) h₁ (g x) h₂)
theorem Filter.eventually_all.{u, u_1} : ∀ {α : Type u} {ι : Sort u_1} [Finite.{u_1} ι] {l : Filter.{u} α}
  {p : ι → α → Prop},
  Iff (@Filter.Eventually.{u} α (fun x => ∀ (i : ι), p i x) l)
    (∀ (i : ι), @Filter.Eventually.{u} α (fun x => p i x) l) :=
fun {α} {ι} [inst : Finite.{u_1} ι] {l} {p} =>
  @Eq.mpr.{0}
    (Iff (@Filter.Eventually.{u} α (fun x => ∀ (i : ι), p i x) l)
      (∀ (i : ι), @Filter.Eventually.{u} α (fun x => p i x) l))
    (Iff
      (@Membership.mem.{u, u} (Set.{u} α) (Filter.{u} α) (@Filter.instMembership.{u} α) l
        (⋂ i, @Set.ofPred.{u} α fun x => p i x))
      (∀ (i : ι),
        @Membership.mem.{u, u} (Set.{u} α) (Filter.{u} α) (@Filter.instMembership.{u} α) l
          (@Set.ofPred.{u} α fun x => p i x)))
    (@id.{0}
      (@Eq.{1} Prop
        (Iff (@Filter.Eventually.{u} α (fun x => ∀ (i : ι), p i x) l)
          (∀ (i : ι), @Filter.Eventually.{u} α (fun x => p i x) l))
        (Iff
          (@Membership.mem.{u, u} (Set.{u} α) (Filter.{u} α) (@Filter.instMembership.{u} α) l
            (⋂ i, @Set.ofPred.{u} α fun x => p i x))
          (∀ (i : ι),
            @Membership.mem.{u, u} (Set.{u} α) (Filter.{u} α) (@Filter.instMembership.{u} α) l
              (@Set.ofPred.{u} α fun x => p i x))))
      (@congrFun'.{1, 1} Prop Prop (Iff (@Filter.Eventually.{u} α (fun x => ∀ (i : ι), p i x) l))
        (Iff
          (@Membership.mem.{u, u} (Set.{u} α) (Filter.{u} α) (@Filter.instMembership.{u} α) l
            (⋂ i, @Set.ofPred.{u} α fun x => p i x)))
        (@congrArg.{1, 1} Prop (Prop → Prop) (@Filter.Eventually.{u} α (fun x => ∀ (i : ι), p i x) l)
          (@Membership.mem.{u, u} (Set.{u} α) (Filter.{u} α) (@Filter.instMembership.{u} α) l
            (⋂ i, @Set.ofPred.{u} α fun x => p i x))
          Iff
          (@congrArg.{u + 1, 1} (Set.{u} α) Prop (@Set.ofPred.{u} α fun x => (fun x => ∀ (i : ι), p i x) x)
            (⋂ i, @Set.ofPred.{u} α fun x => p i x)
            (@Membership.mem.{u, u} (Set.{u} α) (Filter.{u} α) (@Filter.instMembership.{u} α) l)
            (@Set.ofPred_forall.{u, u_1} α ι p)))
        (∀ (i : ι),
          @Membership.mem.{u, u} (Set.{u} α) (Filter.{u} α) (@Filter.instMembership.{u} α) l
            (@Set.ofPred.{u} α fun x => p i x))))
    (@Filter.iInter_mem.{u, u_1} α l ι (fun i => @Set.ofPred.{u} α fun x => p i x) inst)
theorem Filter.Eventually.of_forall.{u} : ∀ {α : Type u} {p : α → Prop} {f : Filter.{u} α},
  (∀ (x : α), p x) → @Filter.Eventually.{u} α (fun x => p x) f :=
fun {α} {p} {f} hp => @Filter.univ_mem'.{u} α f (@Set.ofPred.{u} α fun x => (fun x => p x) x) hp
theorem Filter.Eventually.mono.{u} : ∀ {α : Type u} {p q : α → Prop} {f : Filter.{u} α},
  @Filter.Eventually.{u} α (fun x => p x) f → (∀ (x : α), p x → q x) → @Filter.Eventually.{u} α (fun x => q x) f :=
fun {α} {p q} {f} hp hq =>
  @Filter.Eventually.mp.{u} α p q f hp (@Filter.Eventually.of_forall.{u} α (fun x => p x → q x) f hq)
theorem le_of_lt.{u_1} : ∀ {α : Type u_1} [inst : Preorder.{u_1} α] {a b : α},
  @LT.lt.{u_1} α (@Preorder.toLT.{u_1} α inst) a b → @LE.le.{u_1} α (@Preorder.toLE.{u_1} α inst) a b :=
fun {α} [inst : Preorder.{u_1} α] {a b} hab =>
  @And.left (@LE.le.{u_1} α (@Preorder.toLE.{u_1} α inst) a b) (Not (@LE.le.{u_1} α (@Preorder.toLE.{u_1} α inst) b a))
    (@Iff.mp (@LT.lt.{u_1} α (@Preorder.toLT.{u_1} α inst) a b)
      (And (@LE.le.{u_1} α (@Preorder.toLE.{u_1} α inst) a b) (Not (@LE.le.{u_1} α (@Preorder.toLE.{u_1} α inst) b a)))
      (@lt_iff_le_not_ge.{u_1} α inst a b) hab)
theorem congrArg.{u, v} : ∀ {α : Sort u} {β : Sort v} {a₁ a₂ : α} (f : α → β),
  @Eq.{u} α a₁ a₂ → @Eq.{v} β (f a₁) (f a₂) :=
fun {α} {β} {a₁ a₂} f h => @Eq.rec.{0, u} α a₁ (fun x h => @Eq.{v} β (f a₁) (f x)) (@rfl.{v} β (f a₁)) a₂ h
theorem Fin.sum_univ_two.{u_2} : ∀ {M : Type u_2} [inst : AddCommMonoid.{u_2} M]
  (f : Fin (@OfNat.ofNat.{0} Nat (nat_lit 2) (instOfNatNat (nat_lit 2))) → M),
  @Eq.{u_2 + 1} M (∑ i, f i)
    (@HAdd.hAdd.{u_2, u_2, u_2} M M M
      (@instHAdd.{u_2} M
        (@AddZero.toAdd.{u_2} M
          (@AddZeroClass.toAddZero.{u_2} M
            (@AddMonoid.toAddZeroClass.{u_2} M (@AddCommMonoid.toAddMonoid.{u_2} M inst)))))
      (f
        (@OfNat.ofNat.{0} (Fin (@OfNat.ofNat.{0} Nat (nat_lit 2) (instOfNatNat (nat_lit 2)))) (nat_lit 0)
          (@Fin.instOfNat (@OfNat.ofNat.{0} Nat (nat_lit 2) (instOfNatNat (nat_lit 2))) ⋯ (nat_lit 0))))
      (f
        (@OfNat.ofNat.{0} (Fin (@OfNat.ofNat.{0} Nat (nat_lit 2) (instOfNatNat (nat_lit 2)))) (nat_lit 1)
          (@Fin.instOfNat (@OfNat.ofNat.{0} Nat (nat_lit 2) (instOfNatNat (nat_lit 2))) ⋯ (nat_lit 1))))) :=
fun {M} [inst : AddCommMonoid.{u_2} M] f =>
  @of_eq_true
    (@Eq.{u_2 + 1} M (∑ i, f i)
      (@HAdd.hAdd.{u_2, u_2, u_2} M M M
        (@instHAdd.{u_2} M
          (@AddZero.toAdd.{u_2} M
            (@AddZeroClass.toAddZero.{u_2} M
              (@AddMonoid.toAddZeroClass.{u_2} M (@AddCommMonoid.toAddMonoid.{u_2} M inst)))))
        (f
          (@OfNat.ofNat.{0} (Fin (@OfNat.ofNat.{0} Nat (nat_lit 2) (instOfNatNat (nat_lit 2)))) (nat_lit 0)
            (@Fin.instOfNat (@OfNat.ofNat.{0} Nat (nat_lit 2) (instOfNatNat (nat_lit 2)))
              (@Nat.instNeZeroSucc (@OfNat.ofNat.{0} Nat (nat_lit 1) (instOfNatNat (nat_lit 1)))) (nat_lit 0))))
        (f
          (@OfNat.ofNat.{0} (Fin (@OfNat.ofNat.{0} Nat (nat_lit 2) (instOfNatNat (nat_lit 2)))) (nat_lit 1)
            (@Fin.instOfNat (@OfNat.ofNat.{0} Nat (nat_lit 2) (instOfNatNat (nat_lit 2)))
              (@Nat.instNeZeroSucc (@OfNat.ofNat.{0} Nat (nat_lit 1) (instOfNatNat (nat_lit 1)))) (nat_lit 1))))))
    (@Eq.trans.{1} Prop
      (@Eq.{u_2 + 1} M (∑ i, f i)
        (@HAdd.hAdd.{u_2, u_2, u_2} M M M
          (@instHAdd.{u_2} M
            (@AddZero.toAdd.{u_2} M
              (@AddZeroClass.toAddZero.{u_2} M
                (@AddMonoid.toAddZeroClass.{u_2} M (@AddCommMonoid.toAddMonoid.{u_2} M inst)))))
          (f
            (@OfNat.ofNat.{0} (Fin (@OfNat.ofNat.{0} Nat (nat_lit 2) (instOfNatNat (nat_lit 2)))) (nat_lit 0)
              (@Fin.instOfNat (@OfNat.ofNat.{0} Nat (nat_lit 2) (instOfNatNat (nat_lit 2)))
                (@Nat.instNeZeroSucc (@OfNat.ofNat.{0} Nat (nat_lit 1) (instOfNatNat (nat_lit 1)))) (nat_lit 0))))
          (f
            (@OfNat.ofNat.{0} (Fin (@OfNat.ofNat.{0} Nat (nat_lit 2) (instOfNatNat (nat_lit 2)))) (nat_lit 1)
              (@Fin.instOfNat (@OfNat.ofNat.{0} Nat (nat_lit 2) (instOfNatNat (nat_lit 2)))
                (@Nat.instNeZeroSucc (@OfNat.ofNat.{0} Nat (nat_lit 1) (instOfNatNat (nat_lit 1)))) (nat_lit 1))))))
      (@Eq.{u_2 + 1} M
        (@HAdd.hAdd.{u_2, u_2, u_2} M M M
          (@instHAdd.{u_2} M
            (@AddZero.toAdd.{u_2} M
              (@AddZeroClass.toAddZero.{u_2} M
                (@AddMonoid.toAddZeroClass.{u_2} M (@AddCommMonoid.toAddMonoid.{u_2} M inst)))))
          (f
            (@OfNat.ofNat.{0}
              (Fin
                (@HAdd.hAdd.{0, 0, 0} Nat Nat Nat (@instHAdd.{0} Nat instAddNat)
                  (@OfNat.ofNat.{0} Nat (nat_lit 1) (instOfNatNat (nat_lit 1)))
                  (@OfNat.ofNat.{0} Nat (nat_lit 1) (instOfNatNat (nat_lit 1)))))
              (nat_lit 0)
              (@Fin.instOfNat
                (@HAdd.hAdd.{0, 0, 0} Nat Nat Nat (@instHAdd.{0} Nat instAddNat)
                  (@OfNat.ofNat.{0} Nat (nat_lit 1) (instOfNatNat (nat_lit 1)))
                  (@OfNat.ofNat.{0} Nat (nat_lit 1) (instOfNatNat (nat_lit 1))))
                (@instNeZeroNatHAdd_1 (@OfNat.ofNat.{0} Nat (nat_lit 1) (instOfNatNat (nat_lit 1)))
                  (@OfNat.ofNat.{0} Nat (nat_lit 1) (instOfNatNat (nat_lit 1)))
                  (@Nat.instNeZeroSucc (@OfNat.ofNat.{0} Nat (nat_lit 0) (instOfNatNat (nat_lit 0)))))
                (nat_lit 0))))
          (f
            (@OfNat.ofNat.{0}
              (Fin
                (@HAdd.hAdd.{0, 0, 0} Nat Nat Nat (@instHAdd.{0} Nat instAddNat)
                  (@HAdd.hAdd.{0, 0, 0} Nat Nat Nat (@instHAdd.{0} Nat instAddNat)
                    (@OfNat.ofNat.{0} Nat (nat_lit 0) (instOfNatNat (nat_lit 0)))
                    (@OfNat.ofNat.{0} Nat (nat_lit 1) (instOfNatNat (nat_lit 1))))
                  (@OfNat.ofNat.{0} Nat (nat_lit 1) (instOfNatNat (nat_lit 1)))))
              (nat_lit 1)
              (@Fin.instOfNat
                (@HAdd.hAdd.{0, 0, 0} Nat Nat Nat (@instHAdd.{0} Nat instAddNat)
                  (@HAdd.hAdd.{0, 0, 0} Nat Nat Nat (@instHAdd.{0} Nat instAddNat)
                    (@OfNat.ofNat.{0} Nat (nat_lit 0) (instOfNatNat (nat_lit 0)))
                    (@OfNat.ofNat.{0} Nat (nat_lit 1) (instOfNatNat (nat_lit 1))))
                  (@OfNat.ofNat.{0} Nat (nat_lit 1) (instOfNatNat (nat_lit 1))))
                (@instNeZeroNatHAdd_1
                  (@HAdd.hAdd.{0, 0, 0} Nat Nat Nat (@instHAdd.{0} Nat instAddNat)
                    (@OfNat.ofNat.{0} Nat (nat_lit 0) (instOfNatNat (nat_lit 0)))
                    (@OfNat.ofNat.{0} Nat (nat_lit 1) (instOfNatNat (nat_lit 1))))
                  (@OfNat.ofNat.{0} Nat (nat_lit 1) (instOfNatNat (nat_lit 1)))
                  (@Nat.instNeZeroSucc (@OfNat.ofNat.{0} Nat (nat_lit 0) (instOfNatNat (nat_lit 0)))))
                (nat_lit 1)))))
        (@HAdd.hAdd.{u_2, u_2, u_2} M M M
          (@instHAdd.{u_2} M
            (@AddZero.toAdd.{u_2} M
              (@AddZeroClass.toAddZero.{u_2} M
                (@AddMonoid.toAddZeroClass.{u_2} M (@AddCommMonoid.toAddMonoid.{u_2} M inst)))))
          (f
            (@OfNat.ofNat.{0} (Fin (@OfNat.ofNat.{0} Nat (nat_lit 2) (instOfNatNat (nat_lit 2)))) (nat_lit 0)
              (@Fin.instOfNat (@OfNat.ofNat.{0} Nat (nat_lit 2) (instOfNatNat (nat_lit 2)))
                (@Nat.instNeZeroSucc (@OfNat.ofNat.{0} Nat (nat_lit 1) (instOfNatNat (nat_lit 1)))) (nat_lit 0))))
          (f
            (@OfNat.ofNat.{0} (Fin (@OfNat.ofNat.{0} Nat (nat_lit 2) (instOfNatNat (nat_lit 2)))) (nat_lit 1)
              (@Fin.instOfNat (@OfNat.ofNat.{0} Nat (nat_lit 2) (instOfNatNat (nat_lit 2)))
                (@Nat.instNeZeroSucc (@OfNat.ofNat.{0} Nat (nat_lit 1) (instOfNatNat (nat_lit 1)))) (nat_lit 1))))))
      True
      (@congrFun'.{u_2 + 1, 1} M Prop (@Eq.{u_2 + 1} M (∑ i, f i))
        (@Eq.{u_2 + 1} M
          (@HAdd.hAdd.{u_2, u_2, u_2} M M M
            (@instHAdd.{u_2} M
              (@AddZero.toAdd.{u_2} M
                (@AddZeroClass.toAddZero.{u_2} M
                  (@AddMonoid.toAddZeroClass.{u_2} M (@AddCommMonoid.toAddMonoid.{u_2} M inst)))))
            (f
              (@OfNat.ofNat.{0}
                (Fin
                  (@HAdd.hAdd.{0, 0, 0} Nat Nat Nat (@instHAdd.{0} Nat instAddNat)
                    (@OfNat.ofNat.{0} Nat (nat_lit 1) (instOfNatNat (nat_lit 1)))
                    (@OfNat.ofNat.{0} Nat (nat_lit 1) (instOfNatNat (nat_lit 1)))))
                (nat_lit 0)
                (@Fin.instOfNat
                  (@HAdd.hAdd.{0, 0, 0} Nat Nat Nat (@instHAdd.{0} Nat instAddNat)
                    (@OfNat.ofNat.{0} Nat (nat_lit 1) (instOfNatNat (nat_lit 1)))
                    (@OfNat.ofNat.{0} Nat (nat_lit 1) (instOfNatNat (nat_lit 1))))
                  (@instNeZeroNatHAdd_1 (@OfNat.ofNat.{0} Nat (nat_lit 1) (instOfNatNat (nat_lit 1)))
                    (@OfNat.ofNat.{0} Nat (nat_lit 1) (instOfNatNat (nat_lit 1)))
                    (@Nat.instNeZeroSucc (@OfNat.ofNat.{0} Nat (nat_lit 0) (instOfNatNat (nat_lit 0)))))
                  (nat_lit 0))))
            (f
              (@OfNat.ofNat.{0}
                (Fin
                  (@HAdd.hAdd.{0, 0, 0} Nat Nat Nat (@instHAdd.{0} Nat instAddNat)
                    (@HAdd.hAdd.{0, 0, 0} Nat Nat Nat (@instHAdd.{0} Nat instAddNat)
                      (@OfNat.ofNat.{0} Nat (nat_lit 0) (instOfNatNat (nat_lit 0)))
                      (@OfNat.ofNat.{0} Nat (nat_lit 1) (instOfNatNat (nat_lit 1))))
                    (@OfNat.ofNat.{0} Nat (nat_lit 1) (instOfNatNat (nat_lit 1)))))
                (nat_lit 1)
                (@Fin.instOfNat
                  (@HAdd.hAdd.{0, 0, 0} Nat Nat Nat (@instHAdd.{0} Nat instAddNat)
                    (@HAdd.hAdd.{0, 0, 0} Nat Nat Nat (@instHAdd.{0} Nat instAddNat)
                      (@OfNat.ofNat.{0} Nat (nat_lit 0) (instOfNatNat (nat_lit 0)))
                      (@OfNat.ofNat.{0} Nat (nat_lit 1) (instOfNatNat (nat_lit 1))))
                    (@OfNat.ofNat.{0} Nat (nat_lit 1) (instOfNatNat (nat_lit 1))))
                  (@instNeZeroNatHAdd_1
                    (@HAdd.hAdd.{0, 0, 0} Nat Nat Nat (@instHAdd.{0} Nat instAddNat)
                      (@OfNat.ofNat.{0} Nat (nat_lit 0) (instOfNatNat (nat_lit 0)))
                      (@OfNat.ofNat.{0} Nat (nat_lit 1) (instOfNatNat (nat_lit 1))))
                    (@OfNat.ofNat.{0} Nat (nat_lit 1) (instOfNatNat (nat_lit 1)))
                    (@Nat.instNeZeroSucc (@OfNat.ofNat.{0} Nat (nat_lit 0) (instOfNatNat (nat_lit 0)))))
                  (nat_lit 1))))))
        (@congrArg.{u_2 + 1, u_2 + 1} M (M → Prop) (∑ i, f i)
          (@HAdd.hAdd.{u_2, u_2, u_2} M M M
            (@instHAdd.{u_2} M
              (@AddZero.toAdd.{u_2} M
                (@AddZeroClass.toAddZero.{u_2} M
                  (@AddMonoid.toAddZeroClass.{u_2} M (@AddCommMonoid.toAddMonoid.{u_2} M inst)))))
            (f
              (@OfNat.ofNat.{0}
                (Fin
                  (@HAdd.hAdd.{0, 0, 0} Nat Nat Nat (@instHAdd.{0} Nat instAddNat)
                    (@OfNat.ofNat.{0} Nat (nat_lit 1) (instOfNatNat (nat_lit 1)))
                    (@OfNat.ofNat.{0} Nat (nat_lit 1) (instOfNatNat (nat_lit 1)))))
                (nat_lit 0)
                (@Fin.instOfNat
                  (@HAdd.hAdd.{0, 0, 0} Nat Nat Nat (@instHAdd.{0} Nat instAddNat)
                    (@OfNat.ofNat.{0} Nat (nat_lit 1) (instOfNatNat (nat_lit 1)))
                    (@OfNat.ofNat.{0} Nat (nat_lit 1) (instOfNatNat (nat_lit 1))))
                  (@instNeZeroNatHAdd_1 (@OfNat.ofNat.{0} Nat (nat_lit 1) (instOfNatNat (nat_lit 1)))
                    (@OfNat.ofNat.{0} Nat (nat_lit 1) (instOfNatNat (nat_lit 1)))
                    (@Nat.instNeZeroSucc (@OfNat.ofNat.{0} Nat (nat_lit 0) (instOfNatNat (nat_lit 0)))))
                  (nat_lit 0))))
            (f
              (@OfNat.ofNat.{0}
                (Fin
                  (@HAdd.hAdd.{0, 0, 0} Nat Nat Nat (@instHAdd.{0} Nat instAddNat)
                    (@HAdd.hAdd.{0, 0, 0} Nat Nat Nat (@instHAdd.{0} Nat instAddNat)
                      (@OfNat.ofNat.{0} Nat (nat_lit 0) (instOfNatNat (nat_lit 0)))
                      (@OfNat.ofNat.{0} Nat (nat_lit 1) (instOfNatNat (nat_lit 1))))
                    (@OfNat.ofNat.{0} Nat (nat_lit 1) (instOfNatNat (nat_lit 1)))))
                (nat_lit 1)
                (@Fin.instOfNat
                  (@HAdd.hAdd.{0, 0, 0} Nat Nat Nat (@instHAdd.{0} Nat instAddNat)
                    (@HAdd.hAdd.{0, 0, 0} Nat Nat Nat (@instHAdd.{0} Nat instAddNat)
                      (@OfNat.ofNat.{0} Nat (nat_lit 0) (instOfNatNat (nat_lit 0)))
                      (@OfNat.ofNat.{0} Nat (nat_lit 1) (instOfNatNat (nat_lit 1))))
                    (@OfNat.ofNat.{0} Nat (nat_lit 1) (instOfNatNat (nat_lit 1))))
                  (@instNeZeroNatHAdd_1
                    (@HAdd.hAdd.{0, 0, 0} Nat Nat Nat (@instHAdd.{0} Nat instAddNat)
                      (@OfNat.ofNat.{0} Nat (nat_lit 0) (instOfNatNat (nat_lit 0)))
                      (@OfNat.ofNat.{0} Nat (nat_lit 1) (instOfNatNat (nat_lit 1))))
                    (@OfNat.ofNat.{0} Nat (nat_lit 1) (instOfNatNat (nat_lit 1)))
                    (@Nat.instNeZeroSucc (@OfNat.ofNat.{0} Nat (nat_lit 0) (instOfNatNat (nat_lit 0)))))
                  (nat_lit 1)))))
          (@Eq.{u_2 + 1} M)
          (@Eq.trans.{u_2 + 1} M (∑ i, f i)
            (@HAdd.hAdd.{u_2, u_2, u_2} M M M
              (@instHAdd.{u_2} M
                (@AddZero.toAdd.{u_2} M
                  (@AddZeroClass.toAddZero.{u_2} M
                    (@AddMonoid.toAddZeroClass.{u_2} M (@AddCommMonoid.toAddMonoid.{u_2} M inst)))))
              (f
                (@OfNat.ofNat.{0}
                  (Fin
                    (@HAdd.hAdd.{0, 0, 0} Nat Nat Nat (@instHAdd.{0} Nat instAddNat)
                      (@OfNat.ofNat.{0} Nat (nat_lit 1) (instOfNatNat (nat_lit 1)))
                      (@OfNat.ofNat.{0} Nat (nat_lit 1) (instOfNatNat (nat_lit 1)))))
                  (nat_lit 0)
                  (@Fin.instOfNat
                    (@HAdd.hAdd.{0, 0, 0} Nat Nat Nat (@instHAdd.{0} Nat instAddNat)
                      (@OfNat.ofNat.{0} Nat (nat_lit 1) (instOfNatNat (nat_lit 1)))
                      (@OfNat.ofNat.{0} Nat (nat_lit 1) (instOfNatNat (nat_lit 1))))
                    (@instNeZeroNatHAdd_1 (@OfNat.ofNat.{0} Nat (nat_lit 1) (instOfNatNat (nat_lit 1)))
                      (@OfNat.ofNat.{0} Nat (nat_lit 1) (instOfNatNat (nat_lit 1)))
                      (@Nat.instNeZeroSucc (@OfNat.ofNat.{0} Nat (nat_lit 0) (instOfNatNat (nat_lit 0)))))
                    (nat_lit 0))))
              (∑ i, f (@Fin.succ (@OfNat.ofNat.{0} Nat (nat_lit 1) (instOfNatNat (nat_lit 1))) i)))
            (@HAdd.hAdd.{u_2, u_2, u_2} M M M
              (@instHAdd.{u_2} M
                (@AddZero.toAdd.{u_2} M
                  (@AddZeroClass.toAddZero.{u_2} M
                    (@AddMonoid.toAddZeroClass.{u_2} M (@AddCommMonoid.toAddMonoid.{u_2} M inst)))))
              (f
                (@OfNat.ofNat.{0}
                  (Fin
                    (@HAdd.hAdd.{0, 0, 0} Nat Nat Nat (@instHAdd.{0} Nat instAddNat)
                      (@OfNat.ofNat.{0} Nat (nat_lit 1) (instOfNatNat (nat_lit 1)))
                      (@OfNat.ofNat.{0} Nat (nat_lit 1) (instOfNatNat (nat_lit 1)))))
                  (nat_lit 0)
                  (@Fin.instOfNat
                    (@HAdd.hAdd.{0, 0, 0} Nat Nat Nat (@instHAdd.{0} Nat instAddNat)
                      (@OfNat.ofNat.{0} Nat (nat_lit 1) (instOfNatNat (nat_lit 1)))
                      (@OfNat.ofNat.{0} Nat (nat_lit 1) (instOfNatNat (nat_lit 1))))
                    (@instNeZeroNatHAdd_1 (@OfNat.ofNat.{0} Nat (nat_lit 1) (instOfNatNat (nat_lit 1)))
                      (@OfNat.ofNat.{0} Nat (nat_lit 1) (instOfNatNat (nat_lit 1)))
                      (@Nat.instNeZeroSucc (@OfNat.ofNat.{0} Nat (nat_lit 0) (instOfNatNat (nat_lit 0)))))
                    (nat_lit 0))))
              (f
                (@OfNat.ofNat.{0}
                  (Fin
                    (@HAdd.hAdd.{0, 0, 0} Nat Nat Nat (@instHAdd.{0} Nat instAddNat)
                      (@HAdd.hAdd.{0, 0, 0} Nat Nat Nat (@instHAdd.{0} Nat instAddNat)
                        (@OfNat.ofNat.{0} Nat (nat_lit 0) (instOfNatNat (nat_lit 0)))
                        (@OfNat.ofNat.{0} Nat (nat_lit 1) (instOfNatNat (nat_lit 1))))
                      (@OfNat.ofNat.{0} Nat (nat_lit 1) (instOfNatNat (nat_lit 1)))))
                  (nat_lit 1)
                  (@Fin.instOfNat
                    (@HAdd.hAdd.{0, 0, 0} Nat Nat Nat (@instHAdd.{0} Nat instAddNat)
                      (@HAdd.hAdd.{0, 0, 0} Nat Nat Nat (@instHAdd.{0} Nat instAddNat)
                        (@OfNat.ofNat.{0} Nat (nat_lit 0) (instOfNatNat (nat_lit 0)))
                        (@OfNat.ofNat.{0} Nat (nat_lit 1) (instOfNatNat (nat_lit 1))))
                      (@OfNat.ofNat.{0} Nat (nat_lit 1) (instOfNatNat (nat_lit 1))))
                    (@instNeZeroNatHAdd_1
                      (@HAdd.hAdd.{0, 0, 0} Nat Nat Nat (@instHAdd.{0} Nat instAddNat)
                        (@OfNat.ofNat.{0} Nat (nat_lit 0) (instOfNatNat (nat_lit 0)))
                        (@OfNat.ofNat.{0} Nat (nat_lit 1) (instOfNatNat (nat_lit 1))))
                      (@OfNat.ofNat.{0} Nat (nat_lit 1) (instOfNatNat (nat_lit 1)))
                      (@Nat.instNeZeroSucc (@OfNat.ofNat.{0} Nat (nat_lit 0) (instOfNatNat (nat_lit 0)))))
                    (nat_lit 1)))))
            (@Fin.sum_univ_succ.{u_2} M inst (@OfNat.ofNat.{0} Nat (nat_lit 1) (instOfNatNat (nat_lit 1))) f)
            (@congrArg.{u_2 + 1, u_2 + 1} M M
              (∑ i, f (@Fin.succ (@OfNat.ofNat.{0} Nat (nat_lit 1) (instOfNatNat (nat_lit 1))) i))
              (f
                (@OfNat.ofNat.{0}
                  (Fin
                    (@HAdd.hAdd.{0, 0, 0} Nat Nat Nat (@instHAdd.{0} Nat instAddNat)
                      (@HAdd.hAdd.{0, 0, 0} Nat Nat Nat (@instHAdd.{0} Nat instAddNat)
                        (@OfNat.ofNat.{0} Nat (nat_lit 0) (instOfNatNat (nat_lit 0)))
                        (@OfNat.ofNat.{0} Nat (nat_lit 1) (instOfNatNat (nat_lit 1))))
                      (@OfNat.ofNat.{0} Nat (nat_lit 1) (instOfNatNat (nat_lit 1)))))
                  (nat_lit 1)
                  (@Fin.instOfNat
                    (@HAdd.hAdd.{0, 0, 0} Nat Nat Nat (@instHAdd.{0} Nat instAddNat)
                      (@HAdd.hAdd.{0, 0, 0} Nat Nat Nat (@instHAdd.{0} Nat instAddNat)
                        (@OfNat.ofNat.{0} Nat (nat_lit 0) (instOfNatNat (nat_lit 0)))
                        (@OfNat.ofNat.{0} Nat (nat_lit 1) (instOfNatNat (nat_lit 1))))
                      (@OfNat.ofNat.{0} Nat (nat_lit 1) (instOfNatNat (nat_lit 1))))
                    (@instNeZeroNatHAdd_1
                      (@HAdd.hAdd.{0, 0, 0} Nat Nat Nat (@instHAdd.{0} Nat instAddNat)
                        (@OfNat.ofNat.{0} Nat (nat_lit 0) (instOfNatNat (nat_lit 0)))
                        (@OfNat.ofNat.{0} Nat (nat_lit 1) (instOfNatNat (nat_lit 1))))
                      (@OfNat.ofNat.{0} Nat (nat_lit 1) (instOfNatNat (nat_lit 1)))
                      (@Nat.instNeZeroSucc (@OfNat.ofNat.{0} Nat (nat_lit 0) (instOfNatNat (nat_lit 0)))))
                    (nat_lit 1))))
              (@HAdd.hAdd.{u_2, u_2, u_2} M M M
                (@instHAdd.{u_2} M
                  (@AddZero.toAdd.{u_2} M
                    (@AddZeroClass.toAddZero.{u_2} M
                      (@AddMonoid.toAddZeroClass.{u_2} M (@AddCommMonoid.toAddMonoid.{u_2} M inst)))))
                (f
                  (@OfNat.ofNat.{0}
                    (Fin
                      (@HAdd.hAdd.{0, 0, 0} Nat Nat Nat (@instHAdd.{0} Nat instAddNat)
                        (@OfNat.ofNat.{0} Nat (nat_lit 1) (instOfNatNat (nat_lit 1)))
                        (@OfNat.ofNat.{0} Nat (nat_lit 1) (instOfNatNat (nat_lit 1)))))
                    (nat_lit 0)
                    (@Fin.instOfNat
                      (@HAdd.hAdd.{0, 0, 0} Nat Nat Nat (@instHAdd.{0} Nat instAddNat)
                        (@OfNat.ofNat.{0} Nat (nat_lit 1) (instOfNatNat (nat_lit 1)))
                        (@OfNat.ofNat.{0} Nat (nat_lit 1) (instOfNatNat (nat_lit 1))))
                      (@instNeZeroNatHAdd_1 (@OfNat.ofNat.{0} Nat (nat_lit 1) (instOfNatNat (nat_lit 1)))
                        (@OfNat.ofNat.{0} Nat (nat_lit 1) (instOfNatNat (nat_lit 1)))
                        (@Nat.instNeZeroSucc (@OfNat.ofNat.{0} Nat (nat_lit 0) (instOfNatNat (nat_lit 0)))))
                      (nat_lit 0)))))
              (@Eq.trans.{u_2 + 1} M
                (∑ i, f (@Fin.succ (@OfNat.ofNat.{0} Nat (nat_lit 1) (instOfNatNat (nat_lit 1))) i))
                (∑
                  x ∈
                    @singleton.{0, 0} (Fin (@OfNat.ofNat.{0} Nat (nat_lit 1) (instOfNatNat (nat_lit 1))))
                      (Finset.{0} (Fin (@OfNat.ofNat.{0} Nat (nat_lit 1) (instOfNatNat (nat_lit 1)))))
                      (@Finset.instSingleton.{0} (Fin (@OfNat.ofNat.{0} Nat (nat_lit 1) (instOfNatNat (nat_lit 1)))))
                      (@OfNat.ofNat.{0} (Fin (@OfNat.ofNat.{0} Nat (nat_lit 1) (instOfNatNat (nat_lit 1)))) (nat_lit 0)
                        (@Fin.instOfNat (@OfNat.ofNat.{0} Nat (nat_lit 1) (instOfNatNat (nat_lit 1)))
                          Fin.instUnique._proof_1 (nat_lit 0))),
                  f (@Fin.succ (@OfNat.ofNat.{0} Nat (nat_lit 1) (instOfNatNat (nat_lit 1))) x))
                (f
                  (@Fin.succ (@OfNat.ofNat.{0} Nat (nat_lit 1) (instOfNatNat (nat_lit 1)))
                    (@OfNat.ofNat.{0} (Fin (@OfNat.ofNat.{0} Nat (nat_lit 1) (instOfNatNat (nat_lit 1)))) (nat_lit 0)
                      (@Fin.instOfNat (@OfNat.ofNat.{0} Nat (nat_lit 1) (instOfNatNat (nat_lit 1)))
                        Fin.instUnique._proof_1 (nat_lit 0)))))
                (@Finset.sum_congr.{0, u_2} (Fin (@OfNat.ofNat.{0} Nat (nat_lit 1) (instOfNatNat (nat_lit 1)))) M
                  (@Finset.univ.{0} (Fin (@OfNat.ofNat.{0} Nat (nat_lit 1) (instOfNatNat (nat_lit 1))))
                    (Fin.fintype (@OfNat.ofNat.{0} Nat (nat_lit 1) (instOfNatNat (nat_lit 1)))))
                  (@singleton.{0, 0} (Fin (@OfNat.ofNat.{0} Nat (nat_lit 1) (instOfNatNat (nat_lit 1))))
                    (Finset.{0} (Fin (@OfNat.ofNat.{0} Nat (nat_lit 1) (instOfNatNat (nat_lit 1)))))
                    (@Finset.instSingleton.{0} (Fin (@OfNat.ofNat.{0} Nat (nat_lit 1) (instOfNatNat (nat_lit 1)))))
                    (@OfNat.ofNat.{0} (Fin (@OfNat.ofNat.{0} Nat (nat_lit 1) (instOfNatNat (nat_lit 1)))) (nat_lit 0)
                      (@Fin.instOfNat (@OfNat.ofNat.{0} Nat (nat_lit 1) (instOfNatNat (nat_lit 1)))
                        Fin.instUnique._proof_1 (nat_lit 0))))
                  inst (fun i => f (@Fin.succ (@OfNat.ofNat.{0} Nat (nat_lit 1) (instOfNatNat (nat_lit 1))) i))
                  (fun x => f (@Fin.succ (@OfNat.ofNat.{0} Nat (nat_lit 1) (instOfNatNat (nat_lit 1))) x))
                  (@Finset.univ_unique.{0} (Fin (@OfNat.ofNat.{0} Nat (nat_lit 1) (instOfNatNat (nat_lit 1))))
                    (Fin.fintype (@OfNat.ofNat.{0} Nat (nat_lit 1) (instOfNatNat (nat_lit 1)))) Fin.instUnique)
                  fun x a =>
                  @Eq.refl.{u_2 + 1} M (f (@Fin.succ (@OfNat.ofNat.{0} Nat (nat_lit 1) (instOfNatNat (nat_lit 1))) x)))
                (@Finset.sum_singleton.{0, u_2} (Fin (@OfNat.ofNat.{0} Nat (nat_lit 1) (instOfNatNat (nat_lit 1)))) M
                  inst (fun x => f (@Fin.succ (@OfNat.ofNat.{0} Nat (nat_lit 1) (instOfNatNat (nat_lit 1))) x))
                  (@OfNat.ofNat.{0} (Fin (@OfNat.ofNat.{0} Nat (nat_lit 1) (instOfNatNat (nat_lit 1)))) (nat_lit 0)
                    (@Fin.instOfNat (@OfNat.ofNat.{0} Nat (nat_lit 1) (instOfNatNat (nat_lit 1)))
                      Fin.instUnique._proof_1 (nat_lit 0))))))))
        (@HAdd.hAdd.{u_2, u_2, u_2} M M M
          (@instHAdd.{u_2} M
            (@AddZero.toAdd.{u_2} M
              (@AddZeroClass.toAddZero.{u_2} M
                (@AddMonoid.toAddZeroClass.{u_2} M (@AddCommMonoid.toAddMonoid.{u_2} M inst)))))
          (f
            (@OfNat.ofNat.{0} (Fin (@OfNat.ofNat.{0} Nat (nat_lit 2) (instOfNatNat (nat_lit 2)))) (nat_lit 0)
              (@Fin.instOfNat (@OfNat.ofNat.{0} Nat (nat_lit 2) (instOfNatNat (nat_lit 2)))
                (@Nat.instNeZeroSucc (@OfNat.ofNat.{0} Nat (nat_lit 1) (instOfNatNat (nat_lit 1)))) (nat_lit 0))))
          (f
            (@OfNat.ofNat.{0} (Fin (@OfNat.ofNat.{0} Nat (nat_lit 2) (instOfNatNat (nat_lit 2)))) (nat_lit 1)
              (@Fin.instOfNat (@OfNat.ofNat.{0} Nat (nat_lit 2) (instOfNatNat (nat_lit 2)))
                (@Nat.instNeZeroSucc (@OfNat.ofNat.{0} Nat (nat_lit 1) (instOfNatNat (nat_lit 1)))) (nat_lit 1))))))
      (@eq_self.{u_2 + 1} M
        (@HAdd.hAdd.{u_2, u_2, u_2} M M M
          (@instHAdd.{u_2} M
            (@AddZero.toAdd.{u_2} M
              (@AddZeroClass.toAddZero.{u_2} M
                (@AddMonoid.toAddZeroClass.{u_2} M (@AddCommMonoid.toAddMonoid.{u_2} M inst)))))
          (f
            (@OfNat.ofNat.{0}
              (Fin
                (@HAdd.hAdd.{0, 0, 0} Nat Nat Nat (@instHAdd.{0} Nat instAddNat)
                  (@OfNat.ofNat.{0} Nat (nat_lit 1) (instOfNatNat (nat_lit 1)))
                  (@OfNat.ofNat.{0} Nat (nat_lit 1) (instOfNatNat (nat_lit 1)))))
              (nat_lit 0)
              (@Fin.instOfNat
                (@HAdd.hAdd.{0, 0, 0} Nat Nat Nat (@instHAdd.{0} Nat instAddNat)
                  (@OfNat.ofNat.{0} Nat (nat_lit 1) (instOfNatNat (nat_lit 1)))
                  (@OfNat.ofNat.{0} Nat (nat_lit 1) (instOfNatNat (nat_lit 1))))
                (@instNeZeroNatHAdd_1 (@OfNat.ofNat.{0} Nat (nat_lit 1) (instOfNatNat (nat_lit 1)))
                  (@OfNat.ofNat.{0} Nat (nat_lit 1) (instOfNatNat (nat_lit 1)))
                  (@Nat.instNeZeroSucc (@OfNat.ofNat.{0} Nat (nat_lit 0) (instOfNatNat (nat_lit 0)))))
                (nat_lit 0))))
          (f
            (@OfNat.ofNat.{0}
              (Fin
                (@HAdd.hAdd.{0, 0, 0} Nat Nat Nat (@instHAdd.{0} Nat instAddNat)
                  (@HAdd.hAdd.{0, 0, 0} Nat Nat Nat (@instHAdd.{0} Nat instAddNat)
                    (@OfNat.ofNat.{0} Nat (nat_lit 0) (instOfNatNat (nat_lit 0)))
                    (@OfNat.ofNat.{0} Nat (nat_lit 1) (instOfNatNat (nat_lit 1))))
                  (@OfNat.ofNat.{0} Nat (nat_lit 1) (instOfNatNat (nat_lit 1)))))
              (nat_lit 1)
              (@Fin.instOfNat
                (@HAdd.hAdd.{0, 0, 0} Nat Nat Nat (@instHAdd.{0} Nat instAddNat)
                  (@HAdd.hAdd.{0, 0, 0} Nat Nat Nat (@instHAdd.{0} Nat instAddNat)
                    (@OfNat.ofNat.{0} Nat (nat_lit 0) (instOfNatNat (nat_lit 0)))
                    (@OfNat.ofNat.{0} Nat (nat_lit 1) (instOfNatNat (nat_lit 1))))
                  (@OfNat.ofNat.{0} Nat (nat_lit 1) (instOfNatNat (nat_lit 1))))
                (@instNeZeroNatHAdd_1
                  (@HAdd.hAdd.{0, 0, 0} Nat Nat Nat (@instHAdd.{0} Nat instAddNat)
                    (@OfNat.ofNat.{0} Nat (nat_lit 0) (instOfNatNat (nat_lit 0)))
                    (@OfNat.ofNat.{0} Nat (nat_lit 1) (instOfNatNat (nat_lit 1))))
                  (@OfNat.ofNat.{0} Nat (nat_lit 1) (instOfNatNat (nat_lit 1)))
                  (@Nat.instNeZeroSucc (@OfNat.ofNat.{0} Nat (nat_lit 0) (instOfNatNat (nat_lit 0)))))
                (nat_lit 1)))))))
@[instance_reducible] def List.length.{u_1} : {α : Type u_1} → List.{u_1} α → Nat :=
fun {α} x => @List.brecOn.{1, u_1} α (fun x => Nat) x (@List.length._f.{u_1} α)
def List.foldl.{u, v} : {α : Type u} → {β : Type v} → (α → β → α) → α → List.{v} β → α :=
fun {α} {β} f x x_1 => @List.brecOn.{u + 1, v} β (fun x => α → α) x_1 (@List.foldl._f.{u, v} α β f) x
def List.countP.{u} : {α : Type u} → (α → Bool) → List.{u} α → Nat :=
fun {α} p l => @List.countP.go.{u} α p l (@OfNat.ofNat.{0} Nat (nat_lit 0) (instOfNatNat (nat_lit 0)))
def List.countP.go.{u} : {α : Type u} → (α → Bool) → List.{u} α → Nat → Nat :=
fun {α} p a a_1 => @List.brecOn.{1, u} α (fun a => Nat → Nat) a (@List.countP.go._f.{u} α p) a_1
def List.all.{u} : {α : Type u} → List.{u} α → (α → Bool) → Bool :=
fun {α} x x_1 => @List.brecOn.{u + 1, u} α (fun x => (α → Bool) → Bool) x (@List.all._f.{u} α) x_1
@[irreducible] protected def Nat.div : Nat → Nat → Nat :=
fun x y =>
  @dite.{1} Nat (@LT.lt.{0} Nat instLTNat (@OfNat.ofNat.{0} Nat (nat_lit 0) (instOfNatNat (nat_lit 0))) y)
    (Nat.decLt (@OfNat.ofNat.{0} Nat (nat_lit 0) (instOfNatNat (nat_lit 0))) y) (fun hy => Nat.div.go y hy x.succ x ⋯)
    fun x => @OfNat.ofNat.{0} Nat (nat_lit 0) (instOfNatNat (nat_lit 0))
protected def Nat.mod : Nat → Nat → Nat :=
fun x x_1 =>
  Nat.mod.match_1.{1} (fun x x_2 => Nat) x x_1 (fun x => @OfNat.ofNat.{0} Nat (nat_lit 0) (instOfNatNat (nat_lit 0)))
    fun n n_1 h m => @ite.{1} Nat (@LE.le.{0} Nat instLENat m n) (m.decLe n) (n.modCore m) n
'hasFDerivAt_const' depends on axioms: [propext, Classical.choice.{u}, Quot.sound.{u}]
'hasFDerivAtFilter_const' depends on axioms: [propext, Classical.choice.{u}, Quot.sound.{u}]
'HasFDerivAt.congr_of_eventuallyEq' depends on axioms: [propext, Classical.choice.{u}, Quot.sound.{u}]
'Filter.EventuallyEq.hasFDerivAt_iff' depends on axioms: [propext, Classical.choice.{u}, Quot.sound.{u}]
'Filter.EventuallyEq.hasFDerivAtFilter_iff' depends on axioms: [propext, Classical.choice.{u}, Quot.sound.{u}]
'continuous_apply' depends on axioms: [propext, Classical.choice.{u}, Quot.sound.{u}]
'Continuous.continuousAt' depends on axioms: [propext, Quot.sound.{u}]
'ContinuousAt.add' depends on axioms: [propext, Classical.choice.{u}, Quot.sound.{u}]
'continuousAt_const' depends on axioms: [propext, Quot.sound.{u}]
'ContinuousAt.eventually_lt' depends on axioms: [propext, Classical.choice.{u}, Quot.sound.{u}]
'Filter.Tendsto.eventually_lt' depends on axioms: [propext, Classical.choice.{u}, Quot.sound.{u}]
'Filter.eventually_all' depends on axioms: [propext, Classical.choice.{u}, Quot.sound.{u}]
'Filter.Eventually.of_forall' does not depend on any axioms
'Filter.Eventually.mono' does not depend on any axioms
'le_of_lt' does not depend on any axioms
'congrArg' does not depend on any axioms
'Fin.sum_univ_two' depends on axioms: [propext, Classical.choice.{u}, Quot.sound.{u}]
'List.length' does not depend on any axioms
'List.foldl' does not depend on any axioms
'List.countP' does not depend on any axioms
'List.countP.go' does not depend on any axioms
'List.all' does not depend on any axioms
'Nat.div' does not depend on any axioms
'Nat.mod' does not depend on any axioms
def Transformer.ConvexRecall.simplexOn.{u_1} : {ι : Type u_1} →
  [Fintype.{u_1} ι] → Set.{u_1} ι → Set.{u_1} (ι → Real) :=
fun {ι} [Fintype.{u_1} ι] allowed =>
  @Set.ofPred.{u_1} (ι → Real) fun a =>
    And
      (∀ (j : ι),
        @LE.le.{0} Real Real.instLE (@OfNat.ofNat.{0} Real (nat_lit 0) (@Zero.toOfNat0.{0} Real Real.instZero)) (a j))
      (And (@Eq.{1} Real (∑ j, a j) (@OfNat.ofNat.{0} Real (nat_lit 1) (@One.toOfNat1.{0} Real Real.instOne)))
        (∀ j ∉ allowed, @Eq.{1} Real (a j) (@OfNat.ofNat.{0} Real (nat_lit 0) (@Zero.toOfNat0.{0} Real Real.instZero))))
def Transformer.ConvexRecall.routingObjective.{u_1} : {ι : Type u_1} →
  [Fintype.{u_1} ι] → (ι → Real) → (ι → Real) → Real :=
fun {ι} [Fintype.{u_1} ι] cost a =>
  @HAdd.hAdd.{0, 0, 0} Real Real Real (@instHAdd.{0} Real Real.instAdd)
    (@HDiv.hDiv.{0, 0, 0} Real Real Real (@instHDiv.{0} Real (@DivInvMonoid.toDiv.{0} Real Real.instDivInvMonoid))
      (∑ j,
        @HPow.hPow.{0, 0, 0} Real Nat Real
          (@instHPow.{0, 0} Real Nat (@NPow.toPow.{0} Real (@Monoid.toNPow.{0} Real Real.instMonoid))) (a j)
          (@OfNat.ofNat.{0} Nat (nat_lit 2) (instOfNatNat (nat_lit 2))))
      (@OfNat.ofNat.{0} Real (nat_lit 4)
        (@instOfNatAtLeastTwo.{0} Real (nat_lit 4) Real.instNatCast
          Transformer.ConvexRecall.routingObjective._proof_1)))
    (∑ j, @HMul.hMul.{0, 0, 0} Real Real Real (@instHMul.{0} Real Real.instMul) (a j) (cost j))
def Transformer.GPTMini.Convex.sparseWeights : {T : Nat} → (Fin T → Real) → Fin T → Fin T → Real :=
fun {T} scores i =>
  @Classical.choose.{1} (Fin T → Real)
    (fun x =>
      And
        (@Membership.mem.{0, 0} (Fin T → Real) (Set.{0} (Fin T → Real)) (@Set.instMembership.{0} (Fin T → Real))
          (@Transformer.ConvexRecall.simplexOn.{0} (Fin T) (Fin.fintype T)
            (@Set.ofPred.{0} (Fin T) fun j => @LE.le.{0} (Fin T) (@instLEFin T) j i))
          x)
        (∀ (b : Fin T → Real),
          @Membership.mem.{0, 0} (Fin T → Real) (Set.{0} (Fin T → Real)) (@Set.instMembership.{0} (Fin T → Real))
              (@Transformer.ConvexRecall.simplexOn.{0} (Fin T) (Fin.fintype T)
                (@Set.ofPred.{0} (Fin T) fun j => @LE.le.{0} (Fin T) (@instLEFin T) j i))
              b →
            @LE.le.{0} Real Real.instLE
              (@Transformer.ConvexRecall.routingObjective.{0} (Fin T) (Fin.fintype T)
                (fun j =>
                  @HDiv.hDiv.{0, 0, 0} Real Real Real
                    (@instHDiv.{0} Real (@DivInvMonoid.toDiv.{0} Real Real.instDivInvMonoid))
                    (@Neg.neg.{0} Real Real.instNeg (scores j))
                    (@OfNat.ofNat.{0} Real (nat_lit 2)
                      (@instOfNatAtLeastTwo.{0} Real (nat_lit 2) Real.instNatCast
                        Transformer.GPTMini.Convex.sparseWeights._proof_1)))
                x)
              (@Transformer.ConvexRecall.routingObjective.{0} (Fin T) (Fin.fintype T)
                (fun j =>
                  @HDiv.hDiv.{0, 0, 0} Real Real Real
                    (@instHDiv.{0} Real (@DivInvMonoid.toDiv.{0} Real Real.instDivInvMonoid))
                    (@Neg.neg.{0} Real Real.instNeg (scores j))
                    (@OfNat.ofNat.{0} Real (nat_lit 2)
                      (@instOfNatAtLeastTwo.{0} Real (nat_lit 2) Real.instNatCast
                        Transformer.GPTMini.Convex.sparseWeights._proof_1)))
                b)))
    ⋯
theorem Transformer.GPTMini.Convex.sparseWeights_spec : ∀ {T : Nat} (scores : Fin T → Real) (i : Fin T),
  And
    (@Membership.mem.{0, 0} (Fin T → Real) (Set.{0} (Fin T → Real)) (@Set.instMembership.{0} (Fin T → Real))
      (@Transformer.ConvexRecall.simplexOn.{0} (Fin T) (Fin.fintype T)
        (@Set.ofPred.{0} (Fin T) fun j => @LE.le.{0} (Fin T) (@instLEFin T) j i))
      (@Transformer.GPTMini.Convex.sparseWeights T scores i))
    (∀ (b : Fin T → Real),
      @Membership.mem.{0, 0} (Fin T → Real) (Set.{0} (Fin T → Real)) (@Set.instMembership.{0} (Fin T → Real))
          (@Transformer.ConvexRecall.simplexOn.{0} (Fin T) (Fin.fintype T)
            (@Set.ofPred.{0} (Fin T) fun j => @LE.le.{0} (Fin T) (@instLEFin T) j i))
          b →
        @LE.le.{0} Real Real.instLE
          (@Transformer.ConvexRecall.routingObjective.{0} (Fin T) (Fin.fintype T)
            (fun j =>
              @HDiv.hDiv.{0, 0, 0} Real Real Real
                (@instHDiv.{0} Real (@DivInvMonoid.toDiv.{0} Real Real.instDivInvMonoid))
                (@Neg.neg.{0} Real Real.instNeg (scores j))
                (@OfNat.ofNat.{0} Real (nat_lit 2) (@instOfNatAtLeastTwo.{0} Real (nat_lit 2) Real.instNatCast ⋯)))
            (@Transformer.GPTMini.Convex.sparseWeights T scores i))
          (@Transformer.ConvexRecall.routingObjective.{0} (Fin T) (Fin.fintype T)
            (fun j =>
              @HDiv.hDiv.{0, 0, 0} Real Real Real
                (@instHDiv.{0} Real (@DivInvMonoid.toDiv.{0} Real Real.instDivInvMonoid))
                (@Neg.neg.{0} Real Real.instNeg (scores j))
                (@OfNat.ofNat.{0} Real (nat_lit 2) (@instOfNatAtLeastTwo.{0} Real (nat_lit 2) Real.instNatCast ⋯)))
            b)) :=
fun {T} scores i =>
  @Classical.choose_spec.{1} (Fin T → Real)
    (fun x =>
      And
        (@Membership.mem.{0, 0} (Fin T → Real) (Set.{0} (Fin T → Real)) (@Set.instMembership.{0} (Fin T → Real))
          (@Transformer.ConvexRecall.simplexOn.{0} (Fin T) (Fin.fintype T)
            (@Set.ofPred.{0} (Fin T) fun j => @LE.le.{0} (Fin T) (@instLEFin T) j i))
          x)
        (∀ (b : Fin T → Real),
          @Membership.mem.{0, 0} (Fin T → Real) (Set.{0} (Fin T → Real)) (@Set.instMembership.{0} (Fin T → Real))
              (@Transformer.ConvexRecall.simplexOn.{0} (Fin T) (Fin.fintype T)
                (@Set.ofPred.{0} (Fin T) fun j => @LE.le.{0} (Fin T) (@instLEFin T) j i))
              b →
            @LE.le.{0} Real Real.instLE
              (@Transformer.ConvexRecall.routingObjective.{0} (Fin T) (Fin.fintype T)
                (fun j =>
                  @HDiv.hDiv.{0, 0, 0} Real Real Real
                    (@instHDiv.{0} Real (@DivInvMonoid.toDiv.{0} Real Real.instDivInvMonoid))
                    (@Neg.neg.{0} Real Real.instNeg (scores j))
                    (@OfNat.ofNat.{0} Real (nat_lit 2)
                      (@instOfNatAtLeastTwo.{0} Real (nat_lit 2) Real.instNatCast
                        (@Nat.instAtLeastTwoHAddOfNat (@OfNat.ofNat.{0} Nat (nat_lit 1) (instOfNatNat (nat_lit 1)))
                          (@Nat.instNeZeroSucc (@OfNat.ofNat.{0} Nat (nat_lit 0) (instOfNatNat (nat_lit 0))))))))
                x)
              (@Transformer.ConvexRecall.routingObjective.{0} (Fin T) (Fin.fintype T)
                (fun j =>
                  @HDiv.hDiv.{0, 0, 0} Real Real Real
                    (@instHDiv.{0} Real (@DivInvMonoid.toDiv.{0} Real Real.instDivInvMonoid))
                    (@Neg.neg.{0} Real Real.instNeg (scores j))
                    (@OfNat.ofNat.{0} Real (nat_lit 2)
                      (@instOfNatAtLeastTwo.{0} Real (nat_lit 2) Real.instNatCast
                        (@Nat.instAtLeastTwoHAddOfNat (@OfNat.ofNat.{0} Nat (nat_lit 1) (instOfNatNat (nat_lit 1)))
                          (@Nat.instNeZeroSucc (@OfNat.ofNat.{0} Nat (nat_lit 0) (instOfNatNat (nat_lit 0))))))))
                b)))
    (@ExistsUnique.exists.{1} (Fin T → Real)
      (fun a =>
        And
          (@Membership.mem.{0, 0} (Fin T → Real) (Set.{0} (Fin T → Real)) (@Set.instMembership.{0} (Fin T → Real))
            (@Transformer.ConvexRecall.simplexOn.{0} (Fin T) (Fin.fintype T)
              (@Set.ofPred.{0} (Fin T) fun j => @LE.le.{0} (Fin T) (@instLEFin T) j i))
            a)
          (∀ (b : Fin T → Real),
            @Membership.mem.{0, 0} (Fin T → Real) (Set.{0} (Fin T → Real)) (@Set.instMembership.{0} (Fin T → Real))
                (@Transformer.ConvexRecall.simplexOn.{0} (Fin T) (Fin.fintype T)
                  (@Set.ofPred.{0} (Fin T) fun j => @LE.le.{0} (Fin T) (@instLEFin T) j i))
                b →
              @LE.le.{0} Real Real.instLE
                (@Transformer.ConvexRecall.routingObjective.{0} (Fin T) (Fin.fintype T)
                  (fun j =>
                    @HDiv.hDiv.{0, 0, 0} Real Real Real
                      (@instHDiv.{0} Real (@DivInvMonoid.toDiv.{0} Real Real.instDivInvMonoid))
                      (@Neg.neg.{0} Real Real.instNeg (scores j))
                      (@OfNat.ofNat.{0} Real (nat_lit 2)
                        (@instOfNatAtLeastTwo.{0} Real (nat_lit 2) Real.instNatCast
                          (@Nat.instAtLeastTwoHAddOfNat (@OfNat.ofNat.{0} Nat (nat_lit 1) (instOfNatNat (nat_lit 1)))
                            (@Nat.instNeZeroSucc (@OfNat.ofNat.{0} Nat (nat_lit 0) (instOfNatNat (nat_lit 0))))))))
                  a)
                (@Transformer.ConvexRecall.routingObjective.{0} (Fin T) (Fin.fintype T)
                  (fun j =>
                    @HDiv.hDiv.{0, 0, 0} Real Real Real
                      (@instHDiv.{0} Real (@DivInvMonoid.toDiv.{0} Real Real.instDivInvMonoid))
                      (@Neg.neg.{0} Real Real.instNeg (scores j))
                      (@OfNat.ofNat.{0} Real (nat_lit 2)
                        (@instOfNatAtLeastTwo.{0} Real (nat_lit 2) Real.instNatCast
                          (@Nat.instAtLeastTwoHAddOfNat (@OfNat.ofNat.{0} Nat (nat_lit 1) (instOfNatNat (nat_lit 1)))
                            (@Nat.instNeZeroSucc (@OfNat.ofNat.{0} Nat (nat_lit 0) (instOfNatNat (nat_lit 0))))))))
                  b)))
      (@Transformer.GPTMini.Convex.routing_minimum_unique.{0} (Fin T) (Fin.fintype T)
        (@Set.ofPred.{0} (Fin T) fun j => @LE.le.{0} (Fin T) (@instLEFin T) j i) i
        (@id.{0}
          (@Membership.mem.{0, 0} (Fin T) (Set.{0} (Fin T)) (@Set.instMembership.{0} (Fin T))
            (@Set.ofPred.{0} (Fin T) fun j => @LE.le.{0} (Fin T) (@instLEFin T) j i) i)
          (@le_rfl.{0} (Fin T) (@PartialOrder.toPreorder.{0} (Fin T) (@Fin.instPartialOrder T)) i))
        fun j =>
        @HDiv.hDiv.{0, 0, 0} Real Real Real (@instHDiv.{0} Real (@DivInvMonoid.toDiv.{0} Real Real.instDivInvMonoid))
          (@Neg.neg.{0} Real Real.instNeg (scores j))
          (@OfNat.ofNat.{0} Real (nat_lit 2)
            (@instOfNatAtLeastTwo.{0} Real (nat_lit 2) Real.instNatCast
              (@Nat.instAtLeastTwoHAddOfNat (@OfNat.ofNat.{0} Nat (nat_lit 1) (instOfNatNat (nat_lit 1)))
                (@Nat.instNeZeroSucc (@OfNat.ofNat.{0} Nat (nat_lit 0) (instOfNatNat (nat_lit 0)))))))))
theorem Transformer.ConvexRecall.routing_minimizer_unique.{u_1} : ∀ {ι : Type u_1} [inst : Fintype.{u_1} ι]
  (allowed : Set.{u_1} ι) (cost : ι → Real) (winner : ι),
  (∀ (j : ι),
      @Membership.mem.{u_1, u_1} ι (Set.{u_1} ι) (@Set.instMembership.{u_1} ι) allowed j →
        @Ne.{u_1 + 1} ι j winner →
          @LE.le.{0} Real Real.instLE
            (@HAdd.hAdd.{0, 0, 0} Real Real Real (@instHAdd.{0} Real Real.instAdd) (cost winner)
              (@HDiv.hDiv.{0, 0, 0} Real Real Real
                (@instHDiv.{0} Real (@DivInvMonoid.toDiv.{0} Real Real.instDivInvMonoid))
                (@OfNat.ofNat.{0} Real (nat_lit 1) (@One.toOfNat1.{0} Real Real.instOne))
                (@OfNat.ofNat.{0} Real (nat_lit 2) (@instOfNatAtLeastTwo.{0} Real (nat_lit 2) Real.instNatCast ⋯))))
            (cost j)) →
    ∀ (a : ι → Real),
      @Membership.mem.{u_1, u_1} (ι → Real) (Set.{u_1} (ι → Real)) (@Set.instMembership.{u_1} (ι → Real))
          (@Transformer.ConvexRecall.simplexOn.{u_1} ι inst allowed) a →
        @LE.le.{0} Real Real.instLE (@Transformer.ConvexRecall.routingObjective.{u_1} ι inst cost a)
            (@Transformer.ConvexRecall.routingObjective.{u_1} ι inst cost
              (@Transformer.ConvexRecall.basis.{u_1} ι winner)) →
          @Eq.{u_1 + 1} (ι → Real) a (@Transformer.ConvexRecall.basis.{u_1} ι winner) :=
fun {ι} [inst : ⋯] allowed cost winner hgap a ha hmin =>
  have h := @Transformer.ConvexRecall.routing_error_bound.{u_1} ι inst allowed cost winner hgap a ha;
  have hn := fun x =>
    @sq_nonneg.{0} Real Real.semiring Real.linearOrder
      (@StarOrderedRing.toExistsAddOfLE.{0} Real
        (@NonUnitalCommSemiring.toNonUnitalSemiring.{0} Real
          (@NonUnitalCommRing.toNonUnitalCommSemiring.{0} Real (@CommRing.toNonUnitalCommRing.{0} Real Real.commRing)))
        Real.partialOrder instStarRingReal Real.instStarOrderedRing)
      (@IsOrderedRing.toPosMulMono.{0} Real Real.semiring Real.partialOrder Real.instIsOrderedRing)
      (@IsOrderedAddMonoid.toAddLeftMono.{0} Real Real.instAddCommMonoid Real.instPreorder Real.instIsOrderedAddMonoid)
      (@HSub.hSub.{0, 0, 0} Real Real Real (@instHSub.{0} Real Real.instSub) (a x)
        (@Transformer.ConvexRecall.basis.{u_1} ι winner x));
  have hz :=
    have hs :=
      @Finset.sum_nonneg.{u_1, 0} ι Real Real.instAddCommMonoid Real.instPreorder
        (fun j =>
          @HPow.hPow.{0, 0, 0} Real Nat Real
            (@instHPow.{0, 0} Real Nat (@NPow.toPow.{0} Real (@Monoid.toNPow.{0} Real Real.instMonoid)))
            (@HSub.hSub.{0, 0, 0} Real Real Real (@instHSub.{0} Real Real.instSub) (a j)
              (@Transformer.ConvexRecall.basis.{u_1} ι winner j))
            (@OfNat.ofNat.{0} Nat (nat_lit 2) (instOfNatNat (nat_lit 2))))
        (@Finset.univ.{u_1} ι inst)
        (@IsOrderedAddMonoid.toAddLeftMono.{0} Real Real.instAddCommMonoid Real.instPreorder
          Real.instIsOrderedAddMonoid)
        fun j x => hn j;
    @Mathlib.Tactic.Linarith.eq_of_not_lt_of_not_gt.{0} Real Real.linearOrder
      (∑ j,
        @HPow.hPow.{0, 0, 0} Real Nat Real
          (@instHPow.{0, 0} Real Nat (@NPow.toPow.{0} Real (@Monoid.toNPow.{0} Real Real.instMonoid)))
          (@HSub.hSub.{0, 0, 0} Real Real Real (@instHSub.{0} Real Real.instSub) (a j)
            (@Transformer.ConvexRecall.basis.{u_1} ι winner j))
          (@OfNat.ofNat.{0} Nat (nat_lit 2) (instOfNatNat (nat_lit 2))))
      (@OfNat.ofNat.{0} Real (nat_lit 0) (@Zero.toOfNat0.{0} Real Real.instZero))
      (@Not.intro
        (@LT.lt.{0} Real
          (@Preorder.toLT.{0} Real
            (@PartialOrder.toPreorder.{0} Real
              (@SemilatticeInf.toPartialOrder.{0} Real
                (@Lattice.toSemilatticeInf.{0} Real
                  (@DistribLattice.toLattice.{0} Real (@instDistribLatticeOfLinearOrder.{0} Real Real.linearOrder))))))
          (∑ j,
            @HPow.hPow.{0, 0, 0} Real Nat Real
              (@instHPow.{0, 0} Real Nat (@NPow.toPow.{0} Real (@Monoid.toNPow.{0} Real Real.instMonoid)))
              (@HSub.hSub.{0, 0, 0} Real Real Real (@instHSub.{0} Real Real.instSub) (a j)
                (@Transformer.ConvexRecall.basis.{u_1} ι winner j))
              (@OfNat.ofNat.{0} Nat (nat_lit 2) (instOfNatNat (nat_lit 2))))
          (@OfNat.ofNat.{0} Real (nat_lit 0) (@Zero.toOfNat0.{0} Real Real.instZero)))
        fun a_1 =>
        @Mathlib.Tactic.Linarith.lt_irrefl.{0} Real Real.instPreorder
          (@OfNat.ofNat.{0} Real (nat_lit 0) (@Zero.toOfNat0.{0} Real Real.instZero))
          (@Eq.mp.{0}
            (@LT.lt.{0} Real (@Preorder.toLT.{0} Real (@PartialOrder.toPreorder.{0} Real Real.partialOrder))
              (@HAdd.hAdd.{0, 0, 0} Real Real Real
                (@instHAdd.{0} Real
                  (@AddSemigroup.toAdd.{0} Real (@AddMonoid.toAddSemigroup.{0} Real Real.instAddMonoid)))
                (@HSub.hSub.{0, 0, 0} Real Real Real
                  (@instHSub.{0} Real
                    (@SubNegMonoid.toSub.{0} Real
                      (@AddGroup.toSubNegMonoid.{0} Real
                        (@AddGroupWithOne.toAddGroup.{0} Real (@Ring.toAddGroupWithOne.{0} Real Real.instRing)))))
                  (@OfNat.ofNat.{0} Real (nat_lit 0)
                    (@Zero.toOfNat0.{0} Real
                      (@AddZero.toZero.{0} Real
                        (@AddZeroClass.toAddZero.{0} Real
                          (@AddMonoid.toAddZeroClass.{0} Real
                            (@AddCommMonoid.toAddMonoid.{0} Real Real.instAddCommMonoid))))))
                  (∑ i,
                    @HPow.hPow.{0, 0, 0} Real Nat Real
                      (@instHPow.{0, 0} Real Nat (@NPow.toPow.{0} Real (@Monoid.toNPow.{0} Real Real.instMonoid)))
                      (@HSub.hSub.{0, 0, 0} Real Real Real (@instHSub.{0} Real Real.instSub) (a i)
                        (@Transformer.ConvexRecall.basis.{u_1} ι winner i))
                      (@OfNat.ofNat.{0} Nat (nat_lit 2) (instOfNatNat (nat_lit 2)))))
                (@HSub.hSub.{0, 0, 0} Real Real Real
                  (@instHSub.{0} Real
                    (@SubNegMonoid.toSub.{0} Real
                      (@AddGroup.toSubNegMonoid.{0} Real
                        (@AddGroupWithOne.toAddGroup.{0} Real (@Ring.toAddGroupWithOne.{0} Real Real.instRing)))))
                  (∑ j,
                    @HPow.hPow.{0, 0, 0} Real Nat Real
                      (@instHPow.{0, 0} Real Nat (@NPow.toPow.{0} Real (@Monoid.toNPow.{0} Real Real.instMonoid)))
                      (@HSub.hSub.{0, 0, 0} Real Real Real (@instHSub.{0} Real Real.instSub) (a j)
                        (@Transformer.ConvexRecall.basis.{u_1} ι winner j))
                      (@OfNat.ofNat.{0} Nat (nat_lit 2) (instOfNatNat (nat_lit 2))))
                  (@OfNat.ofNat.{0} Real (nat_lit 0) (@Zero.toOfNat0.{0} Real Real.instZero))))
              (@OfNat.ofNat.{0} Real (nat_lit 0)
                (@Zero.toOfNat0.{0} Real
                  (@MulZeroClass.toZero.{0} Real
                    (@instMulZeroClassOfSemiring.{0} Real (@Ring.toSemiring.{0} Real Real.instRing))))))
            (@LT.lt.{0} Real (@Preorder.toLT.{0} Real (@PartialOrder.toPreorder.{0} Real Real.partialOrder))
              (@OfNat.ofNat.{0} Real (nat_lit 0) (@Zero.toOfNat0.{0} Real Real.instZero))
              (@OfNat.ofNat.{0} Real (nat_lit 0)
                (@Zero.toOfNat0.{0} Real
                  (@MulZeroClass.toZero.{0} Real
                    (@instMulZeroClassOfSemiring.{0} Real (@Ring.toSemiring.{0} Real Real.instRing))))))
            (@congrArg.{1, 1} Real Prop
              (@HAdd.hAdd.{0, 0, 0} Real Real Real
                (@instHAdd.{0} Real
                  (@AddSemigroup.toAdd.{0} Real (@AddMonoid.toAddSemigroup.{0} Real Real.instAddMonoid)))
                (@HSub.hSub.{0, 0, 0} Real Real Real
                  (@instHSub.{0} Real
                    (@SubNegMonoid.toSub.{0} Real
                      (@AddGroup.toSubNegMonoid.{0} Real
                        (@AddGroupWithOne.toAddGroup.{0} Real (@Ring.toAddGroupWithOne.{0} Real Real.instRing)))))
                  (@OfNat.ofNat.{0} Real (nat_lit 0)
                    (@Zero.toOfNat0.{0} Real
                      (@AddZero.toZero.{0} Real
                        (@AddZeroClass.toAddZero.{0} Real
                          (@AddMonoid.toAddZeroClass.{0} Real
                            (@AddCommMonoid.toAddMonoid.{0} Real Real.instAddCommMonoid))))))
                  (∑ i,
                    @HPow.hPow.{0, 0, 0} Real Nat Real
                      (@instHPow.{0, 0} Real Nat (@NPow.toPow.{0} Real (@Monoid.toNPow.{0} Real Real.instMonoid)))
                      (@HSub.hSub.{0, 0, 0} Real Real Real (@instHSub.{0} Real Real.instSub) (a i)
                        (@Transformer.ConvexRecall.basis.{u_1} ι winner i))
                      (@OfNat.ofNat.{0} Nat (nat_lit 2) (instOfNatNat (nat_lit 2)))))
                (@HSub.hSub.{0, 0, 0} Real Real Real
                  (@instHSub.{0} Real
                    (@SubNegMonoid.toSub.{0} Real
                      (@AddGroup.toSubNegMonoid.{0} Real
                        (@AddGroupWithOne.toAddGroup.{0} Real (@Ring.toAddGroupWithOne.{0} Real Real.instRing)))))
                  (∑ j,
                    @HPow.hPow.{0, 0, 0} Real Nat Real
                      (@instHPow.{0, 0} Real Nat (@NPow.toPow.{0} Real (@Monoid.toNPow.{0} Real Real.instMonoid)))
                      (@HSub.hSub.{0, 0, 0} Real Real Real (@instHSub.{0} Real Real.instSub) (a j)
                        (@Transformer.ConvexRecall.basis.{u_1} ι winner j))
                      (@OfNat.ofNat.{0} Nat (nat_lit 2) (instOfNatNat (nat_lit 2))))
                  (@OfNat.ofNat.{0} Real (nat_lit 0) (@Zero.toOfNat0.{0} Real Real.instZero))))
              (@OfNat.ofNat.{0} Real (nat_lit 0) (@Zero.toOfNat0.{0} Real Real.instZero))
              (fun _a =>
                @LT.lt.{0} Real (@Preorder.toLT.{0} Real (@PartialOrder.toPreorder.{0} Real Real.partialOrder)) _a
                  (@OfNat.ofNat.{0} Real (nat_lit 0)
                    (@Zero.toOfNat0.{0} Real
                      (@MulZeroClass.toZero.{0} Real
                        (@instMulZeroClassOfSemiring.{0} Real (@Ring.toSemiring.{0} Real Real.instRing))))))
              (@Mathlib.Tactic.Ring.of_eq.{1} Real
                (@HAdd.hAdd.{0, 0, 0} Real Real Real
                  (@instHAdd.{0} Real
                    (@AddSemigroup.toAdd.{0} Real (@AddMonoid.toAddSemigroup.{0} Real Real.instAddMonoid)))
                  (@HSub.hSub.{0, 0, 0} Real Real Real
                    (@instHSub.{0} Real
                      (@SubNegMonoid.toSub.{0} Real
                        (@AddGroup.toSubNegMonoid.{0} Real
                          (@AddGroupWithOne.toAddGroup.{0} Real (@Ring.toAddGroupWithOne.{0} Real Real.instRing)))))
                    (@OfNat.ofNat.{0} Real (nat_lit 0)
                      (@Zero.toOfNat0.{0} Real
                        (@AddZero.toZero.{0} Real
                          (@AddZeroClass.toAddZero.{0} Real
                            (@AddMonoid.toAddZeroClass.{0} Real
                              (@AddCommMonoid.toAddMonoid.{0} Real Real.instAddCommMonoid))))))
                    (∑ i,
                      @HPow.hPow.{0, 0, 0} Real Nat Real
                        (@instHPow.{0, 0} Real Nat (@NPow.toPow.{0} Real (@Monoid.toNPow.{0} Real Real.instMonoid)))
                        (@HSub.hSub.{0, 0, 0} Real Real Real (@instHSub.{0} Real Real.instSub) (a i)
                          (@Transformer.ConvexRecall.basis.{u_1} ι winner i))
                        (@OfNat.ofNat.{0} Nat (nat_lit 2) (instOfNatNat (nat_lit 2)))))
                  (@HSub.hSub.{0, 0, 0} Real Real Real
                    (@instHSub.{0} Real
                      (@SubNegMonoid.toSub.{0} Real
                        (@AddGroup.toSubNegMonoid.{0} Real
                          (@AddGroupWithOne.toAddGroup.{0} Real (@Ring.toAddGroupWithOne.{0} Real Real.instRing)))))
                    (∑ j,
                      @HPow.hPow.{0, 0, 0} Real Nat Real
                        (@instHPow.{0, 0} Real Nat (@NPow.toPow.{0} Real (@Monoid.toNPow.{0} Real Real.instMonoid)))
                        (@HSub.hSub.{0, 0, 0} Real Real Real (@instHSub.{0} Real Real.instSub) (a j)
                          (@Transformer.ConvexRecall.basis.{u_1} ι winner j))
                        (@OfNat.ofNat.{0} Nat (nat_lit 2) (instOfNatNat (nat_lit 2))))
                    (@OfNat.ofNat.{0} Real (nat_lit 0) (@Zero.toOfNat0.{0} Real Real.instZero))))
                (@OfNat.ofNat.{0} Real (nat_lit 0) (@Zero.toOfNat0.{0} Real Real.instZero))
                (@OfNat.ofNat.{0} Real (nat_lit 0)
                  (@Zero.toOfNat0.{0} Real
                    (@MulZeroClass.toZero.{0} Real
                      (@instMulZeroClassOfSemiring.{0} Real
                        (@CommSemiring.toSemiring.{0} Real Real.instCommSemiring)))))
                (@Mathlib.Tactic.Ring.Common.add_congr.{0} Real Real.instCommSemiring
                  (@HSub.hSub.{0, 0, 0} Real Real Real
                    (@instHSub.{0} Real
                      (@SubNegMonoid.toSub.{0} Real
                        (@AddGroup.toSubNegMonoid.{0} Real
                          (@AddGroupWithOne.toAddGroup.{0} Real (@Ring.toAddGroupWithOne.{0} Real Real.instRing)))))
                    (@OfNat.ofNat.{0} Real (nat_lit 0)
                      (@Zero.toOfNat0.{0} Real
                        (@AddZero.toZero.{0} Real
                          (@AddZeroClass.toAddZero.{0} Real
                            (@AddMonoid.toAddZeroClass.{0} Real
                              (@AddCommMonoid.toAddMonoid.{0} Real Real.instAddCommMonoid))))))
                    (∑ i,
                      @HPow.hPow.{0, 0, 0} Real Nat Real
                        (@instHPow.{0, 0} Real Nat (@NPow.toPow.{0} Real (@Monoid.toNPow.{0} Real Real.instMonoid)))
                        (@HSub.hSub.{0, 0, 0} Real Real Real (@instHSub.{0} Real Real.instSub) (a i)
                          (@Transformer.ConvexRecall.basis.{u_1} ι winner i))
                        (@OfNat.ofNat.{0} Nat (nat_lit 2) (instOfNatNat (nat_lit 2)))))
                  (@HAdd.hAdd.{0, 0, 0} Real Real Real
                    (@instHAdd.{0} Real
                      (@Distrib.toAdd.{0} Real
                        (@instDistribOfSemiring.{0} Real (@CommSemiring.toSemiring.{0} Real Real.instCommSemiring))))
                    (@HMul.hMul.{0, 0, 0} Real Real Real
                      (@instHMul.{0} Real
                        (@Distrib.toMul.{0} Real
                          (@instDistribOfSemiring.{0} Real (@CommSemiring.toSemiring.{0} Real Real.instCommSemiring))))
                      (@HPow.hPow.{0, 0, 0} Real Nat Real
                        (@instHPow.{0, 0} Real Nat
                          (@NPow.toPow.{0} Real
                            (@Monoid.toNPow.{0} Real
                              (@Semiring.toMonoid.{0} Real (@CommSemiring.toSemiring.{0} Real Real.instCommSemiring)))))
                        (∑ i,
                          @HPow.hPow.{0, 0, 0} Real Nat Real
                            (@instHPow.{0, 0} Real Nat (@NPow.toPow.{0} Real (@Monoid.toNPow.{0} Real Real.instMonoid)))
                            (@HSub.hSub.{0, 0, 0} Real Real Real (@instHSub.{0} Real Real.instSub) (a i)
                              (@Transformer.ConvexRecall.basis.{u_1} ι winner i))
                            (@OfNat.ofNat.{0} Nat (nat_lit 2) (instOfNatNat (nat_lit 2))))
                        (@Nat.rawCast.{0} Nat
                          (@AddCommMonoidWithOne.toAddMonoidWithOne.{0} Nat
                            (@NonAssocSemiring.toAddCommMonoidWithOne.{0} Nat
                              (@Semiring.toNonAssocSemiring.{0} Nat
                                (@CommSemiring.toSemiring.{0} Nat Nat.instCommSemiring))))
                          (nat_lit 1)))
                      (@Int.rawCast.{0} Real
                        (@inferInstance.{1} (Ring.{0} Real) (@CommRing.toRing.{0} Real Real.commRing))
                        (Int.negOfNat (nat_lit 1))))
                    (@OfNat.ofNat.{0} Real (nat_lit 0)
                      (@Zero.toOfNat0.{0} Real
                        (@MulZeroClass.toZero.{0} Real
                          (@instMulZeroClassOfSemiring.{0} Real
                            (@CommSemiring.toSemiring.{0} Real Real.instCommSemiring))))))
                  (@HSub.hSub.{0, 0, 0} Real Real Real
                    (@instHSub.{0} Real
                      (@SubNegMonoid.toSub.{0} Real
                        (@AddGroup.toSubNegMonoid.{0} Real
                          (@AddGroupWithOne.toAddGroup.{0} Real (@Ring.toAddGroupWithOne.{0} Real Real.instRing)))))
                    (∑ j,
                      @HPow.hPow.{0, 0, 0} Real Nat Real
                        (@instHPow.{0, 0} Real Nat (@NPow.toPow.{0} Real (@Monoid.toNPow.{0} Real Real.instMonoid)))
                        (@HSub.hSub.{0, 0, 0} Real Real Real (@instHSub.{0} Real Real.instSub) (a j)
                          (@Transformer.ConvexRecall.basis.{u_1} ι winner j))
                        (@OfNat.ofNat.{0} Nat (nat_lit 2) (instOfNatNat (nat_lit 2))))
                    (@OfNat.ofNat.{0} Real (nat_lit 0) (@Zero.toOfNat0.{0} Real Real.instZero)))
                  (@HAdd.hAdd.{0, 0, 0} Real Real Real
                    (@instHAdd.{0} Real
                      (@Distrib.toAdd.{0} Real
                        (@instDistribOfSemiring.{0} Real (@CommSemiring.toSemiring.{0} Real Real.instCommSemiring))))
                    (@HMul.hMul.{0, 0, 0} Real Real Real
                      (@instHMul.{0} Real
                        (@Distrib.toMul.{0} Real
                          (@instDistribOfSemiring.{0} Real (@CommSemiring.toSemiring.{0} Real Real.instCommSemiring))))
                      (@HPow.hPow.{0, 0, 0} Real Nat Real
                        (@instHPow.{0, 0} Real Nat
                          (@NPow.toPow.{0} Real
                            (@Monoid.toNPow.{0} Real
                              (@Semiring.toMonoid.{0} Real (@CommSemiring.toSemiring.{0} Real Real.instCommSemiring)))))
                        (∑ i,
                          @HPow.hPow.{0, 0, 0} Real Nat Real
                            (@instHPow.{0, 0} Real Nat (@NPow.toPow.{0} Real (@Monoid.toNPow.{0} Real Real.instMonoid)))
                            (@HSub.hSub.{0, 0, 0} Real Real Real (@instHSub.{0} Real Real.instSub) (a i)
                              (@Transformer.ConvexRecall.basis.{u_1} ι winner i))
                            (@OfNat.ofNat.{0} Nat (nat_lit 2) (instOfNatNat (nat_lit 2))))
                        (@Nat.rawCast.{0} Nat
                          (@AddCommMonoidWithOne.toAddMonoidWithOne.{0} Nat
                            (@NonAssocSemiring.toAddCommMonoidWithOne.{0} Nat
                              (@Semiring.toNonAssocSemiring.{0} Nat
                                (@CommSemiring.toSemiring.{0} Nat Nat.instCommSemiring))))
                          (nat_lit 1)))
                      (@Nat.rawCast.{0} Real
                        (@AddCommMonoidWithOne.toAddMonoidWithOne.{0} Real
                          (@NonAssocSemiring.toAddCommMonoidWithOne.{0} Real
                            (@Semiring.toNonAssocSemiring.{0} Real
                              (@CommSemiring.toSemiring.{0} Real Real.instCommSemiring))))
                        (nat_lit 1)))
                    (@OfNat.ofNat.{0} Real (nat_lit 0)
                      (@Zero.toOfNat0.{0} Real
                        (@MulZeroClass.toZero.{0} Real
                          (@instMulZeroClassOfSemiring.{0} Real
                            (@CommSemiring.toSemiring.{0} Real Real.instCommSemiring))))))
                  (@OfNat.ofNat.{0} Real (nat_lit 0)
                    (@Zero.toOfNat0.{0} Real
                      (@MulZeroClass.toZero.{0} Real
                        (@instMulZeroClassOfSemiring.{0} Real
                          (@CommSemiring.toSemiring.{0} Real Real.instCommSemiring)))))
                  (@Mathlib.Tactic.Ring.Common.sub_congr.{0} Real Real.commRing
                    (@OfNat.ofNat.{0} Real (nat_lit 0)
                      (@Zero.toOfNat0.{0} Real
                        (@AddZero.toZero.{0} Real
                          (@AddZeroClass.toAddZero.{0} Real
                            (@AddMonoid.toAddZeroClass.{0} Real
                              (@AddCommMonoid.toAddMonoid.{0} Real Real.instAddCommMonoid))))))
                    (@OfNat.ofNat.{0} Real (nat_lit 0)
                      (@Zero.toOfNat0.{0} Real
                        (@MulZeroClass.toZero.{0} Real
                          (@instMulZeroClassOfSemiring.{0} Real
                            (@CommSemiring.toSemiring.{0} Real Real.instCommSemiring)))))
                    (∑ i,
                      @HPow.hPow.{0, 0, 0} Real Nat Real
                        (@instHPow.{0, 0} Real Nat (@NPow.toPow.{0} Real (@Monoid.toNPow.{0} Real Real.instMonoid)))
                        (@HSub.hSub.{0, 0, 0} Real Real Real (@instHSub.{0} Real Real.instSub) (a i)
                          (@Transformer.ConvexRecall.basis.{u_1} ι winner i))
                        (@OfNat.ofNat.{0} Nat (nat_lit 2) (instOfNatNat (nat_lit 2))))
                    (@HAdd.hAdd.{0, 0, 0} Real Real Real
                      (@instHAdd.{0} Real
                        (@Distrib.toAdd.{0} Real
                          (@instDistribOfSemiring.{0} Real (@CommSemiring.toSemiring.{0} Real Real.instCommSemiring))))
                      (@HMul.hMul.{0, 0, 0} Real Real Real
                        (@instHMul.{0} Real
                          (@Distrib.toMul.{0} Real
                            (@instDistribOfSemiring.{0} Real
                              (@CommSemiring.toSemiring.{0} Real Real.instCommSemiring))))
                        (@HPow.hPow.{0, 0, 0} Real Nat Real
                          (@instHPow.{0, 0} Real Nat
                            (@NPow.toPow.{0} Real
                              (@Monoid.toNPow.{0} Real
                                (@Semiring.toMonoid.{0} Real
                                  (@CommSemiring.toSemiring.{0} Real Real.instCommSemiring)))))
                          (∑ i,
                            @HPow.hPow.{0, 0, 0} Real Nat Real
                              (@instHPow.{0, 0} Real Nat
                                (@NPow.toPow.{0} Real (@Monoid.toNPow.{0} Real Real.instMonoid)))
                              (@HSub.hSub.{0, 0, 0} Real Real Real (@instHSub.{0} Real Real.instSub) (a i)
                                (@Transformer.ConvexRecall.basis.{u_1} ι winner i))
                              (@OfNat.ofNat.{0} Nat (nat_lit 2) (instOfNatNat (nat_lit 2))))
                          (@Nat.rawCast.{0} Nat
                            (@AddCommMonoidWithOne.toAddMonoidWithOne.{0} Nat
                              (@NonAssocSemiring.toAddCommMonoidWithOne.{0} Nat
                                (@Semiring.toNonAssocSemiring.{0} Nat
                                  (@CommSemiring.toSemiring.{0} Nat Nat.instCommSemiring))))
                            (nat_lit 1)))
                        (@Nat.rawCast.{0} Real
                          (@AddCommMonoidWithOne.toAddMonoidWithOne.{0} Real
                            (@NonAssocSemiring.toAddCommMonoidWithOne.{0} Real
                              (@Semiring.toNonAssocSemiring.{0} Real
                                (@CommSemiring.toSemiring.{0} Real Real.instCommSemiring))))
                          (nat_lit 1)))
                      (@OfNat.ofNat.{0} Real (nat_lit 0)
                        (@Zero.toOfNat0.{0} Real
                          (@MulZeroClass.toZero.{0} Real
                            (@instMulZeroClassOfSemiring.{0} Real
                              (@CommSemiring.toSemiring.{0} Real Real.instCommSemiring))))))
                    (@HAdd.hAdd.{0, 0, 0} Real Real Real
                      (@instHAdd.{0} Real
                        (@Distrib.toAdd.{0} Real
                          (@instDistribOfSemiring.{0} Real (@CommSemiring.toSemiring.{0} Real Real.instCommSemiring))))
                      (@HMul.hMul.{0, 0, 0} Real Real Real
                        (@instHMul.{0} Real
                          (@Distrib.toMul.{0} Real
                            (@instDistribOfSemiring.{0} Real
                              (@CommSemiring.toSemiring.{0} Real Real.instCommSemiring))))
                        (@HPow.hPow.{0, 0, 0} Real Nat Real
                          (@instHPow.{0, 0} Real Nat
                            (@NPow.toPow.{0} Real
                              (@Monoid.toNPow.{0} Real
                                (@Semiring.toMonoid.{0} Real
                                  (@CommSemiring.toSemiring.{0} Real Real.instCommSemiring)))))
                          (∑ i,
                            @HPow.hPow.{0, 0, 0} Real Nat Real
                              (@instHPow.{0, 0} Real Nat
                                (@NPow.toPow.{0} Real (@Monoid.toNPow.{0} Real Real.instMonoid)))
                              (@HSub.hSub.{0, 0, 0} Real Real Real (@instHSub.{0} Real Real.instSub) (a i)
                                (@Transformer.ConvexRecall.basis.{u_1} ι winner i))
                              (@OfNat.ofNat.{0} Nat (nat_lit 2) (instOfNatNat (nat_lit 2))))
                          (@Nat.rawCast.{0} Nat
                            (@AddCommMonoidWithOne.toAddMonoidWithOne.{0} Nat
                              (@NonAssocSemiring.toAddCommMonoidWithOne.{0} Nat
                                (@Semiring.toNonAssocSemiring.{0} Nat
                                  (@CommSemiring.toSemiring.{0} Nat Nat.instCommSemiring))))
                            (nat_lit 1)))
                        (@Int.rawCast.{0} Real
                          (@inferInstance.{1} (Ring.{0} Real) (@CommRing.toRing.{0} Real Real.commRing))
                          (Int.negOfNat (nat_lit 1))))
                      (@OfNat.ofNat.{0} Real (nat_lit 0)
                        (@Zero.toOfNat0.{0} Real
                          (@MulZeroClass.toZero.{0} Real
                            (@instMulZeroClassOfSemiring.{0} Real
                              (@CommSemiring.toSemiring.{0} Real Real.instCommSemiring))))))
                    (@Mathlib.Tactic.Ring.cast_zero.{0} Real Real.instCommSemiring
                      (@OfNat.ofNat.{0} Real (nat_lit 0)
                        (@Zero.toOfNat0.{0} Real
                          (@AddZero.toZero.{0} Real
                            (@AddZeroClass.toAddZero.{0} Real
                              (@AddMonoid.toAddZeroClass.{0} Real
                                (@AddCommMonoid.toAddMonoid.{0} Real Real.instAddCommMonoid))))))
                      (@Mathlib.Meta.NormNum.isNat_ofNat.{0} Real
                        (@AddGroupWithOne.toAddMonoidWithOne.{0} Real (@Ring.toAddGroupWithOne.{0} Real Real.instRing))
                        (@OfNat.ofNat.{0} Real (nat_lit 0)
                          (@Zero.toOfNat0.{0} Real
                            (@AddZero.toZero.{0} Real
                              (@AddZeroClass.toAddZero.{0} Real
                                (@AddMonoid.toAddZeroClass.{0} Real
                                  (@AddCommMonoid.toAddMonoid.{0} Real Real.instAddCommMonoid))))))
                        (nat_lit 0)
                        (@Nat.cast_zero.{0} Real
                          (@AddGroupWithOne.toAddMonoidWithOne.{0} Real
                            (@Ring.toAddGroupWithOne.{0} Real Real.instRing)))))
                    (@Mathlib.Tactic.Ring.Common.atom_pf.{0} Real Real.instCommSemiring
                      (@HMul.hMul.{0, 0, 0} Real Real Real
                        (@instHMul.{0} Real
                          (@Distrib.toMul.{0} Real
                            (@instDistribOfSemiring.{0} Real
                              (@CommSemiring.toSemiring.{0} Real Real.instCommSemiring))))
                        (@HPow.hPow.{0, 0, 0} Real Nat Real
                          (@instHPow.{0, 0} Real Nat
                            (@NPow.toPow.{0} Real
                              (@Monoid.toNPow.{0} Real
                                (@Semiring.toMonoid.{0} Real
                                  (@CommSemiring.toSemiring.{0} Real Real.instCommSemiring)))))
                          (∑ i,
                            @HPow.hPow.{0, 0, 0} Real Nat Real
                              (@instHPow.{0, 0} Real Nat
                                (@NPow.toPow.{0} Real (@Monoid.toNPow.{0} Real Real.instMonoid)))
                              (@HSub.hSub.{0, 0, 0} Real Real Real (@instHSub.{0} Real Real.instSub) (a i)
                                (@Transformer.ConvexRecall.basis.{u_1} ι winner i))
                              (@OfNat.ofNat.{0} Nat (nat_lit 2) (instOfNatNat (nat_lit 2))))
                          (@Nat.rawCast.{0} Nat
                            (@AddCommMonoidWithOne.toAddMonoidWithOne.{0} Nat
                              (@NonAssocSemiring.toAddCommMonoidWithOne.{0} Nat
                                (@Semiring.toNonAssocSemiring.{0} Nat
                                  (@CommSemiring.toSemiring.{0} Nat Nat.instCommSemiring))))
                            (nat_lit 1)))
                        (@Nat.rawCast.{0} Real
                          (@AddCommMonoidWithOne.toAddMonoidWithOne.{0} Real
                            (@NonAssocSemiring.toAddCommMonoidWithOne.{0} Real
                              (@Semiring.toNonAssocSemiring.{0} Real
                                (@CommSemiring.toSemiring.{0} Real Real.instCommSemiring))))
                          (nat_lit 1)))
                      (∑ i,
                        @HPow.hPow.{0, 0, 0} Real Nat Real
                          (@instHPow.{0, 0} Real Nat (@NPow.toPow.{0} Real (@Monoid.toNPow.{0} Real Real.instMonoid)))
                          (@HSub.hSub.{0, 0, 0} Real Real Real (@instHSub.{0} Real Real.instSub) (a i)
                            (@Transformer.ConvexRecall.basis.{u_1} ι winner i))
                          (@OfNat.ofNat.{0} Nat (nat_lit 2) (instOfNatNat (nat_lit 2))))
                      (@Nat.rawCast.{0} Nat
                        (@AddCommMonoidWithOne.toAddMonoidWithOne.{0} Nat
                          (@NonAssocSemiring.toAddCommMonoidWithOne.{0} Nat
                            (@Semiring.toNonAssocSemiring.{0} Nat
                              (@CommSemiring.toSemiring.{0} Nat Nat.instCommSemiring))))
                        (nat_lit 1))
                      (@rfl.{1} Nat
                        (@Nat.rawCast.{0} Nat
                          (@AddCommMonoidWithOne.toAddMonoidWithOne.{0} Nat
                            (@NonAssocSemiring.toAddCommMonoidWithOne.{0} Nat
                              (@Semiring.toNonAssocSemiring.{0} Nat
                                (@CommSemiring.toSemiring.{0} Nat Nat.instCommSemiring))))
                          (nat_lit 1)))
                      (@Eq.mpr.{0}
                        (@Eq.{1} Real
                          (@HMul.hMul.{0, 0, 0} Real Real Real
                            (@instHMul.{0} Real
                              (@Distrib.toMul.{0} Real
                                (@instDistribOfSemiring.{0} Real
                                  (@CommSemiring.toSemiring.{0} Real Real.instCommSemiring))))
                            (@HPow.hPow.{0, 0, 0} Real Nat Real
                              (@instHPow.{0, 0} Real Nat
                                (@NPow.toPow.{0} Real
                                  (@Monoid.toNPow.{0} Real
                                    (@Semiring.toMonoid.{0} Real
                                      (@CommSemiring.toSemiring.{0} Real Real.instCommSemiring)))))
                              (∑ i,
                                @HPow.hPow.{0, 0, 0} Real Nat Real
                                  (@instHPow.{0, 0} Real Nat
                                    (@NPow.toPow.{0} Real (@Monoid.toNPow.{0} Real Real.instMonoid)))
                                  (@HSub.hSub.{0, 0, 0} Real Real Real (@instHSub.{0} Real Real.instSub) (a i)
                                    (@Transformer.ConvexRecall.basis.{u_1} ι winner i))
                                  (@OfNat.ofNat.{0} Nat (nat_lit 2) (instOfNatNat (nat_lit 2))))
                              (@Nat.rawCast.{0} Nat
                                (@AddCommMonoidWithOne.toAddMonoidWithOne.{0} Nat
                                  (@NonAssocSemiring.toAddCommMonoidWithOne.{0} Nat
                                    (@Semiring.toNonAssocSemiring.{0} Nat
                                      (@CommSemiring.toSemiring.{0} Nat Nat.instCommSemiring))))
                                (nat_lit 1)))
                            (@Nat.rawCast.{0} Real
                              (@AddCommMonoidWithOne.toAddMonoidWithOne.{0} Real
                                (@NonAssocSemiring.toAddCommMonoidWithOne.{0} Real
                                  (@Semiring.toNonAssocSemiring.{0} Real
                                    (@CommSemiring.toSemiring.{0} Real Real.instCommSemiring))))
                              (nat_lit 1)))
                          (@HMul.hMul.{0, 0, 0} Real Real Real
                            (@instHMul.{0} Real
                              (@Distrib.toMul.{0} Real
                                (@instDistribOfSemiring.{0} Real
                                  (@CommSemiring.toSemiring.{0} Real Real.instCommSemiring))))
                            (@HPow.hPow.{0, 0, 0} Real Nat Real
                              (@instHPow.{0, 0} Real Nat
                                (@NPow.toPow.{0} Real
                                  (@Monoid.toNPow.{0} Real
                                    (@Semiring.toMonoid.{0} Real
                                      (@CommSemiring.toSemiring.{0} Real Real.instCommSemiring)))))
                              (∑ i,
                                @HPow.hPow.{0, 0, 0} Real Nat Real
                                  (@instHPow.{0, 0} Real Nat
                                    (@NPow.toPow.{0} Real (@Monoid.toNPow.{0} Real Real.instMonoid)))
                                  (@HSub.hSub.{0, 0, 0} Real Real Real (@instHSub.{0} Real Real.instSub) (a i)
                                    (@Transformer.ConvexRecall.basis.{u_1} ι winner i))
                                  (@OfNat.ofNat.{0} Nat (nat_lit 2) (instOfNatNat (nat_lit 2))))
                              (@Nat.rawCast.{0} Nat
                                (@AddCommMonoidWithOne.toAddMonoidWithOne.{0} Nat
                                  (@NonAssocSemiring.toAddCommMonoidWithOne.{0} Nat
                                    (@Semiring.toNonAssocSemiring.{0} Nat
                                      (@CommSemiring.toSemiring.{0} Nat Nat.instCommSemiring))))
                                (nat_lit 1)))
                            (@Nat.rawCast.{0} Real
                              (@AddCommMonoidWithOne.toAddMonoidWithOne.{0} Real
                                (@NonAssocSemiring.toAddCommMonoidWithOne.{0} Real
                                  (@Semiring.toNonAssocSemiring.{0} Real
                                    (@CommSemiring.toSemiring.{0} Real Real.instCommSemiring))))
                              (nat_lit 1))))
                        (@Eq.{1} Real
                          (@HMul.hMul.{0, 0, 0} Real Real Real
                            (@instHMul.{0} Real
                              (@Distrib.toMul.{0} Real
                                (@instDistribOfSemiring.{0} Real
                                  (@CommSemiring.toSemiring.{0} Real Real.instCommSemiring))))
                            (@HPow.hPow.{0, 0, 0} Real Nat Real
                              (@instHPow.{0, 0} Real Nat
                                (@NPow.toPow.{0} Real
                                  (@Monoid.toNPow.{0} Real
                                    (@Semiring.toMonoid.{0} Real
                                      (@CommSemiring.toSemiring.{0} Real Real.instCommSemiring)))))
                              (∑ i,
                                @HPow.hPow.{0, 0, 0} Real Nat Real
                                  (@instHPow.{0, 0} Real Nat
                                    (@NPow.toPow.{0} Real (@Monoid.toNPow.{0} Real Real.instMonoid)))
                                  (@HSub.hSub.{0, 0, 0} Real Real Real (@instHSub.{0} Real Real.instSub) (a i)
                                    (@Transformer.ConvexRecall.basis.{u_1} ι winner i))
                                  (@OfNat.ofNat.{0} Nat (nat_lit 2) (instOfNatNat (nat_lit 2))))
                              (@Nat.rawCast.{0} Nat
                                (@AddCommMonoidWithOne.toAddMonoidWithOne.{0} Nat
                                  (@NonAssocSemiring.toAddCommMonoidWithOne.{0} Nat
                                    (@Semiring.toNonAssocSemiring.{0} Nat
                                      (@CommSemiring.toSemiring.{0} Nat Nat.instCommSemiring))))
                                (nat_lit 1)))
                            (@Nat.rawCast.{0} Real
                              (@AddCommMonoidWithOne.toAddMonoidWithOne.{0} Real
                                (@NonAssocSemiring.toAddCommMonoidWithOne.{0} Real
                                  (@Semiring.toNonAssocSemiring.{0} Real
                                    (@CommSemiring.toSemiring.{0} Real Real.instCommSemiring))))
                              (nat_lit 1)))
                          (@HMul.hMul.{0, 0, 0} Real Real Real
                            (@instHMul.{0} Real
                              (@Distrib.toMul.{0} Real
                                (@instDistribOfSemiring.{0} Real
                                  (@CommSemiring.toSemiring.{0} Real Real.instCommSemiring))))
                            (@HPow.hPow.{0, 0, 0} Real Nat Real
                              (@instHPow.{0, 0} Real Nat
                                (@NPow.toPow.{0} Real
                                  (@Monoid.toNPow.{0} Real
                                    (@Semiring.toMonoid.{0} Real
                                      (@CommSemiring.toSemiring.{0} Real Real.instCommSemiring)))))
                              (∑ i,
                                @HPow.hPow.{0, 0, 0} Real Nat Real
                                  (@instHPow.{0, 0} Real Nat
                                    (@NPow.toPow.{0} Real (@Monoid.toNPow.{0} Real Real.instMonoid)))
                                  (@HSub.hSub.{0, 0, 0} Real Real Real (@instHSub.{0} Real Real.instSub) (a i)
                                    (@Transformer.ConvexRecall.basis.{u_1} ι winner i))
                                  (@OfNat.ofNat.{0} Nat (nat_lit 2) (instOfNatNat (nat_lit 2))))
                              (@Nat.rawCast.{0} Nat
                                (@AddCommMonoidWithOne.toAddMonoidWithOne.{0} Nat
                                  (@NonAssocSemiring.toAddCommMonoidWithOne.{0} Nat
                                    (@Semiring.toNonAssocSemiring.{0} Nat
                                      (@CommSemiring.toSemiring.{0} Nat Nat.instCommSemiring))))
                                (nat_lit 1)))
                            (@Nat.rawCast.{0} Real
                              (@AddCommMonoidWithOne.toAddMonoidWithOne.{0} Real
                                (@NonAssocSemiring.toAddCommMonoidWithOne.{0} Real
                                  (@Semiring.toNonAssocSemiring.{0} Real
                                    (@CommSemiring.toSemiring.{0} Real Real.instCommSemiring))))
                              (nat_lit 1))))
                        (@id.{0}
                          (@Eq.{1} Prop
                            (@Eq.{1} Real
                              (@HMul.hMul.{0, 0, 0} Real Real Real
                                (@instHMul.{0} Real
                                  (@Distrib.toMul.{0} Real
                                    (@instDistribOfSemiring.{0} Real
                                      (@CommSemiring.toSemiring.{0} Real Real.instCommSemiring))))
                                (@HPow.hPow.{0, 0, 0} Real Nat Real
                                  (@instHPow.{0, 0} Real Nat
                                    (@NPow.toPow.{0} Real
                                      (@Monoid.toNPow.{0} Real
                                        (@Semiring.toMonoid.{0} Real
                                          (@CommSemiring.toSemiring.{0} Real Real.instCommSemiring)))))
                                  (∑ i,
                                    @HPow.hPow.{0, 0, 0} Real Nat Real
                                      (@instHPow.{0, 0} Real Nat
                                        (@NPow.toPow.{0} Real (@Monoid.toNPow.{0} Real Real.instMonoid)))
                                      (@HSub.hSub.{0, 0, 0} Real Real Real (@instHSub.{0} Real Real.instSub) (a i)
                                        (@Transformer.ConvexRecall.basis.{u_1} ι winner i))
                                      (@OfNat.ofNat.{0} Nat (nat_lit 2) (instOfNatNat (nat_lit 2))))
                                  (@Nat.rawCast.{0} Nat
                                    (@AddCommMonoidWithOne.toAddMonoidWithOne.{0} Nat
                                      (@NonAssocSemiring.toAddCommMonoidWithOne.{0} Nat
                                        (@Semiring.toNonAssocSemiring.{0} Nat
                                          (@CommSemiring.toSemiring.{0} Nat Nat.instCommSemiring))))
                                    (nat_lit 1)))
                                (@Nat.rawCast.{0} Real
                                  (@AddCommMonoidWithOne.toAddMonoidWithOne.{0} Real
                                    (@NonAssocSemiring.toAddCommMonoidWithOne.{0} Real
                                      (@Semiring.toNonAssocSemiring.{0} Real
                                        (@CommSemiring.toSemiring.{0} Real Real.instCommSemiring))))
                                  (nat_lit 1)))
                              (@HMul.hMul.{0, 0, 0} Real Real Real
                                (@instHMul.{0} Real
                                  (@Distrib.toMul.{0} Real
                                    (@instDistribOfSemiring.{0} Real
                                      (@CommSemiring.toSemiring.{0} Real Real.instCommSemiring))))
                                (@HPow.hPow.{0, 0, 0} Real Nat Real
                                  (@instHPow.{0, 0} Real Nat
                                    (@NPow.toPow.{0} Real
                                      (@Monoid.toNPow.{0} Real
                                        (@Semiring.toMonoid.{0} Real
                                          (@CommSemiring.toSemiring.{0} Real Real.instCommSemiring)))))
                                  (∑ i,
                                    @HPow.hPow.{0, 0, 0} Real Nat Real
                                      (@instHPow.{0, 0} Real Nat
                                        (@NPow.toPow.{0} Real (@Monoid.toNPow.{0} Real Real.instMonoid)))
                                      (@HSub.hSub.{0, 0, 0} Real Real Real (@instHSub.{0} Real Real.instSub) (a i)
                                        (@Transformer.ConvexRecall.basis.{u_1} ι winner i))
                                      (@OfNat.ofNat.{0} Nat (nat_lit 2) (instOfNatNat (nat_lit 2))))
                                  (@Nat.rawCast.{0} Nat
                                    (@AddCommMonoidWithOne.toAddMonoidWithOne.{0} Nat
                                      (@NonAssocSemiring.toAddCommMonoidWithOne.{0} Nat
                                        (@Semiring.toNonAssocSemiring.{0} Nat
                                          (@CommSemiring.toSemiring.{0} Nat Nat.instCommSemiring))))
                                    (nat_lit 1)))
                                (@Nat.rawCast.{0} Real
                                  (@AddCommMonoidWithOne.toAddMonoidWithOne.{0} Real
                                    (@NonAssocSemiring.toAddCommMonoidWithOne.{0} Real
                                      (@Semiring.toNonAssocSemiring.{0} Real
                                        (@CommSemiring.toSemiring.{0} Real Real.instCommSemiring))))
                                  (nat_lit 1))))
                            (@Eq.{1} Real
                              (@HMul.hMul.{0, 0, 0} Real Real Real
                                (@instHMul.{0} Real
                                  (@Distrib.toMul.{0} Real
                                    (@instDistribOfSemiring.{0} Real
                                      (@CommSemiring.toSemiring.{0} Real Real.instCommSemiring))))
                                (@HPow.hPow.{0, 0, 0} Real Nat Real
                                  (@instHPow.{0, 0} Real Nat
                                    (@NPow.toPow.{0} Real
                                      (@Monoid.toNPow.{0} Real
                                        (@Semiring.toMonoid.{0} Real
                                          (@CommSemiring.toSemiring.{0} Real Real.instCommSemiring)))))
                                  (∑ i,
                                    @HPow.hPow.{0, 0, 0} Real Nat Real
                                      (@instHPow.{0, 0} Real Nat
                                        (@NPow.toPow.{0} Real (@Monoid.toNPow.{0} Real Real.instMonoid)))
                                      (@HSub.hSub.{0, 0, 0} Real Real Real (@instHSub.{0} Real Real.instSub) (a i)
                                        (@Transformer.ConvexRecall.basis.{u_1} ι winner i))
                                      (@OfNat.ofNat.{0} Nat (nat_lit 2) (instOfNatNat (nat_lit 2))))
                                  (@Nat.rawCast.{0} Nat
                                    (@AddCommMonoidWithOne.toAddMonoidWithOne.{0} Nat
                                      (@NonAssocSemiring.toAddCommMonoidWithOne.{0} Nat
                                        (@Semiring.toNonAssocSemiring.{0} Nat
                                          (@CommSemiring.toSemiring.{0} Nat Nat.instCommSemiring))))
                                    (nat_lit 1)))
                                (@Nat.rawCast.{0} Real
                                  (@AddCommMonoidWithOne.toAddMonoidWithOne.{0} Real
                                    (@NonAssocSemiring.toAddCommMonoidWithOne.{0} Real
                                      (@Semiring.toNonAssocSemiring.{0} Real
                                        (@CommSemiring.toSemiring.{0} Real Real.instCommSemiring))))
                                  (nat_lit 1)))
                              (@HMul.hMul.{0, 0, 0} Real Real Real
                                (@instHMul.{0} Real
                                  (@Distrib.toMul.{0} Real
                                    (@instDistribOfSemiring.{0} Real
                                      (@CommSemiring.toSemiring.{0} Real Real.instCommSemiring))))
                                (@HPow.hPow.{0, 0, 0} Real Nat Real
                                  (@instHPow.{0, 0} Real Nat
                                    (@NPow.toPow.{0} Real
                                      (@Monoid.toNPow.{0} Real
                                        (@Semiring.toMonoid.{0} Real
                                          (@CommSemiring.toSemiring.{0} Real Real.instCommSemiring)))))
                                  (∑ i,
                                    @HPow.hPow.{0, 0, 0} Real Nat Real
                                      (@instHPow.{0, 0} Real Nat
                                        (@NPow.toPow.{0} Real (@Monoid.toNPow.{0} Real Real.instMonoid)))
                                      (@HSub.hSub.{0, 0, 0} Real Real Real (@instHSub.{0} Real Real.instSub) (a i)
                                        (@Transformer.ConvexRecall.basis.{u_1} ι winner i))
                                      (@OfNat.ofNat.{0} Nat (nat_lit 2) (instOfNatNat (nat_lit 2))))
                                  (@Nat.rawCast.{0} Nat
                                    (@AddCommMonoidWithOne.toAddMonoidWithOne.{0} Nat
                                      (@NonAssocSemiring.toAddCommMonoidWithOne.{0} Nat
                                        (@Semiring.toNonAssocSemiring.{0} Nat
                                          (@CommSemiring.toSemiring.{0} Nat Nat.instCommSemiring))))
                                    (nat_lit 1)))
                                (@Nat.rawCast.{0} Real
                                  (@AddCommMonoidWithOne.toAddMonoidWithOne.{0} Real
                                    (@NonAssocSemiring.toAddCommMonoidWithOne.{0} Real
                                      (@Semiring.toNonAssocSemiring.{0} Real
                                        (@CommSemiring.toSemiring.{0} Real Real.instCommSemiring))))
                                  (nat_lit 1)))))
                          (@congrArg.{1, 1} Real Prop
                            (@Nat.rawCast.{0} Real
                              (@AddCommMonoidWithOne.toAddMonoidWithOne.{0} Real
                                (@NonAssocSemiring.toAddCommMonoidWithOne.{0} Real
                                  (@Semiring.toNonAssocSemiring.{0} Real
                                    (@CommSemiring.toSemiring.{0} Real Real.instCommSemiring))))
                              (nat_lit 1))
                            (@Nat.rawCast.{0} Real
                              (@AddCommMonoidWithOne.toAddMonoidWithOne.{0} Real
                                (@NonAssocSemiring.toAddCommMonoidWithOne.{0} Real
                                  (@Semiring.toNonAssocSemiring.{0} Real
                                    (@CommSemiring.toSemiring.{0} Real Real.instCommSemiring))))
                              (nat_lit 1))
                            (fun _a =>
                              @Eq.{1} Real
                                (@HMul.hMul.{0, 0, 0} Real Real Real
                                  (@instHMul.{0} Real
                                    (@Distrib.toMul.{0} Real
                                      (@instDistribOfSemiring.{0} Real
                                        (@CommSemiring.toSemiring.{0} Real Real.instCommSemiring))))
                                  (@HPow.hPow.{0, 0, 0} Real Nat Real
                                    (@instHPow.{0, 0} Real Nat
                                      (@NPow.toPow.{0} Real
                                        (@Monoid.toNPow.{0} Real
                                          (@Semiring.toMonoid.{0} Real
                                            (@CommSemiring.toSemiring.{0} Real Real.instCommSemiring)))))
                                    (∑ i,
                                      @HPow.hPow.{0, 0, 0} Real Nat Real
                                        (@instHPow.{0, 0} Real Nat
                                          (@NPow.toPow.{0} Real (@Monoid.toNPow.{0} Real Real.instMonoid)))
                                        (@HSub.hSub.{0, 0, 0} Real Real Real (@instHSub.{0} Real Real.instSub) (a i)
                                          (@Transformer.ConvexRecall.basis.{u_1} ι winner i))
                                        (@OfNat.ofNat.{0} Nat (nat_lit 2) (instOfNatNat (nat_lit 2))))
                                    (@Nat.rawCast.{0} Nat
                                      (@AddCommMonoidWithOne.toAddMonoidWithOne.{0} Nat
                                        (@NonAssocSemiring.toAddCommMonoidWithOne.{0} Nat
                                          (@Semiring.toNonAssocSemiring.{0} Nat
                                            (@CommSemiring.toSemiring.{0} Nat Nat.instCommSemiring))))
                                      (nat_lit 1)))
                                  (@Nat.rawCast.{0} Real
                                    (@AddCommMonoidWithOne.toAddMonoidWithOne.{0} Real
                                      (@NonAssocSemiring.toAddCommMonoidWithOne.{0} Real
                                        (@Semiring.toNonAssocSemiring.{0} Real
                                          (@CommSemiring.toSemiring.{0} Real Real.instCommSemiring))))
                                    (nat_lit 1)))
                                (@HMul.hMul.{0, 0, 0} Real Real Real
                                  (@instHMul.{0} Real
                                    (@Distrib.toMul.{0} Real
                                      (@instDistribOfSemiring.{0} Real
                                        (@CommSemiring.toSemiring.{0} Real Real.instCommSemiring))))
                                  (@HPow.hPow.{0, 0, 0} Real Nat Real
                                    (@instHPow.{0, 0} Real Nat
                                      (@NPow.toPow.{0} Real
                                        (@Monoid.toNPow.{0} Real
                                          (@Semiring.toMonoid.{0} Real
                                            (@CommSemiring.toSemiring.{0} Real Real.instCommSemiring)))))
                                    (∑ i,
                                      @HPow.hPow.{0, 0, 0} Real Nat Real
                                        (@instHPow.{0, 0} Real Nat
                                          (@NPow.toPow.{0} Real (@Monoid.toNPow.{0} Real Real.instMonoid)))
                                        (@HSub.hSub.{0, 0, 0} Real Real Real (@instHSub.{0} Real Real.instSub) (a i)
                                          (@Transformer.ConvexRecall.basis.{u_1} ι winner i))
                                        (@OfNat.ofNat.{0} Nat (nat_lit 2) (instOfNatNat (nat_lit 2))))
                                    (@Nat.rawCast.{0} Nat
                                      (@AddCommMonoidWithOne.toAddMonoidWithOne.{0} Nat
                                        (@NonAssocSemiring.toAddCommMonoidWithOne.{0} Nat
                                          (@Semiring.toNonAssocSemiring.{0} Nat
                                            (@CommSemiring.toSemiring.{0} Nat Nat.instCommSemiring))))
                                      (nat_lit 1)))
                                  _a))
                            (@Eq.symm.{1} Real
                              (@Nat.rawCast.{0} Real
                                (@AddCommMonoidWithOne.toAddMonoidWithOne.{0} Real
                                  (@NonAssocSemiring.toAddCommMonoidWithOne.{0} Real
                                    (@Semiring.toNonAssocSemiring.{0} Real
                                      (@CommSemiring.toSemiring.{0} Real Real.instCommSemiring))))
                                (nat_lit 1))
                              (@Nat.rawCast.{0} Real
                                (@AddCommMonoidWithOne.toAddMonoidWithOne.{0} Real
                                  (@NonAssocSemiring.toAddCommMonoidWithOne.{0} Real
                                    (@Semiring.toNonAssocSemiring.{0} Real
                                      (@CommSemiring.toSemiring.{0} Real Real.instCommSemiring))))
                                (nat_lit 1))
                              (@rfl.{1} Real
                                (@Nat.rawCast.{0} Real
                                  (@AddCommMonoidWithOne.toAddMonoidWithOne.{0} Real
                                    (@NonAssocSemiring.toAddCommMonoidWithOne.{0} Real
                                      (@Semiring.toNonAssocSemiring.{0} Real
                                        (@CommSemiring.toSemiring.{0} Real Real.instCommSemiring))))
                                  (nat_lit 1))))))
                        (@Eq.refl.{1} Real
                          (@HMul.hMul.{0, 0, 0} Real Real Real
                            (@instHMul.{0} Real
                              (@Distrib.toMul.{0} Real
                                (@instDistribOfSemiring.{0} Real
                                  (@CommSemiring.toSemiring.{0} Real Real.instCommSemiring))))
                            (@HPow.hPow.{0, 0, 0} Real Nat Real
                              (@instHPow.{0, 0} Real Nat
                                (@NPow.toPow.{0} Real
                                  (@Monoid.toNPow.{0} Real
                                    (@Semiring.toMonoid.{0} Real
                                      (@CommSemiring.toSemiring.{0} Real Real.instCommSemiring)))))
                              (∑ i,
                                @HPow.hPow.{0, 0, 0} Real Nat Real
                                  (@instHPow.{0, 0} Real Nat
                                    (@NPow.toPow.{0} Real (@Monoid.toNPow.{0} Real Real.instMonoid)))
                                  (@HSub.hSub.{0, 0, 0} Real Real Real (@instHSub.{0} Real Real.instSub) (a i)
                                    (@Transformer.ConvexRecall.basis.{u_1} ι winner i))
                                  (@OfNat.ofNat.{0} Nat (nat_lit 2) (instOfNatNat (nat_lit 2))))
                              (@Nat.rawCast.{0} Nat
                                (@AddCommMonoidWithOne.toAddMonoidWithOne.{0} Nat
                                  (@NonAssocSemiring.toAddCommMonoidWithOne.{0} Nat
                                    (@Semiring.toNonAssocSemiring.{0} Nat
                                      (@CommSemiring.toSemiring.{0} Nat Nat.instCommSemiring))))
                                (nat_lit 1)))
                            (@Nat.rawCast.{0} Real
                              (@AddCommMonoidWithOne.toAddMonoidWithOne.{0} Real
                                (@NonAssocSemiring.toAddCommMonoidWithOne.{0} Real
                                  (@Semiring.toNonAssocSemiring.{0} Real
                                    (@CommSemiring.toSemiring.{0} Real Real.instCommSemiring))))
                              (nat_lit 1))))))
                    (@Mathlib.Tactic.Ring.Common.sub_pf.{0} Real Real.commRing
                      (@OfNat.ofNat.{0} Real (nat_lit 0)
                        (@Zero.toOfNat0.{0} Real
                          (@MulZeroClass.toZero.{0} Real
                            (@instMulZeroClassOfSemiring.{0} Real
                              (@CommSemiring.toSemiring.{0} Real Real.instCommSemiring)))))
                      (@HAdd.hAdd.{0, 0, 0} Real Real Real
                        (@instHAdd.{0} Real
                          (@Distrib.toAdd.{0} Real
                            (@instDistribOfSemiring.{0} Real
                              (@CommSemiring.toSemiring.{0} Real Real.instCommSemiring))))
                        (@HMul.hMul.{0, 0, 0} Real Real Real
                          (@instHMul.{0} Real
                            (@Distrib.toMul.{0} Real
                              (@instDistribOfSemiring.{0} Real
                                (@CommSemiring.toSemiring.{0} Real Real.instCommSemiring))))
                          (@HPow.hPow.{0, 0, 0} Real Nat Real
                            (@instHPow.{0, 0} Real Nat
                              (@NPow.toPow.{0} Real
                                (@Monoid.toNPow.{0} Real
                                  (@Semiring.toMonoid.{0} Real
                                    (@CommSemiring.toSemiring.{0} Real Real.instCommSemiring)))))
                            (∑ i,
                              @HPow.hPow.{0, 0, 0} Real Nat Real
                                (@instHPow.{0, 0} Real Nat
                                  (@NPow.toPow.{0} Real (@Monoid.toNPow.{0} Real Real.instMonoid)))
                                (@HSub.hSub.{0, 0, 0} Real Real Real (@instHSub.{0} Real Real.instSub) (a i)
                                  (@Transformer.ConvexRecall.basis.{u_1} ι winner i))
                                (@OfNat.ofNat.{0} Nat (nat_lit 2) (instOfNatNat (nat_lit 2))))
                            (@Nat.rawCast.{0} Nat
                              (@AddCommMonoidWithOne.toAddMonoidWithOne.{0} Nat
                                (@NonAssocSemiring.toAddCommMonoidWithOne.{0} Nat
                                  (@Semiring.toNonAssocSemiring.{0} Nat
                                    (@CommSemiring.toSemiring.{0} Nat Nat.instCommSemiring))))
                              (nat_lit 1)))
                          (@Nat.rawCast.{0} Real
                            (@AddCommMonoidWithOne.toAddMonoidWithOne.{0} Real
                              (@NonAssocSemiring.toAddCommMonoidWithOne.{0} Real
                                (@Semiring.toNonAssocSemiring.{0} Real
                                  (@CommSemiring.toSemiring.{0} Real Real.instCommSemiring))))
                            (nat_lit 1)))
                        (@OfNat.ofNat.{0} Real (nat_lit 0)
                          (@Zero.toOfNat0.{0} Real
                            (@MulZeroClass.toZero.{0} Real
                              (@instMulZeroClassOfSemiring.{0} Real
                                (@CommSemiring.toSemiring.{0} Real Real.instCommSemiring))))))
                      (@HAdd.hAdd.{0, 0, 0} Real Real Real
                        (@instHAdd.{0} Real
                          (@Distrib.toAdd.{0} Real
                            (@instDistribOfSemiring.{0} Real
                              (@CommSemiring.toSemiring.{0} Real Real.instCommSemiring))))
                        (@HMul.hMul.{0, 0, 0} Real Real Real
                          (@instHMul.{0} Real
                            (@Distrib.toMul.{0} Real
                              (@instDistribOfSemiring.{0} Real
                                (@CommSemiring.toSemiring.{0} Real Real.instCommSemiring))))
                          (@HPow.hPow.{0, 0, 0} Real Nat Real
                            (@instHPow.{0, 0} Real Nat
                              (@NPow.toPow.{0} Real
                                (@Monoid.toNPow.{0} Real
                                  (@Semiring.toMonoid.{0} Real
                                    (@CommSemiring.toSemiring.{0} Real Real.instCommSemiring)))))
                            (∑ i,
                              @HPow.hPow.{0, 0, 0} Real Nat Real
                                (@instHPow.{0, 0} Real Nat
                                  (@NPow.toPow.{0} Real (@Monoid.toNPow.{0} Real Real.instMonoid)))
                                (@HSub.hSub.{0, 0, 0} Real Real Real (@instHSub.{0} Real Real.instSub) (a i)
                                  (@Transformer.ConvexRecall.basis.{u_1} ι winner i))
                                (@OfNat.ofNat.{0} Nat (nat_lit 2) (instOfNatNat (nat_lit 2))))
                            (@Nat.rawCast.{0} Nat
                              (@AddCommMonoidWithOne.toAddMonoidWithOne.{0} Nat
                                (@NonAssocSemiring.toAddCommMonoidWithOne.{0} Nat
                                  (@Semiring.toNonAssocSemiring.{0} Nat
                                    (@CommSemiring.toSemiring.{0} Nat Nat.instCommSemiring))))
                              (nat_lit 1)))
                          (@Int.rawCast.{0} Real
                            (@inferInstance.{1} (Ring.{0} Real) (@CommRing.toRing.{0} Real Real.commRing))
                            (Int.negOfNat (nat_lit 1))))
                        (@OfNat.ofNat.{0} Real (nat_lit 0)
                          (@Zero.toOfNat0.{0} Real
                            (@MulZeroClass.toZero.{0} Real
                              (@instMulZeroClassOfSemiring.{0} Real
                                (@CommSemiring.toSemiring.{0} Real Real.instCommSemiring))))))
                      (@HAdd.hAdd.{0, 0, 0} Real Real Real
                        (@instHAdd.{0} Real
                          (@Distrib.toAdd.{0} Real
                            (@instDistribOfSemiring.{0} Real
                              (@CommSemiring.toSemiring.{0} Real Real.instCommSemiring))))
                        (@HMul.hMul.{0, 0, 0} Real Real Real
                          (@instHMul.{0} Real
                            (@Distrib.toMul.{0} Real
                              (@instDistribOfSemiring.{0} Real
                                (@CommSemiring.toSemiring.{0} Real Real.instCommSemiring))))
                          (@HPow.hPow.{0, 0, 0} Real Nat Real
                            (@instHPow.{0, 0} Real Nat
                              (@NPow.toPow.{0} Real
                                (@Monoid.toNPow.{0} Real
                                  (@Semiring.toMonoid.{0} Real
                                    (@CommSemiring.toSemiring.{0} Real Real.instCommSemiring)))))
                            (∑ i,
                              @HPow.hPow.{0, 0, 0} Real Nat Real
                                (@instHPow.{0, 0} Real Nat
                                  (@NPow.toPow.{0} Real (@Monoid.toNPow.{0} Real Real.instMonoid)))
                                (@HSub.hSub.{0, 0, 0} Real Real Real (@instHSub.{0} Real Real.instSub) (a i)
                                  (@Transformer.ConvexRecall.basis.{u_1} ι winner i))
                                (@OfNat.ofNat.{0} Nat (nat_lit 2) (instOfNatNat (nat_lit 2))))
                            (@Nat.rawCast.{0} Nat
                              (@AddCommMonoidWithOne.toAddMonoidWithOne.{0} Nat
                                (@NonAssocSemiring.toAddCommMonoidWithOne.{0} Nat
                                  (@Semiring.toNonAssocSemiring.{0} Nat
                                    (@CommSemiring.toSemiring.{0} Nat Nat.instCommSemiring))))
                              (nat_lit 1)))
                          (@Int.rawCast.{0} Real
                            (@inferInstance.{1} (Ring.{0} Real) (@CommRing.toRing.{0} Real Real.commRing))
                            (Int.negOfNat (nat_lit 1))))
                        (@OfNat.ofNat.{0} Real (nat_lit 0)
                          (@Zero.toOfNat0.{0} Real
                            (@MulZeroClass.toZero.{0} Real
                              (@instMulZeroClassOfSemiring.{0} Real
                                (@CommSemiring.toSemiring.{0} Real Real.instCommSemiring))))))
                      (@Mathlib.Tactic.Ring.Common.neg_add.{0} Real Real.commRing
                        (@HMul.hMul.{0, 0, 0} Real Real Real
                          (@instHMul.{0} Real
                            (@Distrib.toMul.{0} Real
                              (@instDistribOfSemiring.{0} Real
                                (@CommSemiring.toSemiring.{0} Real Real.instCommSemiring))))
                          (@HPow.hPow.{0, 0, 0} Real Nat Real
                            (@instHPow.{0, 0} Real Nat
                              (@NPow.toPow.{0} Real
                                (@Monoid.toNPow.{0} Real
                                  (@Semiring.toMonoid.{0} Real
                                    (@CommSemiring.toSemiring.{0} Real Real.instCommSemiring)))))
                            (∑ i,
                              @HPow.hPow.{0, 0, 0} Real Nat Real
                                (@instHPow.{0, 0} Real Nat
                                  (@NPow.toPow.{0} Real (@Monoid.toNPow.{0} Real Real.instMonoid)))
                                (@HSub.hSub.{0, 0, 0} Real Real Real (@instHSub.{0} Real Real.instSub) (a i)
                                  (@Transformer.ConvexRecall.basis.{u_1} ι winner i))
                                (@OfNat.ofNat.{0} Nat (nat_lit 2) (instOfNatNat (nat_lit 2))))
                            (@Nat.rawCast.{0} Nat
                              (@AddCommMonoidWithOne.toAddMonoidWithOne.{0} Nat
                                (@NonAssocSemiring.toAddCommMonoidWithOne.{0} Nat
                                  (@Semiring.toNonAssocSemiring.{0} Nat
                                    (@CommSemiring.toSemiring.{0} Nat Nat.instCommSemiring))))
                              (nat_lit 1)))
                          (@Nat.rawCast.{0} Real
                            (@AddCommMonoidWithOne.toAddMonoidWithOne.{0} Real
                              (@NonAssocSemiring.toAddCommMonoidWithOne.{0} Real
                                (@Semiring.toNonAssocSemiring.{0} Real
                                  (@CommSemiring.toSemiring.{0} Real Real.instCommSemiring))))
                            (nat_lit 1)))
                        (@OfNat.ofNat.{0} Real (nat_lit 0)
                          (@Zero.toOfNat0.{0} Real
                            (@MulZeroClass.toZero.{0} Real
                              (@instMulZeroClassOfSemiring.{0} Real
                                (@CommSemiring.toSemiring.{0} Real Real.instCommSemiring)))))
                        (@HMul.hMul.{0, 0, 0} Real Real Real
                          (@instHMul.{0} Real
                            (@Distrib.toMul.{0} Real
                              (@instDistribOfSemiring.{0} Real
                                (@CommSemiring.toSemiring.{0} Real Real.instCommSemiring))))
                          (@HPow.hPow.{0, 0, 0} Real Nat Real
                            (@instHPow.{0, 0} Real Nat
                              (@NPow.toPow.{0} Real
                                (@Monoid.toNPow.{0} Real
                                  (@Semiring.toMonoid.{0} Real
                                    (@CommSemiring.toSemiring.{0} Real Real.instCommSemiring)))))
                            (∑ i,
                              @HPow.hPow.{0, 0, 0} Real Nat Real
                                (@instHPow.{0, 0} Real Nat
                                  (@NPow.toPow.{0} Real (@Monoid.toNPow.{0} Real Real.instMonoid)))
                                (@HSub.hSub.{0, 0, 0} Real Real Real (@instHSub.{0} Real Real.instSub) (a i)
                                  (@Transformer.ConvexRecall.basis.{u_1} ι winner i))
                                (@OfNat.ofNat.{0} Nat (nat_lit 2) (instOfNatNat (nat_lit 2))))
                            (@Nat.rawCast.{0} Nat
                              (@AddCommMonoidWithOne.toAddMonoidWithOne.{0} Nat
                                (@NonAssocSemiring.toAddCommMonoidWithOne.{0} Nat
                                  (@Semiring.toNonAssocSemiring.{0} Nat
                                    (@CommSemiring.toSemiring.{0} Nat Nat.instCommSemiring))))
                              (nat_lit 1)))
                          (@Int.rawCast.{0} Real
                            (@inferInstance.{1} (Ring.{0} Real) (@CommRing.toRing.{0} Real Real.commRing))
                            (Int.negOfNat (nat_lit 1))))
                        (@OfNat.ofNat.{0} Real (nat_lit 0)
                          (@Zero.toOfNat0.{0} Real
                            (@MulZeroClass.toZero.{0} Real
                              (@instMulZeroClassOfSemiring.{0} Real
                                (@CommSemiring.toSemiring.{0} Real Real.instCommSemiring)))))
                        (@Mathlib.Tactic.Ring.Common.neg_mul.{0} Real Real.commRing
                          (∑ i,
                            @HPow.hPow.{0, 0, 0} Real Nat Real
                              (@instHPow.{0, 0} Real Nat
                                (@NPow.toPow.{0} Real (@Monoid.toNPow.{0} Real Real.instMonoid)))
                              (@HSub.hSub.{0, 0, 0} Real Real Real (@instHSub.{0} Real Real.instSub) (a i)
                                (@Transformer.ConvexRecall.basis.{u_1} ι winner i))
                              (@OfNat.ofNat.{0} Nat (nat_lit 2) (instOfNatNat (nat_lit 2))))
                          (@Nat.rawCast.{0} Nat
                            (@AddCommMonoidWithOne.toAddMonoidWithOne.{0} Nat
                              (@NonAssocSemiring.toAddCommMonoidWithOne.{0} Nat
                                (@Semiring.toNonAssocSemiring.{0} Nat
                                  (@CommSemiring.toSemiring.{0} Nat Nat.instCommSemiring))))
                            (nat_lit 1))
                          (@Nat.rawCast.{0} Real
                            (@AddCommMonoidWithOne.toAddMonoidWithOne.{0} Real
                              (@NonAssocSemiring.toAddCommMonoidWithOne.{0} Real
                                (@Semiring.toNonAssocSemiring.{0} Real
                                  (@CommSemiring.toSemiring.{0} Real Real.instCommSemiring))))
                            (nat_lit 1))
                          (@Int.rawCast.{0} Real
                            (@inferInstance.{1} (Ring.{0} Real) (@CommRing.toRing.{0} Real Real.commRing))
                            (Int.negOfNat (nat_lit 1)))
                          (@Mathlib.Meta.NormNum.IsInt.to_raw_eq.{0} Real
                            (@Neg.neg.{0} Real
                              (@NegZeroClass.toNeg.{0} Real
                                (@SubNegZeroMonoid.toNegZeroClass.{0} Real
                                  (@SubtractionMonoid.toSubNegZeroMonoid.{0} Real
                                    (@SubtractionCommMonoid.toSubtractionMonoid.{0} Real
                                      (@AddCommGroup.toDivisionAddCommMonoid.{0} Real
                                        (@Ring.toAddCommGroup.{0} Real
                                          (@inferInstance.{1} (Ring.{0} Real)
                                            (@CommRing.toRing.{0} Real Real.commRing))))))))
                              (@Nat.rawCast.{0} Real
                                (@AddCommMonoidWithOne.toAddMonoidWithOne.{0} Real
                                  (@NonAssocSemiring.toAddCommMonoidWithOne.{0} Real
                                    (@Semiring.toNonAssocSemiring.{0} Real
                                      (@CommSemiring.toSemiring.{0} Real Real.instCommSemiring))))
                                (nat_lit 1)))
                            (Int.negOfNat (nat_lit 1))
                            (@inferInstance.{1} (Ring.{0} Real) (@CommRing.toRing.{0} Real Real.commRing))
                            (@Mathlib.Meta.NormNum.isInt_neg.{0} Real
                              (@inferInstance.{1} (Ring.{0} Real) (@CommRing.toRing.{0} Real Real.commRing))
                              (@Neg.neg.{0} Real
                                (@NegZeroClass.toNeg.{0} Real
                                  (@SubNegZeroMonoid.toNegZeroClass.{0} Real
                                    (@SubtractionMonoid.toSubNegZeroMonoid.{0} Real
                                      (@SubtractionCommMonoid.toSubtractionMonoid.{0} Real
                                        (@AddCommGroup.toDivisionAddCommMonoid.{0} Real
                                          (@Ring.toAddCommGroup.{0} Real
                                            (@inferInstance.{1} (Ring.{0} Real)
                                              (@CommRing.toRing.{0} Real Real.commRing)))))))))
                              (@Nat.rawCast.{0} Real
                                (@AddCommMonoidWithOne.toAddMonoidWithOne.{0} Real
                                  (@NonAssocSemiring.toAddCommMonoidWithOne.{0} Real
                                    (@Semiring.toNonAssocSemiring.{0} Real
                                      (@CommSemiring.toSemiring.{0} Real Real.instCommSemiring))))
                                (nat_lit 1))
                              (Int.ofNat (nat_lit 1)) (Int.negOfNat (nat_lit 1))
                              (@Eq.refl.{1} (Real → Real)
                                (@Neg.neg.{0} Real
                                  (@NegZeroClass.toNeg.{0} Real
                                    (@SubNegZeroMonoid.toNegZeroClass.{0} Real
                                      (@SubtractionMonoid.toSubNegZeroMonoid.{0} Real
                                        (@SubtractionCommMonoid.toSubtractionMonoid.{0} Real
                                          (@AddCommGroup.toDivisionAddCommMonoid.{0} Real
                                            (@Ring.toAddCommGroup.{0} Real
                                              (@inferInstance.{1} (Ring.{0} Real)
                                                (@CommRing.toRing.{0} Real Real.commRing))))))))))
                              (@Mathlib.Meta.NormNum.IsNat.to_isInt.{0} Real
                                (@inferInstance.{1} (Ring.{0} Real) (@CommRing.toRing.{0} Real Real.commRing))
                                (@Nat.rawCast.{0} Real
                                  (@AddCommMonoidWithOne.toAddMonoidWithOne.{0} Real
                                    (@NonAssocSemiring.toAddCommMonoidWithOne.{0} Real
                                      (@Semiring.toNonAssocSemiring.{0} Real
                                        (@CommSemiring.toSemiring.{0} Real Real.instCommSemiring))))
                                  (nat_lit 1))
                                (nat_lit 1)
                                (@Mathlib.Meta.NormNum.IsNat.of_raw.{0} Real
                                  (@AddCommMonoidWithOne.toAddMonoidWithOne.{0} Real
                                    (@NonAssocSemiring.toAddCommMonoidWithOne.{0} Real
                                      (@Semiring.toNonAssocSemiring.{0} Real
                                        (@CommSemiring.toSemiring.{0} Real Real.instCommSemiring))))
                                  (nat_lit 1)))
                              (@Eq.refl.{1} Int (Int.negOfNat (nat_lit 1))))))
                        (@Mathlib.Tactic.Ring.Common.neg_zero.{0} Real Real.commRing))
                      (@Mathlib.Tactic.Ring.Common.add_pf_zero_add.{0} Real Real.instCommSemiring
                        (@HAdd.hAdd.{0, 0, 0} Real Real Real
                          (@instHAdd.{0} Real
                            (@Distrib.toAdd.{0} Real
                              (@instDistribOfSemiring.{0} Real
                                (@CommSemiring.toSemiring.{0} Real Real.instCommSemiring))))
                          (@HMul.hMul.{0, 0, 0} Real Real Real
                            (@instHMul.{0} Real
                              (@Distrib.toMul.{0} Real
                                (@instDistribOfSemiring.{0} Real
                                  (@CommSemiring.toSemiring.{0} Real Real.instCommSemiring))))
                            (@HPow.hPow.{0, 0, 0} Real Nat Real
                              (@instHPow.{0, 0} Real Nat
                                (@NPow.toPow.{0} Real
                                  (@Monoid.toNPow.{0} Real
                                    (@Semiring.toMonoid.{0} Real
                                      (@CommSemiring.toSemiring.{0} Real Real.instCommSemiring)))))
                              (∑ i,
                                @HPow.hPow.{0, 0, 0} Real Nat Real
                                  (@instHPow.{0, 0} Real Nat
                                    (@NPow.toPow.{0} Real (@Monoid.toNPow.{0} Real Real.instMonoid)))
                                  (@HSub.hSub.{0, 0, 0} Real Real Real (@instHSub.{0} Real Real.instSub) (a i)
                                    (@Transformer.ConvexRecall.basis.{u_1} ι winner i))
                                  (@OfNat.ofNat.{0} Nat (nat_lit 2) (instOfNatNat (nat_lit 2))))
                              (@Nat.rawCast.{0} Nat
                                (@AddCommMonoidWithOne.toAddMonoidWithOne.{0} Nat
                                  (@NonAssocSemiring.toAddCommMonoidWithOne.{0} Nat
                                    (@Semiring.toNonAssocSemiring.{0} Nat
                                      (@CommSemiring.toSemiring.{0} Nat Nat.instCommSemiring))))
                                (nat_lit 1)))
                            (@Int.rawCast.{0} Real
                              (@inferInstance.{1} (Ring.{0} Real) (@CommRing.toRing.{0} Real Real.commRing))
                              (Int.negOfNat (nat_lit 1))))
                          (@OfNat.ofNat.{0} Real (nat_lit 0)
                            (@Zero.toOfNat0.{0} Real
                              (@MulZeroClass.toZero.{0} Real
                                (@instMulZeroClassOfSemiring.{0} Real
                                  (@CommSemiring.toSemiring.{0} Real Real.instCommSemiring)))))))))
                  (@Mathlib.Tactic.Ring.Common.sub_congr.{0} Real Real.commRing
                    (∑ j,
                      @HPow.hPow.{0, 0, 0} Real Nat Real
                        (@instHPow.{0, 0} Real Nat (@NPow.toPow.{0} Real (@Monoid.toNPow.{0} Real Real.instMonoid)))
                        (@HSub.hSub.{0, 0, 0} Real Real Real (@instHSub.{0} Real Real.instSub) (a j)
                          (@Transformer.ConvexRecall.basis.{u_1} ι winner j))
                        (@OfNat.ofNat.{0} Nat (nat_lit 2) (instOfNatNat (nat_lit 2))))
                    (@HAdd.hAdd.{0, 0, 0} Real Real Real
                      (@instHAdd.{0} Real
                        (@Distrib.toAdd.{0} Real
                          (@instDistribOfSemiring.{0} Real (@CommSemiring.toSemiring.{0} Real Real.instCommSemiring))))
                      (@HMul.hMul.{0, 0, 0} Real Real Real
                        (@instHMul.{0} Real
                          (@Distrib.toMul.{0} Real
                            (@instDistribOfSemiring.{0} Real
                              (@CommSemiring.toSemiring.{0} Real Real.instCommSemiring))))
                        (@HPow.hPow.{0, 0, 0} Real Nat Real
                          (@instHPow.{0, 0} Real Nat
                            (@NPow.toPow.{0} Real
                              (@Monoid.toNPow.{0} Real
                                (@Semiring.toMonoid.{0} Real
                                  (@CommSemiring.toSemiring.{0} Real Real.instCommSemiring)))))
                          (∑ i,
                            @HPow.hPow.{0, 0, 0} Real Nat Real
                              (@instHPow.{0, 0} Real Nat
                                (@NPow.toPow.{0} Real (@Monoid.toNPow.{0} Real Real.instMonoid)))
                              (@HSub.hSub.{0, 0, 0} Real Real Real (@instHSub.{0} Real Real.instSub) (a i)
                                (@Transformer.ConvexRecall.basis.{u_1} ι winner i))
                              (@OfNat.ofNat.{0} Nat (nat_lit 2) (instOfNatNat (nat_lit 2))))
                          (@Nat.rawCast.{0} Nat
                            (@AddCommMonoidWithOne.toAddMonoidWithOne.{0} Nat
                              (@NonAssocSemiring.toAddCommMonoidWithOne.{0} Nat
                                (@Semiring.toNonAssocSemiring.{0} Nat
                                  (@CommSemiring.toSemiring.{0} Nat Nat.instCommSemiring))))
                            (nat_lit 1)))
                        (@Nat.rawCast.{0} Real
                          (@AddCommMonoidWithOne.toAddMonoidWithOne.{0} Real
                            (@NonAssocSemiring.toAddCommMonoidWithOne.{0} Real
                              (@Semiring.toNonAssocSemiring.{0} Real
                                (@CommSemiring.toSemiring.{0} Real Real.instCommSemiring))))
                          (nat_lit 1)))
                      (@OfNat.ofNat.{0} Real (nat_lit 0)
                        (@Zero.toOfNat0.{0} Real
                          (@MulZeroClass.toZero.{0} Real
                            (@instMulZeroClassOfSemiring.{0} Real
                              (@CommSemiring.toSemiring.{0} Real Real.instCommSemiring))))))
                    (@OfNat.ofNat.{0} Real (nat_lit 0) (@Zero.toOfNat0.{0} Real Real.instZero))
                    (@OfNat.ofNat.{0} Real (nat_lit 0)
                      (@Zero.toOfNat0.{0} Real
                        (@MulZeroClass.toZero.{0} Real
                          (@instMulZeroClassOfSemiring.{0} Real
                            (@CommSemiring.toSemiring.{0} Real Real.instCommSemiring)))))
                    (@HAdd.hAdd.{0, 0, 0} Real Real Real
                      (@instHAdd.{0} Real
                        (@Distrib.toAdd.{0} Real
                          (@instDistribOfSemiring.{0} Real (@CommSemiring.toSemiring.{0} Real Real.instCommSemiring))))
                      (@HMul.hMul.{0, 0, 0} Real Real Real
                        (@instHMul.{0} Real
                          (@Distrib.toMul.{0} Real
                            (@instDistribOfSemiring.{0} Real
                              (@CommSemiring.toSemiring.{0} Real Real.instCommSemiring))))
                        (@HPow.hPow.{0, 0, 0} Real Nat Real
                          (@instHPow.{0, 0} Real Nat
                            (@NPow.toPow.{0} Real
                              (@Monoid.toNPow.{0} Real
                                (@Semiring.toMonoid.{0} Real
                                  (@CommSemiring.toSemiring.{0} Real Real.instCommSemiring)))))
                          (∑ i,
                            @HPow.hPow.{0, 0, 0} Real Nat Real
                              (@instHPow.{0, 0} Real Nat
                                (@NPow.toPow.{0} Real (@Monoid.toNPow.{0} Real Real.instMonoid)))
                              (@HSub.hSub.{0, 0, 0} Real Real Real (@instHSub.{0} Real Real.instSub) (a i)
                                (@Transformer.ConvexRecall.basis.{u_1} ι winner i))
                              (@OfNat.ofNat.{0} Nat (nat_lit 2) (instOfNatNat (nat_lit 2))))
                          (@Nat.rawCast.{0} Nat
                            (@AddCommMonoidWithOne.toAddMonoidWithOne.{0} Nat
                              (@NonAssocSemiring.toAddCommMonoidWithOne.{0} Nat
                                (@Semiring.toNonAssocSemiring.{0} Nat
                                  (@CommSemiring.toSemiring.{0} Nat Nat.instCommSemiring))))
                            (nat_lit 1)))
                        (@Nat.rawCast.{0} Real
                          (@AddCommMonoidWithOne.toAddMonoidWithOne.{0} Real
                            (@NonAssocSemiring.toAddCommMonoidWithOne.{0} Real
                              (@Semiring.toNonAssocSemiring.{0} Real
                                (@CommSemiring.toSemiring.{0} Real Real.instCommSemiring))))
                          (nat_lit 1)))
                      (@OfNat.ofNat.{0} Real (nat_lit 0)
                        (@Zero.toOfNat0.{0} Real
                          (@MulZeroClass.toZero.{0} Real
                            (@instMulZeroClassOfSemiring.{0} Real
                              (@CommSemiring.toSemiring.{0} Real Real.instCommSemiring))))))
                    (@Mathlib.Tactic.Ring.Common.atom_pf.{0} Real Real.instCommSemiring
                      (@HMul.hMul.{0, 0, 0} Real Real Real
                        (@instHMul.{0} Real
                          (@Distrib.toMul.{0} Real
                            (@instDistribOfSemiring.{0} Real
                              (@CommSemiring.toSemiring.{0} Real Real.instCommSemiring))))
                        (@HPow.hPow.{0, 0, 0} Real Nat Real
                          (@instHPow.{0, 0} Real Nat
                            (@NPow.toPow.{0} Real
                              (@Monoid.toNPow.{0} Real
                                (@Semiring.toMonoid.{0} Real
                                  (@CommSemiring.toSemiring.{0} Real Real.instCommSemiring)))))
                          (∑ i,
                            @HPow.hPow.{0, 0, 0} Real Nat Real
                              (@instHPow.{0, 0} Real Nat
                                (@NPow.toPow.{0} Real (@Monoid.toNPow.{0} Real Real.instMonoid)))
                              (@HSub.hSub.{0, 0, 0} Real Real Real (@instHSub.{0} Real Real.instSub) (a i)
                                (@Transformer.ConvexRecall.basis.{u_1} ι winner i))
                              (@OfNat.ofNat.{0} Nat (nat_lit 2) (instOfNatNat (nat_lit 2))))
                          (@Nat.rawCast.{0} Nat
                            (@AddCommMonoidWithOne.toAddMonoidWithOne.{0} Nat
                              (@NonAssocSemiring.toAddCommMonoidWithOne.{0} Nat
                                (@Semiring.toNonAssocSemiring.{0} Nat
                                  (@CommSemiring.toSemiring.{0} Nat Nat.instCommSemiring))))
                            (nat_lit 1)))
                        (@Nat.rawCast.{0} Real
                          (@AddCommMonoidWithOne.toAddMonoidWithOne.{0} Real
                            (@NonAssocSemiring.toAddCommMonoidWithOne.{0} Real
                              (@Semiring.toNonAssocSemiring.{0} Real
                                (@CommSemiring.toSemiring.{0} Real Real.instCommSemiring))))
                          (nat_lit 1)))
                      (∑ j,
                        @HPow.hPow.{0, 0, 0} Real Nat Real
                          (@instHPow.{0, 0} Real Nat (@NPow.toPow.{0} Real (@Monoid.toNPow.{0} Real Real.instMonoid)))
                          (@HSub.hSub.{0, 0, 0} Real Real Real (@instHSub.{0} Real Real.instSub) (a j)
                            (@Transformer.ConvexRecall.basis.{u_1} ι winner j))
                          (@OfNat.ofNat.{0} Nat (nat_lit 2) (instOfNatNat (nat_lit 2))))
                      (@Nat.rawCast.{0} Nat
                        (@AddCommMonoidWithOne.toAddMonoidWithOne.{0} Nat
                          (@NonAssocSemiring.toAddCommMonoidWithOne.{0} Nat
                            (@Semiring.toNonAssocSemiring.{0} Nat
                              (@CommSemiring.toSemiring.{0} Nat Nat.instCommSemiring))))
                        (nat_lit 1))
                      (@rfl.{1} Nat
                        (@Nat.rawCast.{0} Nat
                          (@AddCommMonoidWithOne.toAddMonoidWithOne.{0} Nat
                            (@NonAssocSemiring.toAddCommMonoidWithOne.{0} Nat
                              (@Semiring.toNonAssocSemiring.{0} Nat
                                (@CommSemiring.toSemiring.{0} Nat Nat.instCommSemiring))))
                          (nat_lit 1)))
                      (@Eq.mpr.{0}
                        (@Eq.{1} Real
                          (@HMul.hMul.{0, 0, 0} Real Real Real
                            (@instHMul.{0} Real
                              (@Distrib.toMul.{0} Real
                                (@instDistribOfSemiring.{0} Real
                                  (@CommSemiring.toSemiring.{0} Real Real.instCommSemiring))))
                            (@HPow.hPow.{0, 0, 0} Real Nat Real
                              (@instHPow.{0, 0} Real Nat
                                (@NPow.toPow.{0} Real
                                  (@Monoid.toNPow.{0} Real
                                    (@Semiring.toMonoid.{0} Real
                                      (@CommSemiring.toSemiring.{0} Real Real.instCommSemiring)))))
                              (∑ i,
                                @HPow.hPow.{0, 0, 0} Real Nat Real
                                  (@instHPow.{0, 0} Real Nat
                                    (@NPow.toPow.{0} Real (@Monoid.toNPow.{0} Real Real.instMonoid)))
                                  (@HSub.hSub.{0, 0, 0} Real Real Real (@instHSub.{0} Real Real.instSub) (a i)
                                    (@Transformer.ConvexRecall.basis.{u_1} ι winner i))
                                  (@OfNat.ofNat.{0} Nat (nat_lit 2) (instOfNatNat (nat_lit 2))))
                              (@Nat.rawCast.{0} Nat
                                (@AddCommMonoidWithOne.toAddMonoidWithOne.{0} Nat
                                  (@NonAssocSemiring.toAddCommMonoidWithOne.{0} Nat
                                    (@Semiring.toNonAssocSemiring.{0} Nat
                                      (@CommSemiring.toSemiring.{0} Nat Nat.instCommSemiring))))
                                (nat_lit 1)))
                            (@Nat.rawCast.{0} Real
                              (@AddCommMonoidWithOne.toAddMonoidWithOne.{0} Real
                                (@NonAssocSemiring.toAddCommMonoidWithOne.{0} Real
                                  (@Semiring.toNonAssocSemiring.{0} Real
                                    (@CommSemiring.toSemiring.{0} Real Real.instCommSemiring))))
                              (nat_lit 1)))
                          (@HMul.hMul.{0, 0, 0} Real Real Real
                            (@instHMul.{0} Real
                              (@Distrib.toMul.{0} Real
                                (@instDistribOfSemiring.{0} Real
                                  (@CommSemiring.toSemiring.{0} Real Real.instCommSemiring))))
                            (@HPow.hPow.{0, 0, 0} Real Nat Real
                              (@instHPow.{0, 0} Real Nat
                                (@NPow.toPow.{0} Real
                                  (@Monoid.toNPow.{0} Real
                                    (@Semiring.toMonoid.{0} Real
                                      (@CommSemiring.toSemiring.{0} Real Real.instCommSemiring)))))
                              (∑ i,
                                @HPow.hPow.{0, 0, 0} Real Nat Real
                                  (@instHPow.{0, 0} Real Nat
                                    (@NPow.toPow.{0} Real (@Monoid.toNPow.{0} Real Real.instMonoid)))
                                  (@HSub.hSub.{0, 0, 0} Real Real Real (@instHSub.{0} Real Real.instSub) (a i)
                                    (@Transformer.ConvexRecall.basis.{u_1} ι winner i))
                                  (@OfNat.ofNat.{0} Nat (nat_lit 2) (instOfNatNat (nat_lit 2))))
                              (@Nat.rawCast.{0} Nat
                                (@AddCommMonoidWithOne.toAddMonoidWithOne.{0} Nat
                                  (@NonAssocSemiring.toAddCommMonoidWithOne.{0} Nat
                                    (@Semiring.toNonAssocSemiring.{0} Nat
                                      (@CommSemiring.toSemiring.{0} Nat Nat.instCommSemiring))))
                                (nat_lit 1)))
                            (@Nat.rawCast.{0} Real
                              (@AddCommMonoidWithOne.toAddMonoidWithOne.{0} Real
                                (@NonAssocSemiring.toAddCommMonoidWithOne.{0} Real
                                  (@Semiring.toNonAssocSemiring.{0} Real
                                    (@CommSemiring.toSemiring.{0} Real Real.instCommSemiring))))
                              (nat_lit 1))))
                        (@Eq.{1} Real
                          (@HMul.hMul.{0, 0, 0} Real Real Real
                            (@instHMul.{0} Real
                              (@Distrib.toMul.{0} Real
                                (@instDistribOfSemiring.{0} Real
                                  (@CommSemiring.toSemiring.{0} Real Real.instCommSemiring))))
                            (@HPow.hPow.{0, 0, 0} Real Nat Real
                              (@instHPow.{0, 0} Real Nat
                                (@NPow.toPow.{0} Real
                                  (@Monoid.toNPow.{0} Real
                                    (@Semiring.toMonoid.{0} Real
                                      (@CommSemiring.toSemiring.{0} Real Real.instCommSemiring)))))
                              (∑ i,
                                @HPow.hPow.{0, 0, 0} Real Nat Real
                                  (@instHPow.{0, 0} Real Nat
                                    (@NPow.toPow.{0} Real (@Monoid.toNPow.{0} Real Real.instMonoid)))
                                  (@HSub.hSub.{0, 0, 0} Real Real Real (@instHSub.{0} Real Real.instSub) (a i)
                                    (@Transformer.ConvexRecall.basis.{u_1} ι winner i))
                                  (@OfNat.ofNat.{0} Nat (nat_lit 2) (instOfNatNat (nat_lit 2))))
                              (@Nat.rawCast.{0} Nat
                                (@AddCommMonoidWithOne.toAddMonoidWithOne.{0} Nat
                                  (@NonAssocSemiring.toAddCommMonoidWithOne.{0} Nat
                                    (@Semiring.toNonAssocSemiring.{0} Nat
                                      (@CommSemiring.toSemiring.{0} Nat Nat.instCommSemiring))))
                                (nat_lit 1)))
                            (@Nat.rawCast.{0} Real
                              (@AddCommMonoidWithOne.toAddMonoidWithOne.{0} Real
                                (@NonAssocSemiring.toAddCommMonoidWithOne.{0} Real
                                  (@Semiring.toNonAssocSemiring.{0} Real
                                    (@CommSemiring.toSemiring.{0} Real Real.instCommSemiring))))
                              (nat_lit 1)))
                          (@HMul.hMul.{0, 0, 0} Real Real Real
                            (@instHMul.{0} Real
                              (@Distrib.toMul.{0} Real
                                (@instDistribOfSemiring.{0} Real
                                  (@CommSemiring.toSemiring.{0} Real Real.instCommSemiring))))
                            (@HPow.hPow.{0, 0, 0} Real Nat Real
                              (@instHPow.{0, 0} Real Nat
                                (@NPow.toPow.{0} Real
                                  (@Monoid.toNPow.{0} Real
                                    (@Semiring.toMonoid.{0} Real
                                      (@CommSemiring.toSemiring.{0} Real Real.instCommSemiring)))))
                              (∑ i,
                                @HPow.hPow.{0, 0, 0} Real Nat Real
                                  (@instHPow.{0, 0} Real Nat
                                    (@NPow.toPow.{0} Real (@Monoid.toNPow.{0} Real Real.instMonoid)))
                                  (@HSub.hSub.{0, 0, 0} Real Real Real (@instHSub.{0} Real Real.instSub) (a i)
                                    (@Transformer.ConvexRecall.basis.{u_1} ι winner i))
                                  (@OfNat.ofNat.{0} Nat (nat_lit 2) (instOfNatNat (nat_lit 2))))
                              (@Nat.rawCast.{0} Nat
                                (@AddCommMonoidWithOne.toAddMonoidWithOne.{0} Nat
                                  (@NonAssocSemiring.toAddCommMonoidWithOne.{0} Nat
                                    (@Semiring.toNonAssocSemiring.{0} Nat
                                      (@CommSemiring.toSemiring.{0} Nat Nat.instCommSemiring))))
                                (nat_lit 1)))
                            (@Nat.rawCast.{0} Real
                              (@AddCommMonoidWithOne.toAddMonoidWithOne.{0} Real
                                (@NonAssocSemiring.toAddCommMonoidWithOne.{0} Real
                                  (@Semiring.toNonAssocSemiring.{0} Real
                                    (@CommSemiring.toSemiring.{0} Real Real.instCommSemiring))))
                              (nat_lit 1))))
                        (@id.{0}
                          (@Eq.{1} Prop
                            (@Eq.{1} Real
                              (@HMul.hMul.{0, 0, 0} Real Real Real
                                (@instHMul.{0} Real
                                  (@Distrib.toMul.{0} Real
                                    (@instDistribOfSemiring.{0} Real
                                      (@CommSemiring.toSemiring.{0} Real Real.instCommSemiring))))
                                (@HPow.hPow.{0, 0, 0} Real Nat Real
                                  (@instHPow.{0, 0} Real Nat
                                    (@NPow.toPow.{0} Real
                                      (@Monoid.toNPow.{0} Real
                                        (@Semiring.toMonoid.{0} Real
                                          (@CommSemiring.toSemiring.{0} Real Real.instCommSemiring)))))
                                  (∑ i,
                                    @HPow.hPow.{0, 0, 0} Real Nat Real
                                      (@instHPow.{0, 0} Real Nat
                                        (@NPow.toPow.{0} Real (@Monoid.toNPow.{0} Real Real.instMonoid)))
                                      (@HSub.hSub.{0, 0, 0} Real Real Real (@instHSub.{0} Real Real.instSub) (a i)
                                        (@Transformer.ConvexRecall.basis.{u_1} ι winner i))
                                      (@OfNat.ofNat.{0} Nat (nat_lit 2) (instOfNatNat (nat_lit 2))))
                                  (@Nat.rawCast.{0} Nat
                                    (@AddCommMonoidWithOne.toAddMonoidWithOne.{0} Nat
                                      (@NonAssocSemiring.toAddCommMonoidWithOne.{0} Nat
                                        (@Semiring.toNonAssocSemiring.{0} Nat
                                          (@CommSemiring.toSemiring.{0} Nat Nat.instCommSemiring))))
                                    (nat_lit 1)))
                                (@Nat.rawCast.{0} Real
                                  (@AddCommMonoidWithOne.toAddMonoidWithOne.{0} Real
                                    (@NonAssocSemiring.toAddCommMonoidWithOne.{0} Real
                                      (@Semiring.toNonAssocSemiring.{0} Real
                                        (@CommSemiring.toSemiring.{0} Real Real.instCommSemiring))))
                                  (nat_lit 1)))
                              (@HMul.hMul.{0, 0, 0} Real Real Real
                                (@instHMul.{0} Real
                                  (@Distrib.toMul.{0} Real
                                    (@instDistribOfSemiring.{0} Real
                                      (@CommSemiring.toSemiring.{0} Real Real.instCommSemiring))))
                                (@HPow.hPow.{0, 0, 0} Real Nat Real
                                  (@instHPow.{0, 0} Real Nat
                                    (@NPow.toPow.{0} Real
                                      (@Monoid.toNPow.{0} Real
                                        (@Semiring.toMonoid.{0} Real
                                          (@CommSemiring.toSemiring.{0} Real Real.instCommSemiring)))))
                                  (∑ i,
                                    @HPow.hPow.{0, 0, 0} Real Nat Real
                                      (@instHPow.{0, 0} Real Nat
                                        (@NPow.toPow.{0} Real (@Monoid.toNPow.{0} Real Real.instMonoid)))
                                      (@HSub.hSub.{0, 0, 0} Real Real Real (@instHSub.{0} Real Real.instSub) (a i)
                                        (@Transformer.ConvexRecall.basis.{u_1} ι winner i))
                                      (@OfNat.ofNat.{0} Nat (nat_lit 2) (instOfNatNat (nat_lit 2))))
                                  (@Nat.rawCast.{0} Nat
                                    (@AddCommMonoidWithOne.toAddMonoidWithOne.{0} Nat
                                      (@NonAssocSemiring.toAddCommMonoidWithOne.{0} Nat
                                        (@Semiring.toNonAssocSemiring.{0} Nat
                                          (@CommSemiring.toSemiring.{0} Nat Nat.instCommSemiring))))
                                    (nat_lit 1)))
                                (@Nat.rawCast.{0} Real
                                  (@AddCommMonoidWithOne.toAddMonoidWithOne.{0} Real
                                    (@NonAssocSemiring.toAddCommMonoidWithOne.{0} Real
                                      (@Semiring.toNonAssocSemiring.{0} Real
                                        (@CommSemiring.toSemiring.{0} Real Real.instCommSemiring))))
                                  (nat_lit 1))))
                            (@Eq.{1} Real
                              (@HMul.hMul.{0, 0, 0} Real Real Real
                                (@instHMul.{0} Real
                                  (@Distrib.toMul.{0} Real
                                    (@instDistribOfSemiring.{0} Real
                                      (@CommSemiring.toSemiring.{0} Real Real.instCommSemiring))))
                                (@HPow.hPow.{0, 0, 0} Real Nat Real
                                  (@instHPow.{0, 0} Real Nat
                                    (@NPow.toPow.{0} Real
                                      (@Monoid.toNPow.{0} Real
                                        (@Semiring.toMonoid.{0} Real
                                          (@CommSemiring.toSemiring.{0} Real Real.instCommSemiring)))))
                                  (∑ i,
                                    @HPow.hPow.{0, 0, 0} Real Nat Real
                                      (@instHPow.{0, 0} Real Nat
                                        (@NPow.toPow.{0} Real (@Monoid.toNPow.{0} Real Real.instMonoid)))
                                      (@HSub.hSub.{0, 0, 0} Real Real Real (@instHSub.{0} Real Real.instSub) (a i)
                                        (@Transformer.ConvexRecall.basis.{u_1} ι winner i))
                                      (@OfNat.ofNat.{0} Nat (nat_lit 2) (instOfNatNat (nat_lit 2))))
                                  (@Nat.rawCast.{0} Nat
                                    (@AddCommMonoidWithOne.toAddMonoidWithOne.{0} Nat
                                      (@NonAssocSemiring.toAddCommMonoidWithOne.{0} Nat
                                        (@Semiring.toNonAssocSemiring.{0} Nat
                                          (@CommSemiring.toSemiring.{0} Nat Nat.instCommSemiring))))
                                    (nat_lit 1)))
                                (@Nat.rawCast.{0} Real
                                  (@AddCommMonoidWithOne.toAddMonoidWithOne.{0} Real
                                    (@NonAssocSemiring.toAddCommMonoidWithOne.{0} Real
                                      (@Semiring.toNonAssocSemiring.{0} Real
                                        (@CommSemiring.toSemiring.{0} Real Real.instCommSemiring))))
                                  (nat_lit 1)))
                              (@HMul.hMul.{0, 0, 0} Real Real Real
                                (@instHMul.{0} Real
                                  (@Distrib.toMul.{0} Real
                                    (@instDistribOfSemiring.{0} Real
                                      (@CommSemiring.toSemiring.{0} Real Real.instCommSemiring))))
                                (@HPow.hPow.{0, 0, 0} Real Nat Real
                                  (@instHPow.{0, 0} Real Nat
                                    (@NPow.toPow.{0} Real
                                      (@Monoid.toNPow.{0} Real
                                        (@Semiring.toMonoid.{0} Real
                                          (@CommSemiring.toSemiring.{0} Real Real.instCommSemiring)))))
                                  (∑ i,
                                    @HPow.hPow.{0, 0, 0} Real Nat Real
                                      (@instHPow.{0, 0} Real Nat
                                        (@NPow.toPow.{0} Real (@Monoid.toNPow.{0} Real Real.instMonoid)))
                                      (@HSub.hSub.{0, 0, 0} Real Real Real (@instHSub.{0} Real Real.instSub) (a i)
                                        (@Transformer.ConvexRecall.basis.{u_1} ι winner i))
                                      (@OfNat.ofNat.{0} Nat (nat_lit 2) (instOfNatNat (nat_lit 2))))
                                  (@Nat.rawCast.{0} Nat
                                    (@AddCommMonoidWithOne.toAddMonoidWithOne.{0} Nat
                                      (@NonAssocSemiring.toAddCommMonoidWithOne.{0} Nat
                                        (@Semiring.toNonAssocSemiring.{0} Nat
                                          (@CommSemiring.toSemiring.{0} Nat Nat.instCommSemiring))))
                                    (nat_lit 1)))
                                (@Nat.rawCast.{0} Real
                                  (@AddCommMonoidWithOne.toAddMonoidWithOne.{0} Real
                                    (@NonAssocSemiring.toAddCommMonoidWithOne.{0} Real
                                      (@Semiring.toNonAssocSemiring.{0} Real
                                        (@CommSemiring.toSemiring.{0} Real Real.instCommSemiring))))
                                  (nat_lit 1)))))
                          (@congrArg.{1, 1} Real Prop
                            (@Nat.rawCast.{0} Real
                              (@AddCommMonoidWithOne.toAddMonoidWithOne.{0} Real
                                (@NonAssocSemiring.toAddCommMonoidWithOne.{0} Real
                                  (@Semiring.toNonAssocSemiring.{0} Real
                                    (@CommSemiring.toSemiring.{0} Real Real.instCommSemiring))))
                              (nat_lit 1))
                            (@Nat.rawCast.{0} Real
                              (@AddCommMonoidWithOne.toAddMonoidWithOne.{0} Real
                                (@NonAssocSemiring.toAddCommMonoidWithOne.{0} Real
                                  (@Semiring.toNonAssocSemiring.{0} Real
                                    (@CommSemiring.toSemiring.{0} Real Real.instCommSemiring))))
                              (nat_lit 1))
                            (fun _a =>
                              @Eq.{1} Real
                                (@HMul.hMul.{0, 0, 0} Real Real Real
                                  (@instHMul.{0} Real
                                    (@Distrib.toMul.{0} Real
                                      (@instDistribOfSemiring.{0} Real
                                        (@CommSemiring.toSemiring.{0} Real Real.instCommSemiring))))
                                  (@HPow.hPow.{0, 0, 0} Real Nat Real
                                    (@instHPow.{0, 0} Real Nat
                                      (@NPow.toPow.{0} Real
                                        (@Monoid.toNPow.{0} Real
                                          (@Semiring.toMonoid.{0} Real
                                            (@CommSemiring.toSemiring.{0} Real Real.instCommSemiring)))))
                                    (∑ i,
                                      @HPow.hPow.{0, 0, 0} Real Nat Real
                                        (@instHPow.{0, 0} Real Nat
                                          (@NPow.toPow.{0} Real (@Monoid.toNPow.{0} Real Real.instMonoid)))
                                        (@HSub.hSub.{0, 0, 0} Real Real Real (@instHSub.{0} Real Real.instSub) (a i)
                                          (@Transformer.ConvexRecall.basis.{u_1} ι winner i))
                                        (@OfNat.ofNat.{0} Nat (nat_lit 2) (instOfNatNat (nat_lit 2))))
                                    (@Nat.rawCast.{0} Nat
                                      (@AddCommMonoidWithOne.toAddMonoidWithOne.{0} Nat
                                        (@NonAssocSemiring.toAddCommMonoidWithOne.{0} Nat
                                          (@Semiring.toNonAssocSemiring.{0} Nat
                                            (@CommSemiring.toSemiring.{0} Nat Nat.instCommSemiring))))
                                      (nat_lit 1)))
                                  (@Nat.rawCast.{0} Real
                                    (@AddCommMonoidWithOne.toAddMonoidWithOne.{0} Real
                                      (@NonAssocSemiring.toAddCommMonoidWithOne.{0} Real
                                        (@Semiring.toNonAssocSemiring.{0} Real
                                          (@CommSemiring.toSemiring.{0} Real Real.instCommSemiring))))
                                    (nat_lit 1)))
                                (@HMul.hMul.{0, 0, 0} Real Real Real
                                  (@instHMul.{0} Real
                                    (@Distrib.toMul.{0} Real
                                      (@instDistribOfSemiring.{0} Real
                                        (@CommSemiring.toSemiring.{0} Real Real.instCommSemiring))))
                                  (@HPow.hPow.{0, 0, 0} Real Nat Real
                                    (@instHPow.{0, 0} Real Nat
                                      (@NPow.toPow.{0} Real
                                        (@Monoid.toNPow.{0} Real
                                          (@Semiring.toMonoid.{0} Real
                                            (@CommSemiring.toSemiring.{0} Real Real.instCommSemiring)))))
                                    (∑ i,
                                      @HPow.hPow.{0, 0, 0} Real Nat Real
                                        (@instHPow.{0, 0} Real Nat
                                          (@NPow.toPow.{0} Real (@Monoid.toNPow.{0} Real Real.instMonoid)))
                                        (@HSub.hSub.{0, 0, 0} Real Real Real (@instHSub.{0} Real Real.instSub) (a i)
                                          (@Transformer.ConvexRecall.basis.{u_1} ι winner i))
                                        (@OfNat.ofNat.{0} Nat (nat_lit 2) (instOfNatNat (nat_lit 2))))
                                    (@Nat.rawCast.{0} Nat
                                      (@AddCommMonoidWithOne.toAddMonoidWithOne.{0} Nat
                                        (@NonAssocSemiring.toAddCommMonoidWithOne.{0} Nat
                                          (@Semiring.toNonAssocSemiring.{0} Nat
                                            (@CommSemiring.toSemiring.{0} Nat Nat.instCommSemiring))))
                                      (nat_lit 1)))
                                  _a))
                            (@Eq.symm.{1} Real
                              (@Nat.rawCast.{0} Real
                                (@AddCommMonoidWithOne.toAddMonoidWithOne.{0} Real
                                  (@NonAssocSemiring.toAddCommMonoidWithOne.{0} Real
                                    (@Semiring.toNonAssocSemiring.{0} Real
                                      (@CommSemiring.toSemiring.{0} Real Real.instCommSemiring))))
                                (nat_lit 1))
                              (@Nat.rawCast.{0} Real
                                (@AddCommMonoidWithOne.toAddMonoidWithOne.{0} Real
                                  (@NonAssocSemiring.toAddCommMonoidWithOne.{0} Real
                                    (@Semiring.toNonAssocSemiring.{0} Real
                                      (@CommSemiring.toSemiring.{0} Real Real.instCommSemiring))))
                                (nat_lit 1))
                              (@rfl.{1} Real
                                (@Nat.rawCast.{0} Real
                                  (@AddCommMonoidWithOne.toAddMonoidWithOne.{0} Real
                                    (@NonAssocSemiring.toAddCommMonoidWithOne.{0} Real
                                      (@Semiring.toNonAssocSemiring.{0} Real
                                        (@CommSemiring.toSemiring.{0} Real Real.instCommSemiring))))
                                  (nat_lit 1))))))
                        (@Eq.refl.{1} Real
                          (@HMul.hMul.{0, 0, 0} Real Real Real
                            (@instHMul.{0} Real
                              (@Distrib.toMul.{0} Real
                                (@instDistribOfSemiring.{0} Real
                                  (@CommSemiring.toSemiring.{0} Real Real.instCommSemiring))))
                            (@HPow.hPow.{0, 0, 0} Real Nat Real
                              (@instHPow.{0, 0} Real Nat
                                (@NPow.toPow.{0} Real
                                  (@Monoid.toNPow.{0} Real
                                    (@Semiring.toMonoid.{0} Real
                                      (@CommSemiring.toSemiring.{0} Real Real.instCommSemiring)))))
                              (∑ i,
                                @HPow.hPow.{0, 0, 0} Real Nat Real
                                  (@instHPow.{0, 0} Real Nat
                                    (@NPow.toPow.{0} Real (@Monoid.toNPow.{0} Real Real.instMonoid)))
                                  (@HSub.hSub.{0, 0, 0} Real Real Real (@instHSub.{0} Real Real.instSub) (a i)
                                    (@Transformer.ConvexRecall.basis.{u_1} ι winner i))
                                  (@OfNat.ofNat.{0} Nat (nat_lit 2) (instOfNatNat (nat_lit 2))))
                              (@Nat.rawCast.{0} Nat
                                (@AddCommMonoidWithOne.toAddMonoidWithOne.{0} Nat
                                  (@NonAssocSemiring.toAddCommMonoidWithOne.{0} Nat
                                    (@Semiring.toNonAssocSemiring.{0} Nat
                                      (@CommSemiring.toSemiring.{0} Nat Nat.instCommSemiring))))
                                (nat_lit 1)))
                            (@Nat.rawCast.{0} Real
                              (@AddCommMonoidWithOne.toAddMonoidWithOne.{0} Real
                                (@NonAssocSemiring.toAddCommMonoidWithOne.{0} Real
                                  (@Semiring.toNonAssocSemiring.{0} Real
                                    (@CommSemiring.toSemiring.{0} Real Real.instCommSemiring))))
                              (nat_lit 1))))))
                    (@Mathlib.Tactic.Ring.cast_zero.{0} Real Real.instCommSemiring
                      (@OfNat.ofNat.{0} Real (nat_lit 0) (@Zero.toOfNat0.{0} Real Real.instZero))
                      (@Mathlib.Meta.NormNum.isNat_ofNat.{0} Real
                        (@AddGroupWithOne.toAddMonoidWithOne.{0} Real (@Ring.toAddGroupWithOne.{0} Real Real.instRing))
                        (@OfNat.ofNat.{0} Real (nat_lit 0) (@Zero.toOfNat0.{0} Real Real.instZero)) (nat_lit 0)
                        (@Nat.cast_zero.{0} Real
                          (@AddGroupWithOne.toAddMonoidWithOne.{0} Real
                            (@Ring.toAddGroupWithOne.{0} Real Real.instRing)))))
                    (@Mathlib.Tactic.Ring.Common.sub_pf.{0} Real Real.commRing
                      (@HAdd.hAdd.{0, 0, 0} Real Real Real
                        (@instHAdd.{0} Real
                          (@Distrib.toAdd.{0} Real
                            (@instDistribOfSemiring.{0} Real
                              (@CommSemiring.toSemiring.{0} Real Real.instCommSemiring))))
                        (@HMul.hMul.{0, 0, 0} Real Real Real
                          (@instHMul.{0} Real
                            (@Distrib.toMul.{0} Real
                              (@instDistribOfSemiring.{0} Real
                                (@CommSemiring.toSemiring.{0} Real Real.instCommSemiring))))
                          (@HPow.hPow.{0, 0, 0} Real Nat Real
                            (@instHPow.{0, 0} Real Nat
                              (@NPow.toPow.{0} Real
                                (@Monoid.toNPow.{0} Real
                                  (@Semiring.toMonoid.{0} Real
                                    (@CommSemiring.toSemiring.{0} Real Real.instCommSemiring)))))
                            (∑ i,
                              @HPow.hPow.{0, 0, 0} Real Nat Real
                                (@instHPow.{0, 0} Real Nat
                                  (@NPow.toPow.{0} Real (@Monoid.toNPow.{0} Real Real.instMonoid)))
                                (@HSub.hSub.{0, 0, 0} Real Real Real (@instHSub.{0} Real Real.instSub) (a i)
                                  (@Transformer.ConvexRecall.basis.{u_1} ι winner i))
                                (@OfNat.ofNat.{0} Nat (nat_lit 2) (instOfNatNat (nat_lit 2))))
                            (@Nat.rawCast.{0} Nat
                              (@AddCommMonoidWithOne.toAddMonoidWithOne.{0} Nat
                                (@NonAssocSemiring.toAddCommMonoidWithOne.{0} Nat
                                  (@Semiring.toNonAssocSemiring.{0} Nat
                                    (@CommSemiring.toSemiring.{0} Nat Nat.instCommSemiring))))
                              (nat_lit 1)))
                          (@Nat.rawCast.{0} Real
                            (@AddCommMonoidWithOne.toAddMonoidWithOne.{0} Real
                              (@NonAssocSemiring.toAddCommMonoidWithOne.{0} Real
                                (@Semiring.toNonAssocSemiring.{0} Real
                                  (@CommSemiring.toSemiring.{0} Real Real.instCommSemiring))))
                            (nat_lit 1)))
                        (@OfNat.ofNat.{0} Real (nat_lit 0)
                          (@Zero.toOfNat0.{0} Real
                            (@MulZeroClass.toZero.{0} Real
                              (@instMulZeroClassOfSemiring.{0} Real
                                (@CommSemiring.toSemiring.{0} Real Real.instCommSemiring))))))
                      (@OfNat.ofNat.{0} Real (nat_lit 0)
                        (@Zero.toOfNat0.{0} Real
                          (@MulZeroClass.toZero.{0} Real
                            (@instMulZeroClassOfSemiring.{0} Real
                              (@CommSemiring.toSemiring.{0} Real Real.instCommSemiring)))))
                      (@OfNat.ofNat.{0} Real (nat_lit 0)
                        (@Zero.toOfNat0.{0} Real
                          (@MulZeroClass.toZero.{0} Real
                            (@instMulZeroClassOfSemiring.{0} Real
                              (@CommSemiring.toSemiring.{0} Real Real.instCommSemiring)))))
                      (@HAdd.hAdd.{0, 0, 0} Real Real Real
                        (@instHAdd.{0} Real
                          (@Distrib.toAdd.{0} Real
                            (@instDistribOfSemiring.{0} Real
                              (@CommSemiring.toSemiring.{0} Real Real.instCommSemiring))))
                        (@HMul.hMul.{0, 0, 0} Real Real Real
                          (@instHMul.{0} Real
                            (@Distrib.toMul.{0} Real
                              (@instDistribOfSemiring.{0} Real
                                (@CommSemiring.toSemiring.{0} Real Real.instCommSemiring))))
                          (@HPow.hPow.{0, 0, 0} Real Nat Real (@instHPow.{0, 0} Real Nat (@NPow.toPow.{0} Real ⋯)) ⋯ ⋯)
                          ⋯)
                        ⋯)
                      ⋯ ⋯))
                  ⋯)
                ⋯))
            ⋯))
      ⋯;
  ⋯
theorem Transformer.ConvexRecall.basis_mem_simplex.{u_1} : ∀ {ι : Type u_1} [inst : Fintype.{u_1} ι]
  (allowed : Set.{u_1} ι) (winner : ι),
  @Membership.mem.{u_1, u_1} ι (Set.{u_1} ι) (@Set.instMembership.{u_1} ι) allowed winner →
    @Membership.mem.{u_1, u_1} (ι → Real) (Set.{u_1} (ι → Real)) (@Set.instMembership.{u_1} (ι → Real))
      (@Transformer.ConvexRecall.simplexOn.{u_1} ι inst allowed) (@Transformer.ConvexRecall.basis.{u_1} ι winner) :=
fun {ι} [inst : Fintype.{u_1} ι] allowed winner hw =>
  @And.intro
    (∀ (j : ι),
      @LE.le.{0} Real Real.instLE (@OfNat.ofNat.{0} Real (nat_lit 0) (@Zero.toOfNat0.{0} Real Real.instZero))
        (@Transformer.ConvexRecall.basis.{u_1} ι winner j))
    (And
      (@Eq.{1} Real (∑ j, @Transformer.ConvexRecall.basis.{u_1} ι winner j)
        (@OfNat.ofNat.{0} Real (nat_lit 1) (@One.toOfNat1.{0} Real Real.instOne)))
      (∀ j ∉ allowed,
        @Eq.{1} Real (@Transformer.ConvexRecall.basis.{u_1} ι winner j)
          (@OfNat.ofNat.{0} Real (nat_lit 0) (@Zero.toOfNat0.{0} Real Real.instZero))))
    (fun j =>
      @id.{0}
        (@LE.le.{0} Real Real.instLE (@OfNat.ofNat.{0} Real (nat_lit 0) (@Zero.toOfNat0.{0} Real Real.instZero))
          (@Transformer.ConvexRecall.basis.{u_1} ι winner j))
        (@dite.{0}
          (@LE.le.{0} Real Real.instLE (@OfNat.ofNat.{0} Real (nat_lit 0) (@Zero.toOfNat0.{0} Real Real.instZero))
            (@ite.{1} Real (@Eq.{u_1 + 1} ι j winner) (Classical.propDecidable (@Eq.{u_1 + 1} ι j winner))
              (@OfNat.ofNat.{0} Real (nat_lit 1) (@One.toOfNat1.{0} Real Real.instOne))
              (@OfNat.ofNat.{0} Real (nat_lit 0) (@Zero.toOfNat0.{0} Real Real.instZero))))
          (@Eq.{u_1 + 1} ι j winner) (Classical.propDecidable (@Eq.{u_1 + 1} ι j winner))
          (fun h =>
            @Eq.mpr.{0}
              (@LE.le.{0} Real Real.instLE (@OfNat.ofNat.{0} Real (nat_lit 0) (@Zero.toOfNat0.{0} Real Real.instZero))
                (@ite.{1} Real (@Eq.{u_1 + 1} ι j winner) (Classical.propDecidable (@Eq.{u_1 + 1} ι j winner))
                  (@OfNat.ofNat.{0} Real (nat_lit 1) (@One.toOfNat1.{0} Real Real.instOne))
                  (@OfNat.ofNat.{0} Real (nat_lit 0) (@Zero.toOfNat0.{0} Real Real.instZero))))
              (@LE.le.{0} Real Real.instLE (@OfNat.ofNat.{0} Real (nat_lit 0) (@Zero.toOfNat0.{0} Real Real.instZero))
                (@OfNat.ofNat.{0} Real (nat_lit 1) (@One.toOfNat1.{0} Real Real.instOne)))
              (@id.{0}
                (@Eq.{1} Prop
                  (@LE.le.{0} Real Real.instLE
                    (@OfNat.ofNat.{0} Real (nat_lit 0) (@Zero.toOfNat0.{0} Real Real.instZero))
                    (@ite.{1} Real (@Eq.{u_1 + 1} ι j winner) (Classical.propDecidable (@Eq.{u_1 + 1} ι j winner))
                      (@OfNat.ofNat.{0} Real (nat_lit 1) (@One.toOfNat1.{0} Real Real.instOne))
                      (@OfNat.ofNat.{0} Real (nat_lit 0) (@Zero.toOfNat0.{0} Real Real.instZero))))
                  (@LE.le.{0} Real Real.instLE
                    (@OfNat.ofNat.{0} Real (nat_lit 0) (@Zero.toOfNat0.{0} Real Real.instZero))
                    (@OfNat.ofNat.{0} Real (nat_lit 1) (@One.toOfNat1.{0} Real Real.instOne))))
                (@congrArg.{1, 1} Real Prop
                  (@ite.{1} Real (@Eq.{u_1 + 1} ι j winner) (Classical.propDecidable (@Eq.{u_1 + 1} ι j winner))
                    (@OfNat.ofNat.{0} Real (nat_lit 1) (@One.toOfNat1.{0} Real Real.instOne))
                    (@OfNat.ofNat.{0} Real (nat_lit 0) (@Zero.toOfNat0.{0} Real Real.instZero)))
                  (@OfNat.ofNat.{0} Real (nat_lit 1) (@One.toOfNat1.{0} Real Real.instOne))
                  (@LE.le.{0} Real Real.instLE
                    (@OfNat.ofNat.{0} Real (nat_lit 0) (@Zero.toOfNat0.{0} Real Real.instZero)))
                  (@ite_eq_left.{1} (@Eq.{u_1 + 1} ι j winner) (Classical.propDecidable (@Eq.{u_1 + 1} ι j winner)) h
                    Real (@OfNat.ofNat.{0} Real (nat_lit 1) (@One.toOfNat1.{0} Real Real.instOne))
                    (@OfNat.ofNat.{0} Real (nat_lit 0) (@Zero.toOfNat0.{0} Real Real.instZero)))))
              (@Mathlib.Meta.NormNum.isNat_le_true.{0} Real Real.semiring Real.partialOrder Real.instIsOrderedRing
                (@OfNat.ofNat.{0} Real (nat_lit 0) (@Zero.toOfNat0.{0} Real Real.instZero))
                (@OfNat.ofNat.{0} Real (nat_lit 1) (@One.toOfNat1.{0} Real Real.instOne)) (nat_lit 0) (nat_lit 1)
                (@Mathlib.Meta.NormNum.isNat_ofNat.{0} Real
                  (@AddGroupWithOne.toAddMonoidWithOne.{0} Real (@Ring.toAddGroupWithOne.{0} Real Real.instRing))
                  (@OfNat.ofNat.{0} Real (nat_lit 0) (@Zero.toOfNat0.{0} Real Real.instZero)) (nat_lit 0)
                  (@Nat.cast_zero.{0} Real
                    (@AddGroupWithOne.toAddMonoidWithOne.{0} Real (@Ring.toAddGroupWithOne.{0} Real Real.instRing))))
                (@Mathlib.Meta.NormNum.isNat_ofNat.{0} Real
                  (@AddGroupWithOne.toAddMonoidWithOne.{0} Real (@Ring.toAddGroupWithOne.{0} Real Real.instRing))
                  (@OfNat.ofNat.{0} Real (nat_lit 1) (@One.toOfNat1.{0} Real Real.instOne)) (nat_lit 1)
                  (@Nat.cast_one.{0} Real
                    (@AddGroupWithOne.toAddMonoidWithOne.{0} Real (@Ring.toAddGroupWithOne.{0} Real Real.instRing))))
                (@Eq.refl.{1} Bool true)))
          fun h =>
          @Eq.mpr.{0}
            (@LE.le.{0} Real Real.instLE (@OfNat.ofNat.{0} Real (nat_lit 0) (@Zero.toOfNat0.{0} Real Real.instZero))
              (@ite.{1} Real (@Eq.{u_1 + 1} ι j winner) (Classical.propDecidable (@Eq.{u_1 + 1} ι j winner))
                (@OfNat.ofNat.{0} Real (nat_lit 1) (@One.toOfNat1.{0} Real Real.instOne))
                (@OfNat.ofNat.{0} Real (nat_lit 0) (@Zero.toOfNat0.{0} Real Real.instZero))))
            (@LE.le.{0} Real Real.instLE (@OfNat.ofNat.{0} Real (nat_lit 0) (@Zero.toOfNat0.{0} Real Real.instZero))
              (@OfNat.ofNat.{0} Real (nat_lit 0) (@Zero.toOfNat0.{0} Real Real.instZero)))
            (@id.{0}
              (@Eq.{1} Prop
                (@LE.le.{0} Real Real.instLE (@OfNat.ofNat.{0} Real (nat_lit 0) (@Zero.toOfNat0.{0} Real Real.instZero))
                  (@ite.{1} Real (@Eq.{u_1 + 1} ι j winner) (Classical.propDecidable (@Eq.{u_1 + 1} ι j winner))
                    (@OfNat.ofNat.{0} Real (nat_lit 1) (@One.toOfNat1.{0} Real Real.instOne))
                    (@OfNat.ofNat.{0} Real (nat_lit 0) (@Zero.toOfNat0.{0} Real Real.instZero))))
                (@LE.le.{0} Real Real.instLE (@OfNat.ofNat.{0} Real (nat_lit 0) (@Zero.toOfNat0.{0} Real Real.instZero))
                  (@OfNat.ofNat.{0} Real (nat_lit 0) (@Zero.toOfNat0.{0} Real Real.instZero))))
              (@congrArg.{1, 1} Real Prop
                (@ite.{1} Real (@Eq.{u_1 + 1} ι j winner) (Classical.propDecidable (@Eq.{u_1 + 1} ι j winner))
                  (@OfNat.ofNat.{0} Real (nat_lit 1) (@One.toOfNat1.{0} Real Real.instOne))
                  (@OfNat.ofNat.{0} Real (nat_lit 0) (@Zero.toOfNat0.{0} Real Real.instZero)))
                (@OfNat.ofNat.{0} Real (nat_lit 0) (@Zero.toOfNat0.{0} Real Real.instZero))
                (@LE.le.{0} Real Real.instLE
                  (@OfNat.ofNat.{0} Real (nat_lit 0) (@Zero.toOfNat0.{0} Real Real.instZero)))
                (@ite_eq_right.{1} (@Eq.{u_1 + 1} ι j winner) (Classical.propDecidable (@Eq.{u_1 + 1} ι j winner)) h
                  Real (@OfNat.ofNat.{0} Real (nat_lit 1) (@One.toOfNat1.{0} Real Real.instOne))
                  (@OfNat.ofNat.{0} Real (nat_lit 0) (@Zero.toOfNat0.{0} Real Real.instZero)))))
            (@Mathlib.Meta.NormNum.isNat_le_true.{0} Real Real.semiring Real.partialOrder Real.instIsOrderedRing
              (@OfNat.ofNat.{0} Real (nat_lit 0) (@Zero.toOfNat0.{0} Real Real.instZero))
              (@OfNat.ofNat.{0} Real (nat_lit 0) (@Zero.toOfNat0.{0} Real Real.instZero)) (nat_lit 0) (nat_lit 0)
              (@Mathlib.Meta.NormNum.isNat_ofNat.{0} Real
                (@AddGroupWithOne.toAddMonoidWithOne.{0} Real (@Ring.toAddGroupWithOne.{0} Real Real.instRing))
                (@OfNat.ofNat.{0} Real (nat_lit 0) (@Zero.toOfNat0.{0} Real Real.instZero)) (nat_lit 0)
                (@Nat.cast_zero.{0} Real
                  (@AddGroupWithOne.toAddMonoidWithOne.{0} Real (@Ring.toAddGroupWithOne.{0} Real Real.instRing))))
              (@Mathlib.Meta.NormNum.isNat_ofNat.{0} Real
                (@AddGroupWithOne.toAddMonoidWithOne.{0} Real (@Ring.toAddGroupWithOne.{0} Real Real.instRing))
                (@OfNat.ofNat.{0} Real (nat_lit 0) (@Zero.toOfNat0.{0} Real Real.instZero)) (nat_lit 0)
                (@Nat.cast_zero.{0} Real
                  (@AddGroupWithOne.toAddMonoidWithOne.{0} Real (@Ring.toAddGroupWithOne.{0} Real Real.instRing))))
              (@Eq.refl.{1} Bool true))))
    (@And.intro
      (@Eq.{1} Real (∑ j, @Transformer.ConvexRecall.basis.{u_1} ι winner j)
        (@OfNat.ofNat.{0} Real (nat_lit 1) (@One.toOfNat1.{0} Real Real.instOne)))
      (∀ j ∉ allowed,
        @Eq.{1} Real (@Transformer.ConvexRecall.basis.{u_1} ι winner j)
          (@OfNat.ofNat.{0} Real (nat_lit 0) (@Zero.toOfNat0.{0} Real Real.instZero)))
      (@of_eq_true
        (@Eq.{1} Real (∑ j, @Transformer.ConvexRecall.basis.{u_1} ι winner j)
          (@OfNat.ofNat.{0} Real (nat_lit 1) (@One.toOfNat1.{0} Real Real.instOne)))
        (@Eq.trans.{1} Prop
          (@Eq.{1} Real (∑ j, @Transformer.ConvexRecall.basis.{u_1} ι winner j)
            (@OfNat.ofNat.{0} Real (nat_lit 1) (@One.toOfNat1.{0} Real Real.instOne)))
          (@Eq.{1} Real (@OfNat.ofNat.{0} Real (nat_lit 1) (@One.toOfNat1.{0} Real Real.instOne))
            (@OfNat.ofNat.{0} Real (nat_lit 1) (@One.toOfNat1.{0} Real Real.instOne)))
          True
          (@congrFun'.{1, 1} Real Prop (@Eq.{1} Real (∑ j, @Transformer.ConvexRecall.basis.{u_1} ι winner j))
            (@Eq.{1} Real (@OfNat.ofNat.{0} Real (nat_lit 1) (@One.toOfNat1.{0} Real Real.instOne)))
            (@congrArg.{1, 1} Real (Real → Prop) (∑ j, @Transformer.ConvexRecall.basis.{u_1} ι winner j)
              (@OfNat.ofNat.{0} Real (nat_lit 1) (@One.toOfNat1.{0} Real Real.instOne)) (@Eq.{1} Real)
              (@Eq.trans.{1} Real
                (∑ x,
                  @ite.{1} Real (@Eq.{u_1 + 1} ι x winner) (Classical.propDecidable (@Eq.{u_1 + 1} ι x winner))
                    (@OfNat.ofNat.{0} Real (nat_lit 1) (@One.toOfNat1.{0} Real Real.instOne))
                    (@OfNat.ofNat.{0} Real (nat_lit 0)
                      (@Zero.toOfNat0.{0} Real
                        (@AddZero.toZero.{0} Real
                          (@AddZeroClass.toAddZero.{0} Real
                            (@AddMonoid.toAddZeroClass.{0} Real
                              (@AddCommMonoid.toAddMonoid.{0} Real Real.instAddCommMonoid)))))))
                (@ite.{1} Real
                  (@Membership.mem.{u_1, u_1} ι (Finset.{u_1} ι)
                    (@SetLike.instMembership.{u_1, u_1} (Finset.{u_1} ι) ι (@Finset.instSetLike.{u_1} ι))
                    (@Finset.univ.{u_1} ι inst) winner)
                  (@Finset.decidableMem.{u_1} ι (fun a b => Classical.propDecidable (@Eq.{u_1 + 1} ι a b)) winner
                    (@Finset.univ.{u_1} ι inst))
                  (@OfNat.ofNat.{0} Real (nat_lit 1) (@One.toOfNat1.{0} Real Real.instOne))
                  (@OfNat.ofNat.{0} Real (nat_lit 0)
                    (@Zero.toOfNat0.{0} Real
                      (@AddZero.toZero.{0} Real
                        (@AddZeroClass.toAddZero.{0} Real
                          (@AddMonoid.toAddZeroClass.{0} Real
                            (@AddCommMonoid.toAddMonoid.{0} Real Real.instAddCommMonoid)))))))
                (@OfNat.ofNat.{0} Real (nat_lit 1) (@One.toOfNat1.{0} Real Real.instOne))
                (@Finset.sum_ite_eq'.{u_1, 0} ι Real Real.instAddCommMonoid
                  (fun a b => Classical.propDecidable (@Eq.{u_1 + 1} ι a b)) (@Finset.univ.{u_1} ι inst) winner fun x =>
                  @OfNat.ofNat.{0} Real (nat_lit 1) (@One.toOfNat1.{0} Real Real.instOne))
                (@ite_eq_left_of_eq_true.{1} Real
                  (@Membership.mem.{u_1, u_1} ι (Finset.{u_1} ι)
                    (@SetLike.instMembership.{u_1, u_1} (Finset.{u_1} ι) ι (@Finset.instSetLike.{u_1} ι))
                    (@Finset.univ.{u_1} ι inst) winner)
                  (@Finset.decidableMem.{u_1} ι (fun a b => Classical.propDecidable (@Eq.{u_1 + 1} ι a b)) winner
                    (@Finset.univ.{u_1} ι inst))
                  (@OfNat.ofNat.{0} Real (nat_lit 1) (@One.toOfNat1.{0} Real Real.instOne))
                  (@OfNat.ofNat.{0} Real (nat_lit 0)
                    (@Zero.toOfNat0.{0} Real
                      (@AddZero.toZero.{0} Real
                        (@AddZeroClass.toAddZero.{0} Real
                          (@AddMonoid.toAddZeroClass.{0} Real
                            (@AddCommMonoid.toAddMonoid.{0} Real Real.instAddCommMonoid))))))
                  (@Finset.mem_univ._simp_1.{u_1} ι inst winner))))
            (@OfNat.ofNat.{0} Real (nat_lit 1) (@One.toOfNat1.{0} Real Real.instOne)))
          (@eq_self.{1} Real (@OfNat.ofNat.{0} Real (nat_lit 1) (@One.toOfNat1.{0} Real Real.instOne)))))
      fun j hj =>
      have h := fun he =>
        hj
          (@Eq.rec.{0, u_1 + 1} ι winner
            (fun x h => @Membership.mem.{u_1, u_1} ι (Set.{u_1} ι) (@Set.instMembership.{u_1} ι) allowed x) hw j
            (@Eq.symm.{u_1 + 1} ι j winner he));
      @of_eq_true
        (@Eq.{1} Real (@Transformer.ConvexRecall.basis.{u_1} ι winner j)
          (@OfNat.ofNat.{0} Real (nat_lit 0) (@Zero.toOfNat0.{0} Real Real.instZero)))
        (@Eq.trans.{1} Prop
          (@Eq.{1} Real (@Transformer.ConvexRecall.basis.{u_1} ι winner j)
            (@OfNat.ofNat.{0} Real (nat_lit 0) (@Zero.toOfNat0.{0} Real Real.instZero)))
          (@Eq.{1} Real (@OfNat.ofNat.{0} Real (nat_lit 0) (@Zero.toOfNat0.{0} Real Real.instZero))
            (@OfNat.ofNat.{0} Real (nat_lit 0) (@Zero.toOfNat0.{0} Real Real.instZero)))
          True
          (@congrFun'.{1, 1} Real Prop (@Eq.{1} Real (@Transformer.ConvexRecall.basis.{u_1} ι winner j))
            (@Eq.{1} Real (@OfNat.ofNat.{0} Real (nat_lit 0) (@Zero.toOfNat0.{0} Real Real.instZero)))
            (@congrArg.{1, 1} Real (Real → Prop) (@Transformer.ConvexRecall.basis.{u_1} ι winner j)
              (@OfNat.ofNat.{0} Real (nat_lit 0) (@Zero.toOfNat0.{0} Real Real.instZero)) (@Eq.{1} Real)
              (@ite_eq_right_of_eq_false.{1} Real (@Eq.{u_1 + 1} ι j winner)
                (Classical.propDecidable (@Eq.{u_1 + 1} ι j winner))
                (@OfNat.ofNat.{0} Real (nat_lit 1) (@One.toOfNat1.{0} Real Real.instOne))
                (@OfNat.ofNat.{0} Real (nat_lit 0) (@Zero.toOfNat0.{0} Real Real.instZero))
                (@eq_false (@Eq.{u_1 + 1} ι j winner) h)))
            (@OfNat.ofNat.{0} Real (nat_lit 0) (@Zero.toOfNat0.{0} Real Real.instZero)))
          (@eq_self.{1} Real (@OfNat.ofNat.{0} Real (nat_lit 0) (@Zero.toOfNat0.{0} Real Real.instZero)))))
'Transformer.GPTMini.Convex.sparseWeights_spec' depends on axioms: [propext, Classical.choice.{u}, Quot.sound.{u}]
'Transformer.ConvexRecall.routing_minimizer_unique' depends on axioms: [propext, Classical.choice.{u}, Quot.sound.{u}]
'Transformer.ConvexRecall.basis_mem_simplex' depends on axioms: [propext, Classical.choice.{u}, Quot.sound.{u}]
'Transformer.GPTMini.Sparsemax.sparseWeights_eq_basis_of_gap' depends on axioms: [propext,
 Classical.choice.{u},
 Quot.sound.{u}]
'Transformer.GPTMini.Sparsemax.sparseWeights_eventually_eq_basis' depends on axioms: [propext,
 Classical.choice.{u},
 Quot.sound.{u}]
'Transformer.GPTMini.Sparsemax.sparseWeights_hasFDerivAt_zero' depends on axioms: [propext,
 Classical.choice.{u},
 Quot.sound.{u}]
'Transformer.GPTMini.Sparsemax.rowLoss_hasFDerivAt_zero' depends on axioms: [propext,
 Classical.choice.{u},
 Quot.sound.{u}]
'Transformer.GPTMini.Sparsemax.separatedScores_gap' depends on axioms: [propext, Classical.choice.{u}, Quot.sound.{u}]
'Transformer.GPTMini.Sparsemax.wrong_route_positive_stationary_point' depends on axioms: [propext,
 Classical.choice.{u},
 Quot.sound.{u}]
'Transformer.GPTMini.Sparsemax.Certificate.train_certificate' does not depend on any axioms
'Transformer.GPTMini.Sparsemax.Certificate.heldout_certificate' does not depend on any axioms
'Transformer.GPTMini.Sparsemax.Certificate.train_accuracy_exact' depends on axioms: [propext,
 Classical.choice.{u},
 Quot.sound.{u}]
'Transformer.GPTMini.Sparsemax.Certificate.heldout_accuracy_exact' depends on axioms: [propext,
 Classical.choice.{u},
 Quot.sound.{u}]
'Transformer.GPTMini.Sparsemax.Certificate.heldout_percentage_rounding_interval' depends on axioms: [propext,
 Classical.choice.{u},
 Quot.sound.{u}]
'Transformer.GPTMini.Sparsemax.Certificate.heldout_accuracy_below_target' depends on axioms: [propext,
 Classical.choice.{u},
 Quot.sound.{u}]
