numerator,denominator,predicted_answer,EOS_correct
59,19,125,1
15,178,192,1
176,144,87,1
63,181,43,1
129,74,20,1
69,138,97,1
151,165,98,1
150,69,170,1
80,101,125,1
187,39,178,1
96,148,178,1
135,69,153,1
85,133,79,1
170,5,34,1
47,25,164,1
171,163,168,1
69,168,59,1
35,88,64,1
27,154,29,1
157,124,118,1
42,121,112,1
145,134,184,1
50,136,77,1
15,6,99,1
168,132,89,1
136,6,87,1
173,101,17,1
175,169,49,1
77,18,15,1
49,67,139,1
96,16,6,1
96,62,14,1
93,36,83,1
98,73,41,1
138,79,141,1
19,12,82,1
7,38,117,1
127,89,86,1
99,31,53,1
79,153,109,1
0,19,0,1
2,142,87,1
83,8,131,1
130,130,1,1
55,146,44,1
28,156,114,1
37,116,185,1
99,182,184,1
185,159,57,1
35,63,22,1
49,74,45,1
75,177,128,1
51,96,91,1
154,108,5,1
161,137,166,1
44,138,115,1
11,87,9,1
120,164,109,1
142,151,15,1
127,71,48,1
133,180,64,1
89,149,55,1
157,33,34,1
123,162,133,1
177,181,130,1
49,75,83,1
109,192,84,1
189,84,147,1
76,67,125,1
42,124,184,1
13,150,76,1
62,127,40,1
64,88,106,1
136,83,90,1
9,61,171,1
57,161,149,1
22,133,109,1
119,114,84,1
129,167,47,1
90,185,37,1
141,30,24,1
100,101,108,1
121,76,60,1
139,186,118,1
64,109,36,1
178,10,95,1
116,74,12,1
147,69,128,1
23,192,170,1
108,22,40,1
127,192,66,1
105,139,116,1
113,82,112,1
49,39,26,1
168,131,72,1
116,168,88,1
80,25,119,1
165,39,123,1
42,58,34,1
127,189,113,1
134,26,20,1
10,185,47,1
152,56,113,1
182,78,131,1
128,33,115,1
111,112,113,1
99,91,175,1
101,92,192,1
87,136,161,1
46,82,90,1
116,101,133,1
3,3,1,1
17,3,70,1
125,98,19,1
56,36,23,1
125,192,68,1
167,192,26,1
133,44,139,1
49,167,154,1
24,147,75,1
94,42,39,1
168,38,106,1
187,181,97,1
183,15,128,1
126,136,140,1
109,117,123,1
34,165,178,1
24,101,134,1
53,116,72,1
43,81,184,1
127,124,152,1
139,75,7,1
37,175,73,1
110,141,35,1
29,46,30,1
106,34,128,1
129,163,15,1
32,155,182,1
116,150,114,1
115,114,172,1
29,168,22,1
159,57,145,1
141,86,152,1
158,3,117,1
15,138,105,1
27,16,62,1
89,53,100,1
128,165,23,1
79,152,144,1
55,115,76,1
188,87,31,1
25,186,24,1
189,3,63,1
72,155,120,1
79,105,32,1
124,183,142,1
58,97,116,1
2,161,12,1
69,60,88,1
31,156,140,1
155,46,167,1
32,64,97,1
121,60,76,1
14,81,24,1
155,145,41,1
82,30,170,1
104,74,64,1
132,31,135,1
162,149,163,1
18,119,78,1
118,74,132,1
153,82,56,1
136,16,105,1
143,91,167,1
86,172,97,1
150,177,63,1
85,12,184,1
82,57,59,1
114,191,136,1
0,189,0,1
11,78,62,1
57,169,70,1
6,72,177,1
136,55,13,1
67,186,18,1
111,58,145,1
91,174,46,1
113,43,52,1
154,177,111,1
127,167,151,1
35,4,57,1
147,130,62,1
19,29,187,1
54,185,138,1
107,159,82,1
33,140,54,1
115,67,19,1
13,58,130,1
139,122,66,1
115,24,45,1
39,85,5,1
108,65,162,1
158,65,44,1
19,127,143,1
18,134,124,1
42,78,149,1
29,104,184,1
148,143,136,1
48,25,110,1
186,97,179,1
67,132,78,1
123,17,64,1
98,148,45,1
141,13,189,1
0,23,0,1
135,166,188,1
170,6,157,1
81,92,175,1
116,86,136,1
33,17,36,1
41,181,77,1
190,70,113,1
124,83,48,1
120,44,108,1
129,78,113,1
109,96,168,1
181,164,47,1
154,23,99,1
67,106,68,1
58,56,132,1
159,35,181,1
39,37,48,1
185,45,47,1
173,85,136,1
181,107,54,1
181,178,78,1
167,83,102,1
188,58,143,1
165,16,143,1
17,61,130,1
166,167,53,1
109,159,116,1
108,119,82,1
83,174,148,1
68,151,173,1
17,43,153,1
166,100,75,1
1,16,181,1
14,91,15,1
37,110,160,1
106,187,111,1
189,171,123,1
45,192,148,1
117,47,138,1
40,89,59,1
142,60,86,1
133,51,101,1
78,178,72,1
165,171,89,1
61,166,155,1
82,106,161,1
41,150,17,1
190,176,91,1
162,70,74,1
134,14,175,1
26,136,179,1
182,104,50,1
42,128,130,1
44,153,134,1
47,160,98,1
148,109,35,1
68,69,180,1
64,146,167,1
91,92,87,1
42,15,80,1
39,64,76,1
109,65,67,1
101,143,25,1
6,83,21,1
185,13,133,1
34,22,177,1
121,139,130,1
113,132,169,1
24,105,105,1
101,39,156,1
189,75,72,1
135,5,27,1
28,41,76,1
126,102,58,1
149,155,184,1
14,173,173,1
179,131,187,1
114,78,46,1
49,81,84,1
7,93,191,1
55,35,167,1
27,18,98,1
80,80,1,1
32,28,139,1
115,123,150,1
92,150,137,1
23,40,44,1
116,85,99,1
180,113,46,1
6,185,144,1
72,178,111,1
12,9,130,1
91,80,129,1
152,175,13,1
170,15,140,1
177,60,167,1
76,175,103,1
161,36,42,1
164,74,190,1
189,17,136,1
162,144,170,1
143,167,91,1
191,161,181,1
90,114,143,1
159,147,135,1
105,160,67,1
145,177,3,1
68,157,41,1
52,134,58,1
57,160,86,1
145,76,40,1
113,23,114,1
159,175,152,1
3,19,183,1
16,173,115,1
155,86,22,1
53,58,144,1
42,5,47,1
174,158,177,1
151,79,41,1
158,138,141,1
73,176,166,1
86,60,188,1
156,106,118,1
139,167,106,1
187,155,183,1
96,127,174,1
115,90,12,1
105,56,26,1
79,52,124,1
86,168,12,1
165,95,83,1
165,135,87,1
95,79,160,1
71,81,39,1
145,172,85,1
182,165,90,1
104,68,81,1
18,18,1,1
62,102,99,1
86,136,117,1
163,45,128,1
181,99,111,1
35,78,92,1
192,56,31,1
186,146,33,1
163,117,168,1
63,34,87,1
168,147,139,1
77,173,83,1
11,46,38,1
105,77,54,1
130,9,186,1
13,34,165,1
119,123,172,1
17,133,93,1
73,116,172,1
90,82,67,1
54,84,42,1
158,186,5,1
52,77,126,1
9,81,43,1
41,22,151,1
32,5,45,1
128,14,147,1
93,90,149,1
93,6,112,1
64,142,82,1
36,62,150,1
33,185,20,1
142,81,78,1
26,14,57,1
67,87,125,1
149,20,75,1
87,161,136,1
189,130,190,1
172,77,105,1
146,82,143,1
162,79,90,1
22,146,172,1
62,173,132,1
56,6,138,1
28,6,69,1
167,43,152,1
167,144,99,1
131,164,82,1
122,80,16,1
146,28,19,1
184,47,123,1
153,76,162,1
150,103,127,1
16,121,107,1
45,158,109,1
158,86,132,1
62,191,162,1
169,30,115,1
31,12,83,1
73,189,30,1
86,96,21,1
130,118,24,1
167,110,91,1
163,23,91,1
111,44,42,1
131,172,150,1
137,4,179,1
128,42,49,1
15,80,157,1
114,185,34,1
144,35,153,1
154,111,177,1
192,51,140,1
63,144,109,1
117,122,50,1
146,86,78,1
48,9,134,1
152,66,14,1
26,116,130,1
78,11,165,1
87,21,142,1
190,87,173,1
12,131,143,1
191,129,187,1
191,118,157,1
121,22,102,1
5,159,85,1
118,58,22,1
96,45,15,1
56,5,127,1
65,85,137,1
147,136,99,1
133,89,8,1
20,10,2,1
28,23,18,1
119,21,70,1
98,8,157,1
171,1,171,1
139,174,13,1
169,68,11,1
105,182,8,1
192,54,25,1
75,82,88,1
135,78,24,1
123,58,72,1
109,1,109,1
181,174,153,1
58,102,186,1
74,51,62,1
55,148,106,1
11,66,161,1
31,176,89,1
57,28,133,1
112,171,30,1
80,93,115,1
83,179,63,1
169,3,185,1
43,76,125,1
124,163,176,1
116,64,38,1
1,26,52,1
101,25,143,1
28,174,29,1
19,54,104,1
139,191,27,1
189,113,29,1
35,76,3,1
3,100,56,1
21,181,143,1
8,181,128,1
50,49,131,1
28,175,170,1
57,63,102,1
40,136,23,1
169,122,158,1
46,129,138,1
60,186,19,1
146,192,47,1
93,33,73,1
165,192,28,1
127,176,72,1
161,147,93,1
164,189,152,1
85,85,1,1
122,42,104,1
130,41,22,1
33,160,192,1
183,155,112,1
155,148,18,1
52,178,48,1
39,18,163,1
165,113,10,1
65,96,63,1
94,31,140,1
59,163,146,1
175,176,160,1
12,128,175,1
79,42,80,1
84,179,187,1
69,132,40,1
154,168,17,1
54,86,50,1
170,50,42,1
11,169,88,1
117,158,129,1
131,6,54,1
28,110,95,1
10,107,148,1
134,141,183,1
23,116,115,1
72,145,95,1
53,174,48,1
78,157,30,1
6,92,63,1
52,88,62,1
24,37,178,1
133,23,182,1
191,186,83,1
77,166,183,1
24,28,56,1
90,104,12,1
119,49,30,1
47,154,172,1
136,101,116,1
40,2,20,1
180,136,7,1
99,114,138,1
28,76,41,1
23,158,60,1
82,96,29,1
61,88,95,1
82,40,31,1
120,83,34,1
128,116,61,1
79,83,180,1
156,55,66,1
156,128,152,1
74,156,191,1
98,94,38,1
173,50,154,1
1,54,168,1
75,165,18,1
176,48,68,1
54,85,96,1
153,54,35,1
120,130,90,1
13,93,79,1
30,68,131,1
68,123,181,1
21,179,95,1
61,94,130,1
152,83,146,1
10,160,181,1
171,167,179,1
79,146,179,1
61,140,170,1
23,81,67,1
173,95,142,1
32,139,28,1
147,66,11,1
120,140,56,1
9,82,26,1
93,4,168,1
36,89,111,1
87,104,166,1
51,172,163,1
45,95,163,1
116,50,149,1
86,58,88,1
86,188,60,1
14,174,111,1
61,119,7,1
134,148,160,1
162,178,105,1
181,175,65,1
4,104,52,1
149,96,88,1
23,184,169,1
5,131,140,1
142,17,190,1
144,137,25,1
133,15,189,1
150,92,31,1
32,99,90,1
14,127,146,1
35,112,133,1
120,34,83,1
45,142,124,1
22,178,50,1
40,156,25,1
167,32,156,1
67,110,55,1
93,61,30,1
37,170,183,1
77,113,69,1
4,67,98,1
159,167,31,1
157,192,36,1
124,65,186,1
33,104,43,1
179,80,188,1
50,120,113,1
49,164,178,1
185,41,61,1
101,126,131,1
160,61,145,1
29,65,140,1
175,16,23,1
107,58,105,1
192,164,20,1
97,7,69,1
156,161,164,1
148,74,2,1
123,130,44,1
93,29,123,1
105,176,96,1
168,144,162,1
189,187,65,1
75,152,17,1
175,66,105,1
27,48,85,1
82,31,40,1
73,68,55,1
34,150,80,1
136,141,131,1
124,87,119,1
13,59,82,1
100,144,124,1
84,129,59,1
166,158,89,1
108,160,102,1
136,19,190,1
172,67,161,1
137,113,20,1
61,165,115,1
93,54,184,1
16,160,58,1
166,143,43,1
104,37,128,1
110,13,53,1
97,59,18,1
114,154,101,1
83,52,35,1
150,39,182,1
65,36,168,1
59,65,185,1
126,27,69,1
64,32,2,1
120,166,17,1
28,164,19,1
192,143,166,1
61,98,105,1
47,128,26,1
189,87,102,1
78,71,31,1
9,110,65,1
42,119,182,1
82,3,156,1
135,153,69,1
59,151,187,1
111,141,9,1
105,63,66,1
187,24,48,1
47,109,135,1
135,31,160,1
54,15,158,1
103,49,73,1
133,20,190,1
175,65,166,1
62,35,90,1
118,182,77,1
92,157,169,1
119,67,117,1
131,34,89,1
78,153,27,1
97,62,179,1
9,160,105,1
139,69,16,1
10,75,13,1
73,18,122,1
94,160,3,1
115,111,161,1
70,10,7,1
89,178,97,1
71,82,55,1
115,93,105,1
54,157,95,1
42,149,78,1
92,94,79,1
88,170,164,1
142,24,22,1
2,126,144,1
166,163,136,1
106,11,150,1
51,30,21,1
159,162,26,1
177,175,151,1
69,187,85,1
66,64,188,1
105,169,68,1
62,57,167,1
106,74,184,1
9,77,148,1
30,111,42,1
63,60,30,1
11,183,134,1
20,33,24,1
94,134,90,1
18,26,164,1
65,131,83,1
123,118,91,1
1,163,45,1
0,63,0,1
60,157,127,1
55,68,15,1
191,72,134,1
162,125,26,1
117,109,102,1
144,144,1,1
82,76,189,1
89,116,59,1
7,85,184,1
33,81,29,1
80,3,91,1
25,131,121,1
51,70,9,1
137,183,160,1
19,178,166,1
145,98,161,1
90,65,135,1
82,50,102,1
181,163,39,1
4,185,96,1
110,126,7,1
161,161,1,1
30,64,103,1
167,148,185,1
102,114,72,1
143,192,50,1
125,178,56,1
104,71,170,1
153,122,6,1
146,1,146,1
7,132,60,1
80,161,94,1
147,145,9,1
82,100,51,1
186,162,187,1
30,136,162,1
105,1,105,1
183,169,113,1
94,170,105,1
103,13,97,1
51,88,187,1
116,154,96,1
23,3,72,1
122,143,13,1
4,163,180,1
101,148,135,1
152,22,42,1
156,71,62,1
40,161,47,1
171,97,149,1
139,109,42,1
150,16,130,1
77,81,132,1
72,15,82,1
157,100,100,1
183,160,12,1
123,191,35,1
81,6,110,1
52,15,145,1
3,143,81,1
61,30,150,1
119,178,95,1
60,20,3,1
125,54,156,1
40,160,145,1
42,45,91,1
24,94,29,1
11,166,164,1
163,105,110,1
77,6,45,1
71,65,10,1
130,106,34,1
166,98,175,1
63,94,52,1
72,161,46,1
29,72,180,1
71,171,181,1
163,90,64,1
153,147,68,1
37,178,49,1
191,191,1,1
157,137,42,1
162,163,149,1
183,79,166,1
133,71,184,1
104,29,150,1
143,127,30,1
58,113,62,1
163,157,33,1
62,130,143,1
132,135,31,1
170,118,165,1
70,78,184,1
109,33,15,1
25,31,144,1
151,70,38,1
178,6,94,1
1,11,158,1
109,56,95,1
23,38,26,1
14,102,178,1
175,51,11,1
15,72,153,1
35,8,125,1
43,71,74,1
130,36,143,1
82,28,127,1
47,144,66,1
163,25,76,1
91,122,189,1
152,115,3,1
59,120,60,1
89,20,72,1
157,140,99,1
89,122,170,1
78,85,10,1
131,18,18,1
91,177,127,1
24,103,167,1
107,18,81,1
123,94,28,1
141,185,103,1
52,25,87,1
143,54,92,1
90,3,30,1
111,144,45,1
168,11,103,1
15,104,2,1
48,113,38,1
142,160,177,1
34,28,15,1
83,144,18,1
68,110,148,1
186,108,184,1
143,10,188,1
127,132,96,1
184,63,55,1
183,153,145,1
12,79,71,1
44,28,167,1
26,78,129,1
93,31,3,1
43,27,166,1
160,148,168,1
25,21,185,1
52,48,178,1
121,166,67,1
14,44,167,1
159,13,131,1
169,61,123,1
67,130,2,1
29,13,121,1
159,136,48,1
18,25,186,1
76,149,86,1
180,77,65,1
141,172,76,1
120,76,93,1
25,127,178,1
2,168,108,1
48,155,80,1
76,126,68,1
157,59,55,1
123,86,71,1
131,148,70,1
24,78,30,1
85,57,120,1
89,165,114,1
73,154,107,1
49,108,63,1
69,25,134,1
186,178,142,1
90,12,104,1
96,186,69,1
17,48,125,1
5,104,65,1
28,105,26,1
59,23,162,1
166,184,3,1
191,107,9,1
158,60,112,1
86,155,79,1
136,61,75,1
15,26,8,1
127,5,64,1
173,144,91,1
177,155,102,1
176,65,71,1
149,35,98,1
175,170,177,1
153,9,17,1
26,68,165,1
100,46,170,1
130,187,107,1
46,134,81,1
145,106,127,1
40,145,160,1
80,82,81,1
158,149,128,1
118,111,88,1
178,61,101,1
49,61,159,1
164,120,85,1
74,5,92,1
51,179,148,1
132,157,125,1
146,11,101,1
87,130,17,1
45,130,82,1
96,91,158,1
114,101,154,1
173,168,78,1
132,190,149,1
92,136,188,1
58,32,38,1
52,192,141,1
175,190,6,1
103,19,107,1
177,8,191,1
154,44,100,1
169,120,77,1
180,4,45,1
135,64,174,1
21,128,65,1
17,33,59,1
44,176,145,1
41,69,188,1
10,34,23,1
23,46,97,1
10,88,101,1
151,85,54,1
169,177,98,1
72,168,28,1
149,78,138,1
184,8,23,1
191,187,129,1
72,75,55,1
93,59,67,1
1,58,10,1
6,97,12,1
180,163,187,1
169,100,131,1
127,185,153,1
58,68,86,1
32,97,64,1
14,42,129,1
102,127,16,1
94,143,29,1
51,61,4,1
59,25,95,1
42,95,165,1
53,167,139,1
52,64,37,1
87,60,69,1
110,20,102,1
154,147,47,1
44,174,18,1
15,136,81,1
164,168,171,1
146,90,126,1
71,155,54,1
32,87,149,1
2,11,123,1
173,58,186,1
109,2,151,1
45,78,8,1
112,159,167,1
16,111,61,1
166,6,92,1
79,134,51,1
28,45,125,1
132,76,83,1
32,152,51,1
93,162,190,1
128,20,45,1
97,8,181,1
169,113,174,1
176,162,13,1
138,3,46,1
19,89,139,1
103,132,166,1
29,109,149,1
136,59,71,1
169,182,125,1
55,53,103,1
67,80,148,1
169,154,60,1
163,34,124,1
76,119,72,1
51,154,162,1
31,70,119,1
148,5,184,1
169,65,157,1
173,93,116,1
174,9,148,1
39,152,32,1
189,158,149,1
187,110,21,1
88,152,92,1
5,2,99,1
178,106,100,1
121,114,40,1
126,42,3,1
63,116,122,1
50,121,69,1
84,159,77,1
6,190,191,1
51,131,77,1
139,12,92,1
134,76,17,1
3,192,190,1
91,4,71,1
74,78,189,1
25,145,100,1
53,34,64,1
131,45,123,1
90,64,116,1
187,19,20,1
150,132,45,1
121,75,138,1
177,9,84,1
106,60,124,1
44,99,172,1
173,42,119,1
109,178,160,1
186,60,61,1
78,56,91,1
188,41,14,1
81,128,168,1
58,14,142,1
171,176,24,1
114,99,7,1
56,29,155,1
89,27,182,1
182,45,137,1
10,105,92,1
154,25,176,1
58,167,72,1
13,90,191,1
136,37,108,1
6,62,25,1
93,122,15,1
73,118,156,1
121,174,146,1
112,4,28,1
56,70,78,1
171,169,17,1
95,50,137,1
119,75,174,1
149,110,154,1
8,46,168,1
158,98,41,1
186,84,16,1
125,109,10,1
184,158,94,1
107,72,165,1
181,186,112,1
139,98,157,1
9,36,145,1
3,120,111,1
74,161,58,1
82,53,129,1
103,160,108,1
48,78,60,1
59,93,121,1
127,8,40,1
85,123,178,1
90,109,123,1
41,172,44,1
176,25,146,1
133,190,20,1
27,182,173,1
15,67,78,1
17,181,79,1
186,188,40,1
112,63,109,1
24,134,101,1
101,43,137,1
138,108,12,1
121,84,137,1
94,8,60,1
129,104,133,1
85,55,177,1
109,171,74,1
124,151,43,1
126,29,11,1
53,119,101,1
94,175,102,1
7,175,139,1
29,53,128,1
97,42,108,1
128,18,50,1
65,149,38,1
8,4,2,1
49,156,103,1
108,3,36,1
84,123,76,1
59,67,191,1
135,72,26,1
116,130,87,1
56,160,10,1
63,89,146,1
82,51,100,1
37,2,115,1
185,58,113,1
84,126,65,1
181,46,134,1
186,80,94,1
149,68,181,1
176,155,36,1
77,184,163,1
21,44,154,1
49,80,114,1
36,90,39,1
16,35,17,1
60,185,89,1
80,95,11,1
41,75,34,1
161,150,95,1
66,103,25,1
4,174,142,1
156,23,183,1
178,127,9,1
164,66,137,1
7,74,34,1
139,60,57,1
90,113,23,1
108,125,146,1
181,41,188,1
28,118,118,1
17,186,163,1
1,175,75,1
172,89,80,1
118,181,151,1
30,47,169,1
116,123,59,1
18,127,105,1
145,119,178,1
128,151,144,1
70,15,69,1
5,122,144,1
135,154,145,1
180,22,131,1
113,57,46,1
106,190,29,1
164,3,119,1
17,57,24,1
56,34,13,1
80,183,185,1
35,104,69,1
44,58,54,1
106,108,26,1
158,72,29,1
122,74,179,1
107,180,66,1
134,137,101,1
136,23,115,1
42,176,77,1
146,16,178,1
156,4,39,1
75,118,192,1
27,11,20,1
100,23,147,1
29,41,189,1
7,101,23,1
21,90,71,1
129,45,183,1
162,27,6,1
51,18,35,1
142,127,185,1
24,138,168,1
11,31,156,1
182,163,84,1
174,85,52,1
89,54,91,1
185,106,182,1
175,112,86,1
59,167,20,1
89,167,4,1
62,65,93,1
166,43,143,1
61,86,178,1
171,112,148,1
162,180,136,1
60,115,118,1
116,132,112,1
113,169,132,1
168,3,56,1
101,32,166,1
43,170,124,1
121,178,82,1
95,32,9,1
180,73,95,1
22,108,111,1
52,95,94,1
83,72,36,1
39,162,61,1
55,154,152,1
173,12,127,1
75,18,165,1
77,57,86,1
3,186,165,1
153,55,87,1
93,173,5,1
129,75,187,1
144,171,11,1
99,3,33,1
15,190,188,1
133,126,119,1
112,155,58,1
129,83,162,1
62,185,137,1
140,167,54,1
79,122,75,1
70,113,168,1
4,17,57,1
108,68,47,1
47,100,41,1
151,129,67,1
66,119,93,1
38,4,106,1
129,22,155,1
63,30,60,1
114,177,17,1
119,50,68,1
12,106,113,1
58,55,173,1
154,125,151,1
144,178,29,1
80,109,45,1
135,90,98,1
149,63,33,1
40,40,1,1
91,105,181,1
184,169,121,1
134,42,187,1
83,157,121,1
7,42,161,1
1,115,47,1
139,21,25,1
176,66,67,1
144,158,40,1
133,114,162,1
175,20,57,1
157,32,23,1
62,95,23,1
158,68,8,1
11,30,84,1
24,106,33,1
150,40,52,1
49,30,111,1
89,10,144,1
97,72,63,1
30,148,128,1
111,99,83,1
50,112,190,1
35,58,157,1
85,62,129,1
30,33,36,1
110,78,41,1
102,151,163,1
112,172,59,1
123,151,66,1
80,5,16,1
76,129,35,1
63,189,129,1
26,181,30,1
130,115,127,1
172,117,79,1
52,74,32,1
157,99,140,1
7,25,8,1
39,57,21,1
19,148,184,1
116,97,39,1
98,41,73,1
102,180,7,1
90,88,137,1
57,68,191,1
192,129,190,1
30,85,182,1
78,91,56,1
90,190,163,1
59,184,165,1
33,162,111,1
14,118,59,1
29,98,148,1
119,25,136,1
189,125,159,1
21,99,47,1
84,14,6,1
29,165,61,1
170,101,145,1
156,87,75,1
101,52,117,1
153,162,76,1
33,88,121,1
110,32,112,1
43,18,56,1
154,173,166,1
118,99,163,1
38,84,51,1
188,30,32,1
86,180,127,1
187,188,117,1
147,107,14,1
40,32,146,1
116,131,160,1
115,11,28,1
187,93,112,1
80,21,13,1
181,51,136,1
108,106,52,1
23,143,42,1
65,16,185,1
118,152,176,1
152,44,21,1
87,43,11,1
147,74,135,1
181,56,179,1
74,152,130,1
98,102,88,1
57,184,58,1
182,188,118,1
108,21,143,1
2,121,134,1
111,182,25,1
154,134,53,1
43,133,99,1
158,58,36,1
156,114,42,1
96,137,81,1
96,57,22,1
25,165,6,1
43,119,122,1
48,160,174,1
93,79,116,1
103,152,134,1
2,74,120,1
83,81,32,1
165,79,156,1
174,37,36,1
179,41,155,1
118,117,34,1
87,154,72,1
67,13,20,1
70,141,110,1
70,61,172,1
101,191,46,1
99,129,104,1
70,88,128,1
8,178,141,1
3,177,36,1
97,157,67,1
45,112,171,1
146,84,135,1
156,75,87,1
6,25,62,1
21,185,118,1
87,64,125,1
87,68,129,1
112,7,16,1
134,57,87,1
13,98,73,1
148,73,121,1
6,16,121,1
66,175,125,1
103,10,184,1
131,71,10,1
37,67,38,1
61,95,88,1
89,113,175,1
144,55,150,1
87,160,50,1
141,179,114,1
160,137,135,1
16,24,65,1
2,16,169,1
115,53,75,1
27,134,186,1
130,21,190,1
164,113,162,1
13,109,140,1
124,57,141,1
167,116,63,1
22,144,35,1
135,161,38,1
108,10,88,1
88,24,68,1
65,54,112,1
37,186,105,1
130,49,109,1
164,4,41,1
80,88,36,1
88,9,117,1
173,98,51,1
41,58,24,1
25,90,11,1
61,71,96,1
178,70,179,1
133,26,161,1
137,40,153,1
168,19,19,1
171,94,86,1
34,142,128,1
112,56,2,1
7,178,51,1
97,64,95,1
23,173,105,1
98,99,155,1
121,39,13,1
62,154,38,1
88,123,98,1
167,138,11,1
13,9,173,1
121,4,175,1
126,46,137,1
96,9,75,1
121,23,64,1
123,54,13,1
148,84,158,1
125,171,161,1
6,27,86,1
13,57,7,1
22,27,58,1
148,90,96,1
192,88,125,1
187,5,76,1
192,38,66,1
59,79,140,1
56,98,166,1
45,56,149,1
140,36,154,1
118,121,186,1
127,4,80,1
188,2,94,1
19,35,177,1
65,25,157,1
105,52,28,1
63,75,24,1
25,128,59,1
17,102,161,1
104,149,138,1
120,184,51,1
173,141,134,1
121,186,93,1
87,74,9,1
100,118,63,1
168,137,190,1
36,172,81,1
142,99,134,1
31,26,68,1
132,66,2,1
29,178,101,1
171,191,11,1
116,57,107,1
100,108,101,1
99,109,116,1
103,180,96,1
164,164,1,1
46,110,32,1
170,121,3,1
87,182,150,1
192,40,82,1
147,100,42,1
107,1,107,1
108,16,55,1
174,139,104,1
8,92,84,1
13,162,149,1
110,111,154,1
2,125,17,1
137,127,188,1
96,40,41,1
8,125,68,1
69,72,9,1
72,81,151,1
17,15,14,1
71,60,43,1
23,66,91,1
114,22,128,1
188,62,140,1
148,49,133,1
128,147,14,1
82,66,165,1
86,121,165,1
0,99,0,1
160,31,111,1
68,101,58,1
192,123,91,1
144,83,118,1
66,146,130,1
150,97,107,1
103,154,32,1
156,24,103,1
188,172,37,1
171,127,129,1
10,2,5,1
100,84,185,1
46,29,148,1
117,63,57,1
13,84,53,1
77,15,18,1
103,168,158,1
137,96,112,1
98,83,150,1
72,112,42,1
178,97,163,1
165,117,41,1
110,31,16,1
122,109,141,1
130,24,118,1
128,66,154,1
181,177,49,1
85,33,102,1
58,40,69,1
24,180,13,1
145,176,105,1
59,95,25,1
46,21,186,1
55,31,8,1
121,163,41,1
38,14,113,1
23,90,41,1
33,167,21,1
20,66,12,1
183,107,45,1
144,166,59,1
67,88,117,1
27,44,5,1
11,177,132,1
183,49,51,1
171,111,85,1
178,29,86,1
78,176,143,1
56,23,36,1
51,148,179,1
190,145,181,1
44,177,142,1
163,22,139,1
15,88,55,1
113,103,151,1
56,170,157,1
70,139,13,1
164,178,92,1
10,56,76,1
114,152,49,1
144,73,76,1
117,164,169,1
106,24,117,1
94,155,28,1
187,162,50,1
77,89,157,1
34,143,146,1
178,142,23,1
94,102,175,1
129,10,148,1
39,69,160,1
19,58,190,1
125,122,126,1
38,48,41,1
104,112,125,1
144,190,145,1
139,25,21,1
127,24,142,1
95,137,50,1
126,110,138,1
91,159,3,1
111,32,106,1
112,16,7,1
7,58,70,1
125,130,142,1
167,141,97,1
14,140,58,1
139,107,50,1
120,57,124,1
141,102,166,1
142,112,115,1
109,48,143,1
4,25,170,1
67,105,76,1
37,163,121,1
123,20,93,1
170,186,86,1
9,149,127,1
135,107,68,1
0,152,0,1
57,20,109,1
167,9,40,1
93,141,91,1
184,24,72,1
115,17,143,1
7,182,52,1
1,86,101,1
150,159,41,1
24,51,114,1
39,7,171,1
177,147,143,1
101,170,4,1
125,107,113,1
13,179,68,1
35,33,42,1
172,36,112,1
105,3,35,1
167,57,179,1
22,57,190,1
40,111,56,1
108,94,34,1
120,7,155,1
114,74,85,1
56,27,95,1
177,176,35,1
175,87,73,1
125,9,164,1
178,30,96,1
112,191,137,1
15,37,63,1
145,79,102,1
82,99,110,1
94,190,33,1
71,117,27,1
148,53,21,1
76,40,137,1
67,188,141,1
89,45,32,1
53,113,50,1
184,180,164,1
64,173,74,1
46,23,2,1
31,147,121,1
52,104,97,1
81,8,179,1
179,143,8,1
125,68,192,1
185,128,12,1
159,145,57,1
167,97,141,1
133,101,51,1
186,87,82,1
95,185,157,1
29,56,66,1
46,42,93,1
104,136,137,1
99,103,134,1
52,52,1,1
109,128,126,1
130,19,17,1
173,54,114,1
93,25,189,1
156,153,54,1
78,43,123,1
109,191,42,1
141,69,44,1
11,112,119,1
172,126,32,1
102,64,80,1
60,60,1,1
18,172,137,1
145,116,146,1
82,46,178,1
14,139,157,1
80,47,129,1
116,34,151,1
113,177,5,1
120,112,70,1
60,172,135,1
43,39,11,1
53,145,19,1
141,2,167,1
126,41,149,1
110,89,114,1
76,165,80,1
0,7,0,1
189,4,192,1
22,50,178,1
164,102,100,1
116,58,2,1
42,151,192,1
99,30,177,1
121,131,107,1
29,74,3,1
51,46,106,1
136,1,136,1
46,107,179,1
145,108,21,1
175,139,129,1
43,154,182,1
83,70,26,1
68,15,56,1
77,134,123,1
78,179,22,1
9,122,182,1
63,9,7,1
73,85,44,1
119,159,93,1
99,154,42,1
43,174,79,1
65,58,71,1
130,104,146,1
74,9,94,1
62,131,192,1
161,84,18,1
43,4,59,1
147,171,160,1
43,9,112,1
153,94,16,1
58,185,41,1
72,110,134,1
168,104,61,1
33,181,142,1
7,51,178,1
164,6,156,1
68,43,33,1
32,178,178,1
39,96,115,1
71,111,138,1
18,122,171,1
116,102,179,1
180,88,81,1
166,23,24,1
153,123,166,1
145,63,36,1
58,124,153,1
58,152,8,1
154,164,8,1
40,157,149,1
138,78,76,1
159,67,132,1
189,155,122,1
58,31,33,1
116,104,157,1
71,183,128,1
57,177,105,1
14,119,125,1
167,7,79,1
163,174,93,1
180,127,85,1
65,167,94,1
28,137,96,1
109,104,66,1
82,18,26,1
131,131,1,1
175,127,88,1
20,51,95,1
11,81,74,1
114,95,117,1
44,134,153,1
15,47,181,1
106,4,123,1
134,28,184,1
41,23,178,1
48,44,159,1
145,89,45,1
100,4,25,1
41,68,134,1
35,59,102,1
76,142,25,1
12,40,174,1
107,147,69,1
142,128,173,1
29,66,56,1
184,84,186,1
192,184,43,1
64,46,186,1
22,192,171,1
137,134,86,1
103,121,146,1
11,149,48,1
16,117,142,1
2,98,130,1
92,83,129,1
13,85,66,1
33,99,129,1
19,26,23,1
24,151,27,1
96,111,173,1
122,24,182,1
113,157,88,1
7,186,192,1
189,37,99,1
135,46,133,1
115,186,149,1
160,15,75,1
70,178,124,1
139,161,62,1
48,166,84,1
176,56,141,1
65,178,60,1
106,128,34,1
137,46,175,1
139,166,2,1
154,91,165,1
107,82,159,1
4,84,46,1
103,184,10,1
20,18,44,1
28,85,157,1
114,64,44,1
88,18,155,1
153,186,116,1
190,114,66,1
155,63,125,1
40,64,73,1
123,72,58,1
177,134,190,1
66,95,149,1
50,69,121,1
180,183,175,1
106,155,48,1
183,17,147,1
10,173,96,1
181,187,2,1
7,146,160,1
154,20,27,1
69,68,89,1
154,154,1,1
74,100,159,1
84,62,157,1
134,51,154,1
90,128,58,1
67,72,143,1
161,4,185,1
136,32,149,1
108,113,182,1
91,66,16,1
135,61,56,1
51,117,139,1
36,53,99,1
164,173,69,1
101,4,170,1
171,154,55,1
144,174,94,1
127,187,11,1
73,63,90,1
68,14,60,1
41,159,118,1
32,46,93,1
144,5,106,1
109,32,118,1
114,12,106,1
152,188,124,1
16,69,31,1
30,97,60,1
23,85,191,1
188,38,137,1
42,104,160,1
113,129,146,1
5,157,91,1
108,146,125,1
98,159,122,1
131,16,165,1
89,62,17,1
34,184,82,1
42,26,61,1
48,114,102,1
90,13,96,1
188,165,76,1
140,71,21,1
174,114,32,1
52,16,148,1
186,17,45,1
1,9,43,1
132,7,74,1
65,156,113,1
72,104,164,1
22,7,141,1
111,106,32,1
63,35,79,1
183,157,11,1
174,26,170,1
108,183,105,1
153,137,111,1
117,27,133,1
73,37,75,1
179,174,82,1
169,115,30,1
80,59,178,1
1,169,8,1
50,48,186,1
57,141,62,1
94,5,96,1
0,84,0,1
191,121,59,1
84,21,4,1
10,191,188,1
137,72,85,1
106,96,174,1
125,134,132,1
106,137,5,1
59,117,17,1
168,44,74,1
43,67,185,1
30,154,118,1
69,75,109,1
38,118,105,1
185,134,95,1
67,141,188,1
95,34,122,1
48,4,12,1
25,106,155,1
17,132,63,1
191,167,104,1
22,132,161,1
96,94,116,1
117,71,143,1
77,162,66,1
189,53,182,1
43,40,141,1
86,125,152,1
65,117,22,1
178,59,39,1
65,138,69,1
104,54,102,1
154,41,32,1
134,18,179,1
72,37,148,1
92,65,138,1
174,119,175,1
28,122,73,1
22,152,23,1
44,36,87,1
137,38,29,1
191,12,32,1
56,146,122,1
45,21,140,1
59,32,32,1
118,173,52,1
121,152,30,1
29,97,58,1
31,50,128,1
157,20,114,1
189,70,22,1
127,34,157,1
1,161,6,1
94,180,67,1
35,2,114,1
75,188,178,1
70,64,176,1
61,7,119,1
58,156,181,1
68,32,171,1
19,187,29,1
143,13,11,1
59,39,51,1
97,60,37,1
6,171,105,1
54,161,131,1
147,146,79,1
8,61,152,1
139,100,150,1
27,178,114,1
104,7,70,1
30,152,84,1
34,122,130,1
78,132,62,1
71,144,34,1
174,144,154,1
91,183,126,1
112,126,151,1
76,6,77,1
35,170,74,1
17,175,117,1
188,24,40,1
150,186,144,1
187,3,191,1
23,76,13,1
128,160,78,1
24,8,3,1
47,48,5,1
150,90,66,1
105,30,100,1
35,116,175,1
159,45,55,1
151,135,34,1
55,74,19,1
37,103,169,1
62,117,116,1
46,38,52,1
151,93,12,1
93,3,31,1
18,76,178,1
80,122,181,1
118,82,105,1
47,94,97,1
89,28,79,1
119,42,35,1
177,148,99,1
181,77,60,1
59,132,37,1
141,164,75,1
50,172,16,1
29,154,24,1
106,75,22,1
186,88,103,1
101,168,50,1
103,34,179,1
19,82,12,1
149,19,18,1
167,66,23,1
90,90,1,1
38,78,144,1
84,75,32,1
20,192,173,1
182,119,81,1
32,40,78,1
46,114,146,1
54,11,40,1
138,21,172,1
173,60,64,1
113,140,27,1
141,117,21,1
4,6,65,1
35,35,1,1
119,39,8,1
86,190,100,1
183,125,108,1
82,134,136,1
184,31,118,1
0,92,0,1
67,52,5,1
113,81,111,1
84,85,85,1
1,82,153,1
165,100,185,1
105,54,77,1
70,171,67,1
13,21,19,1
145,24,191,1
6,57,122,1
130,67,97,1
124,97,55,1
27,118,100,1
186,171,167,1
139,116,116,1
110,64,56,1
125,41,36,1
36,1,36,1
137,124,12,1
111,50,91,1
100,122,178,1
158,37,46,1
122,176,95,1
189,69,137,1
150,178,183,1
50,164,158,1
51,41,166,1
100,174,76,1
146,52,129,1
157,58,26,1
176,102,32,1
134,128,185,1
186,72,83,1
87,71,42,1
167,189,103,1
110,3,101,1
10,38,112,1
81,168,128,1
17,60,100,1
186,155,117,1
73,77,21,1
3,25,31,1
128,115,33,1
173,124,87,1
2,182,70,1
50,105,74,1
125,138,103,1
105,184,117,1
90,2,45,1
42,76,158,1
151,117,158,1
99,61,144,1
161,136,136,1
179,155,41,1
53,1,53,1
111,175,26,1
36,3,12,1
113,28,135,1
24,102,57,1
155,160,7,1
136,43,66,1
54,111,37,1
102,138,135,1
146,153,6,1
150,121,14,1
34,175,41,1
144,109,81,1
8,82,66,1
67,68,106,1
184,116,148,1
75,159,117,1
46,52,38,1
169,42,27,1
128,143,175,1
74,14,88,1
137,14,189,1
151,17,77,1
83,141,158,1
91,166,111,1
39,63,19,1
145,88,17,1
144,71,176,1
45,63,111,1
1,137,31,1
175,23,16,1
163,172,29,1
1,120,37,1
26,175,20,1
172,8,118,1
150,46,62,1
99,58,25,1
181,192,12,1
36,84,28,1
126,104,94,1
161,186,170,1
128,47,52,1
164,17,21,1
4,27,186,1
12,24,97,1
1,81,112,1
168,151,189,1
33,13,151,1
136,170,78,1
30,120,145,1
94,50,164,1
0,49,0,1
20,164,179,1
60,111,84,1
140,169,155,1
58,22,143,1
139,31,129,1
47,28,174,1
191,178,13,1
163,120,48,1
134,59,192,1
3,47,152,1
89,142,108,1
161,188,45,1
31,14,16,1
160,136,92,1
96,59,175,1
192,181,177,1
108,18,6,1
162,134,151,1
32,34,35,1
83,76,156,1
83,54,48,1
127,153,185,1
10,63,89,1
100,41,106,1
61,168,13,1
163,41,84,1
15,118,77,1
179,170,9,1
78,97,156,1
24,57,102,1
93,132,163,1
105,84,146,1
91,1,91,1
45,187,89,1
184,159,40,1
143,60,160,1
87,20,14,1
35,32,176,1
55,79,52,1
161,107,144,1
164,85,120,1
180,135,130,1
65,63,96,1
138,151,107,1
92,74,116,1
163,57,162,1
16,50,147,1
54,7,118,1
10,179,82,1
174,160,100,1
188,139,68,1
173,13,43,1
59,107,24,1
97,190,32,1
25,59,128,1
147,12,157,1
9,120,140,1
26,7,114,1
49,52,116,1
44,95,35,1
65,146,52,1
164,165,132,1
104,159,31,1
82,175,167,1
176,47,168,1
109,17,154,1
14,69,3,1
160,180,151,1
55,189,131,1
86,43,2,1
145,109,166,1
28,89,22,1
61,188,65,1
157,11,102,1
76,168,51,1
91,61,185,1
83,7,67,1
152,178,170,1
41,39,6,1
168,112,98,1
91,167,93,1
159,22,16,1
182,148,56,1
162,107,43,1
107,13,127,1
155,90,184,1
115,85,183,1
5,39,109,1
45,184,188,1
13,62,22,1
154,143,105,1
103,120,144,1
20,39,50,1
127,159,36,1
172,104,113,1
182,178,168,1
142,111,83,1
17,161,102,1
55,147,3,1
155,42,91,1
189,55,28,1
10,80,169,1
50,143,192,1
138,188,11,1
64,114,136,1
101,63,69,1
11,28,90,1
1,179,124,1
96,124,7,1
26,182,138,1
20,133,64,1
173,9,105,1
124,15,34,1
159,61,126,1
113,186,39,1
95,125,132,1
35,29,121,1
114,168,173,1
127,112,58,1
157,49,145,1
99,163,16,1
38,80,179,1
95,71,159,1
74,112,11,1
189,29,113,1
178,161,103,1
98,181,24,1
155,31,5,1
7,118,126,1
153,44,157,1
22,84,60,1
142,103,7,1
172,92,69,1
67,154,122,1
30,150,116,1
95,180,156,1
88,73,25,1
0,163,0,1
162,162,1,1
175,84,179,1
59,69,54,1
189,85,143,1
155,92,180,1
127,164,162,1
188,179,152,1
128,121,84,1
9,109,186,1
145,56,137,1
149,29,85,1
163,154,75,1
96,115,73,1
170,56,134,1
157,23,32,1
173,71,190,1
168,58,136,1
6,183,38,1
47,145,188,1
19,15,27,1
142,143,167,1
48,62,7,1
57,71,134,1
114,170,37,1
50,158,164,1
182,164,27,1
171,150,5,1
122,86,163,1
25,40,73,1
81,123,156,1
73,93,117,1
108,165,134,1
192,52,167,1
101,8,85,1
124,191,131,1
83,168,43,1
107,27,54,1
180,178,181,1
45,39,16,1
165,37,114,1
179,22,52,1
124,162,189,1
103,143,79,1
143,4,84,1
101,100,84,1
103,33,85,1
36,26,135,1
175,96,36,1
141,96,104,1
68,186,73,1
110,69,189,1
75,81,101,1
174,155,97,1
24,136,91,1
102,167,100,1
57,39,46,1
16,63,181,1
129,48,63,1
179,100,189,1
137,68,90,1
94,139,34,1
179,23,184,1
146,166,159,1
16,102,38,1
96,5,135,1
117,41,97,1
76,41,96,1
127,145,122,1
92,182,132,1
83,183,11,1
28,22,89,1
112,119,35,1
25,38,87,1
3,92,128,1
82,15,147,1
137,23,157,1
143,81,190,1
147,118,137,1
94,78,21,1
138,125,15,1
19,117,48,1
81,67,151,1
90,14,34,1
174,38,96,1
20,46,34,1
147,154,115,1
72,132,176,1
81,133,182,1
70,37,101,1
189,190,130,1
36,175,191,1
71,92,70,1
175,141,82,1
86,151,145,1
110,66,66,1
130,135,51,1
192,32,6,1
79,111,72,1
143,85,147,1
13,163,6,1
119,62,142,1
47,83,68,1
104,66,101,1
13,134,111,1
49,133,41,1
8,72,43,1
71,187,149,1
177,28,27,1
0,65,0,1
173,75,167,1
135,137,132,1
158,129,88,1
31,178,88,1
53,88,130,1
139,151,84,1
82,108,133,1
90,81,44,1
17,146,168,1
148,104,187,1
96,3,32,1
88,23,29,1
184,170,185,1
50,163,127,1
110,67,186,1
118,161,129,1
126,138,110,1
97,69,7,1
30,137,158,1
41,13,18,1
141,144,5,1
110,82,39,1
93,81,187,1
7,142,15,1
103,47,72,1
2,184,107,1
137,186,8,1
183,23,159,1
74,117,126,1
97,176,17,1
36,114,173,1
47,117,7,1
54,169,46,1
121,45,37,1
8,174,91,1
165,78,158,1
58,82,189,1
111,124,183,1
90,48,26,1
169,138,25,1
3,133,164,1
66,50,148,1
168,94,10,1
41,110,146,1
60,129,180,1
70,18,154,1
147,87,15,1
6,65,9,1
17,151,188,1
170,117,13,1
105,2,149,1
34,152,18,1
161,5,148,1
122,27,76,1
32,10,119,1
123,77,157,1
152,19,8,1
114,7,99,1
79,132,43,1
38,121,37,1
17,22,185,1
122,16,80,1
113,38,69,1
167,99,144,1
58,121,26,1
65,114,114,1
131,36,9,1
148,40,23,1
72,54,130,1
11,132,177,1
50,170,23,1
16,48,129,1
182,93,141,1
75,90,33,1
164,181,115,1
26,61,108,1
120,99,48,1
43,102,78,1
152,156,95,1
112,183,66,1
26,124,22,1
115,175,133,1
107,164,176,1
112,79,148,1
71,130,5,1
165,58,106,1
157,35,10,1
146,160,95,1
87,13,170,1
44,112,90,1
151,169,50,1
27,4,55,1
119,43,106,1
156,144,178,1
186,14,96,1
48,147,150,1
192,87,122,1
18,4,101,1
86,191,150,1
133,38,100,1
138,139,169,1
169,105,88,1
176,122,128,1
159,103,69,1
175,145,121,1
76,145,111,1
170,71,122,1
142,31,154,1
17,172,183,1
10,48,153,1
178,124,17,1
5,182,175,1
152,94,55,1
162,67,109,1
152,15,23,1
97,173,82,1
98,182,149,1
161,64,96,1
4,120,148,1
15,94,187,1
55,137,161,1
170,29,119,1
55,37,38,1
43,180,160,1
133,55,34,1
88,22,4,1
176,36,155,1
159,190,140,1
24,80,174,1
63,180,10,1
61,99,63,1
129,49,172,1
182,190,68,1
52,90,185,1
90,122,83,1
55,62,4,1
17,41,184,1
118,83,27,1
163,40,144,1
146,118,119,1
79,99,186,1
137,160,183,1
180,129,154,1
119,85,40,1
172,85,27,1
80,115,93,1
22,75,183,1
172,190,7,1
29,100,91,1
95,99,38,1
146,115,107,1
147,75,56,1
39,182,14,1
7,166,157,1
64,165,108,1
125,179,60,1
86,11,78,1
47,177,178,1
88,156,55,1
27,54,97,1
13,191,90,1
2,165,124,1
1,174,132,1
86,110,85,1
121,30,152,1
161,125,114,1
183,184,44,1
18,93,50,1
167,45,8,1
51,7,90,1
148,59,117,1
55,182,188,1
16,162,124,1
42,44,115,1
120,185,178,1
145,179,31,1
42,91,45,1
162,132,10,1
21,160,52,1
17,71,128,1
161,3,118,1
183,127,6,1
51,157,79,1
103,106,21,1
35,46,156,1
87,149,134,1
69,13,35,1
102,38,23,1
160,170,35,1
149,189,11,1
81,120,102,1
64,59,181,1
143,102,26,1
92,141,117,1
2,192,191,1
45,175,94,1
74,53,107,1
105,12,57,1
117,187,77,1
95,110,150,1
125,16,44,1
12,127,70,1
92,125,10,1
104,121,20,1
39,147,146,1
60,30,2,1
113,148,109,1
109,74,171,1
49,54,126,1
121,102,22,1
110,28,128,1
159,70,187,1
142,89,84,1
87,142,21,1
141,118,29,1
29,51,186,1
70,120,81,1
164,49,90,1
1,57,149,1
1,105,125,1
63,126,97,1
50,111,70,1
129,1,129,1
106,30,55,1
107,169,84,1
39,189,135,1
129,53,17,1
135,22,50,1
79,70,48,1
13,175,10,1
108,5,176,1
166,116,58,1
75,55,54,1
75,20,52,1
66,141,21,1
25,178,127,1
102,97,11,1
124,113,66,1
164,33,81,1
112,111,41,1
53,106,97,1
87,44,59,1
41,183,131,1
6,113,53,1
154,138,113,1
151,55,101,1
103,91,69,1
190,150,27,1
107,150,2,1
158,187,38,1
165,136,119,1
104,103,16,1
151,181,100,1
26,49,99,1
181,19,40,1
77,151,159,1
125,173,42,1
123,35,191,1
63,2,128,1
2,135,173,1
92,165,107,1
71,114,175,1
77,158,75,1
28,132,47,1
84,31,121,1
51,133,86,1
136,36,111,1
121,63,54,1
30,19,93,1
63,53,125,1
84,39,17,1
37,53,150,1
169,103,26,1
120,2,60,1
130,142,58,1
152,174,185,1
116,179,102,1
107,121,28,1
25,148,171,1
6,47,111,1
148,132,83,1
0,68,0,1
149,129,61,1
45,22,81,1
43,86,97,1
7,121,83,1
87,93,113,1
176,55,119,1
5,87,162,1
132,26,109,1
33,148,25,1
168,149,119,1
126,14,9,1
65,64,191,1
135,12,156,1
108,4,27,1
166,59,186,1
157,40,57,1
178,74,65,1
125,129,182,1
183,71,95,1
22,86,99,1
191,179,138,1
104,53,93,1
153,120,64,1
115,149,186,1
126,124,166,1
6,75,85,1
18,14,84,1
37,143,34,1
122,97,51,1
35,120,137,1
69,174,37,1
107,181,168,1
186,147,147,1
7,169,56,1
174,100,160,1
148,3,178,1
104,170,71,1
175,26,29,1
79,160,21,1
100,131,98,1
127,49,105,1
150,57,155,1
100,51,89,1
93,64,107,1
188,162,106,1
168,23,108,1
54,159,146,1
135,50,22,1
106,38,145,1
146,98,33,1
6,107,166,1
4,81,62,1
61,10,64,1
91,20,130,1
186,92,23,1
139,46,24,1
64,138,62,1
162,57,13,1
77,135,2,1
92,107,165,1
140,68,161,1
108,2,54,1
170,100,21,1
37,83,33,1
76,16,53,1
126,145,118,1
54,134,179,1
35,103,139,1
97,78,73,1
89,133,169,1
8,79,176,1
190,109,131,1
191,128,3,1
109,84,192,1
9,19,163,1
40,78,50,1
123,103,108,1
172,65,65,1
182,68,190,1
66,78,179,1
145,10,111,1
151,134,161,1
126,176,38,1
117,191,38,1
142,84,89,1
18,68,40,1
73,41,143,1
19,40,179,1
175,152,104,1
72,172,162,1
69,55,96,1
26,187,60,1
116,70,134,1
92,87,163,1
30,192,163,1
112,72,23,1
72,154,13,1
116,146,170,1
35,16,159,1
110,102,20,1
108,132,71,1
99,175,91,1
18,35,188,1
142,121,57,1
45,93,125,1
106,86,91,1
38,36,119,1
64,140,17,1
105,179,89,1
157,127,176,1
170,178,53,1
121,146,174,1
73,108,149,1
126,5,141,1
89,70,186,1
148,146,157,1
120,174,14,1
14,191,186,1
84,34,116,1
127,128,99,1
64,55,131,1
134,138,166,1
0,104,0,1
38,55,120,1
17,49,87,1
116,138,40,1
20,190,122,1
18,175,192,1
111,25,182,1
9,29,180,1
118,56,9,1
71,6,44,1
144,22,182,1
150,73,47,1
54,44,10,1
40,53,110,1
60,145,47,1
105,100,30,1
119,51,131,1
67,20,13,1
13,165,34,1
188,89,65,1
31,189,137,1
100,35,58,1
82,83,94,1
139,96,108,1
174,1,174,1
4,112,131,1
141,145,178,1
5,178,64,1
172,72,56,1
144,66,125,1
124,56,16,1
134,61,37,1
51,72,57,1
171,122,177,1
164,180,121,1
82,137,33,1
105,11,185,1
140,83,104,1
125,115,85,1
139,117,148,1
60,98,40,1
67,8,129,1
36,126,83,1
127,105,49,1
73,54,105,1
12,58,120,1
90,60,98,1
175,101,189,1
36,75,124,1
179,175,108,1
126,38,176,1
67,121,50,1
50,176,156,1
118,185,130,1
179,101,147,1
45,156,4,1
27,75,93,1
53,126,149,1
34,74,110,1
163,141,8,1
163,179,140,1
167,107,117,1
104,152,21,1
134,29,171,1
36,91,11,1
132,188,128,1
99,105,23,1
63,76,44,1
192,175,118,1
183,31,174,1
131,174,115,1
57,176,8,1
101,58,45,1
63,146,89,1
34,169,79,1
130,50,157,1
106,8,158,1
169,67,184,1
36,152,178,1
172,166,108,1
172,7,190,1
68,126,71,1
145,124,93,1
163,125,131,1
124,14,64,1
56,114,119,1
149,103,112,1
191,9,107,1
16,103,47,1
107,73,94,1
23,100,172,1
165,127,94,1
53,52,27,1
89,55,149,1
179,125,74,1
177,94,45,1
161,83,81,1
109,189,21,1
149,38,9,1
168,118,129,1
75,67,4,1
9,55,130,1
64,66,77,1
161,30,89,1
158,50,173,1
44,53,121,1
124,127,80,1
158,34,16,1
3,84,131,1
0,125,0,1
28,59,43,1
55,120,105,1
56,155,29,1
19,25,132,1
182,177,61,1
159,75,33,1
120,22,23,1
123,128,105,1
13,167,96,1
96,2,48,1
116,46,120,1
104,94,190,1
11,122,8,1
154,155,128,1
164,135,97,1
119,131,51,1
155,114,64,1
186,169,137,1
178,108,91,1
155,102,151,1
123,116,36,1
49,83,75,1
187,137,7,1
124,142,183,1
39,46,47,1
28,142,60,1
25,179,12,1
73,138,125,1
65,51,164,1
3,180,74,1
44,109,73,1
152,155,189,1
67,4,65,1
84,33,178,1
188,64,15,1
83,16,162,1
145,9,59,1
4,155,71,1
100,158,135,1
126,32,16,1
20,78,25,1
173,121,11,1
100,128,43,1
188,140,62,1
160,163,59,1
184,27,64,1
61,43,163,1
143,134,63,1
47,16,15,1
147,147,1,1
164,132,165,1
22,4,102,1
22,157,53,1
42,36,162,1
164,127,56,1
103,23,80,1
14,192,179,1
32,157,42,1
36,57,153,1
190,182,88,1
103,126,82,1
128,131,110,1
64,177,189,1
12,137,179,1
68,29,9,1
159,121,38,1
130,149,76,1
148,151,70,1
107,56,157,1
120,139,105,1
162,156,53,1
60,23,11,1
83,190,101,1
107,53,53,1
158,62,15,1
182,47,86,1
69,151,150,1
108,104,53,1
36,151,137,1
137,163,182,1
191,78,94,1
21,80,104,1
132,5,65,1
171,54,164,1
116,19,128,1
13,176,56,1
134,84,190,1
166,168,86,1
131,150,172,1
128,8,16,1
55,180,70,1
17,16,182,1
164,154,169,1
104,102,54,1
186,145,165,1
178,181,146,1
179,159,148,1
32,32,1,1
58,171,50,1
7,160,146,1
150,52,40,1
139,138,8,1
27,63,28,1
190,142,159,1
11,156,31,1
29,34,86,1
122,181,22,1
9,39,119,1
33,66,97,1
27,7,59,1
35,151,160,1
57,157,111,1
158,110,26,1
25,82,158,1
1,31,137,1
116,134,70,1
172,47,94,1
2,172,101,1
69,108,6,1
35,126,11,1
4,128,187,1
10,125,85,1
13,178,12,1
113,5,177,1
144,160,136,1
16,96,161,1
152,63,79,1
173,55,140,1
8,95,59,1
55,16,112,1
50,186,48,1
187,150,54,1
115,13,187,1
119,16,116,1
165,111,38,1
46,131,130,1
102,4,122,1
61,16,40,1
26,97,52,1
53,140,192,1
56,119,114,1
97,22,136,1
62,71,183,1
54,37,111,1
190,110,107,1
131,186,64,1
182,77,55,1
80,120,65,1
147,63,131,1
53,20,186,1
135,3,45,1
63,134,48,1
120,147,182,1
165,185,100,1
90,181,89,1
7,104,91,1
166,55,189,1
48,123,71,1
183,152,165,1
134,131,85,1
127,45,50,1
59,157,186,1
142,78,81,1
117,145,82,1
184,35,99,1
166,139,97,1
2,107,184,1
49,12,181,1
39,39,1,1
133,94,24,1
4,100,139,1
185,148,146,1
134,140,114,1
59,22,29,1
93,20,188,1
90,102,69,1
126,94,104,1
71,87,23,1
21,161,126,1
51,159,95,1
106,76,169,1
42,20,60,1
118,4,126,1
109,7,181,1
16,83,56,1
60,184,122,1
101,10,68,1
164,94,166,1
155,96,76,1
127,88,144,1
8,77,153,1
169,153,155,1
115,60,18,1
64,100,101,1
151,16,118,1
116,133,101,1
149,171,2,1
56,111,117,1
192,68,105,1
162,160,153,1
4,50,85,1
14,54,36,1
19,180,147,1
153,53,83,1
97,178,45,1
82,61,14,1
71,12,22,1
43,83,54,1
158,28,47,1
163,15,191,1
115,184,73,1
58,76,16,1
84,65,126,1
129,2,161,1
63,3,21,1
83,91,20,1
160,4,40,1
132,117,110,1
170,171,80,1
59,30,47,1
41,111,96,1
50,95,31,1
55,184,144,1
159,80,43,1
87,123,189,1
72,175,189,1
63,112,85,1
160,89,43,1
90,22,162,1
133,144,80,1
120,122,175,1
182,69,39,1
88,129,71,1
71,63,188,1
129,12,59,1
26,122,54,1
36,24,98,1
130,137,170,1
192,96,2,1
11,86,146,1
27,10,22,1
135,56,61,1
46,156,77,1
83,151,21,1
63,110,69,1
80,189,173,1
167,119,16,1
35,96,123,1
87,87,1,1
32,143,92,1
40,185,188,1
52,13,4,1
183,115,109,1
62,12,166,1
167,154,65,1
192,50,27,1
136,60,28,1
91,71,4,1
134,52,10,1
145,5,29,1
177,27,28,1
6,168,131,1
124,84,75,1
18,7,168,1
118,183,104,1
175,17,33,1
63,87,34,1
51,118,146,1
101,188,57,1
152,110,47,1
132,180,168,1
186,33,146,1
30,134,78,1
174,171,150,1
117,160,14,1
137,24,62,1
121,57,80,1
91,15,109,1
138,16,81,1
34,86,153,1
133,92,142,1
26,172,155,1
68,18,111,1
186,81,181,1
188,95,132,1
65,100,184,1
103,169,52,1
45,91,62,1
175,24,144,1
55,138,192,1
59,60,120,1
126,34,174,1
17,31,13,1
64,57,79,1
122,95,176,1
177,163,52,1
106,172,142,1
97,18,59,1
180,186,57,1
99,107,37,1
156,56,182,1
147,72,187,1
187,74,26,1
135,141,157,1
126,111,22,1
160,80,2,1
69,184,121,1
167,87,84,1
125,66,75,1
190,172,138,1
63,188,26,1
178,131,159,1
137,95,166,1
26,44,62,1
165,48,112,1
59,45,160,1
21,143,181,1
187,130,92,1
170,16,83,1
118,187,109,1
146,53,112,1
177,31,124,1
121,28,25,1
168,27,92,1
90,73,144,1
53,187,152,1
113,62,117,1
179,8,143,1
50,51,141,1
176,145,125,1
181,87,113,1
67,118,48,1
40,83,140,1
165,82,155,1
17,163,186,1
64,112,166,1
141,92,33,1
26,105,162,1
95,23,130,1
95,190,97,1
167,63,116,1
186,56,24,1
66,33,2,1
128,52,47,1
80,190,102,1
164,183,138,1
70,9,115,1
16,58,160,1
59,3,84,1
158,139,90,1
17,17,1,1
155,8,140,1
9,26,82,1
23,79,120,1
8,151,9,1
175,137,21,1
51,60,107,1
85,167,19,1
130,39,132,1
18,102,91,1
47,119,75,1
159,169,114,1
89,185,13,1
178,113,157,1
111,108,60,1
137,83,190,1
121,16,92,1
25,71,52,1
100,94,153,1
120,118,37,1
6,88,22,1
191,169,177,1
108,181,184,1
58,98,103,1
166,70,52,1
185,77,40,1
133,24,94,1
48,39,120,1
119,74,192,1
40,80,97,1
131,97,69,1
47,192,146,1
85,130,112,1
11,14,180,1
7,3,131,1
113,144,171,1
44,157,106,1
93,71,178,1
187,154,15,1
142,59,94,1
124,79,26,1
106,53,2,1
122,41,83,1
85,40,171,1
181,28,165,1
81,136,90,1
56,187,55,1
64,192,129,1
70,161,34,1
111,1,111,1
16,139,14,1
174,63,159,1
31,125,167,1
13,77,128,1
67,115,61,1
64,105,87,1
1,94,154,1
28,183,113,1
115,153,166,1
100,129,107,1
179,19,111,1
39,115,96,1
154,191,116,1
82,75,68,1
49,106,188,1
86,100,190,1
91,149,169,1
119,174,75,1
150,115,102,1
15,14,70,1
85,129,62,1
98,136,66,1
172,146,99,1
177,2,185,1
185,78,183,1
151,40,163,1
169,170,43,1
89,50,106,1
120,92,102,1
144,165,50,1
6,98,4,1
114,1,114,1
55,98,101,1
33,69,76,1
79,183,50,1
81,39,106,1
94,84,116,1
98,91,105,1
97,113,117,1
77,46,73,1
163,148,65,1
180,191,103,1
83,40,142,1
129,125,35,1
35,93,183,1
186,161,151,1
144,17,122,1
9,1,9,1
56,135,19,1
180,64,39,1
61,152,55,1
91,153,128,1
189,143,85,1
147,121,6,1
67,76,105,1
118,42,12,1
95,29,163,1
73,158,31,1
133,84,82,1
157,135,167,1
19,122,84,1
75,70,70,1
123,85,90,1
42,90,142,1
20,143,154,1
27,24,170,1
81,171,163,1
31,19,154,1
108,63,112,1
130,150,181,1
81,165,4,1
69,58,111,1
48,13,167,1
157,31,86,1
7,152,174,1
37,11,56,1
13,22,62,1
171,160,65,1
131,21,43,1
143,28,12,1
21,51,148,1
52,75,29,1
153,176,184,1
84,170,139,1
2,60,148,1
174,177,158,1
138,17,133,1
107,7,98,1
15,184,127,1
142,124,135,1
149,163,143,1
140,131,60,1
161,43,98,1
18,171,122,1
36,20,79,1
2,66,117,1
41,28,160,1
32,121,21,1
127,184,136,1
136,147,39,1
132,91,169,1
128,135,71,1
111,94,110,1
100,13,171,1
50,16,172,1
172,168,24,1
96,43,92,1
23,97,46,1
158,96,70,1
8,62,162,1
136,57,192,1
73,135,42,1
17,107,20,1
71,62,135,1
133,161,26,1
110,45,174,1
147,32,83,1
178,81,57,1
9,23,185,1
113,90,42,1
136,71,59,1
125,174,95,1
77,67,53,1
33,163,134,1
165,158,78,1
116,20,83,1
75,153,167,1
9,152,141,1
168,32,150,1
38,180,101,1
41,52,101,1
25,23,85,1
108,27,4,1
115,72,15,1
186,115,57,1
16,20,78,1
136,163,137,1
141,28,136,1
3,67,170,1
114,165,120,1
78,145,119,1
78,33,55,1
183,129,163,1
40,54,158,1
10,54,136,1
94,2,47,1
11,54,111,1
156,47,184,1
117,154,190,1
32,100,147,1
128,74,153,1
52,23,61,1
21,15,40,1
62,37,106,1
66,132,97,1
133,145,146,1
161,37,20,1
188,122,49,1
111,180,36,1
57,65,182,1
113,127,48,1
111,41,191,1
170,182,160,1
25,167,51,1
112,27,190,1
126,169,43,1
73,185,15,1
177,113,116,1
26,144,94,1
81,116,19,1
85,65,31,1
159,113,150,1
56,186,185,1
85,14,75,1
186,5,153,1
5,68,54,1
176,69,148,1
73,48,94,1
148,171,81,1
79,24,140,1
112,40,80,1
186,29,53,1
143,103,22,1
73,106,28,1
82,101,104,1
109,52,132,1
75,74,61,1
44,14,141,1
2,89,167,1
22,34,12,1
13,186,136,1
106,179,20,1
104,77,59,1
117,153,137,1
82,7,122,1
88,33,67,1
101,6,49,1
156,142,31,1
93,107,64,1
153,86,13,1
103,73,49,1
168,99,183,1
168,95,81,1
113,18,17,1
108,147,48,1
80,184,34,1
92,105,113,1
0,75,0,1
109,138,184,1
161,11,155,1
48,38,113,1
120,95,113,1
115,61,62,1
90,126,111,1
51,82,83,1
64,41,91,1
80,110,106,1
63,154,132,1
5,81,174,1
103,140,151,1
4,3,130,1
46,62,63,1
163,91,23,1
187,117,188,1
120,56,140,1
88,44,2,1
93,94,40,1
157,36,192,1
4,41,66,1
33,112,164,1
189,189,1,1
112,135,38,1
172,32,126,1
133,119,126,1
152,46,104,1
145,163,156,1
173,86,103,1
106,149,59,1
189,62,112,1
54,180,174,1
124,103,123,1
78,95,141,1
23,122,122,1
53,115,175,1
192,115,146,1
15,153,72,1
84,27,46,1
86,163,10,1
24,192,169,1
48,45,104,1
147,23,191,1
71,138,111,1
30,81,79,1
140,33,168,1
78,170,5,1
45,101,10,1
53,166,141,1
56,45,57,1
132,19,139,1
6,161,36,1
98,84,162,1
52,32,74,1
21,125,82,1
29,10,138,1
55,136,104,1
41,109,11,1
188,149,101,1
146,75,74,1
174,78,121,1
190,96,6,1
23,41,90,1
71,5,130,1
109,125,58,1
137,157,23,1
158,56,120,1
148,57,50,1
126,191,130,1
21,55,46,1
136,66,43,1
139,70,104,1
120,90,130,1
125,28,163,1
147,96,92,1
111,157,13,1
1,172,147,1
106,66,25,1
125,1,125,1
122,8,160,1
138,165,64,1
158,118,142,1
25,173,47,1
55,152,154,1
44,147,41,1
17,145,68,1
178,133,145,1
64,117,182,1
148,68,93,1
127,30,75,1
163,27,149,1
188,35,55,1
56,96,81,1
146,8,163,1
171,190,136,1
142,65,20,1
170,3,121,1
36,171,51,1
1,88,68,1
148,162,182,1
114,107,66,1
21,21,1,1
119,60,121,1
185,192,8,1
145,91,114,1
119,186,176,1
143,86,161,1
108,38,13,1
77,58,191,1
136,137,163,1
53,57,177,1
129,102,41,1
137,155,164,1
101,3,98,1
123,57,185,1
86,18,112,1
186,44,13,1
189,119,47,1
143,97,93,1
23,104,106,1
171,32,132,1
170,73,79,1
153,85,79,1
87,162,47,1
121,101,177,1
166,160,71,1
53,121,77,1
138,109,150,1
78,99,147,1
179,54,157,1
117,100,61,1
54,168,21,1
82,115,187,1
14,18,108,1
14,111,174,1
10,116,50,1
49,144,192,1
46,180,41,1
108,56,126,1
2,146,156,1
110,100,59,1
80,48,66,1
159,132,67,1
101,135,148,1
133,73,97,1
40,88,18,1
23,83,177,1
182,10,134,1
6,2,3,1
89,75,135,1
138,89,136,1
87,84,132,1
44,154,83,1
156,129,82,1
145,30,37,1
172,179,98,1
147,117,26,1
112,179,185,1
148,147,173,1
61,61,1,1
5,46,105,1
151,192,42,1
182,128,113,1
151,58,159,1
83,150,25,1
10,27,79,1
68,170,39,1
104,125,112,1
187,60,135,1
41,188,69,1
84,116,34,1
16,186,108,1
108,189,166,1
141,61,170,1
85,190,36,1
166,149,5,1
172,68,82,1
36,136,40,1
111,132,14,1
106,73,131,1
155,48,152,1
97,16,187,1
4,7,166,1
126,60,60,1
165,71,73,1
7,135,123,1
34,135,46,1
151,98,165,1
2,65,3,1
79,188,100,1
81,33,20,1
66,46,35,1
82,84,171,1
187,86,166,1
51,83,82,1
151,96,84,1
191,48,8,1
22,143,15,1
35,190,117,1
70,91,75,1
13,6,163,1
68,72,76,1
55,57,89,1
57,121,152,1
38,131,99,1
44,16,51,1
142,189,61,1
127,190,22,1
33,82,31,1
6,86,27,1
60,140,28,1
174,182,107,1
125,23,39,1
64,53,176,1
190,27,150,1
2,52,52,1
178,134,154,1
189,167,15,1
159,68,96,1
47,115,86,1
192,29,173,1
2,87,142,1
143,24,14,1
137,101,9,1
31,180,57,1
145,6,185,1
91,59,188,1
136,42,40,1
87,137,188,1
166,181,147,1
8,37,188,1
130,139,162,1
20,41,137,1
45,168,114,1
144,192,49,1
183,154,25,1
187,134,23,1
78,47,92,1
97,110,143,1
164,80,31,1
128,78,160,1
33,139,53,1
30,65,45,1
175,119,115,1
117,7,127,1
21,85,166,1
108,79,60,1
80,104,75,1
12,141,74,1
2,82,113,1
93,125,115,1
32,117,91,1
151,14,190,1
175,38,30,1
162,169,138,1
182,113,128,1
18,148,154,1
25,104,132,1
130,81,85,1
75,77,11,1
164,166,94,1
156,59,19,1
29,161,174,1
77,25,88,1
161,27,56,1
33,89,150,1
14,124,190,1
57,53,12,1
6,32,157,1
27,146,176,1
168,163,33,1
51,51,1,1
65,134,169,1
78,16,29,1
181,1,181,1
117,64,35,1
40,178,126,1
3,149,171,1
138,1,138,1
191,147,42,1
27,147,12,1
148,148,1,1
71,49,159,1
19,49,154,1
32,71,82,1
137,107,59,1
66,172,52,1
1,192,192,1
34,96,125,1
79,144,152,1
180,83,51,1
29,128,53,1
77,82,8,1
59,12,21,1
35,17,161,1
7,156,125,1
125,17,189,1
38,105,118,1
132,72,34,1
184,189,147,1
186,106,111,1
188,138,158,1
120,21,116,1
65,168,36,1
18,120,87,1
26,152,150,1
126,6,21,1
102,120,107,1
105,123,95,1
135,23,73,1
137,170,36,1
183,26,59,1
171,125,6,1
131,155,154,1
38,20,137,1
177,192,16,1
151,180,122,1
66,189,80,1
103,192,90,1
68,87,3,1
76,117,192,1
105,134,80,1
135,121,167,1
8,160,29,1
7,113,94,1
166,33,122,1
18,155,30,1
169,20,76,1
138,171,99,1
161,182,38,1
109,120,173,1
82,22,109,1
131,23,98,1
149,122,161,1
117,81,173,1
80,8,10,1
71,95,17,1
182,99,150,1
116,119,181,1
5,137,155,1
47,4,60,1
158,12,174,1
141,93,70,1
20,141,59,1
170,38,167,1
60,75,78,1
32,187,59,1
62,94,91,1
56,33,183,1
14,68,74,1
99,174,137,1
74,65,111,1
116,177,41,1
76,113,28,1
116,176,84,1
98,149,182,1
68,27,74,1
97,30,74,1
71,146,134,1
103,87,172,1
79,186,99,1
148,159,7,1
122,180,50,1
158,169,106,1
17,9,152,1
17,178,179,1
128,118,181,1
169,74,104,1
5,145,20,1
88,113,134,1
75,163,94,1
140,111,3,1
175,61,44,1
118,21,24,1
1,12,177,1
148,19,150,1
38,142,109,1
158,165,146,1
83,69,4,1
52,133,12,1
179,48,56,1
182,1,182,1
108,33,91,1
88,54,116,1
9,76,89,1
45,37,189,1
65,93,9,1
122,19,108,1
101,55,65,1
184,16,108,1
130,78,66,1
13,169,104,1
127,79,92,1
168,98,112,1
168,89,132,1
28,32,25,1
23,180,117,1
51,100,180,1
98,113,158,1
178,123,14,1
154,190,13,1
97,75,184,1
176,63,61,1
15,78,67,1
174,98,116,1
124,167,114,1
118,134,191,1
6,9,65,1
10,15,65,1
16,56,83,1
92,119,77,1
135,70,126,1
51,48,182,1
84,48,50,1
33,64,94,1
10,129,30,1
133,2,163,1
87,110,178,1
65,57,35,1
26,45,185,1
21,58,17,1
14,8,50,1
89,169,133,1
147,13,41,1
90,84,70,1
38,60,110,1
117,37,144,1
189,173,116,1
149,87,157,1
65,72,84,1
71,39,81,1
31,39,174,1
18,121,48,1
86,111,159,1
118,168,3,1
174,2,87,1
98,122,159,1
24,154,133,1
23,182,33,1
162,174,154,1
10,176,147,1
125,185,105,1
50,90,22,1
146,136,55,1
168,33,163,1
188,13,59,1
60,47,145,1
95,28,93,1
84,103,102,1
184,132,171,1
5,161,30,1
177,125,57,1
146,186,117,1
66,38,83,1
9,118,162,1
171,6,125,1
7,76,155,1
100,14,145,1
115,41,64,1
28,35,78,1
52,189,180,1
130,109,49,1
49,90,37,1
105,111,147,1
58,178,9,1
175,104,152,1
187,182,176,1
145,42,54,1
179,65,172,1
162,38,116,1
166,36,144,1
182,92,174,1
112,143,129,1
138,114,52,1
122,166,117,1
86,54,166,1
13,168,123,1
45,170,40,1
61,191,66,1
76,21,22,1
68,155,49,1
41,185,19,1
172,93,6,1
7,192,186,1
130,83,69,1
5,90,118,1
0,177,0,1
149,149,1,1
172,31,18,1
134,154,51,1
94,182,9,1
160,184,68,1
37,100,176,1
34,154,108,1
172,64,63,1
144,134,27,1
157,126,110,1
7,173,183,1
142,15,151,1
52,147,66,1
20,97,40,1
59,33,148,1
15,130,156,1
59,153,13,1
22,127,64,1
132,30,43,1
25,34,154,1
25,191,84,1
168,80,60,1
95,25,81,1
188,81,19,1
41,177,106,1
180,69,11,1
161,68,79,1
174,186,113,1
1,96,191,1
74,111,65,1
80,152,31,1
89,123,7,1
104,95,188,1
191,1,191,1
174,80,7,1
148,29,65,1
13,10,175,1
58,19,64,1
35,136,189,1
157,89,82,1
122,90,100,1
30,79,81,1
22,104,93,1
116,145,78,1
49,49,1,1
99,157,142,1
18,20,136,1
90,172,106,1
157,147,177,1
117,6,116,1
162,30,44,1
169,89,119,1
129,188,90,1
144,88,142,1
25,9,110,1
64,30,15,1
38,120,55,1
44,6,136,1
176,4,44,1
162,69,145,1
173,84,156,1
182,75,5,1
74,70,172,1
91,2,142,1
77,148,187,1
119,78,4,1
36,148,115,1
152,113,56,1
86,139,27,1
48,52,90,1
94,16,30,1
22,11,2,1
36,38,133,1
20,42,74,1
178,179,70,1
137,66,5,1
101,134,31,1
45,12,52,1
92,156,154,1
157,80,125,1
186,30,122,1
142,116,131,1
109,106,174,1
84,19,106,1
111,113,112,1
179,172,65,1
33,28,77,1
171,48,88,1
1,171,114,1
138,157,157,1
146,24,183,1
8,16,97,1
183,86,148,1
159,82,9,1
181,108,150,1
57,182,65,1
49,136,33,1
121,49,97,1
52,31,176,1
167,170,127,1
71,170,106,1
134,145,150,1
95,145,187,1
42,83,147,1
29,85,73,1
121,17,132,1
79,15,31,1
173,122,3,1
98,74,90,1
70,2,35,1
33,183,16,1
20,101,176,1
117,165,113,1
143,39,68,1
147,92,96,1
177,106,171,1
149,59,153,1
80,187,51,1
49,89,135,1
72,50,179,1
26,83,91,1
9,148,77,1
60,124,125,1
16,30,52,1
87,62,73,1
149,28,26,1
82,87,32,1
56,47,71,1
91,170,38,1
130,23,56,1
143,165,181,1
163,69,159,1
105,159,48,1
74,15,95,1
124,75,84,1
150,128,161,1
84,83,101,1
182,107,146,1
39,111,16,1
85,24,92,1
112,121,170,1
39,149,100,1
125,30,165,1
48,75,101,1
128,128,1,1
134,75,97,1
32,138,31,1
62,91,94,1
189,177,145,1
16,176,158,1
63,113,74,1
156,166,80,1
38,153,28,1
166,13,87,1
190,183,174,1
148,96,90,1
56,121,85,1
93,108,92,1
77,106,130,1
178,184,66,1
110,79,104,1
59,35,123,1
17,118,113,1
158,80,84,1
144,107,124,1
53,139,167,1
150,156,142,1
187,149,44,1
153,47,32,1
9,115,37,1
89,105,124,1
103,183,9,1
98,174,5,1
86,70,106,1
90,36,99,1
142,135,124,1
175,8,46,1
74,174,118,1
133,90,128,1
66,56,77,1
21,175,31,1
42,13,122,1
120,181,183,1
12,71,79,1
157,56,151,1
105,73,168,1
48,161,95,1
75,9,137,1
58,49,13,1
49,69,107,1
4,151,101,1
102,31,78,1
108,149,173,1
112,43,43,1
156,18,73,1
50,25,2,1
29,172,17,1
60,127,157,1
21,28,49,1
180,155,107,1
57,85,37,1
129,61,135,1
157,81,21,1
161,92,50,1
159,23,116,1
192,62,28,1
189,19,142,1
107,77,44,1
21,157,112,1
55,45,87,1
171,139,29,1
62,134,84,1
146,135,84,1
51,124,58,1
113,137,29,1
151,12,93,1
87,134,149,1
156,140,150,1
83,115,41,1
44,164,85,1
153,96,80,1
95,69,172,1
91,81,156,1
97,34,88,1
31,75,21,1
42,109,96,1
135,125,86,1
162,192,31,1
52,61,23,1
88,127,63,1
190,34,51,1
53,98,164,1
127,90,25,1
77,30,9,1
80,150,52,1
68,105,8,1
125,124,180,1
188,37,172,1
92,13,111,1
170,58,156,1
106,157,115,1
108,190,157,1
61,49,17,1
15,149,83,1
5,31,106,1
6,136,71,1
41,96,111,1
42,34,58,1
40,106,55,1
154,50,88,1
81,188,61,1
61,125,36,1
134,13,40,1
20,179,164,1
77,99,108,1
140,109,127,1
63,42,98,1
95,27,75,1
76,72,119,1
77,175,178,1
43,31,101,1
83,138,2,1
146,101,11,1
151,11,119,1
5,167,126,1
190,23,67,1
132,39,137,1
58,89,18,1
23,98,144,1
48,148,89,1
40,152,112,1
182,70,157,1
70,87,145,1
143,50,192,1
57,139,74,1
18,147,8,1
25,168,192,1
157,78,148,1
124,32,28,1
127,55,76,1
160,28,116,1
30,38,143,1
172,78,22,1
16,122,152,1
79,76,95,1
143,130,59,1
42,55,92,1
108,139,191,1
124,43,151,1
32,120,26,1
127,92,79,1
93,102,52,1
168,2,84,1
138,57,104,1
86,109,169,1
3,147,130,1
129,182,76,1
61,187,22,1
160,123,108,1
101,177,54,1
192,67,72,1
99,124,158,1
154,166,173,1
83,161,112,1
84,22,74,1
78,35,107,1
103,27,61,1
32,21,121,1
115,81,142,1
161,177,2,1
93,133,66,1
93,142,89,1
115,69,66,1
87,48,38,1
20,173,192,1
88,5,172,1
65,155,44,1
107,17,29,1
16,164,66,1
160,21,26,1
48,51,35,1
48,35,51,1
36,7,143,1
138,184,49,1
14,53,135,1
113,124,155,1
85,69,32,1
155,111,24,1
115,70,43,1
170,53,178,1
18,81,86,1
147,115,154,1
190,170,126,1
176,152,184,1
114,33,21,1
117,43,88,1
61,17,49,1
3,60,29,1
145,123,122,1
87,42,71,1
181,125,91,1
93,65,43,1
158,46,37,1
25,171,148,1
65,70,125,1
59,113,103,1
87,99,112,1
53,74,92,1
165,142,133,1
74,131,142,1
151,2,172,1
169,186,31,1
85,99,34,1
27,46,181,1
175,94,123,1
96,149,68,1
4,72,118,1
16,60,26,1
91,143,141,1
8,38,51,1
49,107,69,1
92,175,145,1
140,98,29,1
61,57,18,1
53,80,143,1
189,68,34,1
126,93,157,1
83,50,75,1
77,96,39,1
24,46,118,1
118,52,173,1
175,168,186,1
85,51,66,1
119,102,162,1
130,126,96,1
72,27,67,1
81,50,129,1
81,132,5,1
144,162,151,1
26,134,29,1
1,165,62,1
48,16,3,1
133,102,147,1
182,6,159,1
135,123,67,1
10,76,56,1
87,8,35,1
190,2,95,1
102,100,167,1
82,158,130,1
64,62,138,1
51,31,39,1
109,163,80,1
84,23,54,1
43,128,32,1
112,67,42,1
150,45,132,1
71,83,152,1
139,156,111,1
148,80,108,1
85,108,192,1
138,158,167,1
95,8,36,1
147,83,32,1
89,68,112,1
61,182,12,1
102,155,170,1
147,140,30,1
156,105,7,1
45,189,37,1
96,98,64,1
158,122,150,1
183,124,140,1
35,40,25,1
117,96,152,1
159,114,169,1
189,139,93,1
5,49,71,1
89,43,29,1
181,188,41,1
51,42,15,1
141,88,131,1
27,184,190,1
75,4,67,1
116,59,123,1
160,83,174,1
62,33,113,1
41,101,52,1
174,22,43,1
42,60,20,1
68,106,190,1
136,110,103,1
47,166,34,1
4,57,17,1
181,16,144,1
37,162,142,1
121,148,156,1
178,125,162,1
33,171,95,1
15,98,10,1
17,144,106,1
143,18,83,1
5,69,70,1
82,26,18,1
124,21,107,1
68,156,139,1
88,111,46,1
177,150,144,1
97,101,43,1
113,16,188,1
115,8,135,1
0,66,0,1
178,64,45,1
104,104,1,1
36,33,159,1
101,18,145,1
126,74,33,1
150,133,94,1
19,57,129,1
163,54,171,1
138,67,100,1
186,132,133,1
95,143,56,1
138,62,189,1
124,20,122,1
167,92,113,1
119,107,140,1
35,23,119,1
101,89,38,1
106,85,167,1
114,20,25,1
170,113,22,1
39,77,191,1
188,60,16,1
70,68,177,1
119,148,96,1
149,73,84,1
149,106,36,1
82,124,10,1
154,93,149,1
179,151,129,1
72,184,185,1
138,7,130,1
64,81,27,1
49,9,177,1
31,88,178,1
176,114,181,1
110,15,136,1
105,121,87,1
114,141,124,1
38,179,80,1
0,170,0,1
104,81,68,1
83,14,130,1
79,23,37,1
25,163,160,1
161,93,147,1
105,33,126,1
124,67,143,1
0,18,0,1
76,47,55,1
175,48,72,1
41,24,58,1
154,60,9,1
166,68,133,1
189,39,183,1
118,14,36,1
7,46,147,1
160,146,128,1
15,145,60,1
119,175,47,1
147,128,69,1
150,141,153,1
154,82,16,1
150,27,27,1
120,15,8,1
46,22,160,1
190,52,115,1
118,145,86,1
169,165,56,1
24,61,70,1
182,156,162,1
162,56,189,1
43,93,98,1
2,91,140,1
134,134,1,1
1,49,130,1
74,167,12,1
129,134,181,1
152,134,125,1
119,177,77,1
100,164,123,1
81,183,127,1
150,164,88,1
188,54,125,1
158,184,154,1
44,103,81,1
48,162,179,1
173,103,86,1
66,118,30,1
93,165,169,1
122,120,75,1
119,53,86,1
2,157,75,1
121,126,27,1
35,105,129,1
1,66,155,1
164,67,158,1
115,185,58,1
40,63,163,1
100,171,13,1
37,128,41,1
52,6,73,1
91,82,27,1
160,29,112,1
110,147,6,1
64,160,39,1
49,109,112,1
93,188,20,1
181,10,76,1
158,75,51,1
112,20,160,1
144,99,19,1
112,29,117,1
32,109,18,1
128,13,188,1
138,88,120,1
91,26,100,1
87,6,111,1
129,185,8,1
156,178,144,1
21,105,116,1
25,89,61,1
39,145,156,1
12,87,80,1
109,131,157,1
88,43,20,1
100,184,139,1
176,35,187,1
25,156,88,1
36,56,42,1
92,142,142,1
12,22,176,1
105,162,90,1
73,7,38,1
120,8,15,1
162,59,42,1
175,162,150,1
192,174,61,1
69,86,21,1
109,8,86,1
128,174,105,1
151,78,44,1
161,55,31,1
107,59,185,1
169,148,52,1
85,189,27,1
104,173,72,1
22,159,181,1
22,163,25,1
149,186,89,1
62,104,34,1
124,133,88,1
123,76,187,1
51,114,36,1
149,192,44,1
164,162,113,1
71,47,59,1
149,126,113,1
94,97,188,1
139,79,163,1
121,77,167,1
38,26,46,1
167,102,83,1
134,174,125,1
135,44,25,1
44,65,66,1
128,155,149,1
90,135,65,1
159,90,124,1
44,183,150,1
158,48,140,1
187,133,58,1
33,15,118,1
37,117,63,1
134,107,169,1
144,102,149,1
63,158,114,1
36,108,129,1
8,136,159,1
188,155,56,1
183,188,2,1
121,15,111,1
162,95,85,1
28,99,127,1
102,94,75,1
188,102,157,1
99,122,72,1
171,162,119,1
102,113,129,1
190,17,102,1
101,12,121,1
3,125,122,1
45,139,160,1
109,12,186,1
137,192,56,1
81,57,103,1
10,33,12,1
88,81,13,1
85,60,114,1
183,158,83,1
129,105,106,1
179,66,146,1
102,137,74,1
182,37,31,1
162,46,121,1
7,131,3,1
36,166,63,1
164,176,172,1
102,1,102,1
91,145,171,1
69,164,164,1
7,14,97,1
72,106,99,1
170,104,87,1
68,131,167,1
143,187,137,1
35,27,180,1
124,108,187,1
190,111,73,1
159,164,101,1
24,177,95,1
31,191,81,1
169,66,140,1
69,118,84,1
128,172,95,1
9,21,28,1
109,182,148,1
163,59,78,1
19,86,182,1
118,123,70,1
178,156,63,1
176,5,151,1
144,33,57,1
89,65,37,1
175,37,156,1
97,132,87,1
97,99,116,1
91,123,18,1
92,186,42,1
29,99,166,1
11,48,149,1
66,3,22,1
142,132,4,1
170,79,73,1
9,124,67,1
102,36,35,1
86,4,118,1
144,187,169,1
44,144,70,1
143,124,121,1
98,121,4,1
176,32,102,1
156,5,147,1
110,115,152,1
37,126,155,1
163,66,175,1
73,103,130,1
182,120,172,1
145,143,55,1
192,63,49,1
90,188,175,1
43,123,140,1
114,139,148,1
146,20,181,1
79,77,184,1
25,86,16,1
100,83,157,1
152,176,150,1
19,75,44,1
86,97,172,1
188,127,3,1
127,119,100,1
94,91,18,1
36,13,77,1
168,101,166,1
11,70,36,1
12,99,82,1
178,118,116,1
136,87,6,1
133,177,52,1
112,136,103,1
49,56,25,1
79,165,73,1
69,103,70,1
184,101,191,1
46,9,48,1
60,6,10,1
53,130,88,1
81,130,109,1
25,5,5,1
110,168,150,1
103,174,86,1
86,89,40,1
178,148,129,1
24,143,69,1
66,171,190,1
10,36,11,1
148,45,192,1
62,178,176,1
58,36,141,1
13,107,38,1
116,3,103,1
147,49,3,1
162,64,93,1
133,99,169,1
49,21,131,1
125,82,18,1
107,182,78,1
67,29,182,1
68,12,70,1
58,138,20,1
180,166,122,1
168,63,67,1
93,78,68,1
119,45,97,1
54,10,44,1
38,157,74,1
14,167,44,1
125,84,183,1
94,56,174,1
138,36,36,1
66,85,53,1
78,14,171,1
12,90,13,1
105,156,138,1
88,173,150,1
161,167,120,1
67,3,151,1
44,81,103,1
42,62,175,1
119,125,143,1
123,11,134,1
92,168,143,1
111,134,57,1
159,54,78,1
142,45,179,1
23,91,66,1
189,36,150,1
160,2,80,1
38,136,128,1
179,62,6,1
44,51,16,1
28,1,28,1
48,94,58,1
12,75,170,1
192,35,11,1
113,159,184,1
46,136,94,1
35,90,54,1
183,72,91,1
115,29,177,1
147,15,87,1
189,7,27,1
174,150,171,1
188,131,53,1
156,10,170,1
165,57,74,1
77,28,51,1
164,191,111,1
136,46,154,1
118,28,18,1
170,156,58,1
132,23,140,1
120,108,44,1
187,67,46,1
101,13,82,1
191,132,38,1
154,179,182,1
51,89,109,1
144,42,31,1
123,169,19,1
103,136,93,1
20,132,6,1
140,44,126,1
41,72,148,1
161,142,152,1
0,135,0,1
21,11,37,1
89,11,166,1
38,79,64,1
10,26,134,1
157,188,123,1
158,166,180,1
138,52,114,1
55,119,174,1
94,6,80,1
72,60,117,1
91,136,144,1
107,54,27,1
186,142,178,1
89,13,185,1
135,172,159,1
54,191,166,1
39,102,165,1
70,98,111,1
140,4,35,1
154,161,152,1
86,102,156,1
126,99,89,1
44,137,13,1
25,47,173,1
166,173,11,1
45,53,172,1
44,32,122,1
83,4,69,1
191,166,93,1
41,143,142,1
151,164,68,1
111,166,146,1
34,114,24,1
94,48,10,1
131,142,5,1
59,174,68,1
192,150,9,1
78,171,14,1
115,75,53,1
11,29,27,1
127,154,165,1
170,57,47,1
16,64,145,1
186,135,70,1
192,36,134,1
188,28,117,1
105,131,45,1
21,183,133,1
115,173,139,1
95,151,131,1
72,12,6,1
187,127,158,1
9,94,35,1
91,184,140,1
157,103,39,1
58,83,10,1
72,125,33,1
146,116,151,1
140,53,192,1
156,67,155,1
79,36,29,1
8,49,75,1
130,153,45,1
37,66,138,1
42,179,190,1
47,23,44,1
50,131,49,1
127,67,120,1
31,106,115,1
72,179,50,1
5,158,55,1
94,58,168,1
1,129,3,1
12,151,110,1
161,57,57,1
106,16,79,1
167,5,72,1
44,139,135,1
65,163,30,1
153,104,59,1
7,66,120,1
118,5,178,1
3,128,92,1
44,135,139,1
150,33,180,1
137,189,14,1
25,123,41,1
190,131,109,1
41,90,157,1
57,77,101,1
42,163,153,1
81,190,166,1
31,65,143,1
179,141,171,1
46,10,159,1
29,96,135,1
165,155,82,1
154,124,160,1
70,17,129,1
116,140,67,1
187,118,85,1
106,168,127,1
141,169,163,1
7,95,124,1
37,114,151,1
7,54,18,1
112,88,89,1
120,88,54,1
71,53,147,1
147,20,17,1
89,106,50,1
188,168,116,1
14,57,156,1
117,78,98,1
103,167,48,1
128,98,21,1
37,4,154,1
188,163,161,1
110,149,94,1
76,128,79,1
129,28,108,1
189,35,44,1
190,126,170,1
55,56,32,1
106,99,81,1
51,149,12,1
24,11,125,1
154,157,178,1
111,100,142,1
5,77,168,1
164,169,154,1
9,162,118,1
15,142,170,1
97,87,132,1
188,33,187,1
29,185,117,1
130,160,37,1
163,30,192,1
70,31,133,1
48,186,131,1
32,57,136,1
2,92,21,1
34,31,26,1
58,10,83,1
76,89,170,1
181,95,8,1
22,68,6,1
45,190,178,1
152,163,85,1
179,55,98,1
101,131,126,1
32,19,22,1
73,121,66,1
79,150,61,1
86,29,176,1
2,124,165,1
136,34,4,1
141,89,97,1
151,188,47,1
44,3,79,1
77,109,176,1
99,32,178,1
103,89,12,1
156,124,132,1
110,63,14,1
122,132,191,1
3,61,57,1
135,45,3,1
145,82,183,1
29,110,188,1
169,110,84,1
109,126,128,1
146,102,9,1
176,27,78,1
91,141,143,1
175,75,131,1
114,105,161,1
42,42,1,1
192,125,88,1
33,186,78,1
165,30,102,1
177,59,3,1
59,26,173,1
169,119,89,1
24,145,96,1
153,95,91,1
27,150,143,1
167,164,134,1
142,43,120,1
145,141,90,1
67,47,178,1
110,5,22,1
192,149,136,1
84,185,86,1
144,97,95,1
130,172,3,1
89,90,16,1
8,81,124,1
170,134,56,1
40,59,89,1
186,62,3,1
111,186,122,1
153,118,52,1
125,13,69,1
24,1,24,1
47,116,42,1
28,46,9,1
175,98,181,1
36,12,3,1
173,3,122,1
68,81,89,1
140,142,107,1
53,97,106,1
186,6,31,1
14,137,48,1
60,25,41,1
95,111,133,1
123,31,60,1
83,29,116,1
79,80,42,1
41,80,56,1
137,176,26,1
19,168,61,1
111,138,5,1
71,131,58,1
56,31,145,1
41,187,154,1
128,48,67,1
31,186,161,1
7,167,22,1
160,43,89,1
146,61,72,1
80,148,84,1
30,153,144,1
59,5,89,1
130,156,33,1
53,33,25,1
96,90,104,1
46,13,152,1
31,108,95,1
41,166,120,1
191,171,158,1
151,128,63,1
140,143,113,1
161,172,121,1
27,183,171,1
181,98,185,1
102,80,64,1
18,145,72,1
15,174,50,1
114,23,156,1
55,161,137,1
120,55,125,1
132,3,44,1
56,67,21,1
103,53,42,1
139,23,48,1
75,19,136,1
170,1,170,1
7,99,80,1
140,134,171,1
24,181,191,1
68,70,12,1
149,50,30,1
50,3,81,1
68,115,108,1
2,101,172,1
38,65,57,1
123,74,46,1
156,51,162,1
16,188,74,1
37,1,37,1
102,39,62,1
130,180,183,1
104,147,132,1
43,69,23,1
138,166,145,1
161,80,154,1
127,7,156,1
46,125,5,1
152,191,117,1
83,156,76,1
76,64,158,1
90,55,142,1
6,182,17,1
149,107,5,1
55,17,60,1
50,2,25,1
143,170,170,1
146,6,153,1
92,189,170,1
70,123,192,1
53,186,20,1
120,159,110,1
59,10,141,1
172,1,172,1
99,160,190,1
80,87,83,1
186,185,25,1
63,59,145,1
86,3,93,1
94,75,45,1
12,166,21,1
32,35,34,1
101,80,105,1
112,128,25,1
186,114,154,1
98,167,115,1
168,56,3,1
84,37,44,1
4,170,25,1
175,3,187,1
103,176,28,1
161,16,191,1
62,161,179,1
20,2,10,1
17,29,147,1
182,141,93,1
136,98,155,1
174,36,37,1
2,10,116,1
87,40,7,1
138,29,58,1
37,161,29,1
41,148,72,1
17,68,145,1
118,189,67,1
117,136,130,1
98,117,146,1
145,152,20,1
164,125,43,1
109,68,135,1
13,96,167,1
116,167,144,1
129,162,83,1
31,150,107,1
184,122,11,1
152,181,116,1
67,85,162,1
13,192,180,1
96,1,96,1
125,35,169,1
8,24,129,1
132,178,107,1
69,54,12,1
54,74,152,1
135,167,121,1
55,58,164,1
155,170,52,1
11,11,1,1
78,92,47,1
84,160,15,1
54,128,112,1
69,159,15,1
129,44,174,1
88,168,120,1
77,27,10,1
133,139,44,1
63,85,112,1
188,27,57,1
130,25,121,1
75,80,13,1
108,32,124,1
4,114,105,1
170,188,159,1
182,132,16,1
79,137,133,1
55,100,126,1
8,168,46,1
68,122,67,1
38,56,173,1
28,129,84,1
124,93,130,1
115,99,46,1
19,144,39,1
179,188,80,1
33,16,183,1
168,142,167,1
191,157,118,1
7,45,176,1
17,73,143,1
161,40,115,1
177,180,120,1
18,63,83,1
85,93,86,1
92,137,150,1
141,91,27,1
24,95,177,1
81,52,176,1
107,52,80,1
42,12,100,1
183,89,130,1
140,25,160,1
144,26,154,1
75,61,74,1
146,33,98,1
27,38,148,1
49,174,99,1
192,182,158,1
72,127,34,1
107,184,31,1
149,142,16,1
23,50,151,1
24,164,99,1
145,166,109,1
134,143,144,1
185,124,112,1
117,30,139,1
173,68,170,1
61,116,112,1
6,89,115,1
119,15,98,1
132,87,108,1
61,190,44,1
177,164,127,1
97,55,93,1
69,88,60,1
19,112,188,1
8,139,7,1
62,146,11,1
26,121,5,1
94,30,16,1
54,170,48,1
61,55,152,1
151,26,132,1
124,160,160,1
168,188,5,1
183,138,123,1
129,110,31,1
172,132,13,1
99,63,167,1
80,181,122,1
171,159,12,1
73,96,47,1
191,64,6,1
168,125,77,1
107,138,170,1
49,113,79,1
127,33,191,1
14,78,114,1
184,127,44,1
42,153,163,1
124,9,121,1
170,72,190,1
107,179,144,1
89,155,84,1
73,173,6,1
73,58,151,1
142,28,74,1
59,53,114,1
106,10,165,1
10,96,173,1
103,56,88,1
86,103,132,1
63,46,165,1
28,115,158,1
180,151,106,1
36,154,103,1
117,93,132,1
135,57,43,1
61,172,89,1
155,108,89,1
174,25,61,1
102,168,104,1
94,68,166,1
139,72,144,1
37,152,65,1
121,165,168,1
39,156,145,1
43,89,20,1
123,2,158,1
4,129,12,1
132,147,123,1
129,108,28,1
71,34,144,1
88,137,26,1
16,47,103,1
133,104,185,1
33,94,64,1
47,76,186,1
95,83,43,1
24,70,61,1
29,164,192,1
151,39,88,1
51,137,37,1
81,150,43,1
112,28,4,1
135,138,173,1
16,168,92,1
65,192,128,1
30,133,96,1
153,175,88,1
124,6,85,1
173,118,26,1
65,42,144,1
151,123,155,1
0,71,0,1
112,17,52,1
53,150,102,1
165,13,176,1
100,29,70,1
26,137,34,1
18,44,132,1
16,119,5,1
60,66,36,1
151,50,169,1
51,122,2,1
161,121,172,1
143,58,79,1
88,167,56,1
160,132,48,1
63,101,14,1
124,117,39,1
52,50,140,1
76,106,8,1
175,188,158,1
18,143,100,1
105,42,99,1
39,171,7,1
11,39,124,1
167,49,94,1
39,116,2,1
38,88,75,1
114,108,119,1
15,40,121,1
133,87,179,1
125,90,55,1
172,42,96,1
69,161,28,1
13,43,117,1
35,13,166,1
118,155,68,1
76,1,76,1
108,184,181,1
184,6,95,1
129,156,153,1
177,172,157,1
181,58,73,1
191,139,143,1
67,57,140,1
24,113,19,1
44,160,63,1
63,97,126,1
4,127,152,1
66,23,70,1
180,36,5,1
131,35,103,1
140,74,101,1
133,152,25,1
153,108,114,1
179,184,23,1
19,6,164,1
143,163,66,1
37,28,22,1
154,58,189,1
153,28,164,1
130,97,67,1
80,85,35,1
135,170,120,1
152,97,111,1
135,84,105,1
94,76,179,1
189,165,138,1
99,83,57,1
40,143,115,1
23,99,125,1
29,180,72,1
17,25,47,1
117,167,92,1
98,143,137,1
99,71,121,1
50,54,101,1
147,190,144,1
59,128,8,1
6,49,8,1
35,141,55,1
14,22,141,1
179,140,135,1
125,160,43,1
57,45,27,1
67,162,85,1
143,152,53,1
146,133,4,1
31,59,151,1
61,135,162,1
23,24,9,1
146,59,45,1
68,162,141,1
177,152,71,1
26,118,82,1
155,171,107,1
124,138,96,1
50,123,82,1
93,136,39,1
190,77,15,1
122,133,43,1
28,111,155,1
45,135,129,1
48,176,88,1
71,103,100,1
116,128,19,1
53,42,61,1
120,113,95,1
13,25,70,1
166,48,108,1
88,83,115,1
134,133,120,1
175,140,146,1
71,21,178,1
186,48,28,1
186,189,50,1
27,76,74,1
173,41,56,1
37,189,39,1
109,45,11,1
108,85,192,1
147,113,44,1
40,134,104,1
106,70,189,1
186,139,18,1
24,87,160,1
183,181,33,1
134,150,145,1
40,170,57,1
147,65,124,1
76,65,114,1
50,132,15,1
148,145,13,1
107,140,140,1
56,99,61,1
178,85,102,1
161,2,177,1
32,78,40,1
32,171,174,1
8,80,58,1
185,145,161,1
96,126,157,1
171,126,153,1
46,41,180,1
114,176,16,1
123,22,67,1
74,80,54,1
148,107,106,1
114,133,56,1
132,130,99,1
11,165,103,1
188,18,182,1
109,88,78,1
162,92,157,1
158,121,164,1
78,96,37,1
49,29,15,1
46,177,166,1
42,47,5,1
104,63,115,1
124,100,63,1
117,88,43,1
189,192,4,1
72,96,49,1
167,186,114,1
71,8,33,1
3,96,187,1
151,163,40,1
180,67,164,1
96,37,133,1
161,86,49,1
70,60,162,1
171,115,124,1
180,108,66,1
72,148,37,1
120,25,82,1
122,17,98,1
51,107,60,1
111,183,124,1
1,43,9,1
76,111,145,1
192,13,89,1
74,34,93,1
168,41,70,1
123,21,61,1
153,42,45,1
93,51,104,1
164,143,182,1
166,128,137,1
136,28,60,1
105,27,154,1
15,63,37,1
6,159,102,1
93,85,101,1
107,5,60,1
8,109,101,1
121,31,172,1
93,13,22,1
168,35,82,1
121,89,164,1
8,52,15,1
26,170,66,1
36,130,27,1
131,54,6,1
25,83,184,1
64,121,42,1
177,167,60,1
172,18,31,1
128,86,190,1
86,12,168,1
77,105,168,1
116,28,142,1
24,114,51,1
127,133,59,1
47,24,10,1
64,108,165,1
153,83,53,1
27,47,17,1
12,105,149,1
53,69,163,1
49,97,98,1
35,110,167,1
2,36,118,1
87,101,148,1
186,43,130,1
5,59,180,1
7,32,151,1
156,136,109,1
83,106,90,1
60,79,162,1
30,161,180,1
76,116,187,1
124,4,31,1
38,130,125,1
57,13,138,1
29,54,47,1
72,156,45,1
182,176,12,1
135,19,129,1
148,172,140,1
97,35,91,1
31,95,108,1
6,19,173,1
4,160,111,1
47,72,132,1
85,163,158,1
15,148,64,1
115,73,184,1
184,81,150,1
17,55,74,1
169,11,68,1
42,23,27,1
121,138,75,1
105,172,188,1
85,160,91,1
182,147,38,1
48,137,137,1
164,121,180,1
63,155,105,1
69,154,117,1
93,155,155,1
181,8,95,1
57,186,47,1
139,172,168,1
21,147,138,1
128,2,64,1
8,18,172,1
94,15,32,1
43,55,85,1
160,33,192,1
191,31,112,1
115,39,191,1
26,50,70,1
31,58,117,1
50,76,87,1
161,165,139,1
23,137,134,1
39,71,112,1
65,87,176,1
128,158,57,1
94,142,36,1
164,61,28,1
127,125,18,1
120,150,78,1
15,5,3,1
23,170,192,1
23,112,126,1
40,87,138,1
104,97,15,1
65,124,55,1
192,153,111,1
76,45,36,1
134,127,74,1
47,74,118,1
177,64,48,1
48,77,146,1
144,146,38,1
24,33,106,1
150,15,10,1
31,159,141,1
64,124,69,1
41,184,167,1
107,39,171,1
73,122,18,1
41,91,168,1
0,34,0,1
122,154,81,1
161,22,174,1
152,137,80,1
48,5,164,1
191,146,37,1
55,71,153,1
77,190,103,1
154,8,164,1
177,133,26,1
21,139,139,1
133,6,183,1
24,166,42,1
119,124,71,1
176,49,106,1
67,117,88,1
109,133,40,1
93,7,96,1
110,128,28,1
93,103,44,1
156,107,70,1
13,69,182,1
22,128,160,1
11,143,104,1
128,7,101,1
163,175,66,1
1,41,113,1
106,148,92,1
107,57,117,1
79,103,27,1
106,80,93,1
149,94,172,1
104,124,88,1
169,43,170,1
145,74,15,1
127,17,121,1
99,162,140,1
181,48,48,1
148,179,17,1
183,52,126,1
167,67,135,1
45,8,78,1
117,184,180,1
171,53,36,1
174,147,13,1
52,129,156,1
12,177,144,1
78,165,11,1
64,153,37,1
138,22,94,1
115,15,72,1
167,28,68,1
2,4,97,1
150,85,138,1
125,5,25,1
183,114,27,1
45,161,77,1
178,164,107,1
0,156,0,1
75,44,164,1
117,120,83,1
4,140,182,1
139,95,36,1
103,144,120,1
75,13,80,1
91,98,125,1
71,139,38,1
89,42,117,1
154,66,131,1
32,125,79,1
52,49,5,1
46,155,141,1
101,111,180,1
60,167,161,1
149,115,55,1
124,179,129,1
101,94,114,1
51,73,43,1
36,98,24,1
138,47,44,1
87,28,10,1
107,66,180,1
41,112,40,1
54,69,177,1
191,74,73,1
177,75,95,1
92,29,103,1
33,58,137,1
31,56,4,1
34,73,93,1
165,112,48,1
27,59,7,1
83,93,59,1
62,171,120,1
79,135,175,1
108,28,59,1
132,119,186,1
113,138,19,1
154,65,38,1
87,2,140,1
92,52,76,1
82,24,116,1
144,186,7,1
68,3,87,1
12,3,4,1
4,149,35,1
144,161,92,1
14,165,96,1
167,181,163,1
144,15,164,1
78,185,135,1
152,183,62,1
9,50,143,1
96,76,113,1
112,64,50,1
46,31,126,1
79,181,106,1
34,180,131,1
164,76,185,1
9,88,33,1
145,35,142,1
170,145,101,1
0,37,0,1
157,150,131,1
188,65,89,1
69,15,159,1
154,61,31,1
187,102,34,1
105,59,113,1
180,59,111,1
40,57,170,1
46,51,122,1
138,24,54,1
105,68,169,1
55,86,151,1
158,191,114,1
140,160,25,1
41,115,190,1
107,153,89,1
172,161,67,1
52,22,55,1
32,92,143,1
48,125,22,1
135,68,107,1
61,122,97,1
76,95,78,1
125,167,62,1
61,73,59,1
32,60,52,1
187,153,87,1
140,96,106,1
108,98,72,1
41,163,108,1
17,36,38,1
23,80,22,1
170,135,37,1
136,50,188,1
79,86,66,1
38,160,186,1
19,184,148,1
12,113,106,1
99,65,52,1
144,61,34,1
117,91,84,1
57,149,161,1
89,92,66,1
117,80,28,1
189,92,151,1
182,185,122,1
100,45,88,1
86,165,121,1
169,57,91,1
190,68,122,1
59,138,27,1
115,34,168,1
128,182,41,1
53,62,60,1
107,133,188,1
27,100,118,1
116,49,26,1
109,169,100,1
82,165,66,1
16,98,75,1
68,62,26,1
186,138,144,1
59,118,97,1
162,41,164,1
180,112,105,1
2,45,133,1
16,32,97,1
88,50,133,1
60,8,104,1
115,179,171,1
10,73,16,1
15,56,114,1
190,107,110,1
14,116,70,1
142,181,149,1
136,89,162,1
185,177,97,1
31,166,6,1
60,12,5,1
145,156,163,1
36,72,97,1
115,132,131,1
104,187,47,1
16,39,40,1
83,33,61,1
90,150,155,1
181,7,81,1
148,161,116,1
101,103,164,1
21,172,192,1
5,152,14,1
54,13,19,1
155,147,26,1
110,7,126,1
98,180,37,1
76,131,5,1
106,182,43,1
70,5,14,1
155,150,149,1
43,101,31,1
184,60,106,1
150,23,124,1
184,148,116,1
162,9,18,1
67,21,187,1
88,176,97,1
124,94,182,1
184,103,58,1
190,93,56,1
55,52,79,1
135,83,183,1
74,91,162,1
22,71,177,1
164,2,82,1
183,174,31,1
13,174,172,1
151,48,168,1
18,95,181,1
106,167,85,1
167,34,56,1
52,100,70,1
119,86,53,1
159,157,76,1
135,106,65,1
191,65,190,1
44,169,159,1
147,71,51,1
155,190,77,1
18,41,104,1
7,184,85,1
86,59,8,1
67,65,4,1
120,175,122,1
74,124,122,1
33,26,172,1
104,17,131,1
20,136,108,1
27,126,14,1
8,6,130,1
167,129,115,1
162,88,15,1
31,113,113,1
112,164,76,1
63,69,110,1
140,86,51,1
6,163,77,1
144,188,87,1
118,105,82,1
60,57,62,1
62,42,75,1
181,65,175,1
9,189,46,1
152,91,25,1
35,137,120,1
154,31,61,1
113,145,66,1
67,67,1,1
116,6,148,1
144,72,2,1
107,167,33,1
99,143,164,1
49,168,137,1
143,90,171,1
154,18,30,1
104,61,46,1
6,46,126,1
88,151,99,1
154,185,29,1
124,140,45,1
63,23,137,1
158,104,124,1
78,72,178,1
4,37,94,1
113,88,157,1
79,7,94,1
157,21,81,1
88,58,108,1
30,167,177,1
79,21,160,1
184,12,144,1
54,57,133,1
192,135,10,1
132,50,103,1
153,171,72,1
76,70,161,1
153,119,84,1
3,11,88,1
29,170,133,1
162,100,129,1
58,100,182,1
133,13,129,1
81,112,192,1
9,83,128,1
9,3,3,1
86,164,17,1
71,84,141,1
159,106,98,1
188,124,70,1
0,55,0,1
159,134,66,1
81,7,177,1
21,74,102,1
152,12,77,1
174,131,47,1
168,161,43,1
28,44,141,1
58,43,136,1
173,154,50,1
35,171,130,1
135,151,176,1
24,66,53,1
190,140,153,1
46,63,62,1
80,136,46,1
67,140,57,1
130,86,6,1
55,157,36,1
45,74,191,1
107,139,166,1
157,79,173,1
20,50,39,1
32,184,168,1
88,187,114,1
120,27,176,1
106,98,135,1
93,120,160,1
0,5,0,1
54,132,132,1
185,56,55,1
99,141,128,1
44,48,17,1
47,36,71,1
82,93,142,1
110,120,17,1
69,9,72,1
61,77,81,1
17,149,4,1
72,140,188,1
106,147,90,1
44,126,80,1
162,19,39,1
107,148,122,1
127,84,13,1
175,40,125,1
35,186,188,1
152,117,191,1
110,178,57,1
77,110,20,1
179,60,122,1
117,82,145,1
33,96,127,1
93,19,76,1
51,169,22,1
15,120,169,1
157,119,37,1
3,95,191,1
58,192,135,1
141,183,121,1
17,23,135,1
117,10,31,1
6,93,81,1
159,99,25,1
64,95,86,1
36,23,161,1
91,93,167,1
57,47,186,1
42,113,178,1
47,57,55,1
184,142,91,1
103,20,92,1
23,175,181,1
119,6,52,1
131,7,129,1
149,83,39,1
166,63,165,1
70,1,70,1
109,9,55,1
83,147,187,1
0,155,0,1
109,40,133,1
141,146,190,1
83,102,173,1
133,85,22,1
31,38,77,1
47,181,173,1
40,146,32,1
90,43,38,1
169,21,54,1
48,19,33,1
23,78,77,1
49,163,82,1
158,156,147,1
177,158,17,1
46,108,4,1
164,101,15,1
126,19,159,1
114,55,167,1
186,157,27,1
100,177,42,1
73,153,3,1
118,9,56,1
171,114,98,1
51,178,151,1
39,123,118,1
128,69,55,1
50,14,169,1
114,166,103,1
163,81,114,1
129,121,151,1
127,74,93,1
186,117,155,1
104,129,119,1
134,56,92,1
161,119,183,1
143,88,74,1
160,14,39,1
104,87,50,1
112,19,77,1
0,67,0,1
19,154,49,1
84,35,41,1
42,2,21,1
153,51,3,1
152,73,166,1
82,151,44,1
176,85,77,1
6,14,28,1
77,43,114,1
126,56,147,1
32,183,74,1
128,55,69,1
136,35,48,1
179,4,93,1
29,119,190,1
39,51,137,1
177,11,174,1
159,32,11,1
105,180,81,1
174,35,16,1
111,178,147,1
182,140,175,1
153,110,140,1
178,28,158,1
161,112,110,1
141,170,61,1
53,61,42,1
15,36,113,1
189,61,117,1
22,63,80,1
37,34,143,1
174,61,25,1
55,143,134,1
50,9,27,1
13,153,101,1
109,173,120,1
187,14,165,1
8,121,150,1
55,67,93,1
172,27,85,1
118,39,102,1
20,89,126,1
185,34,136,1
83,22,188,1
109,23,139,1
91,54,41,1
65,4,161,1
150,30,5,1
8,53,22,1
49,114,80,1
134,98,25,1
157,72,96,1
82,118,125,1
85,178,123,1
170,168,109,1
108,171,153,1
81,17,141,1
108,95,121,1
39,47,46,1
148,66,166,1
165,34,90,1
168,135,57,1
170,159,188,1
97,104,103,1
18,163,38,1
134,80,103,1
151,140,19,1
102,55,58,1
151,22,156,1
168,115,176,1
110,161,81,1
131,20,132,1
30,174,100,1
95,134,54,1
23,6,36,1
160,46,79,1
91,189,122,1
61,65,188,1
129,180,94,1
184,108,16,1
189,183,39,1
175,32,108,1
140,155,169,1
161,20,37,1
118,101,112,1
102,130,173,1
188,34,85,1
68,59,132,1
81,85,144,1
44,124,156,1
61,148,93,1
121,40,114,1
57,107,33,1
40,155,131,1
38,183,112,1
183,176,46,1
35,15,131,1
175,133,174,1
185,112,124,1
86,76,57,1
80,171,49,1
58,78,169,1
177,161,97,1
128,10,90,1
55,166,48,1
152,146,83,1
80,118,89,1
73,131,114,1
33,133,67,1
119,130,41,1
102,153,65,1
111,167,18,1
15,77,118,1
49,165,143,1
59,171,164,1
178,26,185,1
83,34,133,1
48,172,108,1
158,152,95,1
120,141,161,1
190,32,18,1
126,71,154,1
176,89,28,1
181,29,146,1
28,14,2,1
38,170,141,1
131,66,40,1
49,143,165,1
81,160,173,1
56,25,64,1
12,29,47,1
99,147,44,1
47,51,175,1
105,96,176,1
57,37,85,1
8,76,122,1
155,26,147,1
32,189,185,1
48,107,170,1
55,112,16,1
147,2,170,1
165,96,56,1
48,171,68,1
64,69,124,1
76,171,172,1
113,33,97,1
161,145,65,1
83,45,19,1
108,123,15,1
85,8,83,1
47,73,191,1
165,47,61,1
60,17,83,1
111,12,154,1
139,19,180,1
21,117,114,1
73,49,33,1
77,98,180,1
112,39,87,1
147,70,60,1
15,116,75,1
83,187,147,1
60,163,191,1
51,63,10,1
95,122,34,1
60,93,38,1
21,187,93,1
105,155,175,1
65,27,31,1
21,182,156,1
78,129,41,1
114,189,68,1
88,134,113,1
121,36,191,1
189,168,170,1
26,9,153,1
182,149,145,1
29,116,145,1
72,76,133,1
190,99,76,1
35,165,47,1
22,122,16,1
140,6,152,1
94,110,57,1
114,158,96,1
1,75,175,1
105,21,5,1
45,64,58,1
44,67,113,1
181,3,189,1
137,146,71,1
101,27,161,1
2,148,60,1
58,66,112,1
87,73,62,1
185,24,64,1
127,110,38,1
117,52,147,1
43,169,151,1
112,9,184,1
171,192,22,1
81,26,159,1
134,25,98,1
188,52,63,1
7,79,154,1
81,102,120,1
46,37,116,1
136,153,151,1
159,130,71,1
38,70,177,1
114,73,28,1
36,95,169,1
124,111,135,1
114,49,152,1
161,171,19,1
171,3,57,1
44,172,99,1
51,147,87,1
173,28,82,1
169,174,113,1
151,32,59,1
88,159,145,1
32,76,102,1
159,29,92,1
182,4,142,1
109,141,61,1
177,56,110,1
29,60,23,1
51,106,46,1
16,15,104,1
191,95,130,1
159,179,30,1
21,42,97,1
98,103,119,1
44,92,76,1
172,95,14,1
179,94,160,1
142,184,70,1
26,11,55,1
45,173,46,1
35,12,19,1
75,120,73,1
23,54,4,1
56,15,171,1
3,163,135,1
116,36,89,1
146,12,173,1
79,5,93,1
98,55,86,1
144,108,130,1
160,173,185,1
167,14,136,1
66,144,105,1
181,149,88,1
141,177,148,1
7,157,166,1
61,39,56,1
19,99,162,1
27,96,139,1
123,184,115,1
174,76,48,1
99,94,192,1
18,86,81,1
186,140,164,1
168,106,38,1
38,145,152,1
86,28,72,1
129,169,67,1
49,27,59,1
105,94,151,1
115,64,41,1
72,32,147,1
103,189,119,1
3,122,125,1
13,29,67,1
138,183,102,1
168,184,110,1
170,137,59,1
152,13,175,1
24,182,68,1
158,170,119,1
77,176,109,1
175,175,1,1
121,141,135,1
84,163,113,1
118,128,16,1
14,106,164,1
182,154,124,1
105,174,157,1
95,129,92,1
153,164,28,1
72,163,152,1
72,98,48,1
56,116,87,1
109,109,1,1
149,89,186,1
78,112,142,1
14,6,131,1
155,123,177,1
78,116,4,1
47,12,20,1
14,97,28,1
65,26,99,1
21,37,11,1
18,166,128,1
181,76,10,1
5,83,114,1
140,76,12,1
135,144,13,1
164,96,58,1
124,177,137,1
191,7,110,1
91,144,136,1
179,169,81,1
137,114,74,1
78,61,131,1
79,31,15,1
21,138,147,1
172,171,115,1
34,58,147,1
17,154,54,1
17,21,10,1
85,148,41,1
97,45,178,1
143,177,172,1
143,121,124,1
5,135,143,1
175,147,185,1
117,137,153,1
1,118,18,1
51,185,66,1
154,171,186,1
172,73,5,1
36,66,176,1
39,131,127,1
169,107,108,1
6,139,150,1
135,149,168,1
59,124,139,1
153,116,186,1
177,191,8,1
7,126,118,1
35,185,68,1
91,78,162,1
119,47,175,1
56,183,33,1
70,94,165,1
78,172,79,1
99,89,64,1
165,9,147,1
23,23,1,1
154,52,144,1
113,142,187,1
24,141,148,1
42,85,139,1
4,53,11,1
134,36,186,1
44,190,114,1
178,35,165,1
46,84,143,1
147,9,145,1
19,87,191,1
167,123,50,1
61,170,140,1
148,8,115,1
108,39,77,1
153,180,107,1
38,113,14,1
131,136,167,1
90,61,166,1
129,143,9,1
183,82,14,1
100,166,175,1
32,75,3,1
112,87,39,1
186,21,64,1
1,83,100,1
110,131,185,1
95,21,124,1
174,191,106,1
26,33,147,1
82,189,76,1
63,111,11,1
68,136,97,1
49,98,97,1
30,102,23,1
163,48,120,1
43,158,87,1
127,156,7,1
15,16,13,1
98,152,120,1
43,107,96,1
1,47,115,1
96,188,58,1
141,112,34,1
122,50,180,1
165,161,25,1
189,50,108,1
115,22,14,1
129,56,54,1
81,55,12,1
15,100,87,1
160,141,86,1
98,86,55,1
66,131,111,1
18,104,41,1
73,150,115,1
61,2,127,1
0,117,0,1
133,50,76,1
159,170,77,1
80,103,42,1
44,101,117,1
92,47,158,1
49,55,43,1
102,188,134,1
35,169,87,1
180,92,153,1
90,28,17,1
96,24,4,1
129,129,1,1
165,50,177,1
102,161,33,1
123,121,135,1
82,78,6,1
97,192,96,1
7,163,122,1
25,99,10,1
84,70,117,1
121,7,100,1
75,37,122,1
83,36,72,1
25,1,25,1
10,18,22,1
44,24,34,1
186,42,32,1
185,111,66,1
52,106,168,1
140,150,91,1
180,126,29,1
83,176,120,1
3,121,8,1
162,36,101,1
64,34,70,1
178,137,114,1
56,162,48,1
12,67,101,1
76,46,52,1
60,181,188,1
149,98,35,1
174,29,6,1
47,14,155,1
180,19,172,1
97,61,106,1
89,135,75,1
162,25,130,1
124,60,105,1
115,9,120,1
175,154,45,1
5,174,81,1
100,77,79,1
85,146,68,1
104,44,55,1
94,81,106,1
15,75,116,1
76,127,186,1
14,112,169,1
65,69,138,1
117,69,94,1
128,171,117,1
30,159,124,1
190,89,39,1
0,98,0,1
136,88,177,1
0,147,0,1
167,179,57,1
132,83,76,1
187,107,27,1
130,110,124,1
14,7,2,1
180,58,63,1
60,164,151,1
74,113,139,1
166,112,129,1
129,184,50,1
77,115,145,1
19,118,149,1
91,43,47,1
3,110,86,1
61,72,159,1
53,87,96,1
180,43,76,1
14,138,98,1
134,53,79,1
191,71,19,1
83,127,66,1
101,85,8,1
91,7,13,1
113,68,101,1
126,36,100,1
83,2,138,1
164,28,61,1
186,86,65,1
147,156,116,1
33,52,86,1
148,89,6,1
174,32,114,1
61,179,37,1
171,174,184,1
169,53,127,1
114,25,20,1
117,17,75,1
181,190,4,1
103,25,35,1
115,25,159,1
126,18,7,1
107,187,143,1
152,53,32,1
52,110,11,1
3,187,96,1
97,128,144,1
52,56,125,1
12,114,122,1
130,46,28,1
180,45,4,1
36,158,10,1
142,49,125,1
6,12,97,1
42,3,14,1
80,143,37,1
182,122,185,1
68,41,157,1
73,82,168,1
80,83,87,1
137,125,103,1
83,58,58,1
75,41,176,1
70,71,107,1
99,106,112,1
95,147,128,1
99,62,123,1
140,104,83,1
14,73,61,1
91,60,172,1
147,3,49,1
105,115,110,1
110,160,61,1
94,174,56,1
134,2,67,1
25,77,68,1
130,28,46,1
123,163,131,1
90,148,191,1
110,150,168,1
180,117,150,1
0,169,0,1
0,160,0,1
36,46,177,1
78,67,174,1
89,171,110,1
189,41,127,1
192,11,35,1
103,45,191,1
57,165,60,1
142,192,51,1
77,51,28,1
101,192,92,1
113,7,154,1
54,127,122,1
16,65,24,1
30,131,68,1
119,84,114,1
181,54,107,1
142,19,170,1
116,13,98,1
24,81,179,1
142,69,58,1
152,92,52,1
150,160,13,1
25,56,190,1
106,138,163,1
164,72,13,1
74,114,109,1
68,137,178,1
177,119,188,1
164,114,59,1
38,100,66,1
79,115,46,1
85,156,29,1
149,119,131,1
103,153,147,1
124,150,42,1
190,120,82,1
192,24,8,1
8,12,65,1
152,47,110,1
32,56,166,1
105,116,139,1
35,73,56,1
64,9,50,1
43,79,174,1
120,33,144,1
39,118,123,1
103,170,113,1
119,65,82,1
87,103,147,1
170,11,33,1
142,174,23,1
134,170,162,1
45,176,179,1
13,188,36,1
148,63,82,1
13,13,1,1
3,43,27,1
142,41,27,1
34,148,55,1
26,190,120,1
150,98,100,1
1,122,106,1
49,57,160,1
10,60,161,1
148,115,8,1
134,157,7,1
35,80,109,1
66,176,121,1
41,30,85,1
32,192,161,1
28,24,162,1
140,191,123,1
120,169,188,1
141,45,16,1
68,191,159,1
102,35,36,1
79,40,84,1
152,160,165,1
47,190,113,1
1,119,133,1
121,46,32,1
76,138,146,1
111,74,98,1
160,172,167,1
5,140,131,1
45,38,118,1
93,119,17,1
172,19,70,1
159,159,1,1
164,174,32,1
157,63,27,1
42,143,169,1
3,17,91,1
21,23,110,1
81,40,113,1
100,103,149,1
60,175,61,1
123,68,16,1
65,152,182,1
162,87,115,1
170,95,144,1
130,163,60,1
10,124,53,1
11,160,64,1
144,94,174,1
131,80,33,1
60,5,12,1
155,166,30,1
69,148,140,1
126,51,116,1
184,62,59,1
190,165,7,1
181,140,33,1
97,79,11,1
112,58,155,1
62,66,153,1
127,13,84,1
71,32,153,1
126,181,86,1
32,133,141,1
190,24,24,1
37,72,30,1
79,9,116,1
70,162,60,1
53,123,2,1
58,130,140,1
0,174,0,1
78,113,110,1
41,186,132,1
164,37,187,1
135,179,142,1
148,11,31,1
82,71,186,1
134,123,158,1
163,37,67,1
74,107,53,1
57,42,153,1
162,165,8,1
145,58,99,1
160,17,157,1
186,26,22,1
44,37,69,1
98,161,9,1
73,6,173,1
132,47,126,1
87,138,30,1
108,128,31,1
51,101,140,1
59,166,55,1
188,31,87,1
69,133,105,1
187,175,129,1
125,83,148,1
35,56,73,1
164,19,161,1
162,78,106,1
175,80,159,1
76,22,21,1
167,29,59,1
184,130,138,1
26,62,44,1
158,23,74,1
63,28,147,1
86,120,94,1
96,77,99,1
170,30,70,1
66,186,156,1
27,65,137,1
129,19,149,1
149,42,146,1
5,132,98,1
42,166,170,1
136,134,122,1
187,115,104,1
62,78,174,1
78,22,179,1
31,131,96,1
61,129,183,1
151,61,167,1
136,26,124,1
45,186,159,1
172,91,74,1
71,61,191,1
162,34,141,1
126,125,106,1
89,151,76,1
153,52,118,1
130,113,119,1
183,179,111,1
124,26,79,1
184,104,76,1
62,92,72,1
174,12,111,1
127,115,179,1
127,81,135,1
92,159,20,1
47,40,6,1
75,189,126,1
136,31,104,1
189,120,45,1
114,70,145,1
82,153,162,1
92,48,18,1
93,87,41,1
15,46,122,1
45,16,39,1
58,8,152,1
118,61,119,1
185,35,88,1
116,178,18,1
114,86,127,1
121,170,129,1
175,106,120,1
108,157,190,1
116,147,73,1
76,79,128,1
82,167,175,1
58,110,183,1
10,151,156,1
10,31,19,1
127,48,71,1
60,169,94,1
182,30,109,1
79,178,162,1
69,122,173,1
57,118,61,1
147,30,140,1
101,67,62,1
77,160,62,1
127,129,188,1
166,79,178,1
154,6,90,1
28,116,140,1
129,14,23,1
90,132,27,1
163,191,15,1
21,164,159,1
52,118,164,1
123,60,31,1
179,90,17,1
28,52,149,1
131,157,184,1
26,47,95,1
119,106,43,1
55,105,120,1
143,35,164,1
27,131,177,1
65,142,29,1
4,164,113,1
55,95,92,1
63,8,32,1
129,57,114,1
3,72,185,1
86,184,162,1
66,61,96,1
77,187,148,1
21,17,58,1
191,123,182,1
152,142,50,1
179,7,191,1
109,20,73,1
130,69,83,1
136,78,170,1
13,83,142,1
123,100,173,1
84,60,40,1
148,4,37,1
85,63,81,1
5,98,132,1
172,151,97,1
138,176,60,1
158,119,170,1
162,135,117,1
9,16,85,1
82,170,30,1
137,21,126,1
168,14,12,1
116,18,178,1
9,181,144,1
58,157,52,1
28,100,8,1
61,84,26,1
103,92,20,1
161,153,78,1
54,135,39,1
115,76,65,1
60,170,182,1
12,97,24,1
99,148,75,1
67,53,136,1
44,162,148,1
87,88,126,1
11,50,89,1
16,189,189,1
67,81,170,1
95,74,103,1
58,42,176,1
180,48,52,1
170,108,191,1
8,146,45,1
64,4,16,1
6,55,151,1
123,55,104,1
44,49,123,1
19,138,133,1
180,53,109,1
168,69,36,1
71,164,124,1
135,7,102,1
86,37,91,1
150,84,181,1
41,127,14,1
189,1,189,1
20,108,136,1
87,10,28,1
158,85,45,1
90,32,39,1
40,144,11,1
95,39,141,1
119,99,9,1
89,81,125,1
110,34,60,1
140,168,33,1
109,132,52,1
142,5,67,1
56,51,73,1
149,138,78,1
64,136,114,1
144,80,79,1
57,67,142,1
128,19,88,1
61,52,42,1
90,58,128,1
75,190,168,1
39,72,89,1
128,134,24,1
45,35,84,1
122,149,6,1
40,149,157,1
77,87,63,1
106,161,57,1
71,161,40,1
115,182,165,1
8,192,185,1
4,43,36,1
111,163,170,1
60,85,171,1
89,63,78,1
19,3,135,1
57,109,20,1
166,20,182,1
124,119,87,1
82,95,74,1
125,152,157,1
157,50,7,1
82,188,138,1
182,12,176,1
165,108,157,1
183,69,53,1
144,141,116,1
191,15,180,1
89,148,161,1
2,106,51,1
167,33,46,1
38,103,184,1
19,22,150,1
156,89,95,1
158,19,181,1
41,92,141,1
161,133,52,1
71,175,114,1
134,160,148,1
29,149,109,1
132,155,27,1
188,184,22,1
127,179,115,1
141,190,146,1
161,105,53,1
105,141,165,1
135,8,41,1
39,53,59,1
138,110,96,1
19,151,142,1
97,166,25,1
77,92,133,1
58,140,130,1
166,72,72,1
133,138,159,1
149,180,137,1
183,83,158,1
177,137,83,1
191,29,153,1
40,92,34,1
85,181,9,1
50,100,97,1
146,185,30,1
16,67,6,1
80,117,131,1
5,6,33,1
174,134,105,1
192,4,48,1
153,124,174,1
5,5,1,1
135,181,37,1
160,158,23,1
106,122,42,1
47,85,105,1
19,177,35,1
187,112,93,1
1,68,88,1
123,97,53,1
24,49,32,1
30,191,178,1
35,162,30,1
34,176,191,1
40,13,107,1
143,15,61,1
34,10,42,1
17,11,177,1
63,108,81,1
27,141,70,1
76,60,27,1
110,47,105,1
137,26,176,1
22,173,134,1
67,168,144,1
1,73,156,1
97,177,6,1
61,15,107,1
159,39,108,1
101,36,169,1
73,167,64,1
154,17,168,1
90,142,55,1
6,119,26,1
172,162,175,1
50,71,104,1
12,162,93,1
49,38,47,1
54,20,22,1
50,87,76,1
45,15,3,1
192,26,141,1
141,78,128,1
26,12,163,1
16,26,60,1
50,91,26,1
71,22,12,1
120,137,53,1
62,86,86,1
149,166,116,1
64,166,112,1
51,180,100,1
42,130,128,1
42,171,156,1
10,161,60,1
70,54,180,1
96,151,108,1
85,66,51,1
13,55,102,1
54,64,31,1
176,182,177,1
128,175,143,1
65,43,6,1
190,148,103,1
88,182,185,1
19,107,11,1
189,148,73,1
116,95,180,1
145,28,81,1
3,18,161,1
137,152,152,1
158,171,63,1
41,119,49,1
163,70,165,1
43,51,156,1
114,67,91,1
1,117,33,1
97,65,49,1
73,140,137,1
27,50,43,1
22,53,157,1
191,181,161,1
126,159,19,1
143,70,82,1
37,111,129,1
22,76,46,1
56,72,108,1
125,168,188,1
78,107,35,1
106,64,68,1
37,171,165,1
43,139,110,1
91,118,94,1
60,99,24,1
133,35,81,1
6,63,92,1
162,55,24,1
5,165,117,1
52,187,120,1
167,17,112,1
94,131,123,1
66,9,136,1
7,2,100,1
60,166,105,1
96,35,102,1
161,23,7,1
121,135,141,1
43,143,3,1
86,183,30,1
116,139,5,1
95,64,101,1
93,109,185,1
119,169,180,1
74,168,136,1
10,126,141,1
42,73,183,1
190,90,45,1
135,190,148,1
32,85,14,1
158,59,91,1
171,17,169,1
148,62,102,1
183,63,104,1
87,131,120,1
144,69,86,1
71,28,37,1
39,176,168,1
103,94,36,1
70,127,151,1
186,96,14,1
50,183,188,1
43,91,115,1
40,18,88,1
53,68,32,1
11,188,75,1
11,174,101,1
12,163,154,1
103,14,159,1
42,100,12,1
105,143,133,1
20,157,171,1
148,130,111,1
184,50,50,1
175,148,39,1
30,181,94,1
186,136,78,1
50,50,1,1
181,34,11,1
174,111,12,1
56,78,70,1
90,11,131,1
185,71,76,1
19,53,4,1
34,97,68,1
63,40,45,1
10,181,160,1
83,37,117,1
137,7,185,1
52,137,68,1
92,140,133,1
182,74,112,1
141,1,141,1
157,39,103,1
122,67,94,1
21,148,51,1
28,104,171,1
161,14,108,1
101,86,165,1
53,45,147,1
49,8,175,1
63,47,104,1
115,68,84,1
116,45,187,1
26,31,88,1
16,169,128,1
88,108,58,1
48,105,17,1
46,143,84,1
62,54,187,1
70,73,112,1
60,159,55,1
66,97,132,1
114,77,9,1
155,129,79,1
47,147,171,1
55,165,129,1
118,78,51,1
192,169,185,1
188,46,88,1
183,97,173,1
61,138,41,1
78,41,129,1
35,119,23,1
161,82,122,1
173,131,19,1
2,178,180,1
56,136,148,1
119,95,178,1
114,71,75,1
61,108,106,1
11,36,70,1
155,56,20,1
123,45,170,1
16,131,62,1
31,171,60,1
74,115,4,1
20,1,20,1
137,123,78,1
98,109,31,1
50,26,91,1
173,69,106,1
92,129,83,1
7,77,158,1
78,30,157,1
143,146,153,1
32,29,61,1
35,69,104,1
66,187,182,1
68,93,146,1
178,96,30,1
75,176,41,1
144,31,42,1
122,15,21,1
170,20,105,1
8,51,38,1
137,121,108,1
187,192,6,1
134,87,57,1
12,96,169,1
192,99,154,1
121,125,160,1
1,110,93,1
100,188,173,1
79,102,67,1
175,173,136,1
136,96,114,1
155,2,174,1
147,52,155,1
153,71,187,1
118,46,162,1
107,84,169,1
106,130,176,1
183,122,98,1
99,191,47,1
48,138,143,1
1,40,111,1
3,148,90,1
94,112,87,1
13,141,48,1
178,24,120,1
108,117,90,1
31,9,175,1
157,26,58,1
175,115,119,1
143,34,78,1
5,67,26,1
84,49,112,1
70,134,182,1
161,135,127,1
70,112,73,1
53,26,54,1
188,78,42,1
115,51,112,1
131,78,19,1
114,173,168,1
1,190,64,1
123,89,138,1
51,144,125,1
145,17,88,1
153,79,85,1
30,75,39,1
2,152,160,1
31,34,52,1
115,181,103,1
57,17,185,1
33,27,87,1
127,75,30,1
10,156,151,1
139,146,34,1
90,41,134,1
85,135,115,1
20,22,36,1
187,151,138,1
42,39,105,1
42,127,52,1
9,143,50,1
37,50,159,1
67,44,41,1
91,63,173,1
23,178,140,1
148,101,183,1
34,8,149,1
25,8,172,1
150,44,135,1
62,143,130,1
64,149,174,1
85,79,133,1
3,79,66,1
158,81,133,1
139,148,117,1
183,3,61,1
152,116,181,1
71,100,103,1
61,85,87,1
126,192,67,1
179,173,20,1
80,175,17,1
88,82,147,1
48,49,64,1
151,104,33,1
51,76,54,1
133,105,27,1
71,42,89,1
137,165,2,1
10,35,83,1
68,168,5,1
30,98,20,1
87,75,171,1
147,86,179,1
192,155,127,1
119,110,66,1
169,135,47,1
1,112,81,1
128,169,59,1
173,26,118,1
136,179,73,1
26,113,101,1
70,25,80,1
169,131,100,1
125,89,112,1
189,14,110,1
129,34,123,1
155,23,141,1
65,78,33,1
139,114,30,1
169,13,13,1
67,157,100,1
113,154,7,1
125,74,166,1
127,157,34,1
111,57,134,1
11,184,106,1
145,138,50,1
158,112,60,1
162,118,21,1
183,130,89,1
160,7,78,1
179,177,25,1
168,42,4,1
47,106,137,1
115,116,189,1
51,12,149,1
13,92,40,1
90,120,49,1
107,125,41,1
89,91,54,1
27,27,1,1
30,30,1,1
105,186,178,1
98,171,171,1
139,87,26,1
60,16,52,1
130,72,168,1
32,3,75,1
44,93,15,1
169,185,3,1
67,55,110,1
57,9,135,1
103,83,71,1
49,103,156,1
19,48,117,1
63,105,155,1
152,59,68,1
82,152,191,1
133,29,151,1
165,102,30,1
145,190,16,1
125,24,158,1
88,75,153,1
146,36,122,1
24,149,17,1
65,126,48,1
98,64,92,1
171,158,144,1
49,160,57,1
92,153,17,1
4,172,9,1
164,45,98,1
152,168,102,1
16,10,156,1
181,191,6,1
97,120,115,1
128,93,184,1
11,108,152,1
67,136,53,1
86,129,65,1
1,20,29,1
18,31,150,1
12,15,78,1
97,54,84,1
22,54,29,1
182,61,177,1
188,107,119,1
135,58,192,1
115,12,90,1
24,68,182,1
188,12,80,1
159,168,94,1
154,57,172,1
86,63,32,1
130,64,189,1
158,33,151,1
103,54,127,1
122,23,106,1
72,94,87,1
141,21,117,1
126,175,186,1
55,123,13,1
40,12,132,1
115,33,138,1
190,43,166,1
38,21,11,1
88,35,190,1
185,173,39,1
82,41,2,1
138,11,188,1
21,153,178,1
39,8,29,1
34,72,38,1
114,135,18,1
43,137,175,1
29,16,38,1
141,111,43,1
82,69,183,1
116,159,42,1
55,108,181,1
172,174,123,1
62,170,98,1
53,152,187,1
118,47,60,1
51,64,40,1
131,27,12,1
62,157,9,1
55,8,31,1
182,44,48,1
141,126,116,1
147,177,27,1
191,126,49,1
176,78,27,1
108,174,167,1
157,41,178,1
27,137,65,1
182,17,181,1
181,88,149,1
124,186,65,1
50,188,183,1
183,4,94,1
187,16,72,1
188,97,183,1
94,153,181,1
103,158,168,1
181,38,20,1
13,45,189,1
49,189,36,1
131,42,118,1
25,153,120,1
129,40,37,1
162,117,135,1
75,73,120,1
20,104,67,1
146,163,8,1
25,151,4,1
107,157,56,1
176,130,132,1
32,6,134,1
178,115,67,1
23,138,161,1
108,127,51,1
3,119,13,1
156,159,143,1
21,3,7,1
42,133,173,1
30,54,22,1
152,26,184,1
131,108,3,1
136,56,30,1
115,147,94,1
144,70,173,1
176,166,115,1
192,45,30,1
137,17,167,1
81,125,13,1
114,18,135,1
114,121,111,1
170,133,158,1
151,88,39,1
154,169,74,1
62,38,154,1
41,135,169,1
1,156,73,1
112,114,45,1
163,78,59,1
186,73,66,1
127,123,23,1
113,6,51,1
69,102,188,1
118,32,64,1
159,87,95,1
170,63,162,1
188,99,191,1
185,162,131,1
176,44,4,1
67,160,74,1
70,8,57,1
59,82,149,1
65,185,16,1
108,168,42,1
136,157,82,1
58,77,96,1
45,188,184,1
42,53,19,1
167,100,158,1
134,104,5,1
6,35,127,1
89,190,99,1
15,33,18,1
125,81,104,1
19,21,102,1
181,167,45,1
83,39,111,1
139,177,124,1
81,66,10,1
119,145,90,1
148,83,132,1
136,151,153,1
3,46,63,1
184,38,15,1
104,178,96,1
115,131,132,1
71,108,174,1
18,13,135,1
46,15,106,1
175,179,84,1
162,128,143,1
136,10,168,1
27,170,24,1
159,137,104,1
86,53,140,1
70,3,152,1
157,174,73,1
130,152,171,1
170,189,54,1
116,105,25,1
148,174,43,1
45,66,27,1
81,139,95,1
168,192,25,1
70,166,26,1
137,178,171,1
27,101,6,1
83,21,151,1
147,36,181,1
33,61,48,1
71,112,154,1
77,80,124,1
125,51,63,1
190,143,112,1
139,131,32,1
118,167,40,1
118,19,57,1
103,95,60,1
191,56,62,1
42,88,154,1
62,140,119,1
132,82,124,1
10,41,165,1
180,27,71,1
35,21,66,1
12,35,61,1
184,99,35,1
103,66,139,1
56,156,35,1
1,59,36,1
190,48,12,1
81,61,188,1
69,45,53,1
21,129,63,1
54,153,182,1
39,60,184,1
32,150,98,1
130,55,55,1
130,59,48,1
29,188,110,1
58,148,3,1
38,190,116,1
94,64,104,1
24,98,16,1
41,191,76,1
81,140,115,1
127,32,10,1
14,85,175,1
191,59,121,1
76,136,63,1
108,133,114,1
24,170,150,1
167,106,109,1
28,157,85,1
30,80,121,1
130,121,25,1
51,27,152,1
111,192,82,1
164,116,48,1
91,67,10,1
64,31,83,1
93,144,69,1
87,145,155,1
33,50,74,1
11,131,115,1
121,50,14,1
13,20,184,1
172,133,10,1
111,17,86,1
88,61,128,1
125,128,102,1
8,99,119,1
139,68,73,1
135,48,39,1
150,91,78,1
189,90,60,1
118,29,44,1
104,56,57,1
135,47,85,1
149,127,65,1
1,38,127,1
50,86,32,1
82,154,181,1
119,146,18,1
176,124,45,1
53,153,100,1
96,63,121,1
93,43,65,1
139,83,4,1
25,177,107,1
40,177,94,1
162,6,27,1
191,165,69,1
4,65,6,1
183,172,74,1
37,99,92,1
154,110,40,1
5,7,111,1
166,46,12,1
158,157,135,1
123,149,63,1
52,92,160,1
180,170,160,1
40,113,96,1
96,58,188,1
181,27,21,1
57,100,99,1
176,118,80,1
21,16,134,1
11,73,172,1
51,127,8,1
118,163,99,1
2,122,19,1
109,11,45,1
69,35,13,1
20,144,102,1
129,72,42,1
141,130,154,1
54,32,62,1
98,96,190,1
184,4,46,1
35,159,16,1
114,159,8,1
177,93,170,1
54,91,113,1
52,19,84,1
84,73,173,1
187,10,38,1
12,161,72,1
140,63,88,1
139,106,167,1
188,185,73,1
163,67,37,1
151,149,115,1
73,10,181,1
22,155,101,1
87,67,105,1
52,128,115,1
97,63,72,1
1,154,94,1
187,69,109,1
179,51,30,1
165,121,54,1
100,32,172,1
90,111,126,1
100,134,67,1
146,152,100,1
0,173,0,1
177,52,163,1
151,45,102,1
75,68,38,1
181,189,3,1
13,115,32,1
41,120,166,1
14,146,127,1
174,103,101,1
62,67,168,1
40,55,106,1
181,90,180,1
70,21,132,1
156,21,35,1
60,126,74,1
34,35,12,1
119,56,171,1
14,134,75,1
51,34,98,1
49,2,121,1
77,178,175,1
15,167,185,1
67,25,49,1
91,34,190,1
9,34,40,1
35,146,28,1
129,157,109,1
151,73,10,1
34,45,138,1
123,115,184,1
127,109,180,1
186,38,76,1
120,79,131,1
12,159,11,1
123,138,89,1
179,142,163,1
126,80,45,1
123,139,180,1
189,26,178,1
83,73,17,1
149,190,79,1
117,25,51,1
55,6,170,1
166,42,151,1
40,183,189,1
47,112,140,1
139,126,165,1
113,14,77,1
181,110,42,1
26,192,167,1
183,147,17,1
129,142,111,1
189,156,94,1
89,19,25,1
46,174,89,1
169,188,82,1
183,126,52,1
100,16,151,1
170,47,57,1
188,151,115,1
38,139,178,1
163,161,13,1
153,19,69,1
146,66,49,1
128,101,7,1
51,20,128,1
111,119,95,1
15,76,84,1
141,64,156,1
174,185,123,1
187,170,59,1
32,91,117,1
118,114,106,1
192,97,191,1
164,42,105,1
146,184,91,1
33,188,32,1
58,46,60,1
67,33,119,1
50,157,138,1
95,158,80,1
137,99,132,1
132,8,113,1
156,131,122,1
97,102,158,1
37,169,103,1
51,2,122,1
146,124,79,1
152,129,70,1
160,124,76,1
187,119,167,1
87,157,78,1
147,82,103,1
79,3,155,1
72,33,125,1
93,44,103,1
36,68,80,1
160,130,120,1
129,144,21,1
38,151,91,1
159,8,44,1
66,113,4,1
3,156,26,1
147,67,31,1
42,173,133,1
55,4,62,1
178,117,84,1
142,100,13,1
161,7,23,1
77,120,147,1
157,121,97,1
103,67,111,1
55,111,77,1
164,58,96,1
131,48,55,1
65,150,187,1
166,191,110,1
44,130,33,1
114,187,174,1
27,142,113,1
77,136,107,1
55,30,34,1
34,159,192,1
125,8,88,1
180,25,123,1
153,189,10,1
84,24,100,1
160,135,137,1
21,68,111,1
87,91,107,1
15,99,6,1
169,155,153,1
43,78,102,1
106,141,139,1
155,167,46,1
28,8,100,1
170,86,186,1
88,117,9,1
156,69,61,1
184,151,14,1
160,131,41,1
73,64,167,1
162,39,19,1
155,35,32,1
66,145,71,1
11,178,25,1
129,135,61,1
141,105,62,1
82,56,160,1
142,67,5,1
109,31,72,1
0,128,0,1
185,135,80,1
45,133,144,1
118,55,139,1
30,26,16,1
189,76,132,1
13,40,92,1
26,2,13,1
151,172,2,1
63,121,168,1
10,122,95,1
40,104,134,1
69,85,187,1
108,13,38,1
4,5,78,1
68,150,160,1
116,158,118,1
54,136,60,1
159,24,79,1
17,81,167,1
43,87,158,1
68,121,117,1
88,94,42,1
168,136,58,1
10,106,62,1
69,19,156,1
159,7,133,1
133,162,114,1
80,1,80,1
179,64,42,1
170,148,82,1
8,102,19,1
170,169,9,1
115,106,134,1
25,18,55,1
71,101,123,1
82,169,77,1
27,95,175,1
2,115,94,1
162,147,72,1
137,39,53,1
114,47,179,1
9,178,38,1
68,192,125,1
76,173,112,1
158,16,34,1
95,167,78,1
153,170,136,1
53,99,137,1
43,173,104,1
35,191,79,1
143,63,134,1
170,94,125,1
58,114,75,1
172,11,156,1
11,25,178,1
5,61,95,1
186,141,182,1
187,65,184,1
47,21,39,1
21,27,108,1
15,159,62,1
132,63,94,1
136,38,95,1
184,138,130,1
115,161,111,1
132,142,145,1
37,52,190,1
144,7,186,1
27,136,30,1
138,190,147,1
65,162,166,1
46,14,86,1
18,168,7,1
152,151,171,1
66,126,120,1
100,130,75,1
90,92,173,1
86,116,44,1
9,116,45,1
34,61,67,1
123,84,160,1
65,15,133,1
108,20,44,1
90,86,19,1
99,13,67,1
57,87,187,1
185,82,127,1
105,4,171,1
121,44,51,1
75,86,48,1
135,150,136,1
136,5,143,1
12,44,88,1
3,179,179,1
109,94,188,1
9,190,190,1
56,66,188,1
4,68,159,1
10,69,140,1
115,74,145,1
28,162,24,1
186,123,58,1
150,143,190,1
65,174,88,1
1,185,24,1
90,115,177,1
31,94,142,1
126,168,49,1
85,174,26,1
177,143,147,1
46,148,29,1
134,139,69,1
86,15,173,1
42,103,51,1
100,12,137,1
158,9,39,1
57,69,26,1
76,61,93,1
49,162,42,1
72,29,89,1
79,120,28,1
80,81,82,1
180,142,110,1
163,6,188,1
146,10,169,1
40,167,43,1
118,119,61,1
153,2,173,1
18,144,169,1
160,105,121,1
132,2,66,1
98,123,153,1
10,178,128,1
118,94,30,1
35,155,187,1
62,97,124,1
167,114,186,1
39,159,84,1
35,34,177,1
69,165,32,1
136,65,11,1
159,148,138,1
166,154,164,1
133,76,50,1
136,9,58,1
110,46,187,1
189,97,185,1
190,84,62,1
13,35,50,1
139,71,127,1
191,58,173,1
108,83,185,1
51,103,186,1
126,86,181,1
97,29,10,1
8,191,189,1
66,4,113,1
44,171,191,1
13,180,192,1
170,62,65,1
101,113,88,1
97,147,86,1
2,55,179,1
135,62,80,1
123,98,82,1
123,47,56,1
90,156,8,1
121,188,53,1
86,117,136,1
12,92,126,1
29,132,28,1
23,181,175,1
102,14,90,1
45,4,156,1
20,109,156,1
186,172,129,1
144,64,147,1
135,11,100,1
111,54,120,1
72,160,68,1
73,104,177,1
184,67,69,1
133,127,36,1
146,96,94,1
30,72,113,1
83,119,38,1
133,52,177,1
88,16,102,1
74,68,143,1
134,169,107,1
32,49,107,1
150,111,17,1
7,148,17,1
121,119,74,1
30,93,19,1
119,167,181,1
61,92,158,1
147,153,88,1
3,56,100,1
168,170,85,1
11,140,18,1
46,54,8,1
175,129,139,1
123,131,163,1
94,37,86,1
36,141,29,1
40,112,152,1
162,3,54,1
53,82,3,1
75,108,124,1
151,116,176,1
25,25,1,1
62,55,145,1
92,81,75,1
154,26,95,1
177,184,109,1
47,34,166,1
85,7,150,1
191,116,183,1
168,124,157,1
77,128,174,1
95,107,55,1
156,30,121,1
179,15,102,1
116,42,159,1
63,138,55,1
166,124,185,1
139,160,142,1
132,141,42,1
123,159,161,1
40,123,27,1
5,36,102,1
73,182,46,1
181,165,28,1
186,112,12,1
39,86,79,1
35,97,70,1
68,158,169,1
78,108,183,1
126,172,187,1
41,122,100,1
75,150,97,1
104,40,157,1
71,90,93,1
66,47,63,1
98,18,177,1
18,73,106,1
120,54,88,1
85,88,183,1
59,152,88,1
154,132,162,1
152,150,176,1
121,1,121,1
126,95,109,1
131,72,101,1
107,100,3,1
0,123,0,1
170,31,130,1
136,13,55,1
172,13,132,1
116,37,24,1
104,141,191,1
15,48,133,1
116,30,184,1
166,104,35,1
7,98,69,1
136,22,129,1
154,10,54,1
12,157,64,1
30,63,74,1
135,156,12,1
87,150,182,1
71,174,108,1
165,144,166,1
37,153,139,1
110,179,130,1
155,65,136,1
49,84,81,1
67,175,7,1
96,89,103,1
125,154,170,1
161,100,46,1
85,87,52,1
146,55,136,1
162,104,176,1
30,23,102,1
153,32,47,1
19,160,93,1
48,59,184,1
95,105,102,1
31,155,116,1
135,18,104,1
49,170,65,1
114,144,41,1
177,89,15,1
138,76,78,1
126,163,73,1
142,7,103,1
189,175,86,1
5,64,178,1
64,54,137,1
152,40,81,1
164,26,36,1
95,76,146,1
1,90,178,1
1,160,76,1
83,43,168,1
150,78,91,1
132,36,68,1
178,21,82,1
49,44,102,1
79,145,123,1
118,24,21,1
118,141,20,1
59,105,41,1
181,81,7,1
40,176,9,1
122,177,113,1
78,40,166,1
69,20,71,1
97,153,41,1
149,84,73,1
16,92,168,1
131,22,120,1
182,144,79,1
41,152,192,1
59,54,69,1
137,172,67,1
41,151,22,1
48,93,69,1
47,187,153,1
138,97,83,1
101,174,15,1
16,106,22,1
29,55,183,1
163,72,80,1
190,116,178,1
145,122,123,1
99,179,117,1
100,105,148,1
114,93,188,1
10,165,41,1
52,179,79,1
177,157,172,1
136,159,189,1
121,130,139,1
191,88,57,1
29,134,114,1
37,14,44,1
32,66,135,1
137,191,28,1
10,132,3,1
67,191,63,1
78,75,140,1
128,67,48,1
102,19,46,1
61,75,60,1
187,91,159,1
145,72,128,1
27,3,9,1
137,54,49,1
123,62,30,1
51,120,150,1
146,76,7,1
55,21,21,1
160,171,98,1
172,159,29,1
48,41,20,1
127,165,154,1
91,117,108,1
134,190,84,1
53,5,165,1
147,157,12,1
108,122,61,1
47,98,160,1
20,94,185,1
13,185,119,1
179,78,79,1
58,52,157,1
75,160,103,1
103,172,87,1
36,32,170,1
99,27,68,1
140,10,14,1
133,19,7,1
174,20,28,1
58,134,35,1
187,26,74,1
112,175,101,1
156,27,113,1
175,9,191,1
82,146,27,1
82,126,114,1
100,170,46,1
95,58,178,1
81,43,150,1
73,101,102,1
165,176,13,1
108,175,187,1
178,103,161,1
174,40,14,1
65,112,54,1
92,151,7,1
138,84,43,1
177,71,152,1
173,35,27,1
83,99,149,1
112,25,128,1
107,33,167,1
132,98,88,1
41,86,88,1
30,177,167,1
156,95,89,1
92,68,183,1
76,180,9,1
57,185,17,1
173,114,54,1
137,154,140,1
26,17,81,1
22,94,107,1
138,56,161,1
61,23,53,1
111,87,161,1
168,36,69,1
46,146,114,1
12,11,159,1
64,159,123,1
157,62,43,1
70,66,42,1
155,131,94,1
61,53,23,1
172,48,84,1
42,156,171,1
51,4,61,1
179,180,105,1
32,102,76,1
106,105,126,1
164,111,191,1
133,147,102,1
143,166,9,1
149,54,135,1
162,32,186,1
154,174,63,1
22,33,65,1
125,102,128,1
173,177,146,1
58,71,28,1
139,144,72,1
1,30,148,1
28,77,53,1
116,88,168,1
152,133,139,1
126,62,139,1
69,144,101,1
172,158,155,1
26,102,110,1
103,26,145,1
159,166,37,1
37,181,13,1
167,169,178,1
115,155,63,1
149,45,162,1
27,84,21,1
130,60,163,1
41,7,61,1
0,102,0,1
164,56,127,1
118,71,37,1
5,86,119,1
113,34,9,1
77,127,31,1
191,135,20,1
144,2,72,1
150,20,104,1
52,96,89,1
38,133,83,1
143,151,185,1
13,16,37,1
173,157,22,1
182,191,102,1
154,30,18,1
149,172,94,1
134,94,178,1
189,21,9,1
0,157,0,1
182,20,67,1
80,128,73,1
10,162,174,1
66,58,81,1
100,61,163,1
128,21,98,1
111,137,160,1
3,126,23,1
55,151,86,1
46,167,117,1
173,180,150,1
48,151,54,1
81,36,147,1
147,151,93,1
141,27,91,1
179,176,103,1
33,65,146,1
141,178,145,1
32,106,44,1
65,94,167,1
126,98,84,1
89,72,20,1
42,123,38,1
113,35,108,1
156,104,98,1
55,64,28,1
28,191,179,1
17,100,60,1
145,49,129,1
67,62,54,1
76,28,113,1
56,16,100,1
164,190,74,1
119,17,7,1
124,70,90,1
50,162,98,1
45,160,139,1
97,191,48,1
108,23,97,1
157,125,80,1
59,89,5,1
89,183,49,1
192,126,121,1
81,86,75,1
26,82,118,1
71,50,13,1
123,113,25,1
100,54,9,1
185,155,51,1
52,53,143,1
118,77,182,1
157,96,72,1
151,30,153,1
95,170,63,1
114,116,184,1
13,181,15,1
137,141,105,1
28,68,148,1
167,158,100,1
3,188,38,1
105,166,39,1
130,146,104,1
4,12,129,1
4,109,147,1
129,192,64,1
30,122,92,1
160,40,4,1
33,164,112,1
2,187,64,1
58,136,43,1
1,19,61,1
96,135,5,1
79,108,74,1
112,113,153,1
80,156,50,1
146,144,127,1
34,103,124,1
19,14,153,1
172,17,135,1
191,125,176,1
25,101,27,1
73,105,54,1
113,184,159,1
133,16,141,1
120,91,101,1
29,139,146,1
180,157,188,1
158,117,3,1
182,67,20,1
7,39,114,1
57,7,146,1
97,33,155,1
28,19,164,1
56,127,5,1
79,130,11,1
62,8,56,1
90,110,71,1
84,186,181,1
119,170,20,1
135,187,74,1
145,66,87,1
79,155,3,1
140,159,64,1
156,172,158,1
51,110,111,1
191,80,82,1
96,166,168,1
109,102,90,1
1,3,129,1
146,91,184,1
157,133,155,1
105,153,118,1
101,183,125,1
121,87,99,1
156,15,49,1
84,16,150,1
114,119,108,1
18,24,49,1
91,137,119,1
85,25,42,1
62,165,177,1
79,190,38,1
131,60,44,1
124,123,103,1
30,16,26,1
139,94,176,1
86,115,182,1
123,111,95,1
134,60,73,1
74,98,178,1
7,174,152,1
61,151,141,1
103,71,83,1
170,136,146,1
131,154,155,1
183,123,138,1
135,51,14,1
179,28,96,1
107,112,175,1
150,88,164,1
53,91,43,1
81,12,55,1
130,133,30,1
121,171,91,1
92,191,147,1
139,55,185,1
5,37,21,1
28,186,189,1
23,145,92,1
151,80,178,1
46,87,178,1
158,115,92,1
82,39,12,1
142,48,11,1
77,156,24,1
183,104,63,1
66,161,10,1
174,86,11,1
43,64,64,1
99,81,87,1
114,56,133,1
7,94,113,1
20,69,87,1
27,51,80,1
146,179,155,1
9,175,96,1
3,171,149,1
57,21,113,1
184,110,128,1
174,105,134,1
96,152,153,1
21,94,146,1
94,135,25,1
125,108,78,1
84,4,21,1
78,162,122,1
0,32,0,1
22,184,19,1
104,73,12,1
21,106,53,1
177,132,111,1
129,30,178,1
153,112,41,1
137,65,109,1
59,189,130,1
84,26,122,1
9,153,159,1
163,17,55,1
112,99,122,1
174,89,54,1
144,118,83,1
47,7,117,1
2,171,35,1
43,122,119,1
134,41,88,1
8,188,37,1
82,135,145,1
3,142,34,1
148,184,5,1
85,179,118,1
138,75,25,1
27,87,180,1
113,21,180,1
74,50,125,1
91,110,164,1
1,37,120,1
152,60,54,1
34,130,122,1
145,148,104,1
21,84,145,1
119,14,105,1
108,77,39,1
145,136,11,1
77,53,67,1
20,105,184,1
82,48,58,1
65,46,14,1
57,62,141,1
166,103,174,1
100,175,166,1
90,167,145,1
32,159,158,1
170,93,172,1
55,42,107,1
78,137,102,1
188,148,43,1
51,44,181,1
15,163,96,1
130,101,179,1
183,40,48,1
90,85,160,1
89,87,143,1
13,183,18,1
68,166,119,1
129,16,189,1
23,39,154,1
148,167,24,1
136,102,130,1
94,40,12,1
107,174,35,1
40,25,156,1
164,106,129,1
136,82,157,1
8,144,118,1
150,188,163,1
15,12,146,1
9,92,191,1
107,76,136,1
144,175,185,1
56,74,79,1
28,60,142,1
20,134,52,1
1,80,152,1
54,54,1,1
72,142,44,1
36,134,55,1
74,171,137,1
125,96,136,1
141,73,187,1
16,46,143,1
3,144,189,1
103,84,123,1
130,11,82,1
22,43,5,1
141,48,15,1
110,19,148,1
16,112,138,1
54,72,49,1
158,90,139,1
177,108,7,1
52,183,72,1
35,48,53,1
129,52,73,1
150,149,58,1
67,123,79,1
53,64,34,1
108,93,107,1
91,65,40,1
112,77,19,1
135,54,99,1
93,139,9,1
19,5,81,1
188,132,95,1
92,79,94,1
10,9,44,1
9,89,76,1
102,78,31,1
24,74,89,1
62,30,105,1
77,180,98,1
54,114,163,1
99,137,174,1
2,164,153,1
49,53,183,1
122,151,89,1
30,165,123,1
48,164,5,1
83,17,73,1
55,135,29,1
11,113,65,1
79,114,192,1
88,101,41,1
95,159,71,1
14,80,5,1
41,1,41,1
188,188,1,1
120,63,103,1
143,92,54,1
124,13,158,1
154,159,109,1
55,158,26,1
9,104,117,1
72,137,109,1
135,131,113,1
107,118,189,1
149,2,171,1
116,109,17,1
180,42,87,1
125,169,35,1
115,94,147,1
133,97,73,1
143,162,95,1
9,156,78,1
147,104,174,1
67,27,124,1
44,155,9,1
19,95,116,1
126,90,40,1
174,125,128,1
63,90,20,1
187,15,154,1
145,78,133,1
150,151,24,1
192,82,40,1
119,34,100,1
172,149,154,1
82,65,123,1
120,32,52,1
58,191,164,1
106,15,110,1
6,101,130,1
21,121,56,1
162,190,139,1
76,58,181,1
123,104,55,1
143,140,41,1
68,89,81,1
32,44,106,1
110,172,151,1
142,156,137,1
145,139,151,1
101,109,93,1
107,162,9,1
81,162,97,1
62,153,66,1
101,48,175,1
20,153,96,1
124,192,69,1
168,114,164,1
146,65,26,1
6,158,66,1
181,97,169,1
43,52,153,1
157,38,60,1
78,130,155,1
19,156,36,1
173,116,93,1
31,164,152,1
98,9,161,1
13,105,81,1
106,121,154,1
57,1,57,1
130,123,136,1
2,160,152,1
173,120,32,1
43,54,83,1
187,88,171,1
162,28,185,1
98,51,176,1
123,28,94,1
113,107,167,1
173,148,172,1
27,62,16,1
37,122,62,1
131,11,47,1
74,32,135,1
104,126,154,1
102,109,178,1
93,10,183,1
23,130,162,1
5,123,124,1
183,192,10,1
183,96,20,1
158,40,168,1
180,51,83,1
89,26,189,1
31,145,124,1
27,70,141,1
171,4,91,1
190,190,1,1
22,17,24,1
76,33,14,1
102,54,152,1
124,188,91,1
150,65,32,1
151,101,55,1
2,21,92,1
156,162,51,1
148,97,103,1
65,179,147,1
133,168,41,1
167,149,62,1
91,191,51,1
29,186,51,1
118,127,45,1
137,49,54,1
90,47,121,1
34,179,163,1
170,181,18,1
188,112,174,1
173,142,95,1
52,35,7,1
105,128,132,1
180,40,101,1
158,35,192,1
82,58,48,1
75,88,82,1
9,132,22,1
179,57,37,1
86,78,11,1
143,182,180,1
89,112,68,1
153,130,163,1
180,1,180,1
62,103,158,1
14,32,109,1
121,94,106,1
45,144,133,1
105,32,142,1
74,175,146,1
46,102,61,1
24,10,41,1
9,127,149,1
190,181,145,1
54,121,144,1
17,165,89,1
171,73,42,1
178,9,127,1
88,120,168,1
141,16,45,1
136,63,91,1
18,92,189,1
124,146,22,1
18,169,144,1
191,185,145,1
141,107,41,1
91,146,150,1
95,130,23,1
134,110,110,1
4,39,10,1
72,84,56,1
130,15,73,1
136,24,70,1
79,62,104,1
85,96,23,1
124,91,188,1
81,107,118,1
155,124,146,1
71,52,109,1
172,125,111,1
2,67,49,1
24,171,34,1
46,64,55,1
93,104,51,1
5,109,39,1
11,97,22,1
178,168,155,1
181,4,190,1
65,145,67,1
49,51,88,1
145,47,77,1
181,128,18,1
129,127,77,1
32,43,95,1
95,56,143,1
128,71,135,1
62,23,95,1
157,143,186,1
171,96,44,1
171,108,82,1
113,136,147,1
4,123,22,1
82,178,46,1
31,7,32,1
16,170,100,1
184,26,111,1
122,107,30,1
187,36,32,1
175,86,112,1
101,1,101,1
98,135,178,1
160,78,7,1
151,71,13,1
55,164,58,1
66,148,50,1
145,118,101,1
142,91,97,1
16,36,172,1
118,175,165,1
124,175,36,1
181,176,171,1
94,54,159,1
174,59,88,1
18,116,90,1
8,132,41,1
185,6,63,1
118,84,6,1
165,157,108,1
152,76,2,1
56,176,167,1
74,145,103,1
162,109,67,1
132,64,183,1
30,42,111,1
169,171,159,1
188,68,139,1
32,8,4,1
101,166,32,1
168,65,59,1
52,172,117,1
72,181,187,1
117,117,1,1
120,146,96,1
172,24,168,1
189,78,188,1
161,189,8,1
139,9,187,1
2,34,159,1
123,148,23,1
157,182,91,1
167,109,106,1
57,25,10,1
35,129,105,1
143,104,122,1
48,86,23,1
63,119,80,1
71,127,189,1
156,53,43,1
127,169,51,1
71,110,41,1
7,133,61,1
55,94,171,1
175,7,25,1
17,89,165,1
141,72,10,1
91,14,103,1
28,69,6,1
64,147,7,1
57,6,106,1
10,83,35,1
117,121,119,1
176,77,85,1
56,61,99,1
188,88,46,1
111,120,54,1
32,96,129,1
6,165,179,1
88,97,176,1
56,175,147,1
182,117,23,1
137,168,64,1
16,166,28,1
22,65,33,1
28,18,23,1
122,21,15,1
82,140,64,1
95,18,16,1
176,12,79,1
12,190,189,1
33,143,119,1
140,161,68,1
154,7,22,1
69,69,1,1
31,168,130,1
150,148,61,1
95,2,144,1
182,16,132,1
140,11,118,1
60,27,88,1
107,151,48,1
61,46,123,1
110,176,73,1
66,151,26,1
36,96,121,1
93,49,124,1
26,179,136,1
27,36,49,1
167,56,34,1
151,146,5,1
39,67,87,1
109,167,122,1
6,99,41,1
171,52,7,1
52,164,118,1
130,82,11,1
53,148,46,1
103,111,67,1
82,86,176,1
126,173,13,1
49,36,189,1
60,113,144,1
130,144,84,1
9,174,30,1
29,12,115,1
50,79,135,1
126,146,178,1
125,45,110,1
124,176,163,1
103,22,31,1
164,159,86,1
4,78,5,1
4,85,50,1
27,60,68,1
76,172,171,1
67,184,14,1
168,4,42,1
58,53,63,1
166,32,162,1
138,121,175,1
146,89,32,1
126,89,99,1
155,133,110,1
183,12,160,1
53,47,112,1
31,17,104,1
132,15,86,1
83,178,136,1
173,67,89,1
167,50,123,1
65,182,152,1
54,40,11,1
76,80,165,1
13,137,17,1
118,126,4,1
5,190,127,1
93,128,150,1
44,77,166,1
19,166,178,1
69,49,92,1
26,156,161,1
154,186,171,1
148,94,18,1
84,169,93,1
50,23,170,1
55,38,37,1
77,149,143,1
49,1,49,1
146,108,105,1
73,75,37,1
159,184,111,1
50,130,134,1
190,106,20,1
108,86,100,1
58,58,1,1
33,129,99,1
59,145,43,1
149,33,63,1
109,93,24,1
144,163,111,1
135,105,84,1
142,63,183,1
140,48,19,1
35,139,103,1
95,108,67,1
72,113,57,1
64,172,144,1
11,20,126,1
54,50,86,1
9,33,88,1
180,137,176,1
149,179,141,1
177,82,61,1
169,39,133,1
162,15,88,1
126,174,34,1
23,36,6,1
177,30,141,1
52,140,50,1
87,124,133,1
171,178,143,1
158,148,108,1
110,159,133,1
168,92,27,1
23,150,179,1
3,41,146,1
18,96,157,1
1,164,173,1
30,126,37,1
61,132,192,1
129,100,92,1
90,50,79,1
36,42,56,1
11,157,123,1
45,50,136,1
95,169,181,1
129,120,141,1
28,150,134,1
111,76,4,1
9,106,133,1
52,122,108,1
49,3,145,1
123,75,102,1
56,128,109,1
2,23,84,1
126,116,51,1
4,10,39,1
115,79,21,1
101,142,51,1
168,180,91,1
165,80,183,1
44,163,50,1
38,125,130,1
59,178,99,1
134,37,61,1
152,24,135,1
135,88,109,1
32,173,37,1
171,155,92,1
69,16,137,1
114,63,11,1
75,33,90,1
120,94,145,1
189,110,14,1
142,148,14,1
138,48,27,1
71,89,42,1
115,150,123,1
21,35,155,1
182,173,126,1
169,17,44,1
157,66,17,1
85,6,175,1
111,191,41,1
147,182,127,1
14,98,138,1
53,137,99,1
68,2,34,1
136,93,99,1
114,100,5,1
69,101,144,1
120,86,154,1
150,155,57,1
187,163,116,1
46,104,19,1
147,25,168,1
159,186,60,1
77,68,21,1
64,148,183,1
108,25,151,1
70,63,44,1
86,171,154,1
168,139,147,1
48,134,9,1
109,135,68,1
155,135,187,1
7,68,37,1
47,172,154,1
66,112,135,1
63,184,186,1
2,61,38,1
60,152,168,1
143,141,142,1
34,146,143,1
166,88,94,1
112,115,53,1
73,156,118,1
111,93,51,1
176,34,96,1
140,132,42,1
19,152,169,1
68,165,163,1
140,38,24,1
75,78,142,1
88,172,5,1
1,53,51,1
13,71,166,1
14,103,17,1
58,101,163,1
109,149,37,1
134,105,152,1
70,129,17,1
0,154,0,1
174,163,110,1
0,38,0,1
59,116,102,1
184,7,109,1
141,67,77,1
172,185,75,1
169,7,162,1
192,61,174,1
7,153,188,1
89,140,93,1
69,163,17,1
190,156,167,1
59,36,7,1
23,144,98,1
189,109,46,1
15,86,164,1
145,125,171,1
124,29,164,1
78,1,78,1
2,112,162,1
13,139,132,1
20,67,104,1
170,116,78,1
71,190,105,1
163,32,180,1
134,68,19,1
58,1,58,1
160,66,96,1
92,116,74,1
126,147,56,1
10,66,6,1
79,27,103,1
188,137,38,1
95,33,114,1
16,124,162,1
93,76,19,1
185,87,11,1
100,7,97,1
6,91,34,1
114,103,166,1
32,153,115,1
18,10,79,1
104,15,97,1
15,21,111,1
40,45,151,1
67,104,99,1
1,22,79,1
109,82,79,1
29,44,84,1
152,149,172,1
132,60,118,1
116,81,61,1
85,184,12,1
74,81,182,1
135,133,46,1
142,173,128,1
90,40,147,1
53,50,113,1
94,150,119,1
43,30,188,1
135,97,77,1
110,62,8,1
19,145,76,1
26,114,7,1
87,159,128,1
159,180,62,1
43,189,134,1
61,121,34,1
140,128,176,1
176,188,42,1
5,63,141,1
191,154,5,1
164,151,88,1
45,120,121,1
127,108,53,1
3,75,139,1
154,74,169,1
166,178,79,1
169,146,58,1
141,22,138,1
159,40,86,1
65,74,40,1
148,1,148,1
47,55,57,1
76,44,107,1
141,136,28,1
11,52,93,1
4,122,38,1
115,120,9,1
59,59,1,1
70,52,83,1
33,25,148,1
136,138,180,1
43,47,120,1
73,3,153,1
139,2,166,1
175,165,42,1
116,44,143,1
86,41,68,1
120,143,152,1
