epochs_seen,heldout_EOS_accuracy,heldout_EOS_loss,heldout_accuracy,heldout_answer_accuracy,heldout_answer_loss,heldout_examples,heldout_loss,last_batch_size,step,train_EOS_accuracy,train_EOS_loss,train_accuracy,train_answer_accuracy,train_answer_loss,train_examples,train_loss,training_seconds,wall_seconds
0.0,0.0,5.778129674266932,0.0,7.196315486470927e-05,5.852688940352383,27792,5.815409291936669,,0,0.0001079447322970639,5.777610943519184,0.0,0.0,5.854375256157909,9264,5.815993070190641,0.0,1.6964992680004798
13.16580310880829,1.0,0.029027601752256483,0.007160333909038572,0.007160333909038572,5.35839106725013,27792,2.6937093454733207,512,250,1.0,0.029028392440296827,0.04047927461139896,0.04047927461139896,5.110274369234866,9264,2.569651344279551,7.045633753987204,10.62211412099714
26.33160621761658,1.0,0.0038260869578891055,0.008707541738629821,0.008707541738629821,5.500033535076135,27792,2.751929809666943,512,500,1.0,0.0038268275378796307,0.5110103626943006,0.5110103626943006,3.861532824027106,9264,1.932679826937397,13.313466215025983,18.385173493996263
39.49740932642487,1.0,0.0017672965552917347,0.008923431203223949,0.008923431203223949,5.690843607408944,27792,2.8463054628432585,512,750,1.0,0.0017660216577930154,0.8303108808290155,0.8303108808290155,2.415472567596172,9264,1.2086192783296417,20.343197299000167,26.92897366699617
52.66321243523316,1.0,0.001205200209857646,0.00939119170984456,0.00939119170984456,5.925672145705149,27792,2.9634386654482126,512,1000,1.0,0.001204071596219801,0.9697754749568221,0.9697754749568221,1.2906504204442053,9264,0.6459272443115814,27.571748795031453,35.655120402996545
65.82901554404145,1.0,0.0008977372574614051,0.008491652274035694,0.008491652274035694,6.180867411998338,27792,3.090882581887605,512,1250,1.0,0.0008972816025301016,0.9979490500863558,0.9979490500863558,0.5460017847479522,9264,0.27344952943205625,34.65496098508447,44.23485444299877
78.99481865284974,1.0,0.0006180140149613942,0.008419689119170985,0.008419689119170985,6.48216026626789,27792,3.241389144475802,512,1500,1.0,0.0006177312954263006,0.9993523316062176,0.9993523316062176,0.20248345904605583,9264,0.10155059518179951,41.38120983701083,52.45323619899864
92.1105354058722,1.0,0.00040716510392064907,0.008815486470926885,0.008815486470926885,6.756456598030402,27792,3.378431868127659,512,1750,1.0,0.0004070987808317049,1.0,1.0,0.06371196538261387,9264,0.03205953243740276,48.29651547697722,60.88149108099606
105.27633851468049,1.0,0.0003095096353576591,0.009175302245250433,0.009175302245250433,6.964825100368923,27792,3.482567307862593,512,2000,1.0,0.0003091618359380037,1.0,1.0,0.033454730592037525,9264,0.01688194604323524,55.236817015946144,69.33602406799764
118.44214162348878,1.0,0.00023289158308710184,0.008527633851468049,0.008527633851468049,7.098409087203602,27792,3.549321013754239,512,2250,1.0,0.00023286448190847672,1.0,1.0,0.025625460300214963,9264,0.01292916236763791,61.86398831092811,77.46414720299799
131.60794473229706,1.0,0.00015180058057259643,0.008419689119170985,0.008419689119170985,7.302916865549213,27792,3.6515343665527626,512,2500,1.0,0.00014962384413721904,0.9761442141623489,0.9761442141623489,0.16866273779119648,9264,0.08440618052280835,68.96020899894938,86.0593189680003
144.77374784110535,1.0,0.0001390732702288174,0.008239781232009212,0.008239781232009212,7.393521697066883,27792,3.6968303893445618,512,2750,1.0,0.00013898023565433315,1.0,1.0,0.011213205960645165,9264,0.005676093091464413,75.670484645947,94.29530868499569
157.93955094991364,1.0,9.750658402269815e-05,0.00877950489349453,0.00877950489349453,7.506462250897853,27792,3.7532798973527117,512,3000,1.0,9.184400375091208e-05,0.9994602763385146,0.9994602763385146,0.028382759817935435,9264,0.014237301787667118,83.12949429990113,103.28536322600121
171.0552677029361,1.0,8.326368076672105e-05,0.00838370754173863,0.00838370754173863,7.651613541835331,27792,3.8258483790088538,512,3250,1.0,8.303392195948665e-05,1.0,1.0,0.006381342718329454,9264,0.003232188300842448,90.60523257693421,112.2782276279977
184.2210708117444,0.9999640184225677,0.0002176107091265669,0.00845567069660334,0.00845567069660334,7.702824282385388,27792,3.8515209446162,512,3500,1.0,6.0027303519563845e-05,0.9991364421416234,0.9991364421416234,0.019598400956968777,9264,0.0098292141065439,97.38646430787048,120.57038512099825
197.3868739205527,0.9999280368451353,0.00039396798697921673,0.008671560161197467,0.008671560161197467,7.685081604917501,27792,3.8427377919321715,512,3750,1.0,6.329859070084179e-05,0.9975172711571675,0.9975172711571675,0.031781207300426634,9264,0.01592225279009198,104.65130962889089,129.3529431489951
210.55267702936098,0.9999640184225677,0.00012901397970187112,0.00838370754173863,0.00838370754173863,7.776932518167886,27792,3.8885307970854077,512,4000,1.0,5.995774154458034e-05,1.0,1.0,0.0046367856154350216,9264,0.002348371680877421,112.2182548089113,138.46061737799755
223.71848013816927,0.999892055267703,0.0006656209810486274,0.008419689119170985,0.008419689119170985,8.12580278623907,27792,4.063234244672197,512,4250,1.0,3.501582364819137e-05,0.9822970639032815,0.9822970639032815,0.08867749551211408,9264,0.04435625584837892,118.95166637286457,146.71619021199876
236.88428324697756,0.9999280368451353,0.0005002680739814659,0.008203799654576857,0.008203799654576857,7.941630827399184,27792,3.9710655453977877,512,4500,1.0,3.881451326670907e-05,0.9968696027633851,0.9968696027633851,0.02532866699476316,9264,0.012683740712457783,125.77975154988962,155.06139543899917
250.0,0.9999640184225677,0.00032649416615623524,0.008923431203223949,0.008923431203223949,7.888528664632302,27792,3.9444276022375764,48,4750,1.0,4.085167036178668e-05,1.0,1.0,0.004014404519543129,9264,0.0020276280755373377,132.90029866185796,163.70013250599732
263.1658031088083,0.9999640184225677,8.652089947135449e-05,0.008671560161197467,0.008671560161197467,8.21679497314172,27792,4.108440781298491,512,5000,1.0,2.8551039564429696e-05,1.0,1.0,0.0017451984158014181,9264,0.0008868747185722688,140.02324731279805,172.35437798299972
276.3316062176166,0.9999640184225677,0.00013719303877587243,0.00845567069660334,0.00845567069660334,8.390229861490605,27792,4.195183599688366,512,5250,1.0,1.693003725641309e-05,0.9991364421416234,0.9991364421416234,0.010024772387557697,9264,0.005020851159986231,147.30378581376135,181.19903348200023
289.4974093264249,0.9999640184225677,5.121534189212559e-05,0.008311744386873921,0.008311744386873921,8.300607117964196,27792,4.1503291506155096,512,5500,1.0,1.813391754254924e-05,1.0,1.0,0.0017745237482232339,9264,0.0008963288571235172,154.0817470937618,189.48326668799564
302.66321243523316,1.0,1.294063706885649e-05,0.00838370754173863,0.00838370754173863,8.62678856374755,27792,4.3134005869951615,512,5750,1.0,1.2811596230591691e-05,1.0,1.0,0.000839076914932315,9264,0.0004259442678525632,160.96938102581043,197.88153275899822
315.82901554404145,0.9999640184225677,8.7755886369632e-05,0.008239781232009212,0.008239781232009212,8.620694983465341,27792,4.310391495813909,512,6000,1.0,1.1323282739130655e-05,0.9992443868739206,0.9992443868739206,0.007088825569869323,9264,0.003550074450890429,167.79907950174675,206.23198638699978
328.99481865284974,1.0,1.7628787883901063e-05,0.008635578583765112,0.008635578583765112,8.613038528082216,27792,4.3065281320592765,512,6250,1.0,1.2330246156536763e-05,0.9963298791018999,0.9963298791018999,0.020964134130659087,9264,0.010488232028299046,174.60322177267517,214.55600004999724
342.1105354058722,0.9999280368451353,0.0006434773085736732,0.008527633851468049,0.008527633851468049,8.357375703327396,27792,4.179009524857648,512,6500,1.0,1.3572095455710385e-05,0.9971934369602763,0.9971934369602763,0.019903449254795678,9264,0.00995851080986914,181.45613722667622,222.94659328099806
355.2763385146805,0.9998200921128382,0.0004829911400477424,0.008275762809441567,0.008275762809441567,8.341294274909371,27792,4.17088861635655,512,6750,1.0,1.548106816017418e-05,0.9939550949913645,0.9939550949913645,0.03580191984309434,9264,0.017908700469990674,188.44418588862027,231.4821008259969
368.4421416234888,0.9998560736902706,0.0007310281900413416,0.007664075993091537,0.007664075993091537,8.277289268129094,27792,4.13901013784458,512,7000,1.0,1.7263132286173996e-05,0.9902849740932642,0.9902849740932642,0.05676691859497308,9264,0.0283920909044862,195.87232789057452,240.4346946529986
381.6079447322971,0.9999640184225677,0.00029977202255721967,0.008131836499712147,0.008131836499712147,8.264862293337842,27792,4.132581039894293,512,7250,1.0,1.819293128280492e-05,0.9988126079447323,0.9988126079447323,0.014302036369505736,9264,0.007160114603750858,203.46894815652922,249.56816542199522
394.7737478411054,0.9999280368451353,0.0003798484151171457,0.008311744386873921,0.008311744386873921,8.199467467383263,27792,4.0999236384135385,512,7500,1.0,1.9150808922438166e-05,1.0,1.0,0.001621591551341953,9264,0.0008203711610815016,210.21484768253868,257.8144391759997
407.93955094991367,1.0,1.2177990602669035e-05,0.00845567069660334,0.00845567069660334,8.590957360495489,27792,4.295484704263058,512,7750,1.0,1.1565421456298172e-05,1.0,1.0,0.0006434631739809003,9264,0.00032751430216082896,217.21967298245727,266.3124793559982
421.0552677029361,1.0,5.065258386780529e-06,0.008347725964306276,0.008347725964306276,9.067996669103856,27792,4.534000750307249,512,8000,1.0,4.220284935618173e-06,0.9951424870466321,0.9951424870466321,0.026576889025784114,9264,0.013290554860893103,224.29821139942214,274.92198682199523
434.22107081174437,1.0,2.1983797343074632e-05,0.008203799654576857,0.008203799654576857,8.884590851690966,27792,4.442306421924474,512,8250,1.0,4.776543569427373e-06,1.0,1.0,0.0007163535715893091,9264,0.00036056506361439183,231.8034453524524,283.9639496460004
447.38687392055266,1.0,5.411591502008386e-06,0.007951928612550374,0.007951928612550374,8.962711231009878,27792,4.481358334327746,512,8500,1.0,4.72529097000782e-06,1.0,1.0,0.00036783594178077674,9264,0.00018628062205855607,239.26461706039845,292.96967858300195
460.55267702936095,1.0,1.9047037845204822e-06,0.00845567069660334,0.00845567069660334,9.569608715806257,27792,4.78480531102841,512,8750,1.0,1.8985064876226014e-06,1.0,1.0,0.0001399295121256024,9264,7.091401021610721e-05,246.74348080839263,301.97252725999715
473.71848013816924,1.0,1.255199106404248e-06,0.008311744386873921,0.008311744386873921,9.495791916745658,27792,4.747896472269869,512,9000,1.0,1.2361780318629302e-06,0.999892055267703,0.999892055267703,0.0014723557263085158,9264,0.0007367959396434314,253.96296523237834,310.7327482549954
486.88428324697753,0.9999640184225677,0.00022450128829331175,0.008131836499712147,0.008131836499712147,9.456218225350652,27792,4.728221155407104,512,9250,1.0,1.4070004883584397e-06,0.9994602763385146,0.9994602763385146,0.0033741654580481516,9264,0.00168778619765978,260.8254406554188,319.13339329500013
500.0,0.9999280368451353,0.00033647568321092786,0.007987910189982728,0.007987910189982728,9.369576326237373,27792,4.684956444634332,48,9500,1.0,1.7443348033009266e-06,0.9994602763385146,0.9994602763385146,0.004360298318901004,9264,0.0021810212891568174,267.78234544452425,327.6225659109987
513.1658031088083,0.9999280368451353,0.00035220128116083616,0.007987910189982728,0.007987910189982728,9.232471925057965,27792,4.616412029365184,512,9750,1.0,2.7636148068751894e-06,0.9944948186528497,0.9944948186528497,0.02503616676789697,9264,0.012519465196420904,275.3244243615118,336.69508745899657
526.3316062176166,0.9999640184225677,0.00029537473224131364,0.007700057570523892,0.007700057570523892,9.195120732950354,27792,4.5977079537522885,512,10000,1.0,2.654511077890079e-06,0.9989205526770294,0.9989205526770294,0.007834375110520805,9264,0.003918514762311813,282.0828815375862,344.9678295699996
539.4974093264249,0.999892055267703,0.0004374384208453561,0.008311744386873921,0.008311744386873921,9.082638627987315,27792,4.54153809138393,512,10250,1.0,4.0724951332071694e-06,0.9988126079447323,0.9988126079447323,0.008175006091260128,9264,0.004089539299601615,288.62455674857483,353.0111646939986
552.6632124352332,0.9999280368451353,0.00024775299665022953,0.007412204951065054,0.007412204951065054,8.992477443345882,27792,4.496362507171718,512,10500,1.0,3.1721896218951866e-06,0.999892055267703,0.999892055267703,0.00510679230106824,9264,0.002554982217006218,295.7389483244988,361.63081287899695
565.8290155440415,0.9999640184225677,0.00022603212647823908,0.008059873344847437,0.008059873344847437,8.813762175055434,27792,4.406994032873528,512,10750,1.0,3.3113451607023494e-06,1.0,1.0,0.0005920432638280442,9264,0.0002976773079124397,302.89585718046874,370.3054731029988
578.9948186528497,0.9999640184225677,4.8280338932737004e-05,0.008131836499712147,0.008131836499712147,9.027908079227497,27792,4.513978118105873,512,11000,1.0,3.0038666634006902e-06,1.0,1.0,0.00025134337305964736,9264,0.00012717362192084624,309.8375376334443,378.76559407899913
592.1105354058722,1.0,9.685793878513543e-07,0.00838370754173863,0.00838370754173863,9.781633437469079,27792,4.8908171952971795,512,11250,1.0,9.653325093066539e-07,1.0,1.0,7.385393173959821e-05,9264,3.740963223872832e-05,316.6263997524584,387.0449665970009
605.2763385146804,0.9999640184225677,9.281934681733454e-05,0.008707541738629821,0.008707541738629821,9.977489640538419,27792,4.988791415797065,512,11500,1.0,5.243457551383182e-07,0.998272884283247,0.998272884283247,0.007385382867886304,9264,0.0036929536068776624,323.42953736544587,395.3451068669965
618.4421416234887,0.9999280368451353,0.00017196251562361382,0.008743523316062176,0.008743523316062176,9.863519750934396,27792,4.931845946633136,512,11750,1.0,7.38311210438472e-07,0.9977331606217616,0.9977331606217616,0.011279275212983804,9264,0.005640006700566035,330.8295109774699,404.2576961090017
631.607944732297,0.999892055267703,0.00022372371261453772,0.007412204951065054,0.007412204951065054,9.739003068905284,27792,4.869613449808229,512,12000,1.0,9.474471883963117e-07,0.9990284974093264,0.9990284974093264,0.005874810460472354,9264,0.002937878953334787,338.46021992454916,413.4380973139996
644.7737478411053,0.999892055267703,0.0002014351862996911,0.007484168105929764,0.007484168105929764,9.638747813170438,27792,4.819474634797531,512,12250,1.0,9.957404271453187e-07,0.9969775474956822,0.9969775474956822,0.016912928259640365,9264,0.008456961916106558,346.19205382052314,422.7140924299965
657.9395509499136,0.9996042026482441,0.00245084011255597,0.008239781232009212,0.008239781232009212,9.48828900677072,27792,4.745369899664106,512,12500,1.0,3.123773333539598e-06,0.9917962003454232,0.9917962003454232,0.03468650214000893,9264,0.017344812629342284,353.4399183394926,431.5202953600019
671.0552677029361,0.9998200921128382,0.0007962914285072511,0.008203799654576857,0.008203799654576857,9.413701858476585,27792,4.707249065480427,512,12750,1.0,2.064218602559629e-06,0.9990284974093264,0.9990284974093264,0.007186053933604703,9264,0.003594059129575322,360.36412221156206,439.96683637699607
684.2210708117444,0.9999280368451353,0.00014137271689154554,0.008599597006332758,0.008599597006332758,9.316027165282781,27792,4.658084162227299,512,13000,1.0,1.2747176483673922e-06,0.9961139896373057,0.9961139896373057,0.020576886714489196,9264,0.010289080632811923,367.36214502254734,448.48026618199947
697.3868739205527,0.9998200921128382,0.0008734469561275291,0.008095854922279792,0.008095854922279792,9.232119334588191,27792,4.616496422679244,512,13250,1.0,2.3172580975350933e-06,0.9990284974093264,0.9990284974093264,0.006636276075516752,9264,0.003319296699551309,374.8891193605741,457.5205756439973
710.552677029361,0.999892055267703,0.0011329207588790513,0.008491652274035694,0.008491652274035694,9.173319169276736,27792,4.587226088045655,512,13500,1.0,2.0340418730905064e-06,0.999892055267703,0.999892055267703,0.0029610535467690137,9264,0.0014815437703977286,381.8950475685415,466.03713090499514
723.7184801381693,0.999892055267703,0.0009093517164624117,0.008203799654576857,0.008203799654576857,9.049221010268523,27792,4.525065198600738,512,13750,1.0,1.9489604784370786e-06,0.999892055267703,0.999892055267703,0.002192424789605106,9264,0.0010971868831329756,388.795315461517,474.4379335670019
736.8842832469776,0.999892055267703,0.0009214322332966993,0.008167818077144501,0.008167818077144501,8.918659186047526,27792,4.459790222659905,512,14000,1.0,2.1331020834999896e-06,1.0,1.0,0.0004244342105324816,9264,0.00021328365780889268,395.2038515115055,482.3399109949969
750.0,0.9999280368451353,0.0006389431836510018,0.008203799654576857,0.008203799654576857,9.15466663490168,27792,4.5776527417962,48,14250,1.0,1.9602729086267532e-06,1.0,1.0,0.00016374005702853408,9264,8.285016590320797e-05,401.45540745756443,490.0806236139979
763.1658031088083,1.0,5.979701926210661e-06,0.008203799654576857,0.008203799654576857,9.90836823089547,27792,4.954187209810686,512,14500,1.0,7.270169882070626e-07,1.0,1.0,4.576211450388253e-05,9264,2.324456580337909e-05,407.6997711385411,497.81395645599696
776.3316062176166,0.999892055267703,0.0005385846559942607,0.00877950489349453,0.00877950489349453,9.937976105843184,27792,4.969257409639858,512,14750,1.0,7.745769260396308e-07,0.999892055267703,0.999892055267703,0.001092704765366741,9264,0.0005467396711251845,414.284466011537,505.88920607199543
789.4974093264249,0.999892055267703,0.0005490220813090889,0.008275762809441567,0.008275762809441567,9.742515599103102,27792,4.87153231939778,512,15000,1.0,9.006315785143903e-07,1.0,1.0,0.000148911378597712,9264,7.490600550359048e-05,421.14250756542606,514.253780772
802.6632124352332,0.9999640184225677,0.00014408816751995443,0.008167818077144501,0.008167818077144501,9.739381705609697,27792,4.869762923570632,512,15250,1.0,9.097940822173702e-07,1.0,1.0,7.055878276001366e-05,9264,3.573428857289431e-05,428.4726458503719,523.1227172889994
815.8290155440415,1.0,3.816652122646093e-07,0.008635578583765112,0.008635578583765112,10.27048888176285,27792,5.135244440881425,512,15500,1.0,3.8247594838201036e-07,1.0,1.0,2.8260215668133194e-05,9264,1.4321345830445189e-05,434.0102202823982,530.1484217769976
828.9948186528497,1.0,1.8235763088467816e-06,0.007951928612550374,0.007951928612550374,10.655061782195641,27792,5.327531736612182,512,15750,1.0,1.2463957291786885e-07,0.9951424870466321,0.9951424870466321,0.021799550815372822,9264,0.010899837688878275,439.5527749394096,537.1863536199962
842.1105354058722,0.9999280368451353,0.0002660531506583114,0.007700057570523892,0.007700057570523892,10.558377737551499,27792,5.279321831948605,512,16000,1.0,1.9964150898323799e-07,0.9969775474956822,0.9969775474956822,0.014016051855523763,9264,0.007008125674178975,447.37969794838864,546.5338850199987
855.2763385146804,0.9999640184225677,0.00017042990300549123,0.008059873344847437,0.008059873344847437,10.373074985607369,27792,5.186622632805753,512,16250,1.0,2.0640162759205938e-07,0.996653713298791,0.996653713298791,0.012522793543848349,9264,0.006261500024875314,452.9040983643863,553.5577514679972
868.4421416234887,1.0,2.5114074859120446e-05,0.007700057570523892,0.007700057570523892,10.149499184932939,27792,5.07476206654849,512,16500,1.0,3.890725403539638e-07,0.9990284974093264,0.9990284974093264,0.004103857846142457,9264,0.0020521234552856914,459.8904165064305,562.0666140989997
881.607944732297,1.0,6.224090030336203e-06,0.008059873344847437,0.008059873344847437,10.021923897523061,27792,5.010964933317423,512,16750,1.0,2.856955429337293e-07,0.999892055267703,0.999892055267703,0.0013794855444671165,9264,0.000689885626500392,467.24046061743866,570.9433660639988
894.7737478411053,1.0,1.57284591254683e-05,0.008239781232009212,0.008239781232009212,9.874058733881379,27792,4.937037114926845,512,17000,1.0,4.1289464742427717e-07,0.999892055267703,0.999892055267703,0.0008968061313920997,9264,0.00044860950725825443,473.9074493794251,579.1061271009967
907.9395509499136,0.9999640184225677,0.00012382035078738012,0.007951928612550374,0.007951928612550374,9.842776138753678,27792,4.921449895143921,512,17250,1.0,6.434041475014355e-07,0.9979490500863558,0.9979490500863558,0.010854452219510223,9264,0.00542754773291822,480.34070448335115,587.0293467250012
921.0552677029361,1.0,8.681201669828014e-07,0.008707541738629821,0.008707541738629821,9.833392998097475,27792,4.916696887765729,512,17500,1.0,5.55144560526523e-07,0.9973013816925734,0.9973013816925734,0.012973952251092397,9264,0.006487253662890438,487.04003377637855,595.2159755280009
934.2210708117444,1.0,1.695035225105475e-05,0.008311744386873921,0.008311744386873921,9.65222477185431,27792,4.826120996996803,512,17750,1.0,6.155598678533933e-07,0.9979490500863558,0.9979490500863558,0.01168141010923501,9264,0.005841012780324577,493.4821023324257,603.1472103139968
947.3868739205527,0.9999640184225677,0.0001147436624691596,0.008167818077144501,0.008167818077144501,9.669541973318255,27792,4.834828424536091,512,18000,1.0,8.870819680736459e-07,0.9994602763385146,0.9994602763385146,0.003525334625908645,9264,0.0017631108533198558,500.02534685439605,611.1813463119979
960.552677029361,1.0,1.9612884312993212e-05,0.008023891767415083,0.008023891767415083,9.561503461399639,27792,4.780761571608539,512,18250,1.0,7.963464969731119e-07,0.9997841105354058,0.9997841105354058,0.002383507843674619,9264,0.0011921520839527327,506.8528453083709,619.5164015479968
973.7184801381693,1.0,2.551950587637435e-05,0.008131836499712147,0.008131836499712147,9.383774361530802,27792,4.691899922776647,512,18500,1.0,9.161246181255574e-07,1.0,1.0,0.0001962604137887094,9264,9.858826961889477e-05,513.1377202703006,627.3040752750021
986.8842832469776,1.0,1.9873063139267662e-06,0.008095854922279792,0.008095854922279792,9.568855953271456,27792,4.784429013214375,512,18750,1.0,8.471268754337259e-07,1.0,1.0,7.114455734004809e-05,9264,3.5995842246756934e-05,519.4917210642889,635.1566128049963
1000.0,1.0,3.640403610549589e-07,0.008095854922279792,0.008095854922279792,10.252563248163815,27792,5.126281624081908,48,19000,1.0,3.625176667777605e-07,1.0,1.0,2.229117935853938e-05,9264,1.132684854270017e-05,526.4166625293219,643.5962695589988
1013.1658031088083,1.0,1.773096514916248e-07,0.007951928612550374,0.007951928612550374,10.582657009689164,27792,5.291328539982842,512,19250,1.0,1.2388036318344898e-07,0.9964378238341969,0.9964378238341969,0.015340369801151218,9264,0.00767024693727519,533.098100391253,651.7799518999964
1026.3316062176166,1.0,1.5207628575337245e-06,0.008671560161197467,0.008671560161197467,10.552777507213182,27792,5.276389456371775,512,19500,1.0,1.719786495734599e-07,0.9965457685664939,0.9965457685664939,0.012994513102197482,9264,0.006497342618816051,539.8041277862649,659.9744689799991
1039.4974093264248,0.9999640184225677,0.00013016310907062464,0.007987910189982728,0.007987910189982728,10.438436724498619,27792,5.219283368028851,512,19750,1.0,8.786590785390792e-07,0.9997841105354058,0.9997841105354058,0.002178908625315225,9264,0.001089893639552534,546.6840617832349,668.3456780080014
1052.6632124352332,0.9998560736902706,0.00020848097838579313,0.00791594703511802,0.00791594703511802,10.161722168952622,27792,5.080965286984002,512,20000,1.0,4.58009175683294e-07,0.9988126079447323,0.9988126079447323,0.006300439828498505,9264,0.0031504488877054553,552.9914283733015,676.1475265499976
1065.8290155440413,0.999892055267703,0.00035650382602046306,0.007484168105929764,0.007484168105929764,10.013177536792568,27792,5.006766972077874,512,20250,1.0,6.399524786447319e-07,0.9993523316062176,0.9993523316062176,0.002503977418959218,9264,0.0012523086758858054,559.6305401402642,684.2874395819963
1078.9948186528497,0.9999640184225677,0.00015451223615843226,0.008275762809441567,0.008275762809441567,9.991584808578008,27792,4.99586960084835,512,20500,1.0,1.5747895322294272e-06,0.9980569948186528,0.9980569948186528,0.008199654783754383,9264,0.004100614714931652,565.9147780752901,692.0600576149955
1092.1105354058723,0.9999280368451353,0.00022948376190119486,0.008275762809441567,0.008275762809441567,9.866918015905544,27792,4.933573699230838,512,20750,1.0,5.842315331298208e-07,0.9991364421416234,0.9991364421416234,0.0061618313201363736,9264,0.003081207764005234,572.3103111403543,699.9555610469979
1105.2763385146804,1.0,9.14135935310511e-06,0.008563615428900403,0.008563615428900403,9.719501642502788,27792,4.859755334321561,512,21000,1.0,4.4978810679297696e-07,0.9973013816925734,0.9973013816925734,0.010490459743050766,9264,0.005245454739682724,579.0189058444012,708.170321945996
1118.4421416234889,1.0,4.2643431539146436e-05,0.008311744386873921,0.008311744386873921,9.748068502598544,27792,4.8740556702644025,512,21250,1.0,6.446182204334332e-07,0.9955742659758203,0.9955742659758203,0.018542172261779174,9264,0.009271408436057482,585.8640325024244,716.5057375280012
1131.607944732297,0.9999280368451353,0.0002819804473346914,0.008887449625791594,0.008887449625791594,9.63910245044381,27792,4.819692287763509,512,21500,1.0,7.152409199238208e-07,0.9948186528497409,0.9948186528497409,0.01997421119548702,9264,0.00998746324813119,592.6608866654278,724.7922934449962
1144.7737478411054,0.9999280368451353,0.0006183555168719205,0.007879965457685665,0.007879965457685665,9.605393975784398,27792,4.80300617163114,512,21750,1.0,1.1670191208979747e-06,0.9940630397236615,0.9940630397236615,0.02405102416030123,9264,0.012026095509107687,599.5672738144276,733.1941583719963
1157.9395509499136,0.999892055267703,0.000610678228137355,0.008347725964306276,0.008347725964306276,9.530062313661812,27792,4.765336457792204,512,22000,1.0,1.1223931273645846e-06,0.9976252158894646,0.9976252158894646,0.012255605326286664,9264,0.006128363837270848,606.9094661415293,742.0377988379987
1171.0552677029361,0.9998560736902706,0.0006387333994412982,0.008023891767415083,0.008023891767415083,9.310369953864871,27792,4.6555042629209,512,22250,1.0,1.2269552984833978e-06,1.0,1.0,0.0003295019260947054,9264,0.00016536444243822176,612.9268707365118,749.5473428139958
1184.2210708117443,0.9999640184225677,0.0004640091645998777,0.008023891767415083,0.008023891767415083,9.381045089484497,27792,4.690754474822172,512,22500,1.0,1.0756495607728224e-06,1.0,1.0,0.00011105234159674618,9264,5.6063995912947754e-05,619.1910980675748,757.2989177769996
1197.3868739205527,0.9999640184225677,0.0003256576501711796,0.008131836499712147,0.008131836499712147,9.853457862094139,27792,4.926891904489433,512,22750,1.0,6.710925960708669e-07,1.0,1.0,3.639967030996782e-05,9264,1.8535381510157285e-05,625.4617675196132,765.0613971089988
1210.552677029361,1.0,2.954867870784961e-07,0.008491652274035694,0.008491652274035694,10.84968789583249,27792,5.424844035761893,512,23000,1.0,1.1960818461015598e-07,1.0,1.0,8.802822101042913e-06,9264,4.4612151495269895e-06,631.9654188915883,773.0980815779985
1223.7184801381693,1.0,6.619399964009593e-07,0.008419689119170985,0.008419689119170985,10.847382338484882,27792,5.423691485486774,512,23250,1.0,2.11164090243513e-08,0.9946027633851469,0.9946027633851469,0.03082697068474582,9264,0.015413495797634975,638.6740917506249,781.3303560509958
1236.8842832469775,1.0,1.2342566869988733e-07,0.008419689119170985,0.008419689119170985,10.824621091852533,27792,5.4123105481224085,512,23500,1.0,1.2160272455537384e-07,0.9969775474956822,0.9969775474956822,0.01850909293212627,9264,0.009254607254565277,645.2352097186231,789.3905262699991
1250.0,1.0,1.3216296694001093e-07,0.008167818077144501,0.008167818077144501,10.805221320433938,27792,5.402610660216969,48,23750,1.0,1.3070037021195916e-07,0.9965457685664939,0.9965457685664939,0.01283962423679948,9264,0.006419877462179138,651.9137958686406,797.5529341290021
1263.1658031088082,1.0,2.6614925391170552e-05,0.008203799654576857,0.008203799654576857,10.686294134004951,27792,5.343160314126199,512,24000,1.0,3.5870984842543944e-07,0.9978411053540587,0.9978411053540587,0.0073142562685646955,9264,0.00365730748223929,658.6354697086354,805.7615129819969
1276.3316062176166,0.9999280368451353,0.00043045544351519055,0.008635578583765112,0.008635578583765112,10.430700325183507,27792,5.215565296583774,512,24250,1.0,4.291816102309087e-07,0.9969775474956822,0.9969775474956822,0.014358056512128865,9264,0.007179242843080035,665.0324479706178,813.6389766829961
1289.4974093264248,0.9999280368451353,0.0006523210265487802,0.008599597006332758,0.008599597006332758,10.355505447519464,27792,5.178078789236083,512,24500,1.0,3.9626034609738943e-07,0.9944948186528497,0.9944948186528497,0.025627180324330128,9264,0.012813788252385633,671.6230013696186,821.7155754170017
1302.6632124352332,0.9999640184225677,0.00038142270677184295,0.008563615428900403,0.008563615428900403,10.270387687968604,27792,5.135384453667535,512,24750,1.0,3.7195394311224854e-07,0.9969775474956822,0.9969775474956822,0.011199602465561892,9264,0.005599987207765535,677.9587235105573,829.541404839998
1315.8290155440413,1.0,5.741534602874476e-06,0.008995394358088658,0.008995394358088658,10.022915973564503,27792,5.011460780273859,512,25000,1.0,5.258911301687175e-07,0.9994602763385146,0.9994602763385146,0.0018650144402947862,9264,0.0009327701715968022,684.1978239836171,837.2681514020005
1328.9948186528497,0.9999280368451353,0.0002664507300958353,0.008671560161197467,0.008671560161197467,10.003932085405085,27792,5.002099146428435,512,25250,1.0,4.2766711590322525e-07,0.9990284974093264,0.9990284974093264,0.0046851659649645265,9264,0.002342796816718998,690.5444354865613,845.1139535039983
1342.1105354058723,1.0,8.631058904749438e-07,0.008707541738629821,0.008707541738629821,9.926095087362146,27792,4.963047967536324,512,25500,1.0,4.862915610104937e-07,0.9951424870466321,0.9951424870466321,0.020670114151831065,9264,0.010335300345736232,697.0031535257149,853.0618051049969
1355.2763385146804,1.0,8.59403063700774e-07,0.008419689119170985,0.008419689119170985,9.91758783370102,27792,4.958794270429244,512,25750,1.0,5.941170808010031e-07,0.9980569948186528,0.9980569948186528,0.009078328492882337,9264,0.0045394612788279025,703.2730809126297,860.8197551159974
1368.4421416234889,1.0,1.1738582838641156e-06,0.008203799654576857,0.008203799654576857,9.84843320961855,27792,4.92421734490886,512,26000,1.0,6.411574218757044e-07,0.9992443868739206,0.9992443868739206,0.004119546644450752,9264,0.002060093883777259,709.8089387577129,868.8415883279959
1381.607944732297,1.0,3.481487142110847e-06,0.008311744386873921,0.008311744386873921,9.641696738867356,27792,4.820850201015439,512,26250,1.0,7.511044295573503e-07,1.0,1.0,0.00015173768892076786,9264,7.624439749885222e-05,716.4542821527284,876.9733587230003
1394.7737478411054,1.0,7.119916370039502e-07,0.007951928612550374,0.007951928612550374,9.772711047236783,27792,4.886356019946303,512,26500,1.0,6.514559932392785e-07,1.0,1.0,4.8862045619955256e-05,9264,2.4756750869822074e-05,722.8902445628482,884.8964881909997
1407.9395509499136,1.0,3.622688863354701e-07,0.008239781232009212,0.008239781232009212,10.346914121180893,27792,5.173457060590446,512,26750,1.0,3.6245332356191594e-07,1.0,1.0,1.5403365067207128e-05,9264,7.882909173589636e-06,729.4216789228376,892.9133012730017
1421.0552677029361,1.0,3.504388958639505e-09,0.00845567069660334,0.00845567069660334,11.354837579018918,27792,5.677418789509459,512,27000,1.0,4.516672670109294e-09,1.0,1.0,3.81241057603238e-06,9264,1.908463624621993e-06,736.1265262258239,901.1054737410013
1434.2210708117443,1.0,9.31503208405244e-08,0.008527633851468049,0.008527633851468049,11.19846694059048,27792,5.59923347029524,512,27250,1.0,8.696203251188127e-08,0.998272884283247,0.998272884283247,0.006737428266934678,9264,0.003368757524413406,742.5043390788487,908.9714754640008
1447.3868739205527,0.9999640184225677,5.9571743791333065e-05,0.008095854922279792,0.008095854922279792,11.071770808033786,27792,5.535915128788045,512,27500,1.0,1.718238014736596e-07,0.9846718480138169,0.9846718480138169,0.06994612040142939,9264,0.034973146364942115,749.3912564648126,917.3593152269968
1460.552677029361,1.0,3.064458247110931e-07,0.008311744386873921,0.008311744386873921,10.80320189832337,27792,5.401601039203475,512,27750,1.0,3.8382268261257306e-07,0.9975172711571675,0.9975172711571675,0.009759838816698558,9264,0.004880111218978601,756.5970685098146,926.081525130001
1473.7184801381693,0.9999280368451353,0.0002723616018533602,0.008311744386873921,0.008311744386873921,10.77086379820407,27792,5.3855680071490895,512,28000,1.0,5.492430523347786e-07,0.9987046632124352,0.9987046632124352,0.005954803167062205,9264,0.0029776761740999413,763.9528492878744,934.9578789039952
1486.8842832469775,1.0,1.3966082561885113e-07,0.008311744386873921,0.008311744386873921,10.690037676295674,27792,5.345018838147837,512,28250,1.0,1.4174115831840642e-07,0.9994602763385146,0.9994602763385146,0.00311296662100187,9264,0.0015565541875267174,771.0864508608865,943.594313747999
1500.0,1.0,2.4780780106260353e-07,0.008527633851468049,0.008527633851468049,10.444555951317769,27792,5.2222779778550255,48,28500,1.0,2.4940778504517393e-07,0.9985967184801382,0.9985967184801382,0.008147470770276671,9264,0.004073860056900189,778.0570881778913,952.079330528999
1513.1658031088082,1.0,1.033213581838781e-05,0.008563615428900403,0.008563615428900403,10.354407183658685,27792,5.17720863636568,512,28750,1.0,3.029624961972125e-07,0.9989205526770294,0.9989205526770294,0.004976508981308583,9264,0.002488405947189051,784.9624936469918,960.4987856480002
1526.3316062176166,0.9999640184225677,0.0001710529682449759,0.008671560161197467,0.008671560161197467,10.185290664382961,27792,5.092730735730494,512,29000,1.0,3.646652525722403e-07,0.999892055267703,0.999892055267703,0.001563180290686935,9264,0.0007817724662139651,791.3052805500702,968.3433686489952
1539.4974093264248,0.9998200921128382,0.0010093679814610764,0.008599597006332758,0.008599597006332758,10.132544039307344,27792,5.06677657650611,512,29250,1.0,5.465433795961086e-07,0.9993523316062176,0.9993523316062176,0.003021679399615485,9264,0.0015111129842730745,798.4285417990613,976.9711583679964
1552.6632124352332,0.9997841105354058,0.00073531153673519,0.00845567069660334,0.00845567069660334,9.943609686781773,27792,4.97217252354685,512,29500,1.0,9.876473203503447e-07,0.9996761658031088,0.9996761658031088,0.0015057388221401083,9264,0.000753363229182351,805.7006378891092,985.7671602519986
1565.8290155440413,0.9998560736902706,0.0005208050430405989,0.008671560161197467,0.008671560161197467,10.035869328263304,27792,5.0181951616163145,512,29750,1.0,6.613222671626357e-07,0.9969775474956822,0.9969775474956822,0.013403790147206223,9264,0.006702225742980658,813.2821836651055,994.8877022099987
1578.9948186528497,0.9997481289579735,0.0007496385949751456,0.008167818077144501,0.008167818077144501,9.877448644731398,27792,4.939099179511106,512,30000,1.0,3.778679394398686e-06,0.9987046632124352,0.9987046632124352,0.008662243214450352,9264,0.00433301084412709,819.8740947920596,1003.003413159
1592.1105354058723,1.0,3.9038850815835395e-05,0.008347725964306276,0.008347725964306276,9.812555246128046,27792,4.906297197270544,512,30250,1.0,8.577982548016867e-07,0.9991364421416234,0.9991364421416234,0.005382974877380903,9264,0.0026919163227891985,826.9680902569744,1011.6065077800013
1605.2763385146804,0.9999640184225677,7.835513661743871e-05,0.008275762809441567,0.008275762809441567,9.64686252855335,27792,4.823470447827978,512,30500,1.0,1.0598500575756173e-06,0.999892055267703,0.999892055267703,0.0009521851416625764,9264,0.00047662249503501196,833.8735120938873,1020.0153570039984
1618.4421416234889,0.9999280368451353,0.0004723456654911688,0.00885146804835924,0.00885146804835924,9.733671286082776,27792,4.867071824850677,512,30750,1.0,2.1412282089581846e-06,0.9993523316062176,0.9993523316062176,0.0038040822531886414,9264,0.0019031117132596272,840.9093975188662,1028.562846328001
1631.607944732297,0.9999640184225677,0.00024586132901874297,0.008743523316062176,0.008743523316062176,9.70124967989046,27792,4.850747738202962,512,31000,1.0,1.2745770316900037e-06,0.9974093264248705,0.9974093264248705,0.012480689605154315,9264,0.0062409820910125,848.1118780728357,1037.273642866996
1644.7737478411054,0.9999640184225677,7.750090472462685e-05,0.009211283822682787,0.009211283822682787,9.55464784647448,27792,4.777362630225903,512,31250,1.0,2.4032950663843815e-06,0.9993523316062176,0.9993523316062176,0.0036170545222305264,9264,0.0018097289085117956,855.0522552488474,1045.735224406002
1657.9395509499136,1.0,6.466320315398879e-05,0.008887449625791594,0.008887449625791594,9.524739767809194,27792,4.762402143022694,512,31500,1.0,1.2852540643764994e-06,1.0,1.0,0.0005377387279718599,9264,0.0002695119926474332,861.84509578289,1054.0387467719993
1671.0552677029361,1.0,1.7233309390461133e-05,0.008275762809441567,0.008275762809441567,9.519384600475181,27792,4.75970091350338,512,31750,1.0,1.4213086275906794e-06,0.9987046632124352,0.9987046632124352,0.006610113190445206,9264,0.003305767308148541,867.9561268268153,1061.6450758409992
1684.2210708117443,1.0,2.729735671711712e-05,0.009427173287276915,0.009427173287276915,9.433749087459407,27792,4.716888287181338,512,32000,1.0,1.585104895865429e-06,0.9989205526770294,0.9989205526770294,0.004917877091702865,9264,0.0024597310868859136,875.0030720098148,1070.2068243339963
1697.3868739205527,0.9999280368451353,0.00012912289691689786,0.009247265400115142,0.009247265400115142,9.327748871288838,27792,4.663939006588002,512,32250,1.0,1.9321713774598327e-06,0.9996761658031088,0.9996761658031088,0.002907704318260745,9264,0.0014548182382130921,882.1849189197601,1078.9059940809966
1710.552677029361,0.9999640184225677,8.336830958804112e-05,0.009643062751871042,0.009643062751871042,9.255344476518648,27792,4.627713863919642,512,32500,1.0,2.0816921037977676e-06,1.0,1.0,0.00018333255744415347,9264,9.270712660081904e-05,889.3801304207955,1087.6007773370002
1723.7184801381693,0.9999640184225677,3.40111483288642e-05,0.009247265400115142,0.009247265400115142,9.466780808030975,27792,4.7334074504634875,512,32750,1.0,1.7876098869686717e-06,1.0,1.0,5.918381771270591e-05,9264,3.0485713929428505e-05,896.5119334258779,1096.2356952689952
1736.8842832469775,1.0,5.179819209640483e-07,0.00931922855497985,0.00931922855497985,10.141321001069327,27792,5.0706609749011635,512,33000,1.0,5.079519042221162e-07,1.0,1.0,1.6340548651876406e-05,9264,8.424250334990854e-06,903.652243014847,1104.901532623997
1750.0,1.0,3.1312164631121403e-09,0.00885146804835924,0.00885146804835924,11.277708265516493,27792,5.638854132758246,48,33250,1.0,3.731723863330632e-09,1.0,1.0,3.4410666146409932e-06,9264,1.7223991694734396e-06,910.6167833817744,1113.3799404660022
1763.1658031088082,1.0,5.841448203559951e-06,0.008743523316062176,0.008743523316062176,10.654853175135269,27792,5.327429504043149,512,33500,1.0,1.775785773503703e-08,0.9985967184801382,0.9985967184801382,0.00630173879950621,9264,0.0031508782851173574,917.876424127724,1122.1504469220017
1776.3316062176166,1.0,2.186107104163545e-05,0.009499136442141624,0.009499136442141624,10.777098256552021,27792,5.388560003567236,512,33750,1.0,1.2210457713444125e-07,0.9938471502590673,0.9938471502590673,0.03178149940436368,9264,0.01589081064510016,924.8442481607417,1130.6353607220008
1789.4974093264248,1.0,2.320237091340008e-05,0.00985895221646517,0.00985895221646517,10.976199662335384,27792,5.488111389458831,512,34000,1.0,1.307002288397257e-07,0.9952504317789291,0.9952504317789291,0.015193179352707607,9264,0.0075966550780392685,932.3246219688372,1139.6273127050008
1802.6632124352332,1.0,3.134580462387661e-06,0.009283246977547496,0.009283246977547496,10.956261607923931,27792,5.4781323149071115,512,34250,1.0,1.3444498133323644e-07,0.9951424870466321,0.9951424870466321,0.01758450941731172,9264,0.008792321731912259,937.7706867918023,1146.5588045289987
1815.8290155440413,0.9999640184225677,0.00010485969484199534,0.008599597006332758,0.008599597006332758,10.744328105182023,27792,5.372216406401095,512,34500,1.0,2.3188740016019512e-07,1.0,1.0,0.00011740823775780788,9264,5.882006250756161e-05,943.9030082038298,1154.1825637750007
1828.9948186528497,0.9999640184225677,0.0002075787901722772,0.008527633851468049,0.008527633851468049,10.705498501564074,27792,5.352852961354099,512,34750,1.0,2.53254906792806e-07,1.0,1.0,2.8485744794073074e-05,9264,1.4369499795553025e-05,950.6511022978957,1162.4353358459994
1842.1105354058723,0.9999280368451353,0.00018874636004428304,0.008995394358088658,0.008995394358088658,10.853952727375459,27792,5.427070674775453,512,35000,1.0,2.2506154807705851e-07,1.0,1.0,8.514213620742144e-06,9264,4.369637600215802e-06,957.60951822684,1170.9020260089965
1855.2763385146804,1.0,2.954000056871862e-06,0.009211283822682787,0.009211283822682787,11.310656936812414,27792,5.655329893701847,512,35250,1.0,1.2034166067108397e-07,1.0,1.0,3.1453231562588273e-06,9264,1.632832415558111e-06,964.7282243248628,1179.5303572299963
1868.4421416234889,1.0,3.3928542759153134e-09,0.009283246977547496,0.009283246977547496,12.063414376565762,27792,6.031707188282881,512,35500,1.0,2.6379427492903768e-09,1.0,1.0,1.0799732251500294e-06,9264,5.413055839005724e-07,971.5520826638822,1187.8446363440016
1881.607944732297,1.0,2.040866807170427e-08,0.009031375935521013,0.009031375935521013,11.449097443944638,27792,5.724548721972319,512,35750,1.0,2.2660570606678874e-08,0.998272884283247,0.998272884283247,0.006030730478504161,9264,0.003015376537369117,978.3631247138765,1196.146554965002
1894.7737478411054,1.0,1.368149742853336e-07,0.008635578583765112,0.008635578583765112,11.573937802048476,27792,5.786968901024238,512,36000,1.0,1.2086924927984714e-07,0.9995682210708118,0.9995682210708118,0.0023308059808658196,9264,0.001165463412196628,985.2682618089457,1204.5538812789964
1907.9395509499136,1.0,1.2799804721842554e-07,0.009499136442141624,0.009499136442141624,11.438440668768216,27792,5.719220334384108,512,36250,1.0,1.2359726371519038e-07,0.9957901554404145,0.9957901554404145,0.014744397597017478,9264,0.007372260513507949,991.5578411450697,1212.3479963520003
1921.0552677029361,1.0,9.37840014041084e-07,0.009283246977547496,0.009283246977547496,11.266776305063058,27792,5.633388539052381,512,36500,1.0,1.7814157578887466e-07,0.998380829015544,0.998380829015544,0.00819679882396688,9264,0.004098488471514203,998.3497154500947,1220.6258130679998
1934.2210708117443,1.0,1.114691869843039e-06,0.009103339090385722,0.009103339090385722,11.067901554228454,27792,5.533951271245997,512,36750,1.0,1.9330319485330722e-07,0.9974093264248705,0.9974093264248705,0.011411551056375055,9264,0.005705872096204954,1005.5898289490797,1229.3637773340015
1947.3868739205527,1.0,3.108498230640771e-05,0.008815486470926885,0.008815486470926885,10.73390926872785,27792,5.366970077628848,512,37000,1.0,2.8577170800989435e-07,0.9976252158894646,0.9976252158894646,0.011629196601261953,9264,0.005814741096991744,1012.6343873590449,1237.9061146070017
1960.552677029361,1.0,1.0156400479121068e-05,0.009175302245250433,0.009175302245250433,10.534527784664876,27792,5.267268849023128,512,37250,1.0,2.8759991174145506e-07,1.0,1.0,0.0001562390756847205,9264,7.82633378831525e-05,1019.6332716449833,1246.4219744209986
1973.7184801381693,0.9999280368451353,0.0004406100847531336,0.009499136442141624,0.009535118019573978,10.52527812107857,27792,5.262859274205903,512,37500,1.0,3.4520860991790514e-07,0.9997841105354058,0.9997841105354058,0.001680117224733987,9264,0.0008402312110501482,1026.645207235917,1254.9572926830006
1986.8842832469775,0.9999640184225677,9.323434468735739e-05,0.00931922855497985,0.00931922855497985,10.501915623692856,27792,5.251004337097766,512,37750,1.0,4.3444254060887033e-07,0.9988126079447323,0.9988126079447323,0.006138662346003381,9264,0.0030695483207522486,1033.798962923931,1263.6337507310018
2000.0,1.0,3.7835901419255947e-07,0.009247265400115142,0.009247265400115142,10.358914460405646,27792,5.179457282910213,48,38000,1.0,3.237849170509686e-07,1.0,1.0,0.0005537500469872988,9264,0.00027703691598845065,1040.8443663020007,1272.2051495990017
2013.1658031088082,0.9999640184225677,8.925650449764226e-05,0.009139320667818078,0.009139320667818078,10.216359430026515,27792,5.108224235187678,512,38250,1.0,4.339725499932639e-07,0.9981649395509499,0.9981649395509499,0.007164303126498825,9264,0.0035823684468035406,1048.7883462580212,1281.7175114099955
2026.3316062176166,1.0,1.490453888673796e-06,0.009067357512953367,0.009067357512953367,10.155166169179193,27792,5.077583679743862,512,38500,1.0,4.1809459148971214e-07,0.9978411053540587,0.9978411053540587,0.009567628972496136,9264,0.004784023572187324,1055.9918133530155,1290.4657796620013
2039.4974093264248,0.9999280368451353,0.00025176526978758554,0.009930915371329879,0.009930915371329879,10.130064319177956,27792,5.0651581873479214,512,38750,1.0,6.168513000642279e-07,0.9979490500863558,0.9979490500863558,0.009334448443497298,9264,0.004667532565120434,1063.2526426229742,1299.242343109996
2052.663212435233,0.9999640184225677,0.000306089223871923,0.00985895221646517,0.00985895221646517,10.0239951397814,27792,5.012150755131732,512,39000,1.0,7.315592662863484e-07,0.9985967184801382,0.9985967184801382,0.00592661291257911,9264,0.002963672216743591,1070.8170110729116,1308.3287130009994
2065.8290155440413,0.9999280368451353,0.0002190700003713927,0.009930915371329879,0.009930915371329879,9.959497094909281,27792,4.979858181019521,512,39250,1.0,7.79987586989805e-07,0.9988126079447323,0.9988126079447323,0.004971115659706822,9264,0.0024859477755402913,1077.7246454638807,1316.7769282039953
2078.9948186528495,0.999892055267703,0.00045196033947970645,0.00985895221646517,0.00985895221646517,9.821614587725616,27792,4.9110332877730665,512,39500,1.0,1.4168958252713861e-06,0.999892055267703,0.999892055267703,0.0006197733243216402,9264,0.0003105951123267721,1085.1475302918552,1325.7452262730003
2092.1105354058723,0.999892055267703,0.00040077946400823963,0.009930915371329879,0.009930915371329879,9.705564249639341,27792,4.8529825227042345,512,39750,1.0,1.0397482517383779e-06,0.9994602763385146,0.9994602763385146,0.0018620234747241944,9264,0.0009315316244639739,1092.9228245838458,1335.2343664590007
2105.2763385146804,1.0,5.367149945989422e-05,0.009355210132412205,0.009355210132412205,9.744271150456123,27792,4.872162335208592,512,40000,1.0,1.1607835042708198e-06,0.9984887737478411,0.9984887737478411,0.00910883993698551,9264,0.004555000412874631,1099.999460890831,1343.8406051409984
2118.4421416234886,0.999892055267703,0.00047441646205159644,0.009499136442141624,0.009499136442141624,9.652279262509783,27792,4.826376766189461,512,40250,1.0,1.4641798147145038e-06,0.9994602763385146,0.9994602763385146,0.0040172708754802515,9264,0.0020093674669347844,1107.204400280847,1352.599918505999
2131.6079447322973,0.9998200921128382,0.001373686579753885,0.009894933793897524,0.009894933793897524,9.6307677783428,27792,4.816070776254745,512,40500,1.0,1.9075056078280997e-06,0.9977331606217616,0.9977331606217616,0.009175625279069668,9264,0.004588766403927344,1114.4563333708793,1361.3621907310007
2144.7737478411054,0.9997841105354058,0.0009618443558563596,0.009966896948762233,0.009966896948762233,9.506281657814636,27792,4.753621805791685,512,40750,1.0,1.7343435327611728e-06,1.0,1.0,0.00016357653753410555,9264,8.265544026639692e-05,1121.7289662088733,1370.139737821999
2157.9395509499136,0.9999640184225677,0.0004213312983121652,0.009643062751871042,0.009643062751871042,9.588284555631736,27792,4.79435304368304,512,41000,1.0,1.4666436617798494e-06,1.0,1.0,4.858781784368335e-05,9264,2.502723135199279e-05,1128.713700418848,1378.6484175219957
2171.055267702936,0.9999640184225677,7.431851953308297e-05,0.009607081174438687,0.009607081174438687,10.066685932974192,27792,5.033380232807131,512,41250,1.0,7.16799784417844e-07,1.0,1.0,1.3866204880411208e-05,9264,7.291502389748821e-06,1135.8466164818674,1387.320155563997
2184.2210708117445,1.0,1.727268252377851e-07,0.009751007484168106,0.009751007484168106,10.984579311408185,27792,5.492289690842351,512,41500,1.0,1.1923501767737646e-07,1.0,1.0,3.5747784679442516e-06,9264,1.8470067467623641e-06,1143.4682693978757,1396.490271646995
2197.3868739205527,1.0,1.036234507413899e-06,0.010074841681059297,0.010074841681059297,10.863211597185678,27792,5.431606290528468,512,41750,1.0,4.660794229317343e-08,0.9939550949913645,0.9939550949913645,0.027393403603005285,9264,0.013696725144081576,1151.051130233849,1405.6062296929958
2210.552677029361,0.9999640184225677,7.342025960088858e-05,0.009283246977547496,0.00931922855497985,11.187325841610502,27792,5.593699587578738,512,42000,1.0,1.4378622867594846e-07,0.9950345423143351,0.9950345423143351,0.02903036963651423,9264,0.014515256544571878,1158.1406701808082,1414.2264268329964
2223.718480138169,0.999892055267703,0.000261276886143012,0.009715025906735751,0.009751007484168106,10.958174429340614,27792,5.479217806010666,512,42250,1.0,1.8138354112486227e-07,1.0,1.0,5.6945385110994e-05,9264,2.8563384313517554e-05,1165.1490529088405,1422.7635507919986
2236.8842832469777,0.999892055267703,0.0003659803087649449,0.009427173287276915,0.009463154864709269,11.051204793399686,27792,5.525785326477297,512,42500,1.0,1.4500952104106935e-07,1.0,1.0,1.3912290557177451e-05,9264,7.0286500579834355e-06,1172.1804370698446,1431.3146739290023
2250.0,0.9999280368451353,0.00024328228587538816,0.00931922855497985,0.009355210132412205,11.151544978307044,27792,5.575894082903382,48,42750,1.0,1.3201293757169244e-07,1.0,1.0,4.492777103829819e-06,9264,2.312395034077121e-06,1179.1231267938856,1439.7840584989972
2263.165803108808,0.9999640184225677,3.470033264773134e-05,0.009571099597006333,0.009571099597006333,11.531956867575989,27792,5.765995792088044,512,43000,1.0,1.4914027438474648e-08,1.0,1.0,1.90627841594554e-06,9264,9.60596222184417e-07,1185.98686726686,1448.1804196840021
2276.3316062176164,1.0,2.0167952287930716e-08,0.009894933793897524,0.009894933793897524,12.157845782080669,27792,6.078922908609464,512,43250,1.0,1.9688060753756615e-09,1.0,1.0,7.242888559615247e-07,9264,3.6312883111662536e-07,1193.02887830892,1456.7440361089975
2289.497409326425,1.0,3.34568356643523e-10,0.009571099597006333,0.009571099597006333,12.67101117860468,27792,6.33550558930234,512,43500,1.0,4.5038048516117365e-10,1.0,1.0,3.2218929891785713e-07,9264,1.6131983971876653e-07,1200.1879105578773,1465.4168499699954
2302.663212435233,1.0,4.718271747846594e-10,0.009211283822682787,0.009211283822682787,12.901851129174988,27792,6.450925564587494,512,43750,1.0,5.147205555656177e-10,1.0,1.0,1.9984024368761706e-07,9264,1.0017748214076618e-07,1207.3493108208859,1474.0848903270016
2315.8290155440413,1.0,3.7317240374381465e-10,0.008959412780656303,0.008959412780656303,13.304735437370129,27792,6.652367718685064,512,44000,1.0,3.731724045108081e-10,1.0,1.0,1.4998956368991192e-07,9264,7.518136806025025e-08,1214.256705308886,1482.5125966679989
2328.9948186528495,1.0,4.546698242107945e-10,0.008995394358088658,0.008995394358088658,13.44375148283454,27792,6.72187574141727,512,44250,1.0,5.275885658115392e-10,1.0,1.0,1.2345572021518388e-07,9264,6.199165441197354e-08,1221.136588156929,1490.9075544270017
2342.1105354058723,1.0,3.731724045108081e-10,0.009031375935521013,0.009031375935521013,13.705434049212116,27792,6.852717026802199,512,44500,1.0,4.5038048516117365e-10,1.0,1.0,1.193765595084052e-07,9264,5.991347003858434e-08,1228.0828000159963,1499.3631877959997
2355.2763385146804,1.0,2.1017756050887449e-10,0.009139320667818078,0.009139320667818078,13.71982944732297,27792,6.859914721465344,512,44750,1.0,2.573602800837892e-10,1.0,1.0,1.1479554622255912e-07,9264,5.752645328430218e-08,1235.0045854140262,1507.7861285089966
2368.4421416234886,1.0,1.4154815361145445e-10,0.00939119170984456,0.00939119170984456,13.748042078627618,27792,6.874021039313809,512,45000,1.0,1.8015219559845636e-10,1.0,1.0,1.09082149200902e-07,9264,5.463115072892997e-08,1241.8975086391001,1516.1970170080021
2381.6079447322973,1.0,9.43654360818556e-11,0.009535118019573978,0.009535118019573978,13.823512523697241,27792,6.911756261848621,512,45250,1.0,1.158121259610058e-10,1.0,1.0,1.0326581046575329e-07,9264,5.1690811299692114e-08,1248.7921504580663,1524.6457548030012
2394.7737478411054,1.0,6.434007040444402e-11,0.009643062751871042,0.009643062751871042,13.945656020406615,27792,6.972828010203307,512,45500,1.0,6.434006963745057e-11,1.0,1.0,1.0199187778121423e-07,9264,5.1028108927726825e-08,1255.9874488600035,1533.357946776996
2407.9395509499136,1.0,3.0025366188740546e-11,0.009715025906735751,0.009715025906735751,13.97991345130512,27792,6.98995672565256,512,45750,1.0,5.147205632355522e-11,1.0,1.0,8.631863648189495e-08,9264,4.3185054270643236e-08,1263.097049332966,1542.000167086997
2421.055267702936,1.0,2.1446690134814675e-11,0.009822970639032815,0.009822970639032815,14.098211267588807,27792,7.049105633794404,512,46000,1.0,2.573602816177761e-11,1.0,1.0,8.687196112035388e-08,9264,4.344884857502482e-08,1270.62262281296,1551.0512021219984
2434.2210708117445,1.0,2.1446690134814675e-11,0.009607081174438687,0.009607081174438687,14.113296025637998,27792,7.056648012818999,512,46250,1.0,1.2868014080888805e-11,1.0,1.0,7.623011284115525e-08,9264,3.8121490428001564e-08,1278.061546795936,1560.0276465299976
2447.3868739205527,1.0,1.715735210785174e-11,0.009535118019573978,0.009535118019573978,14.250279401868118,27792,7.125139700934059,512,46500,1.0,1.2868014080888805e-11,1.0,1.0,9.138863433196056e-08,9264,4.570075117340422e-08,1285.0510391948774,1568.5408020510004
2460.552677029361,1.0,1.715735210785174e-11,0.009571099597006333,0.009571099597006333,14.30874124284304,27792,7.15437062142152,512,46750,1.0,1.2868014080888805e-11,1.0,1.0,8.462005852197448e-08,9264,4.231646326841118e-08,1291.8781842498865,1576.8766709569973
2473.718480138169,1.0,2.1446690134814675e-11,0.009463154864709269,0.009463154864709269,14.374547507067007,27792,7.187273744748938,512,47000,1.0,2.573602816177761e-11,1.0,1.0,8.571383978404447e-08,9264,4.286978790687012e-08,1298.9144675228672,1585.4267333940006
2486.8842832469777,1.0,3.860404224266642e-11,0.009463154864709269,0.009463154864709269,14.43395240621177,27792,7.216976203105885,512,47250,1.0,3.860404224266642e-11,1.0,1.0,9.623987509512329e-08,9264,4.813923959437726e-08,1305.853281599855,1593.8747155160017
2500.0,1.0,4.289338026962935e-11,0.009535118019573978,0.009535118019573978,14.436996547806585,27792,7.218498273903292,48,47500,1.0,3.860404224266642e-11,1.0,1.0,8.223947577511627e-08,9264,4.1139039909829956e-08,1312.9559760549528,1602.5010730680006
2513.165803108808,1.0,7.29187464583699e-11,0.009355210132412205,0.009355210132412205,14.42164336859528,27792,7.21082168429764,512,47750,1.0,7.720808448533283e-11,1.0,1.0,8.777272137430434e-08,9264,4.392496473169582e-08,1319.7756567289252,1610.8541709790006
2526.3316062176164,1.0,1.0294411264711044e-10,0.009571099597006333,0.009571099597006333,14.413436775449094,27792,7.206718387724547,512,48000,1.0,1.1581212672799925e-10,1.0,1.0,4.68138309234402e-08,9264,2.346482152853557e-08,1326.7494602138977,1619.3704498579973
2539.497409326425,1.0,1.1152278844537183e-10,0.009175302245250433,0.009175302245250433,14.647951327045552,27792,7.323975663522776,512,48250,1.0,2.0588822299324053e-10,1.0,1.0,1.012326609781827e-07,9264,5.0719274607874406e-08,1334.0530944549027,1628.2060087939972
2552.663212435233,1.0,1.072334504184089e-10,0.009103339090385722,0.009103339090385722,14.70160557774888,27792,7.35080278887444,512,48500,1.0,1.4154815488977686e-10,1.0,1.0,1.0797549997307171e-07,9264,5.4058524068199204e-08,1341.1154509558546,1636.8095132929957
2565.8290155440413,1.0,3.104193720800563e-08,0.010110823258491653,0.010110823258491653,10.645460191374204,27792,5.322730095687102,512,48750,1.0,3.2465997116956016e-08,0.9808937823834197,0.9808937823834197,0.11070832503969187,9264,0.05535417785208563,1348.690750753878,1645.9244196989966
2578.9948186528495,1.0,1.2043173361705142e-07,0.010542602187679908,0.010542602187679908,11.68352737382835,27792,5.841763689110316,512,49000,1.0,1.1976260000292927e-07,0.989853195164076,0.989853195164076,0.036120237505935224,9264,0.018060178357612387,1355.7991078409032,1654.5804644329983
2592.1105354058723,1.0,2.1834593443823746e-05,0.010542602187679908,0.010542602187679908,11.217659475340813,27792,5.608840577823373,512,49250,1.0,2.0441756568554303e-07,1.0,1.0,8.698160789660878e-05,9264,4.359301295660642e-05,1362.7467075939567,1663.0441498569999
2605.2763385146804,1.0,1.842660665003191e-05,0.010650546919976972,0.010650546919976972,11.417844000395235,27792,5.708931136145012,512,49500,1.0,2.2481642747391126e-07,1.0,1.0,1.5195369912122034e-05,9264,7.710093198170593e-06,1368.1645004899765,1669.926924665997
2618.4421416234886,1.0,3.820308792367797e-06,0.010650546919976972,0.010650546919976972,11.997214884475243,27792,5.9986092869962295,512,49750,1.0,1.4507396321747734e-07,1.0,1.0,2.4411204138166304e-06,9264,1.2930972066058276e-06,1374.7224016680266,1677.9889430309995
2631.6079447322973,1.0,4.5825808740213875e-08,0.010578583765112263,0.010578583765112263,12.352561146895914,27792,6.176280591017087,512,50000,1.0,2.5826102253121964e-08,1.0,1.0,6.345987924717854e-07,9264,3.3021244913574257e-07,1381.5157984710386,1686.2944980839966
2644.7737478411054,1.0,4.139210950836992e-09,0.010614565342544617,0.010614565342544617,12.850118089147731,27792,6.425059044573866,512,50250,1.0,5.1343373344870555e-09,1.0,1.0,2.743331517967582e-07,9264,1.397337448605316e-07,1388.2454040210214,1694.5492332360009
2657.9395509499136,0.999892055267703,0.000485659177007791,0.011082325849165228,0.011082325849165228,11.339209838234698,27792,5.669847691546382,512,50500,1.0,1.8417740046332974e-07,0.9974093264248705,0.9974093264248705,0.013003171169052676,9264,0.006501677648638036,1395.214618537022,1703.0258399769955
2671.055267702936,0.9999640184225677,0.00019335477417456117,0.012017846862406447,0.012017846862406447,10.832897039137837,27792,5.41654513221262,512,50750,1.0,1.8596413024492048e-07,0.9997841105354058,0.9997841105354058,0.002029197094302515,9264,0.0010146915217755371,1402.4418855301046,1711.758161484002
2684.2210708117445,0.9999280368451353,0.00022488051367699897,0.01172999424294761,0.01172999424294761,10.959887375554342,27792,5.480056079695399,512,51000,1.0,1.6559817038950549e-07,1.0,1.0,4.282911657556788e-05,9264,2.149735752932264e-05,1409.2361237131627,1720.0766468349975
2697.3868739205527,0.9999280368451353,0.00010938602800731709,0.011298215313759356,0.011298215313759356,11.42309281300318,27792,5.711601028925534,512,51250,1.0,1.3663253919405623e-07,1.0,1.0,7.1492143187099675e-06,9264,3.642923450182391e-06,1416.4138962862198,1728.7826027979972
2710.552677029361,1.0,1.2712289907748123e-06,0.010938399539435808,0.010938399539435808,11.71769776725879,27792,5.858849480979801,512,51500,1.0,8.325604423569118e-08,1.0,1.0,1.7746257898091123e-06,9264,9.289409229374552e-07,1423.6066574422657,1737.4799118509982
2723.718480138169,1.0,1.5587452238822333e-08,0.011370178468624065,0.011370178468624065,12.327727577503756,27792,6.163863788751878,512,51750,1.0,1.7783594157433443e-08,1.0,1.0,6.638736142156627e-07,9264,3.4082860536771806e-07,1430.9427310622486,1746.330891640995
2736.8842832469777,0.9999640184225677,5.476062023280848e-05,0.011190270581462292,0.011190270581462292,10.71519507110016,27792,5.357624857742757,512,52000,1.0,1.186559475844062e-07,0.9941709844559585,0.9941709844559585,0.02439320113168891,9264,0.012196659919562942,1437.5705292362181,1754.4624868109968
2750.0,0.9999280368451353,0.0003329141495774039,0.011514104778353483,0.011514104778353483,10.614343839743114,27792,5.307338352236311,48,52250,1.0,2.9767043565344826e-07,0.9976252158894646,0.9976252158894646,0.008110788082607437,9264,0.004055542898298416,1443.8003977071567,1762.1818584339999
2763.165803108808,0.9998200921128382,0.0007308030741736672,0.010938399539435808,0.010938399539435808,10.727806113270006,27792,5.364268393508305,512,52500,1.0,4.196135280471307e-07,0.9965457685664939,0.9965457685664939,0.011752318492760826,9264,0.005876369014324456,1450.0486376181652,1769.9170635519986
2776.3316062176164,0.9999280368451353,0.0003981618891127999,0.011478123200921128,0.011478123200921128,10.519102976112167,27792,5.2597505287253865,512,52750,1.0,2.4878343499663665e-07,0.9971934369602763,0.9971934369602763,0.009632790496569635,9264,0.00481651964981836,1456.2569889961815,1777.6104383359998
2789.497409326425,0.9997841105354058,0.0008110290797066226,0.012089810017271158,0.012089810017271158,10.348910580439066,27792,5.17486083843822,512,53000,1.0,8.58170765728033e-07,0.9964378238341969,0.9964378238341969,0.018624196620416766,9264,0.009312527342691425,1462.5417495891743,1785.383501668999
2802.663212435233,1.0,1.9437852256474442e-05,0.01327720207253886,0.01327720207253886,10.16727667563114,27792,5.083647945933323,512,53250,1.0,5.768200154481483e-07,0.9957901554404145,0.9957901554404145,0.015642163445063206,9264,0.0078213700561403,1468.807238871159,1793.1373330329952
2815.8290155440413,1.0,7.509550066988208e-06,0.012953367875647668,0.012953367875647668,10.060866800065554,27792,5.030437071980865,512,53500,1.0,3.3205855746431766e-07,1.0,1.0,8.335292301324095e-05,9264,4.1842491093328116e-05,1475.375738104187,1801.1933215850004
2828.9948186528495,1.0,6.340235353712113e-07,0.013133275762809442,0.013133275762809442,10.141619184336994,27792,5.070809767859793,512,53750,1.0,2.717981497301202e-07,1.0,1.0,1.9259315133824644e-05,9264,9.765556671720807e-06,1482.0987887972442,1809.4036104629995
2842.1105354058723,1.0,1.6493787772689416e-07,0.01280944156591825,0.01280944156591825,10.791030576329295,27792,5.395515288164647,512,54000,1.0,1.686610469509787e-07,1.0,1.0,4.128576247852448e-06,9264,2.1486186592318203e-06,1488.8473413472675,1817.639373170001
2855.2763385146804,1.0,9.131999958116408e-09,0.01280944156591825,0.01280944156591825,11.506645242167261,27792,5.753322621083631,512,54250,1.0,1.1890044047397477e-08,1.0,1.0,1.4785980962684125e-06,9264,7.452440709939278e-07,1495.4384023132734,1825.7190406579975
2868.4421416234886,0.9999640184225677,3.57113769889106e-05,0.012485607369027058,0.012485607369027058,10.08813385203026,27792,5.04408475868168,512,54500,1.0,5.106027582324134e-08,0.9900690846286702,0.9900690846286702,0.044952018479197345,9264,0.022476034898420278,1501.9638160923205,1833.7330770199987
2881.6079447322973,0.999892055267703,0.0006385977600793016,0.012485607369027058,0.012485607369027058,10.574189734582456,27792,5.287414151083551,512,54750,1.0,1.965123089770665e-05,0.9941709844559585,0.9941709844559585,0.022648757011573345,9264,0.011334204065109987,1508.3078109613052,1841.5634631380017
2894.7737478411054,0.9997841105354058,0.0018458150044618794,0.013816925734024179,0.013816925734024179,10.442319888662317,27792,5.222082850709343,512,55000,1.0,4.0371329399199717e-07,0.9970854922279793,0.9970854922279793,0.01346862556803682,9264,0.0067345146705044216,1514.6190054672406,1849.3623944729989
2907.9395509499136,0.9999280368451353,0.00032050806844952166,0.013061312607944733,0.013061312607944733,10.142086189371042,27792,5.071203290009265,512,55250,1.0,3.0923757776690763e-07,0.9984887737478411,0.9984887737478411,0.008488789432407043,9264,0.004244549312533904,1520.8597256062712,1857.1058306630002
2921.055267702936,0.9998560736902706,0.0007806361634908788,0.013601036269430052,0.013601036269430052,10.062388493126676,27792,5.031584492070138,512,55500,1.0,3.3834938790081754e-07,0.9996761658031088,0.9996761658031088,0.002419551690503157,9264,0.0012099450113917725,1527.521096158227,1865.2563206959967
2934.2210708117445,0.9998200921128382,0.00039275423910675164,0.014104778353483017,0.014104778353483017,9.814086509972519,27792,4.907239607578732,512,55750,1.0,3.482306738863879e-07,0.9997841105354058,0.9997841105354058,0.002404915946089407,9264,0.001202632057983573,1534.2507699772032,1873.4736133839979
2947.3868739205527,0.999892055267703,0.0002536783805772266,0.0143566493955095,0.0143566493955095,9.679638969671746,27792,4.839946246105978,512,56000,1.0,3.129107911488043e-07,1.0,1.0,7.12134788296988e-05,9264,3.576319517337738e-05,1540.9305363281455,1881.6417638679995
2960.552677029361,0.9999280368451353,8.936945332007616e-05,0.014464594127806563,0.014464594127806563,9.915001288871348,27792,4.957545234886613,512,56250,1.0,2.698550763464848e-07,1.0,1.0,1.5750925316459648e-05,9264,8.010390174510005e-06,1546.2470334401078,1888.407676531002
2973.718480138169,1.0,1.528398196389874e-06,0.014788428324697754,0.014788428324697754,10.701088693955882,27792,5.3505450497431255,512,56500,1.0,1.5871406833196053e-07,1.0,1.0,3.6819557630576014e-06,9264,1.9203349157438683e-06,1552.4994935200957,1896.1574989040018
2986.8842832469777,1.0,9.921236598592204e-09,0.0147524467472654,0.0147524467472654,11.32977829023415,27792,5.664889145117075,512,56750,1.0,1.2379028513441842e-08,1.0,1.0,1.3444234703838165e-06,9264,6.784012503337396e-07,1558.7290608180992,1903.890236704996
3000.0,0.9999640184225677,8.187210015620672e-05,0.016443580886586068,0.016443580886586068,10.269482478096215,27792,5.13478210484357,48,57000,1.0,1.417150814736354e-07,0.9995682210708118,0.9995682210708118,0.003152796751916061,9264,0.0015764692336817903,1564.3001820051577,1910.9341960629972
3013.165803108808,0.9998560736902706,0.0009108516753545495,0.015975820379965457,0.015975820379965457,10.083849575853101,27792,5.042380162196799,512,57250,1.0,1.030394159108368e-06,0.9995682210708118,0.9995682210708118,0.001836376246595707,9264,0.0009187033232253218,1571.1122800740486,1919.245392398996
3026.3316062176164,0.999892055267703,0.0004413732375533999,0.016515544041450777,0.016515544041450777,9.884200347039503,27792,4.942320843983739,512,57500,1.0,1.0119584894450805e-06,0.999892055267703,0.999892055267703,0.0009868640640818085,9264,0.0004939380216867453,1577.623336376113,1927.2467686210002
3039.497409326425,0.9995682210708118,0.0014036816540790695,0.016659470351180195,0.016659470351180195,9.723323367420257,27792,4.8623635199266255,512,57750,1.0,1.6318621282434064e-06,0.9997841105354058,0.9997841105354058,0.0012783188003297117,9264,0.0006399753207738136,1584.333395193149,1935.4438719550017
3052.663212435233,0.9999280368451353,0.00037217171859348406,0.017738917674150836,0.017738917674150836,9.660848403429943,27792,4.830610223659236,512,58000,1.0,3.233080497561323e-07,1.0,1.0,5.0951680992866685e-05,9264,2.563749473189713e-05,1591.0435206410693,1943.6416991139995
3065.8290155440413,0.9999640184225677,0.0001170132564461655,0.017846862406447898,0.017846862406447898,10.011516766501488,27792,5.005816818175813,512,58250,1.0,2.5541716997037126e-07,1.0,1.0,1.1432713971031742e-05,9264,5.844065595732074e-06,1597.4850316990196,1951.5745834929985
3078.9948186528495,1.0,3.6377523536447893e-07,0.017990788716177316,0.017990788716177316,10.792376428756757,27792,5.396188339558427,512,58500,1.0,1.311121890987614e-07,1.0,1.0,3.3325778784333697e-06,9264,1.7318450408592211e-06,1603.8898202030468,1959.4698529809975
3092.1105354058723,1.0,6.283879698427395e-09,0.018674438687392055,0.018674438687392055,11.167986275206781,27792,5.5839931376033904,512,58750,1.0,7.87522420025951e-09,1.0,1.0,1.314827099065791e-06,9264,6.613511620763474e-07,1610.5721843560532,1967.6443088710002
3105.2763385146804,1.0,1.0594664653037452e-09,0.01817069660333909,0.01817069660333909,11.701722974672904,27792,5.850861487336452,512,59000,1.0,1.3254054119818742e-09,1.0,1.0,4.664011286534777e-07,9264,2.338632670914048e-07,1616.5220718789642,1975.074345948
3118.4421416234886,1.0,5.447459174080619e-10,0.016659470351180195,0.016659470351180195,12.183587587627791,27792,6.0917937916177545,512,59250,1.0,5.919286362159833e-10,1.0,1.0,2.4953651545933576e-07,9264,1.2506422207116916e-07,1623.0960123439945,1983.1392695839968
3131.6079447322973,1.0,3.8604041603505206e-10,0.015508059873344847,0.015508059873344847,12.741012015422323,27792,6.37050600551502,512,59500,1.0,5.275885681125196e-10,1.0,1.0,1.7772012930571266e-07,9264,8.912385895723791e-08,1629.596951111991,1991.1306005969964
3144.7737478411054,1.0,6.605580438803968e-10,0.0143566493955095,0.0143566493955095,13.517210179110952,27792,6.758605089555476,512,59750,1.0,8.62156926545694e-10,1.0,1.0,1.402098724055214e-07,9264,7.053601470016475e-08,1636.665853789069,1999.7092192970013
3157.9395509499136,1.0,8.621569211767398e-10,0.013097294185377088,0.013097294185377088,13.769778495968659,27792,6.884889245788187,512,60000,1.0,1.0809131482799541e-09,1.0,1.0,1.2210457865615624e-07,9264,6.159274597623298e-08,1644.1570483150936,2008.7385050660014
3171.055267702936,1.0,7.420554630690542e-10,0.013708981001727115,0.013708981001727115,13.847023998517447,27792,6.923511994866441,512,60250,1.0,9.136289798012754e-10,1.0,1.0,1.198269400280811e-07,9264,6.037028456568415e-08,1651.4774993021492,2017.6162062529984
3184.2210708117445,1.0,3.431470388333965e-10,0.015004317789291883,0.015004317789291883,13.556323054197813,27792,6.778161527098907,512,60500,1.0,4.761165125559578e-10,1.0,1.0,1.1385618192406503e-07,9264,5.7166149261262126e-08,1658.6564280371895,2026.3233487359976
3197.3868739205527,1.0,1.7157352005585945e-10,0.014896373056994818,0.014896373056994818,13.483406536868749,27792,6.7417032684343745,512,60750,1.0,2.316242519220116e-10,1.0,1.0,1.0798836798791959e-07,9264,5.4109996127590735e-08,1666.4353118011277,2035.6500008770017
3210.552677029361,1.0,1.9730954796197258e-10,0.015651986183074267,0.015651986183074267,13.433224341480912,27792,6.716612170740456,512,61000,1.0,2.702282933976845e-10,1.0,1.0,8.714218864675812e-08,9264,4.370620847928182e-08,1674.0704310740985,2044.8252038770006
3223.718480138169,1.0,2.0588822324890502e-10,0.015580023028209556,0.015580023028209556,13.553737045226594,27792,6.776868522613297,512,61250,1.0,2.5736027931679574e-10,1.0,1.0,9.330596854429501e-08,9264,4.6781664420626325e-08,1681.6901551741248,2053.9850621379956
3236.8842832469777,1.0,1.758628578271579e-10,0.015651986183074267,0.015651986183074267,13.537677701204483,27792,6.768838850602242,512,61500,1.0,2.3162425115501812e-10,1.0,1.0,7.839193933559946e-08,9264,3.931178180143067e-08,1687.2223044120547,2061.025510567997
3250.0,1.0,2.359135899489745e-10,0.015723949337938976,0.015723949337938976,13.615164976938058,27792,6.807582488469029,48,61750,1.0,3.603043896629258e-10,1.0,1.0,7.710513785081124e-08,9264,3.8732721133275976e-08,1694.5464967850494,2069.902184831997
3263.165803108808,1.0,2.3591358918198107e-10,0.015040299366724238,0.015040299366724238,13.77355267442913,27792,6.886776337214565,512,62000,1.0,3.4743637711602393e-10,1.0,1.0,1.0686885069615383e-07,9264,5.3608143548523325e-08,1702.119724099044,2079.000113522001
3276.3316062176164,1.0,2.40202927720273e-10,0.014860391479562463,0.014860391479562463,13.789301405024377,27792,6.894650702512188,512,62250,1.0,3.217003489542463e-10,1.0,1.0,1.0336875222833245e-07,9264,5.184522629976475e-08,1709.2590398200555,2087.651982759002
3289.497409326425,1.0,3.4314703960038997e-10,0.015040299366724238,0.015040299366724238,13.677613046983225,27792,6.838806523491613,512,62500,1.0,4.761165102549775e-10,1.0,1.0,5.954029760799575e-08,9264,3.00082070786837e-08,1716.2819085130322,2096.201196782
3302.663212435233,1.0,3.9890842960461186e-10,0.014896373056994818,0.014896373056994818,13.855095722240213,27792,6.9275478611201065,512,62750,1.0,5.018525399507419e-10,1.0,1.0,1.0628979395500561e-07,9264,5.339582326703651e-08,1723.241276126013,2104.693517975
3315.8290155440413,1.0,4.2464445648806704e-10,0.01522020725388601,0.01522020725388601,13.723761967564014,27792,6.861880983782007,512,63000,1.0,5.147205532646373e-10,1.0,1.0,5.733986706900788e-08,9264,2.892729383146159e-08,1730.1890550479948,2113.165635284997
3328.9948186528495,1.0,5.318779074178049e-10,0.014932354634427174,0.014932354634427174,13.716069205574557,27792,6.858034602787279,512,63250,1.0,6.047966495298786e-10,1.0,1.0,4.9503246026647586e-08,9264,2.5054021362249026e-08,1737.8732530380075,2122.379893354999
3342.1105354058723,1.0,1.3922652827204206e-06,0.01917818077144502,0.01917818077144502,10.548880265784387,27792,5.274440750007871,512,63500,1.0,4.2441758894935424e-06,0.9888816925734024,0.9888816925734024,0.038823078565029284,9264,0.019413661224597065,1744.9453589649493,2130.9739000249974
3355.2763385146804,1.0,4.535881382350527e-07,0.020329591249280368,0.020329591249280368,10.395416852723748,27792,5.197708566914911,512,63750,1.0,1.8766708446086708e-07,0.9940630397236615,0.9940630397236615,0.018236777659936684,9264,0.009118482679617632,1752.077173859936,2139.6494270409967
3368.4421416234886,0.999892055267703,0.0002136082531786948,0.02227259643062752,0.02227259643062752,9.985967544968538,27792,4.993090524711894,512,64000,1.0,1.2782028357952423e-06,0.998272884283247,0.998272884283247,0.00874838259735423,9264,0.004374830420804572,1759.5161216219349,2148.636577486999
3381.6079447322973,1.0,6.411888128156817e-05,0.024287564766839378,0.024287564766839378,9.823385011346847,27792,4.911724553961966,512,64250,1.0,4.926557464554936e-07,0.9994602763385146,0.9994602763385146,0.0021607480401942096,9264,0.001080620333002253,1766.6594820699684,2157.3119811439974
3394.7737478411054,1.0,8.808096881285518e-06,0.023711859527921705,0.023711859527921705,9.600999220527996,27792,4.800503938858305,512,64500,1.0,3.005063735536216e-07,0.9995682210708118,0.9995682210708118,0.0023683875635111887,9264,0.0011843440221624194,1773.6874754069722,2165.843009463002
3407.9395509499136,0.9999640184225677,6.624349810360956e-05,0.02529504893494531,0.02529504893494531,9.456071518726162,27792,4.728068802503587,512,64750,1.0,3.4056309947756024e-07,0.9997841105354058,0.9997841105354058,0.0016446006430042763,9264,0.0008224705910746053,1780.4069861489043,2174.073119182998
3421.055267702936,0.9999640184225677,5.0839335969278296e-05,0.024395509499136443,0.024395509499136443,9.25193635526579,27792,4.625993551848329,512,65000,1.0,3.901014788849644e-07,0.998272884283247,0.998272884283247,0.00699476790911999,9264,0.003497578956457,1787.3631718979232,2182.545335283001
3434.2210708117445,1.0,1.1190570835196529e-06,0.028173575129533678,0.028173575129533678,9.197127303242615,27792,4.5985641259878065,512,65250,1.0,3.049841631178229e-07,0.9990284974093264,0.9990284974093264,0.005795259183893601,9264,0.002897782065054733,1794.2585067629043,2190.965726691
3447.3868739205527,1.0,1.2712278760416615e-05,0.02928900402993667,0.02928900402993667,9.080700392824655,27792,4.540356451022467,512,65500,1.0,3.36484783862577e-07,0.9971934369602763,0.9971934369602763,0.012987696753882373,9264,0.006494016664839368,1801.2247965468632,2199.4484299199976
3460.552677029361,0.999892055267703,0.00042813756099443367,0.02997265400115141,0.02997265400115141,8.852917852934297,27792,4.4266729514078635,512,65750,1.0,4.325821760686552e-07,1.0,1.0,0.0002993363997656112,9264,0.00014988449191037623,1808.0212307228066,2207.7518980219975
3473.718480138169,0.9999280368451353,9.49314939067617e-05,0.0299006908462867,0.0299006908462867,8.919107436035718,27792,4.459601088783558,512,66000,1.0,2.8887400229165476e-07,1.0,1.0,3.800586316153883e-05,9264,1.914736861342947e-05,1815.4655059248907,2216.7186625889954
3486.8842832469777,1.0,1.297165727743038e-06,0.030404432930339665,0.030404432930339665,9.442367105698132,27792,4.7211840777268135,512,66250,1.0,2.424848433226963e-07,1.0,1.0,7.217156180464711e-06,9264,3.7298205009962608e-06,1823.1675373289545,2225.949711037996
3500.0,1.0,1.214568833067458e-07,0.03119602763385147,0.03119602763385147,10.446095433122617,27792,5.223047716561308,48,66500,1.0,1.206762290571289e-07,1.0,1.0,1.527869522487419e-06,9264,8.242728828654294e-07,1830.6659999169715,2234.9710716670015
3513.165803108808,1.0,5.923575380861854e-09,0.031303972366148534,0.031303972366148534,10.996046295780936,27792,5.498023147890468,512,66750,1.0,7.025935221833268e-09,1.0,1.0,5.649186057573407e-07,9264,2.859722709321422e-07,1838.2535249619905,2244.081794149999
3526.3316062176164,0.999892055267703,0.000411299490570961,0.029720782959124926,0.029720782959124926,9.93532545125958,27792,4.967868343741989,512,67000,1.0,1.3106065734887134e-07,0.991580310880829,0.991580310880829,0.040329766049595074,9264,0.020164948400746972,1845.838135639984,2253.225083805999
3539.497409326425,1.0,7.611916031718008e-06,0.03187967760506621,0.03187967760506621,9.457028790321855,27792,4.728518104443416,512,67250,1.0,7.615848114054578e-07,0.9973013816925734,0.9973013816925734,0.01430715035023055,9264,0.007153955965410654,1853.5016886690864,2262.4224981590014
3552.663212435233,1.0,1.86250372204561e-05,0.03112406447898676,0.03112406447898676,9.235178172759921,27792,4.617598345311263,512,67500,1.0,1.5993630354693584e-07,0.9975172711571675,0.9975172711571675,0.009299682205565441,9264,0.004649920993852904,1860.0465020830452,2270.4707285459954
3565.8290155440413,0.9999280368451353,8.885963552136874e-05,0.03554979850316638,0.03554979850316638,8.867811608190982,27792,4.433950183716875,512,67750,1.0,2.613022982253689e-07,0.9997841105354058,0.9997841105354058,0.0016332969579375984,9264,0.0008167791214895424,1866.889898200112,2278.8020732680015
3578.9948186528495,1.0,1.4451975636064917e-07,0.03749280368451353,0.03749280368451353,8.708279747488037,27792,4.3541398737440185,512,68000,1.0,1.3400748139482918e-07,0.999892055267703,0.999892055267703,0.0007576507034459005,9264,0.00037889234904225574,1873.1755478060732,2286.575791700001
3592.1105354058723,1.0,4.831510276339923e-07,0.03788860103626943,0.03788860103626943,8.567039546845765,27792,4.283519913975919,512,68250,1.0,7.835668270083562e-07,0.9980569948186528,0.9980569948186528,0.0073132600831527375,9264,0.003657021821156427,1879.6729735040717,2294.57320069
3605.2763385146804,1.0,1.3157051216118565e-05,0.03828439838802533,0.03828439838802533,8.689933016990613,27792,4.344973009073261,512,68500,1.0,3.5635647026143937e-07,0.9975172711571675,0.9975172711571675,0.011378923721373441,9264,0.005689639947578208,1886.6131468041494,2303.027977796999
3618.4421416234886,1.0,5.768664263161327e-07,0.04062320092112838,0.04062320092112838,8.402158729496122,27792,4.201079522870228,512,68750,1.0,2.5357705641354487e-07,0.9981649395509499,0.9981649395509499,0.0062609543635418225,9264,0.0031306039252831552,1893.48779689816,2311.416374014996
3631.6079447322973,0.9999640184225677,0.00012362493812876954,0.04292602187679908,0.04292602187679908,8.280060495256897,27792,4.140091932842494,512,69000,1.0,3.9755606483215194e-07,0.9987046632124352,0.9987046632124352,0.006128800115652627,9264,0.0030645987978816314,1900.4015737421214,2319.8447171539956
3644.7737478411054,1.0,9.777620346104949e-07,0.04303396660909614,0.04303396660909614,8.286888539825421,27792,4.1434445861570435,512,69250,1.0,3.7451064719117126e-07,0.9987046632124352,0.9987046632124352,0.008027022898507616,9264,0.004013698723907896,1906.7031909441066,2327.6473744510004
3657.9395509499136,0.9999640184225677,6.4473301984707e-05,0.04670408750719632,0.04674006908462867,8.115214135362693,27792,4.057639210403961,512,69500,1.0,4.0984583897083345e-07,1.0,1.0,0.00011966854658794939,9264,6.0039196430427214e-05,1913.599275192093,2336.0474190640016
3671.055267702936,1.0,1.5986941067631621e-06,0.04778353483016695,0.04778353483016695,8.31124708826815,27792,4.155624176622741,512,69750,1.0,3.7053443060317565e-07,1.0,1.0,2.7433032417144716e-05,9264,1.3901783452344743e-05,1920.6956522000692,2344.6632012949995
3684.2210708117445,1.0,2.672171541812534e-07,0.04947466896948762,0.04947466896948762,9.060533772821596,27792,4.530266886410798,512,70000,1.0,2.7196546533919454e-07,1.0,1.0,5.568009788516888e-06,9264,2.9199876427342423e-06,1927.72857888016,2353.2057150549954
3697.3868739205527,1.0,1.1925646304342492e-07,0.05105785837651123,0.05105785837651123,9.720764164548532,27792,4.860382082274266,512,70250,1.0,1.19209282433082e-07,1.0,1.0,1.6140851324324823e-06,9264,8.666472113843325e-07,1934.6678573991449,2361.6963048089965
3710.552677029361,1.0,2.5478666770575973e-09,0.05400834772596431,0.05400834772596431,10.074741277875884,27792,5.037370638937942,512,70500,1.0,3.332815500454451e-09,1.0,1.0,5.687146699411157e-07,9264,2.860237428933586e-07,1942.1378287131447,2370.717273836999
3723.718480138169,1.0,6.777153918976167e-10,0.0485391479562464,0.0485391479562464,10.490456501505603,27792,5.245228250752802,512,70750,1.0,7.592128108306097e-10,1.0,1.0,2.801881079773602e-07,9264,1.404736604266926e-07,1949.0125319650106,2379.0976440899976
3736.8842832469777,1.0,5.661926072872122e-10,0.0442573402417962,0.0442573402417962,11.014780052242159,27792,5.507390028317221,512,71000,1.0,5.404565806594214e-10,1.0,1.0,1.8894103825306597e-07,9264,9.474074743833851e-08,1956.2669382440145,2387.877043262997
3750.0,1.0,9.264969851895717e-10,0.037528785261945884,0.037528785261945884,11.828334450378593,27792,5.9141672251892965,48,71250,1.0,1.003705071464556e-09,1.0,1.0,1.606185376710523e-07,9264,8.081112141459355e-08,1963.334938709013,2396.4804399150016
3763.165803108808,1.0,1.4755322278413723e-09,0.03594559585492228,0.03594559585492228,11.960663632407707,27792,5.9803318162038535,512,71500,1.0,1.7500498336995713e-09,1.0,1.0,1.226450352797673e-07,9264,6.219754264953965e-08,1970.164430046054,2404.833272985001
3776.3316062176164,1.0,1.5055575978650801e-09,0.03425446171560161,0.03425446171560161,12.108252763061875,27792,6.054126381530938,512,71750,1.0,1.8272579105149697e-09,1.0,1.0,1.198912801023205e-07,9264,6.085926912990368e-08,1977.1682374130833,2413.371932435999
3789.497409326425,1.0,1.3039587190347503e-09,0.0360895221646517,0.0360895221646517,12.095654137874376,27792,6.04782707113333,512,72000,1.0,1.4669535561337428e-09,1.0,1.0,1.1814123008300851e-07,9264,5.980409191237734e-08,1984.4277195541,2422.1784891339994
3802.663212435233,1.0,7.077407593646797e-10,0.039471790443293034,0.039471790443293034,11.860295455484604,27792,5.930147727742302,512,72250,1.0,6.691367184003357e-10,1.0,1.0,1.1074212154547622e-07,9264,5.5705629183326835e-08,1991.2214896680598,2430.4775129150003
3815.8290155440413,1.0,5.190098918029292e-10,0.040803108808290155,0.040803108808290155,11.793223212488643,27792,5.8966116062443215,512,72500,1.0,5.018525437857092e-10,1.0,1.0,1.0939098082093746e-07,9264,5.4946416700002435e-08,1997.9012541610937,2438.6444198109966
3828.9948186528495,1.0,5.747712823184801e-10,0.04094703511801957,0.04094703511801957,11.851188066709845,27792,5.925594035551064,512,72750,1.0,5.533245962742972e-10,1.0,1.0,1.0452687277924055e-07,9264,5.254009870884975e-08,2004.5808224550492,2446.8113012219983
3842.1105354058723,1.0,5.919286359603187e-10,0.04008347725964306,0.04008347725964306,11.843259513824234,27792,5.921629756912117,512,73000,1.0,6.047966510638655e-10,1.0,1.0,1.1132118456983481e-07,9264,5.596299065838643e-08,2011.315193943039,2455.032881248997
3855.2763385146804,1.0,4.889845263811821e-10,0.04181059297639608,0.04181059297639608,11.789714033602296,27792,5.894857016801148,512,73250,1.0,5.018525414847288e-10,1.0,1.0,8.48259467595406e-08,9264,4.2663899669304e-08,2017.6542033431178,2462.8592243019957
3868.4421416234886,1.0,6.434006892159001e-10,0.03842832469775475,0.03842832469775475,11.971642124700903,27792,5.9858210623504515,512,73500,1.0,6.562687073874208e-10,1.0,1.0,1.1099948424772533e-07,9264,5.5827876502483663e-08,2024.2581698801077,2470.9615730160003
3881.6079447322973,1.0,1.2330981991419587e-07,0.05278497409326425,0.05278497409326425,9.484983252051512,27792,4.742491626025756,512,73750,1.0,1.1989128015140807e-07,0.9993523316062176,0.9993523316062176,0.0025147771879902754,9264,0.001257448526774292,2031.539168001087,2479.7798591179962
3894.7737478411054,1.0,2.1142313584598317e-07,0.05397236614853195,0.05397236614853195,9.114632755294913,27792,4.557316414981857,512,74000,1.0,1.3189713015046926e-07,0.9992443868739206,0.9992443868739206,0.003438302793798225,9264,0.0017192173390412006,2039.4495026451477,2489.228498051001
3907.9395509499136,1.0,2.0290592710708202e-05,0.05785837651122625,0.05785837651122625,8.751017283350144,27792,4.375518724159324,512,74250,1.0,2.3203540579480951e-07,0.9992443868739206,0.9992443868739206,0.0034949217089781594,9264,0.0017475768339069036,2046.2480671401718,2497.5305541869966
3921.055267702936,0.9999280368451353,0.0003729978954040235,0.06512665515256189,0.06512665515256189,8.391295661992153,27792,4.195834239461193,512,74500,1.0,3.6586557823263816e-07,0.9988126079447323,0.9988126079447323,0.007487511478440068,9264,0.0037439386710196427,2052.592063288168,2505.364665273002
3934.2210708117445,1.0,1.5185753539801317e-07,0.06714162348877374,0.06714162348877374,8.127231261890786,27792,4.063615633141534,512,74750,1.0,1.3268206963137453e-07,0.9964378238341969,0.9964378238341969,0.014629880958823857,9264,0.007315006756122402,2058.900992688119,2513.1630692269973
3947.3868739205527,0.9999280368451353,0.000255125837678972,0.07055987334484744,0.0705958549222798,7.890264881158191,27792,3.9452599485372084,512,75000,1.0,2.6996043179451197e-07,0.9978411053540587,0.9978411053540587,0.010979394155790924,9264,0.00548983206296909,2065.652755180192,2521.4214231549995
3960.552677029361,0.999892055267703,0.00044018691739342166,0.07829591249280368,0.07829591249280368,7.715354141999609,27792,3.8578971507018096,512,75250,1.0,9.322660605330809e-06,0.9980569948186528,0.9980569948186528,0.007751068372170027,9264,0.0038801955150855327,2072.2554939631664,2529.5220641049964
3973.718480138169,1.0,1.2682706107432355e-07,0.0823978123200921,0.0823978123200921,7.512646646010992,27792,3.756323323005496,512,75500,1.0,1.2415058992445192e-07,1.0,1.0,6.615718609403291e-05,9264,3.314066835064264e-05,2078.6790419261524,2537.4310705140015
3986.8842832469777,1.0,1.279552245871661e-07,0.08567213586643639,0.08567213586643639,7.734776318450734,27792,3.867388159225367,512,75750,1.0,1.285128453870814e-07,1.0,1.0,1.3393915842887615e-05,9264,6.761214350445103e-06,2085.4926978581716,2545.7325015349998
4000.0,1.0,1.202558738890689e-07,0.08761514104778353,0.08761514104778353,8.613556061933009,27792,4.3067780309665045,48,76000,1.0,1.202387165523009e-07,1.0,1.0,2.27925676209265e-06,9264,1.199747746415631e-06,2092.5441935291383,2554.2741671959957
4013.165803108808,1.0,2.135232255933241e-08,0.09124928036845135,0.09124928036845135,9.304175645370352,27792,4.652087822685176,512,76250,1.0,2.6006254460992314e-08,1.0,1.0,6.155542377041967e-07,9264,3.2078024785588337e-07,2099.3555268671334,2562.5756750439978
4026.3316062176164,1.0,2.131800925002214e-09,0.08808290155440414,0.08808290155440414,9.515085680428495,27792,4.7575428402142474,512,76500,1.0,2.689414832458703e-09,1.0,1.0,3.0851059903638314e-07,9264,1.5560000706979527e-07,2106.220618248997,2570.931848542001
4039.497409326425,1.0,6.176646630994384e-10,0.08646373056994819,0.08646373056994819,9.800838402378607,27792,4.900419201189304,512,76750,1.0,7.592128231025049e-10,1.0,1.0,1.8631596165329542e-07,9264,9.353758726466023e-08,2112.950945234108,2579.1525370140007
4052.663212435233,1.0,1.2634242868049039e-07,0.08513241220495106,0.08513241220495106,8.276761447552916,27792,4.138380723776458,512,77000,1.0,1.2479398747615328e-07,0.9994602763385146,0.9994602763385146,0.002486285275823094,9264,0.0012432050220475296,2119.8825313811612,2587.5873631430004
4065.8290155440413,1.0,2.7354584378116196e-06,0.0982656879677605,0.0982656879677605,7.727202732259677,27792,3.8636026662454293,512,77250,1.0,1.7891554792607045e-07,0.9996761658031088,0.9996761658031088,0.0011187468128422008,9264,0.0005594628584263154,2126.6536388981476,2595.869756464999
4078.9948186528495,1.0,6.048240619516002e-06,0.10614565342544617,0.10614565342544617,7.340977477148887,27792,3.670491707757347,512,77500,1.0,1.9721319116544633e-07,0.9995682210708118,0.9995682210708118,0.0019457549215029018,9264,0.000972976049047208,2132.9377239681635,2603.6469545989967
4092.1105354058723,1.0,1.385421672943037e-06,0.11298215313759355,0.11298215313759355,7.031058610686641,27792,3.515529955401116,512,77750,1.0,1.4883139684941488e-07,1.0,1.0,0.00011329537531801714,9264,5.672210338887387e-05,2139.1708551331685,2611.368699822997
4105.276338514681,1.0,3.200303937562617e-07,0.11560880829015543,0.11560880829015543,7.108528897071887,27792,3.554264562735286,512,78000,1.0,1.4405739318609984e-07,1.0,1.0,2.258493348025992e-05,9264,1.136449545324098e-05,2145.4991765051163,2619.187168684999
4118.442141623489,1.0,1.2536017126097044e-07,0.11668825561312608,0.11668825561312608,7.800743625708949,27792,3.9003718128544747,512,78250,1.0,1.2276084746248584e-07,1.0,1.0,3.5362110780791293e-06,9264,1.829485969863963e-06,2152.121572012118,2627.3002467629994
4131.607944732297,1.0,4.131060991501048e-08,0.12097006332757627,0.12097006332757627,8.764111463407298,27792,4.382055731703649,512,78500,1.0,4.749583571037796e-08,1.0,1.0,7.89967122063381e-07,9264,4.1873148243345717e-07,2158.8968124831154,2635.566985626996
4144.773747841105,1.0,4.997078475439602e-09,0.12528785261945885,0.12528785261945885,8.77296972192425,27792,4.386484860962125,512,78750,1.0,6.511214627917977e-09,1.0,1.0,3.948935827102167e-07,9264,2.007023991116226e-07,2165.8090690430618,2643.9724570379985
4157.939550949914,1.0,6.7342605821695e-10,0.11751583189407024,0.11751583189407024,8.997744308234497,27792,4.498872151921107,512,79000,1.0,8.364208907139818e-10,1.0,1.0,2.3358017704796177e-07,9264,1.1720829900653706e-07,2172.349088058123,2652.017679195
4171.055267702936,1.0,7.592128100636163e-10,0.10672135866436384,0.10672135866436384,9.497667206109222,27792,4.748833605250752,512,79250,1.0,8.106848548822697e-10,1.0,1.0,1.672970388497306e-07,9264,8.40538618925736e-08,2178.975559138169,2660.149543423002
4184.2210708117445,1.0,1.432638853452026e-09,0.10010074841681059,0.10010074841681059,9.85163606633794,27792,4.92581803316897,512,79500,1.0,1.7114458075637675e-09,1.0,1.0,1.317041177326764e-07,9264,6.670778185372238e-08,2185.4871818711836,2668.1780240829976
4197.386873920553,1.0,2.9510644027601963e-09,0.08869458837075417,0.08869458837075417,10.211124967005174,27792,5.105562483502587,512,79750,1.0,3.2427393704414975e-09,1.0,1.0,1.3313246738079134e-07,9264,6.818760356122884e-08,2192.673448510308,2676.8910975440012
4210.552677029361,1.0,1.4197708386041439e-09,0.09531519861830742,0.09531519861830742,10.013576953385023,27792,5.0067884766925115,512,80000,1.0,1.5827656529489973e-09,1.0,1.0,1.1500143446012525e-07,9264,5.829210016775117e-08,2199.499073203333,2685.212430052001
4223.718480138169,1.0,1.634237734327672e-09,0.102475532527346,0.102475532527346,9.888712477258519,27792,4.944356238629259,512,80250,1.0,1.8787299699064987e-09,1.0,1.0,1.1044615720397493e-07,9264,5.616244371042666e-08,2206.4638690273714,2693.684146296
4236.884283246977,1.0,6.9058340623417e-10,0.10891623488773748,0.10891623488773748,9.702377556519187,27792,4.851188776063452,512,80500,1.0,6.691367191673292e-10,1.0,1.0,1.0016461888741366e-07,9264,5.0416877829751766e-08,2212.434292222395,2701.140221018002
4250.0,1.0,9.436543403653974e-10,0.11557282671272309,0.11557282671272309,9.375956652283874,27792,4.687978326141937,48,80750,1.0,8.75024929121681e-10,1.0,1.0,6.868945614029625e-08,9264,3.478224057497612e-08,2218.6468884483766,2708.840531367001
4263.165803108808,1.0,8.964716253924432e-10,0.11539291882556131,0.11539291882556131,9.507406464237967,27792,4.753703232118983,512,81000,1.0,8.750249229857334e-10,1.0,1.0,6.67592539131139e-08,9264,3.381713946138495e-08,2224.8777241074276,2716.5584671359975
4276.331606217616,1.0,1.1929506551716598e-07,0.11586067933218193,0.11586067933218193,7.889259878629642,27792,3.944629939314821,512,81250,1.0,1.1922214966252857e-07,0.991472366148532,0.991472366148532,0.03898356638089569,9264,0.01949184279509262,2231.3400629485113,2724.5158583070006
4289.4974093264245,1.0,1.5927515322610833e-07,0.13565054691997697,0.13565054691997697,6.985752296777175,27792,3.492876157173152,512,81500,1.0,1.4923033667666351e-07,0.9984887737478411,0.9984887737478411,0.007416960559721026,9264,0.0037085548757425863,2237.491518729461,2732.155099826996
4302.663212435233,1.0,5.56284590143959e-07,0.15223805411629246,0.15223805411629246,6.547518265130675,27792,3.273759353277528,512,81750,1.0,3.471054797140484e-07,0.9989205526770294,0.9989205526770294,0.003967021035419742,9264,0.0019836840428900946,2244.8091812484417,2740.9704282989987
4315.829015544042,0.9999640184225677,0.0002516920794213195,0.17181203223949337,0.17184801381692574,6.134735401704796,27792,3.0674935682930338,512,82000,1.0,1.3259341104915247e-06,0.9988126079447323,0.9988126079447323,0.006212319920180504,9264,0.003106822958819259,2252.034090394496,2749.7140085220017
4328.99481865285,1.0,5.493670394159831e-07,0.18811168681635002,0.18811168681635002,5.8209138385990125,27792,2.9104571301290614,512,82250,1.0,1.4804646360263243e-07,0.998272884283247,0.998272884283247,0.007856144896340083,9264,0.0039281464263874015,2259.2687680794843,2758.467405149
4342.110535405872,1.0,1.4992946167379546e-07,0.19613557858376512,0.19613557858376512,5.549161784732624,27792,2.7745809011508764,512,82500,1.0,1.2918191461465976e-07,0.9977331606217616,0.9977331606217616,0.009789593431323329,9264,0.004894861351700246,2266.112738300493,2766.8326286779993
4355.276338514681,1.0,1.102518327307731e-06,0.22686384571099596,0.22686384571099596,5.038851303689151,27792,2.5194261613493345,512,82750,1.0,1.7849035522598513e-07,0.9987046632124352,0.9987046632124352,0.006725905043682621,9264,0.003363041767958288,2272.9995251163855,2775.2561127449953
4368.442141623489,1.0,4.708237229045346e-06,0.23999712147380542,0.23999712147380542,4.878448699353822,27792,2.4392266413502535,512,83000,1.0,1.354100259470218e-07,0.9961139896373057,0.9961139896373057,0.01547540044524612,9264,0.007737767805437041,2280.555002931331,2784.379556893997
4381.607944732297,0.9999640184225677,5.2046163523719376e-05,0.25140328151986185,0.25140328151986185,4.726514136578478,27792,2.3632830618164906,512,83250,1.0,3.950321498338336e-07,0.9976252158894646,0.9976252158894646,0.012652482855132104,9264,0.006326438938725952,2287.6662080573587,2793.001444755995
4394.773747841105,1.0,7.041278094643162e-06,0.268062751871042,0.268062751871042,4.517056949947096,27792,2.2585319360920804,512,83500,1.0,1.6593201939705008e-07,0.9989205526770294,0.9989205526770294,0.0043170420551070995,9264,0.0021586039683432518,2294.641707797433,2801.4858564629976
4407.939550949914,1.0,1.6680805120935602e-07,0.30109383995394357,0.30109383995394357,4.274776539997458,27792,2.137388300744706,512,83750,1.0,1.303529605147104e-07,0.9980569948186528,0.9980569948186528,0.009279791708466226,9264,0.004639961024294309,2301.5074016164654,2809.8624729529984
4421.055267702936,1.0,5.661266773725788e-07,0.33052677029360966,0.33052677029360966,3.967624732387018,27792,1.9838126648687122,512,84000,1.0,1.3394312718336644e-07,0.9987046632124352,0.9987046632124352,0.004734007701087125,9264,0.002367070796390809,2308.332522216464,2818.2027414900003
4434.2210708117445,0.9999280368451353,0.0002249702121522675,0.33372913068508925,0.3337651122625216,3.8330072634646997,27792,1.9166161323595678,512,84250,1.0,4.944169916830663e-07,0.9990284974093264,0.9990284974093264,0.0038940609659555664,9264,0.0019472776518069813,2315.6491367434282,2827.0492299780017
4447.386873920553,0.9999640184225677,5.251743723456729e-05,0.36917098445595853,0.3692069660333909,3.5241314323043165,27792,1.7620919776086363,512,84500,1.0,4.57360721767131e-07,0.9992443868739206,0.9992443868739206,0.0026579697221109,9264,0.0013292135385473119,2322.91068004346,2835.840731946999
4460.552677029361,1.0,1.838095351692919e-07,0.4114853195164076,0.4114853195164076,3.233890228183639,27792,1.6169452332324794,512,84750,1.0,1.6809470664222807e-07,0.9994602763385146,0.9994602763385146,0.002099239474503462,9264,0.001049703771822695,2330.5157982314704,2844.9895083489973
4473.718480138169,0.9999640184225677,8.284942063860082e-05,0.4504173862982153,0.4504173862982153,2.892792861490464,27792,1.446437868086442,512,85000,1.0,2.41785619397726e-07,0.9995682210708118,0.9995682210708118,0.002356522612029201,9264,0.001178382181712074,2337.9218480115233,2853.9169592109974
4486.884283246977,1.0,3.0272172332693435e-06,0.4657455382843984,0.4657455382843984,2.796855138098981,27792,1.3984290854849895,512,85250,1.0,2.2645124969815716e-07,0.999892055267703,0.999892055267703,0.0011915980125672871,9264,0.0005959122319462901,2344.663803127478,2862.197322731001
4500.0,1.0,3.2075794828411194e-07,0.5127374784110535,0.5127374784110535,2.504863796113343,27792,1.2524320490413792,48,85500,1.0,2.538858730618681e-07,1.0,1.0,4.115421240773319e-05,9264,2.0704049170340953e-05,2351.8631073914876,2870.95072126
4513.165803108808,1.0,2.411551434154235e-07,0.5419545192861255,0.5419545192861255,2.5154572170084073,27792,1.2577287276448639,512,85750,1.0,2.400785245461423e-07,1.0,1.0,9.389471080907563e-06,9264,4.8147748153914485e-06,2359.49640340342,2880.119374091002
4526.331606217616,1.0,1.201657977196836e-07,0.5899899251583189,0.5899899251583189,2.4594661622604694,27792,1.229733200270895,512,86000,1.0,1.2022584853745303e-07,1.0,1.0,2.250188368942431e-06,9264,1.1852071158330975e-06,2367.115552133495,2889.2956694999957
4539.4974093264245,1.0,6.888676426957599e-09,0.6397884283246977,0.6397884283246977,2.3357121275977013,27792,1.1678560632498154,512,86250,1.0,8.544360972349388e-09,1.0,1.0,7.031081035219105e-07,9264,3.558262326904522e-07,2374.372330333499,2898.114861533999
4552.663212435233,1.0,7.463448003290237e-10,0.6755900978698907,0.6755900978698907,2.1340886271404824,27792,1.0670443135702412,512,86500,1.0,9.65101036891824e-10,1.0,1.0,3.073782137297695e-07,9264,1.5417165742168033e-07,2381.424980676522,2906.690273811997
4565.829015544042,1.0,5.747712876874342e-10,0.6736470926885435,0.6736470926885435,2.1162280805782125,27792,1.0581140402891063,512,86750,1.0,8.364208884130015e-10,1.0,1.0,1.9860492054543074e-07,9264,9.972067075527154e-08,2388.198604532561,2914.974603308001
4578.99481865285,1.0,9.73679703997493e-10,0.6647956246401843,0.6647956246401843,2.200608226576274,27792,1.100304113288137,512,87000,1.0,1.2095932913898226e-09,1.0,1.0,1.6042552216074184e-07,9264,8.081755777822139e-08,2395.5605704555855,2923.8654186740023
4592.110535405872,1.0,2.341978472216535e-09,0.6523100172711571,0.6523100172711571,2.283071218171062,27792,1.141535609085531,512,87250,1.0,2.5092626368602464e-09,1.0,1.0,1.4015840348773505e-07,9264,7.133383319153605e-08,2402.6261376926486,2932.449771956002
4605.276338514681,1.0,2.7108615031630166e-09,0.6535693724812895,0.6535693724812895,2.281168525357595,27792,1.140584263227833,512,87500,1.0,2.8824350551769366e-09,1.0,1.0,1.2052181282986674e-07,9264,6.170212410243997e-08,2409.656201224665,2941.003984472998
4618.442141623489,1.0,2.4835265951482513e-09,0.6605857800805988,0.6605857800805988,2.2415834908932877,27792,1.1207917454466438,512,87750,1.0,2.599338728523527e-09,1.0,1.0,1.1534887091010564e-07,9264,5.897410495468893e-08,2416.662511761737,2949.5374799659985
4631.607944732297,1.0,1.4841109125878907e-09,0.6842616580310881,0.6842616580310881,2.0781395252779014,27792,1.0390697626389507,512,88000,1.0,1.4283495062211418e-09,1.0,1.0,1.0856742865607429e-07,9264,5.4997889152094614e-08,2424.182198266717,2958.588805102998
4644.773747841105,1.0,1.0594664658150741e-09,0.7070020149683363,0.7070020149683363,1.9147217497444042,27792,0.9573608748722021,512,88250,1.0,1.0423091106392485e-09,1.0,1.0,8.970292438688797e-08,9264,4.537261679478322e-08,2431.9185387627003,2967.9010368890013
4657.939550949914,1.0,7.33476784202819e-10,0.7117156016119747,0.7117156016119747,1.8681640493231528,27792,0.9340820246615764,512,88500,1.0,7.206087823938254e-10,1.0,1.0,8.546934750193472e-08,9264,4.309497816670806e-08,2438.951026499679,2976.469188067
4671.055267702936,1.0,6.86294068207207e-10,0.7108160621761658,0.7108160621761658,1.8620317444831527,27792,0.9310158722415763,512,88750,1.0,7.4634481208959e-10,1.0,1.0,9.337030704773183e-08,9264,4.70583259544545e-08,2445.7866566646626,2984.815179416997
4684.2210708117445,1.0,7.377661227411109e-10,0.7108160621761658,0.7108160621761658,1.8691629004601988,27792,0.9345814502300994,512,89000,1.0,8.23552876633093e-10,1.0,1.0,1.0351029960625785e-07,9264,5.2166926278261165e-08,2452.765028426613,2993.312878577999
4697.386873920553,1.0,8.878929472932015e-10,0.7124712147380541,0.7124712147380541,1.838548383564529,27792,0.9192741917822645,512,89250,1.0,9.651010207849614e-10,1.0,1.0,9.544205586743828e-08,9264,4.8203578490514726e-08,2459.664337709597,3001.71404608
4710.552677029361,1.0,8.407102297636027e-10,0.7189838802533103,0.7189838802533103,1.8041548270498395,27792,0.9020774135249198,512,89500,1.0,9.393649941571708e-10,1.0,1.0,8.01162533252157e-08,9264,4.052780920455555e-08,2466.5335353245537,3010.0819399999964
4723.718480138169,1.0,9.736797073211312e-10,0.7129749568221071,0.7129749568221071,1.830711498710707,27792,0.9153557493553535,512,89750,1.0,1.0680451426359933e-09,1.0,1.0,9.97013687820873e-08,9264,5.038470700723076e-08,2473.6931183654888,3018.770761396001
4736.884283246977,1.0,1.3725881274661572e-09,0.7192357512953368,0.7192357512953368,1.791787387450399,27792,0.8958936937251994,512,90000,1.0,1.299669394558005e-09,1.0,1.0,7.184211980257119e-08,9264,3.657089465110365e-08,2480.8938290034275,3027.4937341780023
4750.0,1.0,2.1360902456439915e-09,0.7133347725964306,0.7133347725964306,1.8161711475941116,27792,0.9080855737970558,48,90250,1.0,2.0588821540000532e-09,1.0,1.0,9.09897258716762e-08,9264,4.652430412366868e-08,2487.946438638355,3036.061386608002
4763.165803108808,1.0,1.6428164085919465e-09,0.7154217040875072,0.7154217040875072,1.8085342609271553,27792,0.9042671304635777,512,90500,1.0,1.659973730531389e-09,1.0,1.0,9.479865826664935e-08,9264,4.8229316091013084e-08,2494.8396586883246,3044.478803977996
4776.331606217616,1.0,1.1925217370514228e-07,0.5560233160621761,0.5560233160621761,2.6728107384312203,27792,1.3364054054519399,512,90750,1.0,1.192864889513667e-07,0.9970854922279793,0.9970854922279793,0.010167625562017639,9264,0.005083872437125654,2501.6576525322525,3052.820245500996
4789.4974093264245,1.0,1.1928219776411853e-07,0.5954231433506045,0.5954231433506045,2.1941661296662205,27792,1.0970831224818167,512,91000,1.0,1.1929935539541198e-07,0.998380829015544,0.998380829015544,0.006110390542486814,9264,0.0030552549016242122,2508.5304964951792,3061.2258242099997
4802.663212435233,1.0,1.19672524144432e-07,0.6387449625791595,0.6387449625791595,1.7937185773920863,27792,0.8968593501879967,512,91250,1.0,1.195953158099068e-07,0.9987046632124352,0.9987046632124352,0.005411499382168801,9264,0.002705809417975317,2515.4811199131655,3069.694881520001
4815.829015544042,1.0,1.1996419888585022e-07,0.6148891767415083,0.6148891767415083,1.9545475899932985,27792,0.9772738702144853,512,91500,1.0,1.2000709228503901e-07,0.9968696027633851,0.9968696027633851,0.011610532829309581,9264,0.005805326353867952,2522.501019601157,3078.2308913099987
4828.99481865285,1.0,2.154531280590115e-08,0.6946243523316062,0.6946243523316062,1.4043698890084293,27792,0.7021849439551793,512,91750,1.0,2.2210190286421295e-08,0.9995682210708118,0.9995682210708118,0.0025812329329141705,9264,0.0012906275458178693,2529.5420261531617,3086.792530478
4842.110535405872,1.0,2.004495086479831e-07,0.7301381692573402,0.7301381692573402,1.1849308683739082,27792,0.5924655223071198,512,92000,1.0,2.5993385473596734e-08,0.9993523316062176,0.9993523316062176,0.003575678950976677,9264,0.001787852504353372,2536.59553228414,3095.3629585960007
4855.276338514681,1.0,4.557763187063881e-08,0.7677748992515832,0.7677748992515832,0.9869747584622416,27792,0.4934873913098974,512,92250,1.0,2.7202979455280664e-08,0.999892055267703,0.999892055267703,0.0006611828828175811,9264,0.00033060503646647734,2543.624046031109,3103.908046903998
4868.442141623489,0.9999640184225677,6.90183792997959e-05,0.7706894070236039,0.7707253886010362,0.9678690734099024,27792,0.48396904494615556,512,92500,1.0,6.16245822178015e-08,0.9997841105354058,0.9997841105354058,0.0010895545679644805,9264,0.0005448080964437935,2550.3333915401527,3112.1245014489978
4881.607944732297,0.9999640184225677,5.732154425283882e-05,0.7935736902705814,0.7936096718480138,0.8353918366001197,27792,0.4177245845311527,512,92750,1.0,4.8460733024604485e-08,0.9994602763385146,0.9994602763385146,0.0018922590380389764,9264,0.0009461537301894245,2557.2944624851007,3120.5771306259994
4894.773747841105,1.0,6.514770447920266e-08,0.814119170984456,0.814119170984456,0.7409034036121357,27792,0.3704517250028093,512,93000,1.0,2.3226762664798775e-08,0.9994602763385146,0.9994602763385146,0.002294981043499497,9264,0.0011475021029631117,2564.4369420480507,3129.227790840996
4907.939550949914,1.0,4.146767165200346e-08,0.8333333333333334,0.8333333333333334,0.6539318436648425,27792,0.32696593404845664,512,93250,1.0,2.9969601856038103e-08,0.9991364421416234,0.9991364421416234,0.002537375902322753,9264,0.0012687029423986743,2571.1840478590966,3137.484447955001
4921.055267702936,0.9999640184225677,3.1083852735684826e-05,0.8608592400690847,0.860895221646517,0.5251972382962189,27792,0.2626141635727869,512,93500,1.0,5.830492891253421e-08,0.9991364421416234,0.9991364421416234,0.0033320000541753525,9264,0.0016660291538392845,2577.4526013381255,3145.2409029529954
4934.2210708117445,1.0,4.384560843098011e-08,0.9034614277489925,0.9034614277489925,0.36253717155654197,27792,0.1812686046513594,512,93750,1.0,4.73156835025076e-08,1.0,1.0,4.2296443831731305e-05,9264,2.1171879761163484e-05,2583.7838076149783,3153.0590967699973
4947.386873920553,1.0,5.759722735778427e-08,0.9228554979850316,0.9228554979850316,0.3018976358689312,27792,0.15094884771963063,512,94000,1.0,6.16120479985048e-08,1.0,1.0,9.639690785735342e-06,9264,4.850651421984304e-06,2590.531837150942,3161.2987070050003
4960.552677029361,1.0,6.331491528852662e-08,0.9418177892918825,0.9418177892918825,0.2518608773241938,27792,0.1259304687217796,512,94250,1.0,6.669491386341829e-08,1.0,1.0,2.0821579897098463e-06,9264,1.07442645533321e-06,2596.816275967016,3169.0743311190017
4973.718480138169,1.0,1.7590573867219785e-08,0.9630469199769718,0.9630469199769718,0.17183572283817833,27792,0.08591786917421278,512,94500,1.0,1.9314887138930137e-08,1.0,1.0,6.750944351980709e-07,9264,3.472046627423711e-07,2603.2122215580384,3176.9624090139987
4986.884283246977,1.0,1.6942884618475279e-09,0.9775474956822107,0.9775474956822107,0.10354579792121532,27792,0.05177289902923707,512,94750,1.0,1.930202055375805e-09,1.0,1.0,3.098488725805629e-07,9264,1.5588953740387263e-07,2609.893450621057,3185.1380611729983
5000.0,1.0,1.020862426384717e-09,0.9851036269430051,0.9851036269430051,0.0629953310691425,27792,0.03149766553457125,48,95000,1.0,1.0551771193511832e-09,1.0,1.0,1.911543430901121e-07,9264,9.610476015381923e-08,2616.668383610988,3193.409543018999
5013.165803108808,1.0,1.9387807033066376e-09,0.9880541162924582,0.9880541162924582,0.04990298352024647,27792,0.024951492617990893,512,95250,1.0,2.0074100953755176e-09,1.0,1.0,1.6353958484644695e-07,9264,8.27734975813583e-08,2623.501755091951,3201.765932094997
5026.331606217616,1.0,2.9339070498853513e-09,0.989241508347726,0.989241508347726,0.04219895172338755,27792,0.021099477423012908,512,95500,1.0,3.0239831701830542e-09,1.0,1.0,1.4648946679289312e-07,9264,7.475672514107274e-08,2630.5036295589016,3210.3211735809964
5039.4974093264245,1.0,3.2384500186086526e-09,0.9901410477835348,0.9901410477835348,0.03794780214009919,27792,0.01897390278578491,512,95750,1.0,3.319947462596765e-09,1.0,1.0,1.2614513531839128e-07,9264,6.473254157457246e-08,2637.324205355828,3218.6865746729964
5052.663212435233,1.0,3.0368511599758167e-09,0.9911845135290731,0.9911845135290731,0.03413117865275293,27792,0.017065590956325014,512,96000,1.0,3.1397952785032104e-09,1.0,1.0,1.1702171284033034e-07,9264,6.00807542316068e-08,2644.2432537207933,3227.119502112
5065.829015544042,1.0,2.0974862156732205e-09,0.9925877950489349,0.9925877950489349,0.030188610001960978,27792,0.015094306167680501,512,96250,1.0,2.071750193391726e-09,1.0,1.0,1.1093514181728203e-07,9264,5.6503446103895536e-08,2651.1371350667905,3235.517823602997
5078.99481865285,1.0,1.844415269270098e-09,0.9934873344847438,0.9934873344847438,0.02647687946851046,27792,0.013238440566386858,512,96500,1.0,1.8272579358257537e-09,1.0,1.0,9.141436957625502e-08,9264,4.662081384232715e-08,2658.1355320867297,3244.016251494999
5092.110535405872,1.0,2.710861508020642e-09,0.9945308002302821,0.9945308002302821,0.022069021381725163,27792,0.011034512080608185,512,96750,1.0,2.612206694283828e-09,1.0,1.0,9.352472322590641e-08,9264,4.8068465120013256e-08,2665.3830638437357,3252.792976634002
5105.276338514681,1.0,1.8744406433844375e-09,0.9949265975820379,0.9949265975820379,0.019345903935347332,27792,0.009672952851277353,512,97000,1.0,1.788653891282107e-09,1.0,1.0,7.249838853526939e-08,9264,3.7143521299562514e-08,2672.1057011247685,3261.0258091259966
5118.442141623489,1.0,1.1066491797653702e-09,0.9949625791594704,0.9949625791594704,0.017952916209699098,27792,0.008976458628148819,512,97250,1.0,1.1066491871796402e-09,1.0,1.0,8.813302657544634e-08,9264,4.461983792618211e-08,2678.2784627837973,3268.685572481998
5131.607944732297,1.0,1.3125373927876957e-09,0.9956102475532528,0.9956102475532528,0.01620258900476861,27792,0.008101295205835782,512,97500,1.0,1.2353293080466985e-09,1.0,1.0,8.450424638834354e-08,9264,4.286978790687012e-08,2684.903036736774,3276.7973047580017
5144.773747841105,1.0,1.2439079889582496e-09,0.9958981001727115,0.9958981001727115,0.014222985928128627,27792,0.007111493568861011,512,97750,1.0,1.158121234299274e-09,1.0,1.0,9.421959681309335e-08,9264,4.768885907470138e-08,2691.220015418854,3284.6036124339953
5157.939550949914,1.0,9.436543388314104e-10,0.9961859527921704,0.9961859527921704,0.013433375849968137,27792,0.00671668834533922,512,98000,1.0,8.106848640861911e-10,1.0,1.0,1.0568499411554996e-07,9264,5.324783952548327e-08,2698.0140535108294,3292.896730073
5171.055267702936,1.0,1.8615726200996274e-09,0.9964378238341969,0.9964378238341969,0.012424383044380118,27792,0.006212192375768377,512,98250,1.0,1.8915979977932696e-09,1.0,1.0,9.787411067368802e-08,9264,4.988285442816336e-08,2704.9010144388158,3301.2986498019964
5184.2210708117445,1.0,1.7929432137135362e-09,0.9964378238341969,0.9964378238341969,0.011779656707725789,27792,0.005889829183849852,512,98500,1.0,1.7500498590103553e-09,1.0,1.0,1.048614411652855e-07,9264,5.330574559229874e-08,2711.8636405828,3309.787928371996
5197.386873920553,1.0,1.818679237273353e-09,0.9970135290731146,0.9970135290731146,0.010509745877881673,27792,0.005254873788229817,512,98750,1.0,1.6342377192434673e-09,1.0,1.0,6.946153703116918e-08,9264,3.554788745842511e-08,2718.8016662388764,3318.253246276996
5210.552677029361,1.0,2.1618262689481442e-09,0.9972294185377087,0.9972294185377087,0.0092494991716806,27792,0.004624750649596194,512,99000,1.0,1.9816740526408646e-09,1.0,1.0,5.206398098137616e-08,9264,2.7022827633975012e-08,2725.7125853028847,3326.677614704997
5223.718480138169,1.0,2.2433236963180652e-09,0.9972294185377087,0.9972294185377087,0.009168156357798414,27792,0.004584079251233778,512,99250,1.0,2.058882141728158e-09,1.0,1.0,7.890665992951477e-08,9264,4.048277115258796e-08,2732.5518340209455,3335.0273480609976
5236.884283246977,1.0,2.805226933108925e-09,0.9973013816925734,0.9973013816925734,0.008835854779802386,27792,0.004417928775357459,512,99500,1.0,2.560734634892299e-09,1.0,1.0,6.099438328580645e-08,9264,3.1777559120267505e-08,2738.0240487979536,3341.9765035699966
5250.0,1.0,3.096901903602535e-09,0.9974453080023028,0.9974453080023028,0.008147542044803474,27792,0.004073772553695504,48,99750,1.0,2.972511085480741e-09,1.0,1.0,7.974308089462711e-08,9264,4.135779616224395e-08,2744.9241688309558,3350.4078155499956
5263.165803108808,1.0,2.8309629628046893e-09,0.9976252158894646,0.9976252158894646,0.007559646107578113,27792,0.003779824456402675,512,100000,1.0,2.6122067310995142e-09,1.0,1.0,4.815210446761995e-08,9264,2.5382155740870025e-08,2751.8814317010183,3358.880920659998
5276.331606217616,1.0,2.5435773428656015e-09,0.997769142199194,0.997769142199194,0.00711177942323218,27792,0.003555890972681545,512,100250,1.0,2.367714448989751e-09,1.0,1.0,6.834201973940343e-08,9264,3.535486723570688e-08,2758.94526483598,3367.4664585499995
5289.4974093264245,1.0,3.6673838369004797e-09,0.9976971790443293,0.9976971790443293,0.007173728509862394,27792,0.0035868660543086064,512,100500,1.0,3.6931198678745667e-09,1.0,1.0,5.1574996417156635e-08,9264,2.763405833924942e-08,2765.905410835039,3375.932801064999
5302.663212435233,1.0,1.5098469238758123e-09,0.9980210132412205,0.9980210132412205,0.006488230987679842,27792,0.0032441162337507744,512,100750,1.0,1.299669376150162e-09,1.0,1.0,9.717923787190238e-08,9264,4.923945368576925e-08,2772.1156618890745,3383.631886678995
5315.829015544042,1.0,1.9516487258244546e-09,0.9981649395509499,0.9981649395509499,0.006369751934380317,27792,0.0031848769194232573,512,101000,1.0,1.7243138354505384e-09,1.0,1.0,8.17890952554404e-08,9264,4.175670462252831e-08,2778.9054202180123,3391.9139254010006
5328.99481865285,1.0,2.4277652051440293e-09,0.9980210132412205,0.9980210132412205,0.005951160267981977,27792,0.002975581307125009,512,101250,1.0,2.2261663347506273e-09,1.0,1.0,9.297139937284877e-08,9264,4.75987829707662e-08,2785.193039925027,3399.691624578001
5342.110535405872,1.0,2.0846182044046413e-09,0.9982009211283823,0.9982009211283823,0.00557487672564794,27792,0.0027874393793971427,512,101500,1.0,1.904466012641152e-09,1.0,1.0,8.869921922875316e-08,9264,4.5301842713119864e-08,2791.695379125107,3407.683775630998
5355.276338514681,1.0,7.334767865037993e-10,0.998380829015544,0.998380829015544,0.005242969554987836,27792,0.0026214851034836277,512,101750,1.0,6.305326707887152e-10,1.0,1.0,7.741397023170421e-08,9264,3.902225147962522e-08,2797.96733389618,3415.4440934529994
5368.442141623489,1.0,2.1961409787884662e-09,0.998380829015544,0.998380829015544,0.00513851273484275,27792,0.0025692574333219384,512,102000,1.0,2.1360902553592423e-09,1.0,1.0,9.340891266307806e-08,9264,4.777250156391326e-08,2804.1983985682164,3423.16407934
5381.607944732297,1.0,4.413728608083752e-09,0.9983448474381117,0.9983448474381117,0.005143753052665008,27792,0.0025718787246183736,512,102250,1.0,4.64535281935511e-09,1.0,1.0,7.002772970901979e-08,9264,3.733654153455264e-08,2810.4703014142287,3430.926157543996
5394.773747841105,1.0,1.9173340338806463e-09,0.9985607369027059,0.9985607369027059,0.004649271695270371,27792,0.0023246367741322545,512,102500,1.0,1.9173340397609293e-09,1.0,1.0,9.662591637504863e-08,9264,4.9271625293691544e-08,2816.7989253061824,3438.745378906002
5407.939550949914,1.0,1.6899991253545518e-09,0.9985967184801382,0.9985967184801382,0.004133321300082479,27792,0.002066661465015513,512,102750,1.0,1.7500498712822507e-09,1.0,1.0,9.599538286210111e-08,9264,4.887271644070654e-08,2823.0406964011418,3446.476484441002
5421.055267702936,1.0,3.3971555496387426e-09,0.9984887737478411,0.9984887737478411,0.004652314348640665,27792,0.002326158832149579,512,103000,1.0,3.6287798181789457e-09,1.0,1.0,1.108836728994957e-07,9264,5.7256226543299247e-08,2829.4385315771287,3454.3610448409963
5434.2210708117445,1.0,1.4926895768812503e-09,0.9985247553252734,0.9985247553252734,0.004274718415970063,27792,0.0021373599414618778,512,103250,1.0,1.5184256101563177e-09,1.0,1.0,5.956603363769151e-08,9264,3.054222969487081e-08,2835.7291855161675,3462.1396248739984
5447.386873920553,1.0,8.836036102888965e-10,0.9988126079447323,0.9988126079447323,0.0037255990651377706,27792,0.0018627999422006914,512,103500,1.0,9.779690363998372e-10,1.0,1.0,8.319170887385955e-08,9264,4.2084839001149306e-08,2842.2419015061387,3470.139132247001
5460.552677029361,1.0,1.5312936296061605e-09,0.9989925158318941,0.9989925158318941,0.0033395475520021575,27792,0.0016697745330692855,512,103750,1.0,1.6342377261464085e-09,1.0,1.0,6.171499211728785e-08,9264,3.167461500148445e-08,2847.636114448236,3476.9925696770006
5473.718480138169,1.0,2.0374354684671994e-09,0.9985967184801382,0.9985967184801382,0.003838205540222456,27792,0.0019191037609483715,512,104000,1.0,2.1489582947509148e-09,1.0,1.0,5.149778832806934e-08,9264,2.682337340383284e-08,2853.9588606352336,3484.805773344
5486.884283246977,1.0,1.9344913946810906e-09,0.998884571099597,0.998884571099597,0.0036606193564630613,27792,0.0018303106283199602,512,104250,1.0,2.046014175967857e-09,1.0,1.0,9.448982591030018e-08,9264,4.826792013555673e-08,2860.6460240682136,3492.9812154190004
5500.0,1.0,2.3505571406005264e-09,0.998884571099597,0.998884571099597,0.0037037903726745394,27792,0.0018518963315905912,48,104500,1.0,2.4320545355010578e-09,1.0,1.0,1.0945532325138076e-07,9264,5.594368902881525e-08,2866.4715087881486,3500.282562307002
5513.165803108808,1.0,2.23045568300417e-09,0.9986686816350029,0.9986686816350029,0.0035433991464062942,27792,0.0017717006584057327,512,104750,1.0,2.264770379294274e-09,1.0,1.0,8.289574453235826e-08,9264,4.258025757279277e-08,2873.781029379068,3509.1046831950007
5526.331606217616,1.0,3.615911769327687e-09,0.9989565342544617,0.9989565342544617,0.0033630249908147836,27792,0.0016815142840614556,512,105000,1.0,3.886140041505219e-09,1.0,1.0,6.421138699777701e-08,9264,3.404876374091873e-08,2879.97447656608,3516.786106984
5539.4974093264245,1.0,3.276366564673504e-07,0.9748128957973518,0.9748128957973518,0.0824617378726799,27792,0.04123103299495058,512,105250,1.0,4.559456611089591e-07,1.0,1.0,0.0005950656555036472,9264,0.00029776080061934106,2886.650765542079,3524.9634832879965
5552.663212435233,1.0,3.128839667492614e-07,0.9867227979274611,0.9867227979274611,0.04262273546327581,27792,0.02131152406943963,512,105500,1.0,2.7339858394398407e-07,1.0,1.0,3.667852144208029e-05,9264,1.847596005552198e-05,2893.4016695910177,3533.2014749449954
5565.829015544042,1.0,2.4939826853401014e-07,0.9912204951065055,0.9912204951065055,0.027095876106532333,27792,0.013548062718594012,512,105750,1.0,2.421244069595377e-07,1.0,1.0,5.372642438005437e-06,9264,2.8073834272930706e-06,2899.8850521620407,3541.187085669997
5578.99481865285,1.0,8.698776724075613e-09,0.9938831318364997,0.9938831318364997,0.019819469049049646,27792,0.0099097387795484,512,106000,1.0,8.904665289914928e-09,1.0,1.0,8.19833495890339e-07,9264,4.1436908108253677e-07,2906.7397959750233,3549.5577414610016
5592.110535405872,1.0,5.447458913302846e-09,0.9961139896373057,0.9961139896373057,0.01337027470819828,27792,0.006685140013488875,512,106250,1.0,5.2372814041825324e-09,1.0,1.0,2.6752597194222845e-07,9264,1.3638162699265827e-07,2913.9227886581066,3558.246996898997
5605.276338514681,1.0,3.345683499451135e-09,0.998272884283247,0.998272884283247,0.006792840641688944,27792,0.003396421982963056,512,106500,1.0,3.29421140835721e-09,1.0,1.0,1.6230425704094044e-07,9264,8.279923442099915e-08,2920.439647349136,3566.2561508450017
5618.442141623489,1.0,2.8867243441163188e-09,0.9991724237190558,0.9991724237190558,0.002589709141812296,27792,0.001294855992821789,512,106750,1.0,2.7537548583775267e-09,1.0,1.0,1.3246333060870148e-07,9264,6.760854289307414e-08,2926.4878557931806,3573.7874008360013
5631.607944732297,1.0,3.6116224146825327e-09,0.9994242947610823,0.9994242947610823,0.0019720657238019358,27792,0.000986034669857054,512,107000,1.0,3.6545158233309197e-09,1.0,1.0,1.4363276592586069e-07,9264,7.364364107132963e-08,2932.337200054142,3581.1262227059997
5644.773747841105,1.0,2.3505571406005264e-09,0.9996401842256765,0.9996401842256765,0.0012791225167994521,27792,0.0006395624336784155,512,107250,1.0,2.020278134000197e-09,1.0,1.0,1.460905567618062e-07,9264,7.405541754646185e-08,2938.656587551137,3588.946226674001
5657.939550949914,1.0,3.568729057422707e-09,0.9997841105354058,0.9997841105354058,0.0007527502093706216,27792,0.00037637688047135976,512,107500,1.0,3.3971555256062813e-09,1.0,1.0,1.2542452648690988e-07,9264,6.44108412033754e-08,2945.2220420322265,3597.0130237830017
5671.055267702936,1.0,7.849488397593808e-10,0.9997481289579735,0.9997481289579735,0.0008715867343884542,27792,0.00043579375537934167,512,107750,1.0,4.2464445853338293e-10,1.0,1.0,1.3066180852999797e-07,9264,6.554322650998904e-08,2951.573178331244,3604.8634051069967
5684.2210708117445,1.0,4.9627638509912175e-09,0.9998560736902706,0.9998560736902706,0.0006844431923271549,27792,0.0003422240711117665,512,108000,1.0,5.0313932149370035e-09,1.0,1.0,1.2252922319522395e-07,9264,6.378030850037296e-08,2958.2505563633094,3613.043314741997
5697.386873920553,1.0,4.954185141700908e-09,0.9997841105354058,0.9997841105354058,0.0006595013191504686,27792,0.0003297531366680925,512,108250,1.0,4.941317109467841e-09,1.0,1.0,9.764248247941967e-08,9264,5.129190009050322e-08,2965.0930928393136,3621.382781741995
5710.552677029361,1.0,3.5472823741908334e-09,0.9998560736902706,0.9998560736902706,0.0004970922629590142,27792,0.0002485479008315487,512,108500,1.0,2.9725111077235513e-09,1.0,1.0,8.833891324220986e-08,9264,4.565571233603533e-08,2971.8372731281997,3629.6159737740018
5723.718480138169,1.0,9.560933718883725e-09,0.9997841105354058,0.9997841105354058,0.000930295638759348,27792,0.00046515258697917515,512,108750,1.0,9.753953972281698e-09,1.0,1.0,1.0313712560486669e-07,9264,5.644554042978072e-08,2978.0267496681627,3637.297519505999
5736.884283246977,1.0,1.1920928241671947e-07,0.9152993667242372,0.9152993667242372,0.3412471907400989,27792,0.1706236549403795,512,109000,1.0,1.19209282433082e-07,0.9775474956822107,0.9775474956822107,0.08881269866320754,9264,0.044406408936248545,2984.3151027351996,3645.086324404998
5750.0,1.0,2.421931682540275e-07,0.9901770293609672,0.9901770293609672,0.03090441606136733,27792,0.015452328981444557,48,109250,1.0,2.4198299074362885e-07,1.0,1.0,3.435479529625825e-05,9264,1.7298389157736336e-05,2990.706328811153,3652.9800803109974
5763.165803108808,1.0,1.1920928241671947e-07,0.992695739781232,0.992695739781232,0.023227405551527174,27792,0.011613762380408362,512,109500,1.0,1.19209282433082e-07,1.0,1.0,2.4830471700181947e-06,9264,1.3011282301771885e-06,2997.681524578111,3661.4704345739956
5776.331606217616,1.0,3.860404152680586e-10,0.9952144502014968,0.9952144502014968,0.016540313485921904,27792,0.008270156820169041,512,109750,1.0,4.3751247414825867e-10,1.0,1.0,6.430013418799162e-07,9264,3.2171942719237207e-07,3004.7382139730544,3670.0430010529963
5789.4974093264245,1.0,0.0,0.9972654001151411,0.9972654001151411,0.009681805472061784,27792,0.004840902736030892,512,110000,1.0,0.0,1.0,1.0,2.4164839879554505e-07,9264,1.2082419939777253e-07,3011.1351394160374,3677.9308205599955
5802.663212435233,1.0,5.36167243399452e-10,0.9989205526770294,0.9989205526770294,0.004251274494649965,27792,0.00212563747894925,512,110250,1.0,5.661926080542056e-10,1.0,1.0,1.6667937570783485e-07,9264,8.362278418057085e-08,3018.324724486025,3686.6489400489954
5815.829015544042,1.0,5.357382859477908e-09,0.9995682210708118,0.9995682210708118,0.0015063184646502991,27792,0.000753161911016907,512,110500,1.0,5.327357456729147e-09,1.0,1.0,1.4576885796141172e-07,9264,7.55481080542175e-08,3025.581178171007,3695.4408789730005
5828.99481865285,1.0,1.1979691469282774e-07,0.9880541162924582,0.9880541162924582,0.04191146613402688,27792,0.020955792671658216,512,110750,1.0,1.199556202256475e-07,1.0,1.0,0.00023989121143409375,9264,0.00012000558353425285,3032.8844150919685,3704.267800198002
5842.110535405872,1.0,1.457345411280222e-07,0.9692717328727691,0.9692717328727691,0.10252632651098445,27792,0.05126323653454745,512,111000,1.0,1.473902262614423e-07,0.9971934369602763,0.9971934369602763,0.00917881241853193,9264,0.004589479974758955,3040.2008993778727,3713.1177208579975
5855.276338514681,1.0,1.2086067052146925e-07,0.9744530800230282,0.9744530800230282,0.08325277834221352,27792,0.04162644878433021,512,111250,1.0,1.2065049302743315e-07,0.9977331606217616,0.9977331606217616,0.008722203707890279,9264,0.0043611620891226425,3046.861023727848,3721.296892876002
5868.442141623489,1.0,2.3376891042768275e-09,0.985391479562464,0.985391479562464,0.048188456530947076,27792,0.024094229492224284,512,111500,1.0,2.8052269177690556e-09,0.9991364421416234,0.9991364421416234,0.003904800285627046,9264,0.0019524015518862816,3053.30806894588,3729.2400840929986
5881.607944732297,1.0,1.749931567808664e-08,0.9883419689119171,0.9883419689119171,0.0363057334840332,27792,0.018152875252063754,512,111750,1.0,2.753754490220669e-09,0.9996761658031088,0.9996761658031088,0.001355160687831335,9264,0.0006775817207932563,3059.750641018829,3737.177062552997
5894.773747841105,1.0,1.5227132163120614e-09,0.9953943580886586,0.9953943580886586,0.016021262058665442,27792,0.008010631724205523,512,112000,1.0,1.0165730310889094e-09,1.0,1.0,0.00010589656618802563,9264,5.294879136803288e-05,3066.426157091817,3745.346571397
5907.939550949914,1.0,5.704817072905399e-10,0.9982369027058147,0.9982369027058147,0.007331649012001479,27792,0.0036658247226123227,512,112250,1.0,3.3456836073415474e-10,1.0,1.0,1.022092813703542e-05,9264,5.110631352710732e-06,3073.3160415608218,3753.7455225059966
5921.055267702936,1.0,3.0025366188740546e-11,0.9987406447898676,0.9987406447898676,0.005082347261262055,27792,0.002541173641354373,512,112500,1.0,0.0,1.0,1.0,1.8082496361453722e-06,9264,9.041248180726861e-07,3080.4224164388215,3762.3779606690005
5934.2210708117445,1.0,0.0,0.9994602763385146,0.9994602763385146,0.0026785285539932336,27792,0.0013392642769966168,512,112750,1.0,0.0,1.0,1.0,5.755089817807975e-07,9264,2.8775449089039876e-07,3087.1328400268176,3770.6115785739967
5947.386873920553,1.0,0.0,0.9998200921128382,0.9998200921128382,0.0004290956971410498,27792,0.0002145478485705249,512,113000,1.0,0.0,1.0,1.0,3.137221481913806e-07,9264,1.568610740956903e-07,3093.6110974058174,3778.592986996002
5960.552677029361,1.0,0.0,1.0,1.0,7.64516246026787e-06,27792,3.822581230133935e-06,512,113250,1.0,0.0,1.0,1.0,2.226681004569576e-07,9264,1.113340502284788e-07,3100.048514729817,3786.5276707680023
5973.718480138169,1.0,1.3811668012191026e-09,1.0,1.0,1.5856793048635027e-06,27792,7.935302358952543e-07,512,113500,1.0,1.3254054242537694e-09,1.0,1.0,1.847718108671677e-07,9264,9.304860819824978e-08,3106.822253829807,3794.8137006649995
5986.884283246977,1.0,1.9688060733303454e-09,1.0,1.0,4.443946458694037e-07,27792,2.2318172613601494e-07,512,113750,1.0,1.8143899332497667e-09,1.0,1.0,1.6476204787688595e-07,9264,8.328821898521866e-08,3113.661507087847,3803.1955801000004
6000.0,1.0,4.7869009466331234e-09,1.0,1.0,3.242374594204392e-07,27792,1.6451218001377493e-07,48,114000,1.0,4.735428920989306e-09,1.0,1.0,1.415095450467627e-07,9264,7.312248725539169e-08,3120.906622169823,3811.956748468998
6013.165803108808,1.0,7.137458030987463e-09,1.0,1.0,2.8890380296941214e-07,27792,1.480206309358521e-07,512,114250,1.0,7.0774072796908096e-09,1.0,1.0,1.6169946034308995e-07,9264,8.43884342547126e-08,3127.9163307097842,3820.485063440996
6026.331606217616,1.0,1.5913443525240558e-09,1.0,1.0,2.847000002549225e-07,27792,1.4314567237888864e-07,512,114500,1.0,1.158121225862346e-09,1.0,1.0,1.7753997719601746e-07,9264,8.934904926616343e-08,3135.110405973748,3829.199355413002
6039.4974093264245,1.0,4.568144726944179e-09,1.0,1.0,2.1895621650048247e-07,27792,1.1176218088574034e-07,512,114750,1.0,4.413728624957608e-09,1.0,1.0,1.1815409814694398e-07,9264,6.12839136198838e-08,3142.261814249665,3837.862607342002
6052.663212435233,1.0,1.7757858710652704e-09,1.0,1.0,2.0110479076120842e-07,27792,1.0144028840510809e-07,512,115000,1.0,1.3382734153248547e-09,1.0,1.0,1.1013732489671333e-07,9264,5.573779922044654e-08,3148.9555591836324,3846.078452050002
6065.829015544042,1.0,1.3254054004769725e-09,1.0,1.0,2.057121644707813e-07,27792,1.0351878500005658e-07,512,115250,1.0,9.136289744323212e-10,1.0,1.0,1.2359726842759818e-07,9264,6.22554487408989e-08,3155.7548152055897,3854.388147726997
6078.99481865285,1.0,9.676745787064557e-09,1.0,1.0,1.8447961684459201e-07,27792,9.707818197237468e-08,512,115500,1.0,9.998446159284272e-09,1.0,1.0,1.0264814025524586e-07,9264,5.6323293896025186e-08,3162.755409201556,3862.8985261670023
6092.110535405872,1.0,6.112306295977199e-09,1.0,1.0,1.8978590562007518e-07,27792,9.794910640185973e-08,512,115750,1.0,6.0093621968803056e-09,1.0,1.0,1.1336719662353178e-07,9264,5.96882797787464e-08,3169.7336783445717,3871.396561772999
6105.276338514681,1.0,1.497836744215066e-08,1.0,1.0,1.7273583012545411e-07,27792,9.385709967146948e-08,512,116000,1.0,1.5364407955082553e-08,1.0,1.0,1.085674270852717e-07,9264,6.196591840682155e-08,3177.2198261246303,3880.420028458
6118.442141623489,1.0,1.71573514328975e-09,1.0,1.0,1.5108761645511008e-07,27792,7.640167588408052e-08,512,116250,1.0,1.183857246354189e-09,1.0,1.0,8.891797076875937e-08,9264,4.5050914067382275e-08,3184.550894345586,3889.2884097310016
6131.607944732297,1.0,7.862356102576334e-09,1.0,1.0,1.5681387298310106e-07,27792,8.233811506030361e-08,512,116500,1.0,7.849488074689563e-09,1.0,1.0,8.908525574718315e-08,9264,4.846737240219566e-08,3192.091350022667,3898.377103371
6144.773747841105,1.0,2.3848718499295197e-09,1.0,1.0,1.5448460168106915e-07,27792,7.8434736883105e-08,512,116750,1.0,1.8529939785604069e-09,1.0,1.0,8.873781856088903e-08,9264,4.5295406349492034e-08,3200.013666244733,3907.8992812169963
6157.939550949914,1.0,6.172356966483874e-09,1.0,1.0,1.5768461290873146e-07,27792,8.192848534871615e-08,512,117000,1.0,5.764869866449955e-09,1.0,1.0,1.0984136050612445e-07,9264,5.7803115603531646e-08,3207.4318885757675,3916.8846982390023
6171.055267702936,1.0,3.0025366188740546e-11,1.0,1.0,1.5062434907095522e-07,27792,7.532718721946679e-08,512,117250,1.0,0.0,1.0,1.0,1.0325293695309632e-07,9264,5.162646847654816e-08,3214.6697030517316,3925.659263966998
6184.2210708117445,1.0,1.0122837457288305e-09,1.0,1.0,1.3994819812831544e-07,27792,7.048024098150776e-08,512,117500,1.0,6.305326746236824e-10,1.0,1.0,9.096398670037525e-08,9264,4.579725971396074e-08,3221.6551338878635,3934.1670051929977
6197.386873920553,1.0,1.385456126207177e-09,1.0,1.0,1.3577466320900448e-07,27792,6.858005973714657e-08,512,117750,1.0,9.393650041280857e-10,1.0,1.0,9.277837600852535e-08,9264,4.685887054621038e-08,3228.155014758937,3942.167233895998
6210.552677029361,1.0,3.641647788796872e-09,1.0,1.0,1.5463777267093766e-07,27792,7.913971043644417e-08,512,118000,1.0,3.3328154774446474e-09,1.0,1.0,1.1761364147424535e-07,9264,6.047322868446722e-08,3234.40883781499,3949.914184278001
6223.718480138169,1.0,2.886724343093661e-09,1.0,1.0,1.376962798219101e-07,27792,7.029150224305919e-08,512,118250,1.0,2.560734684746874e-09,1.0,1.0,1.1322564841111749e-07,9264,5.7893191707466825e-08,3241.1616234829853,3958.181061317002
6236.884283246977,1.0,0.0,1.0,1.0,1.298596294579014e-07,27792,6.49298147289507e-08,512,118500,1.0,0.0,1.0,1.0,9.75395391460379e-08,9264,4.876976957301895e-08,3248.364225207035,3966.928155624002
6250.0,1.0,7.077407562967058e-10,1.0,1.0,1.0196184133580505e-07,27792,5.1334791076219286e-08,48,118750,1.0,4.375124664783241e-10,1.0,1.0,4.263172609787846e-08,9264,2.153461930135323e-08,3255.298058504064,3975.374564523998
6263.165803108808,1.0,0.0,1.0,1.0,1.247081797337411e-07,27792,6.235408986687055e-08,512,119000,1.0,0.0,1.0,1.0,1.0064073072437753e-07,9264,5.0320365362188764e-08,3262.220937969032,3983.8122354539955
6276.331606217616,1.0,4.0405562245374315e-09,1.0,1.0,1.1749345946597379e-07,27792,6.076700793320419e-08,512,119250,1.0,3.899008057120095e-09,1.0,1.0,7.873937573649229e-08,9264,4.1319192117700306e-08,3269.0568057610362,3992.169818148999
6289.4974093264245,1.0,0.0,1.0,1.0,1.2271783010079233e-07,27792,6.135891501767112e-08,512,119500,1.0,0.0,1.0,1.0,9.573802177974217e-08,9264,4.786901088987108e-08,3275.947003452995,4000.598899917997
6302.663212435233,1.0,1.6899991371151181e-09,1.0,1.0,1.1832981262477418e-07,27792,6.000990572498931e-08,512,119750,1.0,1.3511414363086845e-09,1.0,1.0,7.8880923899819e-08,9264,4.011603272942332e-08,3282.8390413190646,4009.0299608169953
6315.829015544042,1.0,1.2868014080888805e-11,1.0,1.0,1.1557613507115555e-07,27792,5.779450154300171e-08,512,120000,1.0,0.0,1.0,1.0,8.155747098817851e-08,9264,4.0778735494089256e-08,3289.7563241480675,4017.4707688670023
6328.99481865285,1.0,5.408854932163991e-09,1.0,1.0,1.1404057893141945e-07,27792,5.97247171220061e-08,512,120250,1.0,5.23728145250312e-09,1.0,1.0,8.263838423540061e-08,9264,4.393783313924435e-08,3297.100762345057,4026.359036527996
6342.110535405872,1.0,2.573602816177761e-11,1.0,1.0,1.1484683525072344e-07,27792,5.74362856402096e-08,512,120500,1.0,0.0,1.0,1.0,8.202071952270226e-08,9264,4.101035976135113e-08,3304.547377806164,4035.353203984996
6355.276338514681,1.0,2.9768004470288368e-09,1.0,1.0,1.187888114837808e-07,27792,6.088280573326146e-08,512,120750,1.0,2.71515083837767e-09,1.0,1.0,9.581522751262556e-08,9264,4.926518932276436e-08,3312.111468279276,4044.459521275996
6368.442141623489,1.0,2.316242516663471e-10,1.0,1.0,1.2119940127258716e-07,27792,6.071551276992452e-08,512,121000,1.0,7.720808371833938e-11,1.0,1.0,9.348611996676406e-08,9264,4.678166402792568e-08,3319.3818853572593,4053.291605282
6381.607944732297,1.0,8.93031933071028e-07,0.9993163500287853,0.9993163500287853,0.003397108745698484,27792,0.0016990008865304562,512,121250,1.0,5.789100623509188e-07,1.0,1.0,0.0002434792552812472,9264,0.00012202908398361559,3326.8306931642,4062.2538319509986
6394.773747841105,1.0,1.60090945364358e-07,0.9996761658031088,0.9996761658031088,0.0010697836073509015,27792,0.0005349718448724737,512,121500,1.0,1.6364251173548906e-07,1.0,1.0,1.0613859039996726e-05,9264,5.3887507924086224e-06,3334.106906069239,4071.0501728929958
6407.939550949914,1.0,2.552155989773776e-09,0.9999280368451353,0.9999280368451353,0.0004875696619820315,27792,0.0002437861049244857,512,121750,1.0,2.71515083837767e-09,1.0,1.0,1.5854367404797764e-06,9264,7.940759458063397e-07,3341.343543376199,4079.7958046429994
6421.055267702936,1.0,2.050303489451029e-09,0.9999280368451353,0.9999280368451353,0.00029395810964720503,27792,0.00014698007568611377,512,122000,1.0,2.1746943129417777e-09,1.0,1.0,4.1337192283326235e-07,9264,2.0777330867127723e-07,3346.759738898152,4086.693408123996
6434.2210708117445,1.0,1.6170803668799512e-09,0.9992803684513529,0.9992803684513529,0.00221501106571108,27792,0.0011075063435404754,512,122250,1.0,1.698577812657715e-09,1.0,1.0,3.2398742157161644e-05,9264,1.6200220367560785e-05,3352.169542015232,4093.5764936479973
6447.386873920553,1.0,1.3554307387982841e-09,0.9996401842256765,0.9996401842256765,0.0010971020605971648,27792,0.0005485517123033693,512,122500,1.0,1.5055575776675859e-09,1.0,1.0,3.485084453885989e-06,9264,1.7432950058115955e-06,3357.5799971472297,4100.464057571
6460.552677029361,1.0,9.393650036167567e-10,0.9998560736902706,0.9998560736902706,0.0005476489277351723,27792,0.00027382493140545893,512,122750,1.0,9.522330128400203e-10,1.0,1.0,7.984082924021832e-07,9264,3.9968026275046324e-07,3363.0338080772344,4107.408866355996
6473.718480138169,1.0,1.2010146084329556e-09,0.9999640184225677,0.9999640184225677,0.00022355244085326052,27792,0.00011177682307865896,512,123000,1.0,1.2610653323735087e-09,1.0,1.0,2.7249302567351104e-07,9264,1.3687704556430173e-07,3368.4588428961943,4114.306393900995
6486.884283246977,1.0,7.720808310474462e-10,1.0,1.0,6.792299658314485e-06,27792,3.396535869602679e-06,512,123250,1.0,5.790606267370552e-10,1.0,1.0,1.892112697064767e-07,9264,9.48951651873157e-08,3373.877031285192,4121.202815468998
6500.0,1.0,2.2004303180937517e-09,1.0,1.0,2.4033554103368223e-07,27792,1.2126798578633507e-07,48,123500,1.0,2.12322224051136e-09,1.0,1.0,1.7101590309295672e-07,9264,8.656956272234107e-08,3379.2816597541387,4128.077991755999
6513.165803108808,1.0,3.7102771887913512e-09,1.0,1.0,2.237361153859318e-07,27792,1.1372319650020226e-07,512,123750,1.0,3.5773077342436263e-09,1.0,1.0,1.629733938130303e-07,9264,8.327535097037079e-08,3384.7205218571617,4135.0069172250005
6526.331606217616,1.0,4.306495184765779e-09,1.0,1.0,2.2598374893556206e-07,27792,1.1514512228565999e-07,512,124000,1.0,4.066292249375571e-09,1.0,1.0,1.7046257678552002e-07,9264,8.726443478781299e-08,3390.165788824168,4141.923859996998
6539.4974093264245,1.0,2.31195310065884e-09,1.0,1.0,1.994841501354794e-07,27792,1.008980517349078e-07,512,124250,1.0,1.801521893858094e-09,1.0,1.0,1.3965655090866764e-07,9264,7.072903649368558e-08,3395.5766417651175,4148.816714533001
6552.663212435233,1.0,4.418017947389038e-09,1.0,1.0,2.2914880882376212e-07,27792,1.1678341362743417e-07,512,124500,1.0,3.757459942113978e-09,1.0,1.0,1.6976770408190954e-07,9264,8.676258220874558e-08,3402.0959954850914,4156.8508987219975
6565.829015544042,1.0,5.44745915874075e-10,1.0,1.0,2.0839294042152356e-07,27792,1.0446884319170863e-07,512,124750,1.0,3.9890842653663805e-10,1.0,1.0,1.4443058441723197e-07,9264,7.241474643875817e-08,3408.949124887098,4165.208727682999
6578.99481865285,1.0,1.1858732836573849e-07,0.9990644789867588,0.9990644789867588,0.0026755030033707825,27792,0.0013378107696171114,512,125000,1.0,1.1860448573523153e-07,1.0,1.0,5.8327773427076005e-05,9264,2.9223188959964468e-05,3415.4505603531143,4173.201207685001
6592.110535405872,1.0,1.2567760058514476e-09,0.9995682210708118,0.9995682210708118,0.0012334171292802591,27792,0.0006167091908835187,512,125250,1.0,1.2095932959917834e-09,1.0,1.0,4.387312560028192e-06,9264,2.1942610767119466e-06,3422.1506576670727,4181.404224295002
6605.276338514681,1.0,5.104312165159968e-10,0.9997841105354058,0.9997841105354058,0.0007185022218732477,27792,0.00035925135542890597,512,125500,1.0,3.7317240374381465e-10,1.0,1.0,8.681653265101696e-07,9264,4.342692494703791e-07,3428.4621870340707,4189.203557816996
6618.442141623489,1.0,7.077407550183835e-10,0.9999280368451353,0.9999280368451353,0.00027104155606845964,27792,0.00013552112975996898,512,125750,1.0,7.463447982837078e-10,1.0,1.0,2.5316526717564157e-07,9264,1.2695580601840936e-07,3434.836796540032,4197.077817215002
6631.607944732297,1.0,1.5698976557419644e-09,0.9999640184225677,0.9999640184225677,9.99491003899302e-05,27792,4.997533299920168e-05,512,126000,1.0,1.3382734321987107e-09,1.0,1.0,1.9534930493490356e-07,9264,9.834378923954166e-08,3441.4111167919837,4205.160828326996
6644.773747841105,1.0,5.747712856421184e-10,1.0,1.0,3.268890238098468e-07,27792,1.6373189756985946e-07,512,126250,1.0,3.7317240374381465e-10,1.0,1.0,1.4480375684782055e-07,9264,7.258846463920458e-08,3447.681091262006,4212.924053253002
6657.939550949914,1.0,2.393450515245537e-09,1.0,1.0,2.8766447873121915e-07,27792,1.4502896474646263e-07,512,126500,1.0,1.8529939417447212e-09,1.0,1.0,1.9866925590726238e-07,9264,1.0026112502267872e-07,3454.658898034024,4221.4245552540015
6671.055267702936,1.0,1.0200045026865365e-08,1.0,1.0,2.4142047920075035e-07,27792,1.2581026288386928e-07,512,126750,1.0,9.059081273273179e-09,1.0,1.0,1.6584295798250286e-07,9264,8.745102021770598e-08,3461.555634725053,4229.840147506002
6684.2210708117445,1.0,0.0,1.0,1.0,1.8477069396107345e-07,27792,9.238534698053672e-08,512,127000,1.0,0.0,1.0,1.0,1.2686574414987268e-07,9264,6.343287207493634e-08,3468.6761314380274,4238.4778706009965
6697.386873920553,1.0,0.0,1.0,1.0,1.9906791729338874e-07,27792,9.953395864669437e-08,512,127250,1.0,0.0,1.0,1.0,1.2129389376982725e-07,9264,6.064694686036984e-08,3475.356215908032,4246.670450562
6710.552677029361,1.0,1.6299484425759808e-10,1.0,1.0,2.5336579184230124e-07,27792,1.2676439334852055e-07,512,127500,1.0,5.147205632355522e-11,1.0,1.0,1.4778913629252925e-07,9264,7.392030417596038e-08,3482.0538840539593,4254.868334934996
6723.718480138169,1.0,0.0,1.0,1.0,1.6137771634939588e-07,27792,8.068885817469794e-08,512,127750,1.0,0.0,1.0,1.0,1.1377897309866401e-07,9264,5.6889486549332005e-08,3488.7926141650023,4263.096989698002
6736.884283246977,1.0,7.720808397400386e-11,1.0,1.0,1.8112983757453022e-07,27792,9.060352283180876e-08,512,128000,1.0,5.147205632355522e-11,1.0,1.0,1.3176845780691583e-07,9264,6.590996493315367e-08,3495.175129545969,4270.9828574119965
6750.0,1.0,0.0,1.0,1.0,1.8897482523510562e-07,27792,9.448741261755281e-08,48,128250,1.0,0.0,1.0,1.0,1.407117265553914e-07,9264,7.03558632776957e-08,3502.1010796720075,4279.4190811149965
6763.165803108808,1.0,0.0,1.0,1.0,1.7926828360950104e-07,27792,8.963414180475052e-08,512,128500,1.0,0.0,1.0,1.0,1.3571893836521568e-07,9264,6.785946918260784e-08,3508.5397719630564,4287.353781767997
6776.331606217616,1.0,4.6324849898639797e-10,1.0,1.0,1.6433636924247322e-07,27792,8.23998088884985e-08,512,128750,1.0,2.83096305177593e-10,1.0,1.0,1.1573491130645454e-07,9264,5.8009003841097765e-08,3515.2123276011043,4295.520732896999
6789.4974093264245,1.0,0.0,1.0,1.0,1.7793401456473358e-07,27792,8.896700728236679e-08,512,129000,1.0,0.0,1.0,1.0,1.3373726093703662e-07,9264,6.686863046851831e-08,3521.4854213771177,4303.287332300002
6802.663212435233,1.0,0.0,1.0,1.0,1.5069692852839963e-07,27792,7.534846426419982e-08,512,129250,1.0,0.0,1.0,1.0,1.0749938180380988e-07,9264,5.374969090190494e-08,3528.6540889291136,4311.975852144002
6815.829015544042,1.0,5.022814456047785e-09,1.0,1.0,1.525776813663303e-07,27792,7.88002482476435e-08,512,129500,1.0,4.632484754652654e-09,1.0,1.0,1.0222349576526574e-07,9264,5.342799055525168e-08,3534.9826980090875,4319.822206443998
6828.99481865285,1.0,6.519793645028325e-10,1.0,1.0,1.5457029092606068e-07,27792,7.761113520523507e-08,512,129750,1.0,5.147205547986242e-10,1.0,1.0,1.1536173892495353e-07,9264,5.793822973489062e-08,3541.7421753480376,4328.084914002997
6842.110535405872,1.0,0.0,1.0,1.0,1.4622668614706033e-07,27792,7.311334307353016e-08,512,130000,1.0,0.0,1.0,1.0,1.0215915569102633e-07,9264,5.1079577845513164e-08,3548.7042986560264,4336.565156709999
6855.276338514681,1.0,0.0,1.0,1.0,1.3549431879759507e-07,27792,6.774715939879754e-08,512,130250,1.0,0.0,1.0,1.0,8.827457081176656e-08,9264,4.413728540588328e-08,3555.65366740607,4345.045015065996
6868.442141623489,1.0,3.408779741224366e-07,0.9995322394933794,0.9995322394933794,0.001236280901695317,27792,0.0006183108812703112,512,130500,1.0,3.407836085493185e-07,1.0,1.0,4.5564684196333486e-05,9264,2.2952733929341397e-05,3562.626163389061,4353.522419185996
6881.607944732297,1.0,3.2598967220380206e-09,0.9998200921128382,0.9998200921128382,0.0005338032076871972,27792,0.00026690323166423204,512,130750,1.0,3.1140592242636555e-09,1.0,1.0,6.017124209886165e-06,9264,3.0101191347396757e-06,3569.4718444060272,4361.859610512001
6894.773747841105,1.0,3.654515823075255e-09,0.999892055267703,0.999892055267703,0.0001699602519472708,27792,8.49819532317438e-05,512,131000,1.0,3.3456835160693266e-09,1.0,1.0,8.273479999061143e-07,9264,4.1534684188328183e-07,3576.1159266789546,4369.9959804409955
6907.939550949914,1.0,3.2255820364858244e-09,1.0,1.0,2.4966429552483835e-05,27792,1.2484827567436186e-05,512,131250,1.0,2.9081711071155117e-09,1.0,1.0,2.31199584876288e-07,9264,1.1705387811595469e-07,3582.4194339309834,4377.791153908001
6921.055267702936,1.0,3.2384500270455806e-09,1.0,1.0,7.493818043114226e-07,27792,3.763101273574031e-07,512,131500,1.0,2.8438310328761003e-09,1.0,1.0,1.4713286282287946e-07,9264,7.498834705213072e-08,3588.851716862977,4385.726559474002
6934.2210708117445,1.0,4.889845052121628e-09,1.0,1.0,1.6197789783287563e-07,27792,8.343387173753544e-08,512,131750,1.0,4.4008605840319485e-09,1.0,1.0,1.1236349141630938e-07,9264,5.838217627168635e-08,3595.823089355028,4394.217143041002
6947.386873920553,1.0,1.32969478324522e-10,1.0,1.0,1.4850080794447843e-07,27792,7.431688874834499e-08,512,132000,1.0,2.573602816177761e-11,1.0,1.0,1.016830390925671e-07,9264,5.085438758567523e-08,3602.8077798139493,4402.721704741998
6960.552677029361,1.0,0.0,1.0,1.0,1.584738465057772e-07,27792,7.92369232528886e-08,512,132250,1.0,0.0,1.0,1.0,1.233013040370093e-07,9264,6.165065204304845e-08,3609.53335379099,4410.955176998999
6973.718480138169,1.0,0.0,1.0,1.0,3.631741749514979e-07,27792,1.8158708750847398e-07,512,132500,1.0,0.0,1.0,1.0,1.1845006243935769e-07,9264,5.9225031244222637e-08,3615.8580333449936,4418.773455868999
6986.884283246977,1.0,0.0,1.0,1.0,1.42066962640455e-07,27792,7.103348135295255e-08,512,132750,1.0,0.0,1.0,1.0,1.0397354578457773e-07,9264,5.1986772867745074e-08,3622.204924464022,4426.617952636996
7000.0,1.0,0.0,1.0,1.0,1.5112980350037005e-07,27792,7.556490175018503e-08,48,133000,1.0,0.0,1.0,1.0,1.1285247602961648e-07,9264,5.642623801480824e-08,3628.81852551506,4434.724034291998
7013.165803108808,1.0,0.0,1.0,1.0,1.6417433990772766e-07,27792,8.208716995386383e-08,512,133250,1.0,0.0,1.0,1.0,1.3857563451984035e-07,9264,6.928781725992018e-08,3635.2031929880104,4442.603424663001
7026.331606217616,1.0,2.1164880461156122e-07,0.9967256764536557,0.9967256764536557,0.015713562499399356,27792,0.007856886990467021,512,133500,1.0,2.119747942555908e-07,0.9994602763385146,0.9994602763385146,0.007216349919688517,9264,0.0036082808700404635,3642.138034189011,4451.053845090995
7039.4974093264245,1.0,2.3830702842446815e-07,0.9997841105354058,0.9997841105354058,0.0010395301519327453,27792,0.0005198842316391949,512,133750,1.0,2.3822553040804726e-07,1.0,1.0,1.0041192116453884e-05,9264,5.139708837666364e-06,3649.2670735970023,4459.713116123996
7052.663212435233,1.0,1.7843645558117888e-09,0.9998200921128382,0.9998200921128382,0.0004993036772576458,27792,0.0002496527265218474,512,134000,1.0,1.6857097855379376e-09,1.0,1.0,1.9722342805649716e-06,9264,9.86959995255022e-07,3656.9749511679765,4469.0062831899995
7065.829015544042,1.0,1.9173340198190995e-09,0.999892055267703,0.999892055267703,0.00018384600048128083,27792,9.192395890774659e-05,512,134250,1.0,1.8401259391687342e-09,1.0,1.0,4.569430177702362e-07,9264,2.2939157194674167e-07,3664.7812990749662,4478.339051297997
7078.99481865285,1.0,1.4712428918597254e-09,0.9999640184225677,0.9999640184225677,5.638963559943827e-05,27792,2.8195553421234607e-05,512,134500,1.0,1.5956336693308665e-09,1.0,1.0,2.177396507702187e-07,9264,1.0966764230567806e-07,3671.493399787003,4486.567770042995
7092.110535405872,1.0,1.3382734089332425e-09,1.0,1.0,8.080772217880017e-06,27792,4.041055245712099e-06,512,134750,1.0,1.3511414485805798e-09,1.0,1.0,1.7024381267909305e-07,9264,8.579747716814793e-08,3678.448880909935,4495.040258331996
7105.276338514681,1.0,2.457790577213053e-09,1.0,1.0,2.3761886622226316e-07,27792,1.2003832852910432e-07,512,135000,1.0,2.239034361870405e-09,1.0,1.0,1.1996848824049537e-07,9264,6.110376138746966e-08,3685.430863347923,4503.546988893002
7118.442141623489,1.0,2.788069572564145e-09,0.992084052964882,0.992084052964882,0.03055205764479519,27792,0.015276030246457906,512,135250,1.0,2.7408868182188605e-09,0.996653713298791,0.996653713298791,0.016340690988255906,9264,0.008170346851703519,3692.461264396916,4512.133389729999
7131.607944732297,1.0,8.902949826015295e-08,0.9961139896373057,0.9961139896373057,0.014682180018721295,27792,0.007341134567274811,512,135500,1.0,8.851906702088281e-08,0.9988126079447323,0.9988126079447323,0.004034649726286504,9264,0.002017369084076277,3699.38778752691,4520.592373979998
7144.773747841105,1.0,2.1446689853583743e-10,0.999496257915947,0.999496257915947,0.002008819715621215,27792,0.0010044099521760495,512,135750,1.0,2.0588822452722743e-10,1.0,1.0,3.517728522785864e-05,9264,1.75887455580481e-05,3706.4438949719115,4529.164074811997
7157.939550949914,1.0,8.57867605392587e-12,0.9997121473805411,0.9997121473805411,0.001038266302965191,27792,0.0005191331557719338,512,136000,1.0,0.0,1.0,1.0,5.9484408256342064e-06,9264,2.9742204128171032e-06,3713.508799262854,4537.737048226998
7171.055267702936,1.0,3.431470421570348e-11,0.9998560736902706,0.9998560736902706,0.0006502977247899757,27792,0.00032514887740767184,512,136250,1.0,2.573602816177761e-11,1.0,1.0,6.325785074647569e-07,9264,3.163021217472263e-07,3720.5304745557587,4546.281772360999
7184.2210708117445,1.0,1.3725881635148495e-10,0.9999280368451353,0.9999280368451353,0.0003718409689303849,27792,0.00018592054880526668,512,136500,1.0,6.434007040444402e-11,1.0,1.0,3.0732674167037795e-07,9264,1.536955408723087e-07,3727.8153542466534,4555.085436684996
7197.386873920553,1.0,5.104312160046678e-10,1.0,1.0,3.1414587007045735e-06,27792,1.570984565980103e-06,512,136750,1.0,5.27588568879513e-10,1.0,1.0,2.3584494766118905e-07,9264,1.181862681349761e-07,3735.0071294776862,4563.795938919
7210.552677029361,1.0,1.6042123712069053e-09,1.0,1.0,2.1860171633122584e-07,27792,1.1010296442446424e-07,512,137000,1.0,1.531293631907141e-09,1.0,1.0,1.8203092056296359e-07,9264,9.178110716493079e-08,3741.978875790657,4572.312552880998
7223.718480138169,1.0,2.5950493907522286e-09,1.0,1.0,2.0219080054289603e-07,27792,1.0239292513466786e-07,512,137250,1.0,2.547866656860103e-09,1.0,1.0,1.71492016402548e-07,9264,8.701994167121435e-08,3748.969809797607,4580.833727416
7236.884283246977,1.0,7.034514169914206e-10,1.0,1.0,1.4454210246744744e-07,27792,7.262277697289917e-08,512,137500,1.0,4.761165125559578e-10,1.0,1.0,1.225806952055279e-07,9264,6.152840587744977e-08,3756.0669295396365,4589.451745808001
7250.0,1.0,3.7317240195416323e-10,1.0,1.0,1.7535241463915241e-07,27792,8.786279353487051e-08,48,137750,1.0,2.8309630594458646e-10,1.0,1.0,1.4394159985301245e-07,9264,7.211234808983292e-08,3763.3911364455853,4598.322549981996
7263.165803108808,1.0,1.282512027621613e-09,1.0,1.0,1.456530400354462e-07,27792,7.346777612370097e-08,512,138000,1.0,1.2610653385094563e-09,1.0,1.0,1.2371308056122912e-07,9264,6.248707300816079e-08,3770.4668888926244,4606.953605522001
7276.331606217616,1.0,1.7157352031152395e-10,1.0,1.0,1.8008355371768875e-07,27792,9.012756362449692e-08,512,138250,1.0,1.4154815488977686e-10,1.0,1.0,1.5128923633115323e-07,9264,7.571539224723996e-08,3776.822752396569,4614.810706488002
7289.4974093264245,1.0,5.610453768042687e-09,1.0,1.0,1.9882795887116538e-07,27792,1.0221920667242103e-07,512,138500,1.0,5.443169541272506e-09,1.0,1.0,1.7024382053310603e-07,9264,8.784349540688011e-08,3783.827934795554,4623.347043283997
7302.663212435233,1.0,4.289338026962935e-12,1.0,1.0,1.5071445973254745e-07,27792,7.535937453541503e-08,512,138750,1.0,0.0,1.0,1.0,1.284613779910101e-07,9264,6.423068899550505e-08,3790.841584979549,4631.871715879999
7315.829015544042,1.0,0.0,1.0,1.0,1.712389423677179e-07,27792,8.561947118385895e-08,512,139000,1.0,0.0,1.0,1.0,1.426547983682242e-07,9264,7.13273991841121e-08,3797.9544439255405,4640.505575807998
7328.99481865285,1.0,0.0,1.0,1.0,1.8074839853349167e-07,27792,9.037419926674584e-08,512,139250,1.0,0.0,1.0,1.0,1.5713131350128916e-07,9264,7.856565675064458e-08,3805.019268646596,4649.090717136001
7342.110535405872,1.0,0.0,1.0,1.0,1.4486809165332626e-07,27792,7.243404582666313e-08,512,139500,1.0,0.0,1.0,1.0,1.1763937755302869e-07,9264,5.881968875197055e-08,3811.960982650664,4657.545524567002
7355.276338514681,1.0,1.1280958650425596e-09,1.0,1.0,1.4649375138604293e-07,27792,7.381092370991202e-08,512,139750,1.0,1.0551771247201373e-09,1.0,1.0,1.2209171064130838e-07,9264,6.157344395396115e-08,3817.3817132085824,4664.443993727
7368.442141623489,1.0,0.0,1.0,1.0,1.3101353325469673e-07,27792,6.550676662734837e-08,512,140000,1.0,0.0,1.0,1.0,1.0484857074514614e-07,9264,5.242428537257307e-08,3822.804779137572,4671.346571126996
7381.607944732297,1.0,0.0,1.0,1.0,1.5726856443959523e-07,27792,7.863428221979762e-08,512,140250,1.0,0.0,1.0,1.0,1.3593769461762968e-07,9264,6.796884730881484e-08,3829.9994399056013,4680.064808010997
7394.773747841105,1.0,0.0,1.0,1.0,1.3439781795263446e-07,27792,6.719890900904228e-08,512,140500,1.0,0.0,1.0,1.0,1.0963547231764593e-07,9264,5.481773613427917e-08,3837.1498115846334,4688.738185950999
7407.939550949914,1.0,0.0,1.0,1.0,1.2734614948120105e-07,27792,6.367307477332558e-08,512,140750,1.0,0.0,1.0,1.0,1.018245873049814e-07,9264,5.09122936524907e-08,3844.4862111696275,4697.592976046995
7421.055267702936,1.0,0.0,1.0,1.0,1.0957113216159387e-07,27792,5.4785566113521995e-08,512,141000,1.0,0.0,1.0,1.0,8.521198563417448e-08,9264,4.260599281708724e-08,3851.7763644176157,4706.402054302998
7434.2210708117445,1.0,0.0,1.0,1.0,1.2555320398465932e-07,27792,6.277660202505471e-08,512,141250,1.0,0.0,1.0,1.0,1.0483570273029826e-07,9264,5.241785138969292e-08,3859.149036187635,4715.306941914001
7447.386873920553,1.0,0.0,1.0,1.0,1.2478970340660435e-07,27792,6.239485170330218e-08,512,141500,1.0,0.0,1.0,1.0,1.0466841853727579e-07,9264,5.2334209268637897e-08,3866.2387902077317,4723.909729822997
7460.552677029361,1.0,4.366545876748271e-09,1.0,1.0,1.3116794884382033e-07,27792,6.776724764049258e-08,512,141750,1.0,4.696824778270497e-09,1.0,1.0,1.1411354148470895e-07,9264,5.9405183452092987e-08,3873.313407856731,4732.525903374
7473.718480138169,1.0,0.0,1.0,1.0,1.189390465127014e-07,27792,5.94695232563507e-08,512,142000,1.0,0.0,1.0,1.0,1.0011314133021305e-07,9264,5.005657066510653e-08,3880.9161451957625,4741.661419974
7486.884283246977,1.0,9.404715048823459e-07,0.9951784686240644,0.9951784686240644,0.01600908722876473,27792,0.008005013809500238,512,142250,1.0,9.404457685908497e-07,0.9990284974093264,0.9990284974093264,0.004330477552626778,9264,0.0021657089478399004,3888.3780798708103,4750.658790796995
7500.0,1.0,2.405117476472376e-07,0.9965097869890616,0.9965097869890616,0.012414760844193283,27792,0.006207500697554839,48,142500,1.0,2.4061898116975335e-07,0.9992443868739206,0.9992443868739206,0.003221097669688042,9264,0.0016106691379650995,3895.6080059958185,4759.421327880002
7513.165803108808,1.0,5.104312190726416e-10,0.999892055267703,0.999892055267703,0.0006329381955593446,27792,0.0003164693551399693,512,142750,1.0,6.305326845945973e-10,1.0,1.0,8.294233775939728e-06,9264,4.147432154333637e-06,3902.775742134814,4768.123705904996
7526.331606217616,1.0,0.0,0.999892055267703,0.999892055267703,0.0005039059739719667,27792,0.00025195298698598334,512,143000,1.0,0.0,1.0,1.0,1.317206224107842e-06,9264,6.586031124466217e-07,3910.2330622058435,4777.145951341998
7539.4974093264245,1.0,0.0,0.999892055267703,0.999892055267703,0.00048601914476021865,27792,0.00024300957238010932,512,143250,1.0,0.0,1.0,1.0,2.332584608705636e-07,9264,1.166292304352818e-07,3917.2503651338193,4785.676941147998
7552.663212435233,1.0,0.0,0.9999640184225677,0.9999640184225677,4.551686436921179e-05,27792,2.2758432184605894e-05,512,143500,1.0,0.0,1.0,1.0,1.3840835346842308e-07,9264,6.920417673421154e-08,3924.110919725921,4794.047567337999
7565.829015544042,1.0,0.0,1.0,1.0,1.512977728251238e-07,27792,7.56488864125619e-08,512,143750,1.0,0.0,1.0,1.0,9.890354871991342e-08,9264,4.945177435995671e-08,3930.971566768989,4802.435486950999
7578.99481865285,1.0,2.9167498302117027e-10,1.0,1.0,1.5599891559552973e-07,27792,7.81452952993742e-08,512,144000,1.0,2.702282933976845e-10,1.0,1.0,1.3591195858793392e-07,9264,6.809109344986972e-08,3937.9893888639635,4811.029539342999
7592.110535405872,1.0,2.427765196962766e-09,1.0,1.0,1.5512818568376586e-07,27792,7.87779755758665e-08,512,144250,1.0,2.3419784676145743e-09,1.0,1.0,1.3726310014696156e-07,9264,6.980253942463807e-08,3945.00031780891,4819.571934075
7605.276338514681,1.0,2.522130642248543e-09,1.0,1.0,1.3772205616887244e-07,27792,7.012209353952869e-08,512,144500,1.0,2.2519023744173067e-09,1.0,1.0,1.1601800768219553e-07,9264,5.913495511574367e-08,3951.7634322789963,4827.856695461996
7618.442141623489,1.0,0.0,1.0,1.0,1.2578911759020384e-07,27792,6.289455879510192e-08,512,144750,1.0,0.0,1.0,1.0,1.050801950614956e-07,9264,5.25400975307478e-08,3959.116158830009,4836.752003255002
7631.607944732297,1.0,0.0,1.0,1.0,1.2720460079427347e-07,27792,6.360230039713674e-08,512,145000,1.0,0.0,1.0,1.0,1.07988366417117e-07,9264,5.39941832085585e-08,3966.727763684954,4845.898443063998
7644.773747841105,1.0,0.0,1.0,1.0,1.193250871544882e-07,27792,5.96625435772441e-08,512,145250,1.0,0.0,1.0,1.0,9.626560646149886e-08,9264,4.813280323074943e-08,3974.1648305450144,4854.899575245996
7657.939550949914,1.0,0.0,1.0,1.0,1.1932508748173873e-07,27792,5.966254374086936e-08,512,145500,1.0,0.0,1.0,1.0,1.0219775973556997e-07,9264,5.109887986778499e-08,3981.562269158996,4863.814146484001
7671.055267702936,1.0,0.0,1.0,1.0,1.0662864616516157e-07,27792,5.3314323082580786e-08,512,145750,1.0,0.0,1.0,1.0,8.734807688432423e-08,9264,4.3674038442162114e-08,3988.483172071945,4872.281767881999
7684.2210708117445,1.0,0.0,1.0,1.0,1.2458810503092172e-07,27792,6.229405251546086e-08,512,146000,1.0,0.0,1.0,1.0,1.1223481131691815e-07,9264,5.611740565845907e-08,3995.5472698139347,4880.907684726
7697.386873920553,1.0,1.0371618523400092e-08,1.0,1.0,1.1070780687194025e-07,27792,6.053971341966667e-08,512,146250,1.0,1.0127126304695121e-08,1.0,1.0,9.38335516552491e-08,9264,5.198033967026622e-08,4002.6639673199024,4889.548327069002
7710.552677029361,1.0,0.0,1.0,1.0,1.0809131051953753e-07,27792,5.4045655259768765e-08,512,146500,1.0,0.0,1.0,1.0,9.253388451181688e-08,9264,4.626694225590844e-08,4009.95017737586,4898.356540258996
7723.718480138169,1.0,0.0,1.0,1.0,1.0324006892188591e-07,27792,5.1620034460942955e-08,512,146750,1.0,0.0,1.0,1.0,8.595832970995035e-08,9264,4.2979164854975175e-08,4017.3796665378395,4907.324691280999
7736.884283246977,1.0,8.664462661066438e-10,1.0,1.0,1.0370331745640967e-07,27792,5.228488189475021e-08,512,147000,1.0,5.661926072872122e-10,1.0,1.0,8.764404122582551e-08,9264,4.410511693956617e-08,4024.476333727893,4915.951287835
7750.0,1.0,4.289338026962935e-12,1.0,1.0,1.0372905348610544e-07,27792,5.1866671412194034e-08,48,147250,1.0,0.0,1.0,1.0,8.858340395351703e-08,9264,4.4291701976758516e-08,4031.324040205938,4924.329772737998
7763.165803108808,1.0,0.0,1.0,1.0,1.0656430609092217e-07,27792,5.3282153045461085e-08,512,147500,1.0,0.0,1.0,1.0,9.416811925589275e-08,9264,4.7084059603402583e-08,4038.3220484729536,4932.863251752999
7776.331606217616,1.0,0.0,1.0,1.0,1.0228783608494305e-07,27792,5.114391804247153e-08,512,147750,1.0,0.0,1.0,1.0,8.761830519612976e-08,9264,4.380915259806488e-08,4045.7336292389664,4941.824228213998
7789.4974093264245,1.0,3.7917745959637774e-09,1.0,1.0,8.58982779104293e-08,27792,4.484502647613597e-08,512,148000,1.0,3.397155499528504e-09,1.0,1.0,6.563973662134816e-08,9264,3.4518446270594537e-08,4053.4405734009924,4951.0922385369995
7802.663212435233,1.0,0.0,1.0,1.0,1.0486572839280213e-07,27792,5.2432864196401066e-08,512,148250,1.0,0.0,1.0,1.0,9.474718542185653e-08,9264,4.7373592710928266e-08,4060.5441933789552,4959.7674751660015
7815.829015544042,1.0,0.0,1.0,1.0,1.0217631328959475e-07,27792,5.1088156644797376e-08,512,148500,1.0,0.0,1.0,1.0,8.998601992814008e-08,9264,4.499300996407004e-08,4068.097543621967,4968.858835366998
7828.99481865285,1.0,0.0,1.0,1.0,1.0519171862588269e-07,27792,5.2595859312941346e-08,512,148750,1.0,0.0,1.0,1.0,9.782264097050038e-08,9264,4.891132048525019e-08,4075.6189090939442,4977.913880793996
7842.110535405872,1.0,1.32969478835851e-10,1.0,1.0,1.037076075800936e-07,27792,5.1920288533427525e-08,512,149000,1.0,9.007609856622163e-11,1.0,1.0,9.375634827856959e-08,9264,4.692321219125238e-08,4083.23504615797,4987.094561207996
7855.276338514681,1.0,0.0,1.0,1.0,9.629992350760123e-08,27792,4.8149961753800615e-08,512,149250,1.0,0.0,1.0,1.0,8.248396805722602e-08,9264,4.124198402861301e-08,4090.0725481990085,4995.479529147
7868.442141623489,1.0,0.0,1.0,1.0,1.0088093365184213e-07,27792,5.0440466825921065e-08,512,149500,1.0,0.0,1.0,1.0,8.970292360148668e-08,9264,4.485146180074334e-08,4096.2159533290105,5003.107041261996
7881.607944732297,1.0,0.0,1.0,1.0,8.015485552079378e-08,27792,4.007742776039689e-08,512,149750,1.0,0.0,1.0,1.0,5.69666946384193e-08,9264,2.848334731920965e-08,4102.558566097032,5010.953499682
7894.773747841105,1.0,3.5858863931680316e-09,1.0,1.0,9.954266141666454e-08,27792,5.156427411047053e-08,512,150000,1.0,3.538703687398999e-09,1.0,1.0,8.73609456845734e-08,9264,4.544982488387051e-08,4109.946409564152,5019.861474177997
7907.939550949914,1.0,7.291874620270541e-11,1.0,1.0,9.342177621095608e-08,27792,4.674734748088037e-08,512,150250,1.0,5.147205632355522e-11,1.0,1.0,7.759412162962948e-08,9264,3.88227968445105e-08,4116.624891467109,5031.122398858002
7921.055267702936,1.0,0.0,1.0,1.0,9.152160013715342e-08,27792,4.576080006857671e-08,512,150500,1.0,0.0,1.0,1.0,7.623011284115525e-08,9264,3.8115056420577625e-08,4122.765946723084,5038.752153943002
7934.2210708117445,1.0,2.4783793046352868e-08,1.0,1.0,9.154733904665394e-08,27792,5.81655646802324e-08,512,150750,1.0,2.4822397094987148e-08,1.0,1.0,7.706653380626759e-08,9264,5.09444636896104e-08,4129.997116197053,5047.497108056996
7947.386873920553,1.0,2.1446689153063054e-09,1.0,1.0,1.0094956542056806e-07,27792,5.154711728094088e-08,512,151000,1.0,1.724313816275702e-09,1.0,1.0,9.093825381228467e-08,9264,4.6331283900950446e-08,4137.365343762016,5056.405901735998
7960.552677029361,1.0,1.145253223286359e-09,1.0,1.0,9.870624202235479e-08,27792,4.992574767190815e-08,512,151250,1.0,8.106848709891322e-10,1.0,1.0,8.786279826364081e-08,9264,4.43367415995287e-08,4144.840864087972,5065.450356924004
7973.718480138169,1.0,2.4878160351853437e-10,1.0,1.0,9.136718579158187e-08,27792,4.5807983705987125e-08,512,151500,1.0,1.4154815488977686e-10,1.0,1.0,7.238257640163845e-08,9264,3.626206228248258e-08,4152.059039312007,5074.211679462998
7986.884283246977,1.0,5.576139281653125e-10,1.0,1.0,9.613263826737703e-08,27792,4.83451261220593e-08,512,151750,1.0,4.3751247261427177e-10,1.0,1.0,8.217513570087685e-08,9264,4.130632410285243e-08,4158.290140001976,5081.931175420992
8000.0,1.0,0.0,1.0,1.0,1.141092521300638e-07,27792,5.70546260650319e-08,48,152000,1.0,0.0,1.0,1.0,1.0945532089517686e-07,9264,5.472766044758843e-08,4164.586783868028,5089.716399733996
8013.165803108808,1.0,0.0,1.0,1.0,1.011211368574697e-07,27792,5.056056842873485e-08,512,152250,1.0,0.0,1.0,1.0,8.985734056506256e-08,9264,4.492867028253128e-08,4170.929090550977,5097.546972671
8026.331606217616,1.0,0.0,1.0,1.0,1.0364326960025765e-07,27792,5.1821634800128824e-08,512,152500,1.0,0.0,1.0,1.0,9.40394438198217e-08,9264,4.701972190991085e-08,4177.286056152952,5105.392554530001
8039.4974093264245,1.0,0.0,1.0,1.0,1.0487430916377085e-07,27792,5.243715458188543e-08,512,152750,1.0,0.0,1.0,1.0,9.689614390145287e-08,9264,4.8448071950726434e-08,4183.6399987699915,5113.238776603001
8052.663212435233,1.0,0.0,1.0,1.0,9.225507986328747e-08,27792,4.612753993164373e-08,512,153000,1.0,0.0,1.0,1.0,7.517493564817269e-08,9264,3.7587467824086346e-08,4189.957859239032,5121.047039318
8065.829015544042,1.0,0.0,1.0,1.0,9.232370927580951e-08,27792,4.616185465426728e-08,512,153250,1.0,0.0,1.0,1.0,7.577973232147937e-08,9264,3.788986616073968e-08,4196.335966439983,5128.915716260992
8078.99481865285,1.0,0.0,1.0,1.0,1.0470702811235357e-07,27792,5.2353514056176784e-08,512,153500,1.0,0.0,1.0,1.0,9.572515533569688e-08,9264,4.786257766784844e-08,4202.677579787982,5136.74934049201
8092.110535405872,1.0,1.2868014080888805e-11,1.0,1.0,9.940540468602391e-08,27792,4.97091363504359e-08,512,153750,1.0,1.2868014080888805e-11,1.0,1.0,8.812015856059846e-08,9264,4.406651328772317e-08,4209.004208804923,5144.569373517006
8105.276338514681,1.0,2.3842714246280245e-07,0.9614637305699482,0.9614637305699482,0.13353412845866325,27792,0.06676718343862117,512,154000,1.0,2.384314312120341e-07,0.9705310880829016,0.9705310880829016,0.09791772219389419,9264,0.048958980306236646,4215.342601300945,5152.400876661006
8118.442141623489,1.0,1.1920928241671947e-07,0.9997841105354058,0.9997841105354058,0.000520730050879589,27792,0.0002604246300845699,512,154250,1.0,1.19209282433082e-07,1.0,1.0,1.1139576332780351e-05,9264,5.629392811165566e-06,4221.715748199982,5160.266833550995
8131.607944732297,1.0,1.0208624187147826e-09,0.9999280368451353,0.9999280368451353,0.00025437202988349,27792,0.00012718652322833148,512,154500,1.0,7.849488412933677e-10,1.0,1.0,2.371203665213321e-06,9264,1.1859943070595207e-06,4227.951973413074,5167.997292380998
8144.773747841105,1.0,3.002536590750961e-10,0.9999640184225677,0.9999640184225677,7.449321869870196e-05,27792,3.7246759476190876e-05,512,154750,1.0,2.316242534559985e-10,1.0,1.0,3.933235898652182e-07,9264,1.9677760706624004e-07,4234.253542634055,5175.793429767
8157.939550949914,1.0,2.4878160351853437e-10,1.0,1.0,1.4991931880509739e-06,27792,7.497209848356831e-07,512,155000,1.0,2.0588822376023398e-10,1.0,1.0,1.8165773713675685e-07,9264,9.093181273624906e-08,4240.577179944026,5183.612800440998
8171.055267702936,1.0,5.061418795116918e-10,1.0,1.0,1.2788566545585888e-06,27792,6.396813982706944e-07,512,155250,1.0,4.632485038440232e-10,1.0,1.0,1.7463181212360644e-07,9264,8.75475303290651e-08,4246.910586640981,5191.454318053991
8184.2210708117445,1.0,1.7071564603328832e-09,1.0,1.0,1.519111866842031e-07,27792,7.680917169306946e-08,512,155500,1.0,1.3382734214608023e-09,1.0,1.0,1.3005701183214748e-07,9264,6.569764271270741e-08,4253.304663078969,5199.345315215993
8197.386873920552,1.0,1.557029593289355e-08,1.0,1.0,1.9500187174106605e-07,27792,1.0528608485350179e-07,512,155750,1.0,1.5493088008454186e-08,1.0,1.0,1.743101147958394e-07,9264,9.490160233634483e-08,4259.651918454903,5207.190248077997
8210.552677029362,1.0,0.0,1.0,1.0,1.8205236522542336e-07,27792,9.102618261271168e-08,512,156000,1.0,0.0,1.0,1.0,1.6288331770909514e-07,9264,8.144165880545999e-08,4265.997130510907,5215.030559712002
8223.71848013817,1.0,3.1440845924977117e-09,1.0,1.0,1.693473473266844e-07,27792,8.624571617665021e-08,512,156250,1.0,2.2519023521744965e-09,1.0,1.0,1.478792123964644e-07,9264,7.506555749742191e-08,4272.4052560989,5222.937561358005
8236.884283246978,1.0,3.4913495031649435e-07,0.9974812895797351,0.9974812895797351,0.008448678581928755,27792,0.004224513832717773,512,156500,1.0,3.495724626904221e-07,0.999892055267703,0.999892055267703,0.0015067796887176849,9264,0.000753564630805584,4278.781766764951,5230.813641399
8250.0,1.0,5.061418774663759e-10,0.9993523316062176,0.9993523316062176,0.0020030921435806094,27792,0.0010015463098485794,48,156750,1.0,3.7317240681178846e-10,1.0,1.0,1.2926886568733833e-05,9264,6.463629870582211e-06,4285.142701672936,5238.673948120995
8263.165803108808,1.0,1.3125373943216827e-09,0.9996401842256765,0.9996401842256765,0.0010180361955805972,27792,0.0005090187519143867,512,157000,1.0,1.145253216383418e-09,1.0,1.0,1.52005659386058e-06,9264,7.606009235910208e-07,4291.536842588932,5246.56818640299
8276.331606217616,1.0,1.0723344712033704e-09,0.9998560736902706,0.9998560736902706,0.0002602739678795492,27792,0.0001301375201070599,512,157250,1.0,1.042309109872255e-09,1.0,1.0,3.2318013282136373e-07,9264,1.621112210120211e-07,4297.979859531959,5254.508445198007
8289.497409326425,1.0,1.8229685816919283e-09,1.0,1.0,1.2281022893743286e-05,27792,6.141422931256701e-06,512,157500,1.0,1.8272579235538585e-09,1.0,1.0,1.853122533535554e-07,9264,9.356975573097734e-08,4304.325758095016,5262.353095989005
8302.663212435233,1.0,7.077407573193638e-10,1.0,1.0,1.808725198201428e-07,27792,9.079013031838817e-08,512,157750,1.0,5.018525430187157e-10,1.0,1.0,1.4794355247070384e-07,9264,7.422270252488562e-08,4310.726385427966,5270.254233105996
8315.82901554404,1.0,2.517841297829968e-09,1.0,1.0,1.3587764175454438e-07,27792,6.919774166322334e-08,512,158000,1.0,1.8787299706734924e-09,1.0,1.0,1.1978833598353745e-07,9264,6.083353310020792e-08,4317.696191110925,5278.757797002996
8328.994818652849,1.0,2.097486030572134e-09,0.9981649395509499,0.9981649395509499,0.006419150357144828,27792,0.003209576192732834,512,158250,1.0,2.5607341317445935e-09,0.9993523316062176,0.9993523316062176,0.0016801102521297698,9264,0.0008400564064323622,4325.003791410949,5287.597296505002
8342.110535405873,1.0,0.0,0.999496257915947,0.999496257915947,0.0015518386037585957,27792,0.0007759193018792978,512,158500,1.0,0.0,1.0,1.0,7.789155580135568e-05,9264,3.894577790067784e-05,4331.294431272967,5295.374547221989
8355.27633851468,1.0,3.388577002951046e-10,0.9998560736902706,0.9998560736902706,0.0003654485310105608,27792,0.00018272443278947342,512,158750,1.0,3.088323333393706e-10,1.0,1.0,1.044862706914692e-05,9264,5.224467950751635e-06,4337.569057834829,5303.140209418998
8368.442141623489,1.0,3.0025365702978027e-10,0.9999280368451353,0.9999280368451353,0.00014334874767605357,27792,7.167452396486668e-05,512,159000,1.0,2.3162425038802467e-10,1.0,1.0,1.3191244332572215e-06,9264,6.596780287622416e-07,4343.871995570858,5310.935444363
8381.607944732297,1.0,6.734260538706537e-10,0.9999640184225677,0.9999640184225677,5.643474105166535e-05,27792,2.8217707238495162e-05,512,159250,1.0,5.404565791254345e-10,1.0,1.0,3.339506643906464e-07,9264,1.6724556050712872e-07,4350.231829960852,5318.788879586005
8394.773747841105,1.0,1.2782226913843016e-09,1.0,1.0,4.838742030260116e-07,27792,2.425762129171173e-07,512,159500,1.0,9.908370512477194e-10,1.0,1.0,2.2798259058913297e-07,9264,1.1448671386620996e-07,4356.546819580799,5326.599944579997
8407.939550949914,1.0,6.348220144402967e-10,1.0,1.0,2.145826969433535e-07,27792,1.0760875950459118e-07,512,159750,1.0,2.316242534559985e-10,1.0,1.0,1.9044660227347859e-07,9264,9.533911327037023e-08,4362.888455831737,5334.439754802996
8421.055267702935,1.0,0.0,1.0,1.0,2.248127695328212e-07,27792,1.124063848318607e-07,512,160000,1.0,0.0,1.0,1.0,2.091952889112249e-07,9264,1.0459764445561244e-07,4369.2273832258,5342.274062637007
8434.221070811744,1.0,4.2893379451503e-10,0.9951784686240644,0.9951784686240644,0.01766983688826135,27792,0.008834918540640786,512,160250,1.0,4.375124733812652e-10,0.9984887737478411,0.9984887737478411,0.004899041691999271,9264,0.002449521039019858,4375.575251437884,5350.129725371997
8447.386873920552,1.0,2.6808361397865855e-09,0.9987766263672999,0.9987766263672999,0.004316769208958524,27792,0.002158385921306115,512,160500,1.0,2.4706586053554884e-09,0.9996761658031088,0.9996761658031088,0.0010135321752634703,9264,0.0005067673100931457,4381.964946409906,5358.014929464
8460.552677029362,1.0,1.9859634315741448e-09,0.9973373632700058,0.9973373632700058,0.009248671316524038,27792,0.00462433660620578,512,160750,1.0,1.8272579488646424e-09,0.9994602763385146,0.9994602763385146,0.0019426783488497188,9264,0.0009713400816199063,4388.376867641891,5365.923132594995
8473.71848013817,1.0,1.2353293026777442e-09,0.9979850316637882,0.9979850316637882,0.007261615660455491,27792,0.0036308084178670904,512,161000,1.0,9.779690363998372e-10,0.9992443868739206,0.9992443868739206,0.0023678378564939355,9264,0.0011839194107975245,4394.785027170918,5373.8306523229985
8486.884283246978,1.0,2.526419981553828e-09,0.9982009211283823,0.9982009211283823,0.005847709015372092,27792,0.0029238557601728244,512,161250,1.0,2.44492255034894e-09,0.9996761658031088,0.9996761658031088,0.0011548148809943431,9264,0.0005774086693925896,4401.235965100917,5381.786759158
8500.0,1.0,1.1152278532626512e-09,0.9998560736902706,0.9998560736902706,0.0006536621438265898,27792,0.000326831629518894,48,161500,1.0,1.145253231723287e-09,1.0,1.0,9.068518785596142e-06,9264,4.534832017887999e-06,4407.542752018868,5389.591893623001
8513.165803108808,1.0,2.084618183440153e-09,0.9999640184225677,0.9999640184225677,0.00022786368892922736,27792,0.00011393288462914722,512,161750,1.0,1.7886538851461594e-09,1.0,1.0,1.3259577104260434e-06,9264,6.638731822449496e-07,4413.842855810828,5397.388095522998
8526.331606217616,1.0,3.410023531761571e-09,0.9999640184225677,0.9999640184225677,8.118810980521701e-05,27792,4.059575776990671e-05,512,162000,1.0,3.1655313089659686e-09,1.0,1.0,4.668128892242337e-07,9264,2.3498921043840637e-07,4420.13272147785,5405.173064950999
8539.497409326425,1.0,1.6899991207525912e-09,1.0,1.0,9.257758826842876e-07,27792,4.637329409838214e-07,512,162250,1.0,1.286801368205221e-09,1.0,1.0,3.0162621433254647e-07,9264,1.5145650790866734e-07,4426.438936161852,5412.972513248009
8552.663212435233,1.0,3.0926125561159862e-09,1.0,1.0,2.2537035890032213e-07,27792,1.1423148590104825e-07,512,162500,1.0,2.6894148570024934e-09,1.0,1.0,1.9626294655552397e-07,9264,9.947618082936568e-08,4432.735162695906,5420.762576695008
8565.82901554404,1.0,4.2164190389016275e-09,1.0,1.0,2.034776015695335e-07,27792,1.0384701055067813e-07,512,162750,1.0,4.24644435676978e-09,1.0,1.0,1.839739923757964e-07,9264,9.411021863779877e-08,4438.984634175969,5428.504335045989
8578.994818652849,1.0,1.321116062194345e-09,1.0,1.0,2.1552206333625107e-07,27792,1.0842158982910027e-07,512,163000,1.0,1.0680451434029868e-09,1.0,1.0,2.025425378012905e-07,9264,1.0180529151683236e-07,4445.338663084018,5436.351808834006
8592.110535405873,1.0,0.0,1.0,1.0,1.802465511904329e-07,27792,9.012327559521646e-08,512,163250,1.0,0.0,1.0,1.0,1.5983359819014704e-07,9264,7.991679909507352e-08,4451.687897657983,5444.194441783999
8605.27633851468,1.0,7.124590018184897e-09,1.0,1.0,1.4652377884842477e-07,27792,7.682418486793446e-08,512,163500,1.0,6.639894774862813e-09,1.0,1.0,1.2883455042159867e-07,9264,6.773722306609675e-08,4458.079029677043,5452.08158351999
8618.442141623489,1.0,6.446874602254818e-09,1.0,1.0,1.3471523265075495e-07,27792,7.058105407749703e-08,512,163750,1.0,6.073702121555994e-09,1.0,1.0,1.2169280218102402e-07,9264,6.388325261915601e-08,4464.465718450017,5459.965457669998
8631.607944732297,1.0,0.0,1.0,1.0,1.5103616272174882e-07,27792,7.551808136087441e-08,512,164000,1.0,0.0,1.0,1.0,1.3015995595093056e-07,9264,6.507997797546528e-08,4470.908329519036,5467.906634810992
8644.773747841105,1.0,0.0,1.0,1.0,1.7784452018135896e-07,27792,8.892226009067948e-08,512,164250,1.0,0.0,1.0,1.0,1.616737243133942e-07,9264,8.08368621566971e-08,4477.278377233022,5475.774820979001
8657.939550949914,1.0,0.0,1.0,1.0,1.3161833093429882e-07,27792,6.580916549987446e-08,512,164500,1.0,0.0,1.0,1.0,1.187846308744902e-07,9264,5.93923154372451e-08,4483.61180685096,5483.604792425991
8671.055267702935,1.0,0.0,1.0,1.0,1.479564183584232e-07,27792,7.39782091792116e-08,512,164750,1.0,1.2868014080888805e-11,1.0,1.0,1.2762495707498532e-07,9264,6.38189125449166e-08,4489.977046167987,5491.466051516996
8684.221070811744,1.0,0.0,1.0,1.0,1.5089032260213516e-07,27792,7.544516130106758e-08,512,165000,1.0,0.0,1.0,1.0,1.333126195886617e-07,9264,6.665630979433086e-08,4496.3288474919755,5499.316298284
8697.386873920552,1.0,3.144084591986383e-09,1.0,1.0,1.6957896635793764e-07,27792,8.636152565955177e-08,512,165250,1.0,2.4835265588438943e-09,1.0,1.0,1.565265183742413e-07,9264,7.950502261994128e-08,4502.820671011017,5507.320254010003
8710.552677029362,1.0,2.1446690134814675e-11,1.0,1.0,1.4450779037919076e-07,27792,7.226461853530195e-08,512,165500,1.0,2.573602816177761e-11,1.0,1.0,1.2596498311052093e-07,9264,6.299535957010834e-08,4509.562495834987,5515.563549643994
8723.71848013817,1.0,5.456037655318209e-09,1.0,1.0,1.3483962293735028e-07,27792,7.014783061642618e-08,512,165750,1.0,4.619616787358365e-09,1.0,1.0,1.1624963194945741e-07,9264,6.043462461537978e-08,4515.917888747972,5523.417405885004
8736.884283246978,1.0,0.0,1.0,1.0,1.4555438839655098e-07,27792,7.277719423100054e-08,512,166000,1.0,0.0,1.0,1.0,1.3139528537632726e-07,9264,6.569764268816363e-08,4522.602852478034,5531.609248775989
8750.0,1.0,3.877561397409354e-09,1.0,1.0,1.3906461905133483e-07,27792,7.147109042941501e-08,48,166250,1.0,3.1397952301826228e-09,1.0,1.0,1.2484546581875517e-07,9264,6.399263072081922e-08,4530.0158269319945,5540.566739169997
8763.165803108808,1.0,0.0,1.0,1.0,1.395836284599319e-07,27792,6.9791814262691e-08,512,166500,1.0,0.0,1.0,1.0,1.2813967604901044e-07,9264,6.406983802450522e-08,4536.789230262977,5548.863369680999
8776.331606217616,1.0,0.0,1.0,1.0,1.3018998076258303e-07,27792,6.509499041401657e-08,512,166750,1.0,0.0,1.0,1.0,1.1740775323667922e-07,9264,5.870387661833961e-08,4543.135279828974,5556.7057411860005
8789.497409326425,1.0,0.0,1.0,1.0,1.2157698955651726e-07,27792,6.078849477825863e-08,512,167000,1.0,0.0,1.0,1.0,1.0811704656559582e-07,9264,5.4058523258254117e-08,4549.516865349942,5564.582635953004
8802.663212435233,1.0,3.360696097741596e-08,1.0,1.0,1.2641107432463923e-07,27792,8.000901805190951e-08,512,167250,1.0,3.419031071387159e-08,1.0,1.0,1.1522019071253924e-07,9264,7.470525072547731e-08,4555.768760327926,5572.326164639002
8815.82901554404,1.0,0.0,1.0,1.0,1.176136414415203e-07,27792,5.88068207534852e-08,512,167500,1.0,0.0,1.0,1.0,1.0277682040372468e-07,9264,5.138841020186234e-08,4562.107461838961,5580.161084638006
8828.994818652849,1.0,7.592128075069714e-10,1.0,1.0,1.313481026224933e-07,27792,6.605365778198422e-08,512,167750,1.0,5.533245939733169e-10,1.0,1.0,1.2223325880463507e-07,9264,6.139329172154701e-08,4568.480236447998,5588.0327854880015
8842.110535405873,1.0,0.0,1.0,1.0,1.0887625935980824e-07,27792,5.443812971262917e-08,512,168000,1.0,0.0,1.0,1.0,9.47986511489501e-08,9264,4.739932559901884e-08,4574.837650398011,5595.886861312989
8855.27633851468,1.0,0.0,1.0,1.0,1.0871755384335102e-07,27792,5.4358776954400566e-08,512,168250,1.0,0.0,1.0,1.0,9.679319428486073e-08,9264,4.8396597142430364e-08,4581.240724793031,5603.785588216007
8868.442141623489,1.0,2.4856711862607643e-08,1.0,1.0,1.1634399730986257e-07,27792,7.060035636156929e-08,512,168500,1.0,2.4912473198922323e-08,1.0,1.0,1.0671443294717665e-07,9264,6.581345484633835e-08,4587.635668221039,5611.679202625004
8881.607944732297,1.0,1.2868014080888805e-11,1.0,1.0,9.708486848631557e-08,27792,4.8548868250581725e-08,512,168750,1.0,1.2868014080888805e-11,1.0,1.0,8.445277275814941e-08,9264,4.223282038649865e-08,4593.95528088908,5619.496279137995
8894.773747841105,1.0,0.0,1.0,1.0,1.0965691899269654e-07,27792,5.482845949634827e-08,512,169000,1.0,0.0,1.0,1.0,1.0403788664421844e-07,9264,5.201894332210922e-08,4600.215733340046,5627.24958649301
8907.939550949914,1.0,0.0,1.0,1.0,1.0285402873824988e-07,27792,5.142701436912494e-08,512,169250,1.0,0.0,1.0,1.0,9.613692866922392e-08,9264,4.806846433461196e-08,4606.503101367074,5635.030331390008
8921.055267702935,1.0,0.0,1.0,1.0,9.983004498719712e-08,27792,4.991502249359856e-08,512,169500,1.0,0.0,1.0,1.0,9.088677625508407e-08,9264,4.5443388127542036e-08,4612.78778572804,5642.808830647991
8934.221070811744,1.0,0.0,1.0,1.0,1.0767095536784004e-07,27792,5.383547768392002e-08,512,169750,1.0,0.0,1.0,1.0,1.0091095903618304e-07,9264,5.045547951809152e-08,4619.133585491087,5650.647017801006
8947.386873920552,1.0,5.791034905241607e-08,1.0,1.0,9.14443917862657e-08,27792,7.467736843947512e-08,512,170000,1.0,5.826636413805541e-08,1.0,1.0,8.25097025161192e-08,9264,7.038803252941411e-08,4625.544446695072,5658.551692259993
8960.552677029362,1.0,5.468905670166091e-09,1.0,1.0,8.87635548360227e-08,27792,4.7116230573186326e-08,512,170250,1.0,5.095733338263996e-09,1.0,1.0,7.68477775538536e-08,9264,4.0971755716807484e-08,4631.957042573049,5666.471790384006
8973.71848013817,1.0,0.0,1.0,1.0,1.0468128658484872e-07,27792,5.234064329242436e-08,512,170500,1.0,0.0,1.0,1.0,9.894215354985836e-08,9264,4.947107677492918e-08,4638.211518039097,5674.221420237998
8986.884283246978,1.0,1.792943208855911e-09,1.0,1.0,9.795989428137285e-08,27792,4.987641884175556e-08,512,170750,1.0,1.479821554107769e-09,1.0,1.0,9.07838360633075e-08,9264,4.613182888540698e-08,4644.5489599200955,5682.05746368799
9000.0,1.0,0.0,1.0,1.0,1.0773529570387988e-07,27792,5.386764785193994e-08,48,171000,1.0,0.0,1.0,1.0,1.0329154178304126e-07,9264,5.164577089152063e-08,4650.879538331057,5689.883965248009
9013.165803108808,1.0,1.651395082344892e-09,1.0,1.0,9.869766072778521e-08,27792,5.017452798329838e-08,512,171250,1.0,1.2996693769171556e-09,1.0,1.0,9.297139544584229e-08,9264,4.71355324727392e-08,4657.223311239111,5697.717087612997
9026.331606217616,1.0,4.289338026962935e-12,1.0,1.0,8.030069380780441e-08,27792,4.015249157304352e-08,512,171500,1.0,1.2868014080888805e-11,1.0,1.0,6.77758270860966e-08,9264,3.389434755047225e-08,4663.589414879098,5705.579742397007
9039.497409326425,1.0,4.010530842241829e-09,1.0,1.0,8.512619989936113e-08,27792,4.4568365596808886e-08,512,171750,1.0,3.525835674852097e-09,1.0,1.0,7.432564664366867e-08,9264,3.892574135599421e-08,4670.002225172051,5713.49173517499
9052.663212435233,1.0,0.0,1.0,1.0,8.61127482279663e-08,27792,4.305637411398315e-08,512,172000,1.0,0.0,1.0,1.0,7.571539224723996e-08,9264,3.785769612361998e-08,4676.531443854983,5721.520751072996
9065.82901554404,1.0,4.289338026962935e-12,1.0,1.0,1.0393065343259066e-07,27792,5.1967471385436644e-08,512,172250,1.0,0.0,1.0,1.0,1.0034476873908012e-07,9264,5.017238436954006e-08,4682.804979528977,5729.288579581
9078.994818652849,1.0,0.0,1.0,1.0,8.768693433048884e-08,27792,4.384346716524442e-08,512,172500,1.0,0.0,1.0,1.0,7.668049336083114e-08,9264,3.834024668041557e-08,4689.21091704697,5737.195198736008
9092.110535405873,1.0,0.0,1.0,1.0,8.774269598996342e-08,27792,4.387134799498171e-08,512,172750,1.0,0.0,1.0,1.0,7.85849595828615e-08,9264,3.929247979143075e-08,4695.478370305944,5744.958008811998
9105.27633851468,1.0,0.0,1.0,1.0,8.12572167684312e-08,27792,4.06286083842156e-08,512,173000,1.0,0.0,1.0,1.0,6.839349182333874e-08,9264,3.419674591166937e-08,4701.848171264966,5752.822208885002
9118.442141623489,1.0,0.0,1.0,1.0,8.984018162476693e-08,27792,4.4920090812383467e-08,512,173250,1.0,0.0,1.0,1.0,8.159607503272216e-08,9264,4.079803751636108e-08,4708.19416990388,5760.662898790004
9131.607944732297,1.0,2.1446690134814675e-11,1.0,1.0,9.01189901839403e-08,27792,4.507021843767672e-08,512,173500,1.0,1.2868014080888805e-11,1.0,1.0,8.130011069122086e-08,9264,4.065648935303437e-08,4714.438770430897,5768.400428602006
9144.773747841105,1.0,3.431470421570348e-11,1.0,1.0,9.61026165646047e-08,27792,4.806846563543286e-08,512,173750,1.0,1.2868014080888805e-11,1.0,1.0,9.088678096749185e-08,9264,4.5449824491169865e-08,4720.699816169872,5776.159330709997
9157.939550949914,1.0,1.5664661436470833e-08,1.0,1.0,8.784563958514561e-08,27792,5.1755151234850043e-08,512,174000,1.0,1.4978367509646084e-08,1.0,1.0,7.751691432594348e-08,9264,4.6247641804439214e-08,4727.015604524822,5783.971315033006
9171.055267702935,1.0,1.990252777015378e-09,1.0,1.0,1.0177740535291126e-07,27792,5.188382915802519e-08,512,174250,1.0,1.608501696450644e-09,1.0,1.0,9.622700555856039e-08,9264,4.8917753707272834e-08,4733.327165001894,5791.779244845995
9184.221070811744,1.0,2.573602816177761e-11,1.0,1.0,9.20663476698497e-08,27792,4.604604184977273e-08,512,174500,1.0,1.2868014080888805e-11,1.0,1.0,8.343619958516672e-08,9264,4.1724533800007304e-08,4739.650870433943,5799.597715778
9197.386873920552,1.0,6.768574955044032e-09,1.0,1.0,8.851048675715243e-08,27792,4.763953129993178e-08,512,174750,1.0,6.202382369743965e-09,1.0,1.0,7.88037158107317e-08,9264,4.2503049483705476e-08,4745.978192173927,5807.4187756470055
9210.552677029362,1.0,0.0,1.0,1.0,8.270701363156012e-08,27792,4.135350681578006e-08,512,175000,1.0,0.0,1.0,1.0,7.116011501563343e-08,9264,3.558005750781671e-08,4752.3171946899965,5815.253008675994
9223.71848013817,1.0,0.0,1.0,1.0,9.462708314817914e-08,27792,4.731354157408957e-08,512,175250,1.0,0.0,1.0,1.0,8.6717544156778e-08,9264,4.3358772078389e-08,4758.6517605169865,5823.091706495994
9236.884283246978,1.0,6.1251742637828154e-09,1.0,1.0,8.946701024138008e-08,27792,4.7796092654486016e-08,512,175500,1.0,5.649057830227184e-09,1.0,1.0,7.830186323166429e-08,9264,4.1975460874942304e-08,4764.947547444062,5830.880615208007
9250.0,1.0,0.0,1.0,1.0,9.545921425140798e-08,27792,4.772960712570399e-08,48,175750,1.0,0.0,1.0,1.0,8.750249384790011e-08,9264,4.3751246923950055e-08,4771.245848379098,5838.671736049
9263.165803108808,1.0,0.0,1.0,1.0,9.624416420433054e-08,27792,4.812208210216527e-08,512,176000,1.0,0.0,1.0,1.0,8.966432034234432e-08,9264,4.483216017117216e-08,4777.558272481088,5846.480534622999
9276.331606217616,1.0,7.99103623469263e-09,1.0,1.0,8.86005636464889e-08,27792,4.829580043351189e-08,512,176250,1.0,7.656467996933092e-09,1.0,1.0,7.768419851896594e-08,9264,4.267033367672795e-08,4783.855620090006,5854.272399121997
9289.497409326425,1.0,7.870934795504117e-09,1.0,1.0,9.261967361731079e-08,27792,5.0245304682966055e-08,512,176500,1.0,7.4248436821176176e-09,1.0,1.0,8.432409339507189e-08,9264,4.587446898114998e-08,4790.156353254002,5862.067311157996
9302.663212435233,1.0,0.0,1.0,1.0,8.876355928663005e-08,27792,4.4381779643315024e-08,512,176750,1.0,0.0,1.0,1.0,7.830186323166429e-08,9264,3.9150931615832147e-08,4796.553702449011,5869.963025353994
9315.82901554404,1.0,9.43654360818556e-11,1.0,1.0,9.342606999984605e-08,27792,4.676021772103193e-08,512,177000,1.0,1.2868014080888805e-11,1.0,1.0,8.522485521982496e-08,9264,4.261886161733642e-08,4802.891836176968,5877.8018962070055
9328.994818652849,1.0,4.289338026962935e-12,1.0,1.0,9.065515694566787e-08,27792,4.532972315833778e-08,512,177250,1.0,0.0,1.0,1.0,8.073391725251274e-08,9264,4.036695862625637e-08,4809.279019679903,5885.687193513993
9342.110535405873,1.0,5.661926054975607e-10,1.0,1.0,9.534769302686227e-08,27792,4.795694284008454e-08,512,177500,1.0,3.860404132227427e-10,1.0,1.0,8.876355930299257e-08,9264,4.457479987421452e-08,4815.643363891933,5893.547926795989
9355.27633851468,1.0,0.0,1.0,1.0,7.822036578793184e-08,27792,3.911018289396592e-08,512,177750,1.0,0.0,1.0,1.0,6.579415279952273e-08,9264,3.2897076399761366e-08,4822.05631875986,5901.458176323009
9368.442141623489,1.0,0.0,1.0,1.0,9.080957312384245e-08,27792,4.540478656192123e-08,512,178000,1.0,0.0,1.0,1.0,8.195637944846286e-08,9264,4.097818972423143e-08,4828.461342862924,5909.359141991998
9381.607944732297,1.0,1.7586285859415136e-10,1.0,1.0,9.16974658865459e-08,27792,4.593666437806681e-08,512,178250,1.0,6.434007040444402e-11,1.0,1.0,8.127437466152509e-08,9264,4.0669357367882254e-08,4834.860570524965,5917.253225416003
9394.773747841105,1.0,9.093396366610227e-10,1.0,1.0,9.002033514163945e-08,27792,4.546483742877823e-08,512,178500,1.0,6.691367184003357e-10,1.0,1.0,7.956292868675675e-08,9264,4.011603272942332e-08,4841.20025871601,5925.08856892999
9407.939550949914,1.0,4.100281333083809e-06,0.993811168681635,0.993811168681635,0.032737245625576616,27792,0.016370673022121963,512,178750,1.0,4.03544734562524e-06,0.9960060449050087,0.9960060449050087,0.026651331904747996,9264,0.013327683727876226,4847.590070910061,5932.973378491995
9421.055267702935,1.0,1.4293309117400097e-05,0.9978051237766263,0.9978051237766263,0.007342722063168892,27792,0.0036785076482239716,512,179000,1.0,1.7790931005492109e-06,0.9995682210708118,0.9995682210708118,0.001877969597238687,9264,0.000939874348400759,4853.972944217123,5940.850739237008
9434.221070811744,0.9999640184225677,0.00030804149170768444,0.992084052964882,0.9921200345423143,0.029714732418543454,27792,0.015011386910456656,512,179250,1.0,2.203672089631969e-06,0.9944948186528497,0.9944948186528497,0.022239332692536792,9264,0.011120768253681844,4860.327759349129,5948.697619999992
9447.386873920552,1.0,1.1791389265874389e-08,0.9948906160046056,0.9948906160046056,0.017709254429267615,27792,0.008854633100678267,512,179500,1.0,1.1812836053417372e-08,0.9987046632124352,0.9987046632124352,0.004511767988686735,9264,0.0022558898685921453,4866.717549069937,5956.580202017009
9460.552677029362,1.0,3.174110106716189e-10,0.9991724237190558,0.9991724237190558,0.0030393833096128945,27792,0.0015196918199459712,512,179750,1.0,2.9596432155946214e-10,0.999892055267703,0.999892055267703,0.0005689241854226239,9264,0.0002844622406934827,4873.056924827855,5964.41113754001
9473.71848013817,1.0,9.865465752581353e-11,0.9981289579735175,0.9981289579735175,0.006513422171686598,27792,0.0032567111308813507,512,180000,1.0,1.2868014080888805e-11,0.9997841105354058,0.9997841105354058,0.002266296365655016,9264,0.0011331481828526409,4879.347424925836,5972.1944339990005
9486.884283246978,1.0,0.0,0.9998560736902706,0.9998560736902706,0.00036086435953185185,27792,0.00018043217976592592,512,180250,1.0,0.0,1.0,1.0,7.074472172924081e-06,9264,3.5372360864620404e-06,4885.618609397847,5979.969297425996
9500.0,1.0,4.289338026962935e-12,0.9999280368451353,0.9999280368451353,0.00015891534677259228,27792,7.945767553096528e-05,48,180500,1.0,1.2868014080888805e-11,1.0,1.0,9.576241148435234e-07,9264,4.788184914291857e-07,4891.8755847288485,5987.718922614993
9513.165803108808,1.0,0.0,1.0,1.0,1.2485218264787712e-05,27792,6.242609132393856e-06,512,180750,1.0,0.0,1.0,1.0,3.003136736764573e-07,9264,1.5015683683822865e-07,4898.235668079877,5995.572275336002
9526.331606217616,1.0,0.0,1.0,1.0,2.799979389576999e-07,27792,1.3999896947884996e-07,512,181000,1.0,0.0,1.0,1.0,2.080114315452197e-07,9264,1.0400571577260985e-07,4904.630900341988,6003.463050835009
9539.497409326425,1.0,7.291874474541785e-10,1.0,1.0,1.4949628085347001e-07,27792,7.511273418075833e-08,512,181250,1.0,8.364208968499294e-10,1.0,1.0,1.289503625552296e-07,9264,6.489339178471477e-08,4910.96329205401,6011.29080072901
9552.663212435233,1.0,3.851825331920562e-09,1.0,1.0,1.419556330538257e-07,27792,7.290372941581256e-08,512,181500,1.0,3.6545158225639264e-09,1.0,1.0,1.2767642908528926e-07,9264,6.566547265104391e-08,4917.286808261961,6019.1062712229905
9565.82901554404,1.0,8.707355982533236e-10,1.0,1.0,1.413208130824003e-07,27792,7.109577440961189e-08,512,181750,1.0,6.820047271122703e-10,1.0,1.0,1.257590949220424e-07,9264,6.322054985449008e-08,4923.624764163011,6026.936347846
9578.994818652849,1.0,4.7139822142363e-09,1.0,1.0,1.2456236945937671e-07,27792,6.463817614871718e-08,512,182000,1.0,3.924744036961285e-09,1.0,1.0,1.1323851647505295e-07,9264,5.8581630501828524e-08,4929.937789349984,6034.7420041669975
9592.110535405873,1.0,1.473387509459079e-08,1.0,1.0,1.7979187766726834e-07,27792,9.726287733404677e-08,512,182250,1.0,1.4039002419614732e-08,1.0,1.0,1.6655070194074157e-07,9264,9.029485306989057e-08,4936.204689514103,6042.5072895470075
9605.27633851468,1.0,4.375124736369297e-10,1.0,1.0,1.8819040726066149e-07,27792,9.431395988274473e-08,512,182500,1.0,2.316242534559985e-10,1.0,1.0,1.762789210675654e-07,9264,8.825527266741364e-08,4942.472130636124,6050.27052160399
9618.442141623489,1.0,4.4780686414168456e-09,1.0,1.0,1.2448945018497118e-07,27792,6.448375970874216e-08,512,182750,1.0,3.6030438122599784e-09,1.0,1.0,1.1130831419878304e-07,9264,5.745567917809503e-08,4948.738791872165,6058.033538471005
9631.607944732297,1.0,4.27218042839452e-09,1.0,1.0,1.5195408216143282e-07,27792,7.811313154546487e-08,512,183000,1.0,3.3585515301502153e-09,1.0,1.0,1.3840835346842308e-07,9264,7.088345267186017e-08,4955.116734509131,6065.910124207992
9644.773747841105,1.0,0.0,1.0,1.0,1.4426329914428272e-07,27792,7.213164957214136e-08,512,183250,1.0,0.0,1.0,1.0,1.2534731839782258e-07,9264,6.267365919891129e-08,4961.389350018158,6073.6750936949975
9657.939550949914,1.0,7.720808448533283e-11,1.0,1.0,1.5934889717187556e-07,27792,7.971305263048143e-08,512,183500,1.0,1.2868014080888805e-11,1.0,1.0,1.453699495011274e-07,9264,7.269140875798763e-08,4967.598863738094,6081.377685082989
9671.055267702935,1.0,2.050303477179134e-09,1.0,1.0,1.1302833888284168e-07,27792,5.75393212909688e-08,512,183750,1.0,1.351141420201822e-09,1.0,1.0,9.792557880607307e-08,9264,4.963836018255035e-08,4973.87435897204,6089.153998060006
9684.221070811744,1.0,1.05088779385178e-09,1.0,1.0,1.3242472653143277e-07,27792,6.67378072380633e-08,512,184000,1.0,6.562687012514731e-10,1.0,1.0,1.1866881869177169e-07,9264,5.966254372450685e-08,4980.1740000690625,6096.95187980801
9697.386873920552,1.0,1.6513950056455466e-08,1.0,1.0,1.3575325153339917e-07,27792,7.613360196075736e-08,512,184250,1.0,1.524859562510129e-08,1.0,1.0,1.201872444438218e-07,9264,6.771792101928113e-08,4986.494351231042,6104.767967783002
9710.552677029362,1.0,0.0,1.0,1.0,1.433796949344606e-07,27792,7.168984749995536e-08,512,184500,1.0,0.0,1.0,1.0,1.3377586812318547e-07,9264,6.688793406159274e-08,4992.808991319049,6112.578539045993
9723.71848013817,1.0,2.170404957273965e-09,1.0,1.0,1.1610808376976817e-07,27792,5.9139244470388825e-08,512,184750,1.0,1.762917891499087e-09,1.0,1.0,1.0201760752769963e-07,9264,5.189026278092975e-08,4999.171238996154,6120.437425883996
9736.884283246978,1.0,5.769159269160033e-09,1.0,1.0,1.2420635438191864e-07,27792,6.49877572187513e-08,512,185000,1.0,5.263017431577317e-09,1.0,1.0,1.115399385151325e-07,9264,5.8401478293958173e-08,5005.524823095147,6128.287888424995
9750.0,1.0,4.775319599915434e-08,1.0,1.0,1.3188855715170088e-07,27792,8.982087410468603e-08,48,185250,1.0,4.682669893828808e-08,1.0,1.0,1.2188582245282982e-07,9264,8.435625714898122e-08,5011.886044409068,6136.159677735006
9763.165803108808,1.0,0.0,1.0,1.0,1.2430071988958654e-07,27792,6.215035994479327e-08,512,185500,1.0,0.0,1.0,1.0,1.1538747490556172e-07,9264,5.7693737477324644e-08,5018.264497640026,6144.038371706993
9776.331606217616,1.0,0.0,1.0,1.0,1.0974270575834908e-07,27792,5.487135287917454e-08,512,185750,1.0,0.0,1.0,1.0,9.729504607852684e-08,9264,4.864752303926342e-08,5024.701792909029,6151.976279174007
9789.497409326425,1.0,0.0,1.0,1.0,8.991309618676469e-08,27792,4.4956548093382343e-08,512,186000,1.0,0.0,1.0,1.0,7.417122968009279e-08,9264,3.7085614840046396e-08,5030.991493749025,6159.760292592997
9802.663212435233,1.0,1.072334504184089e-10,1.0,1.0,1.0480567739504493e-07,27792,5.24564554260553e-08,512,186250,1.0,6.434007040444402e-11,1.0,1.0,9.461850134637121e-08,9264,4.7341420710305314e-08,5037.2222622480185,6167.483870395998
9815.82901554404,1.0,4.289338026962935e-12,1.0,1.0,1.1299402417658066e-07,27792,5.649915675743165e-08,512,186500,1.0,0.0,1.0,1.0,1.0487430682392949e-07,9264,5.2437153411964745e-08,5043.4556665170385,6175.209492859998
9828.994818652849,1.0,0.0,1.0,1.0,1.0091524757270186e-07,27792,5.045762378635093e-08,512,186750,1.0,0.0,1.0,1.0,8.891797391036457e-08,9264,4.445898695518228e-08,5049.703711206021,6182.952002493999
9842.110535405873,1.0,0.0,1.0,1.0,1.0297841928664565e-07,27792,5.148920964332282e-08,512,187000,1.0,0.0,1.0,1.0,9.353758574294521e-08,9264,4.676879287147261e-08,5056.016167491049,6190.756447296997
9855.27633851468,1.0,2.6593894672926202e-09,1.0,1.0,8.675614425795263e-08,27792,4.470776699659081e-08,512,187250,1.0,2.2905064082230454e-09,1.0,1.0,7.478889441733493e-08,9264,3.853970053012899e-08,5062.277859940114,6198.510089470001
9868.442141623489,1.0,3.946190768002417e-09,1.0,1.0,9.077525344337322e-08,27792,4.7360722331695224e-08,512,187500,1.0,3.744591924965115e-09,1.0,1.0,7.921549228586394e-08,9264,4.148004230329884e-08,5068.544726454136,6206.268603995006
9881.607944732297,1.0,0.0,1.0,1.0,1.118273240982559e-07,27792,5.591366208185301e-08,512,187750,1.0,0.0,1.0,1.0,1.0680450905111182e-07,9264,5.340225452555591e-08,5074.859701648071,6214.0763912799885
9894.773747841105,1.0,0.0,1.0,1.0,9.645862588245326e-08,27792,4.822931294122663e-08,512,188000,1.0,0.0,1.0,1.0,8.871208331659456e-08,9264,4.435604165829728e-08,5081.264791054033,6221.974442029998
9907.939550949914,1.0,0.0,1.0,1.0,9.630849851896044e-08,27792,4.815424925948022e-08,512,188250,1.0,0.0,1.0,1.0,8.82488339966695e-08,9264,4.412441699833475e-08,5087.627067599089,6229.832271769992
9921.055267702935,1.0,7.785148062576623e-09,1.0,1.0,7.567678766273292e-08,27792,4.173096833921337e-08,512,188500,1.0,7.463447774214859e-09,1.0,1.0,6.379961052264478e-08,9264,3.5631529567208244e-08,5094.070993181042,6237.775253303989
9934.221070811744,1.0,0.0,1.0,1.0,9.094253973079916e-08,27792,4.5471269881762106e-08,512,188750,1.0,0.0,1.0,1.0,8.217513491547555e-08,9264,4.108756745773778e-08,5100.514002372052,6245.716728384999
9947.386873920552,1.0,0.0,1.0,1.0,8.565378667552128e-08,27792,4.282689333776064e-08,512,189000,1.0,0.0,1.0,1.0,7.616577276691584e-08,9264,3.808288638345792e-08,5106.91620913511,6253.615974111002
9960.552677029362,1.0,4.763309452724077e-08,1.0,1.0,8.678188264385228e-08,27792,6.720748739108205e-08,512,189250,1.0,4.68138309234402e-08,1.0,1.0,7.75040463110956e-08,9264,6.2158938604996e-08,5113.342933662105,6261.540692023002
9973.71848013817,1.0,4.040556218401484e-09,1.0,1.0,8.289145439231181e-08,27792,4.346600552727342e-08,512,189500,1.0,3.53870373648658e-09,1.0,1.0,7.390100215368856e-08,9264,3.871985311842809e-08,5119.688878093031,6269.383766799991
9986.884283246978,1.0,0.0,1.0,1.0,9.999733022742132e-08,27792,4.999866511371066e-08,512,189750,1.0,0.0,1.0,1.0,9.466997654736793e-08,9264,4.7334988273683965e-08,5126.1284499360045,6277.323074264001
10000.0,1.0,0.0,1.0,1.0,9.609832356111602e-08,27792,4.804916178055801e-08,48,190000,1.0,0.0,1.0,1.0,9.038492917382574e-08,9264,4.519246458691287e-08,5132.264726172958,6284.957395114005
10013.165803108808,1.0,0.0,1.0,1.0,8.876784757771094e-08,27792,4.438392378885547e-08,512,190250,1.0,0.0,1.0,1.0,8.084973017154498e-08,9264,4.042486508577249e-08,5138.7410102100475,6292.945190544997
10026.331606217616,1.0,9.286416166970733e-09,1.0,1.0,9.484155058591137e-08,27792,5.2063983983899866e-08,512,190500,1.0,8.582964817474737e-09,1.0,1.0,8.92525438672121e-08,9264,4.891775488537478e-08,5145.073260521094,6300.77313209101
10039.497409326425,1.0,2.040008959148934e-08,1.0,1.0,8.42683327664365e-08,27792,5.2334209824963816e-08,512,190750,1.0,1.9610851670645805e-08,1.0,1.0,7.659041728143975e-08,9264,4.810063358633037e-08,5151.3872036290995,6308.580804969999
10052.663212435233,1.0,0.0,1.0,1.0,9.583667706748094e-08,27792,4.791833853374047e-08,512,191000,1.0,0.0,1.0,1.0,9.068089272992573e-08,9264,4.5340446364962864e-08,5157.665987447093,6316.352748553996
10065.82901554404,1.0,4.289338026962935e-12,1.0,1.0,7.901818270850055e-08,27792,3.951123602339159e-08,512,191250,1.0,0.0,1.0,1.0,6.747986274459532e-08,9264,3.373993137229766e-08,5163.951126935099,6324.132229098992
10078.994818652849,1.0,5.902128738536298e-09,1.0,1.0,9.304002824540742e-08,27792,4.94710788775139e-08,512,191500,1.0,5.327357507350715e-09,1.0,1.0,8.724513355094246e-08,9264,4.628624584898286e-08,5170.249449295086,6331.923093222998
10092.110535405873,1.0,7.463447962383919e-10,1.0,1.0,8.446564206563694e-08,27792,4.260599346340705e-08,512,191750,1.0,5.661926072872122e-10,1.0,1.0,7.574112827693572e-08,9264,3.815366046512127e-08,5176.478577576039,6339.6444513830065
10105.27633851468,1.0,1.6741285345410314e-08,1.0,1.0,8.864345781471648e-08,27792,5.2692372173205e-08,512,192000,1.0,1.5853392316815805e-08,1.0,1.0,8.21365316563332e-08,9264,4.899496258176143e-08,5182.724590623082,6347.38323924999
10118.442141623489,1.0,1.6170803750612148e-09,1.0,1.0,8.917533549996185e-08,27792,4.539620801625619e-08,512,192250,1.0,1.145253223286359e-09,1.0,1.0,8.26512522502485e-08,9264,4.189825278585501e-08,5188.992408134101,6355.143872182001
10131.607944732297,1.0,0.0,1.0,1.0,8.124434930990923e-08,27792,4.0622174654954615e-08,512,192500,1.0,0.0,1.0,1.0,7.190645985226681e-08,9264,3.5953229926133405e-08,5195.23298825814,6362.876511871989
10144.773747841105,1.0,3.401444872581501e-09,1.0,1.0,8.440559159148059e-08,27792,4.3903518424802064e-08,512,192750,1.0,2.985379124872414e-09,1.0,1.0,7.49561793712149e-08,9264,3.8970779407961797e-08,5201.579903566118,6370.721261425002
10157.939550949914,1.0,2.3333997920719773e-09,1.0,1.0,7.418838783498712e-08,27792,3.826089393036822e-08,512,193000,1.0,1.7371818326575713e-09,1.0,1.0,6.156057591456948e-08,9264,3.164887895951679e-08,5207.945415701142,6378.5834583889955
10171.055267702935,1.0,5.467189864903237e-08,1.0,1.0,7.701935110152123e-08,27792,6.584562487527679e-08,512,193250,1.0,5.296474202072792e-08,1.0,1.0,6.580702083891441e-08,9264,5.938588142982116e-08,5214.209591183091,6386.341772276006
10184.221070811744,1.0,1.2868014055322356e-10,1.0,1.0,9.064657879270348e-08,27792,4.538762947059115e-08,512,193500,1.0,5.147205555656177e-11,1.0,1.0,8.521198720497706e-08,9264,4.26317296321843e-08,5220.482114715051,6394.105368322998
10197.386873920552,1.0,0.0,1.0,1.0,9.486299832452623e-08,27792,4.743149916226312e-08,512,193750,1.0,0.0,1.0,1.0,8.747675784274814e-08,9264,4.373837892137407e-08,5226.743896919033,6401.857715361999
10210.552677029362,1.0,0.0,1.0,1.0,9.28598770847388e-08,27792,4.64299385423694e-08,512,194000,1.0,0.0,1.0,1.0,8.543074345739107e-08,9264,4.2715371728695534e-08,5233.012398849045,6409.6207316250075
10223.71848013817,1.0,0.0,1.0,1.0,8.899089395380886e-08,27792,4.449544697690443e-08,512,194250,1.0,0.0,1.0,1.0,8.11842985821337e-08,9264,4.059214929106685e-08,5239.303643214087,6417.407162866992
10236.884283246978,1.0,0.0,1.0,1.0,8.027066922522733e-08,27792,4.013533462897619e-08,512,194500,1.0,0.0,1.0,1.0,6.908836462512438e-08,9264,3.454418231256219e-08,5245.631250613085,6425.231320930005
10250.0,1.0,0.0,1.0,1.0,7.669336139204153e-08,27792,3.8346680696020767e-08,48,194750,1.0,0.0,1.0,1.0,6.674638592280981e-08,9264,3.3373192961404906e-08,5251.964340883089,6433.063433739997
10263.165803108808,1.0,4.289338026962935e-12,1.0,1.0,9.984720836173756e-08,27792,4.9925748850010095e-08,512,195000,1.0,0.0,1.0,1.0,9.661304836020076e-08,9264,4.830652418010038e-08,5258.2307886151975,6440.831390665
10276.331606217616,1.0,0.0,1.0,1.0,8.982731495164627e-08,27792,4.4913657475823135e-08,512,195250,1.0,0.0,1.0,1.0,8.252257210176967e-08,9264,4.1261286050884836e-08,5264.533680369132,6448.639169247006
10289.497409326425,1.0,5.147205542872952e-10,1.0,1.0,9.031629948314074e-08,27792,4.5415510054890545e-08,512,195500,1.0,2.9596432002547524e-10,1.0,1.0,8.07596540676098e-08,9264,4.052780920455555e-08,5270.801394915179,6456.394275956001
10302.663212435233,1.0,0.0,1.0,1.0,9.472573766687913e-08,27792,4.736286883343957e-08,512,195750,1.0,0.0,1.0,1.0,8.599693611069788e-08,9264,4.299846805534894e-08,5276.87589423023,6463.960859657993
10315.82901554404,1.0,0.0,1.0,1.0,8.949703613295934e-08,27792,4.4748518082842196e-08,512,196000,1.0,0.0,1.0,1.0,8.00390452361284e-08,9264,4.00195226180642e-08,5283.100096304173,6471.677656835993
10328.994818652849,1.0,0.0,1.0,1.0,7.625584888721354e-08,27792,3.812792444360677e-08,512,196250,1.0,0.0,1.0,1.0,6.417278292868958e-08,9264,3.208639146434479e-08,5289.328823723234,6479.397971383005
10342.110535405873,1.0,3.431470421570348e-11,1.0,1.0,8.932117326337161e-08,27792,4.467774400117884e-08,512,196500,1.0,0.0,1.0,1.0,8.154460297333062e-08,9264,4.077230148666531e-08,5295.583905725194,6487.144800918002
10355.27633851468,1.0,4.289338026962935e-12,1.0,1.0,8.163467906090327e-08,27792,4.081948419959295e-08,512,196750,1.0,0.0,1.0,1.0,7.243404848557377e-08,9264,3.621702424278689e-08,5301.83116579528,6494.882422980998
10368.442141623489,1.0,0.0,1.0,1.0,8.521627652689717e-08,27792,4.2608138263448586e-08,512,197000,1.0,0.0,1.0,1.0,7.599848857389337e-08,9264,3.7999244286946685e-08,5308.35221968429,6502.92197626899
10381.607944732297,1.0,2.573602816177761e-11,1.0,1.0,8.503377853479342e-07,27792,4.2518176068881495e-07,512,197250,1.0,0.0,1.0,1.0,4.118714343577928e-05,9264,2.059357171788964e-05,5316.165423390252,6512.294850567996
10394.773747841105,1.0,2.63631212948667e-05,0.999892055267703,0.999892055267703,0.00045559047193201573,27792,0.0002409767975551374,512,197500,1.0,1.3116076979163617e-06,1.0,1.0,3.9907718484051885e-05,9264,2.0609662941168828e-05,5323.857428517338,6521.565023547999
10407.939550949914,1.0,5.27823471501782e-07,1.0,1.0,8.284951318655898e-05,27792,4.1688668670156346e-05,512,197750,1.0,4.7117499879857226e-07,1.0,1.0,3.567003593581048e-06,9264,2.019089311308785e-06,5331.651903210281,6530.925881764997
10421.055267702935,1.0,6.223807675845619e-09,1.0,1.0,1.3172135820613518e-05,27792,6.589179818947595e-06,512,198000,1.0,2.419186456992719e-09,1.0,1.0,5.013891033555593e-07,9264,2.5190414507348056e-07,5338.897063072334,6539.696523980994
10434.221070811744,1.0,7.677913276055616e-10,1.0,1.0,1.2851060180646428e-06,27792,6.429369048086166e-07,512,198250,1.0,2.8309630594458646e-10,1.0,1.0,2.027870175169795e-07,9264,1.0153505692181646e-07,5345.586570532367,6547.915932012998
10447.386873920552,1.0,3.1616277866349066e-07,0.9995322394933794,0.9995322394933794,0.0015653932196874692,27792,0.0007828546869721334,512,198500,1.0,3.168362047411381e-07,1.0,1.0,8.72386190481323e-05,9264,4.377772765485843e-05,5352.392881014406,6556.238746193994
10460.552677029362,1.0,4.756875578654731e-09,0.9997481289579735,0.9997481289579735,0.0006186015342716631,27792,0.00030930314342924014,512,198750,1.0,4.761164952219058e-09,1.0,1.0,5.746710659613968e-06,9264,2.8757359125538423e-06,5360.112588579381,6565.533670086996
10473.71848013817,1.0,3.791774606190357e-09,0.9999640184225677,0.9999640184225677,0.00014581163220383548,27792,7.290770984476952e-05,512,199000,1.0,3.808931976194723e-09,1.0,1.0,1.7736592718315816e-06,9264,8.887341021132774e-07,5367.834599346388,6574.81748594399
10486.884283246978,1.0,7.849488397593808e-10,0.9999640184225677,0.9999640184225677,5.175858779906536e-05,27792,2.5879686373985538e-05,512,199250,1.0,7.07740755274048e-10,1.0,1.0,3.540891074312318e-07,9264,1.7739842412393266e-07,5375.7298677173385,6584.245854862005
10500.0,1.0,6.862940684628716e-10,1.0,1.0,3.011871054014074e-07,27792,1.5093669950151348e-07,48,199500,1.0,7.077407522060742e-10,1.0,1.0,2.0277415107293423e-07,9264,1.0174094594478387e-07,5383.233080417354,6593.315478345001
10513.165803108808,1.0,2.067460863546027e-09,1.0,1.0,1.922910130880507e-07,27792,9.717923707013856e-08,512,199750,1.0,1.955938048255884e-09,1.0,1.0,1.727788211271166e-07,9264,8.736737969199735e-08,5390.822835961393,6602.487412333998
10526.331606217616,1.0,9.99415726534652e-10,0.9996401842256765,0.9996401842256765,0.0019015740012352195,27792,0.0009507874960361813,512,200000,1.0,9.264969915811839e-10,1.0,1.0,4.9987262286187914e-05,9264,2.4994094391628484e-05,5397.146410749432,6610.327006651991
10539.497409326425,1.0,8.235528804680603e-10,0.9997481289579735,0.9997481289579735,0.0008809604445712563,27792,0.00044048062762809585,512,200250,1.0,7.206087800928451e-10,1.0,1.0,4.889789058744227e-06,9264,2.4452548337878542e-06,5403.547279732447,6618.234992598998
10552.663212435233,1.0,8.492888137783141e-10,0.999892055267703,0.999892055267703,0.0002537432658074074,27792,0.00012687205754819368,512,200500,1.0,7.978168454033416e-10,1.0,1.0,1.0628455710532594e-06,9264,5.31821693986914e-07,5409.824524948432,6626.004800119001
10565.82901554404,1.0,1.1838572596487422e-09,1.0,1.0,1.9797891602419056e-05,27792,9.899537729892531e-06,512,200750,1.0,9.651010276879025e-10,1.0,1.0,3.2825013400938486e-07,9264,1.64607617561488e-07,5415.865943172459,6633.534965557003
10578.994818652849,1.0,3.1312167264465596e-10,1.0,1.0,2.8176753211748184e-07,27792,1.410403269060568e-07,512,201000,1.0,1.801521963654498e-10,1.0,1.0,2.326150759343706e-07,9264,1.1639761407112047e-07,5422.153692752465,6641.315927627991
10592.110535405873,1.0,1.4841109082415944e-09,1.0,1.0,2.2433236364516694e-07,27792,1.1290823741092812e-07,512,201250,1.0,1.1967252642700451e-09,1.0,1.0,2.052576826509833e-07,9264,1.0322720401591817e-07,5428.202269758338,6648.854349233006
10605.27633851468,1.0,7.669335996441105e-09,1.0,1.0,1.8759848014846148e-07,27792,9.763390849889966e-08,512,201500,1.0,7.61786380666069e-09,1.0,1.0,1.694202692518193e-07,9264,8.851906702088281e-08,5434.515585230358,6656.663239198009
10618.442141623489,1.0,0.0,1.0,1.0,2.0094689931319542e-07,27792,1.0047344965659771e-07,512,201750,1.0,0.0,1.0,1.0,1.8813036274246495e-07,9264,9.406518142032006e-08,5440.791280002333,6664.432793312997
10631.607944732297,1.0,2.830962986325822e-09,1.0,1.0,1.9940703158213998e-07,27792,1.0111899742433703e-07,512,202000,1.0,1.943070033408002e-09,1.0,1.0,1.8761564224672484e-07,9264,9.477935619528994e-08,5447.162055547342,6672.298522944999
10644.773747841105,1.0,0.0,1.0,1.0,1.807998836829048e-07,27792,9.039994187417745e-08,512,202250,1.0,0.0,1.0,1.0,1.6673085414861192e-07,9264,8.336542707430596e-08,5453.406742960338,6680.036938631994
10657.939550949914,1.0,0.0,1.0,1.0,1.593017202103762e-07,27792,7.965086013791315e-08,512,202500,1.0,0.0,1.0,1.0,1.43336803155162e-07,9264,7.1668401577581e-08,5459.679461994339,6687.804094631996
10671.055267702935,1.0,1.059466464792416e-09,1.0,1.0,1.618881911948005e-07,27792,8.14738289080298e-08,512,202750,1.0,6.176646666787413e-10,1.0,1.0,1.4884431351005558e-07,9264,7.473098911137697e-08,5465.9333098813295,6695.550701564003
10684.221070811744,1.0,0.0,1.0,1.0,1.8366944994678083e-07,27792,9.183472500611547e-08,512,203000,1.0,0.0,1.0,1.0,1.7384686635949081e-07,9264,8.692343317974541e-08,5472.352130690364,6703.463246903004
10697.386873920552,1.0,0.0,1.0,1.0,1.6173377501662592e-07,27792,8.086688754103801e-08,512,203250,1.0,0.0,1.0,1.0,1.5016971903938747e-07,9264,7.508485951969373e-08,5478.741237656388,6711.348267128997
10710.552677029362,1.0,0.0,1.0,1.0,1.5096324554174675e-07,27792,7.548162280359843e-08,512,203500,1.0,0.0,1.0,1.0,1.381638611863133e-07,9264,6.908193059315665e-08,5485.1341117973425,6719.240286344997
10723.71848013817,1.0,0.0,1.0,1.0,1.516452503286845e-07,27792,7.58226251970673e-08,512,203750,1.0,0.0,1.0,1.0,1.3979809907199437e-07,9264,6.989904953599718e-08,5491.549661439298,6727.156142244989
10736.884283246978,1.0,0.0,1.0,1.0,1.2588348565042596e-07,27792,6.294174285793803e-08,512,204000,1.0,0.0,1.0,1.0,1.1045902526791039e-07,9264,5.52295126094114e-08,5497.778707371232,6734.878107425
10750.0,1.0,0.0,1.0,1.0,1.3862281982622854e-07,27792,6.931140991311427e-08,48,204250,1.0,0.0,1.0,1.0,1.2732899268439644e-07,9264,6.366449634219822e-08,5504.04750845518,6742.638955363
10763.165803108808,1.0,0.0,1.0,1.0,1.2892891589654153e-07,27792,6.446445794827077e-08,512,204500,1.0,0.0,1.0,1.0,1.1781952971181146e-07,9264,5.890976485590573e-08,5510.343798054091,6750.427412152989
10776.331606217616,1.0,0.0,1.0,1.0,1.337544208754464e-07,27792,6.687721047044826e-08,512,204750,1.0,0.0,1.0,1.0,1.2240054299765755e-07,9264,6.120027149882878e-08,5515.825499456114,6757.374937036002
10789.497409326425,1.0,0.0,1.0,1.0,1.2448516143573952e-07,27792,6.224258071786976e-08,512,205000,1.0,0.0,1.0,1.0,1.1411354143562137e-07,9264,5.7056770717810685e-08,5522.144924232074,6765.191122952005
10802.663212435233,1.0,0.0,1.0,1.0,1.1576493664170787e-07,27792,5.788246835357899e-08,512,205250,1.0,0.0,1.0,1.0,1.054533674920842e-07,9264,5.27266837460421e-08,5528.52365417315,6773.083990936997
10815.82901554404,1.0,0.0,1.0,1.0,1.1736485988657801e-07,27792,5.868242994328901e-08,512,205500,1.0,0.0,1.0,1.0,1.0592948399236825e-07,9264,5.2964741996184125e-08,5534.844032129178,6780.900857275992
10828.994818652849,1.0,0.0,1.0,1.0,1.1412212007946157e-07,27792,5.706106007245584e-08,512,205750,1.0,0.0,1.0,1.0,1.0285402849281197e-07,9264,5.1427014246405986e-08,5541.1808302051795,6788.733937190991
10842.110535405873,1.0,0.0,1.0,1.0,1.02721058989688e-07,27792,5.1360529494844e-08,512,206000,1.0,0.0,1.0,1.0,9.210923609483029e-08,9264,4.6054618047415146e-08,5547.492214349149,6796.541692644998
10855.27633851468,1.0,0.0,1.0,1.0,1.1502717052254607e-07,27792,5.7513585261273035e-08,512,206250,1.0,0.0,1.0,1.0,1.0649567669476265e-07,9264,5.324783832283754e-08,5553.801884380162,6804.346241716994
10868.442141623489,1.0,0.0,1.0,1.0,9.729933566224738e-08,27792,4.864966783112369e-08,512,206500,1.0,0.0,1.0,1.0,8.694916685323728e-08,9264,4.347458342661864e-08,5560.079568663088,6812.118503292004
10881.607944732297,1.0,4.267891114655683e-09,1.0,1.0,9.757385305053509e-08,27792,5.092087232087469e-08,512,206750,1.0,3.731723912418213e-09,1.0,1.0,8.738667857266398e-08,9264,4.555920143927492e-08,5566.429745968184,6819.964280654007
10894.773747841105,1.0,1.844415333697548e-10,1.0,1.0,1.079154476499498e-07,27792,5.404994459805139e-08,512,207000,1.0,6.434006963745057e-11,1.0,1.0,9.981717777411305e-08,9264,4.9940758924176234e-08,5572.729864115136,6827.759991958999
10907.939550949914,1.0,9.45756126595902e-08,1.0,1.0,9.250385703307251e-08,27792,9.353973222832703e-08,512,207250,1.0,9.508175459330276e-08,1.0,1.0,8.289574296155567e-08,9264,8.898874799202791e-08,5579.038672858143,6835.563130846
10921.055267702935,1.0,0.0,1.0,1.0,9.45026871019743e-08,27792,4.725134355098715e-08,512,207500,1.0,0.0,1.0,1.0,8.549508117542659e-08,9264,4.274754058771329e-08,5585.260995053119,6843.278241863009
10934.221070811744,1.0,2.1961409511767018e-09,1.0,1.0,7.345061978504712e-08,27792,3.7823380492876186e-08,512,207750,1.0,1.9559380727996743e-09,1.0,1.0,6.203669248848492e-08,9264,3.199631537268151e-08,5591.550781156104,6851.06140399701
10947.386873920552,1.0,0.0,1.0,1.0,9.421101393135865e-08,27792,4.710550696567933e-08,512,208000,1.0,0.0,1.0,1.0,8.689769715004964e-08,9264,4.344884857502482e-08,5597.8118157402205,6858.814887009998
10960.552677029362,1.0,0.0,1.0,1.0,1.0037479304349426e-07,27792,5.018739652174713e-08,512,208250,1.0,0.0,1.0,1.0,9.420672722744287e-08,9264,4.7103363613721436e-08,5604.073327876249,6866.567615084001
10973.71848013817,1.0,5.2587281270424015e-09,1.0,1.0,1.0089380271389174e-07,27792,5.307626572419648e-08,512,208500,1.0,4.593880809818156e-09,1.0,1.0,9.448982198329369e-08,9264,4.954185164199383e-08,5610.375111185276,6874.36117648799
10986.884283246978,1.0,3.1097699025992195e-09,1.0,1.0,8.485597184935603e-08,27792,4.398287105213046e-08,512,208750,1.0,2.753754882921317e-09,1.0,1.0,7.400394627247162e-08,9264,3.8378850724959215e-08,5616.673616715278,6882.152843149001
11000.0,1.0,0.0,1.0,1.0,9.986436231146246e-08,27792,4.993218115573123e-08,48,209000,1.0,0.0,1.0,1.0,9.384642281170217e-08,9264,4.6923211405851086e-08,5623.044571391278,6890.016865568992
11013.165803108808,1.0,7.077407598760087e-10,1.0,1.0,8.969434307595588e-08,27792,4.52010419462947e-08,512,209250,1.0,6.691367168663488e-10,1.0,1.0,8.189203937422344e-08,9264,4.128058807315666e-08,5629.404252239241,6897.873451619991
11026.331606217616,1.0,0.0,1.0,1.0,8.926112200381396e-08,27792,4.463056100190698e-08,512,209500,1.0,0.0,1.0,1.0,8.217513570087685e-08,9264,4.1087567850438425e-08,5635.790214498287,6905.761692061002
11039.497409326425,1.0,0.0,1.0,1.0,9.5407740097613e-08,27792,4.77038700488065e-08,512,209750,1.0,0.0,1.0,1.0,8.764404201122682e-08,9264,4.382202100561341e-08,5642.243609123325,6913.71185059601
11052.663212435233,1.0,2.4642244891207428e-08,1.0,1.0,9.395794794689185e-08,27792,5.930009465598735e-08,512,210000,1.0,2.3548463625046803e-08,1.0,1.0,8.711645340246364e-08,9264,5.533245675273825e-08,5648.60227407526,6921.568074347
11065.82901554404,1.0,0.0,1.0,1.0,9.328452078931761e-08,27792,4.664226039465881e-08,512,210250,1.0,0.0,1.0,1.0,8.555942360586989e-08,9264,4.2779711802934943e-08,5654.903862311294,6929.376336574991
11078.994818652849,1.0,2.7138639763515323e-08,1.0,1.0,8.79099801829859e-08,27792,5.75243086069796e-08,512,210500,1.0,2.6057726520383843e-08,1.0,1.0,7.796729484561936e-08,9264,5.201250892198463e-08,5661.219930522311,6937.189509352
11092.110535405873,1.0,0.0,1.0,1.0,8.073391779247614e-08,27792,4.036695889623807e-08,512,210750,1.0,0.0,1.0,1.0,7.204800801559352e-08,9264,3.602400400779676e-08,5667.533919794376,6944.9989226970065
11105.27633851468,1.0,0.0,1.0,1.0,8.232097292432323e-08,27792,4.116048646216161e-08,512,211000,1.0,0.0,1.0,1.0,7.171343965409237e-08,9264,3.585671982704619e-08,5673.83020941844,6952.789791546005
11118.442141623489,1.0,1.6934305175427898e-08,1.0,1.0,1.0142997130822234e-07,27792,5.9182138245915745e-08,512,211250,1.0,1.5789052445062666e-08,1.0,1.0,9.492733762972687e-08,9264,5.5358195924039205e-08,5680.164701075388,6960.619865660003
11131.607944732297,1.0,0.0,1.0,1.0,9.719210822659163e-08,27792,4.8596054113295816e-08,512,211500,1.0,0.0,1.0,1.0,9.096398984198044e-08,9264,4.548199492099022e-08,5686.449947774432,6968.398558399
11144.773747841105,1.0,0.0,1.0,1.0,8.408389043488224e-08,27792,4.204194521744112e-08,512,211750,1.0,0.0,1.0,1.0,7.217668816407234e-08,9264,3.608834408203617e-08,5692.717635313471,6976.161375816999
11157.939550949914,1.0,0.0,1.0,1.0,9.218216137428324e-08,27792,4.609108068714162e-08,512,212000,1.0,0.0,1.0,1.0,8.418254601714649e-08,9264,4.2091273008573244e-08,5698.973681393487,6983.912296352995
11171.055267702935,1.0,6.704234882849937e-09,1.0,1.0,9.193766961577433e-08,27792,4.9320952675760496e-08,512,212250,1.0,6.253854429135494e-09,1.0,1.0,8.522485521982496e-08,9264,4.5739355217947865e-08,5705.210673913549,6991.642639575002
11184.221070811744,1.0,4.1778150117431655e-09,1.0,1.0,9.714492550548272e-08,27792,5.066137049638092e-08,512,212500,1.0,3.7445918789455076e-09,1.0,1.0,9.162025859922244e-08,9264,4.768242545997809e-08,5711.553295352562,6999.480851472006
11197.386873920552,1.0,0.0,1.0,1.0,8.368069342171655e-08,27792,4.184034671085827e-08,512,212750,1.0,0.0,1.0,1.0,7.346348967340435e-08,9264,3.6731744836702175e-08,5717.904706770554,7007.329436822998
11210.552677029362,1.0,1.2095932903671647e-09,1.0,1.0,8.904236601320039e-08,27792,4.512597970445066e-08,512,213000,1.0,1.1323852084384768e-09,1.0,1.0,8.118429855758992e-08,9264,4.115834193210178e-08,5724.241981367581,7015.161910527007
11223.71848013817,1.0,3.989084308829343e-10,1.0,1.0,9.38464241043418e-08,27792,4.712266628231308e-08,512,213250,1.0,2.8309630594458646e-10,1.0,1.0,8.652452471946106e-08,9264,4.340381052305723e-08,5730.558055977555,7022.971846936009
11236.884283246978,1.0,1.0423091134515578e-09,1.0,1.0,9.445122027859141e-08,27792,4.7746764740634937e-08,512,213500,1.0,8.364208945489491e-10,1.0,1.0,8.624142839280765e-08,9264,4.353892467896e-08,5736.888438679554,7030.796063543996
11250.0,1.0,1.4583749163841737e-10,1.0,1.0,8.962142694315553e-08,27792,4.488363223874496e-08,48,213750,1.0,1.158121259610058e-10,1.0,1.0,8.108135443880686e-08,9264,4.05985832862189e-08,5743.260401571606,7038.6612387829955
11263.165803108808,1.0,1.861572532406709e-08,1.0,1.0,9.60296983374009e-08,27792,5.732271114759849e-08,512,214000,1.0,1.7333213435271295e-08,1.0,1.0,9.052647733715245e-08,9264,5.392984509782233e-08,5749.636516950573,7046.532793122999
11276.331606217616,1.0,0.0,1.0,1.0,9.601254098427039e-08,27792,4.8006270492135195e-08,512,214250,1.0,0.0,1.0,1.0,8.943269607508244e-08,9264,4.471634803754122e-08,5756.011263252629,7054.400090254989
11289.497409326425,1.0,3.539304284220683e-07,0.9996401842256765,0.9996401842256765,0.001075044589596503,27792,0.0005376992535937704,512,214500,1.0,3.5331705186955067e-07,1.0,1.0,3.912665504022841e-05,9264,1.9739986049386936e-05,5762.294948964583,7062.175238087002
11302.663212435233,1.0,7.506341043526102e-10,0.9997841105354058,0.9997841105354058,0.0005692700488427434,27792,0.0002846353933714849,512,214750,1.0,7.206087701219302e-10,1.0,1.0,4.435788916660366e-06,9264,2.218254762745924e-06,5768.60223268652,7069.973675810994
11315.82901554404,1.0,8.063954802952854e-10,0.9999280368451353,0.9999280368451353,0.00012666514829574844,27792,6.333297734567279e-05,512,215000,1.0,6.43400691772545e-10,1.0,1.0,7.98292228154736e-07,9264,3.99467814448565e-07,5774.902057935571,7077.764741676001
11328.994818652849,1.0,7.1631937866109e-10,1.0,1.0,6.201536696191159e-06,27792,3.101126507842179e-06,512,215250,1.0,6.30532673856689e-10,1.0,1.0,2.413781704837395e-07,9264,1.2100435160564287e-07,5781.257971860432,7085.629803513992
11342.110535405873,1.0,6.691367181446712e-10,1.0,1.0,1.9966847374053765e-07,27792,1.0016880525631377e-07,512,215500,1.0,7.334767880377862e-10,1.0,1.0,1.6813346295644816e-07,9264,8.443346990138873e-08,5787.602283529421,7093.470517895999
11355.27633851468,1.0,1.4583749240541082e-10,1.0,1.0,1.6598450558950366e-07,27792,8.306517154555649e-08,512,215750,1.0,7.720808448533283e-11,1.0,1.0,1.5004103889090864e-07,9264,7.505912348999797e-08,5793.953350440417,7101.314179453009
11368.442141623489,1.0,1.077052697959381e-08,1.0,1.0,1.501175943442433e-07,27792,8.044406138596037e-08,512,216000,1.0,9.85689809413273e-09,1.0,1.0,1.437223802138333e-07,9264,7.678963979365555e-08,5800.268671276361,7109.123732963999
11381.607944732297,1.0,3.697405135722934e-09,0.9998200921128382,0.9998200921128382,0.0005075765914934064,27792,0.00025379014230683385,512,216250,1.0,3.2427372075199575e-09,1.0,1.0,1.0081808340270475e-05,9264,5.04252554000607e-06,5806.590401681373,7116.93917175199
11394.773747841105,1.0,1.11093843495704e-09,0.999892055267703,0.999892055267703,0.00019588581678677656,27792,9.794346386269587e-05,512,216500,1.0,1.0294410129560733e-09,1.0,1.0,2.205838639529813e-06,9264,1.1034340403588217e-06,5812.967310045395,7124.8103056690015
11407.939550949914,1.0,1.1066491705614488e-09,0.9999640184225677,0.9999640184225677,5.682226246628062e-05,27792,2.841168455777877e-05,512,216750,1.0,1.1452532225193655e-09,1.0,1.0,5.504805483878278e-07,9264,2.7581290085464467e-07,5819.291595233459,7132.630569777
11421.055267702935,1.0,1.6728418177323204e-10,1.0,1.0,1.0027764731995561e-06,27792,5.014718786962893e-07,512,217000,1.0,1.6728418151756755e-10,1.0,1.0,2.3989835505944343e-07,9264,1.2003281962623293e-07,5825.544870522492,7140.381385343993
11434.221070811744,1.0,2.0202781368125062e-09,1.0,1.0,1.9352631371539985e-07,27792,9.777329602325868e-08,512,217250,1.0,1.7629178623533358e-09,1.0,1.0,1.7149201964232835e-07,9264,8.662746883824412e-08,5831.869586775523,7148.203884938004
11447.386873920552,1.0,0.0,1.0,1.0,1.6862245125132384e-07,27792,8.431122562566192e-08,512,217500,1.0,1.2868014080888805e-11,1.0,1.0,1.5154659662811087e-07,9264,7.577973232147937e-08,5838.154974933459,7155.982958057997
11460.552677029362,1.0,0.0,1.0,1.0,1.6778173990072713e-07,27792,8.389086998308861e-08,512,217750,1.0,1.2868014080888805e-11,1.0,1.0,1.5112195213813075e-07,9264,7.556741007648932e-08,5844.446249981469,7163.768486660003
11473.71848013817,1.0,2.5349986831742026e-09,1.0,1.0,1.8598998195768226e-07,27792,9.426249047408258e-08,512,218000,1.0,2.1103542256634774e-09,1.0,1.0,1.7375679015738049e-07,9264,8.793357229621659e-08,5850.74125591341,7171.556221609993
11486.884283246978,1.0,1.7157351980019499e-10,1.0,1.0,1.7612450390763918e-07,27792,8.814803871947215e-08,512,218250,1.0,7.720808371833938e-11,1.0,1.0,1.5960197392288515e-07,9264,7.983959100598622e-08,5856.994249638468,7179.300130271993
11500.0,1.0,5.172941310256956e-09,1.0,1.0,1.8129315653820523e-07,27792,9.323304925352696e-08,48,218500,1.0,4.568144778588405e-09,1.0,1.0,1.701666141129965e-07,9264,8.736737969199735e-08,5863.236786667432,7187.034866264003
11513.165803108808,1.0,0.0,1.0,1.0,1.696990756838642e-07,27792,8.484953787465715e-08,512,218750,1.0,0.0,1.0,1.0,1.5821222831931387e-07,9264,7.910611415965693e-08,5869.5754884405105,7194.8693350699905
11526.331606217616,1.0,0.0,1.0,1.0,1.6549980879276417e-07,27792,8.274990442910713e-08,512,219000,1.0,0.0,1.0,1.0,1.528977381871385e-07,9264,7.644886909356925e-08,5875.896162170568,7202.684914776997
11539.497409326425,1.0,0.0,1.0,1.0,1.4680687726948166e-07,27792,7.340343866746588e-08,512,219250,1.0,0.0,1.0,1.0,1.3485678137040756e-07,9264,6.742839068520378e-08,5882.159569604548,7210.4384938919975
11552.663212435233,1.0,0.0,1.0,1.0,1.392361957242451e-07,27792,6.961809789484762e-08,512,219500,1.0,0.0,1.0,1.0,1.2667272397624204e-07,9264,6.333636196357722e-08,5888.45906064548,7218.228681626002
11565.82901554404,1.0,0.0,1.0,1.0,1.5021690120417045e-07,27792,7.510845063481028e-08,512,219750,1.0,0.0,1.0,1.0,1.3920617043807937e-07,9264,6.960308519449589e-08,5894.761397024449,7226.022492985008
11578.994818652849,1.0,9.307863232165346e-10,0.9974093264248705,0.9974093264248705,0.00874554098218628,27792,0.004372770956486343,512,220000,1.0,1.0551771155162159e-09,0.9996761658031088,0.9996761658031088,0.0013607016721151654,9264,0.000680351357212184,5901.086289213381,7233.840665914991
11592.110535405873,1.0,3.0025366188740546e-11,0.9949625791594704,0.9949625791594704,0.01487125319932203,27792,0.007435626599661015,512,220250,1.0,3.860404224266642e-11,0.9980569948186528,0.9980569948186528,0.00687706891756138,9264,0.00343853445878069,5907.408484340391,7241.667500754003
11605.27633851468,1.0,1.9773847514295872e-09,0.9997841105354058,0.9997841105354058,0.0008585801156142283,27792,0.00042929104221025005,512,220500,1.0,1.904465999602263e-09,1.0,1.0,2.492962489582177e-05,9264,1.2465764681009628e-05,5913.726087189381,7249.477410958003
11618.442141623489,1.0,3.0025366188740546e-11,0.9998560736902706,0.9998560736902706,0.00040268608025853156,27792,0.00020134305514194978,512,220750,1.0,1.2868014080888805e-11,1.0,1.0,3.1877522983269392e-06,9264,1.5938825831708935e-06,5920.0658603353295,7257.311850824
11631.607944732297,1.0,6.948727452837909e-10,0.9999640184225677,0.9999640184225677,0.0001029581941754228,27792,5.147944452411229e-05,512,221000,1.0,4.889845235688728e-10,1.0,1.0,5.718928999618624e-07,9264,2.8619094216486583e-07,5926.457595012376,7265.203548548001
11644.773747841105,1.0,9.007609831055715e-11,1.0,1.0,1.1722831856488868e-06,27792,5.86186630876411e-07,512,221250,1.0,9.007609856622163e-11,1.0,1.0,1.9608278178123286e-07,9264,9.808642894258402e-08,5932.8953086653855,7273.145584534999
11657.939550949914,1.0,6.318194451730679e-09,1.0,1.0,1.8063233624954769e-07,27792,9.347526576992893e-08,512,221500,1.0,5.880681898837759e-09,1.0,1.0,1.5121202348057057e-07,9264,7.854635315757017e-08,5939.289088160309,7281.041786196001
11671.055267702935,1.0,1.5698976570202868e-09,1.0,1.0,1.4231164917848552e-07,27792,7.194077349496358e-08,512,221750,1.0,1.4669535453958344e-09,1.0,1.0,1.2730325665470068e-07,9264,6.438510517367963e-08,5945.65616088541,7288.910165059002
11684.221070811744,1.0,9.067660389888144e-08,0.996149971214738,0.996149971214738,0.014615927086730214,27792,0.007308008879526086,512,222000,1.0,9.154304815393125e-08,0.9980569948186528,0.9980569948186528,0.006796293702062592,9264,0.00339819262256011,5952.018559637421,7296.769384407991
11697.386873920552,1.0,2.81294764486515e-08,0.9971934369602763,0.9971934369602763,0.00916467232133166,27792,0.004582350182512675,512,222250,1.0,2.9532090529312055e-08,0.9990284974093264,0.9990284974093264,0.003550216656931015,9264,0.0017751230882796006,5958.415863713359,7304.66162445501
11710.552677029362,1.0,3.615911737625291e-09,0.9976971790443293,0.9976971790443293,0.009009550332542665,27792,0.004504776974227419,512,222500,1.0,3.4228915315252486e-09,0.9985967184801382,0.9985967184801382,0.006881193066456569,9264,0.003440598225372237,5964.745538169285,7312.488528390997
11723.71848013817,1.0,2.1060648712739876e-09,0.9999640184225677,0.9999640184225677,0.00017662837351557076,27792,8.831523979033376e-05,512,222750,1.0,2.2004303058218565e-09,1.0,1.0,1.0163926645167998e-05,9264,5.083063537853493e-06,5971.060798572202,7320.299538040999
11736.884283246978,1.0,1.1452532304449645e-09,1.0,1.0,3.535542721053447e-05,27792,1.7678286231927966e-05,512,223000,1.0,1.080913142911e-09,1.0,1.0,1.35568229104447e-06,9264,6.783816021458462e-07,5977.310781059154,7328.045112173
11750.0,1.0,2.2047196471724577e-09,1.0,1.0,4.3897852923384095e-06,27792,2.19599500610784e-06,48,223250,1.0,1.904466000369257e-09,1.0,1.0,3.6790935557420766e-07,9264,1.8490691088584711e-07,5983.6067156241625,7335.837009779003
11763.165803108808,1.0,3.5172569970085197e-09,1.0,1.0,1.0335675469664942e-06,27792,5.185424021791243e-07,512,223500,1.0,3.3070793978943083e-09,1.0,1.0,2.3110951819716837e-07,9264,1.1720829900653706e-07,5989.942292652173,7343.6680151710025
11776.331606217616,1.0,1.6299484425759808e-10,1.0,1.0,2.632963136206956e-07,27792,1.3172965423771772e-07,512,223750,1.0,7.720808371833938e-11,1.0,1.0,2.2848444316820038e-07,9264,1.1428082562864384e-07,5996.283923312119,7351.505826023
11789.497409326425,1.0,6.905834080238214e-10,1.0,1.0,1.8178642101589182e-07,27792,9.123850223969741e-08,512,224000,1.0,5.790606152321533e-10,1.0,1.0,1.6464623417245242e-07,9264,8.261264742030355e-08,6002.613003386119,7359.331083860001
11802.663212435233,1.0,4.80834767281663e-09,1.0,1.0,1.4429332503586197e-07,27792,7.455083665806872e-08,512,224250,1.0,4.375124604957752e-09,1.0,1.0,1.2985112359458138e-07,9264,6.711312432143067e-08,6008.945576206039,7367.159794178995
11815.82901554404,1.0,1.0727633498592374e-08,1.0,1.0,1.37245942761106e-07,27792,7.398678893570364e-08,512,224500,1.0,1.0641846803503223e-08,1.0,1.0,1.2483259780390728e-07,9264,6.773722306609675e-08,6015.259567774061,7374.968597403
11828.994818652849,1.0,7.763701591034942e-10,1.0,1.0,1.5857253217872866e-07,27792,7.967445123666717e-08,512,224750,1.0,6.562687050864403e-10,1.0,1.0,1.4334967117000986e-07,9264,7.200296996362593e-08,6021.557792534135,7382.7605843810015
11842.110535405873,1.0,3.431470421570348e-11,1.0,1.0,1.5632920825691453e-07,27792,7.818176151431282e-08,512,225000,1.0,3.860404224266642e-11,1.0,1.0,1.3888447001779473e-07,9264,6.946153703116918e-08,6027.83945664519,7390.539113125997
11855.27633851468,1.0,5.7219765122581035e-09,1.0,1.0,1.4195134685714828e-07,27792,7.383666209581167e-08,512,225250,1.0,5.275885446425199e-09,1.0,1.0,1.2774076920861626e-07,9264,6.65083276235802e-08,6034.152758835196,7398.362491214008
11868.442141623489,1.0,0.0,1.0,1.0,1.5901004311275405e-07,27792,7.950502158910209e-08,512,225500,1.0,0.0,1.0,1.0,1.4239743807126657e-07,9264,7.119871903563329e-08,6040.451253304149,7406.158092728991
11881.607944732297,1.0,0.0,1.0,1.0,1.3891449482944718e-07,27792,6.945724744744866e-08,512,225750,1.0,0.0,1.0,1.0,1.2470391770451605e-07,9264,6.235195882771424e-08,6046.750184398181,7413.954871230992
11894.773747841105,1.0,7.017356559073895e-09,1.0,1.0,1.434268776555695e-07,27792,7.522211757569904e-08,512,226000,1.0,6.67849881940646e-09,1.0,1.0,1.2934927101551397e-07,9264,6.801388536078243e-08,6053.026489121119,7421.726718366001
11907.939550949914,1.0,4.546698242107945e-10,1.0,1.0,1.4558012599704933e-07,27792,7.301739796022897e-08,512,226250,1.0,4.2464446006736984e-10,1.0,1.0,1.3247619862354934e-07,9264,6.645042155676473e-08,6059.306461937187,7429.500350885995
11921.055267702935,1.0,0.0,1.0,1.0,1.6732706742476432e-07,27792,8.366353371238216e-08,512,226500,1.0,0.0,1.0,1.0,1.5835377491183797e-07,9264,7.917688745591899e-08,6065.682714377217,7437.373287419003
11934.221070811744,1.0,3.860404224266642e-11,1.0,1.0,1.3248048799455705e-07,27792,6.625954601955033e-08,512,226750,1.0,5.147205632355522e-11,1.0,1.0,1.1968539186475438e-07,9264,5.986843196207296e-08,6072.002786746307,7445.189305820997
11947.386873920552,1.0,0.0,1.0,1.0,1.3249764482408667e-07,27792,6.624882241204334e-08,512,227000,1.0,0.0,1.0,1.0,1.2189869041859014e-07,9264,6.094934520929507e-08,6078.344083973367,7453.023868474003
11960.552677029362,1.0,0.0,1.0,1.0,1.2937071773965215e-07,27792,6.468535886982608e-08,512,227250,1.0,0.0,1.0,1.0,1.1869455477055503e-07,9264,5.9347277360733724e-08,6084.701344702335,7460.873904634005
11973.71848013817,1.0,3.8175107877508257e-10,1.0,1.0,1.2250348714916567e-07,27792,6.144261912815975e-08,512,227500,1.0,3.0883233794133134e-10,1.0,1.0,1.113340502284788e-07,9264,5.582144129241399e-08,6091.092811597337,7468.759546482004
11986.884283246978,1.0,2.5307094103416833e-10,1.0,1.0,1.1516014000930751e-07,27792,5.770660548399126e-08,512,227750,1.0,2.187562393751097e-10,1.0,1.0,1.0470702263090702e-07,9264,5.246288944166051e-08,6097.4415806893085,7476.602741085997
12000.0,1.0,0.0,1.0,1.0,1.385112970963303e-07,27792,6.925564854816516e-08,48,228000,1.0,0.0,1.0,1.0,1.3198721248852724e-07,9264,6.599360624426362e-08,6103.859373662293,7484.518818227996
12013.165803108808,1.0,2.2561917065639867e-09,1.0,1.0,1.1509151059678547e-07,27792,5.867385126672375e-08,512,228250,1.0,2.0846181844628114e-09,1.0,1.0,1.0610963624932619e-07,9264,5.4097127327341556e-08,6110.199187859333,7492.357167740993
12026.331606217616,1.0,0.0,1.0,1.0,1.0920224913473802e-07,27792,5.460112456736901e-08,512,228500,1.0,0.0,1.0,1.0,9.889067991966424e-08,9264,4.944533995983212e-08,6116.5716038582905,7500.228470628004
12039.497409326425,1.0,0.0,1.0,1.0,1.0696321455120652e-07,27792,5.348160727560326e-08,512,228750,1.0,0.0,1.0,1.0,9.856898111926978e-08,9264,4.928449055963489e-08,6123.048989317336,7508.204460584995
12052.663212435233,1.0,6.92084660888567e-08,1.0,1.0,1.0999577665157399e-07,27792,8.960211785227203e-08,512,229000,1.0,6.875379621453565e-08,1.0,1.0,1.0448826716389432e-07,9264,8.66210285476098e-08,6129.752767855396,7516.436240393989
12065.82901554404,1.0,0.0,1.0,1.0,1.0311138877340709e-07,27792,5.1555694386703545e-08,512,229250,1.0,0.0,1.0,1.0,9.370487072136899e-08,9264,4.6852435360684494e-08,6137.145655234417,7525.358569564007
12078.994818652849,1.0,3.0025366188740546e-11,1.0,1.0,1.0447110900899998e-07,27792,5.225056718848919e-08,512,229500,1.0,2.573602816177761e-11,1.0,1.0,9.867192680885543e-08,9264,4.9348831419275595e-08,6143.578315737352,7533.302139043997
12092.110535405873,1.0,0.0,1.0,1.0,9.270545619415642e-08,27792,4.635272809707821e-08,512,229750,1.0,0.0,1.0,1.0,8.36678230670273e-08,9264,4.183391153351365e-08,6149.893746413305,7541.110300043001
12105.27633851468,1.0,9.951263951549655e-10,1.0,1.0,8.88236066191812e-08,27792,4.4909366550375387e-08,512,230000,1.0,9.522330159079941e-10,1.0,1.0,7.915115221162453e-08,9264,4.0051692655183904e-08,6156.247568117287,7548.9580924990005
12118.442141623489,1.0,1.0152862201445353e-08,1.0,1.0,8.492459995287591e-08,27792,4.7538731833927505e-08,512,230250,1.0,9.676746079544728e-09,1.0,1.0,7.485323525243185e-08,9264,4.2264991209019656e-08,6162.611634080247,7556.8280999069975
12131.607944732297,1.0,0.0,1.0,1.0,8.970721135260418e-08,27792,4.485360567630209e-08,512,230500,1.0,0.0,1.0,1.0,8.186630334452769e-08,9264,4.0933151672263844e-08,6168.97446777927,7564.684953121992
12144.773747841105,1.0,0.0,1.0,1.0,9.186903732344754e-08,27792,4.593451866172377e-08,512,230750,1.0,0.0,1.0,1.0,8.528919372326177e-08,9264,4.2644596861630884e-08,6175.342473842298,7572.548170094
12157.939550949914,1.0,0.0,1.0,1.0,9.017045962532752e-08,27792,4.508522981266376e-08,512,231000,1.0,0.0,1.0,1.0,8.164754630671239e-08,9264,4.0823773153356194e-08,6181.673258244351,7580.374438986997
12171.055267702935,1.0,0.0,1.0,1.0,9.087391162727928e-08,27792,4.543695581363964e-08,512,231250,1.0,0.0,1.0,1.0,8.364208939353543e-08,9264,4.1821044696767716e-08,6187.927482229381,7588.123824019
12184.221070811744,1.0,0.0,1.0,1.0,1.001517471909972e-07,27792,5.00758735954986e-08,512,231500,1.0,0.0,1.0,1.0,9.57894922683311e-08,9264,4.789474613416555e-08,6194.259778662417,7595.9528582349885
12197.386873920552,1.0,0.0,1.0,1.0,9.859471791800431e-08,27792,4.9297358959002156e-08,512,231750,1.0,0.0,1.0,1.0,9.349898719621064e-08,9264,4.674949359810532e-08,6200.528617441312,7603.718710365007
12210.552677029362,1.0,0.0,1.0,1.0,8.764404016226126e-08,27792,4.382202008113063e-08,512,232000,1.0,0.0,1.0,1.0,7.95243246422131e-08,9264,3.976216232110655e-08,6206.74931002927,7611.433821594997
12223.71848013817,1.0,9.749664570594277e-09,1.0,1.0,9.210924079087554e-08,27792,5.0929453353643834e-08,512,232250,1.0,9.329309387194395e-09,1.0,1.0,8.422114927628884e-08,9264,4.677523002050174e-08,6212.94351147327,7619.1186163179955
12236.884283246978,1.0,0.0,1.0,1.0,8.365066805373816e-08,27792,4.182533404323161e-08,512,232500,1.0,0.0,1.0,1.0,7.468595105940937e-08,9264,3.734297552970469e-08,6219.138961839286,7626.812098647992
12250.0,1.0,0.0,1.0,1.0,9.664307161741316e-08,27792,4.832153580870658e-08,48,232750,1.0,0.0,1.0,1.0,9.012756809146679e-08,9264,4.5063784045733396e-08,6225.36085836534,7634.530690582993
12263.165803108808,1.0,8.501467457600238e-09,1.0,1.0,8.571383976768196e-08,27792,4.7107654121924744e-08,512,233000,1.0,7.746543855430364e-09,1.0,1.0,7.859782757316559e-08,9264,4.317218625579535e-08,6231.652015630367,7642.315665388
12276.331606217616,1.0,5.576139435051816e-11,1.0,1.0,8.67647271233248e-08,27792,4.341024426049948e-08,512,233250,1.0,3.8604041475672965e-11,1.0,1.0,7.964013599044275e-08,9264,3.98393700174932e-08,6237.9950695463995,7650.153140233
12289.497409326425,1.0,4.7182717197235e-10,1.0,1.0,8.766548842447699e-08,27792,4.4068657817783e-08,512,233500,1.0,3.0883233640734443e-10,1.0,1.0,8.061810590428311e-08,9264,4.0463469130316135e-08,6244.416395153363,7658.0729599120095
12302.663212435233,1.0,6.262433381307063e-10,1.0,1.0,9.76253298223344e-08,27792,4.9125786605799e-08,512,233750,1.0,3.989084342065726e-10,1.0,1.0,9.266256780190089e-08,9264,4.653073813109262e-08,6250.80776273735,7665.962542347988
12315.82901554404,1.0,2.101775620428614e-10,1.0,1.0,7.664188933265001e-08,27792,3.842603345424938e-08,512,234000,1.0,1.5441616820367222e-10,1.0,1.0,6.515075208167241e-08,9264,3.26525841299235e-08,6257.196871214357,7673.848009645008
12328.994818652849,1.0,5.404565783584411e-10,1.0,1.0,7.53894025541228e-08,27792,3.796492958886693e-08,512,234250,1.0,2.9596432155946214e-10,1.0,1.0,6.373527044840537e-08,9264,3.201561739495333e-08,6263.56735137436,7681.714450929998
12342.110535405873,1.0,2.2433236876254728e-09,1.0,1.0,8.000044117522222e-08,27792,4.1121882548518186e-08,512,234500,1.0,2.0074101191523147e-09,1.0,1.0,7.177777970378799e-08,9264,3.689259501002881e-08,6269.931022975317,7689.577628227009
12355.27633851468,1.0,2.1446690134814675e-11,1.0,1.0,9.388502867248632e-08,27792,4.695323768194973e-08,512,234750,1.0,0.0,1.0,1.0,8.791427032303235e-08,9264,4.3957135161516174e-08,6276.2538987622975,7697.397834814998
12368.442141623489,1.0,5.962179744986107e-10,1.0,1.0,8.770409273082108e-08,27792,4.415015539241567e-08,512,235000,1.0,3.731724029768212e-10,1.0,1.0,7.961440074614829e-08,9264,3.999378658836843e-08,6282.571106539312,7705.2112133659975
12381.607944732297,1.0,1.2782226811577223e-09,1.0,1.0,8.825741736928001e-08,27792,4.476782008875149e-08,512,235250,1.0,9.908370543156932e-10,1.0,1.0,8.012912136460736e-08,9264,4.055997925394715e-08,6288.8846503373425,7713.032457177993
12394.773747841105,1.0,5.576139435051816e-11,1.0,1.0,9.33445723106757e-08,27792,4.6700166854174925e-08,512,235500,1.0,1.2868014080888805e-11,1.0,1.0,8.661460082339623e-08,9264,4.331373441912206e-08,6295.2697063813175,7720.916163671005
12407.939550949914,1.0,0.0,1.0,1.0,6.914412598189223e-08,27792,3.457206300730864e-08,512,235750,1.0,0.0,1.0,1.0,5.697956265326718e-08,9264,2.848978132663359e-08,6301.557813998275,7728.719480553002
12421.055267702935,1.0,6.820047299245796e-10,1.0,1.0,8.65030772262841e-08,27792,4.359254100661093e-08,512,236000,1.0,4.889845266368466e-10,1.0,1.0,7.783861469714053e-08,9264,3.916379963068003e-08,6307.611437454274,7736.266362277005
12434.221070811744,1.0,1.415481543784479e-10,1.0,1.0,8.760543795032064e-08,27792,4.3873493056823675e-08,512,236250,1.0,7.720808448533283e-11,1.0,1.0,7.967874082038769e-08,9264,3.987797445473749e-08,6313.731432767294,7743.883418256999
12447.386873920552,1.0,0.0,1.0,1.0,9.512893729804914e-08,27792,4.756446864902457e-08,512,236500,1.0,0.0,1.0,1.0,8.911099570388539e-08,9264,4.4555497851942695e-08,6319.91528226126,7751.560257673991
12460.552677029362,1.0,2.2218769969793288e-09,1.0,1.0,9.277409058088669e-08,27792,4.7497983905643846e-08,512,236750,1.0,1.7500498597773488e-09,1.0,1.0,8.586825596221906e-08,9264,4.3809152990765526e-08,6326.143620074203,7759.281462207
12473.71848013817,1.0,0.0,1.0,1.0,8.597977847940442e-08,27792,4.298988923970221e-08,512,237000,1.0,0.0,1.0,1.0,7.760699042987865e-08,9264,3.8803495214939324e-08,6332.426975648268,7767.0598388139915
12486.884283246978,1.0,3.856114681452426e-09,1.0,1.0,9.114414203348827e-08,27792,4.750012857478516e-08,512,237250,1.0,3.3328154275900728e-09,1.0,1.0,8.382224160140579e-08,9264,4.3577528723503644e-08,6338.750689626191,7774.878678598005
12500.0,1.0,1.286801402975591e-10,1.0,1.0,9.33488613871579e-08,27792,4.673877076781836e-08,48,237500,1.0,6.434007040444402e-11,1.0,1.0,8.624142839280765e-08,9264,4.315288423352353e-08,6345.036910827112,7782.657891156996
12513.165803108808,1.0,6.005073107359222e-10,1.0,1.0,9.372203381774648e-08,27792,4.7161270588657155e-08,512,237750,1.0,4.632484954070952e-10,1.0,1.0,8.791426953763104e-08,9264,4.41887590360774e-08,6351.313785084123,7790.4277484460035
12526.331606217616,1.0,0.0,1.0,1.0,1.0479281226000179e-07,27792,5.2396406130000895e-08,512,238000,1.0,0.0,1.0,1.0,1.0150289164619211e-07,9264,5.0751445823096056e-08,6357.690798057032,7798.297785035
12539.497409326425,1.0,0.0,1.0,1.0,8.552939795972853e-08,27792,4.27646989962268e-08,512,238250,1.0,0.0,1.0,1.0,7.787721795628288e-08,9264,3.893860897814144e-08,6364.074270235054,7806.174678491996
12552.663212435233,1.0,4.879595295518514e-06,0.9994242947610823,0.9994242947610823,0.002071289211580241,27792,0.0010380843915924576,512,238500,1.0,1.2751835060050241e-06,1.0,1.0,3.428279514662159e-05,9264,1.7778989512846114e-05,6370.451077352089,7814.043342550998
12565.82901554404,1.0,2.1420868915667307e-08,0.9997481289579735,0.9997481289579735,0.0010523779694050662,27792,0.0005261996908929809,512,238750,1.0,1.6985777043582395e-08,1.0,1.0,3.844425254492354e-06,9264,1.9307055170457796e-06,6376.789361995041,7821.874039689996
12578.994818652849,1.0,5.730490944940325e-09,0.9997841105354058,0.9997841105354058,0.00038226831818248747,27792,0.0001911370265140166,512,239000,1.0,1.7886538859131527e-09,1.0,1.0,5.290681218079694e-07,9264,2.654283879359125e-07,6383.127081255996,7829.706443035
12592.110535405873,1.0,1.6428163940190708e-09,1.0,1.0,1.3792801666597588e-05,27792,6.897222241579917e-06,512,239250,1.0,1.4026134619525016e-09,1.0,1.0,2.0761252308493537e-07,9264,1.0450756835167726e-07,6389.508197871859,7837.583727017001
12605.27633851468,1.0,1.4669535387485579e-09,1.0,1.0,3.791709380985219e-07,27792,1.9031894589559023e-07,512,239500,1.0,1.338273409188907e-09,1.0,1.0,1.66550692515926e-07,9264,8.394448303005288e-08,6395.81562873895,7845.386790452991
12618.442141623489,1.0,2.024567476629121e-09,0.9994602763385146,0.9994602763385146,0.0015375016972414021,27792,0.0007687518588939084,512,239750,1.0,1.8915979970262763e-09,1.0,1.0,2.6144987924848017e-05,9264,1.3073439761515328e-05,6402.124832569978,7853.190429110997
12631.607944732297,1.0,1.7371818444181376e-09,0.9996761658031088,0.9996761658031088,0.0011655666022821532,27792,0.0005827841675874097,512,240000,1.0,1.7500498705152572e-09,1.0,1.0,2.2560875063021854e-06,9264,1.1289187777680481e-06,6408.438417046978,7860.998385187995
12644.773747841105,1.0,2.299085085299629e-09,0.999892055267703,0.999892055267703,0.0004764052392718788,27792,0.00023820376703393,512,240250,1.0,2.239034361870405e-09,1.0,1.0,6.332088960711652e-07,9264,3.177239653273483e-07,6414.788676959986,7868.855703426001
12657.939550949914,1.0,1.9988314300595e-09,0.9999640184225677,0.9999640184225677,0.00019249922776489267,27792,9.625061544293532e-05,512,240500,1.0,1.955938060527779e-09,1.0,1.0,2.502699703144287e-07,9264,1.2611295428565342e-07,6421.085562435925,7876.648486236998
12671.055267702935,1.0,1.1023598412270782e-09,1.0,1.0,5.53843604146862e-07,27792,2.774729820427486e-07,512,240750,1.0,8.364208907139818e-10,1.0,1.0,2.0543783171724845e-07,9264,1.031371263411804e-07,6427.3851558678725,7884.443524775008
12684.221070811744,1.0,4.3708352088949505e-09,0.9998560736902706,0.9998560736902706,0.000791086762552147,27792,0.0003955455581152519,512,241000,1.0,4.336520512860511e-09,1.0,1.0,3.777756053857451e-05,9264,1.8890948536072333e-05,6433.671296383909,7892.222106495989
12697.386873920552,1.0,4.2335764165759276e-09,0.9999280368451353,0.9999280368451353,0.00032786861050053124,27792,0.00016393641989403894,512,241250,1.0,4.169236220895886e-09,1.0,1.0,4.5643379518174925e-06,9264,2.2842535943141034e-06,6439.970794584886,7900.016848029001
12710.552677029362,1.0,4.752586275142473e-09,0.9999640184225677,0.9999640184225677,7.19962399969656e-05,27792,3.600049629189137e-05,512,241500,1.0,4.65822085797979e-09,1.0,1.0,8.374499389864058e-07,9264,4.210540801806696e-07,6446.320794701933,7907.862050245996
12723.71848013817,1.0,0.0,0.9973013816925734,0.9973013816925734,0.010385532358904714,27792,0.005192766179452357,512,241750,1.0,0.0,0.9989205526770294,0.9989205526770294,0.00455361123024671,9264,0.0022768056147212294,6452.51825748288,7915.552426523995
12736.884283246978,1.0,4.2850484933526415e-09,0.9996761658031088,0.9996761658031088,0.0012674146944685921,27792,0.0006337094811800916,512,242000,1.0,4.2335764423980405e-09,1.0,1.0,1.768457838959448e-05,9264,8.844405983239718e-06,6458.90598924084,7923.43392526501
12750.0,1.0,1.2010146053649818e-09,0.9997121473805411,0.9997121473805411,0.0009360868847470786,27792,0.0004680440428808989,48,242250,1.0,1.055177122419157e-09,1.0,1.0,2.475363222348531e-06,9264,1.2382091997830287e-06,6465.167770511893,7931.18931623199
12763.165803108808,1.0,5.288753445933212e-09,0.9998200921128382,0.9998200921128382,0.0007262420799469194,27792,0.00036312367362716525,512,242500,1.0,5.005657235095814e-09,1.0,1.0,5.796910803231489e-07,9264,2.9234836904948754e-07,6471.24159463893,7938.753161544999
12776.331606217616,1.0,1.0530324039857305e-08,0.9999640184225677,0.9999640184225677,0.00016965875323050148,27792,8.483463963332352e-05,512,242750,1.0,9.959842212915787e-09,1.0,1.0,3.4774517630757614e-07,9264,1.7885250989991852e-07,6477.280011818002,7946.281303741998
12789.497409326425,1.0,4.58959161982093e-10,1.0,1.0,2.9864449580690776e-07,27792,1.4955172750157445e-07,512,243000,1.0,4.246444608343633e-10,1.0,1.0,2.6519688952920846e-07,9264,1.328107670095943e-07,6483.5304669100005,7954.031458554993
12802.663212435233,1.0,9.440832308329634e-09,1.0,1.0,2.3421499852473964e-07,27792,1.2182791578060087e-07,512,243250,1.0,8.98187328082706e-09,1.0,1.0,2.2000442138344597e-07,9264,1.1449314787363389e-07,6489.87662761598,7961.877433368994
12815.82901554404,1.0,0.0,1.0,1.0,1.6969907306585987e-07,27792,8.484953653292994e-08,512,243500,1.0,0.0,1.0,1.0,1.530521543653131e-07,9264,7.652607718265655e-08,6496.23114535409,7969.728858307004
12828.994818652849,1.0,0.0,1.0,1.0,1.7871955252142704e-07,27792,8.935977626071352e-08,512,243750,1.0,0.0,1.0,1.0,1.630119977593988e-07,9264,8.150599892878697e-08,6502.572053448057,7977.567184562999
12842.110535405873,1.0,1.5441616871500118e-10,1.0,1.0,1.633551448874591e-07,27792,8.175478056554189e-08,512,244000,1.0,1.0294411111312354e-10,1.0,1.0,1.499380947721256e-07,9264,7.502051944545432e-08,6508.9473901460005,7985.439396022994
12855.27633851468,1.0,5.142915890736604e-08,1.0,1.0,1.703853692854837e-07,27792,1.1090726110208242e-07,512,244250,1.0,5.1665072521091807e-08,1.0,1.0,1.5720852316117905e-07,9264,1.044367943191015e-07,6515.324272736012,7993.314459292
12868.442141623489,1.0,8.57867605392587e-12,1.0,1.0,1.6815491337851744e-07,27792,8.408174606026641e-08,512,244500,1.0,1.2868014080888805e-11,1.0,1.0,1.5538126505277978e-07,9264,7.769706653381383e-08,6521.658491846974,8001.146197880007
12881.607944732297,1.0,4.233576367488347e-09,1.0,1.0,1.7770727025752959e-07,27792,9.097042360396648e-08,512,244750,1.0,3.5773077350106196e-09,1.0,1.0,1.6525103244110547e-07,9264,8.441417028440837e-08,6527.999333769883,8008.983367426001
12894.773747841105,1.0,0.0,1.0,1.0,1.6489930562200323e-07,27792,8.244965281100162e-08,512,245000,1.0,0.0,1.0,1.0,1.5251169774170204e-07,9264,7.625584887085102e-08,6534.340400591922,8016.821430337994
12907.939550949914,1.0,0.0,1.0,1.0,1.5688253341897433e-07,27792,7.844126674221222e-08,512,245250,1.0,0.0,1.0,1.0,1.4235883402672293e-07,9264,7.117941701336146e-08,6540.652059500957,8024.640808498996
12921.055267702935,1.0,6.159488970043835e-09,0.99938831318365,0.99938831318365,0.0031111252777788856,27792,0.0015555656886089616,512,245500,1.0,5.893550014161785e-09,1.0,1.0,5.0442730597765645e-05,9264,2.5224312074282988e-05,6546.93766361798,8032.421314670995
12934.221070811744,1.0,2.530709415454973e-10,0.9996761658031088,0.9996761658031088,0.001364610606544985,27792,0.0006823054298079719,512,245750,1.0,1.9302021121333207e-10,1.0,1.0,5.755932401817064e-06,9264,2.878062711019891e-06,6553.274938585935,8040.253218001002
12947.386873920552,1.0,9.003320003942593e-09,0.999892055267703,0.999892055267703,0.0004406555014491608,27792,0.0002203322459511006,512,246000,1.0,8.093980256323184e-09,1.0,1.0,7.269908359146794e-07,9264,3.675424086269987e-07,6559.599958985957,8048.0732871920045
12960.552677029362,1.0,9.393650077073884e-10,0.9999640184225677,0.9999640184225677,6.656199005605441e-05,27792,3.3281464710569154e-05,512,246250,1.0,7.077407583420218e-10,1.0,1.0,2.2488139743999076e-07,9264,1.1279456912831215e-07,6565.903058389944,8055.870990523996
12973.71848013817,1.0,7.776569386011367e-09,1.0,1.0,2.408381824829022e-07,27792,1.2430737610012738e-07,512,246500,1.0,6.8329149991150335e-09,1.0,1.0,1.656628073454351e-07,9264,8.624786161483029e-08,6572.197537699001,8063.659762008989
12986.884283246978,1.0,0.0,1.0,1.0,1.4350408626825767e-07,27792,7.175204316685389e-08,512,246750,1.0,0.0,1.0,1.0,1.279209214164866e-07,9264,6.39604607082433e-08,6578.530029197042,8071.4875083460065
13000.0,1.0,1.3567175212616347e-08,1.0,1.0,1.469184005884308e-07,27792,8.024278882091573e-08,48,247000,1.0,1.2456236599461161e-08,1.0,1.0,1.3086769676756406e-07,9264,7.166196757015705e-08,6584.830455148069,8079.281856716989
13013.165803108808,1.0,0.0,1.0,1.0,1.6166514508050303e-07,27792,8.083257257297656e-08,512,247250,1.0,0.0,1.0,1.0,1.4805936460433478e-07,9264,7.402968230216739e-08,6591.165223295102,8087.109274429997
13026.331606217616,1.0,9.007609831055715e-11,1.0,1.0,1.4979654657607383e-07,27792,7.494331137272956e-08,512,247500,1.0,1.0294411264711044e-10,1.0,1.0,1.3449647695466687e-07,9264,6.729971053672496e-08,6597.523162170059,8094.9617812829965
13039.497409326425,1.0,4.5381193446485755e-09,1.0,1.0,1.4220870663050506e-07,27792,7.337341329948748e-08,512,247750,1.0,3.911876071200984e-09,1.0,1.0,1.290147026785566e-07,9264,6.646328957161262e-08,6603.922196327985,8102.855725692003
13052.663212435233,1.0,5.5113700492142994e-08,1.0,1.0,1.3789792218006535e-07,27792,9.650580781816087e-08,512,248000,1.0,5.410999534218944e-08,1.0,1.0,1.2368734448244576e-07,9264,8.889866639028367e-08,6610.302479326958,8110.729459327005
13065.82901554404,1.0,9.264969903028614e-10,0.9998200921128382,0.9998200921128382,0.0005643286957206054,27792,0.00028216481110883716,512,248250,1.0,6.434006871705843e-10,1.0,1.0,1.5313735749795294e-05,9264,7.657189575268843e-06,6616.702012198053,8118.623414793998
13078.994818652849,1.0,5.220124033411174e-09,0.9999280368451353,0.9999280368451353,0.00029932526963648737,27792,0.00014966524059125037,512,248500,1.0,4.8512410561542335e-09,1.0,1.0,2.084505947672234e-06,9264,1.044678594242242e-06,6623.059849576064,8126.475139721006
13092.110535405873,1.0,5.018525391837485e-10,1.0,1.0,1.906538859152028e-05,27792,9.532945222049675e-06,512,248750,1.0,4.375124749152521e-10,1.0,1.0,4.78677051062187e-07,9264,2.395572817835075e-07,6629.459848850049,8134.3726107870025
13105.27633851468,1.0,2.088907533994676e-09,1.0,1.0,2.792320168303664e-06,27792,1.3972045380236518e-06,512,249000,1.0,1.7371818318905778e-09,1.0,1.0,1.976526795926745e-07,9264,9.96949307985693e-08,6635.780284889974,8142.189171745995
13118.442141623489,1.0,1.7586285112874842e-09,1.0,1.0,1.838624073373953e-07,27792,9.281051801663628e-08,512,249250,1.0,1.5055575891724876e-09,1.0,1.0,1.605155998354796e-07,9264,8.101057878634092e-08,6642.205665306996,8150.116874173997
13131.607944732297,1.0,0.0,1.0,1.0,2.0330174603035788e-07,27792,1.0165087301517894e-07,512,249500,1.0,0.0,1.0,1.0,1.9488606896680054e-07,9264,9.744303448340027e-08,6648.615382895943,8158.026402421994
13144.773747841105,1.0,0.0,1.0,1.0,1.4203284323731645e-07,27792,7.101642165138329e-08,512,249750,1.0,0.0,1.0,1.0,1.2614513531839128e-07,9264,6.307256765919564e-08,6655.032486920929,8165.9416215780075
13157.939550949914,1.0,4.203551032235008e-09,1.0,1.0,1.6529392474400495e-07,27792,8.474873816321497e-08,512,250000,1.0,3.847536020738369e-09,1.0,1.0,1.4975794256425522e-07,9264,7.680273950188601e-08,6661.275464994906,8173.679161708002
13171.055267702935,1.0,3.5129676587258925e-09,1.0,1.0,1.4085756559507827e-07,27792,7.218526685700012e-08,512,250250,1.0,3.178399273959276e-09,1.0,1.0,1.2563041477356357e-07,9264,6.440440722049524e-08,6667.624363828923,8181.536673060007
13184.221070811744,1.0,3.7317240348815013e-10,1.0,1.0,1.7773300471642275e-07,27792,8.905308857350566e-08,512,250500,1.0,2.830963082455668e-10,1.0,1.0,1.682750159303578e-07,9264,8.42790561285056e-08,6674.016490854949,8189.425724476998
13197.386873920552,1.0,1.8015219610978534e-10,1.0,1.0,1.5878270923097654e-07,27792,7.94814307521485e-08,512,250750,1.0,1.2868014080888805e-10,1.0,1.0,1.4726154768376606e-07,9264,7.369511391612245e-08,6680.385087504939,8197.297282657004
13210.552677029362,1.0,7.842625402549797e-08,1.0,1.0,1.5852963827230152e-07,27792,1.1847794317091983e-07,512,251000,1.0,7.704079777657184e-08,1.0,1.0,1.4697845135711267e-07,9264,1.1200962100799263e-07,6686.772024160971,8205.181468702998
13223.71848013817,1.0,0.0,1.0,1.0,1.4115781875126134e-07,27792,7.057890940835572e-08,512,251250,1.0,0.0,1.0,1.0,1.2668559194200233e-07,9264,6.334279597100117e-08,6693.671449545051,8213.61141356401
13236.884283246978,1.0,4.907002420592007e-09,1.0,1.0,1.2990259562124785e-07,27792,6.740479934101186e-08,512,251500,1.0,4.5681446788792555e-09,1.0,1.0,1.1767798154848475e-07,9264,6.112306340974148e-08,6700.796351172947,8222.278455462001
13250.0,1.0,1.2786515645178157e-08,1.0,1.0,1.4102484926449987e-07,27792,7.690568337523116e-08,48,251750,1.0,1.1915780067889322e-08,1.0,1.0,1.304044482330403e-07,9264,7.116011499108964e-08,6707.127331396929,8230.104407848004
13263.165803108808,1.0,0.0,1.0,1.0,1.235457963518441e-07,27792,6.177289817592205e-08,512,252000,1.0,0.0,1.0,1.0,1.1172009072300285e-07,9264,5.586004536150142e-08,6713.476181281949,8237.946948650992
13276.331606217616,1.0,0.0,1.0,1.0,1.2180003567081477e-07,27792,6.090001783540739e-08,512,252250,1.0,0.0,1.0,1.0,1.1245356752024455e-07,9264,5.622678378466607e-08,6719.827656789894,8245.792661335989
13289.497409326425,1.0,0.0,1.0,1.0,1.2089069595489775e-07,27792,6.044534797744887e-08,512,252500,1.0,0.0,1.0,1.0,1.1089653777273838e-07,9264,5.544826888636919e-08,6726.9224790328735,8254.393696404994
13302.663212435233,1.0,0.0,1.0,1.0,1.1513011464132912e-07,27792,5.756505732066456e-08,512,252750,1.0,0.0,1.0,1.0,1.0576219984843337e-07,9264,5.2881099924216684e-08,6733.3263876067795,8262.29529432999
13315.82901554404,1.0,0.0,1.0,1.0,1.1072925356335338e-07,27792,5.536462678167669e-08,512,253000,1.0,0.0,1.0,1.0,1.018117192901335e-07,9264,5.090585964506675e-08,6739.723033178714,8270.19064441399
13328.994818652849,1.0,3.6459371306588024e-09,1.0,1.0,9.195911107117883e-08,27792,4.7802524305706064e-08,512,253250,1.0,3.3842874378940208e-09,1.0,1.0,7.898386801860206e-08,9264,4.118407796179754e-08,6746.083757333705,8278.050430189993
13342.110535405873,1.0,0.0,1.0,1.0,9.072378033677996e-08,27792,4.536189016838998e-08,512,253500,1.0,0.0,1.0,1.0,7.994896520518675e-08,9264,3.997448260259337e-08,6753.22646414474,8286.723406731995
13355.27633851468,1.0,0.0,1.0,1.0,9.856469071742289e-08,27792,4.9282345358711444e-08,512,253750,1.0,0.0,1.0,1.0,9.102832363300947e-08,9264,4.5514161816504736e-08,6760.636438666756,8295.662460594991
13368.442141623489,1.0,3.2598968519155784e-10,1.0,1.0,1.0395209907680207e-07,27792,5.2139044393140875e-08,512,254000,1.0,2.0588822376023398e-10,1.0,1.0,9.555786800106922e-08,9264,4.7881878119317666e-08,6767.180966712811,8303.727198968001
13381.607944732297,1.0,0.0,1.0,1.0,9.683608765132447e-08,27792,4.8418043825662234e-08,512,254250,1.0,0.0,1.0,1.0,8.80944209601001e-08,9264,4.404721048005005e-08,6773.504779163806,8311.546742660998
13394.773747841105,1.0,0.0,1.0,1.0,1.0194468902233287e-07,27792,5.0972344511166436e-08,512,254500,1.0,0.0,1.0,1.0,9.423246247173735e-08,9264,4.711623123586867e-08,6779.892465811783,8319.430819141999
13407.939550949914,1.0,3.011115137949987e-09,1.0,1.0,9.112697996794997e-08,27792,4.706904772117721e-08,512,254750,1.0,2.702282821995801e-09,1.0,1.0,7.973021130897663e-08,9264,4.1216247213515955e-08,6786.276406486795,8327.308319125004
13421.055267702935,1.0,0.0,1.0,1.0,9.147870753972845e-08,27792,4.573935376986422e-08,512,255000,1.0,0.0,1.0,1.0,8.355201328960026e-08,9264,4.177600664480013e-08,6792.621925741834,8335.146918807004
13434.221070811744,1.0,0.0,1.0,1.0,1.0075654310344636e-07,27792,5.037827155172318e-08,512,255250,1.0,0.0,1.0,1.0,9.555786800106922e-08,9264,4.777893400053461e-08,6798.922478772773,8342.950611373002
13447.386873920552,1.0,0.0,1.0,1.0,9.379924007423074e-08,27792,4.689962003711537e-08,512,255500,1.0,0.0,1.0,1.0,8.657599599345129e-08,9264,4.3287997996725645e-08,6804.559429646855,8350.056987488992
13460.552677029362,1.0,0.0,1.0,1.0,8.63100556945637e-08,27792,4.315502784728185e-08,512,255750,1.0,0.0,1.0,1.0,7.599848857389337e-08,9264,3.7999244286946685e-08,6810.866852447893,8357.858423764003
13473.71848013817,1.0,0.0,1.0,1.0,8.05795015815765e-08,27792,4.0289750807150777e-08,512,256000,1.0,0.0,1.0,1.0,6.933285688269036e-08,9264,3.466642844134518e-08,6817.201683328865,8365.690671713994
13486.884283246978,1.0,9.007609831055715e-11,1.0,1.0,8.436269820865431e-08,27792,4.222638715629474e-08,512,256250,1.0,2.573602816177761e-11,1.0,1.0,7.586980842541455e-08,9264,3.794777222755515e-08,6823.482340368879,8373.465756913007
13500.0,1.0,1.6042123561227006e-09,1.0,1.0,1.0450113594778097e-07,27792,5.305267423274181e-08,48,256500,1.0,1.2868013728071816e-09,1.0,1.0,1.0112972000100483e-07,9264,5.120826074289653e-08,6829.808107427918,8381.28683345599
13513.165803108808,1.0,0.0,1.0,1.0,7.930556837343658e-08,27792,3.965278418671829e-08,512,256750,1.0,0.0,1.0,1.0,7.163623154046128e-08,9264,3.581811577023064e-08,6836.020465178815,8389.000159524992
13526.331606217616,1.0,4.632484971967466e-10,1.0,1.0,9.09983042700785e-08,27792,4.573077640230113e-08,512,257000,1.0,3.6030438736194546e-10,1.0,1.0,8.451711440319142e-08,9264,4.243870940946607e-08,6842.208404006786,8396.681563353995
13539.497409326425,1.0,3.542993020057008e-09,1.0,1.0,7.824181247934498e-08,27792,4.089240295039762e-08,512,257250,1.0,3.1655313058979946e-09,1.0,1.0,6.764714693761778e-08,9264,3.540633929509841e-08,6848.509339953787,8404.476698507991
13552.663212435233,1.0,0.0,1.0,1.0,9.906225814701459e-08,27792,4.953112907350729e-08,512,257500,1.0,0.0,1.0,1.0,9.3601932100395e-08,9264,4.68009660501975e-08,6854.843045636779,8412.30410342099
13565.82901554404,1.0,5.5761394094853673e-11,1.0,1.0,8.408818055856616e-08,27792,4.207197099448268e-08,512,257750,1.0,1.2868014080888805e-11,1.0,1.0,7.520067165332468e-08,9264,3.7606769834086277e-08,6861.158351926795,8420.114280059992
13578.994818652849,1.0,1.4969789154195422e-09,1.0,1.0,7.952432462585058e-08,27792,4.0510651843243774e-08,512,258000,1.0,1.1581212289303198e-09,1.0,1.0,6.786590319003179e-08,9264,3.451201226317059e-08,6867.479377502721,8427.931047427002
13592.110535405873,1.0,0.0,1.0,1.0,9.001175594147333e-08,27792,4.5005877970736666e-08,512,258250,1.0,0.0,1.0,1.0,8.297295262144556e-08,9264,4.148647631072278e-08,6873.801476908746,8435.748797726992
13605.27633851468,1.0,0.0,1.0,1.0,8.405815492878734e-08,27792,4.202907746439367e-08,512,258500,1.0,0.0,1.0,1.0,7.633305695993831e-08,9264,3.816652847996916e-08,6880.1558149367775,8443.600579888007
13618.442141623489,1.0,3.5172571233067754e-10,1.0,1.0,9.546350489869277e-08,27792,4.790761533529664e-08,512,258750,1.0,1.415481541227834e-10,1.0,1.0,8.941982727483327e-08,9264,4.478068771907999e-08,6886.516335985783,8451.458928459993
13631.607944732297,1.0,8.57867605392587e-12,1.0,1.0,9.029485305352803e-08,27792,4.515171586504664e-08,512,259000,1.0,1.2868014080888805e-11,1.0,1.0,8.364208939353543e-08,9264,4.1827478704191655e-08,6892.846523299842,8459.285295968992
13644.773747841105,1.0,0.0,1.0,1.0,8.542645410274591e-08,27792,4.271322706773548e-08,512,259250,1.0,0.0,1.0,1.0,7.550950400967385e-08,9264,3.7754752004836925e-08,6899.146522930954,8467.08043465999
13657.939550949914,1.0,4.289338026962935e-12,1.0,1.0,8.754967655264649e-08,27792,4.377698294546456e-08,512,259500,1.0,1.2868014080888805e-11,1.0,1.0,8.032214156278181e-08,9264,4.0167504788814844e-08,6905.45369380599,8474.88190816599
13671.055267702935,1.0,0.0,1.0,1.0,7.762414753757126e-08,27792,3.881207376878563e-08,512,259750,1.0,0.0,1.0,1.0,6.809752745729367e-08,9264,3.4048763728646835e-08,6911.752691322974,8482.674928784996
13684.221070811744,1.0,3.131216729003204e-10,1.0,1.0,7.566392020421096e-08,27792,3.798852094942138e-08,512,260000,1.0,1.9302020814535826e-10,1.0,1.0,6.706808626946308e-08,9264,3.363055324609066e-08,6918.019898402956,8490.434503074008
13697.386873920552,1.0,1.072334504184089e-10,1.0,1.0,8.974581775335172e-08,27792,4.492652560520871e-08,512,260250,1.0,5.147205555656177e-11,1.0,1.0,8.272845955393449e-08,9264,4.1389965806663014e-08,6924.276611110006,8498.195422587
13710.552677029362,1.0,0.0,1.0,1.0,7.972163418685144e-08,27792,3.986081709342572e-08,512,260500,1.0,0.0,1.0,1.0,6.926851680845095e-08,9264,3.463425840422548e-08,6930.372098378044,8505.780856999001
13723.71848013817,1.0,0.0,1.0,1.0,1.0331728119978013e-07,27792,5.1658640599890065e-08,512,260750,1.0,0.0,1.0,1.0,9.787411381529321e-08,9264,4.8937056907646606e-08,6936.362709621157,8513.262022073002
13736.884283246978,1.0,0.0,1.0,1.0,1.0121979530317619e-07,27792,5.0609897651588093e-08,512,261000,1.0,0.0,1.0,1.0,9.517183069723794e-08,9264,4.758591534861897e-08,6941.772309499087,8520.132665491998
13750.0,1.0,9.8354513393148e-09,1.0,1.0,7.96272684828332e-08,27792,4.473136058244894e-08,48,261250,1.0,9.316441565628863e-09,1.0,1.0,7.121158705048117e-08,9264,4.026401490017396e-08,6947.765491318103,8527.609860875993
13763.165803108808,1.0,0.0,1.0,1.0,9.740657566432386e-08,27792,4.870328783216193e-08,512,261500,1.0,0.0,1.0,1.0,9.227652735646442e-08,9264,4.613826367823221e-08,6954.110006436094,8535.451971201997
13776.331606217616,1.0,3.633014022415457e-09,0.9989565342544617,0.9989565342544617,0.00393971321685052,27792,0.001969858399223993,512,261750,1.0,9.651009755323478e-10,0.9997841105354058,0.9997841105354058,0.000990268616697434,9264,0.0004951347908992739,6960.449028544099,8543.287668732999
13789.497409326425,1.0,1.2696427817492373e-09,0.9997841105354058,0.9997841105354058,0.0005307365892477501,27792,0.0002653689294459409,512,262000,1.0,9.779690087880729e-10,1.0,1.0,1.3012596551461197e-05,9264,6.5067872602948175e-06,6966.768153551027,8551.101599353002
13802.663212435233,1.0,1.0465984514785208e-09,1.0,1.0,8.900409785075737e-05,27792,4.450257222464916e-05,512,262250,1.0,1.1967252757749469e-09,1.0,1.0,1.704955116856927e-06,9264,8.5307592111889e-07,6973.1064011729395,8558.935732590995
13815.82901554404,1.0,8.106848697108098e-10,1.0,1.0,6.627418648746593e-06,27792,3.314114666841005e-06,512,262500,1.0,1.0165730840114579e-09,1.0,1.0,4.260984299659847e-07,9264,2.1355750156948368e-07,6979.426773908868,8566.751818905002
13828.994818652849,1.0,1.6728418177323204e-10,1.0,1.0,3.509582450281492e-07,27792,1.7556276461058583e-07,512,262750,1.0,1.801521963654498e-10,1.0,1.0,1.991711053447246e-07,9264,9.967562877629748e-08,6985.751925739853,8574.572547757009
13842.110535405873,1.0,9.693903685271748e-10,1.0,1.0,1.833220030738707e-07,27792,9.214569676287225e-08,512,263000,1.0,1.1452532140824376e-09,1.0,1.0,1.670525529490064e-07,9264,8.409890313523395e-08,6992.009857317993,8582.323847388005
13855.27633851468,1.0,4.387992586569251e-09,1.0,1.0,1.700465094667527e-07,27792,8.721725129766531e-08,512,263250,1.0,4.349388500096629e-09,1.0,1.0,1.583280404529448e-07,9264,8.133871473576451e-08,6998.268927349964,8590.077391480008
13868.442141623489,1.0,0.0,0.999496257915947,0.999496257915947,0.002086712951268186,27792,0.0010433564756508482,512,263500,1.0,0.0,1.0,1.0,5.0979108311998335e-05,9264,2.5489554155999167e-05,7004.609914143955,8597.910113307997
13881.607944732297,1.0,0.0,0.9997841105354058,0.9997841105354058,0.00105626910863956,27792,0.0005281345543239688,512,263750,1.0,0.0,1.0,1.0,5.937824050506009e-06,9264,2.9689120252530045e-06,7010.897486499911,8605.689187908996
13894.773747841105,1.0,0.0,0.9999640184225677,0.9999640184225677,0.00016176025718069533,27792,8.088012859034766e-05,512,264000,1.0,0.0,1.0,1.0,1.014654842488819e-06,9264,5.073274210480591e-07,7017.1756750248605,8613.459091608995
13907.939550949914,1.0,0.0,1.0,1.0,1.0025012195368226e-05,27792,5.012506097684113e-06,512,264250,1.0,0.0,1.0,1.0,2.6648366273955e-07,9264,1.33241831369775e-07,7023.465455889884,8621.240419636
13921.055267702935,1.0,2.573602816177761e-11,1.0,1.0,2.1538047073230098e-07,27792,1.0770310338099838e-07,512,264500,1.0,2.573602816177761e-11,1.0,1.0,1.8279012558497566e-07,9264,9.140793080733572e-08,7030.3144051828785,8629.59499242701
13934.221070811744,1.0,7.120300963689847e-10,1.0,1.0,1.6428163881490144e-07,27792,8.24968344849088e-08,512,264750,1.0,8.75024936024622e-10,1.0,1.0,1.4589753810989055e-07,9264,7.338628155977327e-08,7036.99897621978,8637.807049623996
13947.386873920552,1.0,4.285048457559613e-09,1.0,1.0,1.7420716917170387e-07,27792,8.924610905802433e-08,512,265000,1.0,4.658220833436e-09,1.0,1.0,1.6047699893254114e-07,9264,8.256761015373726e-08,7043.301601110739,8645.603666757
13960.552677029362,1.0,1.7328924994882337e-09,1.0,1.0,1.6920580125776116e-07,27792,8.546934699469638e-08,512,265250,1.0,1.827257922786865e-09,1.0,1.0,1.575302235323761e-07,9264,7.967874082038769e-08,7049.615606652733,8653.423916878994
13973.71848013817,1.0,4.846951880985547e-10,1.0,1.0,1.7494922574180015e-07,27792,8.771696051659358e-08,512,265500,1.0,4.375124749152521e-10,1.0,1.0,1.6164798818552327e-07,9264,8.104275039426321e-08,7055.946970897676,8661.252064981003
13986.884283246978,1.0,3.075455204008135e-09,1.0,1.0,1.5014398297696665e-07,27792,7.660971929553031e-08,512,265750,1.0,2.8438310098662964e-09,1.0,1.0,1.3610497881065215e-07,9264,6.947440504601707e-08,7062.311675268706,8669.114139653
14000.0,1.0,0.0,1.0,1.0,1.632950941515023e-07,27792,8.16475471084762e-08,48,266000,1.0,0.0,1.0,1.0,1.4768619217374618e-07,9264,7.384309608687309e-08,7068.62567293967,8676.920259617007
14013.165803108808,1.0,2.3119531144647223e-09,1.0,1.0,1.5258032712149902e-07,27792,7.744614026064265e-08,512,266250,1.0,2.1103541888477917e-09,1.0,1.0,1.407889362152813e-07,9264,7.144964532516699e-08,7074.954944470715,8684.742839548999
14026.331606217616,1.0,1.6814204441873364e-09,1.0,1.0,1.5499951286569915e-07,27792,7.83404667689696e-08,512,266500,1.0,1.4798215594767232e-09,1.0,1.0,1.4395446629705773e-07,9264,7.27171440022821e-08,7081.613821929757,8692.916990497004
14039.497409326425,1.0,7.29187464583699e-11,1.0,1.0,1.280367334683049e-07,27792,6.405482614227985e-08,512,266750,1.0,6.434006963745057e-11,1.0,1.0,1.1681582455367664e-07,9264,5.844008233850182e-08,7088.683873097776,8701.498456558998
14052.663212435233,1.0,2.5264199938257234e-09,1.0,1.0,1.4276203179256486e-07,27792,7.264422605324126e-08,512,267000,1.0,2.1489582211195434e-09,1.0,1.0,1.3144675743571877e-07,9264,6.679785795765755e-08,7094.9835983958255,8709.289756743005
14065.82901554404,1.0,0.0,1.0,1.0,1.333512236659304e-07,27792,6.66756118329652e-08,512,267250,1.0,0.0,1.0,1.0,1.2147404592861003e-07,9264,6.07370229888488e-08,7101.272593711918,8717.071103575
14078.994818652849,1.0,9.552355173218687e-09,1.0,1.0,1.2810536288082695e-07,27792,6.882885965084416e-08,512,267500,1.0,9.303573452605818e-09,1.0,1.0,1.1612095180097858e-07,9264,6.271226326799872e-08,7107.5904445639535,8724.880849665002
14092.110535405873,1.0,4.0319776839856826e-10,1.0,1.0,1.1371034366977945e-07,27792,5.705677073417321e-08,512,267750,1.0,3.345683615011482e-10,1.0,1.0,1.0269961231463738e-07,9264,5.1517090350341165e-08,7113.936209005988,8732.719349435996
14105.27633851468,1.0,2.830963049219285e-10,1.0,1.0,1.2444226805291324e-07,27792,6.236268218978333e-08,512,268000,1.0,2.0588822376023398e-10,1.0,1.0,1.1498856649436494e-07,9264,5.759722736596553e-08,7120.258482547972,8740.53318507399
14118.442141623489,1.0,0.0,1.0,1.0,1.1417359220430321e-07,27792,5.7086796102151606e-08,512,268250,1.0,0.0,1.0,1.0,1.0316286084916115e-07,9264,5.1581430424580574e-08,7126.586429901923,8748.355235497991
14131.607944732297,1.0,0.0,1.0,1.0,1.1324709513525569e-07,27792,5.662354756762784e-08,512,268500,1.0,0.0,1.0,1.0,1.0352316521581426e-07,9264,5.1761582632450924e-08,7132.950215542107,8756.214936710996
14144.773747841105,1.0,3.1526633094579554e-09,1.0,1.0,1.090735689862592e-07,27792,5.611311631199518e-08,512,268750,1.0,2.8309629443968465e-09,1.0,1.0,1.0010027331536518e-07,9264,5.146561829094963e-08,7139.315693436103,8764.075630709995
14157.939550949914,1.0,1.2868013653929115e-09,1.0,1.0,1.0056352183352641e-07,27792,5.0925161659157317e-08,512,269000,1.0,1.0551771162832094e-09,1.0,1.0,9.046213490670913e-08,9264,4.575865606211774e-08,7145.597075987185,8771.849719828999
14171.055267702935,1.0,9.007609654647221e-10,1.0,1.0,8.839896003479763e-08,27792,4.4649860537074695e-08,512,269250,1.0,7.33476784202819e-10,1.0,1.0,7.72852892732803e-08,9264,3.9009383059804796e-08,7151.904000090188,8779.65173284299
14184.221070811744,1.0,0.0,1.0,1.0,9.766821901635376e-08,27792,4.883410950817688e-08,512,269500,1.0,0.0,1.0,1.0,8.733520572787116e-08,9264,4.366760286393558e-08,7158.284340406244,8787.527654842008
14197.386873920552,1.0,4.267461960342369e-08,1.0,1.0,1.0587801196570178e-07,27792,7.42763124302447e-08,512,269750,1.0,4.322365478088105e-08,1.0,1.0,9.918664504656682e-08,9264,7.120514675984685e-08,7164.679793927244,8795.42298526899
14210.552677029362,1.0,0.0,1.0,1.0,1.0738356970290401e-07,27792,5.3691784851452003e-08,512,270000,1.0,0.0,1.0,1.0,9.91995122760134e-08,9264,4.95997561380067e-08,7171.13939744528,8803.382215124002
14223.71848013817,1.0,0.0,1.0,1.0,9.331883235397344e-08,27792,4.665941617698672e-08,512,270250,1.0,0.0,1.0,1.0,8.540500585689271e-08,9264,4.2702502928446355e-08,7177.49037968523,8811.240537833
14236.884283246978,1.0,3.9032975457334394e-10,1.0,1.0,9.172319772743475e-08,27792,4.605676375557692e-08,512,270500,1.0,2.3162425268900505e-10,1.0,1.0,8.221373817461791e-08,9264,4.1222681220939894e-08,7183.871382020268,8819.119171430008
14250.0,1.0,3.431470421570348e-11,1.0,1.0,9.398796938786376e-08,27792,4.701114204706239e-08,48,270750,1.0,7.720808448533283e-11,1.0,1.0,8.70006404834314e-08,9264,4.353892428625935e-08,7190.217867906278,8826.965094063999
14263.165803108808,1.0,0.0,1.0,1.0,9.455845033225148e-08,27792,4.7279225182488264e-08,512,271000,1.0,0.0,1.0,1.0,8.728373759548611e-08,9264,4.3641868797743053e-08,7196.579943603312,8834.824473091998
14276.331606217616,1.0,1.524859575395619e-08,1.0,1.0,9.191621716475169e-08,27792,5.358240737974608e-08,512,271250,1.0,1.5493088103561375e-08,1.0,1.0,8.507043825624906e-08,9264,5.0281764066549656e-08,7202.885785492319,8842.625576336999
14289.497409326425,1.0,0.0,1.0,1.0,9.940969114450179e-08,27792,4.9704845572250894e-08,512,271500,1.0,0.0,1.0,1.0,9.463137250282428e-08,9264,4.731568625141214e-08,7209.154213196314,8850.387038301997
14302.663212435233,1.0,0.0,1.0,1.0,9.556215627578759e-08,27792,4.7781078137893795e-08,512,271750,1.0,0.0,1.0,1.0,8.947130011962609e-08,9264,4.4735650059813045e-08,7215.462108236294,8858.18976239799
14315.82901554404,1.0,0.0,1.0,1.0,1.0319717815706396e-07,27792,5.159858907853198e-08,512,272000,1.0,0.0,1.0,1.0,9.900649676570295e-08,9264,4.950324838285148e-08,7221.8010148342655,8866.022658572008
14328.994818652849,1.0,4.289338026962935e-12,1.0,1.0,8.36678248832678e-08,27792,4.1836057110775214e-08,512,272250,1.0,0.0,1.0,1.0,7.319326133705504e-08,9264,3.659663066852752e-08,7228.169732985218,8873.887935594
14342.110535405873,1.0,2.440633229195833e-09,1.0,1.0,8.443990629774161e-08,27792,4.34402698902783e-08,512,272500,1.0,2.0717501987606804e-09,1.0,1.0,7.709226983596336e-08,9264,3.95820101132362e-08,7234.477778845248,8881.691408227998
14355.27633851468,1.0,0.0,1.0,1.0,7.918546641064721e-08,27792,3.9592733205323606e-08,512,272750,1.0,0.0,1.0,1.0,6.987331350630141e-08,9264,3.493665675315071e-08,7240.824860134344,8889.533524408005
14368.442141623489,1.0,9.080528027579779e-09,1.0,1.0,8.015056801511419e-08,27792,4.4615548596080744e-08,512,273000,1.0,8.943269331390602e-09,1.0,1.0,7.020788189234636e-08,9264,3.957557610581226e-08,7247.1509069204185,8897.353301174007
14381.607944732297,1.0,0.0,1.0,1.0,8.700493006715194e-08,27792,4.350246503357597e-08,512,273250,1.0,0.0,1.0,1.0,7.898386801860206e-08,9264,3.949193400930103e-08,7253.488986012424,8905.184528011
14394.773747841105,1.0,0.0,1.0,1.0,9.724786700626146e-08,27792,4.862393350313073e-08,512,273500,1.0,0.0,1.0,1.0,9.101546111597067e-08,9264,4.5507730557985336e-08,7259.879200053445,8913.06893826701
14407.939550949914,1.0,0.0,1.0,1.0,5.59286747658422e-08,27792,2.79643373829211e-08,512,273750,1.0,0.0,1.0,1.0,4.483215663686633e-08,9264,2.2416078318433165e-08,7266.203232259431,8920.885578911999
14421.055267702935,1.0,1.2260214186421597e-07,0.49179620034542315,0.49179620034542315,2.5816571263657537,27792,1.290828682323537,512,274000,1.0,1.2237480696796177e-07,0.5119818652849741,0.5119818652849741,2.4719795068928616,9264,1.2359898720380555,7272.557458913427,8928.732843546997
14434.221070811744,1.0,7.348340352165019e-07,0.9997481289579735,0.9997481289579735,0.0009580819904948995,27792,0.0004794084142009413,512,274250,1.0,6.477565294880118e-07,1.0,1.0,2.0537204142307642e-05,9264,1.0592480247049305e-05,7278.900304354342,8936.568496155
14447.386873920552,1.0,4.7646801802279454e-07,0.999892055267703,0.999892055267703,0.0003508321361704185,27792,0.0001756543022227647,512,274500,1.0,4.788700650016948e-07,1.0,1.0,3.452183924444882e-06,9264,1.9655270013991995e-06,7285.327213265351,8944.489640824002
14460.552677029362,1.0,1.3759765802826416e-07,1.0,1.0,1.9203846904463373e-05,27792,9.670722226594978e-06,512,274750,1.0,1.3839547445795703e-07,1.0,1.0,6.733441833306256e-07,9264,4.058698289433789e-07,7291.724633981285,8952.383041574009
14473.71848013817,1.0,8.407102325759121e-10,1.0,1.0,9.797625106187145e-07,27792,4.903016104610548e-07,512,275000,1.0,9.136289652283998e-10,1.0,1.0,2.2718477209776168e-07,9264,1.1404920057598066e-07,7298.107243992345,8960.263353422997
14486.884283246978,1.0,9.822583815854057e-10,1.0,1.0,1.8721209713715936e-07,27792,9.409717786739064e-08,512,275250,1.0,9.2649698851321e-10,1.0,1.0,1.5139218044993628e-07,9264,7.61593387594919e-08,7304.471675699337,8968.138285355992
14500.0,1.0,8.36849806901395e-09,0.8176813471502591,0.8176813471502591,0.7683421004827364,27792,0.38417105051588585,48,275500,1.0,8.23552841964989e-09,0.8195164075993091,0.8195164075993091,0.7586531499095119,9264,0.37932657495475597,7310.79361323332,8975.95609925699
14513.165803108808,1.0,1.235329307279705e-09,0.9910765687967761,0.9910765687967761,0.028857409919756338,27792,0.014428705423126704,512,275750,1.0,1.4540855397518736e-09,0.9953583765112263,0.9953583765112263,0.016764918246526844,9264,0.008382459843872253,7317.11678342431,8983.774703604999
14526.331606217616,1.0,3.0025366188740546e-11,0.9977331606217616,0.9977331606217616,0.008608045621582606,27792,0.004304022810791303,512,276000,1.0,7.720808371833938e-11,0.9990284974093264,0.9990284974093264,0.0030593221785182164,9264,0.0015296611149951378,7323.433991075297,8991.586893619999
14539.497409326425,1.0,0.0,0.9967616580310881,0.9967616580310881,0.010060588664615984,27792,0.005030294332307992,512,276250,1.0,0.0,0.9990284974093264,0.9990284974093264,0.004443666548669236,9264,0.002221833274334618,7329.7966764013545,8999.444113641002
14552.663212435233,1.0,8.149733737602237e-11,0.9995682210708118,0.9995682210708118,0.0015727491327454204,27792,0.0007863746006874165,512,276500,1.0,3.860404070867951e-11,1.0,1.0,3.317766217173066e-05,9264,1.65888503878876e-05,7336.116112746298,9007.257087596998
14565.82901554404,1.0,2.573602151450101e-11,0.9997121473805411,0.9997121473805411,0.0008797803020193435,27792,0.0004398901595904427,512,276750,1.0,5.1472052488587955e-11,1.0,1.0,4.232026172924702e-06,9264,2.1160388224920467e-06,7342.516526581327,9015.150168052001
14578.994818652849,1.0,4.289338026962935e-12,0.9999280368451353,0.9999280368451353,0.00019649179779674037,27792,9.824590104303933e-05,512,277000,1.0,1.2868014080888805e-11,1.0,1.0,6.225543305741676e-07,9264,3.1128359929450774e-07,7348.898810303341,9023.027214567992
14592.110535405873,1.0,0.0,1.0,1.0,1.3143733715061283e-05,27792,6.571866857530642e-06,512,277250,1.0,0.0,1.0,1.0,2.6650940191085097e-07,9264,1.3325470095542549e-07,7355.257734005347,9030.879302497997
14605.27633851468,1.0,2.8309630389927057e-10,1.0,1.0,3.1489221888482103e-07,27792,1.575876576057372e-07,512,277500,1.0,1.6728418228456103e-10,1.0,1.0,1.6920150818882238e-07,9264,8.468439619092243e-08,7361.628868603388,9038.744685551996
14618.442141623489,1.0,7.034514203150588e-10,1.0,1.0,1.6900419398086384e-07,27792,8.485382272960737e-08,512,277750,1.0,5.919286369829767e-10,1.0,1.0,1.5095466794510827e-07,9264,7.577329831405543e-08,7368.066512666344,9046.676765402997
14631.607944732297,1.0,3.4271809104585292e-09,1.0,1.0,1.8199231344226486e-07,27792,9.270974736504208e-08,512,278000,1.0,3.41002351744436e-09,1.0,1.0,1.6815920379672685e-07,9264,8.578461386570782e-08,7374.469856273288,9054.573471206997
14644.773747841105,1.0,1.8873087139671776e-10,1.0,1.0,1.6722841473866732e-07,27792,8.370857284427652e-08,512,278250,1.0,1.0294411264711044e-10,1.0,1.0,1.523186775189838e-07,9264,7.621081081888343e-08,7380.8330063813555,9062.431250485999
14657.939550949914,1.0,1.818679247244268e-09,1.0,1.0,1.3455223831961596e-07,27792,6.818545890845005e-08,512,278500,1.0,1.5956336693308665e-09,1.0,1.0,1.2250348716552817e-07,9264,6.2049560478789e-08,7387.185404616299,9070.279840653995
14671.055267702935,1.0,4.486647317982101e-09,1.0,1.0,1.5354113732600496e-07,27792,7.901389258481663e-08,512,278750,1.0,4.323652448158054e-09,1.0,1.0,1.3919330237414388e-07,9264,7.175847768151617e-08,7393.546809597305,9078.138434877997
14684.221070811744,1.0,1.1238065308505639e-09,1.0,1.0,1.773169389030079e-07,27792,8.92203727992532e-08,512,279000,1.0,9.2649698851321e-10,1.0,1.0,1.637068706593596e-07,9264,8.231668386420356e-08,7399.991468304281,9086.080738310004
14697.386873920552,1.0,2.3720038074698728e-09,1.0,1.0,1.6698392402736017e-07,27792,8.467796408155162e-08,512,279250,1.0,2.097486173232916e-09,1.0,1.0,1.54480504013428e-07,9264,7.828899521681642e-08,7406.378729148375,9093.963561104989
14710.552677029362,1.0,2.290506287856206e-08,1.0,1.0,1.6044268262275248e-07,27792,9.167387452599146e-08,512,279500,1.0,2.1708337704285912e-08,1.0,1.0,1.4740309584709278e-07,9264,8.455571844773507e-08,7412.801632521405,9101.882232343996
14723.71848013817,1.0,3.431470421570348e-11,1.0,1.0,1.4797357728235631e-07,27792,7.400394602703371e-08,512,279750,1.0,1.2868014080888805e-11,1.0,1.0,1.343163247467965e-07,9264,6.71645963808222e-08,7419.139658018423,9109.715621437004
14736.884283246978,1.0,4.289338026962935e-12,1.0,1.0,1.5320656893996003e-07,27792,7.660542917184639e-08,512,280000,1.0,0.0,1.0,1.0,1.395407387750367e-07,9264,6.977036938751835e-08,7425.474810035419,9117.546874257998
14750.0,1.0,3.560150389805709e-09,1.0,1.0,1.423974380385415e-07,27792,7.297879443928619e-08,48,280250,1.0,2.9339070647138914e-09,1.0,1.0,1.292463268967309e-07,9264,6.609011714102403e-08,7431.7767274554135,9125.355302233002
14763.165803108808,1.0,1.8212527721850438e-08,1.0,1.0,1.533352422816276e-07,27792,8.577388631483182e-08,512,280500,1.0,1.7191665670781185e-08,1.0,1.0,1.4517692770760654e-07,9264,8.118429777218863e-08,7438.089936911369,9133.161537870998
14776.331606217616,1.0,8.351340650433333e-09,1.0,1.0,1.293792964162174e-07,27792,6.88653190262465e-08,512,280750,1.0,7.566391840842363e-09,1.0,1.0,1.1909346323083938e-07,9264,6.332992795615329e-08,7444.362297808337,9140.927232173999
14789.497409326425,1.0,1.7672072006359632e-09,1.0,1.0,1.2341282679963256e-07,27792,6.259001711876258e-08,512,281000,1.0,1.4412175279719652e-09,1.0,1.0,1.1218333920843904e-07,9264,5.681227843570092e-08,7450.619740664326,9148.677507935994
14802.663212435233,1.0,0.0,1.0,1.0,1.1823130621966875e-07,27792,5.9115653109834375e-08,512,281250,1.0,0.0,1.0,1.0,1.058136719078249e-07,9264,5.2906835929368655e-08,7456.856455579393,9156.405713412998
14815.82901554404,1.0,8.707355951853498e-10,1.0,1.0,1.1314415101647262e-07,27792,5.7007443343923e-08,512,281500,1.0,6.820047286462572e-10,1.0,1.0,1.0273821635918103e-07,9264,5.17101105730594e-08,7463.122186583358,9164.164910954001
14828.994818652849,1.0,0.0,1.0,1.0,1.216499088309228e-07,27792,6.08249544154614e-08,512,281750,1.0,0.0,1.0,1.0,1.1179729876300257e-07,9264,5.5898649381501284e-08,7469.43431208338,9171.972913584003
14842.110535405873,1.0,0.0,1.0,1.0,1.0596379873135432e-07,27792,5.298189936567716e-08,512,282000,1.0,0.0,1.0,1.0,9.681892952915519e-08,9264,4.8409464764577595e-08,7475.71785432443,9179.752336412988
14855.27633851468,1.0,0.0,1.0,1.0,1.1116676606818139e-07,27792,5.5583383034090696e-08,512,282250,1.0,0.0,1.0,1.0,1.0232643988404881e-07,9264,5.1163219942024403e-08,7482.0645690453675,9187.595264921998
14868.442141623489,1.0,2.3333996780456172e-08,1.0,1.0,1.1902483380195482e-07,27792,7.1179417029724e-08,512,282500,1.0,2.2930798912348456e-08,1.0,1.0,1.1229915134206996e-07,9264,6.761497690049808e-08,7488.445846003386,9195.473764540002
14881.607944732297,1.0,9.15773605326228e-09,1.0,1.0,9.201487194525212e-08,27792,5.058630458933083e-08,512,282750,1.0,8.698776955707637e-09,1.0,1.0,8.181482971433356e-08,9264,4.5256803875750984e-08,7494.7689585783955,9203.293129778991
14894.773747841105,1.0,3.6802518126316958e-09,1.0,1.0,1.0100103460015483e-07,27792,5.234064342332458e-08,512,283000,1.0,3.4486276348523845e-09,1.0,1.0,9.367913626247581e-08,9264,4.856388212085413e-08,7501.0750942794475,9211.093460122007
14907.939550949914,1.0,0.0,1.0,1.0,1.0268245494514435e-07,27792,5.1341227472572174e-08,512,283250,1.0,0.0,1.0,1.0,9.602111417938908e-08,9264,4.801055708969454e-08,7507.662806915534,9219.197537158005
14921.055267702935,1.0,0.0,1.0,1.0,9.433540317075226e-08,27792,4.716770158537613e-08,512,283500,1.0,0.0,1.0,1.0,8.607414105818e-08,9264,4.303707052909e-08,7515.071475407531,9228.133466008003
14934.221070811744,1.0,4.296629462300488e-08,1.0,1.0,1.0462123584889195e-07,27792,7.379376190617416e-08,512,283750,1.0,4.341667500359928e-08,1.0,1.0,9.891641752016259e-08,9264,7.116654350070451e-08,7521.347162877537,9235.903247379989
14947.386873920552,1.0,1.234042450060059e-08,1.0,1.0,1.0505016961170457e-07,27792,5.8695297958136885e-08,512,284000,1.0,1.2070196154024694e-08,1.0,1.0,1.0138707637095599e-07,9264,5.672863714913477e-08,7527.630027417574,9243.681860729004
14960.552677029362,1.0,2.230455745897633e-10,1.0,1.0,8.32603377464182e-08,27792,4.1741691668557416e-08,512,284250,1.0,1.5441616820367222e-10,1.0,1.0,7.559958011360902e-08,9264,3.7876998145891805e-08,7533.900820862604,9251.446005506004
14973.71848013817,1.0,0.0,1.0,1.0,8.961713551046945e-08,27792,4.4808567755234725e-08,512,284500,1.0,0.0,1.0,1.0,8.306302872538073e-08,9264,4.1531514362690364e-08,7540.187804842579,9259.228274626003
14986.884283246978,1.0,7.442001034736798e-09,1.0,1.0,8.277993185876394e-08,27792,4.511096688956125e-08,512,284750,1.0,7.0516712009074646e-09,1.0,1.0,7.202227201044155e-08,9264,3.953697207354051e-08,7546.481521626549,9267.016917718996
15000.0,1.0,0.0,1.0,1.0,9.367055835494933e-08,27792,4.6835279177474666e-08,48,285000,1.0,0.0,1.0,1.0,8.782419343369587e-08,9264,4.3912096716847934e-08,7552.838345257565,9274.867374071007
15013.165803108808,1.0,1.377735278846509e-08,1.0,1.0,9.227652655470061e-08,27792,5.302694055924994e-08,512,285250,1.0,1.3292657564573509e-08,1.0,1.0,8.74381529882594e-08,9264,5.036540616306089e-08,7559.2336355885345,9282.771735629009
15026.331606217616,1.0,9.269258881335647e-09,1.0,1.0,8.2938637898822e-08,27792,4.610394896378993e-08,512,285500,1.0,8.711644671428073e-09,1.0,1.0,7.505912348999797e-08,9264,4.1885384771007125e-08,7565.54530966351,9290.581031031004
15039.497409326425,1.0,7.806594999427665e-10,1.0,1.0,9.892928918385401e-08,27792,4.98549743756461e-08,512,285750,1.0,5.661926118891729e-10,1.0,1.0,9.448982512489888e-08,9264,4.752800888910285e-08,7571.7678440795935,9298.295976583002
15052.663212435233,1.0,2.1146435685480656e-09,1.0,1.0,1.0301702542559275e-07,27792,5.256583459946403e-08,512,286000,1.0,1.621369729706369e-09,1.0,1.0,9.874913725414661e-08,9264,5.018525356248989e-08,7578.094262283608,9306.117280999999
15065.82901554404,1.0,7.420554515539259e-08,1.0,1.0,9.404802195642357e-08,27792,8.412678250870635e-08,512,286250,1.0,7.448006282184326e-08,1.0,1.0,8.669180891248353e-08,9264,8.05859358671634e-08,7584.47671780955,9313.998078470991
15078.994818652849,1.0,2.2733491261672624e-10,1.0,1.0,9.951263840489003e-08,27792,4.986998666693464e-08,512,286500,1.0,1.801521963654498e-10,1.0,1.0,9.536485013455487e-08,9264,4.777250117121261e-08,7590.888510453544,9321.910469041992
15092.110535405873,1.0,0.0,1.0,1.0,8.564949943164211e-08,27792,4.282474973218358e-08,512,286750,1.0,0.0,1.0,1.0,7.862356360286135e-08,9264,3.931178180143067e-08,7597.309420535552,9329.833789033
15105.27633851468,1.0,0.0,1.0,1.0,8.42554644897882e-08,27792,4.21277322448941e-08,512,287000,1.0,0.0,1.0,1.0,7.607569666298066e-08,9264,3.803784833149033e-08,7603.6833679375195,9337.709127802998
15118.442141623489,1.0,0.0,1.0,1.0,9.449840378510161e-08,27792,4.724920189255081e-08,512,287250,1.0,0.0,1.0,1.0,8.880216334753621e-08,9264,4.440108167376811e-08,7610.0211254055175,9345.543812222997
15131.607944732297,1.0,0.0,1.0,1.0,9.988581240628121e-08,27792,4.9942906203140605e-08,512,287500,1.0,0.0,1.0,1.0,9.485013032604088e-08,9264,4.742506516302044e-08,7616.304036297479,9353.322352185001
15144.773747841105,1.0,0.0,1.0,1.0,9.341320093779643e-08,27792,4.670660046889822e-08,512,287750,1.0,0.0,1.0,1.0,8.75797019369874e-08,9264,4.37898509684937e-08,7622.642455488414,9361.156479177997
15157.939550949914,1.0,0.0,1.0,1.0,8.029640551672352e-08,27792,4.014820275836176e-08,512,288000,1.0,0.0,1.0,1.0,7.091562270897988e-08,9264,3.545781135448994e-08,7628.972800302414,9368.983767550002
15171.055267702935,1.0,0.0,1.0,1.0,9.820009931960345e-08,27792,4.910004965980172e-08,512,288250,1.0,0.0,1.0,1.0,9.307434192082923e-08,9264,4.6537170960414617e-08,7635.297195920488,9376.802837894007
15184.221070811744,1.0,0.0,1.0,1.0,9.575088820742492e-08,27792,4.787544410371246e-08,512,288500,1.0,0.0,1.0,1.0,8.948416656367138e-08,9264,4.474208328183569e-08,7641.534681152414,9384.530352328991
15197.386873920552,1.0,0.0,0.9903929188255614,0.9903929188255614,0.03122979505486233,27792,0.015614897527431166,512,288750,1.0,0.0,0.9964378238341969,0.9964378238341969,0.014250965187380763,9264,0.007125482593690381,7647.819583355413,9392.307715628995
15210.552677029362,1.0,8.57867605392587e-12,0.9997481289579735,0.9997481289579735,0.0005910876727135929,27792,0.0002955438406461347,512,289000,1.0,0.0,1.0,1.0,6.477180851548219e-06,9264,3.2385904257741094e-06,7654.271778958435,9400.256753341004
15223.71848013817,1.0,0.0,1.0,1.0,0.0001544389299306832,27792,7.72194649653416e-05,512,289250,1.0,0.0,1.0,1.0,1.4075647936924301e-06,9264,7.037823968462151e-07,7660.6373234164785,9408.118222181001
15236.884283246978,1.0,0.0,0.9999640184225677,0.9999640184225677,4.591573148073586e-05,27792,2.295786574036793e-05,512,289500,1.0,0.0,1.0,1.0,2.864162177389196e-07,9264,1.432081088694598e-07,7666.980289629537,9415.957092981
15250.0,1.0,0.0,1.0,1.0,2.9728749573016645e-06,27792,1.4864374787162823e-06,48,289750,1.0,0.0,1.0,1.0,1.5722138175121137e-07,9264,7.861069087560569e-08,7672.359501099556,9422.792964465
15263.165803108808,1.0,0.0,1.0,1.0,1.6251442149404252e-07,27792,8.125721074702126e-08,512,290000,1.0,0.0,1.0,1.0,1.4089188033406434e-07,9264,7.044594016703217e-08,7678.664660208553,9430.590223067993
15276.331606217616,1.0,6.005073237748109e-11,1.0,1.0,1.4936761117700848e-07,27792,7.471383095648264e-08,512,290250,1.0,9.007609779922818e-11,1.0,1.0,1.3441926886557958e-07,9264,6.725467248475737e-08,7685.021953528689,9438.456921097008
15289.497409326425,1.0,7.686493265713665e-09,1.0,1.0,1.359934559825788e-07,27792,7.183997512524862e-08,512,290500,1.0,7.218955492105096e-09,1.0,1.0,1.2299247168066012e-07,9264,6.510571400516103e-08,7691.458524642643,9446.390939979989
15302.663212435233,1.0,3.4743637507070804e-10,1.0,1.0,1.377306379870429e-07,27792,6.903903722669291e-08,512,290750,1.0,2.1875623707412934e-10,1.0,1.0,1.2426640515060047e-07,9264,6.224258070150723e-08,7697.858923004671,9454.28931955999
15315.82901554404,1.0,2.174694291465961e-09,1.0,1.0,1.7192524172894695e-07,27792,8.704996815184458e-08,512,291000,1.0,1.788653916592891e-09,1.0,1.0,1.6332083011574795e-07,9264,8.25547420898018e-08,7704.308334170659,9462.239433278999
15328.994818652849,1.0,1.3502835105651883e-08,1.0,1.0,1.3242043719315015e-07,27792,7.296163708615569e-08,512,291250,1.0,1.330552557942139e-08,1.0,1.0,1.1807689005785668e-07,9264,6.569120868073968e-08,7710.731532440652,9470.165268307988
15342.110535405873,1.0,0.0,1.0,1.0,1.3716444533373606e-07,27792,6.85822226995931e-08,512,291500,1.0,0.0,1.0,1.0,1.230182077103559e-07,9264,6.150910385517795e-08,7717.181285604704,9478.114796675
15355.27633851468,1.0,0.0,1.0,1.0,1.1353019146190909e-07,27792,5.6765095730954546e-08,512,291750,1.0,0.0,1.0,1.0,1.0025468949353975e-07,9264,5.0127344746769876e-08,7723.462089758723,9485.89083015101
15368.442141623489,1.0,2.221447954595926e-08,1.0,1.0,1.159708249447241e-07,27792,6.909265395522576e-08,512,292000,1.0,2.1669733457255992e-08,1.0,1.0,1.0376765828332533e-07,9264,6.271869727542267e-08,7729.860433429611,9493.787552121998
15381.607944732297,1.0,1.6728418228456103e-10,1.0,1.0,1.1404062271754175e-07,27792,5.7103953455282116e-08,512,292250,1.0,1.0294411264711044e-10,1.0,1.0,1.0263527224039797e-07,9264,5.1369108179590516e-08,7736.284575785583,9501.71072846299
15394.773747841105,1.0,3.431470421570348e-11,1.0,1.0,1.022578109787651e-07,27792,5.114606284251306e-08,512,292500,1.0,2.573602816177761e-11,1.0,1.0,9.005035686077432e-08,9264,4.503804644523504e-08,7742.686468100532,9509.610672854993
15407.939550949914,1.0,1.049600926814618e-08,1.0,1.0,1.1559336317585288e-07,27792,6.30446869767211e-08,512,292750,1.0,1.003705039711027e-08,1.0,1.0,1.0646994061597931e-07,9264,5.825349609866373e-08,7749.11764581647,9517.542708358
15421.055267702935,1.0,0.0,1.0,1.0,9.383355059168485e-08,27792,4.6916775295842423e-08,512,293000,1.0,0.0,1.0,1.0,8.19306410625632e-08,9264,4.09653205312816e-08,7755.491040301436,9525.41565452001
15434.221070811744,1.0,1.8529939657771827e-09,1.0,1.0,1.1024026893368376e-07,27792,5.604663156861445e-08,512,293250,1.0,1.4540855550917426e-09,1.0,1.0,1.013227346768264e-07,9264,5.138841020186234e-08,7761.817278096365,9533.239082408996
15447.386873920552,1.0,1.968806066683069e-09,1.0,1.0,9.402657133800395e-08,27792,4.7997688804864964e-08,512,293500,1.0,1.5827656974346176e-09,1.0,1.0,8.333325703718626e-08,9264,4.245801143173789e-08,7768.143553526461,9541.061414261989
15460.552677029362,1.0,2.397739874492652e-09,1.0,1.0,9.247383087969282e-08,27792,4.743578548984077e-08,512,293750,1.0,1.8915979985602633e-09,1.0,1.0,8.247109925697685e-08,9264,4.218134871980777e-08,7774.536588568473,9548.952128923003
15473.71848013817,1.0,0.0,1.0,1.0,9.567367854753504e-08,27792,4.783683927376752e-08,512,294000,1.0,0.0,1.0,1.0,8.845472689755582e-08,9264,4.4227363473321696e-08,7780.897358760551,9556.809097382997
15486.884283246978,1.0,0.0,1.0,1.0,8.870779605635287e-08,27792,4.4353898028176434e-08,512,294250,1.0,0.0,1.0,1.0,7.938277569348511e-08,9264,3.9691387846742556e-08,7787.250718044503,9564.658912744999
15500.0,1.0,0.0,1.0,1.0,1.0706186933170694e-07,27792,5.353093466585347e-08,48,294500,1.0,0.0,1.0,1.0,1.0242938635903575e-07,9264,5.121469317951788e-08,7793.536351037481,9572.440218136006
15513.165803108808,1.0,0.0,1.0,1.0,9.760387972751565e-08,27792,4.8801939863757824e-08,512,294750,1.0,0.0,1.0,1.0,9.09253850120355e-08,9264,4.546269250601775e-08,7799.823461661399,9580.221638213989
15526.331606217616,1.0,4.207840404776677e-09,1.0,1.0,9.241807183822255e-08,27792,4.831295634674003e-08,512,295000,1.0,3.5387037134767766e-09,1.0,1.0,8.384797763110154e-08,9264,4.3693340857134585e-08,7806.1220921954155,9588.014723180007
15539.497409326425,1.0,1.329694785801865e-10,1.0,1.0,1.0621258061354715e-07,27792,5.3172775050154297e-08,512,295250,1.0,9.007609856622163e-11,1.0,1.0,1.0313712717566928e-07,9264,5.1613601639802224e-08,7812.439265222427,9595.840387467004
15552.663212435233,1.0,0.0,1.0,1.0,9.074523304960305e-08,27792,4.537261654116405e-08,512,295500,1.0,0.0,1.0,1.0,8.28700085026625e-08,9264,4.143500425133125e-08,7818.766445448477,9603.664562691003
15565.82901554404,1.0,2.4470671351721067e-08,1.0,1.0,9.383784307157267e-08,27792,5.915425715437802e-08,512,295750,1.0,2.410178826350574e-08,1.0,1.0,8.634437172618941e-08,9264,5.5223078626531255e-08,7825.047426548459,9611.439884849999
15578.994818652849,1.0,0.0,1.0,1.0,8.91067060874398e-08,27792,4.455335306008243e-08,512,296000,1.0,0.0,1.0,1.0,7.987176104310593e-08,9264,3.993588052155296e-08,7831.375267715346,9619.263287690992
15592.110535405873,1.0,0.0,1.0,1.0,9.129855690266069e-08,27792,4.564927846769287e-08,512,296250,1.0,0.0,1.0,1.0,8.459432249227871e-08,9264,4.229716124613936e-08,7837.665227847305,9627.049725366
15605.27633851468,1.0,0.0,1.0,1.0,8.51905404972014e-08,27792,4.25952702486007e-08,512,296500,1.0,0.0,1.0,1.0,7.706653380626759e-08,9264,3.8533266903133796e-08,7843.967793637239,9634.845388324
15618.442141623489,1.0,1.951648719688507e-09,1.0,1.0,9.691330045281954e-08,27792,4.943247468570751e-08,512,296750,1.0,1.7886539043209957e-09,1.0,1.0,9.182614605138726e-08,9264,4.6807400057621446e-08,7850.31772507522,9642.690002611998
15631.607944732297,1.0,8.921822817408617e-10,1.0,1.0,9.02305119320869e-08,27792,4.55613471474367e-08,512,297000,1.0,7.463448059536424e-10,1.0,1.0,8.276706438387944e-08,9264,4.175670462252831e-08,7856.684250582279,9650.55118792801
15644.773747841105,1.0,0.0,0.9990644789867588,0.9990644789867588,0.003334067702919639,27792,0.0016670338514598196,512,297250,1.0,0.0,1.0,1.0,8.217000259956689e-05,9264,4.10850012746506e-05,7863.052823202284,9658.418529506002
15657.939550949914,1.0,0.0,0.9996761658031088,0.9996761658031088,0.0011832705084928812,27792,0.0005916352542464406,512,297500,1.0,0.0,1.0,1.0,2.6964500824248682e-06,9264,1.3482250404270328e-06,7869.396257181215,9666.257499967003
15671.055267702935,1.0,0.0,0.9999280368451353,0.9999280368451353,0.00039618026286935426,27792,0.00019809013143048831,512,297750,1.0,0.0,1.0,1.0,6.494994567029625e-07,9264,3.2474972835148126e-07,7875.768919191192,9674.126754220997
15684.221070811744,1.0,0.0,0.9999640184225677,0.9999640184225677,8.62117438291707e-05,27792,4.310587191458535e-05,512,298000,1.0,0.0,1.0,1.0,2.1530759596396894e-07,9264,1.0765379798198447e-07,7882.158947413183,9682.01451393
15697.386873920552,1.0,0.0,1.0,1.0,2.2278352728580233e-07,27792,1.1139176364290117e-07,512,298250,1.0,0.0,1.0,1.0,1.4692696987290556e-07,9264,7.346348493645278e-08,7888.570850372285,9689.948306858001
15710.552677029362,1.0,6.991620827994248e-10,1.0,1.0,1.413208130824003e-07,27792,7.100998764395934e-08,512,298500,1.0,7.463447959827275e-10,1.0,1.0,1.2546313053145352e-07,9264,6.310473772085914e-08,7896.068980402342,9699.011510735989
15723.71848013817,1.0,2.0159888522194207e-10,1.0,1.0,1.4386868106948273e-07,27792,7.203514001710816e-08,512,298750,1.0,1.672841807505741e-10,1.0,1.0,1.3139528537632726e-07,9264,6.578128478467485e-08,7903.561786587292,9708.039577307005
15736.884283246978,1.0,0.0,1.0,1.0,1.2988972760639996e-07,27792,6.494486383592503e-08,512,299000,1.0,0.0,1.0,1.0,1.1727907313728799e-07,9264,5.86395365441002e-08,7909.8596849933165,9715.858670218004
15750.0,1.0,1.1238065380091696e-09,1.0,1.0,1.3900028159509975e-07,27792,7.006204411257406e-08,48,299250,1.0,1.2095932913898226e-09,1.0,1.0,1.2753488097105014e-07,9264,6.437223718337554e-08,7916.17447649032,9723.669035319006
15763.165803108808,1.0,0.0,1.0,1.0,1.3403322838741805e-07,27792,6.701661422643408e-08,512,299500,1.0,0.0,1.0,1.0,1.226450353288549e-07,9264,6.132251763988365e-08,7922.4896067113,9731.479837043997
15776.331606217616,1.0,3.281343425211724e-09,1.0,1.0,1.3631515583017497e-07,27792,6.979824984091753e-08,512,299750,1.0,2.76662292231299e-09,1.0,1.0,1.2646683573867591e-07,9264,6.461672944094151e-08,7928.799168288322,9739.283639050991
15789.497409326425,1.0,1.9302020942368068e-10,1.0,1.0,1.2687003352088038e-07,27792,6.353152687179931e-08,512,300000,1.0,1.4154815488977686e-10,1.0,1.0,1.1660993636519811e-07,9264,5.8375742264262404e-08,7935.151291855429,9747.129755522998
