epochs_seen,heldout_EOS_accuracy,heldout_EOS_loss,heldout_accuracy,heldout_answer_accuracy,heldout_answer_loss,heldout_examples,heldout_loss,last_batch_size,step,train_EOS_accuracy,train_EOS_loss,train_accuracy,train_answer_accuracy,train_answer_loss,train_examples,train_loss,training_seconds,wall_seconds
0.0,0.0,5.5329228561768415,0.0,0.0,5.5137861848287155,4656,5.523354546720629,,0,0.0,5.53146551073212,0.0,0.0,5.512599931959434,4656,5.522032642692225,0.0,1.4064435039999807
25.0,1.0,0.00024830018045361507,0.020403780068728523,0.020403780068728523,4.554358413538982,4656,2.27730334829219,48,250,1.0,0.0002484250544887228,0.021262886597938145,0.021262886597938145,4.524258800388611,4656,2.262253620370557,6.900102737000452,9.020518545999948
50.0,1.0,0.00016114370628576917,0.020189003436426118,0.020189003436426118,4.589692944923217,4656,2.294927066134423,48,500,1.0,0.0001612548265106899,0.025987972508591067,0.025987972508591067,4.498274865429016,4656,2.249218078823024,13.949820742999691,16.44780171399998
75.0,1.0,0.000650060507132835,0.029209621993127148,0.029209621993127148,3.9809889121563575,4656,1.9908195049902009,48,750,1.0,0.000650652572256593,0.04531786941580756,0.04531786941580756,3.8800274301640356,4656,1.9403390523903967,21.03297657799976,23.908622304000346
100.0,1.0,0.001629871741910161,0.19974226804123713,0.19974226804123713,2.223392499681191,4656,1.112511192400431,48,1000,1.0,0.0016328409518982536,0.2701890034364261,0.2701890034364261,2.1192441855099604,4656,1.0604385428412264,28.014129946999674,31.264133577999928
125.0,1.0,0.000848559304252523,0.4263316151202749,0.4263316151202749,1.3801355525800043,4656,0.6904920466577065,48,1250,1.0,0.0008529506406116322,0.5169673539518901,0.5169673539518901,1.295931524427486,4656,0.6483922414353623,34.66881495900088,38.2930999400005
150.0,1.0,0.0007688722403598405,0.48582474226804123,0.48582474226804123,1.1706133970280284,4656,0.5856911439666224,48,1500,1.0,0.0007656384451487629,0.6086769759450171,0.6086769759450171,1.0535816441696535,4656,0.5271736485851589,41.76036335200115,45.75338032500076
175.0,1.0,0.0007675494934685042,0.6930841924398625,0.6930841924398625,0.8846233276157445,4656,0.4426954374280582,48,1750,1.0,0.0007208940217789915,0.8090635738831615,0.8090635738831615,0.7651805418873161,4656,0.382950723785715,48.73050071200214,53.092521882000256
200.0,1.0,0.0007302295352585127,0.6948024054982818,0.6948024054982818,0.7980269992474428,4656,0.3993786094114952,48,2000,1.0,0.0007223233939036471,0.8071305841924399,0.8071305841924399,0.68487190954464,4656,0.3427971122191124,55.236742798001615,59.96886144000018
225.0,1.0,0.000705499381236604,0.6458333333333334,0.6458333333333334,0.8285533341345509,4656,0.4146294085840179,48,2250,1.0,0.000699337795888845,0.7285223367697594,0.7285223367697594,0.7061924098693219,4656,0.3534458691311866,61.96741322300204,67.06797910500063
250.0,1.0,0.0007082137224805314,0.8724226804123711,0.8724226804123711,0.5545375404488999,4656,0.2776228783466562,48,2500,1.0,0.0007080010480897123,0.9428694158075601,0.9428694158075601,0.45512354087174145,4656,0.22791577040944314,68.67816712400327,74.1465774190001
275.0,1.0,0.000689411273424568,0.9188144329896907,0.9188144329896907,0.4814002440147793,4656,0.24104482447568493,48,2750,1.0,0.0006841695659451469,0.9776632302405498,0.9776632302405498,0.3796830685277985,4656,0.19018362150159487,75.73199486000249,81.57066437400044
300.0,1.0,0.0006537701537723804,0.8202319587628866,0.8202319587628866,0.5560944481813621,4656,0.2783741148067094,48,3000,1.0,0.0006539681318289635,0.8784364261168385,0.8784364261168385,0.4547091021980207,4656,0.22768153521613158,83.00887858100123,89.21861045400055
325.0,1.0,0.0006298286347454766,0.8979810996563574,0.8979810996563574,0.4234109596698145,4656,0.21202039554766364,48,3250,1.0,0.0006307638618339788,0.9518900343642611,0.9518900343642611,0.3386862843307023,4656,0.16965852324495612,90.43591489300161,97.01379875100065
350.0,1.0,0.0006296723197723172,0.7757731958762887,0.7757731958762887,0.608076678928231,4656,0.30435317324608874,48,3500,1.0,0.0006306947007314446,0.8303264604810997,0.8303264604810997,0.4948149219001691,4656,0.24772281253460757,97.61359345800065,104.56495262200042
375.0,1.0,0.0006094266023627671,0.9737972508591065,0.9737972508591065,0.30519195110937164,4656,0.15290068924631858,48,3750,1.0,0.0006095374265487251,0.9961340206185567,0.9961340206185567,0.23064150105636963,4656,0.1156255182941345,104.63971289000074,111.96668759600016
400.0,1.0,0.0005902806200931981,0.9804553264604811,0.9804553264604811,0.25129127502441406,4656,0.1259407800497468,48,4000,1.0,0.0005921362243157482,0.9967783505154639,0.9967783505154639,0.19143356408450202,4656,0.09601284957833306,112.27341048400103,119.97427899700051
425.0,1.0,0.0006378863992559951,0.6232817869415808,0.6232817869415808,0.8893278325136584,4656,0.4449828629641189,48,4250,1.0,0.0006451206889861228,0.6909364261168385,0.6909364261168385,0.7671666096166238,4656,0.38390586630175616,119.55815205000181,127.63323849600056
450.0,1.0,0.0005853411795961898,0.948668384879725,0.948668384879725,0.28671048678892996,4656,0.1436479165381992,48,4500,1.0,0.0005866906436038591,0.9823883161512027,0.9823883161512027,0.2054730870879393,4656,0.10302989015874174,126.9002340950019,135.348526021
475.0,1.0,0.000593883871929752,0.9100085910652921,0.9100085910652921,0.33788707903570325,4656,0.1692404812553904,48,4750,1.0,0.0005955066903145452,0.9523195876288659,0.9523195876288659,0.25538060427531345,4656,0.12798805335133345,135.11841511600323,143.93928046200017
500.0,1.0,0.0005603057757992925,0.9886168384879725,0.9886168384879725,0.18383383668984743,4656,0.09219707246498554,48,5000,1.0,0.0005624986340090172,0.9995704467353952,0.9995704467353952,0.12939951264161834,4656,0.06498100503613449,143.49349054300183,152.6883613730006
525.0,1.0,0.0005498251580085951,0.9944158075601375,0.9944158075601375,0.1503492417614075,4656,0.07544953388856449,48,5250,1.0,0.0005520937701885643,1.0,1.0,0.10641693659254775,4656,0.05348451481652014,151.8653945390015,161.45201571800044
550.0,1.0,0.0005822659972607065,0.8165807560137457,0.8165807560137457,0.47276643379447386,4656,0.23667434810363142,48,5500,1.0,0.0005849886019922204,0.8868127147766323,0.8868127147766323,0.3540484110514323,4656,0.17731669842172734,159.5801165260018,169.53937127300014
575.0,1.0,0.0005439444480278238,0.9982817869415808,0.9982817869415808,0.13464233883467736,4656,0.0675931419293905,48,5750,1.0,0.0005464360143515662,1.0,1.0,0.09311671191474416,4656,0.046831574226982406,167.20788657600133,177.54007762400033
600.0,1.0,0.0005354121122573249,0.998926116838488,0.998926116838488,0.11636025389445197,4656,0.05844783291374285,48,6000,1.0,0.0005378622971347108,1.0,1.0,0.08105371252367996,4656,0.040795787093565634,174.50085034100084,185.20505545200012
625.0,1.0,0.0005356234360703898,0.992053264604811,0.992053264604811,0.1246347427368164,4656,0.06258518261598148,48,6250,1.0,0.0005376921179368324,0.9950601374570447,0.9950601374570447,0.08923229564915817,4656,0.04488499467725197,182.36854360800044,193.44508390100054
650.0,1.0,0.0005808308515761726,0.9123711340206185,0.9123711340206185,0.29271664898010463,4656,0.14664874289863297,48,6500,1.0,0.0005830112473456721,0.9540378006872853,0.9540378006872853,0.2051114773832236,4656,0.1028472451409933,190.48630253699866,201.9358560620003
675.0,1.0,0.0005297402809678074,0.9987113402061856,0.9987113402061856,0.10064238944823799,4656,0.05058606424692161,48,6750,1.0,0.000531857551629191,1.0,1.0,0.06779296127791257,4656,0.03416240952678563,199.00432772199838,210.82618921300036
700.0,1.0,0.00055650610771171,0.916881443298969,0.916881443298969,0.2741487739012413,4656,0.13735264027651234,48,7000,1.0,0.0005554866263342067,0.9437285223367697,0.9437285223367697,0.2122743957231135,4656,0.10641494075866909,206.8103611919978,219.00976660200013
725.0,1.0,0.0005623075752631086,0.9037800687285223,0.9037800687285223,0.30741342236495917,4656,0.15398786649671206,48,7250,1.0,0.0005648478327952709,0.9490979381443299,0.9490979381443299,0.2146636104256017,4656,0.10761422717694155,214.729041349995,227.3088082260001
750.0,1.0,0.0005192858810277329,0.9954896907216495,0.9954896907216495,0.10281918057051721,4656,0.051669233033747194,48,7500,1.0,0.000521125777582942,1.0,1.0,0.06563714935197863,4656,0.03307913791682712,222.852864183993,235.81051593200027
775.0,1.0,0.0005082350697918856,0.9984965635738832,0.9984965635738832,0.08627361612221629,4656,0.04339092580723189,48,7750,1.0,0.0005092326410857263,1.0,1.0,0.05779832622029937,4656,0.02915377940508918,230.56260976899193,243.89303616300003
800.0,1.0,0.0005098252758844612,0.9974226804123711,0.9974226804123711,0.08200531399127134,4656,0.041257569880010336,48,8000,1.0,0.0005109814408513688,0.9991408934707904,0.9991408934707904,0.05474963384805266,4656,0.027630308034903406,237.91999247899184,251.62271980100013
825.0,1.0,0.0005484279181129744,0.728307560137457,0.728307560137457,0.633354029704615,4656,0.3169512240747406,48,8250,1.0,0.0005481542372928862,0.7820017182130584,0.7820017182130584,0.5023427681414941,4656,0.25144545892669573,245.4863217259899,259.5622563020006
850.0,1.0,0.000532155312418528,0.9892611683848798,0.9892611683848798,0.12227985047802482,4656,0.06140600365052108,48,8500,1.0,0.0005263844280922945,0.9993556701030928,0.9993556701030928,0.0753805965082752,4656,0.03795349024415426,253.39283117299055,267.84559243700005
875.0,1.0,0.0005073555044292175,0.9987113402061856,0.9987113402061856,0.07458618662201662,4656,0.037546771088826286,48,8750,1.0,0.0005071903242892825,1.0,1.0,0.04733146383999959,4656,0.023919327152553703,260.8125054379898,275.6428363670002
900.0,1.0,0.0005012364398777689,0.998926116838488,0.998926116838488,0.0663721618783433,4656,0.03343669860223724,48,9000,1.0,0.0005012078665171293,1.0,1.0,0.04279574577751029,4656,0.02164847682841455,268.5347147669909,283.737795557
925.0,1.0,0.0005000432396365195,0.9991408934707904,0.9991408934707904,0.059726211213573965,4656,0.030113127223404822,48,9250,1.0,0.000500286401239867,1.0,1.0,0.03893245946091065,4656,0.019716372399805338,275.8246154079916,291.40325091400064
950.0,1.0,0.000499214644182179,0.9995704467353952,0.9995704467353952,0.05444285058483635,4656,0.027471032544099997,48,9500,1.0,0.0004994445752442088,1.0,1.0,0.035897884991570435,4656,0.018198664860217432,283.6774813609909,299.6320165730003
975.0,1.0,0.0006981352952235343,0.6737542955326461,0.6737542955326461,0.7621865354452756,4656,0.3814423354630618,48,9750,1.0,0.0007040094187374378,0.7467783505154639,0.7467783505154639,0.6412774312127497,4656,0.3209907197460686,291.6994093509911,308.02559447300064
1000.0,1.0,0.0005487161928538195,0.843213058419244,0.843213058419244,0.39744576391895203,4656,0.19899723865731886,48,10000,1.0,0.0005511472008072634,0.8833762886597938,0.8833762886597938,0.3075289742643481,4656,0.15404005804422385,299.12862329199106,315.8262564510005
1025.0,1.0,0.0005348092553132179,0.929553264604811,0.929553264604811,0.25196115749398457,4656,0.12624798279857308,48,10250,1.0,0.0005337370501965592,0.9656357388316151,0.9656357388316151,0.16224360384072634,4656,0.08138866932531402,307.25042828999176,324.33296926100047
1050.0,1.0,0.0004832288026297625,0.9980670103092784,0.9980670103092784,0.07527188255205187,4656,0.03787755597497999,48,10500,1.0,0.0004838830583386405,1.0,1.0,0.04514818543830688,4656,0.02281603411710549,315.50933345999056,332.96404361500026
1075.0,1.0,0.00047864496093435386,0.998926116838488,0.998926116838488,0.061879719245884424,4656,0.031179182717890264,48,10750,1.0,0.0004790990815027473,1.0,1.0,0.03849351406097412,4656,0.01948630666405065,323.7052609979919,341.53190285600067
1100.0,1.0,0.0004782545927566351,0.9987113402061856,0.9987113402061856,0.05483642845219353,4656,0.02765734130164602,48,11000,1.0,0.00047865161781048855,1.0,1.0,0.034838113178502245,4656,0.017658382551776583,331.2504303499927,349.4502375360007
1125.0,1.0,0.0004788801790922368,0.9987113402061856,0.9987113402061856,0.05000246800098222,4656,0.025240673846805218,48,11250,1.0,0.0004792193917371973,1.0,1.0,0.03228846530324405,4656,0.016383842094657347,339.5195205329919,358.0958422680005
1150.0,1.0,0.0005292339743310234,0.7164948453608248,0.7164948453608248,0.684343724725992,4656,0.34243647585210113,48,11500,1.0,0.0005304956955905632,0.7987542955326461,0.7987542955326461,0.5255468178450856,4656,0.2630386549172942,347.37875465299294,366.33388628600005
1175.0,1.0,0.000502011812327244,0.8314003436426117,0.8314003436426117,0.43122168013320344,4656,0.21586184649123358,48,11750,1.0,0.0005029475386814563,0.8820876288659794,0.8820876288659794,0.32297161928157214,4656,0.1617372814322665,354.7361316909919,374.07153637100055
1200.0,1.0,0.00047236119630615327,0.9969931271477663,0.9969931271477663,0.06699440733263992,4656,0.0337333838964246,48,12000,1.0,0.0004722122679051665,1.0,1.0,0.0390147499202453,4656,0.01974348145252241,362.7100910719937,382.4216068559999
1225.0,1.0,0.0004689584380572604,0.9980670103092784,0.9980670103092784,0.0562656581196998,4656,0.028367308202068422,48,12250,1.0,0.0004690215695662187,1.0,1.0,0.033893710559176414,4656,0.017181365555504344,370.7883455109941,390.875656704
1250.0,1.0,0.00046941220017847736,0.9991408934707904,0.9991408934707904,0.04863597068589987,4656,0.02455269163826487,48,12500,1.0,0.0004694883061950559,1.0,1.0,0.030412038167317707,4656,0.015440763271961016,378.4971136099939,398.96403333000035
1275.0,1.0,0.00046967103744495367,0.998926116838488,0.998926116838488,0.044268381144992264,4656,0.022369026318448514,48,12750,1.0,0.00046975320505932027,1.0,1.0,0.028212272834122386,4656,0.014341013128405175,386.0004639799954,406.8432848279999
1300.0,1.0,0.0004702665718253126,0.9995704467353952,0.9995704467353952,0.041333507016762014,4656,0.020901886458249436,48,13000,1.0,0.0004703202812942033,1.0,1.0,0.026268306466721996,4656,0.013369313117974402,393.82568058899597,415.04255416900014
1325.0,1.0,0.0004702636722436885,0.9993556701030928,0.9993556701030928,0.0396021350552536,4656,0.020036199658187395,48,13250,1.0,0.00047031734970836707,1.0,1.0,0.025176501765693585,4656,0.012823409743325407,401.7895821299953,423.3864100589999
1350.0,1.0,0.00047004329123857504,0.9991408934707904,0.9991408934707904,0.03727163973542833,4656,0.018870841391717446,48,13500,1.0,0.00047007802861048184,1.0,1.0,0.023784440407638288,4656,0.012127259342940813,410.4700113379977,432.4490755610004
1375.0,1.0,0.00046972742886682554,0.9993556701030928,0.9993556701030928,0.034296046007949464,4656,0.0173828866063934,48,13750,1.0,0.0004697455624534502,1.0,1.0,0.02206958425823356,4656,0.011269664743921602,416.1985998379969,438.54854272100056
1400.0,1.0,0.0005032340019838916,0.601159793814433,0.601159793814433,0.9109486452082998,4656,0.45572594187104004,48,14000,1.0,0.0005044540857633774,0.6808419243986255,0.6808419243986255,0.7681351494543331,4656,0.38431979700462104,421.9304175149964,444.65120412500073
1425.0,1.0,0.0004823424843783231,0.6866408934707904,0.6866408934707904,0.7339443586945943,4656,0.36721334424625146,48,14250,1.0,0.0004816073092193538,0.7658934707903781,0.7658934707903781,0.5928260042904988,4656,0.29665380654875767,428.944356699998,452.04471377000027
1450.0,1.0,0.00047369844110560993,0.9538230240549829,0.9538230240549829,0.18308980030702152,4656,0.09178174975811411,48,14500,1.0,0.0004728291939009506,0.9746563573883161,0.9746563573883161,0.1132203279082308,4656,0.05684657850625999,436.4976038409968,459.97763497400047
1475.0,1.0,0.00046302215596244917,0.9538230240549829,0.9538230240549829,0.19946715758018888,4656,0.09996508814624905,48,14750,1.0,0.0004539497299087826,0.9851804123711341,0.9851804123711341,0.11386034988455757,4656,0.05715714942958347,444.2317426249974,468.0874661530006
1500.0,1.0,0.0004465597748910029,0.9967783505154639,0.9967783505154639,0.0608148841104147,4656,0.030630721873843792,48,15000,1.0,0.00044582843063623224,1.0,1.0,0.033422845335760475,4656,0.016934337075223627,451.77074243199695,475.99817522300054
1525.0,1.0,0.00044969966014226276,0.9974226804123711,0.9974226804123711,0.05094086509389976,4656,0.025695282364219325,48,15250,1.0,0.0004492543663355903,1.0,1.0,0.02875216679065088,4656,0.014600710565691552,459.0358510019978,483.64736247700057
1550.0,1.0,0.00045346766326230824,0.9991408934707904,0.9991408934707904,0.04439280860612482,4656,0.02242313832351842,48,15500,1.0,0.00045322807332904067,1.0,1.0,0.025917782816280613,4656,0.01318550539999893,466.63813780799865,491.6218419530005
1575.0,1.0,0.0004563799825628189,0.9991408934707904,0.9991408934707904,0.039870466153646256,4656,0.02016342341695045,48,15750,1.0,0.00045624086665328837,1.0,1.0,0.023453403379499298,4656,0.011954822081470817,474.38933030799853,499.7450786270001
1600.0,1.0,0.0004587546439002879,0.9991408934707904,0.9991408934707904,0.0364363119774258,4656,0.018447533301061782,48,16000,1.0,0.00045867811542810855,1.0,1.0,0.02187728922801329,4656,0.011167983930954818,482.5740287849994,508.3055770179999
1625.0,1.0,0.0004604615117471243,0.9993556701030928,0.9993556701030928,0.034366311076580454,4656,0.017413386364573055,48,16250,1.0,0.00046041514404450906,1.0,1.0,0.020536965111276947,4656,0.01049869013406157,490.72153147399786,516.8322937160001
1650.0,1.0,0.00046175615253931876,0.9993556701030928,0.9993556701030928,0.032529585140267596,4656,0.01649567044477692,48,16500,1.0,0.00046172019260650647,1.0,1.0,0.01966456715593633,4656,0.010063143632665942,498.51095938899743,524.9962564120005
1675.0,1.0,0.00046216569124013697,0.9993556701030928,0.9993556701030928,0.030186682427462024,4656,0.015324424120159084,48,16750,1.0,0.00046215889354546863,1.0,1.0,0.018503327549937665,4656,0.00948274309692514,506.17716298399773,533.0347121270006
1700.0,1.0,0.00046266363197585564,0.9993556701030928,0.9993556701030928,0.02894872980019481,4656,0.014705696568865957,48,17000,1.0,0.0004626564246272713,1.0,1.0,0.017667416035104862,4656,0.00906503599943574,513.423185409998,540.6516527670001
1725.0,1.0,0.0004630342855588677,0.998926116838488,0.998926116838488,0.03046255218204354,4656,0.015462793025773825,48,17250,1.0,0.0004630047968777594,1.0,1.0,0.017853638355674613,4656,0.009158321672288822,520.6709557399972,548.2700918740002
1750.0,1.0,0.00047100753974668757,0.742053264604811,0.742053264604811,0.6424798801592535,4656,0.32147544520007787,48,17500,1.0,0.00047071540529785286,0.8129295532646048,0.8129295532646048,0.4983650023994577,4656,0.2494178621220015,528.3799637979973,556.3502846780002
1775.0,1.0,0.0004516928632746857,0.9160223367697594,0.9160223367697594,0.265923988368503,4656,0.13318783802674808,48,17750,1.0,0.0004513502325798638,0.9609106529209622,0.9609106529209622,0.1654711605347309,4656,0.08296125615175647,535.9547659179989,564.3005818500005
1800.0,1.0,0.0004349937694486474,0.9325601374570447,0.9325601374570447,0.23588117619150692,4656,0.11815808483005799,48,18000,1.0,0.00043388373535318474,0.976159793814433,0.976159793814433,0.13676546037811593,4656,0.06859967143265243,543.7482842559994,572.474187066
1825.0,1.0,0.00043203519125984297,0.9967783505154639,0.9967783505154639,0.0532934854120733,4656,0.026862760180050564,48,18250,1.0,0.00043136923481098974,1.0,1.0,0.028668985538875934,4656,0.014550177297231667,551.6130026649989,580.7146062730008
1850.0,1.0,0.00043477105853688674,0.998926116838488,0.998926116838488,0.04247429321721657,4656,0.021454531712220705,48,18500,1.0,0.0004342506380425286,1.0,1.0,0.02376496013497159,4656,0.012099605450515485,559.7361253299996,589.2095375470008
1875.0,1.0,0.00043801968449989133,0.9993556701030928,0.9993556701030928,0.0365259295067017,4656,0.018481974749221017,48,18750,1.0,0.0004375899639428686,1.0,1.0,0.021104901107316165,4656,0.010771245583635835,567.8449098060009,597.6938900750001
1900.0,1.0,0.00044122986060237556,0.9993556701030928,0.9993556701030928,0.03251779652952738,4656,0.016479513284676672,48,19000,1.0,0.0004408698164157032,1.0,1.0,0.01942146418430551,4656,0.009931167069169664,575.9896341129997,606.2181195250005
1925.0,1.0,0.0004438611701182074,0.9995704467353952,0.9995704467353952,0.030303279558817547,4656,0.01537357050528641,48,19250,1.0,0.0004435535840357292,1.0,1.0,0.018182093744835082,4656,0.009312823670836249,583.9997936189993,614.6042070500007
1950.0,1.0,0.0004456410043684068,0.9995704467353952,0.9995704467353952,0.028165103643620546,4656,0.014305372111166465,48,19500,1.0,0.00044536817165994155,1.0,1.0,0.017066552876606838,4656,0.008755960517732548,591.9289863600006,622.9045817599999
1975.0,1.0,0.00043598154425313794,0.7942439862542955,0.7942439862542955,0.5270965877677157,4656,0.2637662854800929,48,19750,1.0,0.0004352176389128891,0.8593213058419243,0.8593213058419243,0.39742138131787275,4656,0.19892830045772172,599.4451674500006,630.7924332930006
2000.0,1.0,0.00041805052828952616,0.8537371134020618,0.8537371134020618,0.3986875691364721,4656,0.19955280965955807,48,20000,1.0,0.00041777428073162066,0.9091494845360825,0.9091494845360825,0.2759514182703601,4656,0.138184598221402,607.513512960998,639.2331892810007
2025.0,1.0,0.0004074995524387589,0.9879725085910653,0.9879725085910653,0.08324992369950023,4656,0.041828711417942116,48,20250,1.0,0.0004071883658824098,0.9995704467353952,0.9995704467353952,0.037334600265083444,4656,0.01887089403224565,616.022155157998,648.1345495109999
2050.0,1.0,0.00041236058261591137,0.9961340206185567,0.9961340206185567,0.04719633089308067,4656,0.02380434610589673,48,20500,1.0,0.0004119292778503854,1.0,1.0,0.023051050520434824,4656,0.011731489724719647,624.0036233739984,656.4917234470004
2075.0,1.0,0.0004188025184615781,0.9976374570446735,0.9976374570446735,0.0390936353362303,4656,0.019756219231385954,48,20750,1.0,0.00041834634962360475,1.0,1.0,0.02016612918106551,4656,0.010292237874158878,632.1996783639979,665.0691043390007
2100.0,1.0,0.00042438747751753764,0.9987113402061856,0.9987113402061856,0.034444650423895454,4656,0.01743451836182899,48,21000,1.0,0.00042393779593337443,1.0,1.0,0.01847410857472633,4656,0.009449023254138907,640.0352700119975,673.2842425510007
2125.0,1.0,0.0004286035588107158,0.998926116838488,0.998926116838488,0.03125347345555361,4656,0.01584103846877711,48,21250,1.0,0.0004281625567688975,1.0,1.0,0.017122207433497374,4656,0.008775184756701755,647.760027174998,681.384310333
2150.0,1.0,0.0004320425586294882,0.9993556701030928,0.9993556701030928,0.029146221699993227,4656,0.01478913221572273,48,21500,1.0,0.00043161703702510425,1.0,1.0,0.01622135696542222,4656,0.008326487238054833,655.4140994249983,689.4148847209999
2175.0,1.0,0.00043419860879477767,0.9993556701030928,0.9993556701030928,0.027338141018582375,4656,0.01388616987929721,48,21750,1.0,0.0004337871146365949,1.0,1.0,0.015513312161173607,4656,0.007973549599500047,662.9766322649975,697.3529457990007
2200.0,1.0,0.00043573927236688917,0.9991408934707904,0.9991408934707904,0.02590272516729086,4656,0.01316923230784046,48,22000,1.0,0.00043535174616321254,1.0,1.0,0.014851440473930123,4656,0.007643396092444351,670.944445717998,705.693063191
2225.0,1.0,0.0004367466017450254,0.9997852233676976,0.9997852233676976,0.024477791950055415,4656,0.012457269266298957,48,22250,1.0,0.0004363653067614614,1.0,1.0,0.014300873394274629,4656,0.007368619294510674,678.9292327780004,714.0535997630004
2250.0,1.0,0.0004366871827246807,0.9222508591065293,0.9222508591065293,0.2833045979136044,4656,0.14187063957817367,48,22500,1.0,0.0004362467215540483,0.9467353951890034,0.9467353951890034,0.20771389073112986,4656,0.10407506805105307,686.5616676990012,722.0616294629999
2275.0,1.0,0.0004409052034731173,0.7160652920962199,0.7160652920962199,0.685638178664794,4656,0.3430395454065906,48,22750,1.0,0.0004415208108953594,0.7978951890034365,0.7978951890034365,0.518387745336159,4656,0.25941463352478655,694.6812289430018,730.5568410690003
2300.0,1.0,0.0003994781383124414,0.8664089347079038,0.8664089347079038,0.3757178119777404,4656,0.18805864996107174,48,23000,1.0,0.0003995053834982754,0.9342783505154639,0.9342783505154639,0.22956713450323676,4656,0.11498331941689822,702.2279958610025,738.4832268850005
2325.0,1.0,0.000384606260972744,0.9911941580756014,0.9911941580756014,0.06912242997552931,4656,0.03475351821106324,48,23250,1.0,0.00038436030220125137,1.0,1.0,0.029862396905512335,4656,0.015123378575053002,710.1083202400014,746.745540504
2350.0,1.0,0.0003880248293024568,0.9959192439862543,0.9959192439862543,0.04557576580965232,4656,0.022981895613916142,48,23500,1.0,0.0003875851938404988,1.0,1.0,0.021049331963267113,4656,0.010718458501743697,715.8415699630032,752.8497601750005
2375.0,1.0,0.0003958167764278212,0.9963487972508591,0.9963487972508591,0.03827214036200874,4656,0.019333978289181424,48,23750,1.0,0.00039536265265900655,1.0,1.0,0.018180714030446056,4656,0.009288038175130627,723.1241839400027,760.5079001200002
2400.0,1.0,0.00040311103885116447,0.9974226804123711,0.9974226804123711,0.03331379136678689,4656,0.016858451350038405,48,24000,1.0,0.00040262292980942937,1.0,1.0,0.016560361557400104,4656,0.008481492291611084,730.3598840910017,768.1142228710005
2425.0,1.0,0.0004091554503772677,0.997852233676976,0.997852233676976,0.030621462671207807,4656,0.0155153093264275,48,24250,1.0,0.00040869773893626696,1.0,1.0,0.01549709764952512,4656,0.007952897819047122,738.4541294910005,776.58078699
2450.0,1.0,0.0004136632948704192,0.9982817869415808,0.9982817869415808,0.02810627058199591,4656,0.014259966890426846,48,24500,1.0,0.00041325349373506106,1.0,1.0,0.01469640490115713,4656,0.007554829223049465,746.3294777080009,784.8319640660002
2475.0,1.0,0.0004168871271702432,0.9982817869415808,0.9982817869415808,0.0266413176592273,4656,0.01352910251961541,48,24750,1.0,0.00041653158277580416,1.0,1.0,0.014055723484439129,4656,0.00723612748880157,754.4702405260005,793.3486058230001
2500.0,1.0,0.00041925071184987465,0.9980670103092784,0.9980670103092784,0.025751922958085628,4656,0.013085586815765224,48,25000,1.0,0.00041892416647209744,1.0,1.0,0.013581516611617045,4656,0.007000220395445414,762.624473975,801.8785669230001
2525.0,1.0,0.0004206292164796816,0.9984965635738832,0.9984965635738832,0.0246617288114279,4656,0.012541178780323042,48,25250,1.0,0.00042035243125101133,1.0,1.0,0.013273096883419863,4656,0.006846724558122379,770.4601433910002,810.1066934690007
2550.0,1.0,0.0004214113354170855,0.998926116838488,0.998926116838488,0.022839057691318474,4656,0.011630234644585048,48,25500,1.0,0.00042118105230872166,1.0,1.0,0.012804862150211925,4656,0.006613021556454426,776.389730592,816.4121076440006
2575.0,1.0,0.00042145812877572277,0.9961340206185567,0.9961340206185567,0.028149081464485613,4656,0.01428526988144183,48,25750,1.0,0.000421259366615941,0.9997852233676976,0.9997852233676976,0.014157532826322051,4656,0.0072893961188719445,784.4180563850005,824.8124961140002
2600.0,1.0,0.0004153168148959625,0.7912371134020618,0.7912371134020618,0.5451107090691111,4656,0.27276301629764516,48,26000,1.0,0.0004142985080730464,0.8644759450171822,0.8644759450171822,0.3870041247495671,4656,0.19370921125117035,792.0734866340008,832.8395515150005
2625.0,1.0,0.000380877792656012,0.876073883161512,0.876073883161512,0.3498132581153686,4656,0.1750970706087617,48,26250,1.0,0.0003808929786546943,0.9351374570446735,0.9351374570446735,0.2244726685723898,4656,0.1124267807531193,799.335916416001,840.4735142879999
2650.0,1.0,0.0003776002348851912,0.9944158075601375,0.9944158075601375,0.050052288881282214,4656,0.025214944713304134,48,26500,1.0,0.00037726742628308915,1.0,1.0,0.02207495625486079,4656,0.01122611208060353,806.5996222710019,848.1087951690006
2675.0,1.0,0.000384121534776237,0.9969931271477663,0.9969931271477663,0.038148116409983425,4656,0.01926611870834508,48,26750,1.0,0.00038372686203197925,1.0,1.0,0.017753352823945665,4656,0.009068539974206091,814.4859681110011,856.3669999540007
2700.0,1.0,0.00039113898636754024,0.9972079037800687,0.9972079037800687,0.03322039437048214,4656,0.01680576678403874,48,27000,1.0,0.0003907296140886254,1.0,1.0,0.015738816605400795,4656,0.008064772972126598,822.4795861480015,864.7318096470008
2725.0,1.0,0.00039664079848024034,0.9980670103092784,0.9980670103092784,0.029619229208562792,4656,0.015007934926711406,48,27250,1.0,0.00039627395019805716,1.0,1.0,0.014519571029033857,4656,0.007457922516819537,830.8475854240014,873.4718266780001
2750.0,1.0,0.00040099810796095334,0.9980670103092784,0.9980670103092784,0.0273315029865278,4656,0.013866250560046062,48,27500,1.0,0.00040068670377596137,1.0,1.0,0.013744676236024838,4656,0.007072681465099768,838.8009106230038,881.8010480000003
2775.0,1.0,0.00040427455198519007,0.9980670103092784,0.9980670103092784,0.025503824256949408,4656,0.012954049503680357,48,27750,1.0,0.0004039827951860592,1.0,1.0,0.013117471306594377,4656,0.006760726986881793,846.6311216910017,890.0070663750002
2800.0,1.0,0.0004064476763976808,0.9984965635738832,0.9984965635738832,0.02411391931710784,4656,0.012260183538358236,48,28000,1.0,0.00040621002912009295,1.0,1.0,0.012638499032181153,4656,0.006522354442639039,854.3755467220026,898.1232895150006
2825.0,1.0,0.000408048271057532,0.9987113402061856,0.9987113402061856,0.023124202829865655,4656,0.011766125451248536,48,28250,1.0,0.00040784458985033723,1.0,1.0,0.012241425997612812,4656,0.006324635338537472,862.5877419720027,906.7113735400007
2850.0,1.0,0.00043074131856874094,0.7343213058419243,0.7343213058419243,0.6764621275806755,4656,0.3384464368787418,48,28500,1.0,0.0004328064287651036,0.7989690721649485,0.7989690721649485,0.5601615578038586,4656,0.28029718104097034,870.706530528003,915.2110739850004
2875.0,1.0,0.000379191513118875,0.7631013745704467,0.7631013745704467,0.5920792805779841,4656,0.29622924123023386,48,28750,1.0,0.00037861829847609464,0.8475085910652921,0.8475085910652921,0.4226788556862533,4656,0.2115287354721646,879.054393356003,923.9348089990008
2900.0,1.0,0.0003717251672470283,0.9935567010309279,0.9935567010309279,0.06386318976936471,4656,0.03211745814359475,48,29000,1.0,0.0003711482657190041,1.0,1.0,0.02730921822315229,4656,0.013840183154823854,887.1554362150036,932.4075544950001
2925.0,1.0,0.0003746255809806057,0.9969931271477663,0.9969931271477663,0.039423845887593796,4656,0.01989923576309099,48,29250,1.0,0.0003744423248616281,1.0,1.0,0.017890238475144114,4656,0.00913234029438897,895.4649401830047,941.0892175839999
2950.0,1.0,0.0003809606483609406,0.9974226804123711,0.9974226804123711,0.033223016155544426,4656,0.016801988545971636,48,29500,1.0,0.00038090734534554463,1.0,1.0,0.015366347589853294,4656,0.007873627533208053,903.5309676840061,949.5274760700004
2975.0,1.0,0.0003867860710651604,0.9976374570446735,0.9976374570446735,0.028956739148733132,4656,0.014671762681908625,48,29750,1.0,0.00038676645568351157,1.0,1.0,0.013948536001120237,4656,0.007167651276408192,911.2259394480061,957.5940763799999
3000.0,1.0,0.00039163677668346163,0.997852233676976,0.997852233676976,0.026404874021654687,4656,0.013398255269552014,48,30000,1.0,0.0003916385785206077,1.0,1.0,0.013111767183054764,4656,0.006751702925593583,919.0179447650062,965.7613862040007
3025.0,1.0,0.00039501232495115385,0.9982817869415808,0.9982817869415808,0.024739610780145704,4656,0.012567311730171806,48,30250,1.0,0.00039502073245769513,1.0,1.0,0.012585555052839195,4656,0.006490287963057712,926.5722819380062,973.7038516040002
3050.0,1.0,0.00039786728310216334,0.9976374570446735,0.9976374570446735,0.02401805251734363,4656,0.012207959833014053,48,30500,1.0,0.00039786847365885666,1.0,1.0,0.012056279223399474,4656,0.006227073749316107,932.0345543830053,979.532809929
3075.0,1.0,0.0003994549096552367,0.9987113402061856,0.9987113402061856,0.0228059109543607,4656,0.01160268296081176,48,30750,1.0,0.0003994673400912498,1.0,1.0,0.012280211211070162,4656,0.006339839233975231,940.0859104700048,987.9555919930008
3100.0,1.0,0.0004067459236510431,0.8554553264604811,0.8554553264604811,0.3787392750638457,4656,0.18957301103781998,48,31000,1.0,0.0003879387251699913,0.9291237113402062,0.9291237113402062,0.2467421371092911,4656,0.12356503804524739,947.960702248004,996.2018206299999
3125.0,1.0,0.0003655665678922663,0.9518900343642611,0.9518900343642611,0.16946847823886937,4656,0.08491702096159105,48,31250,1.0,0.0003648381200186985,0.9866838487972509,0.9866838487972509,0.0888677462679414,4656,0.04461629202275751,955.3584115990025,1003.9748263230003
3150.0,1.0,0.00036558879801805075,0.9969931271477663,0.9969931271477663,0.03613992368232753,4656,0.01825275617776458,48,31500,1.0,0.0003654573407164964,1.0,1.0,0.01687161537380153,4656,0.008618536274048062,962.5121288880046,1011.5014024490001
3175.0,1.0,0.00037231799727145746,0.9972079037800687,0.9972079037800687,0.03032280366445325,4656,0.015347560656439397,48,31750,1.0,0.00037231379511839743,1.0,1.0,0.01428239370129772,4656,0.007327353729005532,970.3414521220056,1019.7037581889999
3200.0,1.0,0.0003785296724117089,0.9974226804123711,0.9974226804123711,0.02717009586157258,4656,0.01377431264857656,48,32000,1.0,0.0003785811607882739,1.0,1.0,0.013029010742390688,4656,0.00670379594838906,977.9960829380043,1027.7344801620002
3225.0,1.0,0.00038340225610946054,0.9974226804123711,0.9974226804123711,0.02532855403382344,4656,0.012855978048953814,48,32250,1.0,0.000383474291190249,1.0,1.0,0.01230372985204061,4656,0.006343602161227223,985.7997868550046,1035.9134750880003
3250.0,1.0,0.00038761829259674165,0.997852233676976,0.997852233676976,0.023819805420551104,4656,0.01210371182136929,48,32500,1.0,0.00038770519043366934,1.0,1.0,0.011820854804769824,4656,0.006104279936793744,991.5265759960039,1042.0114553000003
3275.0,1.0,0.0003906745988478775,0.9980670103092784,0.9980670103092784,0.02242204393308187,4656,0.011406359189154766,48,32750,1.0,0.00039077908940024394,1.0,1.0,0.011492169702175967,4656,0.00594147440698958,999.814064361005,1050.6709924360002
3300.0,1.0,0.0003927904997289795,0.9980670103092784,0.9980670103092784,0.021461186744912795,4656,0.010926988731135208,48,33000,1.0,0.00039288739568179415,1.0,1.0,0.011246758023488153,4656,0.005819822760791713,1007.6576085600036,1058.886457746
3325.0,1.0,0.0003942978373149416,0.9984965635738832,0.9984965635738832,0.02106917314103379,4656,0.010731735385160675,48,33250,1.0,0.00039438439590722016,1.0,1.0,0.011050647886348344,4656,0.005722516181133047,1014.3510329910041,1065.9510200560007
3350.0,1.0,0.00039539455445771366,0.9987113402061856,0.9987113402061856,0.020006700889351442,4656,0.010201047683499524,48,33500,1.0,0.00039547903277620006,1.0,1.0,0.010877737884259307,4656,0.005636608426513541,1022.6798729850034,1074.657617162
3375.0,1.0,0.00039600593732394714,0.9984965635738832,0.9984965635738832,0.021106872157132913,4656,0.010751439226452018,48,33750,1.0,0.00039608300346689125,1.0,1.0,0.010805415533662252,4656,0.005600749217357832,1028.4120249560037,1080.7604048070007
3400.0,1.0,0.0003896432471080744,0.8062714776632303,0.8062714776632303,0.5163182851784828,4656,0.2583539707144511,48,34000,1.0,0.00038702517773482397,0.8685567010309279,0.8685567010309279,0.3749127174980452,4656,0.1876498710658542,1036.0489833130005,1088.7772446690005
3425.0,1.0,0.000380621858171581,0.9965635738831615,0.9965635738831615,0.043676566012536534,4656,0.022028594082573436,48,34250,1.0,0.0003807646417638281,1.0,1.0,0.020232001940409344,4656,0.010306383121464261,1043.7126289829994,1096.8142890130002
3450.0,1.0,0.0003744433105913634,0.9963487972508591,0.9963487972508591,0.032519744843551794,4656,0.016447094093073683,48,34500,1.0,0.00037484578916297337,1.0,1.0,0.01508819360503626,4656,0.007731519818715623,1051.666535862997,1105.1417852240002
3475.0,1.0,0.000375546214148351,0.9963487972508591,0.9963487972508591,0.028234616382834837,4656,0.014305081666540034,48,34750,1.0,0.00037598392615715664,1.0,1.0,0.013238453168639612,4656,0.0068072185585998585,1059.0941385199958,1112.9409076070006
3500.0,1.0,0.0003784614842372252,0.9972079037800687,0.9972079037800687,0.02547334723456209,4656,0.012925904333796288,48,35000,1.0,0.00037889010704977,1.0,1.0,0.012251860292506791,4656,0.006315375162973437,1066.6875244739967,1120.9063140380003
3525.0,1.0,0.0003814581378372674,0.9969931271477663,0.9969931271477663,0.02372485583590478,4656,0.012053156943665337,48,35250,1.0,0.00038185600780232256,1.0,1.0,0.011660294229631982,4656,0.006021075078711887,1074.1860238889967,1128.7889206650007
3550.0,1.0,0.00038420608670441145,0.9976374570446735,0.9976374570446735,0.022418892260679266,4656,0.011401549237700263,48,35500,1.0,0.0003845711779553456,1.0,1.0,0.011265289128031517,4656,0.005824930120989219,1081.9210482599983,1136.8999846330007
3575.0,1.0,0.0003864275566798305,0.997852233676976,0.997852233676976,0.021435422995655807,4656,0.010910925176954762,48,35750,1.0,0.0003867535835893703,1.0,1.0,0.010962594518137142,4656,0.005674674031660729,1089.9583577939984,1145.3130825550006
3600.0,1.0,0.0003880006021138319,0.9980670103092784,0.9980670103092784,0.020790893597291506,4656,0.010589447115704776,48,36000,1.0,0.00038829079390698693,1.0,1.0,0.010752982290340043,4656,0.005570636530922041,1097.9536786779981,1153.682891372
3625.0,1.0,0.000389205567103481,0.9980670103092784,0.9980670103092784,0.01983485598744396,4656,0.010112030706864452,48,36250,1.0,0.0003894679568375099,1.0,1.0,0.010596237334189136,4656,0.005492852674317114,1105.805118082997,1161.9126855570003
3650.0,1.0,0.0004361542037774607,0.6116838487972509,0.6116838487972509,0.9654320785679769,4656,0.48293411936546926,48,36500,1.0,0.00043564902048852437,0.6675257731958762,0.6675257731958762,0.8589934385109603,4656,0.42971455354461147,1112.8825272299964,1169.3652717640007
3675.0,1.0,0.000376836499167267,0.9714347079037801,0.9714347079037801,0.13912677109446311,4656,0.06975180258865618,48,36750,1.0,0.00037697584230670403,0.9866838487972509,0.9866838487972509,0.08590270727360781,4656,0.04313984195800991,1120.7870234279962,1177.6404330530004
3700.0,1.0,0.0003665250524417641,0.997852233676976,0.997852233676976,0.029572998944836382,4656,0.014969762248271928,48,37000,1.0,0.0003667818734428727,1.0,1.0,0.015349630023195981,4656,0.00785820600912743,1128.8367938859965,1186.0661066430002
3725.0,1.0,0.0003698356001545064,0.9982817869415808,0.9982817869415808,0.02375675681530405,4656,0.01206329618532633,48,37250,1.0,0.00037008980001063693,1.0,1.0,0.012718382979586362,4656,0.0065442363625949195,1134.555956624993,1192.1547358360003
3750.0,1.0,0.0003733200075495284,0.9982817869415808,0.9982817869415808,0.021183288179312375,4656,0.010778304125435165,48,37500,1.0,0.0003735381546606313,1.0,1.0,0.011638520099862744,4656,0.006006029156065479,1141.6186405239941,1199.59173732
3775.0,1.0,0.00037663666166595577,0.9984965635738832,0.9984965635738832,0.019587808663083107,4656,0.009982222646372425,48,37750,1.0,0.0003768283700973717,1.0,1.0,0.011046763343090044,4656,0.005711795794185494,1149.0850995129958,1207.4311513530001
3800.0,1.0,0.00037951498609228233,0.998926116838488,0.998926116838488,0.018561012146808848,4656,0.00947026340002866,48,38000,1.0,0.000379657984112751,1.0,1.0,0.010688166233272487,4656,0.0055339121839025176,1156.2226879039945,1214.946895166
3825.0,1.0,0.000381904369367357,0.998926116838488,0.998926116838488,0.017783604331852235,4656,0.009082754145782837,48,38250,1.0,0.0003820147678972929,1.0,1.0,0.010460979135585404,4656,0.00542149695334156,1163.8939712179945,1222.9968591630004
3850.0,1.0,0.0003837349366947138,0.998926116838488,0.998926116838488,0.01712477596355058,4656,0.008754255333307273,48,38500,1.0,0.00038382916989707457,1.0,1.0,0.010294362236953684,4656,0.00533909573382938,1171.4826379649958,1230.9489943750004
3875.0,1.0,0.0003850781022734249,0.9991408934707904,0.9991408934707904,0.016538754156774672,4656,0.008461916262341529,48,38750,1.0,0.0003851471641629013,1.0,1.0,0.010176503781190853,4656,0.0052808253830650825,1178.0858287659958,1237.9183880500004
3900.0,1.0,0.0003860874543177713,0.998926116838488,0.998926116838488,0.016266528478602774,4656,0.008326307809639633,48,39000,1.0,0.00038614015885439935,1.0,1.0,0.010089660223407024,4656,0.005237900258339557,1184.7481419569976,1244.9499264200003
3925.0,1.0,0.00038674788043875874,0.998926116838488,0.998926116838488,0.01595270715628293,4656,0.008169727431949471,48,39250,1.0,0.00038678579902935684,1.0,1.0,0.010015070540798489,4656,0.005200928224321084,1191.4231561979968,1251.9936419510004
3950.0,1.0,0.0003871844082917135,0.998926116838488,0.998926116838488,0.015441742139993254,4656,0.007914463371755331,48,39500,1.0,0.0003872134969201694,1.0,1.0,0.009950607707819989,4656,0.005168910595969236,1198.067865756996,1259.0119552700007
3975.0,1.0,0.0003873802068614468,0.9993556701030928,0.9993556701030928,0.015114236123783072,4656,0.007750808168522681,48,39750,1.0,0.0003873959081279453,1.0,1.0,0.009896396464088937,4656,0.005141896275720236,1205.4390060699952,1266.7588455780005
4000.0,1.0,0.00038741515866157526,0.9993556701030928,0.9993556701030928,0.015206025842948468,4656,0.007796720438396808,48,40000,1.0,0.0003874183622832151,1.0,1.0,0.009876439968744913,4656,0.005131929191117434,1213.0479528179967,1274.7474693580007
4025.0,1.0,0.000408090814256791,0.7117697594501718,0.7117697594501718,0.7350075187552016,4656,0.3677077998000732,48,40250,1.0,0.0004089223316957041,0.7534364261168385,0.7534364261168385,0.6303864967372409,4656,0.31539770172224013,1220.7439023289953,1282.833207398
4050.0,1.0,0.0003608572664846669,0.9916237113402062,0.9916237113402062,0.07280167353521917,4656,0.03658126514801864,48,40500,1.0,0.0003596673722785363,1.0,1.0,0.0403558163298774,4656,0.020357742137515667,1228.950994803995,1291.4119947170002
4075.0,1.0,0.00035380925407114716,0.9987113402061856,0.9987113402061856,0.02654868323368715,4656,0.013451246154267354,48,40750,1.0,0.00035332498553487443,1.0,1.0,0.015526982926830803,4656,0.007940153997788314,1234.3931830609954,1297.2170897900005
4100.0,1.0,0.0003575613542981574,0.9993556701030928,0.9993556701030928,0.020938139191198184,4656,0.01064785034795807,48,41000,1.0,0.00035724632723634596,1.0,1.0,0.012745797941365192,4656,0.006551522159904139,1239.8321453789968,1303.01924694
4125.0,1.0,0.0003628055229014957,0.9993556701030928,0.9993556701030928,0.01848087421397573,4656,0.009421839849236086,48,41250,1.0,0.00036258582038568057,1.0,1.0,0.01150277072621375,4656,0.005932678215692134,1245.8722326519955,1309.4309983430003
4150.0,1.0,0.0003677107444948347,0.9993556701030928,0.9993556701030928,0.016796808062550128,4656,0.00858225926910479,48,41500,1.0,0.00036754455302179473,1.0,1.0,0.010801538671414876,4656,0.005584541618619178,1253.155147843997,1317.0890757070001
4175.0,1.0,0.00037166228537092506,0.9993556701030928,0.9993556701030928,0.015938722390899135,4656,0.008155192296529553,48,41750,1.0,0.0003715293974810859,1.0,1.0,0.010377652047016366,4656,0.005374590709447041,1260.862023335997,1325.1750100830004
4200.0,1.0,0.0003748587508689087,0.9995704467353952,0.9995704467353952,0.015175353825297142,4656,0.00777510648330872,48,42000,1.0,0.0003747576943685099,1.0,1.0,0.010096002280507301,4656,0.005235379913828217,1268.7002402499947,1333.392014293
4225.0,1.0,0.00037716778436886893,0.9995704467353952,0.9995704467353952,0.014715225631019095,4656,0.007546196688491455,48,42250,1.0,0.0003770836100903983,1.0,1.0,0.009921925584065546,4656,0.0051495045730748125,1277.0916931829943,1342.1585454710003
4250.0,1.0,0.00037886884985203594,0.9995704467353952,0.9995704467353952,0.014217040383119354,4656,0.007297954506071163,48,42500,1.0,0.00037880755858527834,1.0,1.0,0.009795315794109069,4656,0.00508706169234928,1285.1977750919941,1350.635683607
4275.0,1.0,0.00038008116300880296,0.9995704467353952,0.9995704467353952,0.013783310287187189,4656,0.007081695745900734,48,42750,1.0,0.0003800357842363443,1.0,1.0,0.009727552174702543,4656,0.005053794005072813,1292.7323817019933,1358.5410872330003
4300.0,1.0,0.0004034652998766948,0.7935996563573883,0.7935996563573883,0.5446284054890531,4656,0.2725159359961441,48,43000,1.0,0.0004033676486244726,0.8552405498281787,0.8552405498281787,0.4252876366946296,4656,0.2128455024404624,1300.0063697169935,1366.185972272
4325.0,1.0,0.0003580637404189487,0.9997852233676976,0.9997852233676976,0.030844203794944736,4656,0.0156011339725088,48,43250,1.0,0.00035708985864296814,1.0,1.0,0.019300822130183585,4656,0.009828955959208642,1307.3874175909941,1373.9443398960002
4350.0,1.0,0.00035675880067127265,0.9997852233676976,0.9997852233676976,0.021296180195824795,4656,0.010826469389433713,48,43500,1.0,0.0003560170134420657,1.0,1.0,0.013535309493336891,4656,0.006945663147775578,1315.1479306959936,1382.0806064030003
4375.0,1.0,0.00035994680105513313,0.9997852233676976,0.9997852233676976,0.017969984369179636,4656,0.00916496543949822,48,43750,1.0,0.0003594068419892354,1.0,1.0,0.01172868461952996,4656,0.006044045807569707,1322.6691364649932,1389.9735690020007
4400.0,1.0,0.0003639744511482232,0.9997852233676976,0.9997852233676976,0.01632026483103172,4656,0.008342119836315666,48,44000,1.0,0.0003635726190616994,1.0,1.0,0.010859836827438721,4656,0.005611704745653159,1330.2425092539943,1397.918465201
4425.0,1.0,0.00036766741079153476,0.9997852233676976,0.9997852233676976,0.015176553701617053,4656,0.007772110479394185,48,44250,1.0,0.0003673574435956699,1.0,1.0,0.010370958916510093,4656,0.005369158237660464,1335.683319373994,1403.7222602000002
4450.0,1.0,0.0003707170345631662,0.9997852233676976,0.9997852233676976,0.014401653787934083,4656,0.007386185356841464,48,44500,1.0,0.0003704720551205665,1.0,1.0,0.010064616850561293,4656,0.0052175444016341905,1341.1418344189924,1409.5466273770007
4475.0,1.0,0.0003732520658074785,0.9997852233676976,0.9997852233676976,0.01399081597213483,4656,0.007182034122984844,48,44750,1.0,0.00037306198319004164,1.0,1.0,0.009871329843383474,4656,0.0051221958140737,1349.169424340991,1417.9453075360007
4500.0,1.0,0.0003750830011832755,0.9997852233676976,0.9997852233676976,0.013553258274838687,4656,0.006964170646012034,48,45000,1.0,0.00037493544256257026,1.0,1.0,0.009742756274967259,4656,0.005058845805957965,1356.7053822509906,1425.852738996
4525.0,1.0,0.00037642732851488894,0.9997852233676976,0.9997852233676976,0.013234944380435747,4656,0.006805685889679951,48,45250,1.0,0.0003763217594205719,1.0,1.0,0.009664986346595475,4656,0.005020654078611394,1362.14593719399,1431.668273141
4550.0,1.0,0.0003774028617082183,0.9997852233676976,0.9997852233676976,0.012979578726070444,4656,0.006678490806691016,48,45500,1.0,0.00037732797505212406,1.0,1.0,0.009597619579420057,4656,0.004987473852445989,1367.585682014992,1437.471130842
4575.0,1.0,0.0003781073096230677,0.9997852233676976,0.9997852233676976,0.012788469439109986,4656,0.006583288311958313,48,45750,1.0,0.00037805668536023177,1.0,1.0,0.00956788259683196,4656,0.004972969645896728,1374.417689342993,1444.6787482910004
4600.0,1.0,0.0003785766225909859,0.9997852233676976,0.9997852233676976,0.012663834693095939,4656,0.006521205721851886,48,46000,1.0,0.00037854143075926607,1.0,1.0,0.009546233411507099,4656,0.004962387465939079,1382.2491491159954,1452.8900270910008
4625.0,1.0,0.0003788039741135135,0.9997852233676976,0.9997852233676976,0.012474941428993986,4656,0.006426872717555855,48,46250,1.0,0.0003787943568477516,1.0,1.0,0.009496575778292627,4656,0.0049376850787716635,1390.5693713079945,1461.5899540220007
4650.0,1.0,0.0003789669491632288,0.9997852233676976,0.9997852233676976,0.01224616405480506,4656,0.006312565397970455,48,46500,1.0,0.00037897064564973627,1.0,1.0,0.009456006829271611,4656,0.004917488731059832,1398.0546789969949,1469.4511624000006
4675.0,1.0,0.00037896347030536416,0.9997852233676976,0.9997852233676976,0.012086269986588521,4656,0.006232616674039781,48,46750,1.0,0.0003789832361068103,1.0,1.0,0.00944555235892227,4656,0.004912267794314119,1406.3468005029972,1478.1188681990006
4700.0,1.0,0.00042732214855983907,0.7935996563573883,0.7935996563573883,0.533350895360573,4656,0.26688911333116877,48,47000,1.0,0.0004290403202944195,0.8472938144329897,0.8472938144329897,0.4440371228247574,4656,0.22223307914340618,1414.1373286269982,1486.2842015710003
4725.0,1.0,0.0003641527210109422,0.9510309278350515,0.9510309278350515,0.17450589740399233,4656,0.08743502512010921,48,47250,1.0,0.00036328812081789233,0.9770189003436426,0.9770189003436426,0.12282495072617154,4656,0.06159411918666355,1422.0564230629961,1494.5743319110006
4750.0,1.0,0.00034281909721823494,0.9997852233676976,0.9997852233676976,0.022977579500257354,4656,0.011660199292336953,48,47500,1.0,0.00034237523399984713,1.0,1.0,0.014916455213146931,4656,0.007629415218772757,1429.8894353319984,1502.782291904
4775.0,1.0,0.0003478129768801719,0.9997852233676976,0.9997852233676976,0.01791728976665903,4656,0.009132551266155703,48,47750,1.0,0.000347417907283683,1.0,1.0,0.011956084020359,4656,0.006151750991024922,1437.5113029399981,1510.7787564630007
4800.0,1.0,0.00035354375992853617,0.9997852233676976,0.9997852233676976,0.015482559646527791,4656,0.007918051837645854,48,48000,1.0,0.0003532109737293827,1.0,1.0,0.010733241682609742,4656,0.005543226331369984,1444.9675581499978,1518.6057233760002
4825.0,1.0,0.00035866072779054084,0.9997852233676976,0.9997852233676976,0.014241672873087355,4656,0.007300166739630945,48,48250,1.0,0.0003583893960796271,1.0,1.0,0.01009937598533237,4656,0.0052288827003072625,1453.0047802679983,1527.020237449
4850.0,1.0,0.00036284629306739956,1.0,1.0,0.013313455884808936,4656,0.006838151064935009,48,48500,1.0,0.0003626214282721588,1.0,1.0,0.009738795536080586,4656,0.005050708389364157,1458.917024182997,1533.3069656140005
4875.0,1.0,0.00036605286229517045,1.0,1.0,0.012779500271446517,4656,0.006572776592474214,48,48750,1.0,0.00036586075701152337,1.0,1.0,0.009518060897224137,4656,0.004941960841519726,1466.4349546689973,1541.1942331520004
4900.0,1.0,0.00036856168208970237,1.0,1.0,0.01240921675954078,4656,0.006388889248018822,48,49000,1.0,0.00036840721696000737,1.0,1.0,0.009383450156634617,4656,0.004875928573182358,1474.682840700998,1549.8172553200002
4925.0,1.0,0.00037037314930322653,1.0,1.0,0.012129877441117853,4656,0.006250125231202116,48,49250,1.0,0.0003702524038114908,1.0,1.0,0.009307760143607752,4656,0.004839006260907937,1482.3541815659974,1557.867314356
4950.0,1.0,0.00037161851000949687,1.0,1.0,0.011907916093609998,4656,0.00613976728260722,48,49500,1.0,0.00037152265739399953,1.0,1.0,0.009263129578423254,4656,0.004817326095505678,1490.759527133997,1566.6512136400006
4975.0,1.0,0.0003724417735620872,1.0,1.0,0.011709485676690065,4656,0.006040963673919337,48,49750,1.0,0.00037236519388316835,1.0,1.0,0.009238763363500642,4656,0.004805564317096959,1498.5983887079965,1574.8689122230007
5000.0,1.0,0.0003730318672263745,1.0,1.0,0.01160227617447319,4656,0.005987654180870843,48,50000,1.0,0.00037297473970762234,1.0,1.0,0.009215307809233256,4656,0.004794141271270018,1506.3141333519952,1582.9639565880007
5025.0,1.0,0.00037341464720538393,1.0,1.0,0.011457633009481267,4656,0.005915523855546906,48,50250,1.0,0.00037337802478537937,1.0,1.0,0.0092026198033205,4656,0.0047879989204537825,1513.821030444994,1590.859053141
5050.0,1.0,0.0003736043905781716,1.0,1.0,0.011340113030266516,4656,0.00585685870082108,48,50500,1.0,0.0003735837478613116,1.0,1.0,0.009206016858418783,4656,0.004789800373549314,1521.0388668059932,1598.4488297340004
5075.0,1.0,0.0003736129933104073,1.0,1.0,0.011337335576716158,4656,0.005855474326618758,48,50750,1.0,0.0003736036448800277,1.0,1.0,0.009191800126505062,4656,0.004782701941699916,1528.4538817449911,1606.2398476060007
5100.0,1.0,0.00037367020404011113,0.9997852233676976,0.9997852233676976,0.011303841862891548,4656,0.005838755940653614,48,51000,1.0,0.000373685764488076,1.0,1.0,0.0092018021341042,4656,0.004787744013304563,1537.102963308992,1615.2682278770008
5125.0,1.0,0.0003735280093253683,0.9997852233676976,0.9997852233676976,0.011141233632654669,4656,0.005757380801787491,48,51250,1.0,0.00037355408955787875,1.0,1.0,0.009178057261758653,4656,0.004775805622851316,1542.8355855809923,1621.3717984970008
5150.0,1.0,0.00037345470687777724,1.0,1.0,0.011042973225059378,4656,0.005708213933964365,48,51500,1.0,0.0003734951666028229,1.0,1.0,0.009174216756296321,4656,0.00477385582383146,1548.5667098079903,1627.4739008120005
5175.0,1.0,0.00037330143870561804,1.0,1.0,0.010968448575010005,4656,0.005670875054864129,48,51750,1.0,0.00037334861931522277,1.0,1.0,0.0091530344740222,4656,0.004763191559470396,1554.2987886809888,1633.5768889670007
5200.0,1.0,0.00037306867207038854,1.0,1.0,0.010901133936295394,4656,0.005637101342587946,48,52000,1.0,0.0003731254187390157,1.0,1.0,0.009144096132815908,4656,0.004758610706968406,1562.3731170369902,1642.0273735540004
5225.0,1.0,0.00043212844513331085,0.6937285223367697,0.6937285223367697,0.7801145311073749,4656,0.39027333341513304,48,52250,1.0,0.0004292375206486466,0.743127147766323,0.743127147766323,0.6910962108074594,4656,0.3457627247289284,1571.0575802399908,1651.0842778730002
5250.0,1.0,0.00036144347483759484,0.9768041237113402,0.9768041237113402,0.12441516987646568,4656,0.062388306221191826,48,52500,1.0,0.00035918855726002006,0.9864690721649485,0.9864690721649485,0.08747852790806301,4656,0.04391885827906763,1579.8355650769909,1660.2339923050004
5275.0,1.0,0.0003436239967538729,1.0,1.0,0.024097906764839933,4656,0.012220765512014172,48,52750,1.0,0.000342260060441453,1.0,1.0,0.015310953163199408,4656,0.00782660653501032,1588.3295622349906,1669.1054372750004
5300.0,1.0,0.0003432162822931493,1.0,1.0,0.017017568509603283,4656,0.008680392581572648,48,53000,1.0,0.00034238261417117726,1.0,1.0,0.011373159299601395,4656,0.005857770897678493,1595.8710305289906,1677.021715418
5325.0,1.0,0.0003472520550552922,1.0,1.0,0.014560688402234893,4656,0.0074539701758381425,48,53250,1.0,0.00034664354936773424,1.0,1.0,0.01004370371090997,4656,0.005195173559729586,1604.2345137489901,1685.7562220010004
5350.0,1.0,0.0003516023844173274,0.9997852233676976,0.9997852233676976,0.013318100336081384,4656,0.006834851302641774,48,53500,1.0,0.00035112502879088687,1.0,1.0,0.00937938587772068,4656,0.00486525555246884,1613.1571558279911,1695.0581042940003
5375.0,1.0,0.0003556198571709423,0.9997852233676976,0.9997852233676976,0.012546810907186921,4656,0.00645121542858504,48,53750,1.0,0.00035523178369523735,1.0,1.0,0.009024598958975671,4656,0.004689915380936717,1620.8180661709894,1703.0945364630006
5400.0,1.0,0.00035880518200266404,0.9997852233676976,0.9997852233676976,0.012107109286121487,4656,0.006232957250064181,48,54000,1.0,0.0003584906702086688,1.0,1.0,0.008838894236128764,4656,0.0045986924691708226,1628.377529899988,1711.0287473510007
5425.0,1.0,0.00036130214423658104,0.9997852233676976,0.9997852233676976,0.011737463400535976,4656,0.006049382676373643,48,54250,1.0,0.00036105501091050117,1.0,1.0,0.008737768504218138,4656,0.0045494117175590544,1634.0982668099869,1717.1198305520002
5450.0,1.0,0.0003632295723121191,0.9997852233676976,0.9997852233676976,0.011530618794595254,4656,0.005946924135447368,48,54500,1.0,0.00036303932327277883,1.0,1.0,0.008692763208113994,4656,0.004527901251291491,1639.8304817979879,1723.2228739820002
5475.0,1.0,0.00036469503238643566,0.9997852233676976,0.9997852233676976,0.011264997966510733,4656,0.005814846387433842,48,54750,1.0,0.0003645531513129723,1.0,1.0,0.008680481578885894,4656,0.0045225173234939575,1645.564985189987,1729.3280068980002
5500.0,1.0,0.0003657131951903969,0.9997852233676976,0.9997852233676976,0.011226247880876679,4656,0.0057959805444343804,48,55000,1.0,0.0003656071908387941,1.0,1.0,0.008691769490127302,4656,0.004528688401291051,1651.2972956689882,1735.4309333970004
5525.0,1.0,0.00036650194540056576,0.9997852233676976,0.9997852233676976,0.01103405905343413,4656,0.005700280371400499,48,55250,1.0,0.00036642288539520245,1.0,1.0,0.00870629438419932,4656,0.00453635865880042,1657.028970551988,1741.556344695
5550.0,1.0,0.0003672091520785056,1.0,1.0,0.010898732135385992,4656,0.00563297069973962,48,55500,1.0,0.0003671548345295834,1.0,1.0,0.008736095989692662,4656,0.004551625333700802,1662.7608184989858,1747.6588494100006
5575.0,1.0,0.00036767993403976316,1.0,1.0,0.010859942108495129,4656,0.00561381108367566,48,55750,1.0,0.00036765088381636186,1.0,1.0,0.008749677962863567,4656,0.004558664365732383,1668.4917292249856,1753.7604601560006
5600.0,1.0,0.00036793349061122876,1.0,1.0,0.010736192112526124,4656,0.005552062924784893,48,56000,1.0,0.00036792365571682397,1.0,1.0,0.008759233550107767,4656,0.004563578574108504,1674.9749719389838,1760.6221436650003
5625.0,1.0,0.0003680871748381464,1.0,1.0,0.010694931974935368,4656,0.005531509563685283,48,56250,1.0,0.00036809210028640184,1.0,1.0,0.008794988655962075,4656,0.004581540413328872,1682.776701461983,1768.8033367220005
5650.0,1.0,0.00036812227065722967,1.0,1.0,0.010590720627316084,4656,0.005479421453787289,48,56500,1.0,0.0003681447376141843,1.0,1.0,0.008786843302323646,4656,0.00457749395436028,1690.531900123985,1776.9343374050004
5675.0,1.0,0.00036812148015318865,1.0,1.0,0.010464291494736556,4656,0.005416206477843609,48,56750,1.0,0.00036815341395610797,1.0,1.0,0.00881625440522158,4656,0.004592203755968625,1698.338725464987,1785.1187458290005
5700.0,1.0,0.0003681152425322336,1.0,1.0,0.010444171035412661,4656,0.005406143175777291,48,57000,1.0,0.00036816644607131016,1.0,1.0,0.008821256894016593,4656,0.0045947117084490065,1706.3365520909874,1793.4921138090003
5725.0,1.0,0.00036812562149824557,1.0,1.0,0.010382039747696971,4656,0.005375082601386657,48,57250,1.0,0.0003681883369524454,1.0,1.0,0.008830518452162595,4656,0.004599353343350781,1714.8380253049845,1802.370796272
5750.0,1.0,0.00036807598936598735,1.0,1.0,0.010402089951374276,4656,0.005385082919163392,48,57500,1.0,0.000368154556506483,1.0,1.0,0.00883519055507437,4656,0.004601672496582635,1720.5560196949846,1808.4585264500001
5775.0,1.0,0.000472186318889926,0.8496563573883161,0.8496563573883161,0.431539325779656,4656,0.21600575463468677,48,57750,1.0,0.0004668310796681958,0.8827319587628866,0.8827319587628866,0.36108793016151874,4656,0.18077738096623897,1729.0015138739873,1817.2787818040006
5800.0,1.0,0.00035618874804465634,0.9980670103092784,0.9980670103092784,0.04073912417356091,4656,0.020547656873657123,48,58000,1.0,0.00034950982740859397,1.0,1.0,0.024943874054348347,4656,0.012646691803260357,1737.4382187989877,1826.0901836070007
5825.0,1.0,0.0003441127426794304,1.0,1.0,0.019756461951331173,4656,0.010050287463820678,48,58250,1.0,0.00034162216528584456,1.0,1.0,0.013298808299389082,4656,0.0068202152899450455,1745.0682161239874,1834.0952697910006
5850.0,1.0,0.00034506590812886294,1.0,1.0,0.015663218866918505,4656,0.008004142349118629,48,58500,1.0,0.00034324330664991924,1.0,1.0,0.010895079046590221,4656,0.005619161215025125,1753.262631753987,1842.6642394670007
5875.0,1.0,0.0003480060966973452,1.0,1.0,0.013784950439053303,4656,0.007066478280677009,48,58750,1.0,0.00034659339876723865,1.0,1.0,0.009814182097969186,4656,0.005080387764370318,1761.1436709419877,1850.923673016
5900.0,1.0,0.0003514409519706395,1.0,1.0,0.012746194383942384,4656,0.006548817675957565,48,59000,1.0,0.0003502574586069461,1.0,1.0,0.009271519085795609,4656,0.0048108882818025415,1768.9159510019863,1859.0711713150004
5925.0,1.0,0.00035433531370769253,1.0,1.0,0.012027940594453583,4656,0.00619113793487811,48,59250,1.0,0.00035334063559463346,1.0,1.0,0.008932728947642743,4656,0.004643034740411949,1776.4458625559864,1866.973074679
5950.0,1.0,0.00035683997295464027,1.0,1.0,0.011564153268984504,4656,0.005960496686578207,48,59500,1.0,0.00035597709138778476,1.0,1.0,0.008762257820142503,4656,0.004559117494170198,1783.9494294179867,1874.847998481
5975.0,1.0,0.0003588441215276308,1.0,1.0,0.011303094654148797,4656,0.005830969290225366,48,59750,1.0,0.00035809517815657907,1.0,1.0,0.008669307756260089,4656,0.004513701417601805,1791.5943594069859,1882.8682923080005
6000.0,1.0,0.0003603964858397176,1.0,1.0,0.011016456736731775,4656,0.005688426676894382,48,60000,1.0,0.0003597352884172164,1.0,1.0,0.008627098348132524,4656,0.004493416840677818,1799.288317865985,1890.937969564
6025.0,1.0,0.00036150542859154466,1.0,1.0,0.010905541095537008,4656,0.0056335231180453214,48,60250,1.0,0.0003609280470003377,1.0,1.0,0.008616165709249751,4656,0.004488546926131363,1806.730273024984,1898.76323865
6050.0,1.0,0.0003623585968800017,1.0,1.0,0.010758209371894496,4656,0.0055602839619843004,48,60500,1.0,0.00036184191127720567,1.0,1.0,0.008612889911710601,4656,0.004487365893891587,1814.139986278985,1906.5482475880008
6075.0,1.0,0.0003630241020694631,1.0,1.0,0.010656256036660107,4656,0.005509640035760361,48,60750,1.0,0.00036256636182467145,1.0,1.0,0.008636354888018054,4656,0.004499460567313781,1821.9371122969842,1914.724782634
6100.0,1.0,0.0003634653697462426,1.0,1.0,0.010611533811411908,4656,0.005487499572976758,48,61000,1.0,0.00036305897065863987,1.0,1.0,0.008653932011004575,4656,0.004508495484430765,1829.5980580399819,1922.7642986790006
6125.0,1.0,0.0003637188591088626,1.0,1.0,0.010526958814601308,4656,0.0054453388624584554,48,61250,1.0,0.00036334243196597217,1.0,1.0,0.008665112900160431,4656,0.004514227618056884,1837.159983541982,1930.7016540100003
6150.0,1.0,0.00040922803593050573,0.8253865979381443,0.8253865979381443,0.46749801897920695,4656,0.23395362342755818,48,61500,1.0,0.00040415331682900794,0.8584621993127147,0.8584621993127147,0.3868484628159566,4656,0.19362630876888523,1844.4776061439825,1938.39023946
6175.0,1.0,0.00034156196536272253,0.9997852233676976,0.9997852233676976,0.02504130900930293,4656,0.012691435432925667,48,61750,1.0,0.00034002158022725706,1.0,1.0,0.016732538278979536,4656,0.008536279713574964,1851.9974495839833,1946.284668319
6200.0,1.0,0.0003378757938128157,1.0,1.0,0.017478391476922837,4656,0.008908133736181096,48,62000,1.0,0.0003368016140362651,1.0,1.0,0.011962643808515621,4656,0.006149722743280155,1860.0265491079826,1954.6922754240004
6225.0,1.0,0.0003395597370424631,1.0,1.0,0.014469283348096605,4656,0.007404421510565322,48,62250,1.0,0.00033874330958959573,1.0,1.0,0.010309079156298818,4656,0.005323911245745891,1867.764078562982,1962.80937954
6250.0,1.0,0.00034305398253231116,1.0,1.0,0.01294389018897748,4656,0.006643472053750684,48,62500,1.0,0.0003423914889392165,1.0,1.0,0.00952308612181149,4656,0.004932738866183357,1875.153561687981,1970.5732938620004
6275.0,1.0,0.0003467061944126673,1.0,1.0,0.012093313985673832,4656,0.0062200101892563074,48,62750,1.0,0.00034614428045720986,1.0,1.0,0.009114599719489972,4656,0.004730371982371274,1882.4236144059823,1978.2135645990002
6300.0,1.0,0.00034995387945183364,1.0,1.0,0.011580233311735069,4656,0.005965093464376181,48,63000,1.0,0.00034948150688123047,1.0,1.0,0.008886856516611944,4656,0.004618168901332056,1890.1479864889825,1986.313128504
6325.0,1.0,0.0003525551914195834,1.0,1.0,0.011201096359397127,4656,0.005776825690597193,48,63250,1.0,0.00035215362496802076,1.0,1.0,0.00875983461481599,4656,0.004555994139094533,1897.7796542049819,1994.320324796
6350.0,1.0,0.0003547281206063798,1.0,1.0,0.010970168199735819,4656,0.005662448166571942,48,63500,1.0,0.0003543838576967364,1.0,1.0,0.008695555101964892,4656,0.004524969460628287,1905.7581962959812,2002.676794461
6375.0,1.0,0.0003565252595341083,1.0,1.0,0.010792289198059397,4656,0.005574407292805177,48,63750,1.0,0.0003562158652136416,1.0,1.0,0.008671998568007216,4656,0.004514107179805585,1913.5611550079811,2010.8596838110007
6400.0,1.0,0.0003579213984848298,1.0,1.0,0.010581408784151897,4656,0.00546966508491752,48,64000,1.0,0.0003576480825127605,1.0,1.0,0.008666747009631284,4656,0.004512197526869495,1921.4477692559822,2019.1258256280007
6425.0,1.0,0.00035886705894650465,1.0,1.0,0.01050553862581548,4656,0.0054322028487818344,48,64250,1.0,0.0003586256159693515,1.0,1.0,0.008673792237678344,4656,0.004516208858014792,1929.2390994429825,2027.292016773
6450.0,1.0,0.00035966946535401326,1.0,1.0,0.010468521785899946,4656,0.005414095582421293,48,64500,1.0,0.00035946164280176163,1.0,1.0,0.008728029699260016,4656,0.004543745691833627,1936.5183765759812,2034.9430460610001
6475.0,1.0,0.0003603083526401995,1.0,1.0,0.010352470006320075,4656,0.005356389171479084,48,64750,1.0,0.0003601303740158114,1.0,1.0,0.008691976365354872,4656,0.004526053353683236,1944.100014209981,2042.896585118
6500.0,1.0,0.0003607199236084915,1.0,1.0,0.010292516233994789,4656,0.005326618085202482,48,65000,1.0,0.00036056325018815567,1.0,1.0,0.00870507289863534,4656,0.004532818071211327,1951.43452251898,2050.6028518480007
6525.0,1.0,0.0004404805779866746,0.8387027491408935,0.8387027491408935,0.42885833097897036,4656,0.2146494052664111,48,65250,1.0,0.0004431851963509399,0.8874570446735395,0.8874570446735395,0.35091329686010825,4656,0.17567824334213414,1958.7390822679808,2058.297627545
6550.0,1.0,0.0003472659544846446,0.9939862542955327,0.9939862542955327,0.04312580311830921,4656,0.021736534190751434,48,65500,1.0,0.0003470137164867211,0.9987113402061856,0.9987113402061856,0.024230073817407143,4656,0.012288543571721237,1966.2488637719798,2066.1822074320007
6575.0,1.0,0.00034261314371197496,0.9991408934707904,0.9991408934707904,0.018186687603848905,4656,0.009264650316172858,48,65750,1.0,0.0003423018483413044,1.0,1.0,0.011100706980400478,4656,0.005721504438374051,1973.8050448349813,2074.1168838210006
6600.0,1.0,0.00034309969094815533,0.9991408934707904,0.9991408934707904,0.014998477963647483,4656,0.0076707887280847604,48,66000,1.0,0.0003427891348747863,1.0,1.0,0.009655540546600762,4656,0.0049991648631407225,1981.3945126329818,2082.080889232
6625.0,1.0,0.0003457782034765404,0.9995704467353952,0.9995704467353952,0.013321509271143228,4656,0.0068336437453109375,48,66250,1.0,0.00034549830423802444,1.0,1.0,0.009049509911193061,4656,0.004697504168523546,1989.3649268739819,2090.4220766360004
6650.0,1.0,0.00034852868387686835,0.9997852233676976,0.9997852233676976,0.012435826751374706,4656,0.006392177642415889,48,66500,1.0,0.00034829976734836486,1.0,1.0,0.008759074297147928,4656,0.00455368712185994,1996.9695039069802,2098.401337536
6675.0,1.0,0.00035122195034707125,0.9997852233676976,0.9997852233676976,0.011901168683959856,4656,0.0061261952435437755,48,66750,1.0,0.0003510249292164324,1.0,1.0,0.008613392557065511,4656,0.004482208709536549,2004.7091210899807,2106.5153363460004
6700.0,1.0,0.0003535343922956293,1.0,1.0,0.011512672573430431,4656,0.005933103590077141,48,67000,1.0,0.00035337802611573046,1.0,1.0,0.008549301075361847,4656,0.004451339699558376,2013.2687506159773,2115.4465821500007
6725.0,1.0,0.000355331886470113,1.0,1.0,0.0111803734015763,4656,0.0057678526312215225,48,67250,1.0,0.0003552101840524329,1.0,1.0,0.008523608810713202,4656,0.004439409553390188,2021.5901998639756,2124.143764001
6750.0,1.0,0.0003568510176082657,1.0,1.0,0.010950358258080236,4656,0.00565360471145394,48,67500,1.0,0.00035674694951150015,1.0,1.0,0.008530211817357958,4656,0.004443479311425251,2029.1088232219745,2132.037949978
6775.0,1.0,0.0003581120507772436,1.0,1.0,0.010783965337727078,4656,0.005571038759860796,48,67750,1.0,0.0003580400156964551,1.0,1.0,0.008546702333332337,4656,0.0044523712593255585,2036.566191419971,2139.870764327
6800.0,1.0,0.0003591100733304761,1.0,1.0,0.010694512284498444,4656,0.005526811140509406,48,68000,1.0,0.00035905514770152234,1.0,1.0,0.008577739352622802,4656,0.0044683972789659535,2044.5666238959702,2148.250911821
6825.0,1.0,0.00035983594806538415,1.0,1.0,0.010472967145369225,4656,0.005416401626727835,48,68250,1.0,0.00035980332297148166,1.0,1.0,0.008583397902164263,4656,0.004471600670175454,2052.770376356969,2156.8304898100005
6850.0,1.0,0.0003605812365554043,1.0,1.0,0.010429581825675834,4656,0.005395081547117725,48,68500,1.0,0.0003605708159839165,1.0,1.0,0.008600978302382111,4656,0.004480774562383436,2061.1506067749697,2165.5830617330002
6875.0,1.0,0.0003610502006774096,1.0,1.0,0.010353050281092064,4656,0.005357050250486,48,68750,1.0,0.0003610587970088028,1.0,1.0,0.008627559618441919,4656,0.0044943092205270456,2069.12420850097,2173.928750434
6900.0,1.0,0.00036147821540992285,1.0,1.0,0.010259087552729342,4656,0.00531028298168248,48,69000,1.0,0.00036151084370424655,1.0,1.0,0.008634007161425561,4656,0.0044977590185670095,2077.4824077289704,2182.663507911
6925.0,1.0,0.00036176274885836335,1.0,1.0,0.010173042512841242,4656,0.005267402560440535,48,69250,1.0,0.00036181175370806273,1.0,1.0,0.008665766298156423,4656,0.004513788929919607,2085.3564889789686,2190.916147543
6950.0,1.0,0.00041638899760967267,0.9183848797250859,0.9183848797250859,0.2516727545826705,4656,0.12604456832728436,48,69500,1.0,0.00041367093747628924,0.9390034364261168,0.9390034364261168,0.1952015689967834,4656,0.09780761957987887,2093.021041492969,2198.955141964
6975.0,1.0,0.0003458219756375473,0.9984965635738832,0.9984965635738832,0.02052800475117267,4656,0.010436913401810164,48,69750,1.0,0.00034482321058659207,1.0,1.0,0.01250985193088702,4656,0.006427337674750495,2100.598893580969,2206.9032535040005
7000.0,1.0,0.0003397674123753387,0.9997852233676976,0.9997852233676976,0.015285390963669085,4656,0.007812579063205784,48,70000,1.0,0.0003392515748841656,1.0,1.0,0.00989207727802578,4656,0.0051156643432440215,2107.626754589969,2214.3015327660005
7025.0,1.0,0.000340336220038101,0.9997852233676976,0.9997852233676976,0.013249049276830405,4656,0.006794692724431094,48,70250,1.0,0.0003400377135506201,1.0,1.0,0.008967030806230106,4656,0.004653534323898787,2114.8995628579687,2221.956614429
7050.0,1.0,0.0003424523065436337,1.0,1.0,0.012028816844179868,4656,0.006185634592964067,48,70500,1.0,0.00034228081837347693,1.0,1.0,0.008554985433100015,4656,0.0044486332185489615,2122.5323848579674,2229.96385791
7075.0,1.0,0.0003453387568394343,1.0,1.0,0.011299835242766286,4656,0.00582258710541676,48,70750,1.0,0.0003452565572208555,1.0,1.0,0.00835813156927574,4656,0.0043516941496596715,2130.171177144968,2237.977264778
7100.0,1.0,0.00034830672826451537,1.0,1.0,0.0109253071018101,4656,0.005636806955042574,48,71000,1.0,0.0003482787725851708,1.0,1.0,0.008279148860485693,4656,0.004313713803733747,2137.951702025971,2246.134821079
7125.0,1.0,0.0003505732377677439,1.0,1.0,0.01069405603244952,4656,0.005522314625507368,48,71250,1.0,0.0003505857258113389,1.0,1.0,0.008257275799295747,4656,0.004303930704945961,2144.7936347629684,2253.352450767
7150.0,1.0,0.0003526833458864402,1.0,1.0,0.010537133388912556,4656,0.005444908367399497,48,71500,1.0,0.00035273116017944627,1.0,1.0,0.008288187669314879,4656,0.004320459369941266,2152.597081943969,2261.527672612
7175.0,1.0,0.0003543352785030591,1.0,1.0,0.010234088217679578,4656,0.005294211797697847,48,71750,1.0,0.0003544055821559683,1.0,1.0,0.008295982359201228,4656,0.004325193996281968,2160.965452961971,2270.268177172
7200.0,1.0,0.00035575450849287287,1.0,1.0,0.010158892554515825,4656,0.005257323486698452,48,72000,1.0,0.00035584958980685655,1.0,1.0,0.008331973937778538,4656,0.004343911903011021,2168.8349166879716,2278.5135032860007
7225.0,1.0,0.0003569376210064413,1.0,1.0,0.01008843003269733,4656,0.005222683868457361,48,72250,1.0,0.00035704386218921426,1.0,1.0,0.008373809843948208,4656,0.0043654269266783985,2176.69557160997,2286.7538926000007
7250.0,1.0,0.00035767645424686345,1.0,1.0,0.00999571910428837,4656,0.005176697809671618,48,72500,1.0,0.00035780705063511006,1.0,1.0,0.008415644930810044,4656,0.004386725960318575,2184.607531704971,2295.0413260740006
7275.0,1.0,0.00035846278813901226,1.0,1.0,0.009970145639275358,4656,0.005164304140097497,48,72750,1.0,0.000358595055147135,1.0,1.0,0.008449604523550603,4656,0.00440409984375603,2192.3884384459707,2303.1977085460003
7300.0,1.0,0.00035907525914846006,1.0,1.0,0.009933226296991827,4656,0.005146150787671407,48,73000,1.0,0.00035921919809276705,1.0,1.0,0.008486404554131105,4656,0.00442281191291678,2199.7309062389704,2310.914454158
7325.0,1.0,0.0003595451961985159,1.0,1.0,0.009937786769211497,4656,0.005148666113922277,48,73250,1.0,0.0003596967393436383,1.0,1.0,0.00851662175352221,4656,0.004438159340845351,2207.7750648799683,2319.329155452
7350.0,1.0,0.00035983562162241985,1.0,1.0,0.009908865817224038,4656,0.005134350706621544,48,73500,1.0,0.00035999280711015064,1.0,1.0,0.008527388175328573,4656,0.00444369053922568,2214.6228593009682,2326.5475375820006
7375.0,1.0,0.0003601966803426185,1.0,1.0,0.009867615306500307,4656,0.005113905955016408,48,73750,1.0,0.00036036269899291274,1.0,1.0,0.008561418126129202,4656,0.004460890422162321,2222.0259296369695,2334.321153596
7400.0,1.0,0.0003603324806157666,1.0,1.0,0.009844220278599007,4656,0.0051022763924090725,48,74000,1.0,0.00036050210934119534,1.0,1.0,0.00855529584835485,4656,0.004457898975647602,2229.6845712919676,2342.3507521870006
7425.0,1.0,0.00036050532256409886,1.0,1.0,0.009829212300146568,4656,0.005094858737745646,48,74250,1.0,0.0003606705443095096,1.0,1.0,0.008561710823852172,4656,0.004461190596069258,2238.057189813967,2351.0950656570003
7450.0,1.0,0.0004882882397199414,0.6327319587628866,0.6327319587628866,1.0026920882287305,4656,0.5015901978482905,48,74500,1.0,0.0004935661375625027,0.7164948453608248,0.7164948453608248,0.9016973947741321,4656,0.4510954794605163,2246.662462432966,2360.07107223
7475.0,1.0,0.0003437949792574771,0.9815292096219931,0.9815292096219931,0.12410889622272085,4656,0.062226346268276986,48,74750,1.0,0.0003456589173768804,0.9948453608247423,0.9948453608247423,0.08184811093962889,4656,0.04109688436042812,2254.5444004559677,2368.327275185
7500.0,1.0,0.00029946382307924357,0.9969931271477663,0.9969931271477663,0.04210309433363557,4656,0.021201279564821433,48,75000,1.0,0.0003013463108400299,1.0,1.0,0.023624189940514843,4656,0.0119627682408926,2262.4556838299686,2376.6130768820003
7525.0,1.0,0.0003018696245151697,0.9982817869415808,0.9982817869415808,0.028692556820374585,4656,0.014497213142434346,48,75250,1.0,0.0003030384983547365,1.0,1.0,0.015957261278866902,4656,0.008130149947818611,2270.474127340968,2385.026735153
7550.0,1.0,0.0003095117791258183,0.9984965635738832,0.9984965635738832,0.0227212262727141,4656,0.011515369017918905,48,75500,1.0,0.0003103659811503289,1.0,1.0,0.012759390463124435,4656,0.0065348781773314855,2278.513685541967,2393.4377398920005
7575.0,1.0,0.00036720359934769135,0.7944587628865979,0.7944587628865979,0.5492197541436789,4656,0.27479348067975123,48,75750,1.0,0.00036715687319789967,0.8447164948453608,0.8447164948453608,0.4436127606945759,4656,0.22198995937596483,2286.5569496149656,2401.852738836
7600.0,1.0,0.00031382982903944257,0.9980670103092784,0.9980670103092784,0.029580795478165355,4656,0.014947312599195238,48,76000,1.0,0.00031536255876735315,1.0,1.0,0.015257407095014434,4656,0.007786384665269622,2294.894981798965,2410.5627352770007
7625.0,1.0,0.0003169970938942277,0.998926116838488,0.998926116838488,0.02170697725105941,4656,0.011011987207681453,48,76250,1.0,0.00031795000330996266,1.0,1.0,0.011803635412065434,4656,0.006060792715688751,2301.8330222019686,2417.872815171
7650.0,1.0,0.0003224695773468804,1.0,1.0,0.018161197298580838,4656,0.009241833207533532,48,76500,1.0,0.00032318254158259256,1.0,1.0,0.010383155030483232,4656,0.005353168728425331,2309.758598781964,2426.174145014
7675.0,1.0,0.00032876239596670844,1.0,1.0,0.015948475636157793,4656,0.008138619030464147,48,76750,1.0,0.00032933771648665063,1.0,1.0,0.009596136325003765,4656,0.00496273710555637,2315.203181598963,2431.9857136560004
7700.0,1.0,0.00033426821820719546,1.0,1.0,0.01470117736927832,4656,0.007517722873753289,48,77000,1.0,0.0003347895156169675,1.0,1.0,0.009116594119579931,4656,0.004725691840001398,2322.658194766962,2439.811744568
7725.0,1.0,0.00033900817004880546,1.0,1.0,0.013644857914587067,4656,0.006991933096725097,48,77250,1.0,0.00033948173317610195,1.0,1.0,0.008814370714102415,4656,0.004576926276446208,2329.955785554961,2447.480708115001
7750.0,1.0,0.0003428349809087429,1.0,1.0,0.012915239915815006,4656,0.0066290373859536605,48,77500,1.0,0.00034326094097083377,1.0,1.0,0.008618811766306559,4656,0.004481036382442487,2338.1513720049606,2456.051864799001
7775.0,1.0,0.00034611712168274874,1.0,1.0,0.01222575140982559,4656,0.0062859342577531166,48,77750,1.0,0.00034651474201494886,1.0,1.0,0.008506069068646514,4656,0.004426291871726308,2346.1943166739584,2464.469934623001
7800.0,1.0,0.0003484539348388865,1.0,1.0,0.011917150512184064,4656,0.006132802141900735,48,78000,1.0,0.0003488277216342716,1.0,1.0,0.008460547198954317,4656,0.004404687389885027,2354.221824565955,2472.868192344
7825.0,1.0,0.0003504232340252277,1.0,1.0,0.011524446231802715,4656,0.0059374346561038615,48,78250,1.0,0.0003507762884919586,1.0,1.0,0.008423338026525229,4656,0.004387057114302907,2362.5085727459555,2481.526231733
7850.0,1.0,0.00035194815152494357,1.0,1.0,0.011347161535544903,4656,0.005849554929946296,48,78500,1.0,0.0003522870153239912,1.0,1.0,0.008410979177533966,4656,0.004381633091628347,2370.186745086954,2489.574623812001
7875.0,1.0,0.0003531607367175142,1.0,1.0,0.011072795006008083,4656,0.0057129779017668,48,78750,1.0,0.0003534838160391116,1.0,1.0,0.008416815926528879,4656,0.004385149919290313,2377.2981694009504,2497.0561721819995
7900.0,1.0,0.00035397871637467255,1.0,1.0,0.01090409727031013,4656,0.005629038124559671,48,79000,1.0,0.0003542936314217413,1.0,1.0,0.008451605068449303,4656,0.004402949484353213,2385.12237323095,2505.25402287
7925.0,1.0,0.00035486666684093345,1.0,1.0,0.010815813983838582,4656,0.005585340341341864,48,79250,1.0,0.0003551830604826052,1.0,1.0,0.00848726257425813,4656,0.004421222916583425,2393.2150388209484,2513.721229764
7950.0,1.0,0.00035530982916707435,1.0,1.0,0.010725521140082185,4656,0.005540415542232212,48,79500,1.0,0.0003556142852376007,1.0,1.0,0.008518908134440785,4656,0.004437261225841299,2401.5843675549495,2522.461464942
7975.0,1.0,0.0003557565535620316,1.0,1.0,0.010613789980354178,4656,0.005484773326165897,48,79750,1.0,0.0003560607888034939,1.0,1.0,0.008534442313348305,4656,0.004445251627886009,2408.8669531429478,2530.114492275001
8000.0,1.0,0.0003561572174948106,1.0,1.0,0.010541451141187005,4656,0.005448804176140487,48,80000,1.0,0.0003564707819641251,1.0,1.0,0.008572799028809537,4656,0.004464634914988095,2416.7573712919457,2538.3757115770004
8025.0,1.0,0.0003565336702410708,1.0,1.0,0.01051031109393667,4656,0.005433422286076234,48,80250,1.0,0.00035684398948326965,1.0,1.0,0.008596478663768965,4656,0.004476661329826538,2425.108895837946,2547.120972226001
8050.0,1.0,0.0003567649806846458,1.0,1.0,0.01046181052820789,4656,0.005409287730443109,48,80500,1.0,0.00035707958529085636,1.0,1.0,0.00863715873141469,4656,0.004497119087943507,2430.8270946039465,2553.2086902730007
8075.0,1.0,0.0003570443038473424,1.0,1.0,0.01031202548967604,4656,0.005334534954369273,48,80750,1.0,0.00035736362267400803,1.0,1.0,0.0086475450968005,4656,0.004502454420545257,2436.5474939739433,2559.298563624001
8100.0,1.0,0.00041695972232474494,0.9310567010309279,0.9310567010309279,0.2554743396457528,4656,0.12794564761656665,48,81000,1.0,0.00041154625783978456,0.9656357388316151,0.9656357388316151,0.1871529674202306,4656,0.09378225614934443,2442.284673557948,2565.4063457009997
8125.0,1.0,0.0003133511292360902,0.9400773195876289,0.9400773195876289,0.1894445026043764,4656,0.09487892835820254,48,81250,1.0,0.00031553686330818226,0.9624140893470791,0.9624140893470791,0.12936866242451356,4656,0.06484209876699545,2449.356180423947,2572.8528265570003
8150.0,1.0,0.00028709885808303183,0.997852233676976,0.997852233676976,0.024757618346984443,4656,0.012522358357701515,48,81500,1.0,0.00028730127512384526,1.0,1.0,0.012424045309578021,4656,0.006355673228342508,2456.6852318049478,2580.5530324619995
8175.0,1.0,0.00030101303817685115,0.9991408934707904,0.9991408934707904,0.019130453620989297,4656,0.009715733351986023,48,81750,1.0,0.0003011119791988245,1.0,1.0,0.01026632552294387,4656,0.005283718666260185,2464.258550796945,2588.494046650001
8200.0,1.0,0.00031298948803922975,0.9993556701030928,0.9993556701030928,0.016681980840938606,4656,0.008497485180491024,48,82000,1.0,0.000313043293520757,1.0,1.0,0.009343177489808336,4656,0.004828110490877603,2470.8487775199446,2595.456712477
8225.0,1.0,0.00032285248854315975,0.9993556701030928,0.9993556701030928,0.014902474749129252,4656,0.007612663650840418,48,82250,1.0,0.00032286245465483455,1.0,1.0,0.008882059162015357,4656,0.0046024607731304625,2477.4723028779463,2602.448931981
8250.0,1.0,0.00033058016801003326,0.9995704467353952,0.9995704467353952,0.014198897425661381,4656,0.007264738742428547,48,82500,1.0,0.0003305878394196943,1.0,1.0,0.008627112276365667,4656,0.00447885011069963,2484.1259691669493,2609.4712518310007
8275.0,1.0,0.00033652354223826495,0.9993556701030928,0.9993556701030928,0.013577305164533792,4656,0.006956914343784765,48,82750,1.0,0.00033652630100135543,1.0,1.0,0.008504993317463143,4656,0.004420759854038146,2490.7805162709483,2616.494804401
8300.0,1.0,0.00034110911536155286,0.9995704467353952,0.9995704467353952,0.013155214770143385,4656,0.006748161877143834,48,83000,1.0,0.00034111564742126007,1.0,1.0,0.008452797468585247,4656,0.004396956452389353,2497.8420384959463,2623.9274327969997
8325.0,1.0,0.0003446759752084299,0.9995704467353952,0.9995704467353952,0.012880387994431957,4656,0.006612532071231567,48,83250,1.0,0.0003446764040648732,1.0,1.0,0.008456184691989544,4656,0.0044004304712170995,2505.3917588119475,2631.851578097001
8350.0,1.0,0.00034724303946871937,0.9995704467353952,0.9995704467353952,0.01262507989644185,4656,0.006486161570368763,48,83500,1.0,0.00034724837137046957,1.0,1.0,0.008476429378863462,4656,0.004411838974330024,2513.223372401948,2640.0620497180007
8375.0,1.0,0.00034940085946694275,0.9995704467353952,0.9995704467353952,0.01232817687119815,4656,0.006338788932541392,48,83750,1.0,0.0003494200875976241,1.0,1.0,0.008509490498152795,4656,0.004429455219265521,2521.392336562947,2648.609678169001
8400.0,1.0,0.00035085800804735457,0.9993556701030928,0.9993556701030928,0.012062114231365243,4656,0.0062064861821145125,48,84000,1.0,0.0003508762632499855,1.0,1.0,0.008547139229233731,4656,0.004449007795848388,2529.3837766829456,2656.9824471619995
8425.0,1.0,0.0003519845787192538,0.9993556701030928,0.9993556701030928,0.011944667170547537,4656,0.006148325772219917,48,84250,1.0,0.00035200960601318334,1.0,1.0,0.008594663794507686,4656,0.004473336681057907,2537.1326758779433,2665.1090738599996
8450.0,1.0,0.00035290844751285113,0.9993556701030928,0.9993556701030928,0.011873057310523856,4656,0.006112982778205085,48,84500,1.0,0.0003529457612238389,1.0,1.0,0.008638654173034983,4656,0.004495799797507086,2545.1277106349407,2673.4793325690007
8475.0,1.0,0.00035369234268403134,0.9993556701030928,0.9993556701030928,0.011768491305026812,4656,0.006061091865460898,48,84750,1.0,0.00035374061143685044,1.0,1.0,0.008668543137225908,4656,0.00451114179752127,2553.0943754649397,2681.8207355190007
8500.0,1.0,0.00035425393659736695,0.9995704467353952,0.9995704467353952,0.011424144211503649,4656,0.005889199085251982,48,85000,1.0,0.000354309159865494,1.0,1.0,0.008710562875590374,4656,0.004532436120141412,2560.646737971938,2689.748773835001
8525.0,1.0,0.00035464048027172943,0.9993556701030928,0.9993556701030928,0.011545588060752633,4656,0.005950114366524818,48,85250,1.0,0.000354714185972394,1.0,1.0,0.008732963673437583,4656,0.0045438388368927735,2568.237229721937,2697.724200873001
8550.0,1.0,0.00035502085673440363,0.9997852233676976,0.9997852233676976,0.011202148555480327,4656,0.00577858474451242,48,85500,1.0,0.0003550988285965526,1.0,1.0,0.008805538370846883,4656,0.004580318569317716,2577.246328375937,2707.105130049
8575.0,1.0,0.0003980793750163206,0.11018041237113402,0.11018041237113402,5.154850491133752,4656,2.5776243177066553,48,85750,1.0,0.00039867172497756704,0.109106529209622,0.109106529209622,5.098407968213058,4656,2.549403318424815,2585.6059911739358,2715.8370960520006
8600.0,1.0,0.00040968136279443697,0.772766323024055,0.772766323024055,0.6640742455970791,4656,0.33224195958822456,48,86000,1.0,0.00040496759679923763,0.8198024054982818,0.8198024054982818,0.5772632454678774,4656,0.288834113025993,2593.7583122029373,2724.361117724
8625.0,1.0,0.00031286819207504445,0.9942010309278351,0.9942010309278351,0.10605028322881849,4656,0.053181575745651403,48,86250,1.0,0.00031075528678820306,1.0,1.0,0.07139495476005003,4656,0.03585285501381785,2601.407412377939,2732.38229012
8650.0,1.0,0.0002839173097483481,0.9982817869415808,0.9982817869415808,0.042604398481624645,4656,0.021444157841279336,48,86500,1.0,0.00028300106755851473,1.0,1.0,0.026518837897638276,4656,0.013400919248967646,2609.483673310937,2740.835373737
8675.0,1.0,0.0002895891186349171,0.9991408934707904,0.9991408934707904,0.030235005408218225,4656,0.015262297133809513,48,86750,1.0,0.00028914207099741676,1.0,1.0,0.018420885313827146,4656,0.009355013620402804,2616.994743445941,2748.7207874220003
8700.0,1.0,0.0003010050467250683,0.9987113402061856,0.9987113402061856,0.024369197203121643,4656,0.012335101046513036,48,87000,1.0,0.00030081209012937707,1.0,1.0,0.014950722353564915,4656,0.007625767250650937,2624.1939068969405,2756.2901134349995
8725.0,1.0,0.00031174847350497425,0.9995704467353952,0.9995704467353952,0.020865350654444743,4656,0.010588549666388338,48,87250,1.0,0.0003116469913485534,1.0,1.0,0.01304928041815348,4656,0.0066804637511571245,2631.4009582879426,2763.8674664499995
8750.0,1.0,0.0003214082888669984,0.9995704467353952,0.9995704467353952,0.01859675690890178,4656,0.009459082715699762,48,87500,1.0,0.00032139049132460173,1.0,1.0,0.011818278081638297,4656,0.00606983428968187,2638.8288177089453,2771.670070557
8775.0,1.0,0.00032963356342409895,0.9995704467353952,0.9995704467353952,0.017039510802305032,4656,0.008684572178063933,48,87750,1.0,0.0003296482021507529,1.0,1.0,0.010986940352777435,4656,0.005658294275863883,2646.5216782129482,2779.741508092
8800.0,1.0,0.0003368431074973644,1.0,1.0,0.015866054906877865,4656,0.008101448877570555,48,88000,1.0,0.00033685610440793316,1.0,1.0,0.010432777945528325,4656,0.005384817002565181,2654.310096428948,2787.910225959
8825.0,1.0,0.0004277418613997112,0.8125,0.8125,0.47263306031112406,4656,0.23653040227201796,48,88250,1.0,0.0004131196937251746,0.8509450171821306,0.8509450171821306,0.39572659390898507,4656,0.19806985429062465,2662.04123642995,2796.0175734719996
8850.0,1.0,0.00032062363519598936,0.9984965635738832,0.9984965635738832,0.0339852424012017,4656,0.017152933115811692,48,88500,1.0,0.0003161089065967966,1.0,1.0,0.019536343636791322,4656,0.009926226233289004,2670.3417709489513,2804.6898751770004
8875.0,1.0,0.0003062043774271339,0.9991408934707904,0.9991408934707904,0.02321588050868503,4656,0.01176104246545903,48,88750,1.0,0.00030392848108847117,1.0,1.0,0.014054160654749657,4656,0.007179044622326225,2678.6545091999524,2813.3753457519997
8900.0,1.0,0.00031009616003823033,0.9993556701030928,0.9993556701030928,0.019232991225121357,4656,0.009771543782191588,48,89000,1.0,0.00030856163487401615,1.0,1.0,0.012083393601617453,4656,0.006195977688655001,2686.9054451089505,2821.999141704
8925.0,1.0,0.0003175935435950551,0.9997852233676976,0.9997852233676976,0.017028763122165325,4656,0.008673178064044808,48,89250,1.0,0.0003164367769489583,1.0,1.0,0.01111124614669695,4656,0.00571384150342843,2695.471389477949,2830.937691379
8950.0,1.0,0.0003252291789476814,0.9997852233676976,0.9997852233676976,0.01575992177032523,4656,0.008042575362621714,48,89500,1.0,0.0003243689121249615,1.0,1.0,0.010569188500597715,4656,0.005446778744766393,2703.4840256839507,2839.322280833001
8975.0,1.0,0.00033221436069183746,1.0,1.0,0.014719749439213285,4656,0.007525981906353403,48,89750,1.0,0.0003315542034062323,1.0,1.0,0.01021701333039405,4656,0.005274283773300983,2711.288810908949,2847.5057892160003
9000.0,1.0,0.00033810761632378566,1.0,1.0,0.014259103647212392,4656,0.0072986056509706165,48,90000,1.0,0.00033759740197269366,1.0,1.0,0.010003630340713816,4656,0.005170613783331671,2719.0432736249477,2855.6392522280003
9025.0,1.0,0.0003428555340138088,1.0,1.0,0.013795663810677546,4656,0.007069259677146308,48,90250,1.0,0.0003424755672050506,1.0,1.0,0.009902813795096277,4656,0.005122644692352137,2726.9100415639477,2863.9074793870004
9050.0,1.0,0.00034669482331607757,1.0,1.0,0.013433232545033353,4656,0.006889963631367765,48,90500,1.0,0.0003464144984215396,1.0,1.0,0.009805796072655117,4656,0.005076105293539381,2734.59778783595,2871.9714117559997
9075.0,1.0,0.000349751971277994,1.0,1.0,0.013157650367500856,4656,0.0067537011661890035,48,90750,1.0,0.0003495649514636633,1.0,1.0,0.009735913620781652,4656,0.0050427391357028605,2742.9781918959525,2880.7240180789995
9100.0,1.0,0.0003520015409517124,1.0,1.0,0.012894138028121897,4656,0.006623069752532592,48,91000,1.0,0.0003518829845480903,1.0,1.0,0.009724539887044848,4656,0.005038211435796469,2751.3607413709524,2889.478937924001
9125.0,1.0,0.00035382668356510373,1.0,1.0,0.01273685263604233,4656,0.0065453396630041375,48,91250,1.0,0.00035377100263674234,1.0,1.0,0.009717053564143754,4656,0.005035412270588563,2759.73987463495,2898.2303693699996
9150.0,1.0,0.0003552237154333452,1.0,1.0,0.012497904886494797,4656,0.00642656440177734,48,91500,1.0,0.00035522951779701456,1.0,1.0,0.009699934946302696,4656,0.005027582196845222,2768.34290405295,2907.2087966399995
9175.0,1.0,0.0003564303286399219,1.0,1.0,0.012357400864669956,4656,0.006356915657462943,48,91750,1.0,0.0003564953643995052,1.0,1.0,0.009723840710223745,4656,0.005040168096519418,2776.139412508952,2915.3790483110006
9200.0,1.0,0.00035743006661892755,1.0,1.0,0.012234384763691434,4656,0.006295907435957918,48,92000,1.0,0.0003575415980979749,1.0,1.0,0.009696517203681657,4656,0.005027029420092343,2781.584730743949,2921.1877924090004
9225.0,1.0,0.00039951113465520524,0.20210481099656358,0.20210481099656358,4.486862235052889,4656,2.2436308451124893,48,92250,1.0,0.000401118706233313,0.19866838487972507,0.19866838487972507,4.5008612039572595,4656,2.2506311161001933,2787.0317826519495,2926.9986298719996
9250.0,1.0,0.00039397302976588614,0.9409364261168385,0.9409364261168385,0.22349118367093534,4656,0.11194257801750682,48,92500,1.0,0.00039466815165330453,0.968213058419244,0.968213058419244,0.16448969365804875,4656,0.08244218039758426,2792.481027201946,2932.8110168639996
9275.0,1.0,0.0003261703716213351,0.9984965635738832,0.9984965635738832,0.03383602391403565,4656,0.017081097229239867,48,92750,1.0,0.00032474826125242456,1.0,1.0,0.019581524162358026,4656,0.00995313609178943,2799.820905269944,2940.5233816889995
9300.0,1.0,0.0003140961040848309,0.9991408934707904,0.9991408934707904,0.023621920048166385,4656,0.011968007919304968,48,93000,1.0,0.0003133867691267807,1.0,1.0,0.014225054749918148,4656,0.007269220765923306,2807.7536247239477,2948.8284052439994
9325.0,1.0,0.00031754357221814775,0.9991408934707904,0.9991408934707904,0.019524263352462927,4656,0.00992090349754517,48,93250,1.0,0.0003171119058050241,1.0,1.0,0.012146979570388794,4656,0.0062320458213078606,2813.202947005946,2954.641144526
9350.0,1.0,0.0003239313377342683,0.9995704467353952,0.9995704467353952,0.017192767248120914,4656,0.008758349414543598,48,93500,1.0,0.00032362989326010865,1.0,1.0,0.01110470766054396,4656,0.00571416876570056,2818.648082029951,2960.449711413001
9375.0,1.0,0.00033062376094745196,0.9997852233676976,0.9997852233676976,0.015563958289287345,4656,0.007947291090726033,48,93750,1.0,0.0003304293545609487,1.0,1.0,0.01053025591414409,4656,0.0054303425591426206,2824.091766376954,2966.2566123550005
9400.0,1.0,0.00033650919154952074,0.9997852233676976,0.9997852233676976,0.014663674167751037,4656,0.0075000916764498575,48,94000,1.0,0.000336375474750586,1.0,1.0,0.0101829079008594,4656,0.005259641718208995,2829.5349486809537,2972.06322618
9425.0,1.0,0.0003418555400011056,0.9997852233676976,0.9997852233676976,0.013978213788717473,4656,0.0071600346835618165,48,94250,1.0,0.0003417831560744043,1.0,1.0,0.009990481781386017,4656,0.0051661323743177855,2835.544514198955,2978.444793957
9450.0,1.0,0.0003460732087032082,1.0,1.0,0.013409854415356089,4656,0.006877963741620381,48,94500,1.0,0.0003460383785190861,1.0,1.0,0.009869403957910963,4656,0.00510772115381313,2843.220961281957,2986.4932618309995
9475.0,1.0,0.0003496876396110787,1.0,1.0,0.013017680841622893,4656,0.006683684245417618,48,94750,1.0,0.000349687453986648,1.0,1.0,0.009821182673739404,4656,0.005085434956648915,2851.5491220769563,2995.193177029001
9500.0,1.0,0.00035248893309909455,1.0,1.0,0.012850116208656547,4656,0.006601302535673187,48,95000,1.0,0.0003525190554636041,1.0,1.0,0.009804538435133053,4656,0.005078528652486113,2859.199500454957,3003.213952612001
9525.0,1.0,0.0003548074334450194,1.0,1.0,0.012614251616894175,4656,0.006484529560374231,48,95250,1.0,0.0003548631015716959,1.0,1.0,0.009798027190965475,4656,0.005076445050255949,2866.812739701956,3011.2093802239997
9550.0,1.0,0.0003566025625082226,1.0,1.0,0.012418595990774148,4656,0.006387599299044134,48,95500,1.0,0.000356685767059064,1.0,1.0,0.009811982051613405,4656,0.005084333909336235,2874.083787419955,3018.851505447001
9575.0,1.0,0.0003581550868413702,1.0,1.0,0.012295881907145182,4656,0.0063270185001936975,48,95750,1.0,0.00035825908452886897,1.0,1.0,0.009840360826643062,4656,0.005099309934783228,2881.524711098955,3026.664302405001
9600.0,1.0,0.00035953277856418765,1.0,1.0,0.012197807072773832,4656,0.006278669916067746,48,96000,1.0,0.00035966018733290053,1.0,1.0,0.009856410247763408,4656,0.005108035255953209,2889.475441097955,3034.987195476
9625.0,1.0,0.0003605239042096941,1.0,1.0,0.012136007297489652,4656,0.006248265607250515,48,96250,1.0,0.0003606800207567379,1.0,1.0,0.009906716977607753,4656,0.005133698383967082,2897.5448714369522,3043.4324908300005
9650.0,1.0,0.0003614749925857557,1.0,1.0,0.01203630839016839,4656,0.0061988917105796,48,96500,1.0,0.0003616593624513174,1.0,1.0,0.009923385488208626,4656,0.005142522431730814,2905.0529672849534,3051.321533698001
9675.0,1.0,0.00036227446420700687,1.0,1.0,0.011954760530969942,4656,0.006158517551995635,48,96750,1.0,0.0003624758059062909,1.0,1.0,0.009932096676318506,4656,0.005147286194706291,2912.468759069956,3059.111394171001
9700.0,1.0,0.00036297913295092044,1.0,1.0,0.011879788743671273,4656,0.006121383909507306,48,97000,1.0,0.0003632116115482402,1.0,1.0,0.009946427804088265,4656,0.005154819730221201,2919.681908405957,3066.696729108
9725.0,1.0,0.00036371615155251163,1.0,1.0,0.011816281018797885,4656,0.006089998530768037,48,97250,1.0,0.0003639789637421415,1.0,1.0,0.009978234870327297,4656,0.005171106904233035,2927.9432145469564,3075.329856904
9750.0,1.0,0.00036406969568368906,1.0,1.0,0.011800738339571609,4656,0.006082403956819645,48,97500,1.0,0.0003643676965046175,1.0,1.0,0.009994433098232624,4656,0.0051794003477620915,2935.625071482955,3083.3887868679994
9775.0,1.0,0.0003645136709168195,1.0,1.0,0.011656924006865197,4656,0.006010718925302381,48,97750,1.0,0.00036484740764107493,1.0,1.0,0.010033840166334435,4656,0.0051993437853875436,2942.9411977209584,3091.0805671670005
9800.0,1.0,0.00036493173553976406,1.0,1.0,0.011695226852836478,4656,0.006030079322991912,48,98000,1.0,0.0003653026035509978,1.0,1.0,0.010082620730514788,4656,0.0052239616302280495,2950.485587105961,3098.9971073960005
9825.0,1.0,0.0011111900364000774,0.20189003436426117,0.20189003436426117,2.454752813909472,4656,1.22793200253621,48,98250,1.0,0.0011325716153043242,0.2553694158075601,0.2553694158075601,2.347270847595844,4656,1.1742017162624503,2957.86891396596,3106.7550908270005
9850.0,1.0,0.00033342737794127253,0.9841065292096219,0.9841065292096219,0.11043782332508835,4656,0.05538562564915398,48,98500,1.0,0.0003324487435397823,0.9950601374570447,0.9950601374570447,0.07401114476915077,4656,0.03717179724440951,2965.618743160956,3114.8790687630008
9875.0,1.0,0.00029646815200851546,0.9993556701030928,0.9993556701030928,0.026345397188901082,4656,0.013320932580843005,48,98750,1.0,0.0002960960774384823,1.0,1.0,0.01753991289237111,4656,0.008918004552113641,2972.8219689819543,3122.4529041309997
9900.0,1.0,0.00030110046088285873,1.0,1.0,0.0191309919062349,4656,0.009716046327577834,48,99000,1.0,0.00030091964988569216,1.0,1.0,0.01324923341626564,4656,0.006775076446664292,2980.194132601955,3130.1964216240012
9925.0,1.0,0.00030989164672151875,1.0,1.0,0.016127851206002776,4656,0.008218871359153302,48,99250,1.0,0.00030981875392784367,1.0,1.0,0.011491896565427486,4656,0.005900857682080613,2988.4702528349553,3138.8447068820005
9950.0,1.0,0.00031906997791373036,1.0,1.0,0.014458985672783605,4656,0.007389027740537506,48,99500,1.0,0.00031908800588645477,1.0,1.0,0.0105860290658433,4656,0.0054525584494535045,2996.7860586059523,3147.532343021001
9975.0,1.0,0.0003271414594295918,1.0,1.0,0.013463424653122105,4656,0.006895282987466792,48,99750,1.0,0.00032721673013623226,1.0,1.0,0.010103223966978669,4656,0.005215220383762084,3005.1335238109514,3156.2515203950006
10000.0,1.0,0.00033407618973365765,1.0,1.0,0.012821073691869519,4656,0.006577574868792111,48,100000,1.0,0.00033419791775470746,1.0,1.0,0.009808670614183564,4656,0.005071434317175875,3013.5022691959493,3164.992137565001
10025.0,1.0,0.00033972736550463026,1.0,1.0,0.012449203283106749,4656,0.00639446540591643,48,100250,1.0,0.0003398785822067883,1.0,1.0,0.009657038241317592,4656,0.004998458414962611,3021.2491864579497,3173.123604917
10050.0,1.0,0.0003442095010141327,1.0,1.0,0.012148889889012497,4656,0.0062465496694099456,48,100500,1.0,0.00034439391568559145,1.0,1.0,0.009569202501749256,4656,0.004956798199116159,3028.519165231948,3180.765004582001
10075.0,1.0,0.0003478713173585659,1.0,1.0,0.011991778599847224,4656,0.00616982492179805,48,100750,1.0,0.0003480603566386855,1.0,1.0,0.009533546122488697,4656,0.0049408032107599005,3036.28073985395,3188.8982945749995
10100.0,1.0,0.0003507986882400677,0.9997852233676976,0.9997852233676976,0.011868484958340622,4656,0.006109641948106773,48,101000,1.0,0.00035099650627558993,1.0,1.0,0.00953828674001792,4656,0.004944641667952652,3044.433711258953,3197.422558342001
10125.0,1.0,0.000353159811795782,0.9997852233676976,0.9997852233676976,0.011865000749371716,4656,0.006109080261381222,48,101250,1.0,0.00035336142873129076,1.0,1.0,0.00955607514201161,4656,0.0049547182837712395,3052.332617268954,3205.6930983780003
10150.0,1.0,0.0003549698228176517,0.9997852233676976,0.9997852233676976,0.011793120415350007,4656,0.006074045122284251,48,101500,1.0,0.0003551824620038373,1.0,1.0,0.009625172287328137,4656,0.004990177414671252,3060.5053685739513,3214.241538469001
10175.0,1.0,0.0003566201424219764,0.9997852233676976,0.9997852233676976,0.011701512070455911,4656,0.006029066095237469,48,101750,1.0,0.00035684074425615397,1.0,1.0,0.009626268726034263,4656,0.004991554773550263,3068.2259606449497,3222.3418663390003
10200.0,1.0,0.0003578184281325422,0.9997852233676976,0.9997852233676976,0.011653642678998181,4656,0.0060057306719809465,48,102000,1.0,0.0003580567058931102,1.0,1.0,0.009675206187664438,4656,0.005016631481983408,3075.951170476954,3230.4426582470005
10225.0,1.0,0.0004220134626651548,0.8393470790378007,0.8393470790378007,0.4454781345485412,4656,0.22295007181331464,48,102250,1.0,0.00041096207855390927,0.8795103092783505,0.8795103092783505,0.35497565121994806,4656,0.17769330801423064,3083.3844104859527,3238.247219567
10250.0,1.0,0.0003050550581612128,0.9993556701030928,0.9993556701030928,0.026179740109394507,4656,0.013242397623783125,48,102500,1.0,0.0003023542226948279,1.0,1.0,0.01760227020663494,4656,0.008952312248269307,3091.2408593059517,3246.479777896
10275.0,1.0,0.00029743345665563014,0.9993556701030928,0.9993556701030928,0.018253394828219593,4656,0.009275414177642246,48,102750,1.0,0.0002955690576755714,1.0,1.0,0.012861592867939742,4656,0.006578580927603024,3098.7961141509513,3254.410173112001
10300.0,1.0,0.0003031366008663505,1.0,1.0,0.015327394213463432,4656,0.007815265471173316,48,103000,1.0,0.0003017257655813932,1.0,1.0,0.011204334059122092,4656,0.005753029867545846,3106.4241029459536,3262.4141492729996
10325.0,1.0,0.0003116393455422621,1.0,1.0,0.013875281175796929,4656,0.007093460187059907,48,103250,1.0,0.0003105178443375732,1.0,1.0,0.010417538512613355,4656,0.005364028090463881,3114.2402962559554,3270.610012895
10350.0,1.0,0.0003199507178309857,1.0,1.0,0.01296444774902973,4656,0.0066421991566202486,48,103500,1.0,0.00031904246389251393,1.0,1.0,0.010000592859340287,4656,0.005159817661616401,3121.753647878957,3278.503238381001
10375.0,1.0,0.00032741794061824626,1.0,1.0,0.01242827959486709,4656,0.006377848870156147,48,103750,1.0,0.00032667455317843003,1.0,1.0,0.00977616027458427,4656,0.005051417449085983,3129.51125445696,3286.639535080001
10400.0,1.0,0.00033368336683286425,1.0,1.0,0.01207586948814261,4656,0.006204776389082682,48,104000,1.0,0.0003330749091516246,1.0,1.0,0.009668961833023123,4656,0.005001018393490323,3137.0022224249624,3294.506163354001
10425.0,1.0,0.00033893701828427333,1.0,1.0,0.01183063990062045,4656,0.006084788501057837,48,104250,1.0,0.0003384356178932174,1.0,1.0,0.009621742357503097,4656,0.004980089123716059,3144.337018619959,3302.2127692739996
10450.0,1.0,0.00034324028545228884,1.0,1.0,0.011663884538965127,4656,0.0060035623738036534,48,104500,1.0,0.00034283662912567046,1.0,1.0,0.00962024435554583,4656,0.004981540527540384,3151.90421414696,3310.1522503880005
10475.0,1.0,0.00034676885225928524,1.0,1.0,0.011539377707386344,4656,0.005943073286223658,48,104750,1.0,0.00034642672723101585,1.0,1.0,0.009639390760271,4656,0.004992908833362802,3159.9903147919576,3318.6096047720002
10500.0,1.0,0.0003495435918524503,1.0,1.0,0.011488656305365545,4656,0.005919099929406471,48,105000,1.0,0.00034927000704499864,1.0,1.0,0.009672902703694872,4656,0.005011086457783414,3167.3733647089575,3326.3681135080005
10525.0,1.0,0.0003518385018935728,1.0,1.0,0.011426134617467927,4656,0.0058889865772830665,48,105250,1.0,0.0003516180536796137,1.0,1.0,0.00969905562417204,4656,0.005025336781318245,3175.743567167954,3335.130567334001
10550.0,1.0,0.00035372190177440643,1.0,1.0,0.011379966825963705,4656,0.005866844527090538,48,105500,1.0,0.00035355468296615527,1.0,1.0,0.00974193338266353,4656,0.005047744082421372,3183.5341844599534,3343.296778958
10575.0,1.0,0.0003552102448604361,1.0,1.0,0.011375040123143146,4656,0.005865125107191682,48,105750,1.0,0.00035508816799347345,1.0,1.0,0.009774663194348313,4656,0.0050648757579810025,3191.7585265229536,3351.896672160001
10600.0,1.0,0.0003564441256557953,1.0,1.0,0.011381228969678846,4656,0.00586883652046374,48,106000,1.0,0.0003563715881088755,1.0,1.0,0.009815173255618904,4656,0.005085772460268945,3199.478673531952,3359.996777169001
10625.0,1.0,0.00035764864578689495,1.0,1.0,0.011273884076842737,4656,0.0058157662653021795,48,106250,1.0,0.0003576149645539903,1.0,1.0,0.009815619778387324,4656,0.005086617422677397,3207.052987762956,3367.9462947800002
10650.0,1.0,0.000358464292336985,1.0,1.0,0.011207642424147563,4656,0.005783053300634692,48,106500,1.0,0.00035847221017907985,1.0,1.0,0.009837486285114615,4656,0.0050979791740371596,3214.6067255519574,3375.871173112
10675.0,1.0,0.00035915503284775517,1.0,1.0,0.01122060039199095,4656,0.005789877622807559,48,106750,1.0,0.00035919964351912133,1.0,1.0,0.009858521808873337,4656,0.005108860759800652,3222.315744210955,3383.951300373001
10700.0,1.0,0.00035973883768434785,1.0,1.0,0.011177330799528823,4656,0.00576853490981859,48,107000,1.0,0.00035981349391011436,1.0,1.0,0.009861119219527622,4656,0.0051104662959108645,3230.6220192349556,3392.633146133001
10725.0,1.0,0.0003687743468792578,0.8436426116838488,0.8436426116838488,0.43028105902917607,4656,0.2153249180194029,48,107250,1.0,0.00036730336287791785,0.8835910652920962,0.8835910652920962,0.34654342677585037,4656,0.17345536615430696,3238.045510791955,3400.4325150759996
10750.0,1.0,0.00030450738287975696,0.9976374570446735,0.9976374570446735,0.02529448639486254,4656,0.012799496810460827,48,107500,1.0,0.0003020500578626325,1.0,1.0,0.016109082502188142,4656,0.008205566414443078,3245.304342532956,3408.0631339150004
10775.0,1.0,0.00029830055317723057,0.998926116838488,0.998926116838488,0.017370775802848265,4656,0.00883453807879969,48,107750,1.0,0.00029685217055053643,1.0,1.0,0.0120038526369534,4656,0.00615035238134902,3252.5210122379576,3415.6513382930007
10800.0,1.0,0.0003050930503614989,0.9997852233676976,0.9997852233676976,0.01433341671101416,4656,0.007319254819879827,48,108000,1.0,0.00030403226754816947,1.0,1.0,0.010644592165537306,4656,0.0054743123013539004,3259.9965220939594,3423.4982906140012
10825.0,1.0,0.0003136865813861188,1.0,1.0,0.01301349704617897,4656,0.006663591847386966,48,108250,1.0,0.0003128398235413627,1.0,1.0,0.01002440255941804,4656,0.005168621175477595,3267.2080444899602,3431.081363053001
10850.0,1.0,0.0003219534358156915,1.0,1.0,0.012057144822123944,4656,0.0061895490921649735,48,108500,1.0,0.0003212627113070275,1.0,1.0,0.009717849726529466,4656,0.005019556257323301,3274.429309134959,3438.674266101001
10875.0,1.0,0.0003292654605767981,1.0,1.0,0.011595663745788364,4656,0.005962464612783845,48,108750,1.0,0.00032867105914555054,1.0,1.0,0.009566952067961808,4656,0.004947811569954522,3282.174197325963,3446.79102864
10900.0,1.0,0.00033537311562660224,1.0,1.0,0.011350128146790966,4656,0.0058427506296085735,48,109000,1.0,0.00033486503595646307,1.0,1.0,0.009509789677420022,4656,0.004922327307081714,3289.973982947964,3454.9631871439997
10925.0,1.0,0.0003403181600611644,1.0,1.0,0.011155057301636004,4656,0.005747687724447742,48,109250,1.0,0.00033988365807484106,1.0,1.0,0.009496205348739099,4656,0.00491804452901034,3297.512606468963,3462.873389515
10950.0,1.0,0.00034443737740574013,1.0,1.0,0.011020305844926342,4656,0.005682371582362251,48,109500,1.0,0.0003440580698837529,1.0,1.0,0.009509376234205318,4656,0.004926717158445378,3304.792823103964,3470.5250941070008
10975.0,1.0,0.00034770592279040937,1.0,1.0,0.010989101379597719,4656,0.005668403715202489,48,109750,1.0,0.00034738776891706733,1.0,1.0,0.009538459818797423,4656,0.004942923835462721,3312.0294639069634,3478.1330982930012
11000.0,1.0,0.00035039347010789457,1.0,1.0,0.010937933249981543,4656,0.005644163315238822,48,110000,1.0,0.00035012769432821633,1.0,1.0,0.009571295423606007,4656,0.004960711571768797,3319.7651454719653,3486.240293969
11025.0,1.0,0.0003524039651161617,1.0,1.0,0.010903282263844283,4656,0.005627843112880012,48,110250,1.0,0.00035218111658628866,1.0,1.0,0.00960704315568983,4656,0.004979612184144377,3327.5236507089685,3494.3850663930007
11050.0,1.0,0.00035429055261652903,1.0,1.0,0.010883132616678873,4656,0.005618711568645595,48,110500,1.0,0.00035411464466466935,1.0,1.0,0.009643580086042792,4656,0.004998847483769315,3335.369221580968,3502.6060651709995
11075.0,1.0,0.0003555953131406168,1.0,1.0,0.010885549165129252,4656,0.005620572267938725,48,110750,1.0,0.00035547003585243553,1.0,1.0,0.009671547261300366,4656,0.005013508741388616,3343.2338762579657,3510.8460965249997
11100.0,1.0,0.00035687438388358277,1.0,1.0,0.010867833067051734,4656,0.0056123537910762935,48,111000,1.0,0.0003567766910258847,1.0,1.0,0.009692400079412558,4656,0.005024588394820485,3351.3951294819653,3519.386933945001
11125.0,1.0,0.0003577737118472758,1.0,1.0,0.010819003241987982,4656,0.0055883884737172075,48,111250,1.0,0.00035771430562861597,1.0,1.0,0.009709853282089495,4656,0.005033783793859056,3358.6811387389625,3527.0481450860007
11150.0,1.0,0.0003585717912852969,1.0,1.0,0.010833363557599255,4656,0.00559596773685049,48,111500,1.0,0.0003585510493553791,1.0,1.0,0.009721344893740625,4656,0.005039947907539578,3366.146557239961,3534.8849841129995
11175.0,1.0,0.00035912503529967314,1.0,1.0,0.010773640727669103,4656,0.005566382889485441,48,111750,1.0,0.00035913721610283115,1.0,1.0,0.009744213209119449,4656,0.005051675121399136,3374.1195013239612,3543.228814530001
11200.0,1.0,0.00035950247057524743,1.0,1.0,0.010788834996239836,4656,0.005574168669399117,48,112000,1.0,0.0003595484382252103,1.0,1.0,0.009736282514132994,4656,0.00504791557379195,3381.3242212389614,3550.80470805
11225.0,1.0,0.000519990600978386,0.8445017182130584,0.8445017182130584,0.5540911028884941,4656,0.2773055407599485,48,112250,1.0,0.0005135461944075385,0.8724226804123711,0.8724226804123711,0.4968743733933701,4656,0.24869396104845395,3388.539939297958,3558.3916858970006
11250.0,1.0,0.00032302658825703094,0.9997852233676976,0.9997852233676976,0.023105947832061664,4656,0.01171448714135029,48,112500,1.0,0.000322754229210906,1.0,1.0,0.017405478815032856,4656,0.00886411662773578,3396.0222717929573,3566.2455585629996
11275.0,1.0,0.00031231538971879637,1.0,1.0,0.015454375661935183,4656,0.007883345650643418,48,112750,1.0,0.00031182792396172623,1.0,1.0,0.012002590800478696,4656,0.006157209424628425,3401.461573409957,3572.047616994001
11300.0,1.0,0.0003165738637914363,1.0,1.0,0.013026283369031558,4656,0.006671428526799704,48,113000,1.0,0.0003161369358858292,1.0,1.0,0.010454318060498057,4656,0.005385227526995735,3406.9030302479605,3577.8519233669995
11325.0,1.0,0.00032311035928242807,1.0,1.0,0.01186120346239752,4656,0.006092156946044607,48,113250,1.0,0.0003227393216488697,1.0,1.0,0.009780118248307008,4656,0.005051428868188891,3414.2130186449594,3585.533551366001
11350.0,1.0,0.0003298500943224864,1.0,1.0,0.011307619896131693,4656,0.005818734976024562,48,113500,1.0,0.00032953479522487145,1.0,1.0,0.009454204864108685,4656,0.004891869845668885,3421.8680835179566,3593.5601271390005
11375.0,1.0,0.0003357177433842646,1.0,1.0,0.01092104352626604,4656,0.0056283806812312594,48,113750,1.0,0.00033545585611636695,1.0,1.0,0.009300522378220181,4656,0.004817989171575435,3429.0717579289612,3601.141665264
11400.0,1.0,0.00034073515574342195,1.0,1.0,0.010694033194243703,4656,0.005517384082181347,48,114000,1.0,0.0003405299255323574,1.0,1.0,0.00924609412032714,4656,0.004793312029330591,3436.7774128889596,3609.2274280029997
11425.0,1.0,0.000344941821397375,1.0,1.0,0.010650191110433992,4656,0.005497566459514841,48,114250,1.0,0.0003447777422023393,1.0,1.0,0.009237457898883885,4656,0.004791117820543112,3444.444662291964,3617.273851031001
11450.0,1.0,0.00034818680528103283,1.0,1.0,0.010604566520022363,4656,0.005476376649850013,48,114500,1.0,0.00034807895108596566,1.0,1.0,0.009261276099280394,4656,0.004804677621195816,3452.3791383329626,3625.588442843
11475.0,1.0,0.0003510682789218385,1.0,1.0,0.010531513142012238,4656,0.00544129071366746,48,114750,1.0,0.00035099529011552687,1.0,1.0,0.009293634764517295,4656,0.004822315065721466,3458.0992439979636,3631.678175973
11500.0,1.0,0.00035333868013726885,1.0,1.0,0.010539128608310345,4656,0.005446233700231179,48,115000,1.0,0.0003533138032631366,1.0,1.0,0.009333730256024915,4656,0.004843522080850765,3463.8206039799643,3637.769304116
11525.0,1.0,0.00035502378511981865,1.0,1.0,0.010551139046646067,4656,0.005453081423883995,48,115250,1.0,0.00035505224646571574,1.0,1.0,0.009376134966656924,4656,0.004865593670569744,3469.545453958959,3643.8765352499995
11550.0,1.0,0.00035650709714369266,1.0,1.0,0.010532325076073715,4656,0.005444416014599227,48,115500,1.0,0.00035658247666465456,1.0,1.0,0.009412474955889778,4656,0.004884528642667528,3475.2658053049563,3649.9666016909996
11575.0,1.0,0.00035755941164247767,1.0,1.0,0.01055000778735708,4656,0.005453783519489249,48,115750,1.0,0.00035767738556943807,1.0,1.0,0.009446253276772516,4656,0.004901965305567607,3480.9893795469543,3656.059787055001
11600.0,1.0,0.00035842270926409164,1.0,1.0,0.01054456553508326,4656,0.005451494219786523,48,116000,1.0,0.000358589828859285,1.0,1.0,0.009479715447245594,4656,0.004919152694059811,3486.7256484659556,3662.1662944420004
11625.0,1.0,0.000359064380916738,1.0,1.0,0.010556992181797618,4656,0.0054580283533666556,48,116250,1.0,0.0003592643272323707,1.0,1.0,0.00950016025005747,4656,0.0049297122918453415,3492.4651406309495,3668.276729682
11650.0,1.0,0.0003593982648603695,1.0,1.0,0.010538047736453027,4656,0.005448722962251643,48,116500,1.0,0.0003596472352282288,1.0,1.0,0.009514274261251758,4656,0.004936960759441468,3498.780517181951,3674.9674622479997
11675.0,1.0,0.0003596290888399193,1.0,1.0,0.01059068437294452,4656,0.0054751566492814785,48,116750,1.0,0.0003599049395455937,1.0,1.0,0.009537438039517485,4656,0.004948671484730907,3506.6065793069556,3683.1649000199995
11700.0,1.0,0.00035985335195597097,1.0,1.0,0.01053138143827825,4656,0.005445617427121323,48,117000,1.0,0.00036015678389170734,1.0,1.0,0.00954475384397605,4656,0.004952455304332615,3514.552613461956,3691.4819897590005
11725.0,1.0,0.00038599615270124677,0.9063573883161512,0.9063573883161512,0.3952017387573662,4656,0.19779386553158054,48,117250,1.0,0.00038281906255332055,0.9323453608247423,0.9323453608247423,0.33879598309493963,4656,0.1695894031590203,3522.1707221229553,3699.4716741909997
11750.0,1.0,0.00030649108076116066,0.9993556701030928,0.9993556701030928,0.025379005166673168,4656,0.012842748173323693,48,117500,1.0,0.0003059849693500709,1.0,1.0,0.01689172323626751,4656,0.008598853939587307,3529.8016908899554,3707.4782831680004
11775.0,1.0,0.0002999606756717479,1.0,1.0,0.016070468524067672,4656,0.00818521470548361,48,117750,1.0,0.000299447696156723,1.0,1.0,0.011539625752832471,4656,0.005919536671687647,3537.441891938959,3715.4991282520004
11800.0,1.0,0.000306985357014584,1.0,1.0,0.013353176952637349,4656,0.0068300811900306,48,118000,1.0,0.0003066157339672043,1.0,1.0,0.010070045993909803,4656,0.005188330956750719,3544.896952138959,3723.3299511980003
11825.0,1.0,0.00031574695815949917,1.0,1.0,0.012175164988770108,4656,0.006245455893454273,48,118250,1.0,0.0003154855541552055,1.0,1.0,0.009439388398861968,4656,0.004877437072521223,3552.6519100319565,3731.456339306
11850.0,1.0,0.00032392341989217344,1.0,1.0,0.011533376687171124,4656,0.005928650139943021,48,118500,1.0,0.00032376305318575135,1.0,1.0,0.009144208480402366,4656,0.004733985590770892,3559.886684250956,3739.062826939
11875.0,1.0,0.000330893150002686,1.0,1.0,0.011140345093310904,4656,0.005735619064049213,48,118750,1.0,0.0003308354144039023,1.0,1.0,0.009012553290403177,4656,0.004671694230787533,3567.0963767219564,3746.643737196
11900.0,1.0,0.0003367381496835001,1.0,1.0,0.010901743808562812,4656,0.005619240892711784,48,119000,1.0,0.0003367599253494715,1.0,1.0,0.008970732951082314,4656,0.004653746524627266,3574.8174917639535,3754.736590949
11925.0,1.0,0.00034149283626440054,1.0,1.0,0.010781343450251314,4656,0.005561418191264176,48,119250,1.0,0.00034158858966684013,1.0,1.0,0.008981289527670215,4656,0.004661439005861578,3582.8063063449536,3763.101002945001
11950.0,1.0,0.0003452835527738345,1.0,1.0,0.01071075936363325,4656,0.005528021309383956,48,119500,1.0,0.0003454419576220496,1.0,1.0,0.009015626104426957,4656,0.004680533999020292,3590.631931376949,3771.3051565330006
11975.0,1.0,0.00034841434882883356,1.0,1.0,0.010625799087314671,4656,0.005487106766078071,48,119750,1.0,0.0003486345378086739,1.0,1.0,0.00906400213536528,4656,0.004706318282179816,3598.688508304949,3779.737110135
12000.0,1.0,0.0003507458268827999,1.0,1.0,0.01058056018606494,4656,0.005465652985671132,48,120000,1.0,0.0003510266446422056,1.0,1.0,0.009116588589252066,4656,0.004733807698557877,3607.6044196149505,3789.0276868460005
12025.0,1.0,0.0003528157665147814,1.0,1.0,0.010588608451725282,4656,0.005470712006706553,48,120250,1.0,0.00035314874473920803,1.0,1.0,0.009168938365588892,4656,0.004761043641575423,3616.2379113179504,3798.049653444001
12050.0,1.0,0.00035427286068803255,1.0,1.0,0.010553799953657328,4656,0.005454036429575628,48,120500,1.0,0.0003546552950215504,1.0,1.0,0.009213982783642011,4656,0.004784318948119776,3623.9349124879536,3806.1216569789995
12075.0,1.0,0.0003554800403691649,1.0,1.0,0.010579656899180199,4656,0.005467568271348567,48,120750,1.0,0.0003559081895193693,1.0,1.0,0.009259916048279334,4656,0.004807912043689452,3631.7627980409525,3814.331430387001
12100.0,1.0,0.00035644447450170814,1.0,1.0,0.010591926443617778,4656,0.005474185411053425,48,121000,1.0,0.0003569007905590575,1.0,1.0,0.009295505141884191,4656,0.004826202988624573,3639.3817073299506,3822.326005588
12125.0,1.0,0.0003571538446643918,1.0,1.0,0.010540415638500882,4656,0.005448784768786218,48,121250,1.0,0.00035764626787392956,1.0,1.0,0.00932641844569203,4656,0.004842032323178556,3646.813621224952,3830.1298458809997
12150.0,1.0,0.0003578036549881971,1.0,1.0,0.010543477494282411,4656,0.005450640552232356,48,121500,1.0,0.0003583189708107116,1.0,1.0,0.009351363296770967,4656,0.004854841176996526,3654.085241550956,3837.773332085
12175.0,1.0,0.0003580970376013071,1.0,1.0,0.010485314421637361,4656,0.005421705774425231,48,121750,1.0,0.00035863615495642433,1.0,1.0,0.009375809599034156,4656,0.004867222864193605,3661.3829595989555,3845.4473877990004
12200.0,1.0,0.0003584961429289526,1.0,1.0,0.010535440084450842,4656,0.005446968107289055,48,122000,1.0,0.0003590574296018512,1.0,1.0,0.00938070414402231,4656,0.004869880750007236,3669.084197725955,3853.5247957360007
12225.0,1.0,0.00035856781636214337,1.0,1.0,0.010495731818307307,4656,0.005427149767728196,48,122250,1.0,0.00035913745613442254,1.0,1.0,0.009387970687597478,4656,0.0048735541678785865,3676.399525236957,3861.2117786300005
12250.0,1.0,0.0003586780612718608,1.0,1.0,0.01049301632491174,4656,0.005425847119482113,48,122500,1.0,0.00035924860036250244,1.0,1.0,0.009403120713545285,4656,0.004881184688958106,3683.6378431999547,3868.8217787930007
12275.0,1.0,0.0003587920250710343,1.0,1.0,0.010459397461815798,4656,0.005409094732241942,48,122750,1.0,0.0003593714517314,1.0,1.0,0.009408688627157834,4656,0.004884030196265257,3691.384316834952,3876.943268555
12300.0,1.0,0.000394553733394318,0.8717783505154639,0.8717783505154639,0.37763920354679276,4656,0.1890168747131767,48,123000,1.0,0.00039609067807697346,0.8984106529209622,0.8984106529209622,0.30687640868511395,4656,0.15363624743169935,3699.594155014949,3885.528561702
12325.0,1.0,0.0002832796482234886,0.9984965635738832,0.9984965635738832,0.025368133566223878,4656,0.012825706672832319,48,123250,1.0,0.0002841764862594736,1.0,1.0,0.016831744167812912,4656,0.008557960237424398,3707.6870169039466,3893.992184889001
12350.0,1.0,0.0002774288589806901,0.9993556701030928,0.9993556701030928,0.016699547005682876,4656,0.00848848805394779,48,123500,1.0,0.00027780366991086514,1.0,1.0,0.011790350130743178,4656,0.006034076930731023,3716.0622802379494,3902.7382065580005
12375.0,1.0,0.0002889853751741324,0.9997852233676976,0.9997852233676976,0.013909641717307755,4656,0.007099313527038417,48,123750,1.0,0.00028921513981425886,1.0,1.0,0.010198176521615884,4656,0.005243695939529393,3723.947885792948,3910.9949446650007
12400.0,1.0,0.00030132170600170123,0.9997852233676976,0.9997852233676976,0.012517765215582045,4656,0.0064095434351885035,48,124000,1.0,0.0003014924356720292,1.0,1.0,0.009465260808820167,4656,0.004883376542235568,3731.611322399951,3919.032873493001
12425.0,1.0,0.0003126305095928232,0.9997852233676976,0.9997852233676976,0.01183526980917888,4656,0.0060739501337824815,48,124250,1.0,0.0003127734500057099,1.0,1.0,0.009101876892994359,4656,0.0047073252115053,3739.4437030909485,3927.243723130001
12450.0,1.0,0.00032218791147585176,0.9997852233676976,0.9997852233676976,0.01128305080010719,4656,0.005802619395796785,48,124500,1.0,0.00032232508793012384,1.0,1.0,0.00891639993772474,4656,0.004619362479223009,3747.016778772948,3935.192379076001
12475.0,1.0,0.00032993058171571323,0.9997852233676976,0.9997852233676976,0.011015205039191492,4656,0.005672567744844968,48,124750,1.0,0.000330083008177092,1.0,1.0,0.008838096230300432,4656,0.00458408953602781,3755.1936542329495,3943.7410441600005
12500.0,1.0,0.00033597542209825974,0.9997852233676976,0.9997852233676976,0.010782265171562274,4656,0.005559120340035953,48,125000,1.0,0.0003361533559167508,1.0,1.0,0.008816852602352392,4656,0.00457650295033078,3763.3246044249536,3952.2430221640006
12525.0,1.0,0.0003409283171660712,1.0,1.0,0.010656411500321221,4656,0.005498669913544278,48,125250,1.0,0.00034113625173306546,1.0,1.0,0.008832711534401806,4656,0.004586923982679229,3770.940387836954,3960.2414627050002
12550.0,1.0,0.00034476902105451857,1.0,1.0,0.010582864489342338,4656,0.005463816763199482,48,125500,1.0,0.0003450079292980666,1.0,1.0,0.008869443152778336,4656,0.004607225560240729,3779.294982668953,3968.9695388239998
12575.0,1.0,0.0003476959246745224,1.0,1.0,0.010502701977274263,4656,0.005425199046987029,48,125750,1.0,0.00034795416666265203,1.0,1.0,0.008913554788864766,4656,0.004630754391352336,3787.2115957149545,3977.261583488
12600.0,1.0,0.00035008440863123466,1.0,1.0,0.010446945518972128,4656,0.005398515010207789,48,126000,1.0,0.0003503742355763707,1.0,1.0,0.008965755758416611,4656,0.00465806499379607,3795.0453169839548,3985.4706450579997
12625.0,1.0,0.0003518598583043646,1.0,1.0,0.01043496856984404,4656,0.005393414255679678,48,126250,1.0,0.00035217685042480425,1.0,1.0,0.009014969634026596,4656,0.004683573170216223,3802.703389884955,3993.5043712530005
12650.0,1.0,0.0003535397914062251,1.0,1.0,0.01037117132206553,4656,0.005362355473524926,48,126500,1.0,0.0003538765877331655,1.0,1.0,0.009065203650300856,4656,0.004709540107815536,3810.350675664953,4001.5317789130004
12675.0,1.0,0.0003545965384883979,1.0,1.0,0.010424754463929901,4656,0.005389675549215467,48,126750,1.0,0.0003549608104315001,1.0,1.0,0.009109091820176114,4656,0.0047320263185042285,3818.1483225109496,4009.7085617169996
12700.0,1.0,0.00035561926509301687,1.0,1.0,0.010396060562625374,4656,0.005375840000270568,48,127000,1.0,0.0003559928822660774,1.0,1.0,0.009144368859910473,4656,0.0047501808486853266,3825.8972498689473,4017.831713466001
12725.0,1.0,0.0003564252079659721,1.0,1.0,0.010428937440065993,4656,0.005392681282410507,48,127250,1.0,0.00035681680510543873,1.0,1.0,0.00917672506722388,4656,0.00476677091056129,3831.322444492949,4023.6186024880008
12750.0,1.0,0.00035699869784497725,1.0,1.0,0.01044391213413776,4656,0.005400455489601057,48,127500,1.0,0.0003574162568013693,1.0,1.0,0.009214353520435975,4656,0.004785884952627097,3836.74677542095,4029.4044942340006
12775.0,1.0,0.00035760181082278183,1.0,1.0,0.01036073917785461,4656,0.005359170465534905,48,127750,1.0,0.0003580264171066972,1.0,1.0,0.009224418102670781,4656,0.004791222282291688,3844.691780853951,4037.7237386430006
12800.0,1.0,0.00034061995978207935,0.9673539518900344,0.9673539518900344,0.12241213264334243,4656,0.06137637666000943,48,128000,1.0,0.00034426490670626925,0.9845360824742269,0.9845360824742269,0.06916741079481196,4656,0.03475583787636249,3852.959926535952,4046.372625146001
12825.0,1.0,0.0003108752001704219,0.9991408934707904,0.9991408934707904,0.016255385277607188,4656,0.008283130184481643,48,128250,1.0,0.00031245774765502137,1.0,1.0,0.010461955136040231,4656,0.0053872064626503645,3859.7772642199543,4053.564116357
12850.0,1.0,0.0003055632498460947,0.9995704467353952,0.9995704467353952,0.012743906569235103,4656,0.006524734839131332,48,128500,1.0,0.0003063152688219375,1.0,1.0,0.009050439723168862,4656,0.004678377580806562,3865.2107687429543,4059.3596286110005
12875.0,1.0,0.0003120400286775684,0.9995704467353952,0.9995704467353952,0.011621196450236737,4656,0.005966618298664945,48,128750,1.0,0.0003125836874303949,1.0,1.0,0.008700296026734552,4656,0.004506439841080368,3872.9109426839586,4067.4313006030006
12900.0,1.0,0.0003198756007445637,0.9997852233676976,0.9997852233676976,0.01115229981871405,4656,0.005736087810542575,48,129000,1.0,0.00032034259020667714,1.0,1.0,0.008599108027428696,4656,0.00445972521280505,3881.2606538029595,4076.1525478430012
12925.0,1.0,0.0003273091711027106,1.0,1.0,0.010785330816642525,4656,0.005556320048279779,48,129250,1.0,0.000327769001222558,1.0,1.0,0.008593175009763528,4656,0.004460472011893885,3889.6292961899617,4084.892525559
12950.0,1.0,0.00033364470574454345,1.0,1.0,0.010695492688732868,4656,0.005514568684437021,48,129500,1.0,0.00033410507993599805,1.0,1.0,0.008637644990612961,4656,0.004485875060877849,3898.207378294961,4093.8419587770004
12975.0,1.0,0.00033888624680206126,1.0,1.0,0.010594488828862245,4656,0.005466687464222466,48,129750,1.0,0.00033936262950045134,1.0,1.0,0.008699349931015591,4656,0.004519356331464761,3906.5398488779592,4102.545903102
13000.0,1.0,0.00034308385206354444,1.0,1.0,0.010475974824420366,4656,0.0054095293238400595,48,130000,1.0,0.00034357994935664115,1.0,1.0,0.008771471858434252,4656,0.004557525937499869,3915.13985211796,4111.521478746001
13025.0,1.0,0.00034650822595734776,1.0,1.0,0.010465317165728696,4656,0.005405912643036072,48,130250,1.0,0.0003470292257279465,1.0,1.0,0.008834819613453448,4656,0.004590924457995752,3922.8038856039584,4119.5785731
13050.0,1.0,0.00034914552986212204,1.0,1.0,0.01041210885719745,4656,0.005380627164725995,48,130500,1.0,0.00034969517980346977,1.0,1.0,0.008895237318838584,4656,0.004622466222117447,3931.037331907959,4128.187749161001
13075.0,1.0,0.00035111734137911976,1.0,1.0,0.010471307330115144,4656,0.005411212284540392,48,130750,1.0,0.00035168249736127166,1.0,1.0,0.008951920516712149,4656,0.004651801590247662,3939.412469877956,4136.934780151001
13100.0,1.0,0.00035289744126428034,1.0,1.0,0.010398824804836941,4656,0.005375861097447241,48,131000,1.0,0.00035349457585524856,1.0,1.0,0.008996736040639714,4656,0.004675115353053378,3947.4348698369577,4145.328504273
13125.0,1.0,0.0003540972791791372,1.0,1.0,0.01038527089295928,4656,0.0053696841308751055,48,131250,1.0,0.0003547162726470285,1.0,1.0,0.009032430108060542,4656,0.004693573180752522,3954.8566387399587,4153.121621307
13150.0,1.0,0.0003550142638666933,1.0,1.0,0.010438217944705609,4656,0.005396616059480254,48,131500,1.0,0.0003556539288552356,1.0,1.0,0.009062778294291283,4656,0.0047092161227747335,3962.907114321959,4161.549010076
13175.0,1.0,0.00035569778742761544,1.0,1.0,0.010461351408581553,4656,0.005408524545197634,48,131750,1.0,0.00035635598605543477,1.0,1.0,0.00908684238945086,4656,0.004721599192553779,3970.6497529609587,4169.673587832
13200.0,1.0,0.00035628006886370814,1.0,1.0,0.010369835440645512,4656,0.005363057671543658,48,132000,1.0,0.00035695323266114563,1.0,1.0,0.009108288488846874,4656,0.004732620879956537,3976.380683947955,4175.774969960001
13225.0,1.0,0.00035670011774780825,1.0,1.0,0.010454792030078848,4656,0.005405746067512486,48,132250,1.0,0.00035738415657654663,1.0,1.0,0.009119548236381557,4656,0.004738466129270206,3982.1114100259565,4181.876230665001
13250.0,1.0,0.0003690539292760731,0.5814003436426117,0.5814003436426117,1.7565941433726306,4656,0.8784816060279244,48,132500,1.0,0.00036997415278990244,0.5891323024054983,0.5891323024054983,1.6573886412525505,4656,0.8288792875624195,3987.846061618957,4187.9814534180005
13275.0,1.0,0.0003318024920843721,0.9976374570446735,0.9976374570446735,0.029235565170799335,4656,0.014783683921053647,48,132750,1.0,0.0003342990446643731,1.0,1.0,0.016872658147844662,4656,0.008603478625058308,3994.908599809958,4195.419584536001
13300.0,1.0,0.0003081230715531664,0.9987113402061856,0.9987113402061856,0.0158471405710961,4656,0.008077631906135795,48,133000,1.0,0.00030901272784393676,1.0,1.0,0.010152446035666974,4656,0.005230729317747031,4003.6284491699607,4204.517390229001
13325.0,1.0,0.0003125494429233558,0.9993556701030928,0.9993556701030928,0.013217925615736708,4656,0.006765237481323714,48,133250,1.0,0.000313132406049168,1.0,1.0,0.009152665580670858,4656,0.004732898983758749,4009.3658639529604,4210.625492614001
13350.0,1.0,0.0003199225221200497,0.9997852233676976,0.9997852233676976,0.012038468495267364,4656,0.006179195499092443,48,133500,1.0,0.00032038451572464094,1.0,1.0,0.008775816135799763,4656,0.004548100364167256,4015.1034800999623,4216.734146403
13375.0,1.0,0.0003271464072807958,0.9997852233676976,0.9997852233676976,0.011440172330620363,4656,0.005883659284139417,48,133750,1.0,0.0003275646223235376,1.0,1.0,0.008633380903001503,4656,0.004480472647447356,4021.2112788049617,4223.217460457001
13400.0,1.0,0.0003333423331482304,1.0,1.0,0.01108030129953758,4656,0.00570682177633764,48,134000,1.0,0.0003337342983361372,1.0,1.0,0.008601752138629402,4656,0.00446774306166213,4029.9089594469588,4232.286631584
13425.0,1.0,0.000338483982658673,1.0,1.0,0.010915274472580743,4656,0.005626879248422445,48,134250,1.0,0.00033887332990202297,1.0,1.0,0.008617685832518483,4656,0.004478279462794668,4038.191461233957,4240.946357125
13450.0,1.0,0.00034264159545660837,1.0,1.0,0.0107150264212356,4656,0.0055288339603397855,48,134500,1.0,0.0003430254795809382,1.0,1.0,0.008660448375846102,4656,0.0045017368605046746,4043.9170463189585,4247.043780321001
13475.0,1.0,0.00034604123009439184,1.0,1.0,0.010602334725488093,4656,0.0054741879713904,48,134750,1.0,0.00034643033090530804,1.0,1.0,0.008712468380780564,4656,0.004529449384646727,4049.639198882958,4253.135631298001
13500.0,1.0,0.0003486967283937939,1.0,1.0,0.01057939062413481,4656,0.005464043609055457,48,135000,1.0,0.00034909118991025126,1.0,1.0,0.008766570042089089,4656,0.004557830515186402,4055.3604752889623,4259.226719809001
13525.0,1.0,0.00035085324262016006,1.0,1.0,0.010518155864014249,4656,0.005434504540515519,48,135250,1.0,0.00035125767984955583,1.0,1.0,0.008817740219974845,4656,0.004584499036323573,4061.083695052963,4265.33235352
13550.0,1.0,0.00035246924090733645,1.0,1.0,0.010461893892779793,4656,0.0054071816484543055,48,135500,1.0,0.00035288367305219787,1.0,1.0,0.008861207982518828,4656,0.004607045773378352,4066.80311283596,4271.421204483
13575.0,1.0,0.0003538315674078833,1.0,1.0,0.010391834470414623,4656,0.0053728329869070415,48,135750,1.0,0.0003542704411695913,1.0,1.0,0.00890303846077411,4656,0.004628654454172272,4072.523681051958,4277.511203328
13600.0,1.0,0.0003548353731222579,1.0,1.0,0.01041799578879707,4656,0.005386415625765561,48,136000,1.0,0.00035529070985071436,1.0,1.0,0.008931375451104338,4656,0.004643333122083002,4078.259280725959,4283.617454345
13625.0,1.0,0.0003555796438783305,1.0,1.0,0.010457384012818746,4656,0.005406481908359069,48,136250,1.0,0.00035604673255350174,1.0,1.0,0.00895948057731812,4656,0.004657763642134126,4083.9923577409554,4289.7211299890005
13650.0,1.0,0.00035626521570883256,1.0,1.0,0.010337770804506806,4656,0.005347018030910557,48,136500,1.0,0.00035675363199100463,1.0,1.0,0.008979619163827798,4656,0.004668186466718458,4089.7244452459545,4295.8240653230005
13675.0,1.0,0.00035663865685872604,1.0,1.0,0.010366281180856973,4656,0.005361460021271329,48,136750,1.0,0.0003571414814372243,1.0,1.0,0.008994864024657155,4656,0.0046760028170556136,4095.4595119659552,4301.929652438001
13700.0,1.0,0.00035690526474792115,1.0,1.0,0.01025394506470854,4656,0.005305425203133285,48,137000,1.0,0.0003574137668736612,1.0,1.0,0.009007805401516944,4656,0.004682609664205833,4101.1950144399525,4308.035735576001
13725.0,1.0,0.00035709161567421715,1.0,1.0,0.010306310407894174,4656,0.005331701070991988,48,137250,1.0,0.00035760466559850884,1.0,1.0,0.009015065902696852,4656,0.004686335364158211,4106.9278030289515,4314.139283674
13750.0,1.0,0.00035708926016420024,1.0,1.0,0.010346205476223398,4656,0.005351647427401592,48,137500,1.0,0.00035761323632653224,1.0,1.0,0.009017095840264023,4656,0.0046873544294809555,4113.886809481952,4321.4738256069995
13775.0,1.0,0.0004333926755230861,0.898840206185567,0.898840206185567,0.3043606813830608,4656,0.15239703778139094,48,137750,1.0,0.0004352351388161125,0.9334192439862543,0.9334192439862543,0.22952732597429729,4656,0.11498127934039663,4122.112036303954,4330.070476342
13800.0,1.0,0.0003025859715961099,0.9976374570446735,0.9976374570446735,0.022483854973848742,4656,0.011393220563934431,48,138000,1.0,0.0003042574907905867,1.0,1.0,0.0125587908263059,4656,0.006431524132944874,4129.960832780953,4338.294679727
13825.0,1.0,0.0002980945068587552,0.9987113402061856,0.9987113402061856,0.015938760693540277,4656,0.008118427701012785,48,138250,1.0,0.00029912231893269056,1.0,1.0,0.009635469757814178,4656,0.004967296041573856,4138.018717907953,4346.734167497001
13850.0,1.0,0.0003060671401648587,0.998926116838488,0.998926116838488,0.013484290784986568,4656,0.0068951789865788725,48,138500,1.0,0.0003068731374449746,1.0,1.0,0.00875227875316266,4656,0.004529575916500026,4145.3205296929555,4354.414281959
13875.0,1.0,0.00031553061608596356,0.9991408934707904,0.9991408934707904,0.012420305066911625,4656,0.006367917835097952,48,138750,1.0,0.000316230042539921,1.0,1.0,0.008399708983824425,4656,0.004357969535585122,4153.422755843954,4362.894898157001
13900.0,1.0,0.00032405025578548816,0.9991408934707904,0.9991408934707904,0.011566451222626204,4656,0.005945250699200581,48,139000,1.0,0.00032468177250160793,1.0,1.0,0.008268493762130999,4656,0.004296587709708722,4161.237360000949,4371.082648176
13925.0,1.0,0.0003312940347645291,0.9991408934707904,0.9991408934707904,0.011068476024771883,4656,0.005699885055371576,48,139250,1.0,0.00033187698508865647,1.0,1.0,0.008245708401670162,4656,0.004288792712581936,4168.821653955953,4379.037853291
13950.0,1.0,0.00033704035905833096,0.9997852233676976,0.9997852233676976,0.01067482073282458,4656,0.0055059305683444046,48,139500,1.0,0.0003375970979326779,1.0,1.0,0.008281719643635438,4656,0.004309658383585743,4175.96725606695,4386.5540808099995
13975.0,1.0,0.0003417480378523725,0.9995704467353952,0.9995704467353952,0.010583924264022984,4656,0.005462836205344839,48,139750,1.0,0.0003422975597768715,1.0,1.0,0.008343568372562579,4656,0.004342932932565303,4183.945827448952,4394.90780929
14000.0,1.0,0.00034552501495351494,0.9997852233676976,0.9997852233676976,0.01047864873794346,4656,0.005412086895651014,48,140000,1.0,0.00034605534715238714,1.0,1.0,0.008414729559134781,4656,0.004380392352330316,4192.1475637989515,4403.485336031001
14025.0,1.0,0.0003482814353356247,0.9997852233676976,0.9997852233676976,0.010432239660282725,4656,0.00539026053500749,48,140250,1.0,0.0003488179539487124,1.0,1.0,0.008492558272843509,4656,0.004420688267016329,4200.235816453953,4411.957999233
14050.0,1.0,0.00035053080338280635,1.0,1.0,0.010299047756031207,4656,0.0053247892877080595,48,140500,1.0,0.0003510659234118216,1.0,1.0,0.00856255430126518,4656,0.004456810064332182,4208.448904811956,4420.542600981
14075.0,1.0,0.0003522945843201732,0.9997852233676976,0.9997852233676976,0.010335061763160416,4656,0.0053436781225335555,48,140750,1.0,0.0003528281073390004,1.0,1.0,0.008623513671540722,4656,0.004488170863836492,4216.344694926956,4428.814001328999
14100.0,1.0,0.00035364969707129336,0.9997852233676976,0.9997852233676976,0.01038463470042776,4656,0.005369142261157741,48,141000,1.0,0.0003541867469543034,1.0,1.0,0.00868147498963215,4656,0.004517830882695122,4223.857617104957,4436.702681417
14125.0,1.0,0.00035462836987783816,1.0,1.0,0.010332815425912129,4656,0.005343721955502566,48,141250,1.0,0.000355168447359321,1.0,1.0,0.008731072608547932,4656,0.004543120559957838,4231.536836180958,4444.753280272
14150.0,1.0,0.0003554715912571478,0.9997852233676976,0.9997852233676976,0.010270388880136497,4656,0.005312930216494295,48,141500,1.0,0.0003560197946081047,1.0,1.0,0.008774885709343087,4656,0.004565452740774122,4238.805581268958,4452.393684847
14175.0,1.0,0.00035601889528974224,1.0,1.0,0.010251701697451142,4656,0.005303860376380973,48,141750,1.0,0.00035657309943048403,1.0,1.0,0.008803419640793423,4656,0.004579996376512796,4246.072201507957,4460.0315572750005
14200.0,1.0,0.00035618305129488716,0.9997852233676976,0.9997852233676976,0.01041815391520864,4656,0.005387168467249658,48,142000,1.0,0.0003567318851288242,1.0,1.0,0.008861117551416876,4656,0.004608924753477483,4253.869634258957,4468.200355246001
14225.0,1.0,0.0003567131274600619,1.0,1.0,0.01020983240448732,4656,0.005283272757972639,48,142250,1.0,0.00035725927934101767,1.0,1.0,0.008855179925145153,4656,0.004606219655050035,4261.12990676896,4475.83191907
14250.0,1.0,0.0003569022019448149,0.9997852233676976,0.9997852233676976,0.010260060378366319,4656,0.0053084811701397715,48,142500,1.0,0.00035744712806444397,1.0,1.0,0.008867990724819223,4656,0.00461271891684057,4269.263074138962,4484.336613810001
14275.0,1.0,0.00035702004465450535,0.9997852233676976,0.9997852233676976,0.010255894607694698,4656,0.005306457274967862,48,142750,1.0,0.000357553618880072,1.0,1.0,0.008880016934830709,4656,0.00461878527685539,4276.55025750996,4491.995258425
14300.0,1.0,0.0003570387255131584,0.9997852233676976,0.9997852233676976,0.010336127375409366,4656,0.005346582978451785,48,143000,1.0,0.0003575672846786755,1.0,1.0,0.008894469422573076,4656,0.004626018382429667,4283.758150297961,4499.57419356
14325.0,1.0,0.0003569357519604496,0.9997852233676976,0.9997852233676976,0.010263829604047271,4656,0.005310382681204281,48,143250,1.0,0.0003574427178840047,1.0,1.0,0.008886661931001853,4656,0.004622052369248826,4291.015667463958,4507.208045413001
14350.0,1.0,0.0003569240000137349,0.9997852233676976,0.9997852233676976,0.010289177554579535,4656,0.005323050767695371,48,143500,1.0,0.0003574102272077934,1.0,1.0,0.008897117015832068,4656,0.004627263781540992,4298.876212314957,4515.448153795
14375.0,1.0,0.0006181230557333562,0.9355670103092784,0.9355670103092784,0.21045516364762873,4656,0.10553664276280354,48,143750,1.0,0.000443434265931857,0.9542525773195877,0.9542525773195877,0.17146181159003085,4656,0.08595262196465456,4306.197154692954,4523.144527656001
14400.0,1.0,0.00030406003760308334,0.9961340206185567,0.9961340206185567,0.023877075242832353,4656,0.01209056746099413,48,144000,1.0,0.0003034971923250513,1.0,1.0,0.012005460221333192,4656,0.006154478722831228,4313.759895991954,4531.082844912
14425.0,1.0,0.0003059371646583285,0.9980670103092784,0.9980670103092784,0.01708987734162111,4656,0.008697907334750461,48,144250,1.0,0.00030600938856396886,1.0,1.0,0.00948047965662586,4656,0.0048932444905907015,4321.407427143951,4539.105741605001
14450.0,1.0,0.0003139857119557374,0.9987113402061856,0.9987113402061856,0.013985717521909996,4656,0.007149851711345292,48,144500,1.0,0.00031413669502714653,1.0,1.0,0.008598639280935334,4656,0.004456387967178502,4328.68908123495,4546.758644652
14475.0,1.0,0.00032217697563654776,0.9991408934707904,0.9991408934707904,0.01247588813919382,4656,0.006399032535012236,48,144750,1.0,0.00032236098705493296,1.0,1.0,0.008228903169074828,4656,0.004275632017256878,4335.928843356951,4554.369268307
14500.0,1.0,0.0003293619916815938,0.9991408934707904,0.9991408934707904,0.011630515462344455,4656,0.005979938810223976,48,145000,1.0,0.00032955380252648874,1.0,1.0,0.008082152846752573,4656,0.004205853361444375,4343.080665683952,4561.891571725
14525.0,1.0,0.00033539859097950236,0.9993556701030928,0.9993556701030928,0.011063989597497527,4656,0.0056996941566467285,48,145250,1.0,0.0003355939222877378,1.0,1.0,0.00804342303898736,4656,0.004189508528643867,4350.496268326948,4569.690123591001
14550.0,1.0,0.00034026360568107197,0.9997852233676976,0.9997852233676976,0.01073621792072283,4656,0.005538240740799003,48,145500,1.0,0.000340467773352292,1.0,1.0,0.008064162690205262,4656,0.004202315180572038,4357.756315002947,4577.320071260001
14575.0,1.0,0.00034412328806734575,0.9997852233676976,0.9997852233676976,0.010528244923070534,4656,0.0054361840703643066,48,145750,1.0,0.00034432478978769067,1.0,1.0,0.008118536873781394,4656,0.0042314308717898074,4365.473941168948,4585.4109863230005
14600.0,1.0,0.0003472395894146457,0.9997852233676976,0.9997852233676976,0.010407757206061451,4656,0.0053774983305292035,48,146000,1.0,0.00034744792723471357,1.0,1.0,0.008188483026838795,4656,0.004267965446632752,4373.327829450949,4593.643103902001
14625.0,1.0,0.0003496532766884545,0.9997852233676976,0.9997852233676976,0.010312160880295271,4656,0.005330907059289336,48,146250,1.0,0.0003498733344510249,1.0,1.0,0.008264487039592257,4656,0.00430718018222101,4381.052672271951,4601.74343479
14650.0,1.0,0.00035152902436215444,0.9997852233676976,0.9997852233676976,0.010240161336984011,4656,0.005295845139067608,48,146500,1.0,0.00035175412278814415,1.0,1.0,0.00833863562734676,4656,0.0043451948366623975,4388.383405161951,4609.450740677001
14675.0,1.0,0.00035302208486906033,0.9997852233676976,0.9997852233676976,0.01020645265726699,4656,0.005279737342264235,48,146750,1.0,0.000353257914307396,1.0,1.0,0.008412536988962967,4656,0.004382897437233286,4396.745132367949,4618.194440237001
14700.0,1.0,0.000354243704850731,1.0,1.0,0.010108044671848468,4656,0.005231144297163921,48,147000,1.0,0.0003544938145685442,1.0,1.0,0.0084782220243998,4656,0.004416357866677222,4402.480226799948,4624.300218534001
14725.0,1.0,0.0003551094731975257,0.9997852233676976,0.9997852233676976,0.010167504196724122,4656,0.005261306910170722,48,147250,1.0,0.00035536711350646626,1.0,1.0,0.00853590580196315,4656,0.004445636395326595,4408.21506315895,4630.4057442270005
14750.0,1.0,0.0003558386411658677,1.0,1.0,0.010153311429564486,4656,0.005254575118576128,48,147500,1.0,0.0003560987201957768,1.0,1.0,0.00858598988490416,4656,0.004471044308950811,4414.600516576955,4637.166794047
14775.0,1.0,0.0003563251243936237,1.0,1.0,0.010104218504273194,4656,0.005230271887943097,48,147750,1.0,0.00035660517725235815,1.0,1.0,0.008638015522579966,4656,0.004497310345115531,4422.654598862957,4645.592503602
14800.0,1.0,0.0003567414671899527,1.0,1.0,0.01008681200214268,4656,0.00522177668986042,48,148000,1.0,0.00035703032120703833,1.0,1.0,0.00866085956596427,4656,0.0045089448747765975,4431.331122233958,4654.644645587001
14825.0,1.0,0.00035704227478028985,1.0,1.0,0.010179248872081848,4656,0.005268145519023908,48,148250,1.0,0.00035733525093990505,1.0,1.0,0.008692840632704115,4656,0.004525087901816745,4439.176585891959,4662.869589301999
14850.0,1.0,0.0003804676746789532,0.9340635738831615,0.9340635738831615,0.24814264225386262,4656,0.12426155293520373,48,148500,1.0,0.00038049495186899947,0.9574742268041238,0.9574742268041238,0.18884482334569558,4656,0.09461266068658468,4447.328394771957,4671.402006599001
14875.0,1.0,0.00029874527410850494,0.9980670103092784,0.9980670103092784,0.021830092181045164,4656,0.011064418709974518,48,148750,1.0,0.0002988281618176457,1.0,1.0,0.012167251192007688,4656,0.006233039641708033,4453.0514589829545,4677.494468163
14900.0,1.0,0.00029885264503996806,0.9991408934707904,0.9991408934707904,0.014978180636245361,4656,0.007638516499824131,48,149000,1.0,0.0002988990863522713,1.0,1.0,0.009368135244985627,4656,0.004833517154467474,4458.771174557956,4683.583780107001
14925.0,1.0,0.00030771895756631374,0.9995704467353952,0.9995704467353952,0.012575814199611493,4656,0.006441766607392694,48,149250,1.0,0.0003077979055569344,1.0,1.0,0.00846000635337174,4656,0.004383902113462232,4464.497255805958,4689.679921352001
14950.0,1.0,0.0003173381563826525,0.9993556701030928,0.9993556701030928,0.011533642757389554,4656,0.005925490376875573,48,149500,1.0,0.0003174528690803911,1.0,1.0,0.008082417892836213,4656,0.004199935398560619,4470.221935535956,4695.774221983
14975.0,1.0,0.00032559377413332667,0.9995704467353952,0.9995704467353952,0.010991488945033542,4656,0.005658541450795439,48,149750,1.0,0.0003257525182261909,1.0,1.0,0.007943296145737376,4656,0.004134524267973359,4475.9445401669545,4701.866485503
15000.0,1.0,0.0003325900645395325,0.9997852233676976,0.9997852233676976,0.010647314520635965,4656,0.005489952273385222,48,150000,1.0,0.00033279556998682183,1.0,1.0,0.007910930618797381,4656,0.0041218630431853615,4481.665658672955,4707.957295952001
