epochs_seen,heldout_EOS_accuracy,heldout_EOS_loss,heldout_accuracy,heldout_answer_accuracy,heldout_answer_loss,heldout_examples,heldout_loss,last_batch_size,step,train_EOS_accuracy,train_EOS_loss,train_accuracy,train_answer_accuracy,train_answer_loss,train_examples,train_loss,training_seconds,wall_seconds
0.10996563573883161,0.0,5.5329228561768415,0.0,0.0,5.5137861848287155,4656,5.523354546720629,512,1,0.0,5.53146551073212,0.0,0.0,5.512599931959434,4656,5.522032642692225,0.06511687600141158,0.24912703999871155
24.989690721649485,1.0,0.00025202460023750553,0.020618556701030927,0.020618556701030927,4.55126323896585,4656,2.2757576486908695,512,249,1.0,0.0002521642538178008,0.020618556701030927,0.020618556701030927,4.522224714665888,4656,2.2612383603230373,7.187865460953617,7.553550885000732
25.10996563573883,1.0,0.00024482604000986236,0.0195446735395189,0.0195446735395189,4.55709775944346,4656,2.278671343301989,512,251,1.0,0.0002449391845012039,0.02147766323024055,0.02147766323024055,4.5264601035626075,4656,2.2633524891437125,7.229988003949984,7.839469927996106
49.98969072164948,1.0,0.00016105213103323048,0.018470790378006873,0.018470790378006873,4.586921927855187,4656,2.2935415313825573,512,499,1.0,0.0001611525874546508,0.025987972508591067,0.025987972508591067,4.4959146296445445,4656,2.248037908495087,13.91980115291517,14.702443665999454
50.10996563573883,1.0,0.00016124256569700142,0.021692439862542955,0.021692439862542955,4.592990731045962,4656,2.296575959195796,512,501,1.0,0.00016136567309959647,0.02384020618556701,0.02384020618556701,4.5011144159585745,4656,2.2506378540878034,13.961046098913357,14.98546971599717
74.98969072164948,1.0,0.0006591896190471255,0.027491408934707903,0.027491408934707903,3.982333730586206,4656,1.9914964498932828,512,749,1.0,0.0006599061805562875,0.04531786941580756,0.04531786941580756,3.878796973998604,4656,1.9397284386493905,20.55529634897539,21.75329180299741
75.10996563573883,1.0,0.0006489956245799245,0.028994845360824743,0.028994845360824743,3.983807121355509,4656,1.9922280590149135,512,751,1.0,0.0006495439463464665,0.04574742268041237,0.04574742268041237,3.884382791945205,4656,1.9425161564882678,20.596482889988692,22.03635385799862
99.98969072164948,1.0,0.0016212151529862709,0.24377147766323023,0.24377147766323023,2.0897614259490442,4656,1.0456913033711541,512,999,1.0,0.0016337772031215457,0.33591065292096217,0.33591065292096217,1.969499175081548,4656,0.9855664702215555,27.188844449003227,28.802025363998837
100.10996563573883,1.0,0.0016323688257600844,0.23539518900343642,0.23539518900343642,2.1033391788653084,4656,1.0524857904493194,512,1001,1.0,0.00164456222577603,0.32130584192439865,0.32130584192439865,1.9921072995949447,4656,0.9968759464644075,27.231062498991378,29.08688118399732
124.98969072164948,1.0,0.0008264785933330707,0.5367268041237113,0.5367268041237113,1.251368820872094,4656,0.6260976561975643,512,1249,1.0,0.0008319952233960128,0.6630154639175257,0.6630154639175257,1.162200927734375,4656,0.581516469057483,33.8214894959674,35.850665503996424
125.10996563573883,1.0,0.0008401267768181476,0.49033505154639173,0.49033505154639173,1.3037541969535278,4656,0.6522971608794432,512,1251,1.0,0.0008450482309479074,0.6058848797250859,0.6058848797250859,1.2178534805979515,4656,0.6093492671796137,33.86301744296361,36.135005662996264
149.98969072164948,1.0,0.0007741360627498824,0.5225515463917526,0.5225515463917526,1.1346024188798727,4656,0.5676882832320695,512,1499,1.0,0.0007719754839885686,0.6376718213058419,0.6376718213058419,1.0161759943486899,4656,0.5084739960346025,40.41731251892634,42.86183549999987
150.10996563573883,1.0,0.0007731559401525255,0.5070876288659794,0.5070876288659794,1.1872261021145432,4656,0.5939996332647055,512,1501,1.0,0.0007683121346423716,0.6007302405498282,0.6007302405498282,1.0736781641380073,4656,0.537223239125255,40.45847014393803,43.14498207499855
174.98969072164948,1.0,0.000766523015970217,0.7134879725085911,0.7134879725085911,0.864938414793244,4656,0.4328524697687208,512,1749,1.0,0.0007260279454726124,0.8273195876288659,0.8273195876288659,0.7490230901134792,4656,0.37487455741646364,47.06189613090828,49.92136984199897
175.10996563573883,1.0,0.0007456808168556273,0.6617268041237113,0.6617268041237113,0.917771290258034,4656,0.45925848918272455,512,1751,1.0,0.0007100542399174569,0.7774914089347079,0.7774914089347079,0.7957847044639981,4656,0.3982473812562084,47.10358051789808,50.20556648400088
199.98969072164948,1.0,0.0007262826221915046,0.7495704467353952,0.7495704467353952,0.754419071158183,4656,0.37757268558253126,512,1999,1.0,0.0007157943617949371,0.8500859106529209,0.8500859106529209,0.6508770447826058,4656,0.32579642227015543,53.741563219897216,57.01752364300046
200.10996563573883,1.0,0.0007347695119806991,0.6857817869415808,0.6857817869415808,0.8179086246031666,4656,0.40932169321066736,512,2001,1.0,0.0007272412891650118,0.8004725085910653,0.8004725085910653,0.694362476519293,4656,0.34754486346162883,53.78305358989746,57.30135335999512
224.98969072164948,1.0,0.0007123803188608275,0.7487113402061856,0.7487113402061856,0.7197183169859791,4656,0.36021534437985764,512,2249,1.0,0.0007090164649322681,0.8307560137457045,0.8307560137457045,0.6028388111861711,4656,0.30177391353751376,60.38702973682666,64.07939980900119
225.10996563573883,1.0,0.000699114668922326,0.636168384879725,0.636168384879725,0.8532171413251215,4656,0.4269581299876839,512,2251,1.0,0.0006924570310873674,0.720360824742268,0.720360824742268,0.7370116112568125,4656,0.3688520352865003,60.42874598583148,64.36348592899594
249.98969072164948,1.0,0.0007110957529946291,0.9123711340206185,0.9123711340206185,0.5086258825977233,4656,0.2546684914028522,512,2499,1.0,0.0007105114712952748,0.9690721649484536,0.9690721649484536,0.41518696067259486,4656,0.2079487354894684,67.04913760784257,71.15794024699426
250.10996563573883,1.0,0.0007093851598574943,0.8769329896907216,0.8769329896907216,0.5374605958814064,4656,0.2690849795783918,512,2501,1.0,0.000709435003217553,0.9441580756013745,0.9441580756013745,0.4433407144448192,4656,0.2220250749096428,67.09067216983385,71.44246586100053
274.9896907216495,1.0,0.0006954408029920047,0.9271907216494846,0.9271907216494846,0.4727933431409069,4656,0.23674439236880168,512,2749,1.0,0.0006897608426325919,0.9862542955326461,0.9862542955326461,0.37333730324027464,4656,0.1870135310589243,73.69070731879765,78.21602968299703
275.10996563573883,1.0,0.0006869506615748521,0.9155927835051546,0.9155927835051546,0.48582760001375913,4656,0.24325727679065823,512,2751,1.0,0.0006814067767248121,0.9740120274914089,0.9740120274914089,0.38422185366915673,4656,0.19245162780342234,73.7320589737792,78.49964178200025
299.9896907216495,1.0,0.0006571765733031472,0.8101374570446735,0.8101374570446735,0.5695205177228475,4656,0.2850888504605113,512,2999,1.0,0.0006577589667539826,0.8872422680412371,0.8872422680412371,0.4493731600312433,4656,0.22501546001106604,80.34914617673348,85.29028101699805
300.10996563573883,1.0,0.000651697112932238,0.8019759450171822,0.8019759450171822,0.5807776631358563,4656,0.2907146834016256,512,3001,1.0,0.0006522338427731261,0.872852233676976,0.872852233676976,0.48530815884829387,4656,0.24298019671358193,80.39161301471904,85.57662897599948
324.9896907216495,1.0,0.0006308113176798084,0.9540378006872853,0.9540378006872853,0.3672312969194655,4656,0.18393105411857263,512,3249,1.0,0.0006319168327805103,0.9847508591065293,0.9847508591065293,0.28760117927367745,4656,0.1441165458705417,87.00525094072509,92.36434657000063
325.10996563573883,1.0,0.0006252598542323228,0.9059278350515464,0.9059278350515464,0.41058117253673854,4656,0.20560321775089016,512,3251,1.0,0.0006259469462629036,0.9527491408934707,0.9527491408934707,0.32591368160706613,4656,0.16326981639534338,87.04648552972503,92.64871467399644
349.9896907216495,1.0,0.0006178066236866298,0.8462199312714777,0.8462199312714777,0.46842531158342393,4656,0.23452155778498174,512,3499,1.0,0.0006193694917811561,0.8986254295532646,0.8986254295532646,0.3824065821277317,4656,0.1915129746768073,93.65835243775655,99.43421363899688
350.10996563573883,1.0,0.0006394248417357809,0.7227233676975945,0.7227233676975945,0.7921586118612912,4656,0.39639901951006595,512,3501,1.0,0.0006382698993297786,0.7783505154639175,0.7783505154639175,0.6482061667950293,4656,0.32442221362975865,93.69995554674824,99.71868515900132
374.9896907216495,1.0,0.0006083796037636262,0.9714347079037801,0.9714347079037801,0.30381107002599134,4656,0.15220972598623164,512,3749,1.0,0.0006084055015721272,0.9959192439862543,0.9959192439862543,0.22895223414365368,4656,0.11478032115398813,100.29126347871352,106.48353955699713
375.10996563573883,1.0,0.000610073522706212,0.9660652920962199,0.9660652920962199,0.31289726270433144,4656,0.15675367112831562,512,3751,1.0,0.0006101076519980873,0.9929123711340206,0.9929123711340206,0.23826089183899135,4656,0.11943550208180222,100.33273712570372,106.76798177199817
399.9896907216495,1.0,0.0005893258384310503,0.9868986254295533,0.9868986254295533,0.23796676360454755,4656,0.11927804422542401,512,3999,1.0,0.000591051524754652,0.9980670103092784,0.9980670103092784,0.1800584580070784,4656,0.0903247541578365,106.94396837572276,113.55289431200072
400.10996563573883,1.0,0.0005899300715562814,0.9810996563573883,0.9810996563573883,0.24961399458527975,4656,0.1251019595824566,512,4001,1.0,0.0005918309745407596,0.9967783505154639,0.9967783505154639,0.18907988440130175,4656,0.09483585816478401,106.98541869072506,113.8365853159994
424.9896907216495,1.0,0.0006404994791725657,0.7285223367697594,0.7285223367697594,0.6447344645601777,4656,0.3226874866026783,512,4249,1.0,0.0006475556846644051,0.8026202749140894,0.8026202749140894,0.5208467961996281,4656,0.26074716889161836,113.58059351868724,120.60492658699513
425.10996563573883,1.0,0.000637727555950073,0.6172680412371134,0.6172680412371134,0.9328204938226549,4656,0.46672910841060256,512,4251,1.0,0.0006437361355602127,0.6769759450171822,0.6769759450171822,0.7999378086365375,4656,0.4002907775931342,113.62162002370314,120.8875431819979
449.9896907216495,1.0,0.0005854273221337099,0.9587628865979382,0.9587628865979382,0.27008926745542544,4656,0.13533734947545423,512,4499,1.0,0.0005867116127636834,0.9892611683848798,0.9892611683848798,0.1938510629319653,4656,0.0972188870931409,120.20850510270247,127.64749857699644
450.10996563573883,1.0,0.0005851370055241274,0.9188144329896907,0.9188144329896907,0.32565328591467996,4656,0.1631192079524404,512,4501,1.0,0.0005865995212109228,0.9615549828178694,0.9615549828178694,0.23788796257726924,4656,0.11923728038355247,120.24952265271713,127.9305910769981
474.9896907216495,1.0,0.0005916832494981511,0.9194587628865979,0.9194587628865979,0.3162960301559815,4656,0.15844386058165036,512,4749,1.0,0.0005930796956893095,0.9624140893470791,0.9624140893470791,0.23346096379650416,4656,0.11702702135564536,126.8425506347121,134.69681026200124
475.10996563573883,1.0,0.000593858998256041,0.9027061855670103,0.9027061855670103,0.3404405207158774,4656,0.17051718734793647,512,4751,1.0,0.0005956568348755952,0.9452319587628866,0.9452319587628866,0.2585597546239899,4656,0.12957770881783923,126.88387892371247,134.9802614989967
499.9896907216495,1.0,0.0005601255984855272,0.9892611683848798,0.9892611683848798,0.1844037062523701,4656,0.09248191630307752,512,4999,1.0,0.0005622775873162902,0.9997852233676976,0.9997852233676976,0.13061100674658707,4656,0.06558664148206153,133.46303750969673,141.73231158199633
500.10996563573883,1.0,0.0005603178733914988,0.9877577319587629,0.9877577319587629,0.18652665574116395,4656,0.09354348608718295,512,5001,1.0,0.0005625420509232688,0.9995704467353952,0.9995704467353952,0.13061322379358037,4656,0.06558788191411913,133.50434614870028,142.02838028299448
524.9896907216495,1.0,0.0005493405758310429,0.9944158075601375,0.9944158075601375,0.14715085242622086,4656,0.07385009506723725,512,5249,1.0,0.0005515666224088046,1.0,1.0,0.10414116325247329,4656,0.05234636514866885,140.08595518973016,148.7829800709951
525.1099656357388,1.0,0.0005504350494785407,0.9879725085910653,0.9879725085910653,0.1592435345207293,4656,0.07989698259281539,512,5251,1.0,0.0005527586961017851,0.9965635738831615,0.9965635738831615,0.11341151339081965,4656,0.05698213585463586,140.12706388272636,149.06583576699632
549.9896907216495,1.0,0.0005827985985582227,0.8371993127147767,0.8371993127147767,0.44464230947068467,4656,0.22261255303609004,512,5499,1.0,0.000585601553064851,0.9104381443298969,0.9104381443298969,0.3152534642170385,4656,0.1579195314256596,146.7450532658404,155.8569578339957
550.1099656357388,1.0,0.0005792316907050274,0.7723367697594502,0.7723367697594502,0.5587489137944487,4656,0.27966407893859235,512,5501,1.0,0.0005817748350171289,0.8354810996563574,0.8354810996563574,0.43673800766672877,4656,0.21865989088602492,146.7862353818491,156.14031192399852
574.9896907216495,1.0,0.000544012789822526,0.9984965635738832,0.9984965635738832,0.1352202458070316,4656,0.06788212982649655,512,5749,1.0,0.0005464967711479803,1.0,1.0,0.09336080911642906,4656,0.04695365314221464,153.4007549628659,162.92823223499727
575.1099656357388,1.0,0.0005439502151868597,0.9976374570446735,0.9976374570446735,0.13601462210166904,4656,0.068279285201502,512,5751,1.0,0.0005464400212789319,1.0,1.0,0.09421138665110794,4656,0.04737891323377996,153.441820649874,163.21133270399878
599.9896907216495,1.0,0.0005352879423148854,0.9991408934707904,0.9991408934707904,0.1152603200211148,4656,0.05789780330002513,512,5999,1.0,0.000537747568434866,1.0,1.0,0.08031163019003328,4656,0.04042468939450189,160.02233479787537,169.9646558029999
600.1099656357388,1.0,0.0005355020953003073,0.9984965635738832,0.9984965635738832,0.11807541093465798,4656,0.059305456905430536,512,6001,1.0,0.0005379407522604638,1.0,1.0,0.08211045166880813,4656,0.041324197221867406,160.06402517087554,170.24827523600106
624.9896907216495,1.0,0.0005359399257246981,0.9903350515463918,0.9903350515463918,0.12408798257100213,4656,0.06231195984017808,512,6249,1.0,0.000538091108049314,0.9957044673539519,0.9957044673539519,0.08751814144173849,4656,0.04402811543638354,166.6570443037781,177.0144320049949
625.1099656357388,1.0,0.0005358601008186635,0.9858247422680413,0.9858247422680413,0.13322625700960455,4656,0.06688105855201118,512,6251,1.0,0.0005378717255756207,0.9926975945017182,0.9926975945017182,0.09705942848703705,4656,0.048798650810399004,166.69861276377924,177.29804951299593
649.9896907216495,1.0,0.0005852825862845194,0.9271907216494846,0.9271907216494846,0.2603376165698074,4656,0.13046144865632467,512,6499,1.0,0.0005874891999046417,0.967139175257732,0.967139175257732,0.1789446712769184,4656,0.0897660820754533,173.27921239082934,184.05160217799857
650.1099656357388,1.0,0.0005764400144827735,0.9213917525773195,0.9213917525773195,0.2840850738315648,4656,0.14233075630214206,512,6501,1.0,0.0005785011625576675,0.9656357388316151,0.9656357388316151,0.19283451001668714,4656,0.09670650508395585,173.3205299918336,184.33476445799897
674.9896907216495,1.0,0.0005295999424973714,0.9987113402061856,0.9987113402061856,0.09968814079704154,4656,0.05010887028015766,512,6749,1.0,0.0005317210280608476,1.0,1.0,0.06729617725123245,4656,0.03391394910124159,179.9423408928269,191.1306334779947
675.1099656357388,1.0,0.0005299060947911436,0.9987113402061856,0.9987113402061856,0.10136400465293438,4656,0.05094695582832258,512,6751,1.0,0.000532015895669403,1.0,1.0,0.06823014229843297,4656,0.03438107910025161,179.9842061328236,191.41485023099813
699.9896907216495,1.0,0.0005531626340654708,0.9185996563573883,0.9185996563573883,0.26038984580547947,4656,0.13047150156342288,512,6999,1.0,0.000553327833407933,0.9506013745704467,0.9506013745704467,0.1868759299471616,4656,0.09371462884227845,186.58902291575214,198.19282525599556
700.1099656357388,1.0,0.0005564132250871035,0.8498711340206185,0.8498711340206185,0.404750250459127,4656,0.20265333267421656,512,7001,1.0,0.0005544459517673938,0.8904639175257731,0.8904639175257731,0.3340137684877795,4656,0.16728410524191314,186.6304990157587,198.4763451559993
724.9896907216495,1.0,0.0005641324810453297,0.8930412371134021,0.8930412371134021,0.3280061151563507,4656,0.16428512396271697,512,7249,1.0,0.0005665730902624294,0.9448024054982818,0.9448024054982818,0.23231295293958737,4656,0.11643976526162059,193.244885139713,205.26390955899842
725.1099656357388,1.0,0.0005611523448191967,0.9170962199312714,0.9170962199312714,0.2811973348925613,4656,0.14087924269056812,512,7251,1.0,0.0005638212912885594,0.9615549828178694,0.9615549828178694,0.19942434383012175,4656,0.09999408263111442,193.28621619073238,205.54814495299797
749.9896907216495,1.0,0.0005197176498543355,0.9952749140893471,0.9952749140893471,0.10437752946545578,4656,0.0524486233688302,512,7499,1.0,0.0005215639536528243,1.0,1.0,0.06602391836159828,4656,0.033272741176828075,199.87968485068268,212.31495869499486
750.1099656357388,1.0,0.0005188610059084351,0.9965635738831615,0.9965635738831615,0.10225690107574988,4656,0.05138788026632722,512,7501,1.0,0.000520666977998727,1.0,1.0,0.06593211491902669,4656,0.033226392113466036,199.9212471016799,212.59954726100113
774.9896907216495,1.0,0.0005085815537938548,0.9987113402061856,0.9987113402061856,0.08517733963904102,4656,0.042842959620288966,512,7749,1.0,0.0005095733963337141,1.0,1.0,0.05723454206669863,4656,0.0288720575394909,206.52100731763494,219.37283433300036
775.1099656357388,1.0,0.000508010265804648,0.997852233676976,0.997852233676976,0.08826457839651206,4656,0.044386294699206796,512,7751,1.0,0.0005089913229250006,0.9995704467353952,0.9995704467353952,0.05936549455439512,4656,0.029937242724231837,206.56220672764175,219.65679591200023
799.9896907216495,1.0,0.00050962606886613,0.9982817869415808,0.9982817869415808,0.08126627784414389,4656,0.04088795185089111,512,7999,1.0,0.0005107896332068951,0.9997852233676976,0.9997852233676976,0.053973198346665634,4656,0.02724199442519355,213.16547249971336,226.43353825699887
800.1099656357388,1.0,0.0005097993076666934,0.9993556701030928,0.9993556701030928,0.07966127592263762,4656,0.04008553814642208,512,8001,1.0,0.0005109098922346056,1.0,1.0,0.05287782556002902,4656,0.02669436743169306,213.2069489997084,226.7180330150004
824.9896907216495,1.0,0.0005519330002290686,0.8273195876288659,0.8273195876288659,0.4698754405647619,4656,0.23521368610080576,512,8249,1.0,0.0005514036185552984,0.8846649484536082,0.8846649484536082,0.33917598134463595,4656,0.16986369103500523,219.8186434846284,233.50368724500004
825.1099656357388,1.0,0.0005467561076801667,0.7394759450171822,0.7394759450171822,0.6441085002676318,4656,0.32232763021672306,512,8251,1.0,0.0005464393747938457,0.8004725085910653,0.8004725085910653,0.5018197810117322,4656,0.25118311000443816,219.85988720363093,233.7868954009973
849.9896907216495,1.0,0.0005312766111695889,0.9877577319587629,0.9877577319587629,0.12455684458676893,4656,0.0625440615558952,512,8499,1.0,0.0005258280988718636,1.0,1.0,0.07667830473778584,4656,0.03860206620390063,226.46169675464625,240.56184242399468
850.1099656357388,1.0,0.0005317192550274924,0.9798109965635738,0.9798109965635738,0.14282308001698496,4656,0.07167739966481003,512,8501,1.0,0.0005263029837731234,0.9918384879725086,0.9918384879725086,0.09202448199295096,4656,0.046275393250062295,226.50331331364578,240.84599410100054
874.9896907216495,1.0,0.0005072709493006218,0.9987113402061856,0.9987113402061856,0.07411335833703529,4656,0.03731031557129011,512,8749,1.0,0.0005071121572014392,1.0,1.0,0.04735575590756341,4656,0.023931434269213594,233.1057129076289,247.6218913299963
875.1099656357388,1.0,0.0005073494876373265,0.9984965635738832,0.9984965635738832,0.07570695959005978,4656,0.03810715470527046,512,8751,1.0,0.0005071776890263115,1.0,1.0,0.04783271882951874,4656,0.024169947888023666,233.14683057163347,247.90497750599752
899.9896907216495,1.0,0.0005014947586760079,0.9991408934707904,0.9991408934707904,0.06607129893352076,4656,0.03328639658046342,512,8999,1.0,0.0005014396922285205,1.0,1.0,0.04261033559582897,4656,0.02155588746480516,239.74279354172904,254.67431328399834
900.1099656357388,1.0,0.0005009916204562302,0.9982817869415808,0.9982817869415808,0.06741713985954363,4656,0.03395906633527828,512,9001,1.0,0.000500979510062339,1.0,1.0,0.043300039579778196,4656,0.02190050984575986,239.78404878073343,254.95763947199885
924.9896907216495,1.0,0.0005000745909627771,0.9993556701030928,0.9993556701030928,0.05944376876673747,4656,0.029971921566835383,512,9249,1.0,0.0005003255487922131,1.0,1.0,0.038883561121229454,4656,0.019691943098179662,246.40736901573837,261.7547088930005
925.1099656357388,1.0,0.000500052776891751,0.9991408934707904,0.9991408934707904,0.06021711506794408,4656,0.030358583656782956,512,9251,1.0,0.0005002790530727492,1.0,1.0,0.039157440981914086,4656,0.019828859883075728,246.44870542473654,262.0382172959944
949.9896907216495,1.0,0.0004994161811071573,0.9995704467353952,0.9995704467353952,0.05429762212681197,4656,0.02739851868029722,512,9499,1.0,0.0004996450176251304,1.0,1.0,0.03567432783723287,4656,0.018086986443431107,253.05066261174215,268.8137298149959
950.1099656357388,1.0,0.00049908225555805,0.9995704467353952,0.9995704467353952,0.05469422283041518,4656,0.027596652098128067,512,9501,1.0,0.0004993107080254768,1.0,1.0,0.036086297117148065,4656,0.018292803944590985,253.09219011072855,269.0972956359983
974.9896907216495,1.0,0.0007016116183545581,0.7446305841924399,0.7446305841924399,0.6485697821653176,4656,0.32463569575568657,512,9749,1.0,0.0007074074595654543,0.7983247422680413,0.7983247422680413,0.5538316641476556,4656,0.27726954365104334,259.6950754496647,275.8737347099959
975.1099656357388,1.0,0.0006908399606590828,0.6533505154639175,0.6533505154639175,0.8189156129188144,4656,0.40980322336413194,512,9751,1.0,0.0006965083867004237,0.7218642611683849,0.7218642611683849,0.6868069442277102,4656,0.34375172382367847,259.7362504716657,276.15698876299575
999.9896907216495,1.0,0.0005507001403680782,0.8958333333333334,0.8958333333333334,0.3128067029710488,4656,0.15667870118445956,512,9999,1.0,0.0005534243005043043,0.9387886597938144,0.9387886597938144,0.21803483930240383,4656,0.10929413267836947,266.3408744436965,282.935122046998
1000.1099656357388,1.0,0.0005466776717569411,0.8627577319587629,0.8627577319587629,0.3732487917765719,4656,0.18689773664441714,512,10001,1.0,0.000548988254260771,0.8999140893470791,0.8999140893470791,0.28414512909564776,4656,0.14234705725076682,266.3825299047021,283.231855127
1024.9896907216496,1.0,0.0005364448433786733,0.9286941580756014,0.9286941580756014,0.2465465486664133,4656,0.12354149605400373,512,10249,1.0,0.0005347016955569028,0.9727233676975945,0.9727233676975945,0.1554052657687787,4656,0.07796998450026889,273.01439495071827,290.0373733289962
1025.109965635739,1.0,0.0005351104789583134,0.9265463917525774,0.9265463917525774,0.2567528990126148,4656,0.1286440075877606,512,10251,1.0,0.000534039317178972,0.9675687285223368,0.9675687285223368,0.16285973971652,4656,0.0816968896544676,273.0558194047044,290.32115960199735
1049.9896907216496,1.0,0.000483585143929085,0.9976374570446735,0.9976374570446735,0.0764899335775998,4656,0.03848675927755349,512,10499,1.0,0.00048424615892757664,1.0,1.0,0.04582123412299402,4656,0.023152740140960797,279.6568964676917,297.0960597309968
1050.109965635739,1.0,0.00048288404045440897,0.9980670103092784,0.9980670103092784,0.07537252059097552,4656,0.03792770212048927,512,10501,1.0,0.00048352815082802395,1.0,1.0,0.04534474189338815,4656,0.02291413557898138,279.69793925169506,297.37891584599856
1074.9896907216496,1.0,0.0004786341499114774,0.998926116838488,0.998926116838488,0.061366835000998377,4656,0.030922734040984584,512,10749,1.0,0.000479090850019373,1.0,1.0,0.03837023322115239,4656,0.019424661942773667,286.28592821073835,304.1402477419979
1075.109965635739,1.0,0.0004786256367910359,0.998926116838488,0.998926116838488,0.06239486805761803,4656,0.03143674729206308,512,10751,1.0,0.0004790789572541247,1.0,1.0,0.03864974991972094,4656,0.01956441435207616,286.32738532272924,304.42372154599434
1099.9896907216496,1.0,0.00047819100678786377,0.9987113402061856,0.9987113402061856,0.05452083722012969,4656,0.027499514142262566,512,10999,1.0,0.0004785853818929482,1.0,1.0,0.03473573574905133,4656,0.017607160655083935,292.9119266707057,311.18139652999525
1100.109965635739,1.0,0.00047828517598180016,0.9987113402061856,0.9987113402061856,0.05519414275782215,4656,0.027836213611655218,512,11001,1.0,0.00047868526703918104,1.0,1.0,0.03504788629787484,4656,0.01776328590727344,292.9533064417119,311.4646615649981
1124.9896907216496,1.0,0.00047885849943890194,0.9993556701030928,0.9993556701030928,0.04990129208646689,4656,0.025190075033718777,512,11249,1.0,0.00047919090798835166,1.0,1.0,0.03224829464024285,4656,0.016363742425269688,299.53321670171863,318.21777712900075
1125.109965635739,1.0,0.0004788903628325544,0.998926116838488,0.998926116838488,0.05039974217562331,4656,0.02543931625962667,512,11251,1.0,0.00047923011954912204,1.0,1.0,0.032516151769054716,4656,0.016497690653063588,299.5743460947124,318.50046504299826
1149.9896907216496,1.0,0.0005294205524872258,0.7259450171821306,0.7259450171821306,0.6600709240051479,4656,0.3303001639769249,512,11499,1.0,0.0005309276308390693,0.7910223367697594,0.7910223367697594,0.5311933104524907,4656,0.26586211424103307,306.1678563996975,325.26708996999514
1150.109965635739,1.0,0.0005292868836946094,0.6462628865979382,0.6462628865979382,0.8982518710631275,4656,0.44939057851575087,512,11501,1.0,0.0005304041379403413,0.7179982817869416,0.7179982817869416,0.7132330891192984,4656,0.3568817512276246,306.2088762846979,325.54986724899936
1174.9896907216496,1.0,0.0004994165971619157,0.8745704467353952,0.8745704467353952,0.3607752691839159,4656,0.18063733995575265,512,11749,1.0,0.0005001692850257933,0.9317010309278351,0.9317010309278351,0.2467506808513628,4656,0.12362542267107882,312.80073812166665,332.3149520709994
1175.109965635739,1.0,0.0005019245112372428,0.8088487972508591,0.8088487972508591,0.4859467339269894,4656,0.24322432422965662,512,11751,1.0,0.0005032261993569607,0.863831615120275,0.863831615120275,0.36539444153251516,4656,0.18294883511730076,312.8423085566683,332.59935159199813
1199.9896907216496,1.0,0.0004724874145181728,0.9969931271477663,0.9969931271477663,0.06681783174731068,4656,0.03364515960011695,512,11999,1.0,0.0004723483626170666,1.0,1.0,0.03887281548935933,4656,0.019672581829975562,319.43934787260514,339.37017808100063
1200.109965635739,1.0,0.0004722462563785081,0.9974226804123711,0.9974226804123711,0.06714650691579707,4656,0.033809376336454935,512,12001,1.0,0.0004720896149623845,1.0,1.0,0.039151552206871845,4656,0.019811821147748286,319.4805370046015,339.65422084199963
1224.9896907216496,1.0,0.0004690025142582831,0.9974226804123711,0.9974226804123711,0.05626106426068598,4656,0.028365033189046013,512,12249,1.0,0.00046906430799117206,1.0,1.0,0.03381872504847156,4656,0.017143894511809463,326.0772454265825,346.42472098000144
1225.109965635739,1.0,0.00046893671999887095,0.9982817869415808,0.9982817869415808,0.05606495719595054,4656,0.028266946884365016,512,12251,1.0,0.0004689998963137263,1.0,1.0,0.03394194157262848,4656,0.017205470820882477,326.11851118558116,346.7088134079968
1249.9896907216496,1.0,0.0004693036738949543,0.9991408934707904,0.9991408934707904,0.04869646550863469,4656,0.024582884156007536,512,12499,1.0,0.0004693802599747156,1.0,1.0,0.030309959785225465,4656,0.015389670006597984,332.72063008449913,353.4843790359955
1250.109965635739,1.0,0.00046945644920224586,0.9991408934707904,0.9991408934707904,0.04899307706511717,4656,0.024731266949184982,512,12501,1.0,0.00046953259362387905,1.0,1.0,0.030646766583944104,4656,0.015558149806412635,332.7629439064913,353.7695304449953
1274.9896907216496,1.0,0.0004697198182651677,0.9991408934707904,0.9991408934707904,0.044154575190593286,4656,0.022312147715657028,512,12749,1.0,0.00046980356048677383,1.0,1.0,0.028157442705737765,4656,0.014313623257928697,339.3616549184444,360.5412652669984
1275.109965635739,1.0,0.0004696359096216582,0.9984965635738832,0.9984965635738832,0.044983492684118526,4656,0.022726564063239342,512,12751,1.0,0.00046972045834941145,1.0,1.0,0.028589445495933192,4656,0.014529583175567417,339.4027188614418,360.82455148200097
1299.9896907216496,1.0,0.0004702897172715656,0.9991408934707904,0.9991408934707904,0.04145601934583736,4656,0.020963154502750672,512,12999,1.0,0.00047034469410725885,1.0,1.0,0.02625524751918832,4656,0.013362796138652001,346.0100929924156,367.60555205599667
1300.109965635739,1.0,0.00047023985470897965,0.9995704467353952,0.9995704467353952,0.04153191756546702,4656,0.021001078828503585,512,13001,1.0,0.0004702973086706961,1.0,1.0,0.026472456676443826,4656,0.013471377059766107,346.05216184741585,367.88998875700054
1324.9896907216496,1.0,0.000470408964966171,0.9993556701030928,0.9993556701030928,0.03934265412006181,4656,0.019906531494507676,512,13249,1.0,0.00047046608608408073,1.0,1.0,0.024898899175047465,4656,0.012684682902601576,352.6504228503836,374.6617192039994
1325.109965635739,1.0,0.0004701697334800799,0.9993556701030928,0.9993556701030928,0.03988881045600393,4656,0.020179490248362224,512,13251,1.0,0.0004702163444147077,1.0,1.0,0.02549238651478823,4656,0.012981301423200626,352.69169942237204,374.9450966910008
1349.9896907216496,1.0,0.0004701103528647898,0.9993556701030928,0.9993556701030928,0.0369911058661864,4656,0.018730607843890634,512,13499,1.0,0.00047014463577688354,1.0,1.0,0.023547179715330248,4656,0.012008661871513551,359.3001453383331,381.72785735999787
1350.109965635739,1.0,0.0004700451858879365,0.9991408934707904,0.9991408934707904,0.03757954381175877,4656,0.019024794454017457,512,13501,1.0,0.0004700790783486415,1.0,1.0,0.02403809319656739,4656,0.01225408614705928,359.34138611434173,382.01131936100137
1374.9896907216496,1.0,0.0004697342585657061,0.9993556701030928,0.9993556701030928,0.03437273444998305,4656,0.017421234309468483,512,13749,1.0,0.0004697517968739841,1.0,1.0,0.022007388347612622,4656,0.01123857016825594,365.9487335393642,388.79252866599563
1375.109965635739,1.0,0.00046972511176186327,0.9995704467353952,0.9995704467353952,0.034571253556975795,4656,0.017520489151944818,512,13751,1.0,0.00046974281649204465,1.0,1.0,0.022365937937575926,4656,0.011417840252217558,365.98983433035755,389.07561975599674
1399.9896907216496,1.0,0.0005065590860098088,0.666881443298969,0.666881443298969,0.7766581663151377,4656,0.38858236070351093,512,13999,1.0,0.0005079187913653776,0.7407646048109966,0.7407646048109966,0.6466264429780626,4656,0.3235671774218582,372.59466546935437,395.85369793800055
1400.109965635739,1.0,0.0005007930087162457,0.6131872852233677,0.6131872852233677,0.8839808919585448,4656,0.44224084283887727,512,14001,1.0,0.0005018219569397136,0.6967353951890034,0.6967353951890034,0.7428735031704723,4656,0.37168765969292816,372.6360525493583,396.1372454559969
1424.9896907216496,1.0,0.00048632357154310363,0.759020618556701,0.759020618556701,0.5762113328651874,4656,0.28834882716542665,512,14249,1.0,0.00048519093607299514,0.8404209621993127,0.8404209621993127,0.42709446936538537,4656,0.21378982845450595,379.2590168003735,402.9336640900001
1425.109965635739,1.0,0.0004792995878920932,0.6685996563573883,0.6685996563573883,0.800691847129376,4656,0.40058557438276887,512,14251,1.0,0.0004789866507053375,0.7536512027491409,0.7536512027491409,0.6430626243250477,4656,0.3217708056735009,379.3007958433809,403.21790512599546
1449.9896907216496,1.0,0.0004735236469003343,0.9639175257731959,0.9639175257731959,0.154084646415055,4656,0.077279084326885,512,14499,1.0,0.00047266875038441924,0.9896907216494846,0.9896907216494846,0.08434949625808348,4656,0.04241108238901879,385.90095737439697,409.9917821150011
1450.109965635739,1.0,0.0004730985221481815,0.9658505154639175,0.9658505154639175,0.15326600222243475,4656,0.07686955084915423,512,14501,1.0,0.0004722454242689913,0.9871134020618557,0.9871134020618557,0.08968851000992294,4656,0.045080377473863946,385.9420392723914,410.27493952999794
1474.9896907216496,1.0,0.0004598499240539328,0.9544673539518901,0.9544673539518901,0.19438575797064608,4656,0.09742280380013063,512,14749,1.0,0.00045369747270833176,0.9892611683848798,0.9892611683848798,0.11092015885815178,4656,0.05568692774297446,392.5528624204162,417.05901490299584
1475.109965635739,1.0,0.00046389017420536054,0.9398625429553265,0.9398625429553265,0.2195539425328835,4656,0.11000891731367078,512,14751,1.0,0.0004537290864691292,0.9806701030927835,0.9806701030927835,0.12912186888075367,4656,0.06478779914043203,392.5941581624138,417.34268404299655
1499.9896907216496,1.0,0.0004466703910495817,0.9965635738831615,0.9965635738831615,0.061102684420818315,4656,0.03077467753715122,512,14999,1.0,0.0004459373729745137,1.0,1.0,0.03338481101793112,4656,0.01691537399062586,399.2030245295027,424.1249147589988
1500.109965635739,1.0,0.0004464652696528386,0.9969931271477663,0.9969931271477663,0.06098392738919078,4656,0.030715195993377582,512,15001,1.0,0.0004457344182629356,1.0,1.0,0.03364533820922432,4656,0.01704553660658217,399.24452422152535,424.42128772100114
1524.9896907216496,1.0,0.00044971778732804497,0.9976374570446735,0.9976374570446735,0.05101755558420293,4656,0.025733636416930102,512,15249,1.0,0.00044926982437007613,1.0,1.0,0.02868099310963424,4656,0.014565131508607635,405.8628802074745,431.213255552997
1525.109965635739,1.0,0.0004496716372540726,0.9972079037800687,0.9972079037800687,0.0511749257746431,4656,0.025812298776357854,512,15251,1.0,0.000449231246492707,1.0,1.0,0.028979638188155656,4656,0.014714434589307332,405.90415224647586,431.4964069609996
1549.9896907216496,1.0,0.0004535255716838378,0.9984965635738832,0.9984965635738832,0.044292641669204554,4656,0.022373083326005443,512,15499,1.0,0.0004532775518410804,1.0,1.0,0.025733316272394762,4656,0.013093296809704443,412.51366348449665,438.2793774199963
1550.109965635739,1.0,0.0004534394099437904,0.998926116838488,0.998926116838488,0.044849816876178755,4656,0.02265162832548528,512,15501,1.0,0.0004532015738413506,1.0,1.0,0.026216410894164516,4656,0.013334806022775132,412.5547899704907,438.5623398120006
1574.9896907216496,1.0,0.0004563794512928966,0.9991408934707904,0.9991408934707904,0.040027022771409286,4656,0.02024170131617805,512,15749,1.0,0.0004562376982362819,1.0,1.0,0.023482969126750512,4656,0.01196960341889424,419.1393003444464,445.31993717499427
1575.109965635739,1.0,0.00045638168518690716,0.9991408934707904,0.9991408934707904,0.0398351359613163,4656,0.020145758935266343,512,15751,1.0,0.00045624551366489776,1.0,1.0,0.02348615152319682,4656,0.011971198713656553,419.18075863945705,445.6037615469977
1599.9896907216496,1.0,0.00045873955071382095,0.9991408934707904,0.9991408934707904,0.03644143510929907,4656,0.01845008728840097,512,15999,1.0,0.0004586644752328748,1.0,1.0,0.021860606891592752,4656,0.011159635696214499,425.76579366657825,452.36225359599484
1600.109965635739,1.0,0.0004587577675113973,0.998926116838488,0.998926116838488,0.036472809683416305,4656,0.01846578358784574,512,16001,1.0,0.0004586772193101673,1.0,1.0,0.021906560229271958,4656,0.011182618714689799,425.8068529655793,452.6451739979966
1624.9896907216496,1.0,0.0004604597643171389,0.9993556701030928,0.9993556701030928,0.03449132680073636,4656,0.01747589340734318,512,16249,1.0,0.00046041355663558464,1.0,1.0,0.020549418180668886,4656,0.010504915951863187,432.4033051835795,459.41500871899916
1625.109965635739,1.0,0.0004604648657885614,0.9993556701030928,0.9993556701030928,0.03444730088473186,4656,0.017453882702437463,512,16251,1.0,0.00046041529766472754,1.0,1.0,0.020658802330698754,4656,0.010559608846185953,432.4444833545713,459.69871726499696
1649.9896907216496,1.0,0.0004616909023515138,0.9993556701030928,0.9993556701030928,0.032388390954007806,4656,0.016425040784160707,512,16499,1.0,0.0004616545007605733,1.0,1.0,0.01956933470526102,4656,0.010015494635015009,439.02682386852393,466.4541670990002
1650.109965635739,1.0,0.00046177091928282143,0.9995704467353952,0.9995704467353952,0.03260216803075522,4656,0.016531969468618176,512,16501,1.0,0.0004617360922991205,1.0,1.0,0.019747247810625947,4656,0.010104491845848634,439.06831051551853,466.73766120000073
1674.9896907216496,1.0,0.00046216828358132406,0.9993556701030928,0.9993556701030928,0.030077516827796334,4656,0.015269842549287985,512,16749,1.0,0.00046216341894107175,1.0,1.0,0.018465334607153824,4656,0.009463748878629757,445.6714898734717,473.5141980499975
1675.109965635739,1.0,0.0004621559427571051,0.9993556701030928,0.9993556701030928,0.030332903272097873,4656,0.015397529524216537,512,16751,1.0,0.0004621441140002811,1.0,1.0,0.01859605025589671,4656,0.009529097178547653,445.71286746846454,473.7977367610001
1699.9896907216496,1.0,0.00046262087434837496,0.9993556701030928,0.9993556701030928,0.029051944562249986,4656,0.014757282647889914,512,16999,1.0,0.0004626117147428473,1.0,1.0,0.01766890574157033,4656,0.009065758936183969,452.31321620244125,480.5713459979961
1700.109965635739,1.0,0.00046269427280860257,0.9995704467353952,0.9995704467353952,0.02908126267370899,4656,0.014771978572471854,512,17001,1.0,0.0004626876415358376,1.0,1.0,0.017774660972385472,4656,0.00911867413733833,452.35473012745206,480.85485023499496
1724.9896907216496,1.0,0.0004630891983861366,0.9984965635738832,0.9984965635738832,0.030346128948775353,4656,0.015404609265606018,512,17249,1.0,0.0004630554915498622,1.0,1.0,0.01772059894509332,4656,0.009091827365540966,458.9607732764707,487.6345880969966
1725.109965635739,1.0,0.0004630743036257852,0.9987113402061856,0.9987113402061856,0.030010009344500776,4656,0.015236541782457804,512,17251,1.0,0.0004630472920707001,1.0,1.0,0.017822137403324296,4656,0.009142592395703817,459.0020283074846,487.91802357399865
1749.9896907216496,1.0,0.00046944829452898087,0.779639175257732,0.779639175257732,0.5486956134284895,4656,0.27458252857640847,512,17499,1.0,0.00046920510732226353,0.853307560137457,0.853307560137457,0.4083473133467317,4656,0.20440826219381744,465.59779622449423,494.6870615730004
1750.109965635739,1.0,0.0004717517913002329,0.7497852233676976,0.7497852233676976,0.6114085089300096,4656,0.30594013646705864,512,17501,1.0,0.0004713905533564459,0.8333333333333334,0.8333333333333334,0.45423488682487984,4656,0.22735313861230805,465.6390287195027,494.9703490959946
1774.9896907216496,1.0,0.0004513738004817176,0.9317010309278351,0.9317010309278351,0.24197276924893618,4656,0.12121206952124527,512,17749,1.0,0.0004510166974821451,0.9744415807560137,0.9744415807560137,0.14940038661366886,4656,0.0749257012331199,472.23428685151157,501.7395167029972
1775.109965635739,1.0,0.00045150263023745153,0.8621134020618557,0.8621134020618557,0.3646690919227207,4656,0.1825602996799954,512,17751,1.0,0.00045120547752814603,0.9164518900343642,0.9164518900343642,0.2456037023223143,4656,0.12302745412715112,472.2755937695183,502.02318725599616
1799.9896907216496,1.0,0.0004347103465463697,0.9248281786941581,0.9248281786941581,0.2469980397175268,4656,0.12371637403350516,512,17999,1.0,0.00043354735188058153,0.9716494845360825,0.9716494845360825,0.14811296561329634,4656,0.07427325691144492,478.8773736834919,508.7980252039997
1800.109965635739,1.0,0.0004353161734813677,0.9383591065292096,0.9383591065292096,0.2232468365803617,4656,0.11184107560882044,512,18001,1.0,0.000434260335318821,0.9836769759450171,0.9836769759450171,0.1254321111436562,4656,0.0629331852562239,478.9188818554903,509.0818115739967
1824.9896907216496,1.0,0.0004319929585014422,0.9965635738831615,0.9965635738831615,0.05329918124012111,4656,0.026865587201724758,512,18249,1.0,0.00043132599712032634,1.0,1.0,0.028696697397330374,4656,0.014564011719628298,485.5209433484488,515.8574462010001
1825.109965635739,1.0,0.0004320759006177437,0.9969931271477663,0.9969931271477663,0.053177908933449446,4656,0.02680499221860748,512,18251,1.0,0.0004314123700881742,1.0,1.0,0.02864214276120425,4656,0.014536777517639893,485.5623507924611,516.1410118790009
1849.9896907216496,1.0,0.0004347420627206462,0.998926116838488,0.998926116838488,0.042461565270047005,4656,0.021448153195921908,512,18499,1.0,0.00043422307601499396,1.0,1.0,0.023742019925330513,4656,0.012088121417461802,492.1787405564173,522.9319742309963
1850.109965635739,1.0,0.00043478729107330756,0.9987113402061856,0.9987113402061856,0.04245472978480493,4656,0.021444758598747123,512,18501,1.0,0.0004342655071995103,1.0,1.0,0.023780982109279567,4656,0.012107623606613003,492.2202552824092,523.2158777410004
1874.9896907216496,1.0,0.0004379760179527846,0.9993556701030928,0.9993556701030928,0.0365523689800931,4656,0.01849517256943221,512,18749,1.0,0.0004375468798724237,1.0,1.0,0.021085792800405182,4656,0.010761669923349754,498.81785461244726,529.9868550879983
1875.109965635739,1.0,0.0004380627429669665,0.9991408934707904,0.9991408934707904,0.03674049680585304,4656,0.018589279700800317,512,18751,1.0,0.00043763489465635665,1.0,1.0,0.021229463344587085,4656,0.010833549028409715,498.8592713994658,530.2704986030003
1899.9896907216496,1.0,0.0004412406524227247,0.9993556701030928,0.9993556701030928,0.03244850889513992,4656,0.016444874997810808,512,18999,1.0,0.0004408815683624179,1.0,1.0,0.01941687831354305,4656,0.009928879868943257,505.4609381735063,537.0453006099997
1900.109965635739,1.0,0.0004412272490586612,0.9995704467353952,0.9995704467353952,0.03283225506851353,4656,0.016636740710727127,512,19001,1.0,0.00044086673441006964,1.0,1.0,0.019575753572470544,4656,0.01000830981739608,505.50267505051306,537.3293958020004
1924.9896907216496,1.0,0.00044379152895249044,0.9997852233676976,0.9997852233676976,0.030457339745616586,4656,0.015450565675689592,512,19249,1.0,0.0004434837060388421,1.0,1.0,0.01817854614192268,4656,0.00931101484397023,512.1095828135367,544.109929649996
1925.109965635739,1.0,0.00044390699054879424,0.9997852233676976,0.9997852233676976,0.03035935810751112,4656,0.015401632617839013,512,19251,1.0,0.00044359876758249357,1.0,1.0,0.018260397861913306,4656,0.00935199826034074,512.1508718455298,544.3933146239942
1949.9896907216496,1.0,0.0004456312846891659,0.9995704467353952,0.9995704467353952,0.028253407412787892,4656,0.014349519387143584,512,19499,1.0,0.000445357213417689,1.0,1.0,0.017096417466389763,4656,0.008770887179882666,518.7489166614541,551.1647115539963
1950.109965635739,1.0,0.0004456524874797392,0.9997852233676976,0.9997852233676976,0.028059380980291728,4656,0.014252516719483837,512,19501,1.0,0.00044538217030235173,1.0,1.0,0.017059397246829422,4656,0.008752389871787369,518.7902799314688,551.4482745729983
1974.9896907216496,1.0,0.00043501137176534975,0.8266752577319587,0.8266752577319587,0.458105552647122,4656,0.2292702828895595,512,19749,1.0,0.0004342806771960865,0.9024914089347079,0.9024914089347079,0.328313473573665,4656,0.16437387466430664,525.3904414414355,558.2218989100002
1975.109965635739,1.0,0.00043747225565086935,0.7789948453608248,0.7789948453608248,0.5535115179736999,4656,0.27697449451459644,512,19751,1.0,0.0004368225797447552,0.8520189003436426,0.8520189003436426,0.4159345889009561,4656,0.20818570553232305,525.4316905724263,558.5054355129978
1999.9896907216496,1.0,0.000416837626255255,0.8689862542955327,0.8689862542955327,0.35895596337072627,4656,0.17968639885027385,512,19999,1.0,0.00041542375697098237,0.9332044673539519,0.9332044673539519,0.231839252091765,4656,0.11612733696744204,532.0377367284091,565.2847980000006
2000.109965635739,1.0,0.00041898466723481407,0.7970360824742269,0.7970360824742269,0.5517886053655565,4656,0.27610379314094885,512,20001,1.0,0.00043052989874303954,0.8530927835051546,0.8530927835051546,0.42030352825151684,4656,0.21036702906552868,532.0793598894161,565.5817169699949
2024.9896907216496,1.0,0.0004075763945522177,0.9873281786941581,0.9873281786941581,0.08170391112258754,4656,0.041055744046607785,512,20249,1.0,0.0004072876877545081,0.9995704467353952,0.9995704467353952,0.0364881733438813,4656,0.01844773034459537,538.6835996714217,572.3593109379945
2025.109965635739,1.0,0.0004074938236847776,0.9873281786941581,0.9873281786941581,0.08443543919173303,4656,0.042421466706135016,512,20251,1.0,0.00040716624137052555,0.9995704467353952,0.9995704467353952,0.03809922462476488,4656,0.01925319576591151,538.7247560734322,572.6430090789945
2049.9896907216494,1.0,0.000412343975630208,0.9959192439862543,0.9959192439862543,0.04717470362424031,4656,0.02379352366391736,512,20499,1.0,0.00041191317653123453,1.0,1.0,0.02304171061597739,4656,0.011726811989066527,545.3128741643668,579.4040496649977
2050.1099656357387,1.0,0.0004123829983661265,0.9961340206185567,0.9961340206185567,0.047158256838821466,4656,0.023785319729768942,512,20501,1.0,0.00041195520446267735,1.0,1.0,0.02307352720666997,4656,0.011742741279176011,545.3548294433858,579.6883605619951
2074.9896907216494,1.0,0.00041876473108824996,0.9974226804123711,0.9974226804123711,0.039077722739517894,4656,0.019748244088949617,512,20749,1.0,0.000418309007108826,1.0,1.0,0.02012032127052648,4656,0.010269315074809228,551.9562011414237,586.4627359489969
2075.1099656357387,1.0,0.00041883479150914656,0.9976374570446735,0.9976374570446735,0.03913193551945113,4656,0.01977538550432605,512,20751,1.0,0.00041837414848230957,1.0,1.0,0.020244844181021463,4656,0.01033160919995652,551.9973012364353,586.7465891030006
2099.9896907216494,1.0,0.00042439608024977325,0.9987113402061856,0.9987113402061856,0.034496570370860936,4656,0.017460483046331767,512,20999,1.0,0.00042394565936830855,1.0,1.0,0.018500702282817093,4656,0.009462323897483013,558.6002568714248,593.5232919409973
2100.1099656357387,1.0,0.0004243769289292011,0.9982817869415808,0.9982817869415808,0.03456449836390125,4656,0.017494437620811855,512,21001,1.0,0.00042392705531976477,1.0,1.0,0.018516980905303432,4656,0.009470453889099593,558.6416615764174,593.807660294995
2124.9896907216494,1.0,0.00042862817645072937,0.9987113402061856,0.9987113402061856,0.03160001158304641,4656,0.0160143202317949,512,21249,1.0,0.0004281859454471631,1.0,1.0,0.017189701398213703,4656,0.008808943721436962,565.2504772394241,600.5902271449959
2125.1099656357387,1.0,0.00042858318172881696,0.9993556701030928,0.9993556701030928,0.031083736223043855,4656,0.015756159406347375,512,21251,1.0,0.00042814356866980745,1.0,1.0,0.017127359855625638,4656,0.008777751750552776,565.2920674684356,600.8752074599979
2149.9896907216494,1.0,0.0004320060866292809,0.9991408934707904,0.9991408934707904,0.029036353543861627,4656,0.01473417970323071,512,21499,1.0,0.0004315803665987814,1.0,1.0,0.01619602908793184,4656,0.008313804455229506,571.9130433474202,607.6701829399972
2150.1099656357387,1.0,0.00043207424599997366,0.9995704467353952,0.9995704467353952,0.02929529168761473,4656,0.014863682878795768,512,21501,1.0,0.0004316481387185067,1.0,1.0,0.01627777061101907,4656,0.008354709525288585,571.954713083418,607.9539146649986
2174.9896907216494,1.0,0.00043415233390437777,0.9993556701030928,0.9993556701030928,0.02739945986016919,4656,0.013916806257057846,512,21749,1.0,0.00043374458103859957,1.0,1.0,0.015521543132480477,4656,0.007977643680736371,578.5608407683831,614.7338903269992
2175.1099656357387,1.0,0.00043422830550326515,0.9993556701030928,0.9993556701030928,0.02737069908286288,4656,0.013902463761391919,512,21751,1.0,0.0004338142350060014,1.0,1.0,0.01555861926980035,4656,0.007996216672392645,578.6020020573851,615.0170680849988
2199.9896907216494,1.0,0.00043572263977781605,0.9993556701030928,0.9993556701030928,0.025830570365145446,4656,0.013133146508862473,512,21999,1.0,0.0004353324188194734,1.0,1.0,0.014841246645884825,4656,0.007638289551554676,585.5889868053782,622.1824661619976
2200.1099656357387,1.0,0.0004357597646639519,0.9993556701030928,0.9993556701030928,0.025980830602219833,4656,0.013208295266652844,512,22001,1.0,0.0004353722640636451,1.0,1.0,0.014895062676000432,4656,0.007665217537240884,585.630844595391,622.4681442879955
2224.9896907216494,1.0,0.0004367431452901093,0.9993556701030928,0.9993556701030928,0.024749382255003623,4656,0.012593062882570876,512,22249,1.0,0.0004363626696143773,1.0,1.0,0.014321304268853361,4656,0.007378833605251771,592.6906156743935,629.707835919995
2225.1099656357387,1.0,0.0004367495205291768,0.9997852233676976,0.9997852233676976,0.024470622187217895,4656,0.012453685716255424,512,22251,1.0,0.0004363687088092168,1.0,1.0,0.014355382763643036,4656,0.00739587572022402,592.7329221893888,629.9936279749963
2249.9896907216494,1.0,0.0004372791134307475,0.959192439862543,0.959192439862543,0.13525673941648292,4656,0.06784700937697158,512,22499,1.0,0.0004368597942426852,0.9748711340206185,0.9748711340206185,0.08229836811314743,4656,0.04136761398249885,599.5378509592992,636.9735685019987
2250.1099656357387,1.0,0.00043623242847288596,0.9153780068728522,0.9153780068728522,0.3148580531484073,4656,0.15764714270522914,512,22501,1.0,0.00043582697991038515,0.9347079037800687,0.9347079037800687,0.26477372277643263,4656,0.1326047776081308,599.5792810923012,637.2568978869967
2274.9896907216494,1.0,0.0004444961528905069,0.761168384879725,0.761168384879725,0.5859699445901457,4656,0.29320721446034015,512,22749,1.0,0.00045295870667675514,0.8324742268041238,0.8324742268041238,0.4325262312217267,4656,0.21648959359762185,606.1612732072244,644.0123669379973
2275.1099656357387,1.0,0.0004394478020594292,0.7177835051546392,0.7177835051546392,0.6790674609416949,4656,0.3397534557224549,512,22751,1.0,0.00043809552808192996,0.811426116838488,0.811426116838488,0.4901496913424882,4656,0.24529388925873538,606.2030446092103,644.2961137120001
2299.9896907216494,1.0,0.0003992707574183179,0.868127147766323,0.868127147766323,0.3782710930735795,4656,0.1893351790831261,512,22999,1.0,0.0003990133283371778,0.9351374570446735,0.9351374570446735,0.22757270327958046,4656,0.11398585965133615,612.786770619161,651.0528858329999
2300.1099656357387,1.0,0.00040017529566775483,0.8232388316151202,0.8232388316151202,0.4762386046734053,4656,0.23831939041819358,512,23001,1.0,0.0004006089943483523,0.8857388316151202,0.8857388316151202,0.3278468810405928,4656,0.16412374326043933,612.8281595151639,651.3363147889977
2324.9896907216494,1.0,0.0003845863415510794,0.9911941580756014,0.9911941580756014,0.06964515205920767,4656,0.03501486921638148,512,23249,1.0,0.0003843551047171924,1.0,1.0,0.02986101268493023,4656,0.015122683802011497,619.7141116892526,658.4005333659952
2325.1099656357387,1.0,0.0003846386204316854,0.9916237113402062,0.9916237113402062,0.06872380926846638,4656,0.0345542238340345,512,23251,1.0,0.000384376605146939,1.0,1.0,0.02990391901678236,4656,0.015144147823766335,619.7560106842502,658.6860762859942
2349.9896907216494,1.0,0.000387976301315519,0.9959192439862543,0.9959192439862543,0.04558732665281525,4656,0.022987651661089605,512,23499,1.0,0.0003875376451824539,1.0,1.0,0.021061196155154827,4656,0.010724366735346947,626.8609278532895,665.9712580349951
2350.1099656357387,1.0,0.00038807930687243994,0.9957044673539519,0.9957044673539519,0.04568303286824439,4656,0.023035555975543673,512,23501,1.0,0.00038763805199734533,1.0,1.0,0.0210629588959553,4656,0.010725298390765371,626.9026066222868,666.2574024809946
2374.9896907216494,1.0,0.00039582451184590656,0.9965635738831615,0.9965635738831615,0.03836655698691037,4656,0.019381190288517484,512,23749,1.0,0.00039537690733511423,1.0,1.0,0.018167647504314932,4656,0.009281512081008596,633.774458859305,673.3007485639973
2375.1099656357387,1.0,0.000395802572958453,0.9965635738831615,0.9965635738831615,0.038211459556396064,4656,0.019303631127085472,512,23751,1.0,0.00039534227877752886,1.0,1.0,0.01821447422414301,4656,0.009304907928217728,633.8093920552928,673.5771371649971
2399.9896907216494,1.0,0.00040306933096184353,0.9974226804123711,0.9974226804123711,0.03344209251534898,4656,0.01692258103196973,512,23999,1.0,0.0004025798521398269,1.0,1.0,0.016550951806949994,4656,0.008476765807141963,640.0930117533062,680.0279637969943
2400.1099656357387,1.0,0.0004031404571230059,0.9974226804123711,0.9974226804123711,0.03329135523628943,4656,0.016847248339571085,512,24001,1.0,0.00040265129834311114,1.0,1.0,0.01657201948854112,4656,0.008487335390241695,640.1344063952929,680.3116246389982
2424.9896907216494,1.0,0.00040920803649831066,0.9982817869415808,0.9982817869415808,0.03044521542349222,4656,0.01542721181800685,512,24249,1.0,0.0004087456940478066,1.0,1.0,0.015471907620577468,4656,0.007940326462086943,646.7515568462841,687.1020017429983
2425.1099656357387,1.0,0.00040912017533459614,0.997852233676976,0.997852233676976,0.030877894142649017,4656,0.01564350734461624,512,24251,1.0,0.00040866567071565647,1.0,1.0,0.015555513273809374,4656,0.007982089552273046,646.7946671652826,687.3885136050012
2449.9896907216494,1.0,0.0004136567884140818,0.9982817869415808,0.9982817869415808,0.028027161699799737,4656,0.014220409172097432,512,24499,1.0,0.00041324404609162374,1.0,1.0,0.014690568356989175,4656,0.007551906137531975,653.4006373182856,694.1681799569997
2450.1099656357387,1.0,0.0004136660280301399,0.9982817869415808,0.9982817869415808,0.028222688694590145,4656,0.014318177278099191,512,24501,1.0,0.0004132591008730361,1.0,1.0,0.014706481363355499,4656,0.007559870321726061,653.4425333492763,694.4524299229961
2474.9896907216494,1.0,0.0004169041470102838,0.9982817869415808,0.9982817869415808,0.02663572629292806,4656,0.013526315131957588,512,24749,1.0,0.0004165477641054855,1.0,1.0,0.014049820883577223,4656,0.007233184432655675,660.118262826305,701.3019701339945
2475.1099656357387,1.0,0.00041686637563906174,0.9980670103092784,0.9980670103092784,0.026671332591997388,4656,0.013544099437412117,512,24751,1.0,0.0004165119321895219,1.0,1.0,0.01407985547973528,4656,0.007248183705962401,660.160534087292,701.5870685150003
2499.9896907216494,1.0,0.00041927418373909195,0.9980670103092784,0.9980670103092784,0.02562690702910276,4656,0.013023090526410394,512,24999,1.0,0.0004189507683732665,1.0,1.0,0.013567144416042209,4656,0.006993047611410266,666.8042208273109,708.406091715995
2500.1099656357387,1.0,0.0004192266222793622,0.9980670103092784,0.9980670103092784,0.025918271328575423,4656,0.013168749018633078,512,25001,1.0,0.00041889939201144417,1.0,1.0,0.013637151914773528,4656,0.007028025654992697,666.846197062303,708.704756551997
2524.9896907216494,1.0,0.00042066271848899804,0.9987113402061856,0.9987113402061856,0.02434560482444632,4656,0.012383133480229328,512,25249,1.0,0.00042038528037439916,1.0,1.0,0.013246410183890169,4656,0.00683339774813439,674.011453343308,716.0516842159996
2525.1099656357387,1.0,0.0004205923764310342,0.9982817869415808,0.9982817869415808,0.024798176542590165,4656,0.012609384621131871,512,25251,1.0,0.00042031605846386185,1.0,1.0,0.013301799489870104,4656,0.0068610578365751965,674.0534277252955,716.3378052209955
2549.9896907216494,1.0,0.0004213905518816918,0.998926116838488,0.998926116838488,0.022786739560746654,4656,0.011604065235537761,512,25499,1.0,0.0004211596958979299,1.0,1.0,0.012772268446040727,4656,0.006596713950953533,681.3550280132768,723.8219667879966
2550.1099656357387,1.0,0.0004214205846344073,0.9991408934707904,0.9991408934707904,0.022999661280117493,4656,0.011710540637937198,512,25501,1.0,0.00042119231779141116,1.0,1.0,0.012829304970416826,4656,0.00662524875291844,681.3984570402972,724.1100472519975
2574.9896907216494,1.0,0.0004215484510633544,0.9967783505154639,0.9967783505154639,0.026860748779323092,4656,0.01364114849837785,512,25749,1.0,0.00042134735259608306,0.9997852233676976,0.9997852233676976,0.01396425114464514,4656,0.007192799315829457,688.63464377325,731.5286758959992
2575.1099656357387,1.0,0.00042140492817380583,0.9976374570446735,0.9976374570446735,0.028115119311408077,4656,0.014268262177398525,512,25751,1.0,0.0004212036984892645,1.0,1.0,0.014087260383920571,4656,0.0072542320924116575,688.6774438322464,731.8157760009999
2599.9896907216494,1.0,0.00041465161054609565,0.823668384879725,0.823668384879725,0.4838342240585904,4656,0.24212443623755805,512,25999,1.0,0.00041289840060001386,0.8992697594501718,0.8992697594501718,0.33152153893434716,4656,0.16596721701605624,695.8988024973005,739.2190232259964
2600.1099656357387,1.0,0.0004161964218641065,0.788659793814433,0.788659793814433,0.5435198623290176,4656,0.2719680255221337,512,26001,1.0,0.00041564617024356966,0.864905498281787,0.864905498281787,0.3863019615514172,4656,0.19335880148451762,695.941517062296,739.5064005729946
2624.9896907216494,1.0,0.00037956158422522527,0.9145189003436426,0.9145189003436426,0.2804572115239409,4656,0.14041838858955094,512,26249,1.0,0.0003794748432089373,0.9675687285223368,0.9675687285223368,0.15993517125185414,4656,0.08015732421088465,703.1645856662726,746.9111047279948
2625.1099656357387,1.0,0.00038234784853519854,0.8734965635738832,0.8734965635738832,0.3614702060869879,4656,0.18092627705577313,512,26251,1.0,0.00038244658473021384,0.9319158075601375,0.9319158075601375,0.2436544247918932,4656,0.1220184355666957,703.2070114442686,747.1984123199945
2649.9896907216494,1.0,0.00037759745691957344,0.9950601374570447,0.9950601374570447,0.05044158217833214,4656,0.025409589723213433,512,26499,1.0,0.0003772706683097836,1.0,1.0,0.022104377189452705,4656,0.011240823981688195,710.44069614623,754.6142364599946
2650.1099656357387,1.0,0.00037758812129087875,0.9948453608247423,0.9948453608247423,0.05019479191180357,4656,0.02528619008375607,512,26501,1.0,0.00037725586956206873,1.0,1.0,0.022147635209191704,4656,0.011262445515373727,710.4826755722243,754.9004522289979
2674.9896907216494,1.0,0.0003840688846467696,0.9967783505154639,0.9967783505154639,0.038204293890097704,4656,0.019294181435378557,512,26749,1.0,0.0003836766410222168,1.0,1.0,0.017787909180028334,4656,0.009085792753704634,717.6357277122952,762.2351029889978
2675.1099656357387,1.0,0.00038415258206247875,0.9969931271477663,0.9969931271477663,0.03816801084275918,4656,0.01927608169640872,512,26751,1.0,0.00038375526897071566,1.0,1.0,0.01774951764398424,4656,0.009066636414872003,717.6778619832912,762.521469856998
2699.9896907216494,1.0,0.0003911330463857585,0.9972079037800687,0.9972079037800687,0.03332249036769277,4656,0.016856811710239686,512,26999,1.0,0.000390723341263037,1.0,1.0,0.015741807693468335,4656,0.008066265648582956,724.8294357252162,769.8545263419946
2700.1099656357387,1.0,0.000391144926349322,0.9972079037800687,0.9972079037800687,0.033216156091067386,4656,0.016803650511908776,512,27001,1.0,0.0003907377111543085,1.0,1.0,0.01576940382469151,4656,0.008080070780724594,724.8717579182266,770.1412815619988
2724.9896907216494,1.0,0.00039662319296311676,0.9980670103092784,0.9980670103092784,0.02953220253547852,4656,0.014964412680196599,512,27249,1.0,0.00039625907464023306,1.0,1.0,0.014526936606443216,4656,0.007461597931753729,732.0166410713282,777.4675476419943
2725.1099656357387,1.0,0.0003966537281819635,0.9980670103092784,0.9980670103092784,0.02975473555502613,4656,0.015075694347165295,512,27251,1.0,0.00039629063079344855,1.0,1.0,0.014545531412170515,4656,0.007470911003879665,732.058782418324,777.7540239299997
2749.9896907216494,1.0,0.0004009918159328375,0.997852233676976,0.997852233676976,0.027164778758570093,4656,0.013782885373662837,512,27499,1.0,0.00040067882433892114,1.0,1.0,0.013721200301475132,4656,0.0070609396061127126,739.1941208993157,785.070845946997
2750.1099656357387,1.0,0.000401002070082422,0.997852233676976,0.997852233676976,0.027574861991856107,4656,0.013987932315806752,512,27501,1.0,0.00040069402313928833,1.0,1.0,0.013802609185582584,4656,0.007101651677970624,739.2362528063168,785.3574567209944
2774.9896907216494,1.0,0.00040426228477065916,0.9980670103092784,0.9980670103092784,0.02549734148372899,4656,0.01295080176743445,512,27749,1.0,0.0004039704031551007,1.0,1.0,0.013123283886008245,4656,0.006763627080573249,746.3890803653339,792.6918140929993
2775.1099656357387,1.0,0.00040428742727975257,0.9980670103092784,0.9980670103092784,0.025513195499931415,4656,0.012958741577220536,512,27751,1.0,0.0004039942334914945,1.0,1.0,0.013113478921942694,4656,0.006758736683330995,746.4310260023412,792.9781855539986
2799.9896907216494,1.0,0.0004064639089341016,0.9984965635738832,0.9984965635738832,0.023938149111377413,4656,0.012172306526157865,512,27999,1.0,0.000406226104835874,1.0,1.0,0.012635194763694842,4656,0.006520710450267464,753.6089130933979,800.3385320009984
2800.1099656357387,1.0,0.0004064345162656299,0.9982817869415808,0.9982817869415808,0.024448206744243188,4656,0.012427320595049775,512,28001,1.0,0.0004061971282221607,1.0,1.0,0.012696982863842417,4656,0.006551589855213755,753.6509252113901,800.6248655739982
2824.9896907216494,1.0,0.00040802203400438185,0.9984965635738832,0.9984965635738832,0.023332532328838335,4656,0.011870277296636523,512,28249,1.0,0.0004078180967634896,1.0,1.0,0.012241975548341102,4656,0.0063248969025628266,760.8561633703139,808.012137822996
2825.1099656357387,1.0,0.0004080668078972302,0.9987113402061856,0.9987113402061856,0.023081715573969576,4656,0.011744891245340564,512,28251,1.0,0.0004078607839817034,1.0,1.0,0.012290125347904324,4656,0.00634899289952111,760.8985095243188,808.2993675619946
2849.9896907216494,1.0,0.00042947458864999393,0.7373281786941581,0.7373281786941581,0.6751087817949118,4656,0.33776912164851974,512,28499,1.0,0.000431316856717326,0.8167955326460481,0.8167955326460481,0.5495383927912237,4656,0.27498485788037275,768.0641125832262,815.646273761995
2850.1099656357387,1.0,0.00043058654619860897,0.708118556701031,0.708118556701031,0.7412689576034284,4656,0.37084976668210373,512,28501,1.0,0.00043234300137180644,0.7633161512027491,0.7633161512027491,0.6230297809613939,4656,0.31173106321354505,768.1062715692242,815.9341985229985
2874.9896907216494,1.0,0.00037570489103236967,0.7862972508591065,0.7862972508591065,0.5396951105176788,4656,0.27003540615855215,512,28749,1.0,0.00037526722702988234,0.8593213058419243,0.8593213058419243,0.3807914674896555,4656,0.19058336834727285,775.294571881248,823.3055950099952
2875.1099656357387,1.0,0.00038252665606868224,0.7059707903780069,0.7059707903780069,0.7445093135243839,4656,0.3724459258141796,512,28751,1.0,0.00038186040838149814,0.7942439862542955,0.7942439862542955,0.5433056559349663,4656,0.27184375946464406,775.3368994892444,823.5930853460013
2899.9896907216494,1.0,0.00037173449967530176,0.9924828178694158,0.9924828178694158,0.06675944664224316,4656,0.03356559088140009,512,28999,1.0,0.0003711439771545712,1.0,1.0,0.027947754179898816,4656,0.014159449084927537,782.5089544812799,830.9472184900005
2900.1099656357387,1.0,0.0003717216755874788,0.9939862542955327,0.9939862542955327,0.06212672253244931,4656,0.03124922227204051,512,29001,1.0,0.00037115347280432677,1.0,1.0,0.02702020595163824,4656,0.01369567978423076,782.5510674502875,831.2346009030007
2924.9896907216494,1.0,0.0003746055975505167,0.9967783505154639,0.9967783505154639,0.03954288271284595,4656,0.019958744344023085,512,29249,1.0,0.00037442040837712306,1.0,1.0,0.017927218138966774,4656,0.009150819168058048,789.7430105253152,838.6084778009972
2925.1099656357387,1.0,0.00037465549211731483,0.9972079037800687,0.9972079037800687,0.03941275532712642,4656,0.019893705435225235,512,29251,1.0,0.0003744719927663246,1.0,1.0,0.017886061438989805,4656,0.00913026652385279,789.7858604923022,838.8960009840011
2949.9896907216494,1.0,0.0003809470145665493,0.9972079037800687,0.9972079037800687,0.03308046642447665,4656,0.016730706306667262,512,29499,1.0,0.00038089427802570907,1.0,1.0,0.015361927833753763,4656,0.007871410998282154,797.0034412983005,846.2955384849993
2950.1099656357387,1.0,0.00038097992129751905,0.9969931271477663,0.9969931271477663,0.03337533244562313,4656,0.016878156317878014,512,29501,1.0,0.00038092638145095293,1.0,1.0,0.015380899521083766,4656,0.007880912920863358,797.0458164703159,846.5829651229942
2974.9896907216494,1.0,0.0003867731477642797,0.9976374570446735,0.9976374570446735,0.028876743365808862,4656,0.014631758031156874,512,29749,1.0,0.00038675371160621903,1.0,1.0,0.013958905161041575,4656,0.007172829506733164,804.248861063279,853.9676267709947
2975.1099656357387,1.0,0.00038679400170894016,0.9976374570446735,0.9976374570446735,0.029081759583909076,4656,0.014734277098449235,512,29751,1.0,0.00038677528244523247,1.0,1.0,0.01396408195757784,4656,0.0071754286584165905,804.2911270542827,854.2542827959987
2999.9896907216494,1.0,0.0003916092946664574,0.997852233676976,0.997852233676976,0.02637356785974142,4656,0.013382588362775718,512,29999,1.0,0.00039161028039619273,1.0,1.0,0.013130182560366863,4656,0.006760896378776052,811.1214157062932,861.2619957739953
3000.1099656357387,1.0,0.0003916632569686244,0.9976374570446735,0.9976374570446735,0.026511494646367338,4656,0.01345157889566061,512,30001,1.0,0.00039166475796617594,1.0,1.0,0.01310192248255936,4656,0.006746793581857714,811.1635188952932,861.5610350499992
3024.9896907216494,1.0,0.0003949679127059032,0.9982817869415808,0.9982817869415808,0.025065333572859616,4656,0.012730151005217299,512,30249,1.0,0.00039497550410503375,1.0,1.0,0.01260094677459743,4656,0.006497961139351232,818.3320224872587,868.9112416599964
3025.1099656357387,1.0,0.00039505554023886873,0.9982817869415808,0.9982817869415808,0.024653987991031502,4656,0.012524521740031816,512,30251,1.0,0.00039506267717818625,1.0,1.0,0.012605325974959279,4656,0.006500194418880948,818.3755034562564,869.2001199279985
3049.9896907216494,1.0,0.0003978449569637423,0.9976374570446735,0.9976374570446735,0.023705646754130467,4656,0.012051745993165216,512,30499,1.0,0.0003978474660939777,1.0,1.0,0.012047755554369636,4656,0.00622280151983307,825.5432694532064,876.5497613819971
3050.1099656357387,1.0,0.0003978955460219449,0.997852233676976,0.997852233676976,0.024133632682852728,4656,0.012265764048828702,512,30501,1.0,0.000397897143032133,1.0,1.0,0.012067367838010755,4656,0.006232632599335765,825.5785464392102,876.8290778910014
3074.9896907216494,1.0,0.0003994554249230529,0.9987113402061856,0.9987113402061856,0.02282547725434975,4656,0.011612466315633244,512,30749,1.0,0.00039946780095190525,1.0,1.0,0.012210566460881447,4656,0.006305017166121309,831.7367600202342,883.1502923139997
3075.1099656357387,1.0,0.0003994476414986492,0.9987113402061856,0.9987113402061856,0.02262720168661006,4656,0.011513324640051196,512,30751,1.0,0.00039946170734990504,1.0,1.0,0.012237329356039512,4656,0.006318395592502712,831.7788286302384,883.4369807459952
3099.9896907216494,1.0,0.00041453673462687487,0.8820876288659794,0.8820876288659794,0.3418541806669989,4656,0.1711343604674454,512,30999,1.0,0.0003867913293572226,0.9439432989690721,0.9439432989690721,0.21512646036049754,4656,0.10775662697467607,838.9484430762895,890.7879774409957
3100.1099656357387,1.0,0.00039814714713604587,0.8406357388316151,0.8406357388316151,0.4079702318329172,4656,0.20418419133346924,512,31001,1.0,0.0003887373454791983,0.9177405498281787,0.9177405498281787,0.27126222459720994,4656,0.13582547997281313,838.990560904298,891.074488956001
3124.9896907216494,1.0,0.00036618493727802004,0.9598367697594502,0.9598367697594502,0.1574301768823997,4656,0.07889818080102455,512,31249,1.0,0.0003654259509851842,0.9886168384879725,0.9886168384879725,0.07896211302976838,4656,0.03966376953518268,846.1362486832659,898.4017470819963
3125.1099656357387,1.0,0.0003648502912205929,0.9495274914089347,0.9495274914089347,0.17724621336894347,4656,0.08880553294702903,512,31251,1.0,0.0003643104313677529,0.9819587628865979,0.9819587628865979,0.09528659381407642,4656,0.04782545156904922,846.17938848427,898.6892649250003
3149.9896907216494,1.0,0.0003655323777923879,0.9972079037800687,0.9972079037800687,0.036162073669564684,4656,0.018263802700435993,512,31499,1.0,0.0003654019734294144,1.0,1.0,0.016900920785989138,4656,0.0086331610212621,853.36228451629,906.0541820340004
3150.1099656357387,1.0,0.0003656497308376319,0.9969931271477663,0.9969931271477663,0.03619718551635742,4656,0.018281417613996265,512,31501,1.0,0.0003655158828214272,1.0,1.0,0.016870272323437983,4656,0.008617894243948238,853.4046264172866,906.3415565429968
3174.9896907216494,1.0,0.0003723068758077228,0.9976374570446735,0.9976374570446735,0.03030071799288091,4656,0.01533651249515232,512,31749,1.0,0.0003723020943784222,1.0,1.0,0.01429212851213016,4656,0.0073322152968534485,860.5442445933586,913.6632871179972
3175.1099656357387,1.0,0.0003723338201539623,0.9972079037800687,0.9972079037800687,0.03032954492929465,4656,0.015350939481938417,512,31751,1.0,0.00037232887550317956,1.0,1.0,0.014277015355034792,4656,0.007324672032058034,860.5862901903529,913.9495783889943
3199.9896907216494,1.0,0.0003785137983224646,0.9974226804123711,0.9974226804123711,0.02724000842300887,4656,0.0138092611458703,512,31999,1.0,0.00037856220149297485,1.0,1.0,0.013036323576858364,4656,0.00670744284116935,867.7124200903563,921.2574744820013
3200.1099656357387,1.0,0.00037855218097413936,0.9974226804123711,0.9974226804123711,0.027126730307680636,4656,0.013752641444353713,512,32001,1.0,0.00037860469988633676,1.0,1.0,0.0130340156891092,4656,0.0067063101480916605,867.754623185363,921.5448502859945
3224.9896907216494,1.0,0.00038338869272433603,0.9974226804123711,0.9974226804123711,0.025487171415610823,4656,0.012935279980557891,512,32249,1.0,0.000383461159861989,1.0,1.0,0.012308147662284039,4656,0.006345804307059324,874.899201530432,928.8715465559944
3225.1099656357387,1.0,0.00038342071613904947,0.9976374570446735,0.9976374570446735,0.025212035556019786,4656,0.012797727822438138,512,32251,1.0,0.00038349383296220984,1.0,1.0,0.012318237950302072,4656,0.0063508658884317195,874.9415187014165,929.1590069919985
3249.9896907216494,1.0,0.00038759165549093915,0.997852233676976,0.997852233676976,0.023838974765895568,4656,0.01211328338511621,512,32499,1.0,0.00038768082882735327,1.0,1.0,0.011824507688738635,4656,0.0061060942427808886,882.0808717173422,936.4809633409968
3250.1099656357387,1.0,0.0003876418668994379,0.997852233676976,0.997852233676976,0.023833936842036822,4656,0.01211078941207571,512,32501,1.0,0.00038772984007789507,1.0,1.0,0.011826748495659059,4656,0.00610723907185584,882.1234504373424,936.7687842669984
3274.9896907216494,1.0,0.0003906476801050078,0.9980670103092784,0.9980670103092784,0.02263937742030088,4656,0.01151501251659852,512,32749,1.0,0.0003907502216008521,1.0,1.0,0.011482068148675244,4656,0.005936409087525201,889.2539136423948,944.0814058789983
3275.1099656357387,1.0,0.00039070194964761177,0.997852233676976,0.997852233676976,0.022319549957091865,4656,0.011355125924565947,512,32751,1.0,0.00039080406548743396,1.0,1.0,0.01152496874537255,4656,0.005957886320618829,889.2965481294013,944.3689622589955
3299.9896907216494,1.0,0.00039278369883388996,0.9980670103092784,0.9980670103092784,0.02156549978911672,4656,0.010979141771178884,512,32999,1.0,0.0003928807132022897,1.0,1.0,0.011240683572808491,4656,0.005816782155807076,896.4542352214339,951.7088664510011
3300.1099656357387,1.0,0.0003927950315254251,0.9980670103092784,0.9980670103092784,0.021490769287974564,4656,0.010941782153349152,512,33001,1.0,0.00039289379332381013,1.0,1.0,0.011277504393325229,4656,0.0058351991205281,896.4966437334224,951.9964981029989
3324.9896907216494,1.0,0.00039428043662477605,0.9984965635738832,0.9984965635738832,0.021171997502907037,4656,0.010783138963365062,512,33249,1.0,0.00039436527659086017,1.0,1.0,0.011035177613451718,4656,0.005714771417817709,903.7015021984771,959.3836500809994
3325.1099656357387,1.0,0.00039431682861445285,0.9980670103092784,0.9980670103092784,0.020986544102737585,4656,0.010690430288052642,512,33251,1.0,0.0003944033936075738,1.0,1.0,0.011082051545893614,4656,0.00573822743294575,903.7435709444762,959.6704381359959
3349.9896907216494,1.0,0.00039539377995577874,0.9987113402061856,0.9987113402061856,0.01999679218043167,4656,0.0101960930217992,512,33499,1.0,0.0003954800761135173,1.0,1.0,0.010874146653204849,4656,0.0056348132718469675,910.9464512734849,967.0551676219984
3350.1099656357387,1.0,0.0003953956618034553,0.9987113402061856,0.9987113402061856,0.020065164238316908,4656,0.01023027997246313,512,33501,1.0,0.0003954780918523618,1.0,1.0,0.010891977249551885,4656,0.005643727648299175,910.9892437174785,967.342845815001
3374.9896907216494,1.0,0.0003960440639419244,0.9987113402061856,0.9987113402061856,0.020353469651998933,4656,0.010374756817965163,512,33749,1.0,0.00039612081964401035,1.0,1.0,0.010886269336713548,4656,0.005641195014170355,918.1774128734978,974.7138458629997
3375.1099656357387,1.0,0.0003959730177912925,0.9980670103092784,0.9980670103092784,0.022208814358793173,4656,0.01130239383871203,512,33751,1.0,0.00039605003592791836,1.0,1.0,0.010999531168298623,4656,0.005697790597312639,918.2194878194932,975.0003530269969
3399.9896907216494,1.0,0.0003944513007127952,0.868127147766323,0.868127147766323,0.3775976810258688,4656,0.18899606429424481,512,33999,1.0,0.0003888008930429151,0.9269759450171822,0.9269759450171822,0.25502015798771915,4656,0.12770447780176536,925.3362539245063,982.2984749819952
3400.1099656357387,1.0,0.0003852788838989956,0.7661082474226805,0.7661082474226805,0.6983636941287116,4656,0.3493744827218072,512,34001,1.0,0.0003838295187429874,0.8202319587628866,0.8202319587628866,0.5325807525529894,4656,0.2664822974975166,925.3787241355094,982.5853855339956
3424.9896907216494,1.0,0.0003806831462379174,0.9965635738831615,0.9965635738831615,0.043653060480491404,4656,0.022016871835767608,512,34249,1.0,0.0003808095692768949,1.0,1.0,0.020243675438399167,4656,0.010312242503838031,932.5311996835371,989.9198575919945
3425.1099656357387,1.0,0.0003805431598138154,0.9963487972508591,0.9963487972508591,0.04369956767026501,4656,0.02204005537983478,512,34251,1.0,0.00038070114540685084,1.0,1.0,0.020231008939317,4656,0.01030585507756656,932.5744682465302,990.207494794995
3449.9896907216494,1.0,0.0003744726168484622,0.9963487972508591,0.9963487972508591,0.032460701424641296,4656,0.01641758713115941,512,34499,1.0,0.00037487523943902703,1.0,1.0,0.01510100348298902,4656,0.0077379393004060205,939.7280646015715,997.5434433389964
3450.1099656357387,1.0,0.00037441647185902416,0.9963487972508591,0.9963487972508591,0.03262863126407374,4656,0.016501524194409346,512,34501,1.0,0.0003748224324889199,1.0,1.0,0.015101868467232616,4656,0.007738345574677195,939.7702625765814,997.8304562749981
3474.9896907216494,1.0,0.0003755220957740476,0.9961340206185567,0.9961340206185567,0.028342407183958494,4656,0.014358964777484383,512,34749,1.0,0.00037596042226372713,1.0,1.0,0.013238756517364397,4656,0.006807358506618906,946.8461467436064,1005.0873949309971
3475.1099656357387,1.0,0.0003755719391341062,0.9965635738831615,0.9965635738831615,0.028171090735602623,4656,0.014273331337368366,512,34751,1.0,0.000376008892643083,1.0,1.0,0.013252087475098286,4656,0.006814048155066893,946.8880538645972,1005.3736078809961
3499.9896907216494,1.0,0.00037844541172186535,0.9972079037800687,0.9972079037800687,0.025469929082287138,4656,0.012924187064580492,512,34999,1.0,0.0003788719862648302,1.0,1.0,0.012258641191364564,4656,0.006318756548809432,954.004755113594,1012.6719404260002
3500.1099656357387,1.0,0.00037847410029766894,0.9972079037800687,0.9972079037800687,0.025529854076424826,4656,0.012954164001949873,512,35001,1.0,0.00037889882819759066,1.0,1.0,0.012252489008854344,4656,0.00631569392492681,954.0469053995912,1012.9706467069991
3524.9896907216494,1.0,0.000381450636049931,0.9969931271477663,0.9969931271477663,0.023815281612356912,4656,0.012098365837765723,512,35249,1.0,0.0003818474562768264,1.0,1.0,0.011661686643292405,4656,0.00602176703538272,961.2532815775485,1020.3592603169964
3525.1099656357387,1.0,0.00038146776150387176,0.9972079037800687,0.9972079037800687,0.023668867206245763,4656,0.012025167339855862,512,35251,1.0,0.0003818656250680845,1.0,1.0,0.011666809263098281,4656,0.00602433735767181,961.2952117135574,1020.6455909809956
3549.9896907216494,1.0,0.00038418445185697364,0.9976374570446735,0.9976374570446735,0.02254783165004245,4656,0.01146600828138004,512,35499,1.0,0.0003845480645133048,1.0,1.0,0.011257689638236134,4656,0.00582111890578188,968.4512095566679,1027.983084984
3550.1099656357387,1.0,0.00038422762873963393,0.9976374570446735,0.9976374570446735,0.022399054769797835,4656,0.0113916414505018,512,35501,1.0,0.000384592880011629,1.0,1.0,0.011286954904339978,4656,0.005835773864972223,968.4938836806687,1028.2701521560011
3574.9896907216494,1.0,0.0003864142237250338,0.9980670103092784,0.9980670103092784,0.02145476582943369,4656,0.010920589834554089,512,35749,1.0,0.00038674222209404425,1.0,1.0,0.010959553657118808,4656,0.005673147865996738,975.6671694957913,1035.6249491470007
3575.1099656357387,1.0,0.00038643935983328473,0.997852233676976,0.997852233676976,0.02146332923489338,4656,0.010924884031728371,512,35751,1.0,0.0003867667181180515,1.0,1.0,0.01097838473074215,4656,0.005682575692425889,975.7092725928233,1035.911160783995
3599.9896907216494,1.0,0.00038799400924612157,0.9980670103092784,0.9980670103092784,0.020658405376054168,4656,0.010523199625441298,512,35999,1.0,0.00038828337213018095,1.0,1.0,0.010743586672950037,4656,0.005565935035341794,982.9015492768231,1043.2846895369948
3600.1099656357387,1.0,0.00038800909923216733,0.997852233676976,0.997852233676976,0.020808984938356066,4656,0.010598497190016652,512,36001,1.0,0.00038830032796179716,1.0,1.0,0.010755576423763,4656,0.005571938308653553,982.9438549398183,1043.5723100059986
3624.9896907216494,1.0,0.0003892022034607802,0.9980670103092784,0.9980670103092784,0.0197384252990644,4656,0.010063813621645532,512,36249,1.0,0.0003894658381586632,1.0,1.0,0.010586225699722972,4656,0.005487845832949242,990.062773141748,1050.872921563001
3625.1099656357387,1.0,0.0003892116094987417,0.9980670103092784,0.9980670103092784,0.01987927086984169,4656,0.01013424101564073,512,36251,1.0,0.00038947304870766875,1.0,1.0,0.010605370670659435,4656,0.005497421800475759,990.1048915157444,1051.1597926579998
3649.9896907216494,1.0,0.0004366584237396103,0.6363831615120275,0.6363831615120275,0.9197628113002712,4656,0.46009973480119737,512,36499,1.0,0.0004358602514893738,0.7104810996563574,0.7104810996563574,0.8060051305187527,4656,0.4032204913109848,997.2124244108345,1058.4483213860003
3650.1099656357387,1.0,0.0004372440432150339,0.6224226804123711,0.6224226804123711,0.9608686650331897,4656,0.4806529500640135,512,36501,1.0,0.00043684417618713837,0.6739690721649485,0.6739690721649485,0.8427695769214958,4656,0.42160320937428686,997.2545949028281,1058.7355197889992
3674.9896907216494,1.0,0.00037737432355221197,0.9744415807560137,0.9744415807560137,0.12016523007265072,4656,0.06027130244933453,512,36749,1.0,0.00037775266774741235,0.9933419243986255,0.9933419243986255,0.07129629207230925,4656,0.035837022709272984,1002.6817212717651,1064.3070947140004
3675.1099656357387,1.0,0.00037681180791756543,0.9606958762886598,0.9606958762886598,0.15446535418533378,4656,0.07742108266378186,512,36751,1.0,0.0003767509231043026,0.9826030927835051,0.9826030927835051,0.09873029210723143,4656,0.049553521719994824,1002.7231916747478,1064.5906027309975
3699.9896907216494,1.0,0.00036649866176839544,0.997852233676976,0.997852233676976,0.029545015895489565,4656,0.014955757205019292,512,36999,1.0,0.0003667572462015955,1.0,1.0,0.015368563817538755,4656,0.007867660309440902,1009.8325973068058,1071.881867088996
3700.1099656357387,1.0,0.00036653626671771415,0.9980670103092784,0.9980670103092784,0.029632553611834023,4656,0.014999545112098615,512,37001,1.0,0.0003667902137405684,1.0,1.0,0.015347802966730701,4656,0.007857296679847428,1009.8747913378102,1072.1681809729998
3724.9896907216494,1.0,0.00036981708891817793,0.9980670103092784,0.9980670103092784,0.023811912208897962,4656,0.012090864767323654,512,37249,1.0,0.0003700712407679902,1.0,1.0,0.012728386011320291,4656,0.006549228558835295,1016.977554259829,1079.452294167997
3725.1099656357387,1.0,0.0003698538009499766,0.9982817869415808,0.9982817869415808,0.023707431821069356,4656,0.012038642905422092,512,37251,1.0,0.0003701077991795704,1.0,1.0,0.012715973702492993,4656,0.006543040787641125,1017.0194801858306,1079.7383653069992
3749.9896907216494,1.0,0.00037330880287484206,0.9982817869415808,0.9982817869415808,0.02114325577450782,4656,0.01075828229029154,512,37499,1.0,0.00037352562181113924,1.0,1.0,0.011643673648539278,4656,0.006008599683181527,1024.1396628058428,1087.0412251189991
3750.1099656357387,1.0,0.00037333217235058035,0.9982817869415808,0.9982817869415808,0.021235307467352485,4656,0.010804319914263958,512,37501,1.0,0.00037355264616790914,1.0,1.0,0.011642102113704091,4656,0.006007827383136421,1024.1816105768376,1087.327975192995
3774.9896907216494,1.0,0.0003766300111906635,0.9987113402061856,0.9987113402061856,0.01961623475314006,4656,0.009996432618996532,512,37749,1.0,0.00037681941531880205,1.0,1.0,0.011051575752468044,4656,0.005714197595094897,1031.2976256397815,1094.6257006359956
3775.1099656357387,1.0,0.000376648772059847,0.9984965635738832,0.9984965635738832,0.01957113042320173,4656,0.009973889773653955,512,37751,1.0,0.0003768377313294362,1.0,1.0,0.011047456375102406,4656,0.00571214697000497,1031.339473927772,1094.912280051998
3799.9896907216494,1.0,0.00037950190277034066,0.998926116838488,0.998926116838488,0.018529509965496783,4656,0.009454505754909975,512,37999,1.0,0.000379645291242198,1.0,1.0,0.01069193115758732,4656,0.005535788245217497,1038.438351122808,1102.1921476930002
3800.1099656357387,1.0,0.00037953368935388386,0.998926116838488,0.998926116838488,0.01859553142921212,4656,0.009487532668097322,512,38001,1.0,0.00037967554162355633,1.0,1.0,0.010691301929172371,4656,0.005535488583377956,1038.480407027797,1102.4781265649945
3824.9896907216494,1.0,0.00038189599706544907,0.998926116838488,0.998926116838488,0.01779489869514282,4656,0.009088397333302448,512,38249,1.0,0.0003820080406118914,1.0,1.0,0.010467225743323257,4656,0.0054246169287724185,1045.5855794937306,1109.7638879769947
3825.1099656357387,1.0,0.0003819152251961305,0.998926116838488,0.998926116838488,0.017767056566743097,4656,0.009074485691142655,512,38251,1.0,0.0003820269615021358,1.0,1.0,0.010464157947559947,4656,0.005423092350517351,1045.6275313237275,1110.0498496500004
3849.9896907216494,1.0,0.00038372767173854754,0.9991408934707904,0.9991408934707904,0.017126713831400135,4656,0.008755220887587243,512,38499,1.0,0.0003838220009535449,1.0,1.0,0.010295204280577983,4656,0.005339513119963026,1052.7288519577996,1117.3321226129992
3850.1099656357387,1.0,0.00038374120311945983,0.9987113402061856,0.9987113402061856,0.01716554021507604,4656,0.008774640736301331,512,38501,1.0,0.0003838349722607439,1.0,1.0,0.010305377728340961,4656,0.005344606398307171,1052.7714477888003,1117.6194532410009
3874.9896907216494,1.0,0.0003850715542116116,0.998926116838488,0.998926116838488,0.016587270699006177,4656,0.008486171051398995,512,38749,1.0,0.00038514217790664264,1.0,1.0,0.010170603535838962,4656,0.005277872802465642,1059.7409997268041,1124.7682774060013
3875.1099656357387,1.0,0.00038508377341982426,0.9991408934707904,0.9991408934707904,0.016536965607777492,4656,0.008461024650593394,512,38751,1.0,0.0003851525152671788,1.0,1.0,0.010184575192297447,4656,0.005284863751368834,1059.7831296698205,1125.0549433589986
3899.9896907216494,1.0,0.0003860871982840738,0.998926116838488,0.998926116838488,0.016291693313834593,4656,0.008338890329669021,512,38999,1.0,0.0003861399284240716,1.0,1.0,0.010088418152733767,4656,0.00523727901817597,1066.9218984886757,1132.3746315099997
3900.1099656357387,1.0,0.00038608781596536897,0.998926116838488,0.998926116838488,0.016287100274128604,4656,0.008336594117056463,512,39001,1.0,0.0003861401012468174,1.0,1.0,0.01010015494225361,4656,0.005243147566556111,1066.9639149926734,1132.6605464379973
3924.9896907216494,1.0,0.0003867391752930441,0.998926116838488,0.998926116838488,0.015838186355800563,4656,0.00811246283275565,512,39249,1.0,0.0003867771738941727,1.0,1.0,0.010008249291029992,4656,0.005197513144450499,1074.0742598006618,1139.951289564
3925.1099656357387,1.0,0.0003867582242001373,0.9991408934707904,0.9991408934707904,0.01605863649001236,4656,0.008222697321901616,512,39251,1.0,0.0003867962708075841,1.0,1.0,0.010026751002904885,4656,0.005206773576048231,1074.1162760766601,1140.2377151569963
3949.9896907216494,1.0,0.0003871767560845798,0.998926116838488,0.998926116838488,0.015424361958126841,4656,0.007905769286696444,512,39499,1.0,0.000387206712027186,1.0,1.0,0.00994231856565705,4656,0.00516476264524296,1081.2352669837055,1147.538142245001
3950.1099656357387,1.0,0.0003871904250836045,0.998926116838488,0.998926116838488,0.015492266805720903,4656,0.007939728469783087,512,39501,1.0,0.00038721953291458774,1.0,1.0,0.009969962114320998,4656,0.005178590871624111,1081.2772019287004,1147.8244842009954
3974.9896907216494,1.0,0.0003873841433795457,0.9993556701030928,0.9993556701030928,0.015234543490655644,4656,0.007810963797815067,512,39749,1.0,0.00038739887811883617,1.0,1.0,0.009889499837999902,4656,0.005138449242844205,1088.393689082739,1155.1227785779993
3975.1099656357387,1.0,0.0003873786386550497,0.9993556701030928,0.9993556701030928,0.015041801118359123,4656,0.007714590051329832,512,39751,1.0,0.00038739427591312383,1.0,1.0,0.009912118674143893,4656,0.005149756407819663,1088.4361002267397,1155.4098725929944
3999.9896907216494,1.0,0.00038741935121337166,0.9993556701030928,0.9993556701030928,0.015173046039961457,4656,0.007780232687586362,512,39999,1.0,0.0003874233549403161,1.0,1.0,0.009858128131460078,4656,0.005122775730398512,1095.4078083956701,1162.5603443349974
4000.1099656357387,1.0,0.00038741070687566014,0.9993556701030928,0.9993556701030928,0.015044568740215498,4656,0.007715989633933785,512,40001,1.0,0.0003874145217777528,1.0,1.0,0.009872075003856645,4656,0.005129744865230678,1095.4496393786758,1162.8591469940002
4024.9896907216494,1.0,0.00040857330015844494,0.7890893470790378,0.7890893470790378,0.5707773162736925,4656,0.2855929443516682,512,40249,1.0,0.00040937003861997543,0.8414948453608248,0.8414948453608248,0.4667607009206031,4656,0.2335850364973455,1102.5752612776487,1170.167259433998
4025.1099656357387,1.0,0.0004081936533918086,0.6479810996563574,0.6479810996563574,0.8943585530179473,4656,0.44738337264437855,512,40251,1.0,0.00040894359529428055,0.6902920962199313,0.6902920962199313,0.7709168240786418,4656,0.3856628817790972,1102.618041596652,1170.455294059997
4049.9896907216494,1.0,0.00036079343088304055,0.9926975945017182,0.9926975945017182,0.07094854997195739,4656,0.035654671413382306,512,40499,1.0,0.0003596864755927902,0.9997852233676976,0.9997852233676976,0.040880028734502104,4656,0.02061985735221417,1109.7441458226458,1177.763265611
4050.1099656357387,1.0,0.00036093902444511754,0.9843213058419243,0.9843213058419243,0.08657305674864255,4656,0.04346699812977584,512,40501,1.0,0.0003596812076994644,0.9980670103092784,0.9980670103092784,0.04778853806433399,4656,0.02407410935437966,1109.786325983645,1178.0499201359999
4074.9896907216494,1.0,0.00035380449184437387,0.9987113402061856,0.9987113402061856,0.026564431764006205,4656,0.013459118166330344,512,40749,1.0,0.00035331955762048765,1.0,1.0,0.015551047431644295,4656,0.007952183689858085,1116.9212819546592,1185.3665859030007
4075.1099656357387,1.0,0.00035381716551239955,0.9987113402061856,0.9987113402061856,0.02653901069024994,4656,0.01344641387667443,512,40751,1.0,0.0003533340811319777,1.0,1.0,0.015511059474289622,4656,0.0079321967777108,1116.963498527657,1185.6529164239982
4099.98969072165,1.0,0.00035752426461665494,0.9993556701030928,0.9993556701030928,0.02091860607317633,4656,0.010638065252107443,512,40999,1.0,0.00035720872868786973,1.0,1.0,0.01275922066157626,4656,0.006558214675929538,1124.1632889966422,1193.0344393720006
4100.109965635739,1.0,0.00035760064586945825,0.9993556701030928,0.9993556701030928,0.020970777547646223,4656,0.010664189189570057,512,41001,1.0,0.00035728606366619624,1.0,1.0,0.012742853041776676,4656,0.006550069629531545,1124.205403468637,1193.3215409749973
4124.98969072165,1.0,0.0003627881478146999,0.9993556701030928,0.9993556701030928,0.01848464343965668,4656,0.009423715859344326,512,41249,1.0,0.00036256834608582695,1.0,1.0,0.011504741366376582,4656,0.005933654830627835,1131.373467790705,1200.6713845880004
4125.109965635739,1.0,0.0003628243925850006,0.9993556701030928,0.9993556701030928,0.01851942592470097,4656,0.009441125024225294,512,41251,1.0,0.00036260765685965513,1.0,1.0,0.01151156241131812,4656,0.005937084965279831,1131.4160358557128,1200.9580703659958
4149.98969072165,1.0,0.00036768325927740927,0.9993556701030928,0.9993556701030928,0.016811164793689635,4656,0.008589423911268358,512,41499,1.0,0.00036751485311288604,1.0,1.0,0.010802264987807913,4656,0.005584890029274721,1138.5751340606512,1208.2997560449949
4150.109965635739,1.0,0.0003677405660197497,0.9993556701030928,0.9993556701030928,0.01680557629496781,4656,0.008586658542508521,512,41501,1.0,0.0003675748130044167,1.0,1.0,0.010807904590855759,4656,0.005587739684327771,1138.6173940046574,1208.5864964139982
4174.98969072165,1.0,0.0003716524536769415,0.9995704467353952,0.9995704467353952,0.01588847465121869,4656,0.00813006361325582,512,41749,1.0,0.00037151815760176615,1.0,1.0,0.010378863291232446,4656,0.005375190698813736,1145.603270838641,1215.7542697259996
4175.109965635739,1.0,0.00037167495263810827,0.9993556701030928,0.9993556701030928,0.015978642960184627,4656,0.008175158930807998,512,41751,1.0,0.00037154260881987634,1.0,1.0,0.010381587592187207,4656,0.005376565036495117,1145.6453150266316,1216.0405207189979
4199.98969072165,1.0,0.0003748480550611961,0.9995704467353952,0.9995704467353952,0.015157674186418146,4656,0.007766261031127877,512,41999,1.0,0.00037474783067031414,1.0,1.0,0.010100303134557717,4656,0.0052375255786266525,1152.8205093246434,1223.3976790099987
4200.109965635739,1.0,0.0003748688641999595,0.9995704467353952,0.9995704467353952,0.015191876806344363,4656,0.007783372787265843,512,42001,1.0,0.00037476729243174454,1.0,1.0,0.010098640246899267,4656,0.005236703812871192,1152.8635667726558,1223.6850195359948
4224.98969072165,1.0,0.0003771518398703578,0.9995704467353952,0.9995704467353952,0.014756155177899652,4656,0.007566653473680371,512,42249,1.0,0.0003770660877842264,1.0,1.0,0.009919935280514746,4656,0.0051485006137402195,1160.0720216886548,1231.0749193859956
4225.109965635739,1.0,0.0003771865708414222,0.9995704467353952,0.9995704467353952,0.014682698085955329,4656,0.007529942440413118,512,42251,1.0,0.00037710201891324774,1.0,1.0,0.009928552862704824,4656,0.005152827378400822,1160.1148238336536,1231.361793527998
4249.98969072165,1.0,0.00037885302696953117,0.9995704467353952,0.9995704467353952,0.014249407753501971,4656,0.007314130305424589,512,42499,1.0,0.000378792122953741,1.0,1.0,0.00979392696492041,4656,0.005086359494330547,1167.3187814015982,1238.7474100679974
4250.109965635739,1.0,0.00037888346937616256,0.9995704467353952,0.9995704467353952,0.014213678967911763,4656,0.007296281274651334,512,42501,1.0,0.0003788224213414176,1.0,1.0,0.009800673350435761,4656,0.005089747844283113,1167.3614825665936,1239.0343901969973
4274.98969072165,1.0,0.00038009183641356703,0.9995704467353952,0.9995704467353952,0.013780965018518193,4656,0.007080528437067143,512,42749,1.0,0.00038004608319182576,1.0,1.0,0.009726639363364256,4656,0.005053342771284359,1174.5745455045908,1246.4293765439943
4275.109965635739,1.0,0.0003800709728676429,0.9995704467353952,0.9995704467353952,0.013831360028781431,4656,0.007105715496023905,512,42751,1.0,0.0003800268326581958,1.0,1.0,0.00973076099382643,4656,0.0050553938060282026,1174.6173321005772,1246.7165789360006
4299.98969072165,1.0,0.0004066557485827875,0.8365549828178694,0.8365549828178694,0.4355908751078078,4656,0.2179987668171781,512,42999,1.0,0.000406995620514519,0.882946735395189,0.882946735395189,0.33757139645081613,4656,0.16898919462748,1181.8277714476062,1254.1095094019984
4300.109965635739,1.0,0.0004010295040931079,0.7792096219931272,0.7792096219931272,0.5986464720001745,4656,0.29952375339888215,512,43001,1.0,0.0004005640060272823,0.8384879725085911,0.8384879725085911,0.45486773002598296,4656,0.22763414645113075,1181.8705753866088,1254.3966795269953
4324.98969072165,1.0,0.0003579544524351756,0.9997852233676976,0.9997852233676976,0.030923898277413805,4656,0.015640926115291633,512,43249,1.0,0.00035697427863107923,1.0,1.0,0.019366614187705966,4656,0.009861794124354202,1189.0790774046618,1261.78737061
4325.109965635739,1.0,0.0003581770321296662,0.9997852233676976,0.9997852233676976,0.030809626136858437,4656,0.015583901675706058,512,43251,1.0,0.00035720408807710276,1.0,1.0,0.01925106064970141,4656,0.009804132570515793,1189.1211376996653,1262.0737598089981
4349.98969072165,1.0,0.0003567551617923471,0.9997852233676976,0.9997852233676976,0.02128420089118669,4656,0.010820477791258559,512,43499,1.0,0.00035601072141394993,1.0,1.0,0.013547590917738033,4656,0.006951800889985258,1196.3388944276448,1269.4737858309963
4350.109965635739,1.0,0.0003567671985765503,0.9997852233676976,0.9997852233676976,0.021319407163207064,4656,0.010838087276904444,512,43501,1.0,0.0003560280484944275,1.0,1.0,0.013529440586509574,4656,0.006942734480723483,1196.3811490916414,1269.760239329
4374.98969072165,1.0,0.00035994609376204385,0.9997852233676976,0.9997852233676976,0.017987189833650885,4656,0.009173567966906885,512,43749,1.0,0.00035940645793868913,1.0,1.0,0.011736338798123127,4656,0.006047872640832593,1203.5350991835803,1277.0960269669959
4375.109965635739,1.0,0.0003599510256111417,0.9997852233676976,0.9997852233676976,0.017965692015447978,4656,0.009162821618142407,512,43751,1.0,0.00035941150180252967,1.0,1.0,0.011725016885606693,4656,0.006042214193704612,1203.5773008375836,1277.3825842590013
4399.98969072165,1.0,0.000363957245683752,0.9997852233676976,0.9997852233676976,0.016326945671920515,4656,0.008345451551614348,512,43999,1.0,0.0003635552407744824,1.0,1.0,0.010866283551114532,4656,0.005614919453552089,1210.733335355515,1284.720685014996
4400.109965635739,1.0,0.0003639903252374675,0.9997852233676976,0.9997852233676976,0.016315957524932128,4656,0.008339973864276795,512,44001,1.0,0.00036358702735802564,1.0,1.0,0.010857043294972162,4656,0.005610315148363409,1210.7760754885094,1285.0080037160005
4424.98969072165,1.0,0.0003676660282095683,0.9997852233676976,0.9997852233676976,0.015237071055317252,4656,0.007802368541763411,512,44249,1.0,0.00036735540172693246,1.0,1.0,0.01037306064592604,4656,0.0053702079246134285,1217.9491594385545,1292.3629808299956
4425.109965635739,1.0,0.0003676677724391324,0.9997852233676976,0.9997852233676976,0.01512732640984132,4656,0.007747497140746755,512,44251,1.0,0.0003673577508361069,1.0,1.0,0.010372367613913677,4656,0.005369862688775735,1217.9913013235564,1292.6502361439998
4449.98969072165,1.0,0.00037069926582456044,0.9997852233676976,0.9997852233676976,0.014408526551682515,4656,0.007389612931156486,512,44499,1.0,0.000370454465605549,1.0,1.0,0.010067682598055024,4656,0.005219068519028602,1225.1511343624588,1299.9926625969965
4450.109965635739,1.0,0.00037073758446781084,0.9997852233676976,0.9997852233676976,0.014403541063525012,4656,0.007387139235984828,512,44501,1.0,0.0003704924226012017,1.0,1.0,0.010065513992637293,4656,0.00521800316281335,1225.1933831624774,1300.2803092749964
4474.98969072165,1.0,0.0003732407043121525,0.9997852233676976,0.9997852233676976,0.014016649977038406,4656,0.007194945390281808,512,44749,1.0,0.0003730510761545286,1.0,1.0,0.009873710342289246,4656,0.005123380738025678,1232.3719930655352,1307.641482893996
4475.109965635739,1.0,0.00037326279361940334,0.9997852233676976,0.9997852233676976,0.0139796729759662,4656,0.007176467950401437,512,44751,1.0,0.0003730727878120757,1.0,1.0,0.009873851365649822,4656,0.005123462054328001,1232.4140644805448,1307.927924935997
4499.98969072165,1.0,0.0003750724013881995,0.9997852233676976,0.9997852233676976,0.013573820238670533,4656,0.006974446302427049,512,44999,1.0,0.0003749252812252012,1.0,1.0,0.009743717323054154,4656,0.005059321414154419,1239.5963880735362,1315.2922053959992
4500.109965635739,1.0,0.0003750908070106277,0.9997852233676976,0.9997852233676976,0.013552629148837217,4656,0.006963860025930241,512,45001,1.0,0.000374942992356225,1.0,1.0,0.009750261954015883,4656,0.005062602485987739,1239.6390002445332,1315.5933046559949
4524.98969072165,1.0,0.00037641107677594085,0.9997852233676976,0.9997852233676976,0.013210332270750065,4656,0.006793371692965531,512,45249,1.0,0.00037630568050436955,1.0,1.0,0.009664042094319137,4656,0.005020173810601644,1246.8091214544838,1322.9451636209997
4525.109965635739,1.0,0.0003764372626223515,0.9997852233676976,0.9997852233676976,0.013255295986981736,4656,0.006815866660006677,512,45251,1.0,0.0003763333513462257,1.0,1.0,0.009669421464716856,4656,0.005022877372826908,1246.8513404564947,1323.2321203780011
4549.98969072165,1.0,0.0003773972097643462,0.9997852233676976,0.9997852233676976,0.012976838755853398,4656,0.0066771179540050804,512,45499,1.0,0.00037732019802856284,1.0,1.0,0.009597618964939183,4656,0.004987469602286611,1254.040295272447,1330.6030831899989
4550.109965635739,1.0,0.00037740670221368065,0.9997852233676976,0.9997852233676976,0.012986791400155661,4656,0.006682098987176246,512,45501,1.0,0.00037733301571554333,1.0,1.0,0.009605446324725332,4656,0.004991389683022122,1254.0823029834428,1330.8889508799984
4574.98969072165,1.0,0.0003780936886303613,0.9997852233676976,0.9997852233676976,0.012799024991563096,4656,0.006588559328895254,512,45749,1.0,0.00037804321798774385,1.0,1.0,0.009572201373241203,4656,0.004975122223604995,1261.2902759675126,1338.279041679998
4575.109965635739,1.0,0.00037812093701661655,0.9997852233676976,0.9997852233676976,0.012825226251202351,4656,0.006601673528500849,512,45751,1.0,0.0003780709656397092,1.0,1.0,0.009582644373280895,4656,0.004980357703064725,1261.3328334685066,1338.5660821220008
4599.98969072165,1.0,0.0003785904484106503,0.9997852233676976,0.9997852233676976,0.012638855431088057,4656,0.006508723003757778,512,45999,1.0,0.0003785564023297267,1.0,1.0,0.009536347028725745,4656,0.00495745169952563,1268.5117677285307,1345.926750435996
4600.109965635739,1.0,0.00037856694451722083,0.9997852233676976,0.9997852233676976,0.012711990842294857,4656,0.006545278880604354,512,46001,1.0,0.00037853061013512593,1.0,1.0,0.009567016895694011,4656,0.004972773831324889,1268.5540968975329,1346.2134528589959
4624.98969072165,1.0,0.0003788039741135135,0.9997852233676976,0.9997852233676976,0.012428561539174765,4656,0.0064036827726462455,512,46249,1.0,0.00037879453607133983,1.0,1.0,0.009490674099152031,4656,0.004934734290408105,1275.7054418495027,1353.5470585129951
4625.109965635739,1.0,0.00037880630402016064,0.9997852233676976,0.9997852233676976,0.01245603610559837,4656,0.006417421233613056,512,46251,1.0,0.00037879580983898485,1.0,1.0,0.009494992875561272,4656,0.004936894446713818,1275.748010315503,1353.8343369590002
4649.98969072165,1.0,0.0003789806981727839,0.9997852233676976,0.9997852233676976,0.01223859897593862,4656,0.006308789771447067,512,46499,1.0,0.0003789837161699931,1.0,1.0,0.009456484588151126,4656,0.004917734011342025,1282.9640573944562,1361.232708454001
4650.109965635739,1.0,0.00037895450592553083,0.9997852233676976,0.9997852233676976,0.012262557585214832,4656,0.0063207560695733404,512,46501,1.0,0.0003789594377746287,1.0,1.0,0.009473832817012091,4656,0.004926396194602206,1283.006412955452,1361.5196546689986
4674.98969072165,1.0,0.0003789712601306103,0.9997852233676976,0.9997852233676976,0.012019006042546014,4656,0.00619898864493747,512,46749,1.0,0.00037899201486221295,1.0,1.0,0.009437477670584348,4656,0.004908234905131494,1290.1246192255276,1368.8195015169986
4675.109965635739,1.0,0.00037895658939974413,0.9997852233676976,0.9997852233676976,0.012189353659390584,4656,0.006284155182002746,512,46751,1.0,0.0003789775233549351,1.0,1.0,0.009471418112004335,4656,0.004925197700864261,1290.1668429835263,1369.1058710819998
4699.98969072165,1.0,0.00042366703069701635,0.8260309278350515,0.8260309278350515,0.4689643997506997,4656,0.2346940319153042,512,46999,1.0,0.0004251168151082042,0.8825171821305842,0.8825171821305842,0.37548619037641284,4656,0.18795565313489987,1297.3356593125136,1376.4570468269958
4700.109965635739,1.0,0.000433760544739638,0.7691151202749141,0.7691151202749141,0.6008333029206266,4656,0.3006335255206655,512,47001,1.0,0.000436138777747187,0.8021907216494846,0.8021907216494846,0.5129677946215233,4656,0.2567019741150112,1297.3780199325192,1376.7440050969963
4724.98969072165,1.0,0.0003643319766033966,0.9652061855670103,0.9652061855670103,0.1468351141284012,4656,0.07359972360617516,512,47249,1.0,0.00036337581235928226,0.9853951890034365,0.9853951890034365,0.10122801839690848,4656,0.050795698083962774,1304.5517904244552,1384.0999839430006
4725.109965635739,1.0,0.00036455586527016565,0.9426546391752577,0.9426546391752577,0.1982936105367654,4656,0.09932908241691459,512,47251,1.0,0.0003637417101163635,0.9718642611683849,0.9718642611683849,0.13749628132561229,4656,0.06893001143465337,1304.594639018469,1384.3873102279977
4749.98969072165,1.0,0.00034274912640913245,0.9997852233676976,0.9997852233676976,0.02299152657748088,4656,0.011667137805538899,512,47499,1.0,0.0003423090076835704,1.0,1.0,0.014955682648006584,4656,0.007648995754235389,1311.8088459614228,1391.7840050160012
4750.109965635739,1.0,0.0003428743172859408,0.9997852233676976,0.9997852233676976,0.02297810795380897,4656,0.011660491068338611,512,47501,1.0,0.00034243420176080004,1.0,1.0,0.014894529101774865,4656,0.007618481555755196,1311.8512336274289,1392.0713445229994
4774.98969072165,1.0,0.00034778473636333886,0.9997852233676976,0.9997852233676976,0.017908177834605844,4656,0.009127981269482485,512,47749,1.0,0.00034738972757485315,1.0,1.0,0.011964422935472731,4656,0.006155906315521686,1319.071475170349,1399.4737644569977
4775.109965635739,1.0,0.00034784484027382436,0.9997852233676976,0.9997852233676976,0.01792161878441617,4656,0.009134731853950475,512,47751,1.0,0.00034744752398164,1.0,1.0,0.011952073201281098,4656,0.006149760380233686,1319.1145368443395,1399.7610448589985
4799.98969072165,1.0,0.0003535147545110319,0.9997852233676976,0.9997852233676976,0.015480563402995211,4656,0.00791703896833859,512,47999,1.0,0.0003531804705147481,1.0,1.0,0.010736053547089043,4656,0.005544617004001264,1326.3293600273755,1407.1582037089975
4800.109965635739,1.0,0.0003535730949894259,0.9997852233676976,0.9997852233676976,0.015495340234225559,4656,0.007924456674208756,512,48001,1.0,0.00035323943187485856,1.0,1.0,0.010736445893127075,4656,0.005544842620895491,1326.3715324133664,1407.4448053289962
4824.98969072165,1.0,0.00035863582851346004,0.9997852233676976,0.9997852233676976,0.014243814134106194,4656,0.007301225080522885,512,48249,1.0,0.00035836390472462085,1.0,1.0,0.010102750509465273,4656,0.005230557160688839,1333.488644965415,1414.7434752260015
4825.109965635739,1.0,0.00035868300272222234,0.9997852233676976,0.9997852233676976,0.014237919214255212,4656,0.0072983011756975625,512,48251,1.0,0.0003584107748933674,1.0,1.0,0.010098876617208789,4656,0.005228643667247287,1333.5306527573994,1415.0300098419975
4849.98969072165,1.0,0.0003628327808890146,1.0,1.0,0.013297970557130898,4656,0.006830401641806376,512,48499,1.0,0.00036260557338544183,1.0,1.0,0.009742053411260913,4656,0.005052329594736656,1340.6856788734003,1422.3666560959973
4850.109965635739,1.0,0.0003628593699884988,1.0,1.0,0.013341776796222962,4656,0.0068523179726911985,512,48501,1.0,0.00036263484443790727,1.0,1.0,0.009741201535942628,4656,0.005051918250998271,1340.7278027983994,1422.6528636379953
4874.98969072165,1.0,0.00036604879135938037,1.0,1.0,0.012781921530916928,4656,0.0065739851227331,512,48749,1.0,0.00036585646844709043,1.0,1.0,0.009521464814025512,4656,0.004943660649237354,1347.9107277364528,1430.0172566859983
4875.109965635739,1.0,0.00036605818459565695,1.0,1.0,0.012785517165750982,4656,0.00657578765117016,512,48751,1.0,0.00036586741388765806,1.0,1.0,0.009519948172815068,4656,0.004942907807753258,1347.9529061464345,1430.30391332
4899.98969072165,1.0,0.0003685439741590998,1.0,1.0,0.012399022726668525,4656,0.006383783321610021,512,48999,1.0,0.0003683906323772525,1.0,1.0,0.009384728993746833,4656,0.0048765597986601475,1355.1827730195,1437.7161074479955
4900.109965635739,1.0,0.00036857634641972604,1.0,1.0,0.012418918593232985,4656,0.006393747436221932,512,49001,1.0,0.0003684214492331665,1.0,1.0,0.009386251062871664,4656,0.004877336348864631,1355.225701661504,1438.003345705998
4924.98969072165,1.0,0.00037035799850917766,1.0,1.0,0.012101535125286719,4656,0.006235946648309321,512,49249,1.0,0.0003702383027556016,1.0,1.0,0.009308595837596356,4656,0.004839417194992406,1362.4303584405206,1445.3901258749975
4925.109965635739,1.0,0.00037038602459778903,1.0,1.0,0.012156302576622193,4656,0.006263344251003462,512,49251,1.0,0.0003702647702390795,1.0,1.0,0.009309148255902058,4656,0.00483970641065709,1362.4729513315178,1445.677518341996
4949.98969072165,1.0,0.0003716177419084044,1.0,1.0,0.01190994254911888,4656,0.006140780100707745,512,49499,1.0,0.00037152102517917806,1.0,1.0,0.009263198605108098,4656,0.004817359789540268,1369.6381483935183,1453.024949282997
4950.109965635739,1.0,0.0003716197389712448,1.0,1.0,0.011907424918564734,4656,0.006139522309565462,512,49501,1.0,0.0003715225293771508,1.0,1.0,0.009264929188076164,4656,0.004818225849125394,1369.680407252541,1453.312229670999
4974.98969072165,1.0,0.0003724445899327596,1.0,1.0,0.011720732724953354,4656,0.006046588683046426,512,49749,1.0,0.0003723678726357283,1.0,1.0,0.009239682217234188,4656,0.004806025177752439,1376.8529948824507,1460.6669617769949
4975.109965635739,1.0,0.0003724394628579674,1.0,1.0,0.011703345578970369,4656,0.0060378926009246985,512,49751,1.0,0.00037236216628469554,1.0,1.0,0.009239703724064777,4656,0.004806033012383582,1376.8949444534373,1460.953595482999
4999.98969072165,1.0,0.00037303593816216457,1.0,1.0,0.011598008809630404,4656,0.005985522290685333,512,49999,1.0,0.0003729783753861267,1.0,1.0,0.00920840094179632,4656,0.004790689629787432,1384.05252808339,1468.2933062449956
5000.109965635739,1.0,0.0003730321744668115,1.0,1.0,0.011616276506705792,4656,0.0059946543981938836,512,50001,1.0,0.0003729748677244711,1.0,1.0,0.009223279674438267,4656,0.004798127306286003,1384.0948147883755,1468.5932331109943
5024.98969072165,1.0,0.00037342474453432863,1.0,1.0,0.011454930420184053,4656,0.00591417757915877,512,50249,1.0,0.00037338743402376206,1.0,1.0,0.009202015563794427,4656,0.004787701409297301,1391.256998634337,1475.938141681996
5025.109965635739,1.0,0.0003734052539691073,1.0,1.0,0.011472828711840705,4656,0.005923116995706591,512,50251,1.0,0.0003733686219478391,1.0,1.0,0.009210776012787704,4656,0.004792072416580829,1391.2991049773482,1476.2246256469953
5049.98969072165,1.0,0.0003735928466588361,1.0,1.0,0.011310461767760339,4656,0.005842027283206428,512,50499,1.0,0.0003735714326404624,1.0,1.0,0.009200837194305105,4656,0.004787204396683735,1398.4676179493617,1483.5756408050001
5050.109965635739,1.0,0.00037361291970071923,1.0,1.0,0.011369725682891112,4656,0.005871669379706236,512,50501,1.0,0.000373592683437354,1.0,1.0,0.009217736237647198,4656,0.004795664415736378,1398.5099779483571,1483.8626117050007
5074.98969072165,1.0,0.00037361719226304606,1.0,1.0,0.011275914321650345,4656,0.005824765849768911,512,50749,1.0,0.0003736084839169102,1.0,1.0,0.009177745515128592,4656,0.004775676991521698,1405.6872625763717,1491.2216068909984
5075.109965635739,1.0,0.00037360944084285463,1.0,1.0,0.011387584340531392,4656,0.005880596813877014,512,50751,1.0,0.00037360098532999503,1.0,1.0,0.00920484873027736,4656,0.004789224861004099,1405.730080381356,1491.508468230997
5099.98969072165,1.0,0.0003736757023637647,0.9997852233676976,0.9997852233676976,0.011260251716240165,4656,0.005816963581285116,512,50999,1.0,0.0003736919349001855,1.0,1.0,0.009184787568357802,4656,0.004779239700422254,1412.9430620083876,1498.9029520289987
5100.109965635739,1.0,0.0003736658258638841,0.9997852233676976,0.9997852233676976,0.011305946459884905,4656,0.005839806088467234,512,51001,1.0,0.0003736807974343447,1.0,1.0,0.00921691539361305,4656,0.004795298133928751,1412.9858012433906,1499.189727721001
5124.98969072165,1.0,0.0003735268251695174,1.0,1.0,0.011088755224988223,4656,0.005731141034680134,512,51249,1.0,0.0003735521917080961,1.0,1.0,0.009166338189770676,4656,0.004769945267549495,1420.153717816349,1506.5382936489987
5125.109965635739,1.0,0.0003735348902309883,0.9997852233676976,0.9997852233676976,0.0111674535315471,4656,0.005770494182085253,512,51251,1.0,0.0003735593094448863,1.0,1.0,0.009183709768904853,4656,0.004778634590381609,1420.1957883133364,1506.8241538399961
5149.98969072165,1.0,0.00037345331789496837,1.0,1.0,0.011021700921337219,4656,0.005697577065208933,512,51499,1.0,0.00037349163333779756,1.0,1.0,0.009151701460179594,4656,0.004762596485950693,1427.3643607692647,1514.1735868909964
5150.109965635739,1.0,0.0003734557758184643,1.0,1.0,0.011080805583508154,4656,0.005727130676462888,512,51501,1.0,0.00037349695883870534,1.0,1.0,0.00920147604958708,4656,0.004787486443404889,1427.4063858302688,1514.4599445559943
5174.98969072165,1.0,0.00037329317521803156,1.0,1.0,0.010952490916366839,4656,0.005662892077796648,512,51749,1.0,0.00037333928048610687,1.0,1.0,0.009137647053630082,4656,0.004755493087047564,1434.5239616583349,1521.7583678859955
5175.109965635739,1.0,0.00037330931814265827,1.0,1.0,0.011038428319688515,4656,0.005705868921329065,512,51751,1.0,0.00037335602508992263,1.0,1.0,0.009192139627187932,4656,0.004782747874145245,1434.5658978243227,1522.0439948909989
5199.98969072165,1.0,0.00037306434510090097,1.0,1.0,0.01092136561665748,4656,0.00564721503208593,512,51999,1.0,0.0003731214694192319,1.0,1.0,0.009149146551119093,4656,0.004761133970263898,1441.6767011442862,1529.335995372996
5200.109965635739,1.0,0.0003730784013508931,1.0,1.0,0.010933779052033047,4656,0.0056534288163037644,512,52001,1.0,0.00037313376543755383,1.0,1.0,0.009169883129932626,4656,0.004771508455686143,1441.7186799612537,1529.6219170900004
5224.98969072165,1.0,0.0004378202150470203,0.7714776632302406,0.7714776632302406,0.6276900170185312,4656,0.3140639144530411,512,52249,1.0,0.0004348736416382069,0.8337628865979382,0.8337628865979382,0.5260568926834159,4656,0.2632458775313859,1448.8286871912132,1536.9127534559957
5225.109965635739,1.0,0.0004265694798984888,0.6969501718213058,0.6969501718213058,0.7817716041381416,4656,0.39109908428388773,512,52251,1.0,0.0004237838908773927,0.7463487972508591,0.7463487972508591,0.6921421391857449,4656,0.3462829557071437,1448.8707583762225,1537.1986327479972
5249.98969072165,1.0,0.00036060847213997463,0.9821735395189003,0.9821735395189003,0.10712740101765111,4656,0.053744005583405904,512,52499,1.0,0.0003584087394254724,0.9924828178694158,0.9924828178694158,0.07438519484398701,4656,0.03737180093719378,1456.0532605642074,1544.5617663429948
5250.109965635739,1.0,0.0003618129762689682,0.9548969072164949,0.9548969072164949,0.17064699520360155,4656,0.08550440568694544,512,52501,1.0,0.00035954339116094856,0.9652061855670103,0.9652061855670103,0.1320229264878735,4656,0.06619123412981066,1456.0956653592002,1544.8483437190007
5274.98969072165,1.0,0.0003435743070140327,1.0,1.0,0.02412909330780973,4656,0.012236333692196719,512,52749,1.0,0.00034220551886304546,1.0,1.0,0.015344026981760137,4656,0.007843116304718751,1463.1366657792823,1552.0705024009949
5275.109965635739,1.0,0.000343669762777299,1.0,1.0,0.0240698925817955,4656,0.01220678136111125,512,52751,1.0,0.00034231030065374275,1.0,1.0,0.015291442166489014,4656,0.007816876025544,1463.172197630287,1552.350363302001
5299.98969072165,1.0,0.00034316441946730174,1.0,1.0,0.01703082839238275,4656,0.008686996305111758,512,52999,1.0,0.00034232842783952496,1.0,1.0,0.011381980479787715,4656,0.005862154553026678,1468.5850414423185,1557.9070728980005
5300.109965635739,1.0,0.0003432683243425851,1.0,1.0,0.017019100410422098,4656,0.00868118444259224,512,53001,1.0,0.0003424368997158873,1.0,1.0,0.011370524508027276,4656,0.005856480743876847,1468.619613963332,1558.1826187019979
5324.98969072165,1.0,0.00034722977692318947,1.0,1.0,0.014572853075269981,4656,0.007460041349286476,512,53249,1.0,0.00034661785638619126,1.0,1.0,0.010051916759858016,4656,0.005199267282518735,1475.5370818913507,1565.2772426890006
5325.109965635739,1.0,0.00034728028277044036,1.0,1.0,0.014556014660707455,4656,0.0074516475405480035,512,53251,1.0,0.000346672986842103,1.0,1.0,0.01003852251059411,4656,0.005192597758319369,1475.5792364273511,1565.5638276440004
5349.98969072165,1.0,0.00035157119951297327,0.9997852233676976,0.9997852233676976,0.013315257440317948,4656,0.006833414390324727,512,53499,1.0,0.0003510918084186377,1.0,1.0,0.009382431449759048,4656,0.004866761645090948,1482.737648049435,1572.9040028819945
5350.109965635739,1.0,0.0003516390164385956,0.9997852233676976,0.9997852233676976,0.013330188915901577,4656,0.00684091402697809,512,53501,1.0,0.0003511638723032171,1.0,1.0,0.009380089867975294,4656,0.0048656268013302,1482.780228812444,1573.1906829910004
5374.98969072165,1.0,0.00035563057858202464,0.9997852233676976,0.9997852233676976,0.012601191030744835,4656,0.006478410867071643,512,53749,1.0,0.00035523977194659896,1.0,1.0,0.009029675083062084,4656,0.0046924573858988655,1489.9825423894363,1580.5746057409997
5375.109965635739,1.0,0.00035561238738781805,1.0,1.0,0.01252057769454222,4656,0.006438095186584184,512,53751,1.0,0.0003552268934516153,1.0,1.0,0.0090271937068795,4656,0.004691210296965137,1490.024576172429,1580.8607788320005
5399.98969072165,1.0,0.00035879481263791573,0.9997852233676976,0.9997852233676976,0.01210562941135,4656,0.006232212140797749,512,53999,1.0,0.0003584788478526872,1.0,1.0,0.008838813739134274,4656,0.0045986462294850565,1497.2262875862943,1588.2439854939948
5400.109965635739,1.0,0.00035881854696167295,0.9997852233676976,0.9997852233676976,0.012106781767815659,4656,0.006232800147787402,512,54001,1.0,0.0003585052385260559,1.0,1.0,0.008840027543687328,4656,0.0045992662918936346,1497.2684356692916,1588.5303863119989
5424.98969072165,1.0,0.0003613016833759255,0.9997852233676976,0.9997852233676976,0.011726390455186982,4656,0.006043846152492405,512,54249,1.0,0.00036105393556897175,1.0,1.0,0.008739123024891332,4656,0.004550088465828257,1504.4372625642209,1595.881069078001
5425.109965635739,1.0,0.0003613052870502177,0.9997852233676976,0.9997852233676976,0.011759853444967893,4656,0.0060605793372052645,512,54251,1.0,0.00036105833934856854,1.0,1.0,0.008742544454397615,4656,0.004551801484884675,1504.4793670772342,1596.1672096019975
5449.98969072165,1.0,0.00036322566139738993,0.9997852233676976,0.9997852233676976,0.011544137271409183,4656,0.005953681530411711,512,54499,1.0,0.0003630372942057262,1.0,1.0,0.008692535645363667,4656,0.004527786445781537,1511.687162032249,1603.5572616249992
5450.109965635739,1.0,0.0003632341297119344,0.9997852233676976,0.9997852233676976,0.011517350821150947,4656,0.00594029260664871,512,54501,1.0,0.00036304292374664975,1.0,1.0,0.008697703941581175,4656,0.004530373461467703,1511.7293643432422,1603.844222695996
5474.98969072165,1.0,0.00036469370101120874,0.9997852233676976,0.9997852233676976,0.011265920814369963,4656,0.005815307248089322,512,54749,1.0,0.0003645503093389301,1.0,1.0,0.008679187379751829,4656,0.004521868841344958,1518.900142763283,1611.1975633589973
5475.109965635739,1.0,0.0003646998458199485,0.9997852233676976,0.9997852233676976,0.011286417950469604,4656,0.005825558837336773,512,54751,1.0,0.00036455612130386315,1.0,1.0,0.008689598324372596,4656,0.004527077181232754,1518.9353054652747,1611.4766998720006
5499.98969072165,1.0,0.00036571053243994304,0.9997852233676976,0.9997852233676976,0.011233311953003873,4656,0.005799511197916011,512,54999,1.0,0.00036560552661976046,1.0,1.0,0.008686108482662346,4656,0.004525857027044001,1524.3373664563842,1617.0226993179967
5500.109965635739,1.0,0.00036571496182290957,0.9997852233676976,0.9997852233676976,0.011229044178507173,4656,0.005797379512557459,512,55001,1.0,0.00036560884865698536,1.0,1.0,0.008696350035388855,4656,0.004530979390816181,1524.3791116044013,1617.3190297269975
5524.98969072165,1.0,0.00036647537550360884,0.9997852233676976,0.9997852233676976,0.011035517114134589,4656,0.005700996241618677,512,55249,1.0,0.0003663961042704451,1.0,1.0,0.008700051873000627,4656,0.004533224038242065,1531.5735649074559,1624.6951431659982
5525.109965635739,1.0,0.0003665223448854132,1.0,1.0,0.011053504607931445,4656,0.005710013441203796,512,55251,1.0,0.00036644398897271794,1.0,1.0,0.008719274166113733,4656,0.004542858944725744,1531.615630006454,1624.981602492997
5549.98969072165,1.0,0.00036720244399563145,1.0,1.0,0.010898270660249638,4656,0.005632736480113157,512,55499,1.0,0.0003671488177376924,1.0,1.0,0.008718492034374643,4656,0.004542820437257642,1538.8414950344013,1632.3890490749982
5550.109965635739,1.0,0.0003672123140946696,1.0,1.0,0.010884311088581676,4656,0.005625761661332907,512,55501,1.0,0.0003671584702080877,1.0,1.0,0.008724384905956046,4656,0.004545771737688596,1538.8835005043948,1632.6750429449967
5574.98969072165,1.0,0.00036767448692284906,1.0,1.0,0.010867417165913532,4656,0.005617545847220929,512,55749,1.0,0.0003676457887457818,1.0,1.0,0.008750781365686265,4656,0.004559213506806757,1546.049603370382,1640.0223882179998
5575.109965635739,1.0,0.00036768603724302707,1.0,1.0,0.010878911952382511,4656,0.005623299026816981,512,55751,1.0,0.00036765553722881367,1.0,1.0,0.008773714201556858,4656,0.004570684789382305,1546.091574855389,1640.3081030219982
5599.98969072165,1.0,0.00036792570718682506,1.0,1.0,0.010703329675386042,4656,0.005535627814502651,512,55999,1.0,0.0003679162563429665,1.0,1.0,0.008743371750480941,4656,0.004555643987409847,1553.1786472003732,1647.575354651999
5600.109965635739,1.0,0.0003679434503220611,1.0,1.0,0.010793115265180975,4656,0.0055805293657525705,512,56001,1.0,0.00036793481878603446,1.0,1.0,0.008775691498595825,4656,0.004571813078680399,1553.2206184573806,1647.861042354998
5624.98969072165,1.0,0.0003680892231077263,1.0,1.0,0.010653838976142332,4656,0.005510964037216816,512,56249,1.0,0.0003680948078427528,1.0,1.0,0.008781018945359691,4656,0.0045745568381961674,1560.36815898044,1655.1895338589966
5625.109965635739,1.0,0.0003680838720034488,1.0,1.0,0.010725561900646826,4656,0.00554682273430513,512,56251,1.0,0.000368088720641595,1.0,1.0,0.008808738177584619,4656,0.004588413330697522,1560.4107639404247,1655.4765927699991
5649.98969072165,1.0,0.0003681260567555313,1.0,1.0,0.010555402110122732,4656,0.0054617640386332355,512,56499,1.0,0.00036814837329268864,1.0,1.0,0.008782360664348012,4656,0.004575254530021825,1567.6018581475219,1662.8495617759982
5650.109965635739,1.0,0.0003681168907491612,1.0,1.0,0.010620841558036935,4656,0.0054944791539837815,512,56501,1.0,0.000368137808702246,1.0,1.0,0.008800033851177832,4656,0.004584085849142566,1567.6441973205438,1663.1363028689957
5674.98969072165,1.0,0.00036812758655687376,1.0,1.0,0.010451588843696305,4656,0.005409858275934593,512,56749,1.0,0.000368159094703771,1.0,1.0,0.008807952256546807,4656,0.0045880557028288695,1574.8856487904777,1670.5599095239959
5675.109965635739,1.0,0.0003681194574869785,1.0,1.0,0.010502364320034013,4656,0.0054352419687710265,512,56751,1.0,0.00036815213378762053,1.0,1.0,0.008838910417458446,4656,0.004603531250019663,1574.928182205469,1670.8468940729945
5699.98969072165,1.0,0.000368103932243647,1.0,1.0,0.010463975753980814,4656,0.005416039953526762,512,56999,1.0,0.0003681559294871858,1.0,1.0,0.00880502978551019,4656,0.004586592777488158,1582.1857852444955,1678.2869747759978
5700.109965635739,1.0,0.0003681212049169639,1.0,1.0,0.010472648024968676,4656,0.00542038458933945,512,57001,1.0,0.0003681724244581465,1.0,1.0,0.008847422001697762,4656,0.004607797283487222,1582.228348562494,1678.573733788995
5724.98969072165,1.0,0.0003681268504599935,1.0,1.0,0.010431126016112128,4656,0.005399626401281848,512,57249,1.0,0.0003681894667011356,1.0,1.0,0.008825701741418479,4656,0.004596945448839378,1589.4070773494605,1685.9340344199954
5725.109965635739,1.0,0.00036812316357474965,1.0,1.0,0.010368882688050418,4656,0.005368502791394892,512,57251,1.0,0.00036818713359406725,1.0,1.0,0.008834216193235208,4656,0.004601201753026431,1589.4425326344644,1686.2137184919993
5749.98969072165,1.0,0.00036807251370854396,1.0,1.0,0.010343023182190571,4656,0.005355547844749136,512,57499,1.0,0.0003681510488448274,1.0,1.0,0.008810539221026233,4656,0.004589345037322683,1595.7859532954099,1692.723212195997
5750.109965635739,1.0,0.0003680828766724498,1.0,1.0,0.01038016701482006,4656,0.0053741250353580485,512,57501,1.0,0.0003681621095005589,1.0,1.0,0.008838318057895936,4656,0.00460324003729214,1595.8282186294164,1693.009812434997
5774.98969072165,1.0,0.0004684180277319708,0.8573883161512027,0.8573883161512027,0.4123848623426509,4656,0.2064266450626334,512,57749,1.0,0.00046675535130132105,0.895618556701031,0.895618556701031,0.3404078041155314,4656,0.17043727697785369,1603.0234410793564,1700.386864756998
5775.109965635739,1.0,0.0004681379332677605,0.7920962199312714,0.7920962199312714,0.5314644620180949,4656,0.26596630070217697,512,57751,1.0,0.00046101216982115585,0.8303264604810997,0.8303264604810997,0.45161487146751167,4656,0.22603794307643196,1603.0665261143513,1700.6749534650007
5799.98969072165,1.0,0.00035675920712476743,0.9972079037800687,0.9972079037800687,0.040645758310953774,4656,0.02050125865182516,512,57999,1.0,0.00035005297409402544,1.0,1.0,0.024780331198702155,4656,0.012565192283223994,1610.2551394363836,1708.046202341
5800.109965635739,1.0,0.0003551897973692704,0.9980670103092784,0.9980670103092784,0.04088933197493406,4656,0.020622260996566194,512,58001,1.0,0.0003487525053347919,1.0,1.0,0.02514020069358275,4656,0.012744476602659193,1610.2972682323816,1708.3329145829994
5824.98969072165,1.0,0.0003441234480884067,1.0,1.0,0.01980191161952068,4656,0.010073017418589379,512,58249,1.0,0.00034163901230313933,1.0,1.0,0.013314444174881243,4656,0.006828041523182925,1617.439448195466,1715.6566003539992
5825.109965635739,1.0,0.00034409633091942143,1.0,1.0,0.019725958915920192,4656,0.010035027548209908,512,58251,1.0,0.0003416012729361295,1.0,1.0,0.013293660485867373,4656,0.006817630783389115,1617.4815293594656,1715.942953781996
5849.98969072165,1.0,0.00034508804864285327,1.0,1.0,0.01567563650124671,4656,0.008010362226938465,512,58499,1.0,0.0003432556666766655,1.0,1.0,0.010898444251096536,4656,0.005620849859673542,1624.588463036409,1723.2316302239997
5850.109965635739,1.0,0.00034504295150746185,1.0,1.0,0.01566937125425568,4656,0.008007206970064091,512,58501,1.0,0.00034322889835359307,1.0,1.0,0.010898919859292991,4656,0.005621074298812761,1624.6235899034,1723.510989167
5874.98969072165,1.0,0.00034801556354330986,1.0,1.0,0.013783969010684089,4656,0.007065992175098956,512,58749,1.0,0.0003465996075844027,1.0,1.0,0.009815033563633556,4656,0.005080816569606873,1631.6800503403792,1730.7471292310001
5875.109965635739,1.0,0.00034799811484682603,1.0,1.0,0.013792061006899961,4656,0.007070029570474657,512,58751,1.0,0.00034658838050676785,1.0,1.0,0.009819656508075413,4656,0.005083122511499936,1631.7223430743834,1731.034464917997
5899.98969072165,1.0,0.0003514297120913198,1.0,1.0,0.012746233915545276,4656,0.006548831757810927,512,58999,1.0,0.00035024675639839105,1.0,1.0,0.009270187096087793,4656,0.004810216910240986,1638.9162201924628,1738.4098911830006
5900.109965635739,1.0,0.00035144068633567835,1.0,1.0,0.012741360365320318,4656,0.006546400461819573,512,59001,1.0,0.0003502586811678516,1.0,1.0,0.009268881733884517,4656,0.004809570220327869,1638.9582828294588,1738.696080720998
5924.98969072165,1.0,0.0003543208990105239,1.0,1.0,0.011981517793386662,4656,0.0061679193141943815,512,59249,1.0,0.0003533253055769963,1.0,1.0,0.008932485101149254,4656,0.0046429050849475404,1646.1374498844816,1746.0569853759953
5925.109965635739,1.0,0.00035434767373443876,1.0,1.0,0.012084178191280038,4656,0.006219262929306817,512,59251,1.0,0.0003533536037014112,1.0,1.0,0.008940768610570849,4656,0.004647061177545397,1646.180331263473,1746.3442320609975
5949.98969072165,1.0,0.0003568381039086486,1.0,1.0,0.01157630995376823,4656,0.005966574056042019,512,59499,1.0,0.00035597493430388345,1.0,1.0,0.008765414613219061,4656,0.004560694815366948,1653.4035663034665,1753.7492170599944
5950.109965635739,1.0,0.00035684296854890087,1.0,1.0,0.011556235273269443,4656,0.005956538968889164,512,59501,1.0,0.0003559813863530601,1.0,1.0,0.008763541470688233,4656,0.004559761418919383,1653.4456690674633,1754.0357054159977
5974.98969072165,1.0,0.00035883715741105916,1.0,1.0,0.011286715461626086,4656,0.005822776365525944,512,59749,1.0,0.0003580868634622531,1.0,1.0,0.00867125402201492,4656,0.00451467055635354,1660.6726022244984,1761.4445025929963
5975.109965635739,1.0,0.0003588508808172446,1.0,1.0,0.011313306097312481,4656,0.0058360785450722345,512,59751,1.0,0.00035810145098216756,1.0,1.0,0.00867172194920045,4656,0.004514911688889835,1660.7147010245026,1761.730832948997
5999.98969072165,1.0,0.00036039249491445795,1.0,1.0,0.011023321819469281,4656,0.005691857272407033,512,59999,1.0,0.00035972983489945994,1.0,1.0,0.008623541630420489,4656,0.004491635819071347,1667.9155008654852,1769.1129662629974
6000.109965635739,1.0,0.00036039901417248026,1.0,1.0,0.011012632207772167,4656,0.005686515692583064,512,60001,1.0,0.0003597409723653007,1.0,1.0,0.008631149210880712,4656,0.004495444934802367,1667.958081658493,1769.412248859997
6024.98969072165,1.0,0.00036151888956319016,1.0,1.0,0.010902217880557083,4656,0.0056318683722584514,512,60249,1.0,0.0003609397477403129,1.0,1.0,0.008615570891763746,4656,0.004488255303749924,1675.1505344055477,1776.7869699859948
6025.109965635739,1.0,0.0003614970562896368,1.0,1.0,0.01090398707340673,4656,0.005632741959234283,512,60251,1.0,0.0003609201355590853,1.0,1.0,0.008620456321952269,4656,0.00449068834077042,1675.193448695536,1777.0743863009993
6049.98969072165,1.0,0.00036236043072136,1.0,1.0,0.01074784707367625,4656,0.005555103734596488,512,60499,1.0,0.00036184306022842314,1.0,1.0,0.008608308649554695,4656,0.004485075928501247,1682.403939982476,1784.4667278569977
6050.109965635739,1.0,0.0003623602803015627,1.0,1.0,0.010787876406076438,4656,0.005575118349589843,512,60501,1.0,0.00036184206489742415,1.0,1.0,0.008626779534972411,4656,0.00449431085914271,1682.4475379514697,1784.7549892960014
6074.98969072165,1.0,0.0003630255102547993,1.0,1.0,0.010649652210707516,4656,0.005506338890885159,512,60749,1.0,0.00036256684188785423,1.0,1.0,0.008634778232508918,4656,0.00449867249559291,1689.690397220489,1792.1796905899973
6075.109965635739,1.0,0.0003630279169715557,1.0,1.0,0.010663079334698183,4656,0.00551305368184224,512,60751,1.0,0.0003625685893178396,1.0,1.0,0.008640722822897212,4656,0.004501645712508369,1689.7341540125053,1792.4684241249997
6099.98969072165,1.0,0.00036344743458573353,1.0,1.0,0.01059600147594701,4656,0.005479724495271637,512,60999,1.0,0.00036303983854059504,1.0,1.0,0.008657008921567518,4656,0.0045100242104317316,1696.9700289485045,1799.8863139960013
6100.109965635739,1.0,0.00036348285044693866,1.0,1.0,0.010653014240395981,4656,0.00550824854382125,512,61001,1.0,0.00036307504957484215,1.0,1.0,0.008661745442557581,4656,0.004512410290872108,1697.012494551498,1800.1737616709943
6124.98969072165,1.0,0.00036372118901550974,1.0,1.0,0.01051560771424336,4656,0.005439664387621011,512,61249,1.0,0.00036334491549283777,1.0,1.0,0.008660865915599968,4656,0.004512105405945139,1704.2566585904933,1807.5995696030004
6125.109965635739,1.0,0.00036371486498318177,1.0,1.0,0.010541635075795282,4656,0.005452674944785862,512,61251,1.0,0.0003633394363717115,1.0,1.0,0.008675966578250899,4656,0.004519652972106671,1704.2996665145038,1807.8873742159994
6149.98969072165,1.0,0.00039800961223459733,0.8406357388316151,0.8406357388316151,0.4230479473100905,4656,0.21172297861158235,512,61499,1.0,0.0003942196958304681,0.8782216494845361,0.8782216494845361,0.3447527737961602,4656,0.17257349433767835,1711.5366360414846,1815.3071216690005
6150.109965635739,1.0,0.00041426592138419857,0.8140034364261168,0.8140034364261168,0.5145875727597791,4656,0.25750091723150403,512,61501,1.0,0.00040855871903937297,0.8361254295532646,0.8361254295532646,0.4409190961175768,4656,0.22066382771914766,1711.5787543184852,1815.593805065997
6174.98969072165,1.0,0.00034171908684202894,0.9997852233676976,0.9997852233676976,0.02518133609155609,4656,0.012761527525190636,512,61749,1.0,0.0003401662168633897,1.0,1.0,0.016757400379967445,4656,0.008548783272812046,1718.7716132244605,1822.9680492539992
6175.109965635739,1.0,0.0003414658151080518,0.9997852233676976,0.9997852233676976,0.025051402676965772,4656,0.012696434234835437,512,61751,1.0,0.0003399334342260541,1.0,1.0,0.016749887941629207,4656,0.008544911019171226,1718.8137105054702,1823.2545414289998
6199.98969072165,1.0,0.00033781096928103274,1.0,1.0,0.017447268635136976,4656,0.008892539645388364,512,61999,1.0,0.00033674256626478176,1.0,1.0,0.011974326933372472,4656,0.00615553470821315,1726.006316470477,1830.6282884069951
6200.109965635739,1.0,0.0003379330685509439,1.0,1.0,0.017534745108220996,4656,0.008936339125190814,512,62001,1.0,0.00033685501306429764,1.0,1.0,0.01196179664421737,4656,0.006149325891049048,1726.0483338464837,1830.9148959199956
6224.98969072165,1.0,0.0003395109050155096,1.0,1.0,0.014494974588610461,4656,0.00741724275641425,512,62249,1.0,0.0003386965482351706,1.0,1.0,0.01032201305697464,4656,0.005330354794603852,1733.2449794624627,1838.293146570999
6225.109965635739,1.0,0.00033959976151022304,1.0,1.0,0.014463862192999456,4656,0.007401731006058631,512,62251,1.0,0.0003387825307516298,1.0,1.0,0.010306274768003483,4656,0.005322528766192931,1733.287737993458,1838.580651903998
6249.98969072165,1.0,0.00034306148431964757,1.0,1.0,0.012963867883911658,4656,0.006653464690516495,512,62499,1.0,0.0003423975057311074,1.0,1.0,0.009527656630552103,4656,0.004935027141751293,1740.4900224684388,1845.964669866
6250.109965635739,1.0,0.00034304653835255666,1.0,1.0,0.012927211437028708,4656,0.006635128939684314,512,62501,1.0,0.0003423857025776532,1.0,1.0,0.009521262547404496,4656,0.0049318241089889685,1740.5323692204474,1846.251758833001
6274.98969072165,1.0,0.0003467048118307009,1.0,1.0,0.012107002161622457,4656,0.006226853560336267,512,62749,1.0,0.00034614223218763,1.0,1.0,0.009118219626318548,4656,0.004732181014064252,1747.6943717313843,1853.595471941997
6275.109965635739,1.0,0.0003467113150866171,1.0,1.0,0.012086009446697956,4656,0.006216360480105344,512,62751,1.0,0.0003461479289373991,1.0,1.0,0.009112083829964968,4656,0.004729115829844655,1747.7372736043762,1853.8828295689964
6299.98969072165,1.0,0.0003499461024282724,1.0,1.0,0.01157384967476232,4656,0.005961897907797823,512,62999,1.0,0.0003494733426067018,1.0,1.0,0.008890012183140233,4656,0.004619742791677259,1754.9310963473254,1861.258532298998
6300.109965635739,1.0,0.00034995991544625195,1.0,1.0,0.011608822444050582,4656,0.005979391256558527,512,63001,1.0,0.0003494881637573652,1.0,1.0,0.008890130982775869,4656,0.004619809462852085,1754.973001649334,1861.5447640739949
6324.98969072165,1.0,0.00035255017635953383,1.0,1.0,0.011206874323055097,4656,0.005779712163295942,512,63249,1.0,0.0003521478674102485,1.0,1.0,0.008756855304298532,4656,0.004554501667465132,1762.1210388493782,1868.8740017319942
6325.109965635739,1.0,0.00035256355091980643,1.0,1.0,0.011199938779844041,4656,0.005776251253393507,512,63251,1.0,0.00035216304700808835,1.0,1.0,0.00876509661936678,4656,0.004558629801183222,1762.1630596113755,1869.160570783999
6349.98969072165,1.0,0.00035470794515101773,1.0,1.0,0.010947873195012411,4656,0.005651290525275817,512,63499,1.0,0.0003543613843389393,1.0,1.0,0.008696872344131731,4656,0.004525616918642496,1769.3693313214535,1876.5490253359967
6350.109965635739,1.0,0.00035474485560893195,1.0,1.0,0.010986181468898078,4656,0.00567046314785161,512,63501,1.0,0.00035439804196357727,1.0,1.0,0.008697058224596108,4656,0.004525728190887425,1769.412233762465,1876.83690545
6374.98969072165,1.0,0.00035653846447205624,1.0,1.0,0.010794240789315136,4656,0.005575389540482223,512,63749,1.0,0.00035622870530357064,1.0,1.0,0.008672321580119968,4656,0.004514275137911138,1776.6196843593862,1884.2264039199945
6375.109965635739,1.0,0.00035651509499631795,1.0,1.0,0.010795318383941125,4656,0.005575916662658613,512,63751,1.0,0.00035620778735048585,1.0,1.0,0.008674985969189516,4656,0.004515596835064315,1776.6618908793607,1884.513982755001
6399.98969072165,1.0,0.0003579293099260822,1.0,1.0,0.010581594254962358,4656,0.005469761814448432,512,63999,1.0,0.00035765775418568314,1.0,1.0,0.008670298811496328,4656,0.004513978292442269,1783.9015341123668,1891.936135885997
6400.109965635739,1.0,0.0003579129237694429,1.0,1.0,0.010598471689060382,4656,0.005478192236005645,512,64001,1.0,0.0003576382124137223,1.0,1.0,0.008674322637086063,4656,0.0045159804247498925,1783.9461339793706,1892.2260347779957
6424.98969072165,1.0,0.0003588634232680003,1.0,1.0,0.010547622884671712,4656,0.005453243134767329,512,64249,1.0,0.0003586218778773681,1.0,1.0,0.008679104424833842,4656,0.004518863159356658,1791.2089893873563,1899.67141748
6425.109965635739,1.0,0.00035887371582263934,1.0,1.0,0.010488339203739493,4656,0.00542360641497517,512,64251,1.0,0.0003586322152379043,1.0,1.0,0.00867588372574639,4656,0.004517257879280143,1791.2517526173397,1899.959035259999
6449.98969072165,1.0,0.0003596853650466273,1.0,1.0,0.010461081958718317,4656,0.0054103836058751005,512,64499,1.0,0.0003594773248657328,1.0,1.0,0.008712935898312178,4656,0.004536206574784112,1798.467413891296,1907.357044436998
6450.109965635739,1.0,0.0003596595632507629,1.0,1.0,0.010524135684639318,4656,0.005441897615943987,512,64501,1.0,0.0003594518591140963,1.0,1.0,0.008762680685397276,4656,0.004561066217848526,1798.5095980692931,1907.6434605839968
6474.98969072165,1.0,0.0003603072516953003,1.0,1.0,0.010344283584876568,4656,0.0053522953974831965,512,64749,1.0,0.0003601268151474163,1.0,1.0,0.008694624163440823,4656,0.004527375562903807,1805.7101676813327,1915.0265650849979
6475.109965635739,1.0,0.0003603111178041324,1.0,1.0,0.010364020915375543,4656,0.005362166008588784,512,64751,1.0,0.0003601319806272631,1.0,1.0,0.008694606548322435,4656,0.004527369315681588,1805.752488939339,1915.3134253969984
6499.98969072165,1.0,0.0003607196419714243,1.0,1.0,0.010284210296021295,4656,0.005322464911388778,512,64999,1.0,0.0003605629493485611,1.0,1.0,0.008706597937751063,4656,0.004533580385942229,1812.8978623743387,1922.6402654269987
6500.109965635739,1.0,0.0003607229128019097,1.0,1.0,0.01031561139522959,4656,0.005338167150815328,512,65001,1.0,0.0003605653752678448,1.0,1.0,0.008711881756372877,4656,0.004536223575421625,1812.9397568113345,1922.9398485159982
6524.98969072165,1.0,0.00044038118250488826,0.8896048109965635,0.8896048109965635,0.3392053584462589,4656,0.16982287148020112,512,65249,1.0,0.0004426752604364939,0.9269759450171822,0.9269759450171822,0.27029898731978896,4656,0.1353708296706996,1820.054837012336,1930.236505711
6525.109965635739,1.0,0.00044175149085595435,0.8548109965635738,0.8548109965635738,0.41430277676926447,4656,0.20737226230582012,512,65251,1.0,0.0004445111564651797,0.8900343642611683,0.8900343642611683,0.3455392634336072,4656,0.1729918853523805,1820.0968705473351,1930.5231000019994
6549.98969072165,1.0,0.00034446286556032515,0.9969931271477663,0.9969931271477663,0.036758956220961106,4656,0.018551709725684727,512,65499,1.0,0.00034423593009255595,0.9997852233676976,0.9997852233676976,0.02133576955991922,4656,0.010840002818615576,1827.205265514378,1937.8128900939992
6550.109965635739,1.0,0.0003490949760085529,0.9924828178694158,0.9924828178694158,0.049306126394632346,4656,0.024827610586107392,512,65501,1.0,0.0003488646160900798,0.9972079037800687,0.9972079037800687,0.027493705044906985,4656,0.01392128479849432,1827.2471172523874,1938.0990215639977
6574.98969072165,1.0,0.0003426075141710514,0.9993556701030928,0.9993556701030928,0.01815911400359111,4656,0.009250860750880028,512,65749,1.0,0.0003422986447196646,1.0,1.0,0.011113339887861534,4656,0.005727819253488914,1834.3270349414088,1945.3597064189962
6575.109965635739,1.0,0.0003426146159057355,0.998926116838488,0.998926116838488,0.018234546037064384,4656,0.00928858035208843,512,65751,1.0,0.00034230181953751347,1.0,1.0,0.011095917306814817,4656,0.00571910960158122,1834.36917512941,1945.646255392996
6599.98969072165,1.0,0.0003431019056396386,0.9991408934707904,0.9991408934707904,0.015018921127843693,4656,0.007681011539144614,512,65999,1.0,0.000342791413574694,1.0,1.0,0.009659577481115806,4656,0.0050011845081532535,1841.4668686974328,1952.9251593809968
6600.109965635739,1.0,0.00034310248171545796,0.9991408934707904,0.9991408934707904,0.014978111199906602,4656,0.007660606882416506,512,66001,1.0,0.00034279356425775286,1.0,1.0,0.009652951738678712,4656,0.004997872712276236,1841.5088358654248,1953.2114081309992
6624.98969072165,1.0,0.00034574720419661695,0.9995704467353952,0.9995704467353952,0.013316966618868904,4656,0.006831356852324968,512,66249,1.0,0.0003454664664477417,1.0,1.0,0.009052914544888787,4656,0.004699190457661946,1848.6455856154644,1960.529617975997
6625.109965635739,1.0,0.00034581255679790095,0.9995704467353952,0.9995704467353952,0.013328876896822165,4656,0.0068373447636148775,512,66251,1.0,0.00034553306081245856,1.0,1.0,0.009048505951858469,4656,0.00469701944552746,1848.6876782304753,1960.816039049998
6649.98969072165,1.0,0.0003485149764727891,0.9997852233676976,0.9997852233676976,0.012437502031064116,4656,0.006393008522970979,512,66499,1.0,0.0003482842645079819,1.0,1.0,0.008759086484351928,4656,0.004553685432037537,1855.8135015004882,1968.1237091949952
6650.109965635739,1.0,0.0003485395173026934,0.9997852233676976,0.9997852233676976,0.012443397462982493,4656,0.006395968477340908,512,66501,1.0,0.0003483110872382151,1.0,1.0,0.008762057192137152,4656,0.004555184099682418,1855.8554943304844,1968.409840536995
6674.98969072165,1.0,0.0003512170088967097,1.0,1.0,0.011876100731879165,4656,0.006113658911993413,512,66749,1.0,0.000351017837083012,1.0,1.0,0.008613053363623079,4656,0.004482035630757047,1862.9860168905143,1975.7217627499995
6675.109965635739,1.0,0.0003512269942109118,0.9995704467353952,0.9995704467353952,0.011931504682986597,4656,0.006141365752187381,512,66751,1.0,0.0003510289009391647,1.0,1.0,0.008618047864166731,4656,0.004484538411356739,1863.0277580475304,1976.0071532779984
6699.98969072165,1.0,0.00035352904119135176,1.0,1.0,0.011531467699922646,4656,0.005942498388159316,512,66999,1.0,0.0003533741632073196,1.0,1.0,0.008550912449040363,4656,0.004452143338128054,1870.090838317621,1983.2506880859946
6700.109965635739,1.0,0.00035353974339990684,1.0,1.0,0.011500337484366296,4656,0.005926938605882048,512,67001,1.0,0.0003533844013547979,1.0,1.0,0.008550660921535952,4656,0.0044520227462565365,1870.1328823586373,1983.5367624239952
6724.98969072165,1.0,0.0003553271498467095,1.0,1.0,0.011182480046839239,4656,0.005768903649549714,512,67249,1.0,0.0003552043272816029,1.0,1.0,0.008523990608162897,4656,0.004439597533330885,1877.2791648676284,1990.8647379909962
6725.109965635739,1.0,0.0003553409244596344,1.0,1.0,0.011190802985450247,4656,0.0057730720317650495,512,67251,1.0,0.0003552180186835761,1.0,1.0,0.008526014503334806,4656,0.004440616188999713,1877.3214979406184,1991.1514991219956
6749.98969072165,1.0,0.00035684413670264566,1.0,1.0,0.010944761975934006,4656,0.005650803139529277,512,67499,1.0,0.0003567400654054589,1.0,1.0,0.008530186418815167,4656,0.004443463232509049,1884.422755774598,1998.4342529959977
6750.109965635739,1.0,0.0003568590314629971,1.0,1.0,0.010969571026739795,4656,0.0056632150899093995,512,67501,1.0,0.00035675332475056766,1.0,1.0,0.008533447468813342,4656,0.004445100363177532,1884.464756710593,1998.7205637129955
6774.98969072165,1.0,0.0003581083126852603,1.0,1.0,0.010777884742238676,4656,0.005567996516260495,512,67749,1.0,0.000358035666324019,1.0,1.0,0.00854507877244982,4656,0.004451557276994502,1891.5662509995964,2006.0030523210007
6775.109965635739,1.0,0.0003581118459502856,1.0,1.0,0.010796517850607121,4656,0.005577314811473859,512,67751,1.0,0.00035804007330403706,1.0,1.0,0.008547538846628773,4656,0.004452789464767037,1891.6081498275962,2006.2891108209951
6799.98969072165,1.0,0.0003591043637790221,1.0,1.0,0.010686233486096883,4656,0.0055226688225244736,512,67999,1.0,0.00035905033426800957,1.0,1.0,0.008567543681134883,4656,0.004463297036505237,1898.7108951375922,2013.5731152329972
6800.109965635739,1.0,0.0003591128576969363,1.0,1.0,0.010702465612863758,4656,0.005530789289687507,512,68001,1.0,0.0003590586041564384,1.0,1.0,0.008582938168057051,4656,0.004470998427712221,1898.7530055645984,2013.8590063800002
6824.98969072165,1.0,0.0003598186369870127,1.0,1.0,0.01050295514339434,4656,0.005431386818181199,512,68249,1.0,0.0003597837363936237,1.0,1.0,0.008581664144378347,4656,0.004470723908381774,1905.8636477546024,2021.1509346489984
6825.109965635739,1.0,0.00035985182215462846,1.0,1.0,0.010463573781075756,4656,0.005411712881625723,512,68251,1.0,0.00035982100849913566,1.0,1.0,0.008589590333171726,4656,0.00447470569323838,1905.905721751602,2021.4385179370001
6849.98969072165,1.0,0.0003605563372783235,1.0,1.0,0.0104320608463484,4656,0.00539630861421631,512,68499,1.0,0.00036054571508029894,1.0,1.0,0.008601718034940897,4656,0.004481131883011651,1913.0351075155486,2028.7490330329965
6850.109965635739,1.0,0.0003606012903947601,1.0,1.0,0.01044236958231713,4656,0.005401485257132356,512,68501,1.0,0.00036058971127079115,1.0,1.0,0.008607307250557077,4656,0.004483948458510986,1913.0770671585415,2029.0357398159977
6874.98969072165,1.0,0.0003610380966843608,1.0,1.0,0.0103563276148334,4656,0.005358682721341189,512,68749,1.0,0.00036104715387640947,1.0,1.0,0.008623586589937768,4656,0.004492316971120146,1920.2332101605643,2036.3734736459955
6875.109965635739,1.0,0.00036106066285437324,1.0,1.0,0.010350986649490305,4656,0.00535602365777255,512,68751,1.0,0.00036106961123210046,1.0,1.0,0.008634244453456393,4656,0.00449765706594867,1920.2750529835685,2036.6603693969955
6899.98969072165,1.0,0.0003614891256458571,1.0,1.0,0.010261319244850133,4656,0.005311404204450522,512,68999,1.0,0.0003615202881472627,1.0,1.0,0.008630957595261512,4656,0.004496238997711758,1927.3139239566226,2043.879204812998
6900.109965635739,1.0,0.0003614724802550991,1.0,1.0,0.010252641443534405,4656,0.00530705695709412,512,69001,1.0,0.00036150444286180936,1.0,1.0,0.008638737537606885,4656,0.004500121031839823,1927.3558106166238,2044.1649854040006
6924.98969072165,1.0,0.0003617652835919685,1.0,1.0,0.010159496486801462,4656,0.005260630827589133,512,69249,1.0,0.00036181500533602083,1.0,1.0,0.008659298067650026,4656,0.00451055655569555,1934.416367270671,2051.4054811799942
6925.109965635739,1.0,0.00036175833867792414,1.0,1.0,0.010178697477910937,4656,0.005270227892292324,512,69251,1.0,0.00036180945580562777,1.0,1.0,0.008665617388957964,4656,0.004513713399978848,1934.4582685286732,2051.6906882760013
6949.98969072165,1.0,0.0004164168796793292,0.9387886597938144,0.9387886597938144,0.21643637299947313,4656,0.10842639392184228,512,69499,1.0,0.0004135443032095113,0.9624140893470791,0.9624140893470791,0.16344771762074473,4656,0.08193063244377215,1941.5327258347024,2058.945110089997
6950.109965635739,1.0,0.0004188911445259638,0.9224656357388317,0.9224656357388317,0.23472550644497692,4656,0.1175721994380361,512,69501,1.0,0.00041593372809006177,0.9463058419243986,0.9463058419243986,0.181621682602925,4656,0.09101880702775778,1941.5745588837235,2059.2305103109975
6974.98969072165,1.0,0.00034596294139054224,0.9982817869415808,0.9982817869415808,0.020664591559839414,4656,0.010505277266617083,512,69749,1.0,0.000344959257292174,1.0,1.0,0.012536558088977722,4656,0.006440758653932421,1948.6689002907588,2066.5048298429974
6975.109965635739,1.0,0.00034572174484582294,0.9987113402061856,0.9987113402061856,0.020482431162673582,4656,0.010414076424955912,512,69751,1.0,0.0003447264746548384,1.0,1.0,0.012492360527982417,4656,0.00641854342930915,1948.7105624617543,2066.790195538997
6999.98969072165,1.0,0.0003397783802188549,0.9997852233676976,0.9997852233676976,0.015299765924407854,4656,0.007819772176316514,512,69999,1.0,0.00033926073128927206,1.0,1.0,0.009898333205390223,4656,0.005118796915532797,1955.8075630677486,2074.0681583199985
7000.109965635739,1.0,0.0003397516983071553,0.9997852233676976,0.9997852233676976,0.015282576231612372,4656,0.007811163913753024,512,70001,1.0,0.00033923726260047597,1.0,1.0,0.009887780110860608,4656,0.005113508693131385,1955.8439163957519,2074.3607716359984
7024.98969072165,1.0,0.0003403092500884918,0.9997852233676976,0.9997852233676976,0.013265363539207433,4656,0.00680283638824712,512,70249,1.0,0.000340007744806329,1.0,1.0,0.008970117446073551,4656,0.004655062742659317,1961.2463585576406,2079.9069312759966
7025.109965635739,1.0,0.0003403739242004775,0.9997852233676976,0.9997852233676976,0.013214745984454336,4656,0.006777560024736673,512,70251,1.0,0.00034007600339007953,1.0,1.0,0.00896458763027519,4656,0.004652331784828422,1961.2808143316506,2080.1824791389954
7049.98969072165,1.0,0.0003424579648883482,0.9997852233676976,0.9997852233676976,0.012073150410275279,4656,0.006207804192382446,512,70499,1.0,0.0003422855549968805,1.0,1.0,0.008557442844528513,4656,0.004449864177359748,1966.6846204146495,2085.7300584159966
7050.109965635739,1.0,0.0003424514584320108,1.0,1.0,0.011989215395294923,4656,0.00616583340766094,512,70501,1.0,0.0003422823097697648,1.0,1.0,0.008555699050221657,4656,0.0044489906415906555,1966.7192974786522,2086.0059981779996
7074.98969072165,1.0,0.0003453229339569295,1.0,1.0,0.011335591167928427,4656,0.00584045702853973,512,70749,1.0,0.00034524031188274985,1.0,1.0,0.00835822251244509,4656,0.004351731428166025,1973.6314675316098,2093.095038640997
7075.109965635739,1.0,0.0003453488317654305,1.0,1.0,0.011284034481572941,4656,0.00581469164066708,512,70751,1.0,0.0003452670802058223,1.0,1.0,0.008360602806523903,4656,0.004352934940164441,1973.6742257546211,2093.3821025590005
7099.98969072165,1.0,0.0003482975366547755,1.0,1.0,0.010937986914644536,4656,0.005643142201646497,512,70999,1.0,0.0003482687296633868,1.0,1.0,0.008280828441541219,4656,0.00431454857600104,1980.8009264476204,2100.6894550579964
7100.109965635739,1.0,0.0003483077011925658,1.0,1.0,0.01091833858145881,4656,0.005633323155727583,512,71001,1.0,0.00034828148014152174,1.0,1.0,0.008278274556615508,4656,0.004313277983173882,1980.8429066956305,2100.9749861739983
7124.98969072165,1.0,0.0003505677842499874,1.0,1.0,0.010658616360110515,4656,0.005504592126587412,512,71249,1.0,0.0003505795521988082,1.0,1.0,0.008256547844287046,4656,0.004303563603830501,1987.965403119546,2108.278259986997
7125.109965635739,1.0,0.00035058666673517717,1.0,1.0,0.010722480279063851,4656,0.005536533508104147,512,71251,1.0,0.00035059900755939614,1.0,1.0,0.008260429212727497,4656,0.0043055141197447105,1988.0073771975367,2108.563824623998
7149.98969072165,1.0,0.0003526816240598246,1.0,1.0,0.01051187822499226,4656,0.00543227986371804,512,71499,1.0,0.0003527297519941101,1.0,1.0,0.008285202726056077,4656,0.00431896623262425,1995.1526147365294,2115.8899873970004
7150.109965635739,1.0,0.00035268735921464834,1.0,1.0,0.01053183932894284,4656,0.005442263334477481,512,71501,1.0,0.00035273666490394227,1.0,1.0,0.008288087406518943,4656,0.00432041200370723,1995.1945657675315,2116.175746437999
7174.98969072165,1.0,0.0003543422426196308,1.0,1.0,0.010234005057934634,4656,0.005294173699883661,512,71749,1.0,0.00035441106127709457,1.0,1.0,0.008294924632790163,4656,0.004324667898240368,2002.297002170577,2123.458692177999
7175.109965635739,1.0,0.0003543351760895801,1.0,1.0,0.010235783058343474,4656,0.005295059013202838,512,71751,1.0,0.0003544064238667488,1.0,1.0,0.008298607831148757,4656,0.004326507141909648,2002.3387185705724,2123.743930163
7199.98969072165,1.0,0.00035575248582666273,1.0,1.0,0.010146722351152873,4656,0.005251237463295665,512,71999,1.0,0.0003558472855035792,1.0,1.0,0.008331479690328906,4656,0.004343663447910978,2009.4436816525267,2131.0291787109963
7200.109965635739,1.0,0.0003557594499432344,1.0,1.0,0.010173695398769838,4656,0.005264727366748954,512,72001,1.0,0.0003558548865039734,1.0,1.0,0.008336825673932471,4656,0.0043463404338384415,2009.4809293805301,2131.310788955998
7224.98969072165,1.0,0.0003569379858544602,1.0,1.0,0.010074375114080422,4656,0.005215656460355648,512,72249,1.0,0.0003570450911509622,1.0,1.0,0.00837310401025097,4656,0.004365074419483696,2016.573290215485,2138.58390528
7225.109965635739,1.0,0.00035693420935742224,1.0,1.0,0.010104035286559272,4656,0.005230484856772669,512,72251,1.0,0.00035704171150615537,1.0,1.0,0.008377049591942751,4656,0.004367045674127401,2016.6151767534902,2138.869589383001
7249.98969072165,1.0,0.0003576345831360604,1.0,1.0,0.009990034644136723,4656,0.005173834584832601,512,72499,1.0,0.0003577636753263342,1.0,1.0,0.008414013586503124,4656,0.004385888678921047,2023.7326055435697,2146.1676096469964
7250.109965635739,1.0,0.00035771911266128633,1.0,1.0,0.010011072113751546,4656,0.005184395718820316,512,72501,1.0,0.0003578488481362251,1.0,1.0,0.00842234994127988,4656,0.004390099460316687,2023.7745783865757,2146.4540242680014
7274.98969072165,1.0,0.000358466839872275,1.0,1.0,0.009976918959535683,4656,0.00516769284849724,512,72749,1.0,0.000358598671623112,1.0,1.0,0.00844905036421576,4656,0.004403824453911011,2030.8876094795123,2153.7477756320004
7275.109965635739,1.0,0.0003584603366163588,1.0,1.0,0.00996544209542553,4656,0.005161951139210835,512,72751,1.0,0.00035859218756972307,1.0,1.0,0.008453775517309654,4656,0.004406183958053589,2030.9296313475134,2154.034546046001
7299.98969072165,1.0,0.00035906798459103015,1.0,1.0,0.00993576164507784,4656,0.00514741477482917,512,72999,1.0,0.00035921285485791176,1.0,1.0,0.008482699541701484,4656,0.004420956180677381,2038.043345627484,2161.3299020179984
7300.109965635739,1.0,0.0003590805078392586,1.0,1.0,0.009932477859287327,4656,0.005145779231569611,512,73001,1.0,0.0003592254453149858,1.0,1.0,0.00848808628586969,4656,0.004423655799983703,2038.0861345124722,2161.618168422996
7324.98969072165,1.0,0.00035954298790787505,1.0,1.0,0.009932315636336599,4656,0.005145929318523079,512,73249,1.0,0.0003596955615886298,1.0,1.0,0.008513557747057624,4656,0.0044366265695119644,2045.3284681455116,2169.0430415759984
7325.109965635739,1.0,0.0003595472892739928,1.0,1.0,0.009939544901405414,4656,0.005149546152947285,512,73251,1.0,0.0003596991716637644,1.0,1.0,0.008518781039313352,4656,0.004439240110289191,2045.370810037508,2169.330724211999
7349.98969072165,1.0,0.00035985241103213267,1.0,1.0,0.009916976350279608,4656,0.005138414371054607,512,73499,1.0,0.000360010233403686,1.0,1.0,0.008531029179333821,4656,0.00444551964396054,2052.562148721481,2176.703908522999
7350.109965635739,1.0,0.000359819798739915,1.0,1.0,0.009918861987254874,4656,0.005139341008212558,512,73501,1.0,0.0003599772530630282,1.0,1.0,0.00853538472218202,4656,0.00444768108043474,2052.6046213194786,2176.9916471260003
7374.98969072165,1.0,0.00036017259077210606,1.0,1.0,0.009850880329551566,4656,0.005105526381751516,512,73749,1.0,0.0003603366955705115,1.0,1.0,0.008556650266614566,4656,0.0044584935370999106,2059.740820677427,2184.3090600159994
7375.109965635739,1.0,0.0003602166445701802,1.0,1.0,0.00995078590727344,4656,0.005155501291923916,512,73751,1.0,0.00036038263761710464,1.0,1.0,0.008601143392910253,4656,0.004480763040867048,2059.7830853774285,2184.595897733998
7399.98969072165,1.0,0.0003603371404290609,1.0,1.0,0.009857684681096027,4656,0.005109010949167599,512,73999,1.0,0.00036050536096915344,1.0,1.0,0.008557590627178703,4656,0.004459048054881932,2066.927599082468,2191.9215022439967
7400.109965635739,1.0,0.0003603313476666552,1.0,1.0,0.009856308858419201,4656,0.005108320067838295,512,74001,1.0,0.00036049837124921204,1.0,1.0,0.008566770766608903,4656,0.004463634540125267,2066.969752813464,2192.2083748919977
7424.98969072165,1.0,0.00036049478037660475,1.0,1.0,0.009817047012630607,4656,0.005088770870900236,512,74249,1.0,0.0003606571025403914,1.0,1.0,0.00856087502745009,4656,0.004460766092198821,2074.1205998194637,2199.5405197209984
7425.109965635739,1.0,0.00036051724093271695,1.0,1.0,0.009853396116663091,4656,0.005106956739605907,512,74251,1.0,0.0003606826547034008,1.0,1.0,0.008566574132729233,4656,0.004463628395316527,2074.1624304054712,2199.826748690997
7449.98969072165,1.0,0.0004930230452842319,0.6531357388316151,0.6531357388316151,0.9867285240147122,4656,0.4936107687933748,512,74499,1.0,0.0004978476226637044,0.743127147766323,0.743127147766323,0.8760322229968723,4656,0.43826503032671216,2081.207454476549,2207.053010165997
7450.109965635739,1.0,0.0004915088619972832,0.6277920962199313,0.6277920962199313,1.0184277931029855,4656,0.509459649574306,512,74501,1.0,0.0004987994343349614,0.7008161512027491,0.7008161512027491,0.9222844310642517,4656,0.46139161283617575,2081.2494262825494,2207.3397111529994
7474.98969072165,1.0,0.00034147328169075483,0.9851804123711341,0.9851804123711341,0.12161253244196836,4656,0.06097700341870285,512,74749,1.0,0.0003434339717440179,0.9987113402061856,0.9987113402061856,0.07816845444879171,4656,0.03925594390462764,2088.315180253594,2214.585771596998
7475.109965635739,1.0,0.00034281189627049304,0.9810996563573883,0.9810996563573883,0.12480884073526179,4656,0.06257582693984828,512,74751,1.0,0.00034454251764361394,0.9959192439862543,0.9959192439862543,0.07985566244092594,4656,0.04010010339140482,2088.357140767577,2214.8719197949977
7499.98969072165,1.0,0.00029947192014492666,0.9969931271477663,0.9969931271477663,0.0424220738132385,4656,0.021360772991508143,512,74999,1.0,0.00030135634416055023,1.0,1.0,0.02368949963055116,4656,0.011995428104171228,2095.455922590583,2222.1514081450005
7500.109965635739,1.0,0.0002994959873124906,0.9967783505154639,0.9967783505154639,0.042130957764038926,4656,0.021215227461352792,512,75001,1.0,0.0003013748713989848,1.0,1.0,0.023640387656352773,4656,0.011970881129458188,2095.4978053805826,2222.45096129
7524.98969072165,1.0,0.0003018742203200396,0.9982817869415808,0.9982817869415808,0.028817629486424818,4656,0.014559752138209916,512,75249,1.0,0.0003030438462585928,1.0,1.0,0.015985161987776608,4656,0.00814410286261044,2102.6216839505723,2229.755388179001
7525.109965635739,1.0,0.000301860948173246,0.9980670103092784,0.9980670103092784,0.0286259188275157,4656,0.014463890049465742,512,75251,1.0,0.0003030274793044808,1.0,1.0,0.01596576548933573,4656,0.00813439652272516,2102.66383694057,2230.042349135001
7549.98969072165,1.0,0.0003095155684245411,0.9987113402061856,0.9987113402061856,0.022739026145017435,4656,0.011524270592686237,512,75499,1.0,0.000310371121026806,1.0,1.0,0.012764913724460142,4656,0.006537642419543054,2109.83005361657,2237.389113680001
7550.109965635739,1.0,0.000309506095177734,0.9982817869415808,0.9982817869415808,0.022673846520099444,4656,0.011491676171620687,512,75501,1.0,0.0003103620638347573,1.0,1.0,0.012732298615871836,4656,0.006521330410262563,2109.8724593825536,2237.6762713989956
7574.98969072165,1.0,0.00037378467350583714,0.8176546391752577,0.8176546391752577,0.5014505550214106,4656,0.2509121747361016,512,75749,1.0,0.0003740316532116985,0.8560996563573883,0.8560996563573883,0.40728184939250095,4656,0.20382793662474327,2116.9969852505383,2244.9818946980013
7575.109965635739,1.0,0.00036305663115072907,0.7562285223367697,0.7562285223367697,0.6229889401045862,4656,0.31167599261831175,512,75751,1.0,0.0003626628481235701,0.8021907216494846,0.8021907216494846,0.5228792039799117,4656,0.2616209377537888,2117.0390959975484,2245.268672653998
7599.98969072165,1.0,0.000313871997789419,0.9980670103092784,0.9980670103092784,0.02961365218015061,4656,0.014963762252191497,512,75999,1.0,0.0003154141111523425,1.0,1.0,0.015289147080424725,4656,0.007802280466171475,2124.1279127825474,2252.5391320790004
7600.109965635739,1.0,0.00031382112389372795,0.9982817869415808,0.9982817869415808,0.02956283706979653,4656,0.014938329093644708,512,76001,1.0,0.0003153493858336173,1.0,1.0,0.015239036574806134,4656,0.007777192953116296,2124.170175146559,2252.826008924996
7624.98969072165,1.0,0.000316975548658584,0.9987113402061856,0.9987113402061856,0.021738637353956085,4656,0.011027806300887536,512,76249,1.0,0.000317930419932526,1.0,1.0,0.011809919605550077,4656,0.00606392498073709,2131.300044724645,2260.13757513
7625.109965635739,1.0,0.0003169999166657425,0.998926116838488,0.998926116838488,0.021731863521628363,4656,0.011024431879168115,512,76251,1.0,0.0003179506273921003,1.0,1.0,0.011807722119531272,4656,0.006062836325455368,2131.3426061886494,2260.4254011209996
7649.98969072165,1.0,0.0003224181465778973,0.9997852233676976,0.9997852233676976,0.01820612527250834,4656,0.009264271693541012,512,76499,1.0,0.0003231317636995381,1.0,1.0,0.010387575913131032,4656,0.0053553539760333975,2138.473444441697,2267.738706614
7650.109965635739,1.0,0.0003225157370221164,1.0,1.0,0.01813117908857942,4656,0.009226847350392555,512,76501,1.0,0.00032322810917990313,1.0,1.0,0.010382421033079271,4656,0.005352824619135906,2138.515412134693,2268.0254603539943
7674.98969072165,1.0,0.0003287361525127159,1.0,1.0,0.015943554258838144,4656,0.00813614513046553,512,76749,1.0,0.00032930951757529346,1.0,1.0,0.009596789620586276,4656,0.0049630495178740455,2145.653853821663,2275.345113962998
7675.109965635739,1.0,0.00032879455699953426,1.0,1.0,0.015956906928229576,4656,0.00814285075541624,512,76751,1.0,0.0003293685109396161,1.0,1.0,0.009597319098272683,4656,0.0049633439054194185,2145.695792603663,2275.6320631240014
7699.98969072165,1.0,0.0003342216520784647,1.0,1.0,0.01469964813120996,4656,0.007516934904445897,512,76999,1.0,0.00033474238621410227,1.0,1.0,0.009120660139523012,4656,0.004727701294872769,2152.850885645661,2282.968806511999
7700.109965635739,1.0,0.0003343074969768114,1.0,1.0,0.014692701424929695,4656,0.0075135043601399845,512,77001,1.0,0.00033482892880427466,1.0,1.0,0.009115443811383853,4656,0.004725136451704805,2152.8933101276707,2283.2562586559943
7724.98969072165,1.0,0.00033899454905609905,1.0,1.0,0.013647817766543516,4656,0.006993406212206968,512,77249,1.0,0.00033946825300192914,1.0,1.0,0.008814412498801844,4656,0.00457694035829957,2160.03928207064,2290.584165987995
7725.109965635739,1.0,0.00033902058768313365,1.0,1.0,0.01364479236996051,4656,0.006991906469220558,512,77251,1.0,0.0003394939715868419,1.0,1.0,0.008817070333408736,4656,0.00457828217970137,2160.081452586637,2290.8712202659954
7749.98969072165,1.0,0.00034281967969489673,1.0,1.0,0.012923947826693557,4656,0.006633383814002231,512,77499,1.0,0.00034324681431157484,1.0,1.0,0.008622274058790961,4656,0.004482760359741158,2167.201871469595,2298.1724438199963
7750.109965635739,1.0,0.0003428492067810596,1.0,1.0,0.012907566995555182,4656,0.006625208145974018,512,77501,1.0,0.00034327371065149604,1.0,1.0,0.008619484725277038,4656,0.004481379211563425,2167.2440614426087,2298.4590241789992
7774.98969072165,1.0,0.00034610437120461383,1.0,1.0,0.012243530287365733,4656,0.006294817295680751,512,77749,1.0,0.00034650187312122884,1.0,1.0,0.008510705736494557,4656,0.0044286039072213715,2174.28840013656,2305.6830684119996
7775.109965635739,1.0,0.0003461323684894342,1.0,1.0,0.01222747236592663,4656,0.006286802314401083,512,77751,1.0,0.00034652933593570573,1.0,1.0,0.008507181791095799,4656,0.0044268555043079595,2174.3232575245565,2305.9617633289963
7799.98969072165,1.0,0.00034844301820210983,1.0,1.0,0.011938850494594509,4656,0.006143646858811788,512,77999,1.0,0.0003488184532144225,1.0,1.0,0.00845192838780249,4656,0.004400373478116039,2179.7298715766956,2311.512190777001
7800.109965635739,1.0,0.0003484599996370958,1.0,1.0,0.011891784946533413,4656,0.0061201224314797785,512,78001,1.0,0.00034883478176347987,1.0,1.0,0.008471157849859126,4656,0.004409996299809197,2179.7640059586993,2311.7877565829986
7824.98969072165,1.0,0.0003503951983353526,1.0,1.0,0.011535742540949398,4656,0.0059430689336508,512,78249,1.0,0.00035075020505902693,1.0,1.0,0.008422070045241785,4656,0.004386410117149353,2186.392653664705,2318.5884984959994
7825.109965635739,1.0,0.00035044835733179377,1.0,1.0,0.011529254851881991,4656,0.005939851614208156,512,78251,1.0,0.00035080271436996064,1.0,1.0,0.008428780790866446,4656,0.0043897918102257846,2186.434734076698,2318.875229337995
7849.98969072165,1.0,0.0003519473546200602,1.0,1.0,0.011330547406501378,4656,0.005841247302150398,512,78499,1.0,0.0003522853255015878,1.0,1.0,0.008411540198571904,4656,0.0043819126804260046,2193.542227422746,2326.164544070998
7850.109965635739,1.0,0.0003519493036765823,1.0,1.0,0.011381892813849695,4656,0.005866921132372827,512,78501,1.0,0.00035228681049703325,1.0,1.0,0.008424097729712417,4656,0.004388192214097354,2193.584361911744,2326.4517145380014
7874.98969072165,1.0,0.00035316051268802884,1.0,1.0,0.011078435223536803,4656,0.005715797908117681,512,78749,1.0,0.00035348361761299604,1.0,1.0,0.008420443207127941,4656,0.004386963405969627,2200.6886742117786,2333.737685934997
7875.109965635739,1.0,0.0003531598982071549,1.0,1.0,0.011086587438878324,4656,0.005719873708548005,512,78751,1.0,0.0003534814093223552,1.0,1.0,0.00842509257424738,4656,0.004389287065394556,2200.7322737477734,2334.0258436079966
7899.98969072165,1.0,0.0003539704528870861,1.0,1.0,0.010877972615953163,4656,0.0056159715472218095,512,78999,1.0,0.0003542848750692872,1.0,1.0,0.008448399424143263,4656,0.004401342104800378,2207.833310492788,2341.307992010996
7900.109965635739,1.0,0.0003539817119689332,1.0,1.0,0.010945954888137346,4656,0.005649968264848506,512,79001,1.0,0.0003542959773304946,1.0,1.0,0.008462196158379624,4656,0.004408246155866643,2207.8753164757873,2341.5953717749944
7924.98969072165,1.0,0.0003548668716678914,1.0,1.0,0.010806563383934834,4656,0.005580715092596729,512,79249,1.0,0.00035518318849945397,1.0,1.0,0.008482763345298898,4656,0.004418973199690331,2214.9657877837817,2348.8693073179966
7925.109965635739,1.0,0.0003548620326310089,1.0,1.0,0.010838894807186323,4656,0.005596878499919197,512,79251,1.0,0.00035517888713333613,1.0,1.0,0.008495537071293573,4656,0.004425357963211348,2215.0078820977724,2349.156110042997
7949.98969072165,1.0,0.000355312136670773,1.0,1.0,0.010690762210138066,4656,0.005523037101394942,512,79499,1.0,0.00035561651273076887,1.0,1.0,0.008511401124016936,4656,0.004433508847177643,2222.0361708187556,2356.3600912439942
7950.109965635739,1.0,0.0003553066895538589,1.0,1.0,0.0107389168231348,4656,0.005547111796349594,512,79501,1.0,0.00035561121283323084,1.0,1.0,0.00851088270698626,4656,0.004433246822291633,2222.075998304761,2356.6419951200005
7974.98969072165,1.0,0.00035573770308105395,1.0,1.0,0.010590672492980957,4656,0.0054732050580257405,512,79749,1.0,0.00035604279603540284,1.0,1.0,0.008526660834800746,4656,0.0044413518762260774,2228.922813061785,2363.6663710659996
7975.109965635739,1.0,0.0003557720916070479,1.0,1.0,0.010689830247479206,4656,0.005522801191946075,512,79751,1.0,0.00035607717496013313,1.0,1.0,0.00856416301219324,4656,0.004460120016766577,2228.9648678617887,2363.955034376995
7999.98969072165,1.0,0.000356153095352281,1.0,1.0,0.01049534920154978,4656,0.005425751158052294,512,79999,1.0,0.0003564661893596764,1.0,1.0,0.008565432222438432,4656,0.0044609491562925254,2236.1521743088015,2371.324898891995
8000.109965635739,1.0,0.0003561594961947182,1.0,1.0,0.01056581827783093,4656,0.005460988819803979,512,80001,1.0,0.0003564735023221609,1.0,1.0,0.00857933925599167,4656,0.004467906462367867,2236.194260538803,2371.6252831780002
8024.98969072165,1.0,0.0003565416072856929,1.0,1.0,0.010492854511614927,4656,0.005424698142661262,512,80249,1.0,0.0003568541476202175,1.0,1.0,0.008596751186036571,4656,0.004476802711634292,2243.3628268437533,2378.976306231998
8025.109965635739,1.0,0.0003565234000893803,1.0,1.0,0.010603769128674903,4656,0.005480146336391619,512,80251,1.0,0.00035683369692863056,1.0,1.0,0.008638344269847543,4656,0.0044975890121918775,2243.405132220745,2379.263894382995
8049.98969072165,1.0,0.0003567512348755119,1.0,1.0,0.010462869278753745,4656,0.005409810295219684,512,80499,1.0,0.0003570663803529084,1.0,1.0,0.008635152451361167,4656,0.0044961093934540895,2250.589339095757,2386.6301046049994
8050.109965635739,1.0,0.0003567753980557124,1.0,1.0,0.010474888831889097,4656,0.005415832156577881,512,80501,1.0,0.0003570898778454954,1.0,1.0,0.008658356273297182,4656,0.004507722979558702,2250.6322176977556,2386.9184688759997
8074.98969072165,1.0,0.00035703467698031685,1.0,1.0,0.010289224767193352,4656,0.005323129677280937,512,80749,1.0,0.00035735303888103807,1.0,1.0,0.008642997938333098,4656,0.004500175515810649,2257.8081421686875,2394.2767380649966
8075.109965635739,1.0,0.0003570504230527124,1.0,1.0,0.010351468095255062,4656,0.005354259227149675,512,80751,1.0,0.00035736889056733385,1.0,1.0,0.008661802794105819,4656,0.004509585778328152,2257.8501333946915,2394.5637996679943
8099.98969072165,1.0,0.0004216781737366083,0.9439432989690721,0.9439432989690721,0.2340838655163742,4656,0.11725277261635692,512,80999,1.0,0.0004151353286099188,0.9744415807560137,0.9744415807560137,0.1693075530717463,4656,0.08486134325925428,2265.0713289167034,2401.9670948399944
8100.109965635739,1.0,0.00041638833832290166,0.9336340206185567,0.9336340206185567,0.25763065954254255,4656,0.12902352572306736,512,81001,1.0,0.0004116265500073171,0.9615549828178694,0.9615549828178694,0.18649610211349435,4656,0.09345386364206006,2265.113686348719,2402.254465997001
8124.98969072165,1.0,0.0003139355453531357,0.9596219931271478,0.9596219931271478,0.14819619581871427,4656,0.07425506581965181,512,81249,1.0,0.00031602505556086905,0.9836769759450171,0.9836769759450171,0.09084305484679966,4656,0.0455795407704881,2272.3206413486623,2409.6434440119992
8125.109965635739,1.0,0.00031578150990697526,0.9658505154639175,0.9658505154639175,0.13698479727781104,4656,0.06865028827051117,512,81251,1.0,0.0003179984352842639,0.9877577319587629,0.9877577319587629,0.08219496900683007,4656,0.041256483887479066,2272.3629582976646,2409.9308634479967
8149.98969072165,1.0,0.0002869773892961007,0.997852233676976,0.997852233676976,0.024666666984558105,4656,0.012476822252535737,512,81499,1.0,0.00028718053603295196,1.0,1.0,0.012439035877739032,4656,0.006363108139677146,2279.533424875568,2417.2831835199977
8150.109965635739,1.0,0.0002872050512594865,0.9976374570446735,0.9976374570446735,0.024866102897014814,4656,0.012576653990139257,512,81501,1.0,0.0002874067354038409,1.0,1.0,0.012416280012360144,4656,0.006351843322675253,2279.57594066357,2417.5708189819998
8174.98969072165,1.0,0.00030095810934747616,0.9991408934707904,0.9991408934707904,0.019202849094810355,4656,0.00975190384691114,512,81749,1.0,0.0003010567591311186,1.0,1.0,0.010274171419569716,4656,0.005287614116553998,2286.7273083376494,2424.9041778440005
8175.109965635739,1.0,0.00030106489780227754,0.9991408934707904,0.9991408934707904,0.019062484662557385,4656,0.009681774885793732,512,81751,1.0,0.00030116359239181704,1.0,1.0,0.010262784064840205,4656,0.005281973847818538,2286.7694355176427,2425.191217472995
8199.98969072165,1.0,0.00031294788896423024,0.9993556701030928,0.9993556701030928,0.0166727159031478,4656,0.008492831819245905,512,81999,1.0,0.0003130031986437303,1.0,1.0,0.009345017757612406,4656,0.004829010500531017,2293.9521441256,2432.556154892998
8200.109965635738,1.0,0.00031302770746942236,0.9993556701030928,0.9993556701030928,0.01666700717100163,4656,0.008490017701670067,512,82001,1.0,0.0003130813337273614,1.0,1.0,0.009342835019134573,4656,0.004827958099620859,2293.994451259605,2432.843558716995
8224.98969072165,1.0,0.00032281132792586723,0.9993556701030928,0.9993556701030928,0.014937429083991297,4656,0.007630120233162162,512,82249,1.0,0.00032282101880131716,1.0,1.0,0.008882587717980454,4656,0.004602704363590253,2301.209296750574,2440.2408764919965
8225.109965635738,1.0,0.00032289292906567815,0.9995704467353952,0.9995704467353952,0.014883315440305729,4656,0.007603104171884019,512,82251,1.0,0.00032290266474702513,1.0,1.0,0.008884158740748245,4656,0.0046035307379522685,2301.2518802895793,2440.5287345120014
8249.98969072165,1.0,0.0003305538349442466,0.9995704467353952,0.9995704467353952,0.014214304714268426,4656,0.007272429380220236,512,82499,1.0,0.0003305623192608971,1.0,1.0,0.008628299555827662,4656,0.004479430948745753,2308.4440317806,2447.902487239
8250.109965635738,1.0,0.00033060545773850274,0.9995704467353952,0.9995704467353952,0.014185441728310077,4656,0.00725802359302429,512,82501,1.0,0.0003306126170807688,1.0,1.0,0.008627733618942732,4656,0.004479173071605643,2308.487048981602,2448.190447932
8274.98969072165,1.0,0.0003365155859911155,0.9993556701030928,0.9993556701030928,0.013569357059255908,4656,0.006952936450640361,512,82749,1.0,0.0003365182551424118,1.0,1.0,0.008505651221652212,4656,0.0044210848120069994,2315.6429363756397,2455.5280057790005
8275.109965635738,1.0,0.00033653115283992284,0.9993556701030928,0.9993556701030928,0.013574818974917698,4656,0.00695567503827544,512,82751,1.0,0.0003365345900923116,1.0,1.0,0.008506064767280394,4656,0.004421299675485932,2315.6861224916356,2455.8167866519943
8299.98969072165,1.0,0.00034107754000581005,0.9995704467353952,0.9995704467353952,0.013161546073828367,4656,0.006751311757310559,512,82999,1.0,0.0003410850321918828,1.0,1.0,0.00845272577914995,4656,0.004396905399270074,2322.7914543076913,2463.103009268998
8300.109965635738,1.0,0.00034113891128309813,0.9995704467353952,0.9995704467353952,0.013146829871377585,4656,0.006743984328922127,512,83001,1.0,0.000341146390667486,1.0,1.0,0.008453710587163972,4656,0.004397428578527523,2322.8334892186904,2463.390544256996
8324.98969072165,1.0,0.0003446527337495404,0.9995704467353952,0.9995704467353952,0.012846701128785963,4656,0.006595676860858484,512,83249,1.0,0.0003446516904122231,1.0,1.0,0.0084580694072435,4656,0.004401360590433337,2329.97871776369,2470.7172530819953
8325.109965635738,1.0,0.0003447021770569467,0.9995704467353952,0.9995704467353952,0.012914823707436369,4656,0.006629762883038865,512,83251,1.0,0.00034470315958626084,1.0,1.0,0.008456408158200713,4656,0.004400555620488432,2330.0205539396848,2471.0037955379958
8349.98969072165,1.0,0.00034724311627882864,0.9995704467353952,0.9995704467353952,0.012646832621793976,4656,0.006497037881838088,512,83499,1.0,0.0003472479105098141,1.0,1.0,0.008477752253771648,4656,0.00441250005333694,2337.149428640645,2478.313861488001
8350.109965635738,1.0,0.0003472461438773014,0.9995704467353952,0.9995704467353952,0.012610173307333616,4656,0.006478709658396612,512,83501,1.0,0.0003472523398927807,1.0,1.0,0.008476561389837888,4656,0.004411906874466598,2337.1916318916483,2478.6007404509946
8374.98969072165,1.0,0.0003493822618192414,0.9995704467353952,0.9995704467353952,0.012296609452499966,4656,0.006322995852358972,512,83749,1.0,0.00034940114110401,1.0,1.0,0.008503331351526006,4656,0.004426366326325538,2344.3557733436246,2485.946390846999
8375.109965635738,1.0,0.0003494155590015998,0.9995704467353952,0.9995704467353952,0.012355252025053673,4656,0.006352333832032902,512,83751,1.0,0.0003494344734910018,1.0,1.0,0.00852030659049647,4656,0.004434870536794367,2344.3976078006235,2486.2332325679963
8399.98969072165,1.0,0.00035085575495081667,0.9993556701030928,0.9993556701030928,0.012009150486221839,4656,0.006180003029374322,512,83999,1.0,0.0003508750086848678,1.0,1.0,0.008548795972083443,4656,0.004449835501585629,2351.5726329086756,2493.590172734999
8400.109965635738,1.0,0.00035086318312846506,0.9993556701030928,0.9993556701030928,0.012148021627537574,4656,0.006249442286917434,512,84001,1.0,0.00035088230564524626,1.0,1.0,0.008551694888019889,4656,0.004451288646439097,2351.618068901669,2493.880632528999
8424.98969072165,1.0,0.0003519689670645494,0.9993556701030928,0.9993556701030928,0.011951876464987948,4656,0.006151922636015718,512,84249,1.0,0.00035199465684567123,1.0,1.0,0.008590682572925213,4656,0.004471338542875965,2358.9414406646683,2501.3863145799987
8425.109965635738,1.0,0.00035199348229108396,0.9995704467353952,0.9995704467353952,0.011974061170394477,4656,0.006163027227129724,512,84251,1.0,0.00035201875921786854,1.0,1.0,0.008602057638037246,4656,0.004477038211429242,2358.983395030671,2501.673236320996
8449.98969072165,1.0,0.00035289897426604407,0.9993556701030928,0.9993556701030928,0.011780963116085407,4656,0.006066931123586045,512,84499,1.0,0.0003529361343568133,1.0,1.0,0.008645513315790707,4656,0.004499224811485133,2366.183866400672,2509.0566051009955
8450.109965635738,1.0,0.0003529167110004376,0.9993556701030928,0.9993556701030928,0.011964327793350745,4656,0.006158622218571168,512,84501,1.0,0.0003529540791185861,1.0,1.0,0.008645401480271644,4656,0.004499177803698275,2366.2262130996605,2509.3444688710006
8474.98969072165,1.0,0.00035368661393005006,0.9993556701030928,0.9993556701030928,0.011740550757273776,4656,0.006047118570386749,512,84749,1.0,0.00035373682853897,1.0,1.0,0.008664286423384938,4656,0.0045090115971581635,2373.4621736596673,2516.7634697169997
8475.109965635738,1.0,0.00035369529987323736,0.9993556701030928,0.9993556701030928,0.011800553176001585,4656,0.006077124183530251,512,84751,1.0,0.00035374312376750704,1.0,1.0,0.00867742545825919,4656,0.004515584391826617,2373.5044094486802,2517.050763403
8499.98969072165,1.0,0.00035425275884235847,0.9995704467353952,0.9995704467353952,0.011436279287043306,4656,0.005895266008540937,512,84999,1.0,0.00035430826374755283,1.0,1.0,0.008702262365531266,4656,0.004528285301837725,2380.715657043729,2524.4444720149986
8500.109965635738,1.0,0.0003542539622007367,0.9993556701030928,0.9993556701030928,0.011441767113315281,4656,0.005898010587364538,512,85001,1.0,0.0003543095631185676,1.0,1.0,0.008719542182188263,4656,0.004536925824647097,2380.7577910217224,2524.7451125929947
8524.98969072165,1.0,0.00035462819065424994,0.9993556701030928,0.9993556701030928,0.011513714118511816,4656,0.005934171148182191,512,85249,1.0,0.00035470143869468026,1.0,1.0,0.008724687537786477,4656,0.004539694521845002,2387.9428753697503,2532.1125897579986
8525.109965635738,1.0,0.00035465084323563526,0.9993556701030928,0.9993556701030928,0.01155424947591172,4656,0.0059544501947783116,512,85251,1.0,0.00035472388964952884,1.0,1.0,0.008747575721380227,4656,0.004551149827917826,2387.9849779837605,2532.399582950995
8549.98969072165,1.0,0.0003550135789765525,0.9997852233676976,0.9997852233676976,0.01127219947752674,4656,0.005813606518650383,512,85499,1.0,0.00035509083394434854,1.0,1.0,0.008799530591342048,4656,0.004577310787853096,2395.1803396198084,2539.777458659999
8550.109965635738,1.0,0.00035502335946379656,0.9997852233676976,0.9997852233676976,0.011230075379827177,4656,0.005792549488061073,512,85501,1.0,0.00035510158735964305,1.0,1.0,0.008826065821336307,4656,0.004590583728351134,2395.2226801298093,2540.0651717599976
8574.98969072165,1.0,0.00035808324058543366,0.33526632302405496,0.33526632302405496,3.876449480089535,4656,1.9384037555288203,512,85749,1.0,0.00035823463651118,0.34514604810996563,0.34514604810996563,3.8232755890416934,4656,1.911816914876302,2402.384449426827,2547.408983053996
8575.109965635738,1.0,0.0007150359195737085,0.05949312714776632,0.05949312714776632,5.089178970179607,4656,2.5449470179187474,512,85751,1.0,0.0007281166939800957,0.05369415807560137,0.05369415807560137,5.048251751771907,4656,2.5244899369597027,2402.4268133188234,2547.696439692001
8599.98969072165,1.0,0.00040659634876497015,0.7959621993127147,0.7959621993127147,0.6311336595987537,4656,0.31577012956756906,512,85999,1.0,0.0004047846959270153,0.8595360824742269,0.8595360824742269,0.533428323227925,4656,0.2669165568663083,2409.598402128875,2555.0502624289948
8600.109965635738,1.0,0.0003926453798292429,0.7637457044673539,0.7637457044673539,0.6792775445787358,4656,0.3398350915548318,512,86001,1.0,0.0003846100630731517,0.8163659793814433,0.8163659793814433,0.5931586104979629,4656,0.2967716131833001,2409.6409032328665,2555.338025391
8624.98969072165,1.0,0.0003137089171258035,0.9946305841924399,0.9946305841924399,0.10698531993066322,4656,0.05364951399183765,512,86249,1.0,0.0003116449014734976,0.9997852233676976,0.9997852233676976,0.07309097522722487,4656,0.0367013093122502,2416.793274296979,2562.6731190520004
8625.109965635738,1.0,0.00031269393554053356,0.9942010309278351,0.9942010309278351,0.10635225305852201,4656,0.053332473813872974,512,86251,1.0,0.000310524488412023,1.0,1.0,0.07059488263736476,4656,0.035452703020417,2416.8357167139766,2562.9601224189973
8649.98969072165,1.0,0.00028400586860388824,0.9980670103092784,0.9980670103092784,0.04276140203181001,4656,0.021522704063821903,512,86499,1.0,0.0002830855970837406,1.0,1.0,0.026507654550558923,4656,0.013395370179435232,2423.984143734997,2570.290833686995
8650.109965635738,1.0,0.00028388791707987637,0.9982817869415808,0.9982817869415808,0.042645501107284704,4656,0.021464694611395347,512,86501,1.0,0.0002829725710079842,1.0,1.0,0.026581076412266473,4656,0.013432024578048601,2424.0267207969955,2570.5782278499973
8674.98969072165,1.0,0.0002897051787099887,0.9984965635738832,0.9984965635738832,0.03052316211752875,4656,0.015406433864147803,512,86749,1.0,0.00028925560273972573,1.0,1.0,0.018471832947223047,4656,0.009380544276581597,2431.1909328869733,2577.9243981679974
8675.109965635738,1.0,0.00028953943209549817,0.9991408934707904,0.9991408934707904,0.03014973922283789,4656,0.015219639257057426,512,86751,1.0,0.0002890973835159413,1.0,1.0,0.018468510244310517,4656,0.009378803759506069,2431.233373607989,2578.2117572989955
8699.98969072165,1.0,0.00030101347023371567,0.9987113402061856,0.9987113402061856,0.024475302073554073,4656,0.012388157680681891,512,86999,1.0,0.00030082662004170957,1.0,1.0,0.014955998286348847,4656,0.007628412385986433,2438.3811333039775,2585.5417664900015
8700.109965635738,1.0,0.000300998425053567,0.9987113402061856,0.9987113402061856,0.024398414949371235,4656,0.012349706642406503,512,87001,1.0,0.0003008066974196237,1.0,1.0,0.014973033539618003,4656,0.007636920078513548,2438.423508087966,2585.8300775499956
8724.98969072165,1.0,0.00031163770052575576,0.9993556701030928,0.9993556701030928,0.020952724509222812,4656,0.010632180880844798,512,87249,1.0,0.00031153774817067734,1.0,1.0,0.01301245580833802,4656,0.0066619967062448715,2445.626467989976,2593.2151520619955
8725.109965635738,1.0,0.000311855047531554,0.9995704467353952,0.9995704467353952,0.02085786136155276,4656,0.010584858377364902,512,87251,1.0,0.0003117523716180185,1.0,1.0,0.0130744291744691,4656,0.006693090718636398,2445.6686351119715,2593.5025141649967
8749.98969072165,1.0,0.0003213845865474534,0.9995704467353952,0.9995704467353952,0.01874200482548717,4656,0.009531694589201938,512,87499,1.0,0.0003213669170219054,1.0,1.0,0.011788609306427212,4656,0.006054988124526243,2452.82790902986,2600.843716630996
8750.109965635738,1.0,0.0003214410643806982,0.9997852233676976,0.9997852233676976,0.018581210133136343,4656,0.009451325611560205,512,87501,1.0,0.00032142264275616386,1.0,1.0,0.011835224235180727,4656,0.006078323394162548,2452.870035132859,2601.1308942489995
8774.98969072165,1.0,0.0003296445440693,0.9995704467353952,0.9995704467353952,0.017028554198668173,4656,0.008679099406573371,512,87749,1.0,0.00032965843709780997,1.0,1.0,0.010969001300556143,4656,0.005649329921633927,2460.0835722209013,2608.526711337996
8775.109965635738,1.0,0.00032964313908438503,0.9995704467353952,0.9995704467353952,0.017148673739220268,4656,0.008739158357541585,512,87751,1.0,0.00032965583195493803,1.0,1.0,0.011022305775344167,4656,0.005675980776445972,2460.1256546699005,2608.8137386809976
8799.98969072165,1.0,0.0003368116889622613,1.0,1.0,0.015914998922970696,4656,0.008125905318768164,512,87999,1.0,0.00033682530355412526,1.0,1.0,0.010430075458644592,4656,0.005383450448308204,2467.333563108914,2616.204040765995
8800.109965635738,1.0,0.00033687111438344844,1.0,1.0,0.015886065271711842,4656,0.008111468090634165,512,88001,1.0,0.0003368839544733775,1.0,1.0,0.010463967458489015,4656,0.005400425789692148,2467.3765405319136,2616.491896759995
8824.98969072165,1.0,0.00040843014531733655,0.8350515463917526,0.8350515463917526,0.43508671894925566,4656,0.21774757359036057,512,88249,1.0,0.0004020334570268585,0.8833762886597938,0.8833762886597938,0.33853153346740095,4656,0.16946678063304155,2474.5990997099507,2623.8966414259994
8825.109965635738,1.0,0.0004618137153153567,0.7839347079037801,0.7839347079037801,0.5761394304098543,4656,0.2883006322015192,512,88251,1.0,0.0004328310368038535,0.8275343642611683,0.8275343642611683,0.4932797946471119,4656,0.2468563125715223,2474.6413724729573,2624.1841077619974
8849.98969072165,1.0,0.0003208367832491488,0.9984965635738832,0.9984965635738832,0.034282138667155786,4656,0.01730148775880689,512,88499,1.0,0.0003162844176964252,1.0,1.0,0.019569563701800054,4656,0.009942923931731391,2481.851910428966,2631.5770782269974
8850.109965635738,1.0,0.00032043336055327936,0.9987113402061856,0.9987113402061856,0.03374956317783631,4656,0.01703499825959353,512,88501,1.0,0.00031595375337653965,1.0,1.0,0.019529726497086463,4656,0.009922840238846455,2481.894058580976,2631.864785426995
8874.98969072165,1.0,0.00030607134231791874,0.9991408934707904,0.9991408934707904,0.02317152748402861,4656,0.011738799384369473,512,88749,1.0,0.00030380967505199395,1.0,1.0,0.01405691731836378,4656,0.0071803635031087295,2489.0908961079404,2639.2444136449994
8875.109965635738,1.0,0.0003063388783292672,0.9991408934707904,0.9991408934707904,0.023274086185337342,4656,0.011790212794267844,512,88751,1.0,0.00030405778450654544,1.0,1.0,0.014063463383114216,4656,0.00718376055820701,2489.1333485519353,2639.5329708899953
8899.98969072165,1.0,0.0003100691772869362,0.9993556701030928,0.9993556701030928,0.019212784431234666,4656,0.009761427071495974,512,88999,1.0,0.00030853630674049204,1.0,1.0,0.012088421181714822,4656,0.006198478677018811,2496.3041793369775,2646.886095722999
8900.109965635738,1.0,0.0003101362933203117,0.9993556701030928,0.9993556701030928,0.019248911605258167,4656,0.009779524147715355,512,89001,1.0,0.0003086015249240849,1.0,1.0,0.01207442586774269,4656,0.006191513689932544,2496.3462745289944,2647.173446353998
8924.98969072165,1.0,0.00031759381883127993,0.9997852233676976,0.9997852233676976,0.0170655008853506,4656,0.008691547457704838,512,89249,1.0,0.0003164334165066788,1.0,1.0,0.011116754353251244,4656,0.005716593968089913,2503.4987492190558,2654.508231492
8925.109965635738,1.0,0.00031760418819602824,0.9997852233676976,0.9997852233676976,0.01701342752299358,4656,0.00866551589720028,512,89251,1.0,0.0003164482216552361,1.0,1.0,0.011114520100793479,4656,0.005715484215631518,2503.5411052430572,2654.796009701
8949.98969072165,1.0,0.0003252239270564617,0.9997852233676976,0.9997852233676976,0.015730390024349044,4656,0.008027806826883165,512,89499,1.0,0.0003243649948093899,1.0,1.0,0.010556452872417228,4656,0.005440408933613309,2510.7088269810993,2662.145727955998
8950.109965635738,1.0,0.00032523861058901267,0.9997852233676976,0.9997852233676976,0.01577558857468805,4656,0.008050413783063594,512,89501,1.0,0.0003243752521593956,1.0,1.0,0.010574614878782291,4656,0.005449495057469791,2510.751129249089,2662.4330127249996
8974.98969072165,1.0,0.00033220401052961646,1.0,1.0,0.014724864378008237,4656,0.007528534255076929,512,89749,1.0,0.00033154250906709956,1.0,1.0,0.010216669118691147,4656,0.005274105829881229,2517.9151113561384,2669.7787028579987
8975.109965635738,1.0,0.00033222292501901843,1.0,1.0,0.014728204286385238,4656,0.007530213733718977,512,89751,1.0,0.0003315630365687957,1.0,1.0,0.010224432879706839,4656,0.005277997951736974,2517.9575792881296,2670.066124666999
8999.98969072165,1.0,0.0003380835619579066,1.0,1.0,0.014255942347942759,4656,0.007297012916545278,512,89999,1.0,0.00033757443895045014,1.0,1.0,0.010001601222454477,4656,0.005169587805099094,2525.1108595880214,2677.4012417849954
9000.109965635738,1.0,0.0003381266716317213,1.0,1.0,0.014251678874812176,4656,0.007294902789224054,512,90001,1.0,0.00033761411457229726,1.0,1.0,0.010011890090208283,4656,0.005174752055984182,2525.1531226940206,2677.700707047996
9024.98969072165,1.0,0.00034281877077527065,1.0,1.0,0.013740378147138353,4656,0.007041598615777451,512,90249,1.0,0.0003424371077432665,1.0,1.0,0.00988177663272189,4656,0.005112106908637634,2532.2936926280527,2685.0238044399957
9025.109965635738,1.0,0.00034287529981525495,1.0,1.0,0.013819035897959549,4656,0.0070809556036880335,512,90251,1.0,0.0003424962675294925,1.0,1.0,0.009904249529658314,4656,0.005123372800981056,2532.3357501470527,2685.3106494649983
9049.98969072165,1.0,0.00034668405389867696,1.0,1.0,0.013431705457648052,4656,0.006889194710967467,512,90499,1.0,0.0003464033321519078,1.0,1.0,0.009797242498889412,4656,0.005071822925121924,2539.495892883984,2692.652981907995
9050.109965635738,1.0,0.0003466993839163141,1.0,1.0,0.013438900926268798,4656,0.0068928001774955045,512,90501,1.0,0.0003464208448568161,1.0,1.0,0.009807964575659368,4656,0.005077192771066095,2539.538805734992,2692.9408165709974
9074.98969072165,1.0,0.00034973696770332113,1.0,1.0,0.013163081559118946,4656,0.0067564093370208215,512,90749,1.0,0.0003495510040279926,1.0,1.0,0.00973154302315204,4656,0.005040547026391702,2546.6868571210944,2700.270723579997
9075.109965635738,1.0,0.00034977872679938155,1.0,1.0,0.013152905346192036,4656,0.006751342020493602,512,90751,1.0,0.0003495931375733356,1.0,1.0,0.009739926385715655,4656,0.005044759702436703,2546.7300023701027,2700.559086164998
9099.98969072165,1.0,0.0003519660418795556,1.0,1.0,0.012858773936930391,4656,0.006605370040611713,512,90999,1.0,0.00035184743746961513,1.0,1.0,0.009710442364420677,4656,0.0050311448033322995,2553.9422495180625,2707.9545450259975
9100.109965635738,1.0,0.0003520252432712575,1.0,1.0,0.012951610629091557,4656,0.0066518178817742465,512,91001,1.0,0.0003519073845594609,1.0,1.0,0.009749244988169457,4656,0.005050576173562774,2553.984377801069,2708.241938456995
9124.98969072165,1.0,0.00035384004852411264,1.0,1.0,0.012721134010459139,4656,0.0065374870070886775,512,91249,1.0,0.0003537834970811798,1.0,1.0,0.00972665001436607,4656,0.00504021674292194,2561.1399409179794,2715.579643391997
9125.109965635738,1.0,0.0003538239984117013,1.0,1.0,0.012819180066642892,4656,0.006586501995722453,512,91251,1.0,0.00035376739256160774,1.0,1.0,0.009766116789526137,4656,0.005059942142250612,2561.1822417149815,2715.866901123998
9149.98969072165,1.0,0.0003552129364146809,1.0,1.0,0.012488782610680229,4656,0.006421997835955669,512,91499,1.0,0.0003552213631237495,1.0,1.0,0.009678469900413067,4656,0.005016845730981466,2568.3307649830094,2723.1978084410002
9150.109965635738,1.0,0.0003552370803923541,1.0,1.0,0.012531358761476078,4656,0.006443297944937375,512,91501,1.0,0.00035524303637624196,1.0,1.0,0.00973141756664027,4656,0.005043330317510362,2568.373079928024,2723.485257552995
9174.98969072165,1.0,0.0003564287892373157,1.0,1.0,0.012382542247215087,4656,0.006369485478220936,512,91749,1.0,0.00035649274965536966,1.0,1.0,0.009713652822160228,4656,0.005035072821112433,2575.518783326006,2730.8131062059983
9175.109965635738,1.0,0.0003564290484714344,1.0,1.0,0.012345173616999203,4656,0.006350801316733213,512,91751,1.0,0.00035649165191089166,1.0,1.0,0.009745433056067765,4656,0.005050962477205545,2575.5610773289955,2731.1006022919973
9199.98969072165,1.0,0.0003574111041232073,1.0,1.0,0.012260044972921155,4656,0.006308728016119233,512,91999,1.0,0.00035752272841447,1.0,1.0,0.009691694040888363,4656,0.0050246084678623685,2582.748270391996,2738.470254273998
9200.109965635738,1.0,0.0003574334430633132,1.0,1.0,0.012233492230221988,4656,0.006295462807838859,512,92001,1.0,0.0003575435951608153,1.0,1.0,0.009713240300666835,4656,0.005035391890306243,2582.7905809660006,2738.75754649
9224.98969072165,1.0,0.00036061420089395597,0.34579037800687284,0.34579037800687284,3.34636271368597,4656,1.6733616701106435,512,92249,1.0,0.00036082915398468265,0.34536082474226804,0.34536082474226804,3.352162285768699,4656,1.6762615610234106,2589.9343329050535,2746.0834772949966
9225.109965635738,1.0,0.0006708192840679405,0.15356529209621994,0.15356529209621994,4.316479764853146,4656,2.1585753398252927,512,92251,1.0,0.0006792458267146369,0.13981958762886598,0.13981958762886598,4.3054924928855245,4656,2.153085898697581,2589.976634572049,2746.3710140999974
9249.98969072165,1.0,0.0003931802214216121,0.958118556701031,0.958118556701031,0.19675790649099448,4656,0.09857554370185354,512,92499,1.0,0.0003943849559809334,0.979381443298969,0.979381443298969,0.14496305472252705,4656,0.07267871918956849,2597.1691854801174,2753.7456992439984
9250.109965635738,1.0,0.00039320691293457527,0.9097938144329897,0.9097938144329897,0.28396838473290514,4656,0.14218079347381068,512,92501,1.0,0.0003936551639304538,0.9497422680412371,0.9497422680412371,0.2103761594320081,4656,0.10538490777163162,2597.2110978641285,2754.032344068997
9274.98969072165,1.0,0.0003262166657142623,0.9984965635738832,0.9984965635738832,0.0339160305527887,4656,0.017121123694062643,512,92749,1.0,0.000324790884462214,1.0,1.0,0.019600472909068734,4656,0.009962631971975373,2604.3637510261105,2761.367290905997
9275.109965635738,1.0,0.0003261110102085723,0.9982817869415808,0.9982817869415808,0.03376666950605989,4656,0.01704639012051612,512,92751,1.0,0.00032468929349147165,1.0,1.0,0.01956840376673695,4656,0.00994654650131042,2604.4060104601085,2761.654655858998
9299.98969072165,1.0,0.00031412009764270683,0.9991408934707904,0.9991408934707904,0.02369632036825226,4656,0.012005220368965385,512,92999,1.0,0.0003134088712357164,1.0,1.0,0.014247152506281011,4656,0.00728028070476047,2611.560984276228,2768.992198120999
9300.109965635738,1.0,0.0003140898056558727,0.9991408934707904,0.9991408934707904,0.023581775603015807,4656,0.011947932829152267,512,93001,1.0,0.00031338345028997694,1.0,1.0,0.014209949273833703,4656,0.007261666389265421,2611.6041455142404,2769.280693689994
9324.98969072165,1.0,0.0003175857473689666,0.9991408934707904,0.9991408934707904,0.01958760137820162,4656,0.00995259360759119,512,93249,1.0,0.0003171527815848282,1.0,1.0,0.012145887637875745,4656,0.006231520184126916,2618.759506106224,2776.6184822989962
9325.109965635738,1.0,0.0003175012114428982,0.9991408934707904,0.9991408934707904,0.019504382028612485,4656,0.009910941840856755,512,93251,1.0,0.00031707300148469064,1.0,1.0,0.012164427549978303,4656,0.006240750250128126,2618.802042107236,2776.9062384759964
9349.98969072165,1.0,0.00032393732892278956,0.9995704467353952,0.9995704467353952,0.017182482067252352,4656,0.00875320958927325,512,93499,1.0,0.00032363096540121686,1.0,1.0,0.011106947852983507,4656,0.00571528932278099,2625.9230055632506,2784.209478279001
9350.109965635738,1.0,0.00032393947960584845,0.9995704467353952,0.9995704467353952,0.01721198124574222,4656,0.008767960305066453,512,93501,1.0,0.0003236405250593969,1.0,1.0,0.011112864996559432,4656,0.005718252759209203,2625.9655970062668,2784.497393961996
9374.98969072165,1.0,0.00033060379671989026,0.9997852233676976,0.9997852233676976,0.015536427088209853,4656,0.007933515248839389,512,93749,1.0,0.0003304026950521977,1.0,1.0,0.010530397449572062,4656,0.005430400166724555,2633.076973760355,2791.7905688799947
9375.109965635738,1.0,0.00033064214416693167,0.9997852233676976,0.9997852233676976,0.015598717219231464,4656,0.007964679772911203,512,93751,1.0,0.00033044891873585807,1.0,1.0,0.010530951916147344,4656,0.005430700443044971,2633.119302211344,2792.0776304269966
9399.98969072165,1.0,0.00033648556924050616,0.9997852233676976,0.9997852233676976,0.014702238372920715,4656,0.007519362001484612,512,93999,1.0,0.00033634979457072785,1.0,1.0,0.01018298850026737,4656,0.005259669165021365,2640.27776403226,2799.4182107980014
9400.109965635738,1.0,0.00033653297708001744,0.9997852233676976,0.9997852233676976,0.014646027096358361,4656,0.0074912801231305625,512,94001,1.0,0.00033639932428950706,1.0,1.0,0.010192152765608326,4656,0.005264276132960499,2640.3197632702577,2799.7054164889996
9424.98969072165,1.0,0.0003418513410484668,0.9997852233676976,0.9997852233676976,0.01395809097388356,4656,0.0071499710230483226,512,94249,1.0,0.00034177982443591576,1.0,1.0,0.00998769511062255,4656,0.005164737451527127,2647.4921987302514,2807.0597584860006
9425.109965635738,1.0,0.00034186444997377823,0.9997852233676976,0.9997852233676976,0.013996449737614373,4656,0.007169157061789863,512,94251,1.0,0.0003417900849863426,1.0,1.0,0.009995555549962414,4656,0.0051686727406642695,2647.5343388712354,2807.346971412
9449.98969072165,1.0,0.00034606381226651037,1.0,1.0,0.013411588685209398,4656,0.006878826267940482,512,94499,1.0,0.00034602998061380845,1.0,1.0,0.009870244670160039,4656,0.0051081373621917675,2654.754908396244,2814.749895520996
9450.109965635738,1.0,0.00034608841710483904,1.0,1.0,0.013411520068178471,4656,0.006878804351455977,512,94501,1.0,0.00034605376934472636,1.0,1.0,0.009871778414421474,4656,0.0051089160118725704,2654.7978520412435,2815.0384685409954
9474.98969072165,1.0,0.00034966401730206415,1.0,1.0,0.013008786845453008,4656,0.00667922546978259,512,94749,1.0,0.0003496640653083824,1.0,1.0,0.009814107336129519,4656,0.005081885561500628,2662.008924266229,2822.4326913299956
9475.109965635738,1.0,0.0003497123916687834,1.0,1.0,0.013035385264563807,4656,0.006692548746505554,512,94751,1.0,0.0003497094728846321,1.0,1.0,0.009835720267082817,4656,0.005092714865183093,2662.0514934732273,2822.720205054
9499.98969072165,1.0,0.00035249803509704026,1.0,1.0,0.012855204110293044,4656,0.0066038511463047305,512,94999,1.0,0.00035252626921303086,1.0,1.0,0.00979849276264099,4656,0.005075509503125325,2669.2551839922235,2830.106209703001
9500.109965635738,1.0,0.00035248808818789284,1.0,1.0,0.01285033721694422,4656,0.0066014126301631075,512,95001,1.0,0.00035251697518981197,1.0,1.0,0.009816129387858807,4656,0.00508432315592094,2669.297350409215,2830.406722693995
9524.98969072165,1.0,0.00035479260909393484,1.0,1.0,0.012611425619354773,4656,0.006483109136627302,512,95249,1.0,0.0003548514264350904,1.0,1.0,0.009796302445565713,4656,0.005075576839987764,2676.48455025821,2837.7762844530007
9525.109965635738,1.0,0.00035482735286668406,1.0,1.0,0.012621367203001305,4656,0.00648809713391504,512,95251,1.0,0.0003548815487996,1.0,1.0,0.009809105666642337,4656,0.005081993505307489,2676.526629989203,2838.063388085997
9549.98969072165,1.0,0.000356587123676264,1.0,1.0,0.012432062748781185,4656,0.006394324843416509,512,95499,1.0,0.0003566702770203659,1.0,1.0,0.009806069926297952,4656,0.005081370216874322,2683.723388989194,2845.442184141997
9550.109965635738,1.0,0.0003566224243223053,1.0,1.0,0.012410518434858814,4656,0.0063835703527804506,512,95501,1.0,0.00035670636817044816,1.0,1.0,0.009817936985763078,4656,0.00508732166896571,2683.7655072431953,2845.7295598349956
9574.98969072165,1.0,0.00035813015876049847,1.0,1.0,0.01229268783556227,4656,0.006325409021164544,512,95749,1.0,0.000358234329270743,1.0,1.0,0.009837704630651834,4656,0.005097969495963394,2690.907660749195,2853.0540831100006
9575.109965635738,1.0,0.00035817725935957277,1.0,1.0,0.012321927498296364,4656,0.00634005235642502,512,95751,1.0,0.00035828183632331204,1.0,1.0,0.009864566457230611,4656,0.0051114241691799095,2690.9496200672074,2853.340832342001
9599.98969072165,1.0,0.0003595224091994394,1.0,1.0,0.012197320301508167,4656,0.0062784213073474844,512,95999,1.0,0.00035965136697202205,1.0,1.0,0.009852013227456213,4656,0.005105832290813276,2698.074861483263,2860.6482830749956
9600.109965635738,1.0,0.0003595546182385835,1.0,1.0,0.012190409849599465,4656,0.006274982313929554,512,96001,1.0,0.0003596793066492605,1.0,1.0,0.009862887081002043,4656,0.005111283145819333,2698.117260443265,2860.935968412996
9624.98969072165,1.0,0.00036051038563046666,1.0,1.0,0.012131856888839878,4656,0.0062461835924292755,512,96249,1.0,0.000360664153068336,1.0,1.0,0.009887673600842454,4656,0.0051241689633667676,2705.242515823309,2868.243205726001
9625.109965635738,1.0,0.0003605450013863672,1.0,1.0,0.012133647588520115,4656,0.006247096250147344,512,96251,1.0,0.0003607003690348458,1.0,1.0,0.009913004141083289,4656,0.005136852207052749,2705.284749013321,2868.531618686
9649.98969072165,1.0,0.00036146588418696756,1.0,1.0,0.012036634269858553,4656,0.006199050144231606,512,96499,1.0,0.00036165060609886325,1.0,1.0,0.009917228082610979,4656,0.005139439376359133,2712.4442630812773,2875.873643109
9650.109965635738,1.0,0.00036148113739449544,1.0,1.0,0.012082161055397741,4656,0.006221821115598646,512,96501,1.0,0.00036166358700732596,1.0,1.0,0.009960733533315233,4656,0.005161198604967177,2712.4864650592717,2876.1615972579966
9674.98969072165,1.0,0.00036224940490886515,1.0,1.0,0.01196245209048294,4656,0.006162350683687479,512,96749,1.0,0.00036245297730173854,1.0,1.0,0.00992294050164239,4656,0.005142696688265325,2719.6453227772727,2883.5034626999986
9675.109965635738,1.0,0.00036228630576551574,1.0,1.0,0.011975728154592089,4656,0.00616900730378849,512,96751,1.0,0.0003624868345578102,1.0,1.0,0.009958661606221674,4656,0.005160574343605959,2719.68774751226,2883.7910868769977
9699.98969072165,1.0,0.00036297069664058815,1.0,1.0,0.011869887306108507,4656,0.006116428940566545,512,96999,1.0,0.0003632025799595613,1.0,1.0,0.009930387088113633,4656,0.00514679486604081,2726.8067376803083,2891.0924538420004
9700.109965635738,1.0,0.0003630032193210117,1.0,1.0,0.011888184907919763,4656,0.006125594076422072,512,97001,1.0,0.00036323503863156046,1.0,1.0,0.009955400044156104,4656,0.005159317525391726,2726.848870550326,2891.379431249996
9724.98969072165,1.0,0.00036372730822087975,1.0,1.0,0.011809130304867459,4656,0.00608642875533743,512,97249,1.0,0.0003639935000553164,1.0,1.0,0.009961935662731682,4656,0.005162964571792236,2733.968204656383,2898.6803825929965
9725.109965635738,1.0,0.0003636988692779312,1.0,1.0,0.011842263932899921,4656,0.00610298138508682,512,97251,1.0,0.00036396073414288025,1.0,1.0,0.009996057273596013,4656,0.0051800089910677615,2734.0103917573797,2898.967951439001
9749.98969072165,1.0,0.0003640273925160215,1.0,1.0,0.011790715029968838,4656,0.006077371204841588,512,97499,1.0,0.00036432835052615587,1.0,1.0,0.009983553407118493,4656,0.005173940838817059,2741.12847236736,2906.267946355998
9750.109965635738,1.0,0.00036408163005441325,1.0,1.0,0.011828174705767549,4656,0.006096128131106137,512,97501,1.0,0.0003643786739493973,1.0,1.0,0.01000302937841907,4656,0.005183703966976441,2741.170692025349,2906.5550766399974
9774.98969072165,1.0,0.00036445374943034345,1.0,1.0,0.011640308648859923,4656,0.006002381187943658,512,97749,1.0,0.0003647876621777659,1.0,1.0,0.010004821716714971,4656,0.005184804604635206,2748.339226733384,2913.9061215409965
9775.109965635738,1.0,0.0003645259285300868,1.0,1.0,0.011706783599460247,4656,0.0060356548152019065,512,97751,1.0,0.0003648605389693349,1.0,1.0,0.010072963753926386,4656,0.005218912133646175,2748.3816615713804,2914.1935390039944
9799.98969072165,1.0,0.00036487011783004216,1.0,1.0,0.011643586904322569,4656,0.00600422847107104,512,97999,1.0,0.00036524040656503535,1.0,1.0,0.010008170227824208,4656,0.005186705347598623,2755.569294933397,2921.563849278995
9800.109965635738,1.0,0.0003649721824631249,1.0,1.0,0.011641483331464001,4656,0.006003227891381254,512,98001,1.0,0.0003653449707270898,1.0,1.0,0.010058295685810731,4656,0.005211820358672912,2755.6122409283926,2921.852265294001
9824.98969072165,1.0,0.0011334944631635527,0.18470790378006874,0.18470790378006874,2.5319682117999625,4656,1.26655084406797,512,98249,1.0,0.0011612442658119595,0.23518041237113402,0.23518041237113402,2.4224858234838114,4656,1.2118235060439486,2762.8250104864273,2929.2478228830005
9825.109965635738,1.0,0.0011268297523977012,0.20554123711340205,0.20554123711340205,2.4086639037246966,4656,1.2048953865811587,512,98251,1.0,0.0011440650960014447,0.2555841924398625,0.2555841924398625,2.305069336776471,4656,1.1531067025620503,2762.8675323414354,2929.5354287269947
9849.98969072165,1.0,0.00033500685622192333,0.9905498281786942,0.9905498281786942,0.10685611918210164,4656,0.053595562980756725,512,98499,1.0,0.00033419590148933974,0.9976374570446735,0.9976374570446735,0.07336230622124426,4656,0.03684825135260513,2770.0373261434434,2936.886837414
9850.109965635738,1.0,0.00033363003821409857,0.9776632302405498,0.9776632302405498,0.11967706188713152,4656,0.060005345705038904,512,98501,1.0,0.00033263547531620335,0.9946305841924399,0.9946305841924399,0.07920290760158263,4656,0.03976777124241045,2770.0796590114333,2937.1741517209957
9874.98969072165,1.0,0.00029651983241035356,0.9993556701030928,0.9993556701030928,0.02649317205566721,4656,0.013394846129663213,512,98749,1.0,0.0002961489163928016,1.0,1.0,0.017571840704101876,4656,0.008933994880656606,2777.2424013034033,2944.5187495770006
9875.109965635738,1.0,0.00029639410386278047,0.9993556701030928,0.9993556701030928,0.026268422808434135,4656,0.013282408419343614,512,98751,1.0,0.00029602539293544807,1.0,1.0,0.017538871961770598,4656,0.008917448856576611,2777.284658882425,2944.806244166997
9899.98969072165,1.0,0.00030104268047817794,1.0,1.0,0.01914483513619072,4656,0.00972293895954119,512,98999,1.0,0.00030086000683586213,1.0,1.0,0.013261383751413667,4656,0.006781121914329398,2784.4427495533455,2952.1462255820006
9900.109965635738,1.0,0.0003011559337838409,1.0,1.0,0.019130532274541166,4656,0.009715844060956817,512,99001,1.0,0.00030097999062734783,1.0,1.0,0.0132449672803846,4656,0.006772973641906817,2784.4849134883552,2952.433404878
9924.98969072165,1.0,0.0003098254876140876,1.0,1.0,0.01612369915873734,4656,0.008216762460793826,512,99249,1.0,0.0003097506521647329,1.0,1.0,0.011500119343656036,4656,0.005904934967506383,2791.642203318377,2959.7728828779946
9925.109965635738,1.0,0.0003099562696267649,1.0,1.0,0.016138182882590803,4656,0.008224069560106677,512,99251,1.0,0.0003098843369594554,1.0,1.0,0.01148623545554905,4656,0.005898059797041195,2791.6847280483707,2960.060500708001
9949.98969072165,1.0,0.00031901668449959804,1.0,1.0,0.014457816110853478,4656,0.007388416332067903,512,99499,1.0,0.00031903513492792334,1.0,1.0,0.010592089485876338,4656,0.005455562390412662,2798.897235566379,2967.455186154999
9950.109965635738,1.0,0.0003191219943597964,1.0,1.0,0.014471334075600011,4656,0.007395228057382852,512,99501,1.0,0.00031914057600539164,1.0,1.0,0.010581734254188145,4656,0.005450437363890028,2798.939422380361,2967.7423037069966
9974.98969072165,1.0,0.0003270891325426675,1.0,1.0,0.013458506553033782,4656,0.006892797770778748,512,99749,1.0,0.0003271625470050012,1.0,1.0,0.010097935232509863,4656,0.005212548928162486,2806.19557624538,2975.1808181369997
9975.109965635738,1.0,0.00032719263096445616,1.0,1.0,0.013465669658995167,4656,0.006896431144979811,512,99751,1.0,0.00032726633986554195,1.0,1.0,0.010107180097258788,4656,0.00521722323296406,2806.238337658382,2975.468620927997
9999.98969072165,1.0,0.0003340681310730292,1.0,1.0,0.012821598356122413,4656,0.006577833206792877,512,99999,1.0,0.0003341902911509435,1.0,1.0,0.009811854854072492,4656,0.005073022442994658,2813.428162296419,2982.8406231080007
10000.109965635738,1.0,0.00033407852604114724,1.0,1.0,0.012824196995738446,4656,0.006579137698481583,512,100001,1.0,0.00033420150222647233,1.0,1.0,0.00980963452984787,4656,0.00507191806724391,2813.4704724204203,2983.1411497689987
10024.98969072165,1.0,0.0003396981392580619,1.0,1.0,0.012457076933785402,4656,0.006398387586128261,512,100249,1.0,0.00033985089216240493,1.0,1.0,0.009650715437951367,4656,0.004995283187459835,2820.6265102923207,2990.4790040009975
10025.109965635738,1.0,0.00033975465229594014,1.0,1.0,0.01245005843565636,4656,0.006394906500770464,512,100251,1.0,0.0003399057217787222,1.0,1.0,0.009665493907797378,4656,0.005002699715574992,2820.6687754833183,2990.7660159279985
10049.98969072165,1.0,0.0003441749684691839,1.0,1.0,0.012156688880264964,4656,0.006250432061985186,512,100499,1.0,0.0003443589862884115,1.0,1.0,0.009572150985809536,4656,0.004958254928441392,2827.8192722983804,2998.098812340999
10050.109965635738,1.0,0.00034424345748326215,1.0,1.0,0.01215142523709851,4656,0.006247834292883726,512,100501,1.0,0.000344428064179994,1.0,1.0,0.009575480652838638,4656,0.0049599543777118435,2827.861303848382,2998.385726127999
10074.98969072165,1.0,0.00034786217695556554,1.0,1.0,0.011965365958787322,4656,0.006156614043868284,512,100749,1.0,0.0003480504481345927,1.0,1.0,0.009532345529274433,4656,0.004940197947099037,2835.0179753163684,3005.7244817280007
10075.109965635738,1.0,0.0003478816931241566,1.0,1.0,0.012022320142726308,4656,0.006185100916325022,512,100751,1.0,0.0003480743808844655,1.0,1.0,0.009540193781410296,4656,0.004944134106750751,2835.0601430073584,3006.0116544829943
10099.98969072165,1.0,0.00035080172864022534,1.0,1.0,0.011852302911764978,4656,0.006101552358607656,512,100999,1.0,0.00035099729998005217,1.0,1.0,0.0095376812715301,4656,0.004944339240949179,2842.212530318291,3013.3457482879967
10100.109965635738,1.0,0.00035079714563704027,0.9997852233676976,0.9997852233676976,0.011897214294708882,4656,0.00612400579698307,512,101001,1.0,0.0003509959878073525,1.0,1.0,0.009548086480996044,4656,0.0049495411799945375,2842.2546983252905,3013.6329803400004
10124.98969072165,1.0,0.00035317130130795677,0.9997852233676976,0.9997852233676976,0.011836242634815858,4656,0.006094706939258117,512,101249,1.0,0.00035337465287176603,1.0,1.0,0.009556587721473983,4656,0.004954981230378561,2849.4189185682626,3020.979346480999
10125.109965635738,1.0,0.0003531567073871999,0.9997852233676976,0.9997852233676976,0.011882492357103275,4656,0.006117824580251556,512,101251,1.0,0.0003533582091075448,1.0,1.0,0.009560244599568475,4656,0.004956801476347488,2849.4610578032734,3021.2665842709976
10149.98969072165,1.0,0.0003549564834620125,0.9997852233676976,0.9997852233676976,0.011766346869190125,4656,0.0060606515899146955,512,101499,1.0,0.0003551690074330343,1.0,1.0,0.00961549421356306,4656,0.004985331772119319,2856.6270685493146,3028.614577337001
10150.109965635738,1.0,0.0003550004508487138,0.9997852233676976,0.9997852233676976,0.011839984208857481,4656,0.006097492381059837,512,101501,1.0,0.0003552136661107188,1.0,1.0,0.009655824027110621,4656,0.005005518851411301,2856.6691878533093,3028.9016322120005
10174.98969072165,1.0,0.00035663124788360497,0.9997852233676976,0.9997852233676976,0.01169949862145886,4656,0.00602806484986007,512,101749,1.0,0.00035685080638046525,1.0,1.0,0.0096212650082775,4656,0.004989057779312134,2863.8535803763516,3036.2678911549956
10175.109965635738,1.0,0.0003566125606241095,0.9997852233676976,0.9997852233676976,0.011714341714210118,4656,0.00603547702540237,512,101751,1.0,0.00035683301843933223,1.0,1.0,0.009634557868197202,4656,0.0049956954529195305,2863.8958401193668,3036.5551261579967
10199.98969072165,1.0,0.0003578202459717944,0.9997852233676976,0.9997852233676976,0.011674701962684029,4656,0.006016261133131702,512,101999,1.0,0.0003580577812346396,1.0,1.0,0.00966739511162145,4656,0.005012726507236048,2871.067547923376,3043.9088772359974
10200.109965635738,1.0,0.00035782001554146667,0.9997852233676976,0.9997852233676976,0.011655396509825978,4656,0.006006608355495938,512,102001,1.0,0.0003580549584631248,1.0,1.0,0.009689389942437922,4656,0.005023722386442099,2871.109410706369,3044.1957021639973
10224.98969072165,1.0,0.0004490240448221718,0.8696305841924399,0.8696305841924399,0.3683971457464998,4656,0.1844230845212117,512,102249,1.0,0.0004318533881320986,0.915807560137457,0.915807560137457,0.28454576079378424,4656,0.14248880569877492,2878.261470186386,3051.5301817
10225.109965635738,1.0,0.00040919502038521457,0.802405498281787,0.802405498281787,0.5216244045401767,4656,0.26101680309911773,512,102251,1.0,0.0004003808875264171,0.8425687285223368,0.8425687285223368,0.4355396061009148,4656,0.2179699943647352,2878.303609197392,3051.8172809649986
10249.98969072165,1.0,0.00030518858293487444,0.9993556701030928,0.9993556701030928,0.026204804374589954,4656,0.013254996427555675,512,102499,1.0,0.00030249225686198656,1.0,1.0,0.017646201697411816,4656,0.008974347020342588,2885.4574931404713,3059.1531502829966
10250.109965635738,1.0,0.00030491883543246393,0.9993556701030928,0.9993556701030928,0.026193234928694787,4656,0.013249076723642774,512,102501,1.0,0.00030222089634728184,1.0,1.0,0.017552667876699127,4656,0.008927444309713095,2885.5001836544834,3059.4414218620004
10274.98969072165,1.0,0.000297430512268109,0.9993556701030928,0.9993556701030928,0.018381917599550227,4656,0.0093396739246919,512,102749,1.0,0.0002955584482792317,1.0,1.0,0.012867654516934529,4656,0.0065816064265995095,2892.6553827584576,3066.7791487430004
10275.109965635738,1.0,0.00029743026263525393,0.9995704467353952,0.9995704467353952,0.018187073088183847,4656,0.009242251566595229,512,102751,1.0,0.0002955732374256829,1.0,1.0,0.01287161546064816,4656,0.0065835943234335515,2892.6972762964506,3067.0660413980004
10299.98969072165,1.0,0.0003031306672854112,1.0,1.0,0.0153388778368632,4656,0.00782100421046883,512,102999,1.0,0.00030171931353221645,1.0,1.0,0.011206006676061047,4656,0.0057538630524042135,2899.8218808924794,3074.37289626
10300.109965635738,1.0,0.0003031519052806179,1.0,1.0,0.01533006167493735,4656,0.0078166068829212,512,103001,1.0,0.0003017440463873939,1.0,1.0,0.011208062216997966,4656,0.005754903163696892,2899.8643236534845,3074.661091558999
10324.98969072165,1.0,0.0003116013085360789,1.0,1.0,0.013876757773337085,4656,0.007094179590543111,512,103249,1.0,0.00031048099148724086,1.0,1.0,0.010422175897355751,4656,0.005366328502029078,2907.0619875455304,3082.041624685
10325.109965635738,1.0,0.0003116738076779441,1.0,1.0,0.01387800527192473,4656,0.0070948395430017585,512,103251,1.0,0.00031055490521528467,1.0,1.0,0.01041818443442538,4656,0.005364369690623071,2907.104516953521,3082.3297592129966
10349.98969072165,1.0,0.00031995327176711813,1.0,1.0,0.012981929729894265,4656,0.006650941478427742,512,103499,1.0,0.0003190412157282387,1.0,1.0,0.010002899108473788,4656,0.005160970222909016,2914.247071705504,3089.6545807039947
10350.109965635738,1.0,0.000319954411117072,1.0,1.0,0.012953285908780967,4656,0.006636620182351968,512,103501,1.0,0.00031904901195432725,1.0,1.0,0.0100016825387568,4656,0.005160365829762724,2914.2894098524994,3089.9417261109993
10374.98969072165,1.0,0.0003274097347382418,1.0,1.0,0.012437685760845434,4656,0.00638254775419268,512,103749,1.0,0.00032666611046725533,1.0,1.0,0.009776810190521974,4656,0.005051738105688717,2921.435026052466,3097.2693457569985
10375.109965635738,1.0,0.00032742320851157213,1.0,1.0,0.012427411845459561,4656,0.006377417555789358,512,103751,1.0,0.0003266837191848001,1.0,1.0,0.00977828801702388,4656,0.005052485928912343,2921.477058906472,3097.556201307998
10399.98969072165,1.0,0.0003336475093135309,1.0,1.0,0.012060331519936369,4656,0.006196989533827477,512,103999,1.0,0.00033303931086640996,1.0,1.0,0.00966855443220368,4656,0.005000796975548735,2928.616640560511,3104.8782498459987
10400.109965635738,1.0,0.0003337232088766147,1.0,1.0,0.012089935672242208,4656,0.0062118295029676245,512,104001,1.0,0.0003331147639970599,1.0,1.0,0.009672006176099745,4656,0.005002560484450298,2928.658669790515,3105.165446604995
10424.98969072165,1.0,0.0003389177197443251,1.0,1.0,0.01183383530357859,4656,0.006086376524463142,512,104249,1.0,0.0003384161433301021,1.0,1.0,0.00962347038013419,4656,0.004980943149717403,2935.8550000605755,3112.5440100060005
10425.109965635738,1.0,0.0003389540957318958,1.0,1.0,0.011834006334088513,4656,0.006086480218110625,512,104251,1.0,0.00033845279455389766,1.0,1.0,0.009622335638786918,4656,0.004980394315883466,2935.8970577925866,3112.831238255996
10449.98969072165,1.0,0.0003432215501864751,1.0,1.0,0.011673515400116387,4656,0.006008368535959434,512,104499,1.0,0.00034281719616803107,1.0,1.0,0.009623755089605796,4656,0.004983286062876384,2943.104431746535,3120.221167773998
10450.109965635738,1.0,0.0003432605697219724,1.0,1.0,0.011647695733099869,4656,0.005995478007391966,512,104501,1.0,0.00034285733585095486,1.0,1.0,0.009617531729727676,4656,0.0049801945071859454,2943.146434501534,3120.5082625799987
10474.98969072165,1.0,0.00034676204176293206,1.0,1.0,0.011531785591361449,4656,0.005939273899773142,512,104749,1.0,0.0003464205760214337,1.0,1.0,0.009641031833858425,4656,0.0049937261441319256,2950.3172344476407,3127.8611075859953
10475.109965635738,1.0,0.00034678334376656315,1.0,1.0,0.011549235619220537,4656,0.005948009308670804,512,104751,1.0,0.00034644049544309833,1.0,1.0,0.009639917575206953,4656,0.0049931789489136525,2950.359244010644,3128.148211078995
10499.98969072165,1.0,0.00034953051493135105,1.0,1.0,0.011490530574444643,4656,0.005920030611896843,512,104999,1.0,0.00034925633484555275,1.0,1.0,0.009675383055742663,4656,0.005012319669690738,2957.5257226506874,3135.4967405179996
10500.109965635738,1.0,0.0003495592803172639,1.0,1.0,0.011499651314057027,4656,0.005924605319590093,512,105001,1.0,0.00034928400888783003,1.0,1.0,0.009679104044675008,4656,0.005014193989976575,2957.5614337006846,3135.790165319995
10524.98969072165,1.0,0.0003518324819012606,1.0,1.0,0.011416716264285582,4656,0.005884274430701004,512,105249,1.0,0.0003516124081365841,1.0,1.0,0.009702446944115498,4656,0.005027029676126041,2962.9821512196213,3141.355032595995
10525.109965635738,1.0,0.0003518467461786319,1.0,1.0,0.011438549793872637,4656,0.005895198313231321,512,105251,1.0,0.00035162739890957207,1.0,1.0,0.009701012336101728,4656,0.005026319797096383,2963.0175495326184,3141.633187902
10549.98969072165,1.0,0.00035369386608453143,1.0,1.0,0.011383669482883309,4656,0.00586868156887002,512,105499,1.0,0.00035352844911342633,1.0,1.0,0.00973752571135452,4656,0.005045527137841556,2968.442962150555,3147.2027058629974
10550.109965635738,1.0,0.00035373762224343225,1.0,1.0,0.011381298303604126,4656,0.005867517946921673,512,105501,1.0,0.0003535710947261643,1.0,1.0,0.009747058460392902,4656,0.005050314711950899,2968.4775799515483,3147.479210256999
10574.98969072165,1.0,0.0003552067628021502,1.0,1.0,0.011362483513723943,4656,0.0058588450102461985,512,105749,1.0,0.00035508524920932206,1.0,1.0,0.00976990721479724,4656,0.00506249628321002,2973.8985472575514,3153.0444639049965
10575.109965635738,1.0,0.00035522557807849444,1.0,1.0,0.011373284756113164,4656,0.005864255258307834,512,105751,1.0,0.00035510509182087744,1.0,1.0,0.009777531283827582,4656,0.005066318098212436,2973.939930991546,3153.3277964299996
10599.98969072165,1.0,0.0003564617823796584,1.0,1.0,0.011352435317645777,4656,0.0058544485020064,512,105999,1.0,0.0003563883327126913,1.0,1.0,0.009811928182123453,4656,0.005084158219013018,2981.0876778375095,3160.6577408449957
10600.109965635738,1.0,0.00035644866065266207,1.0,1.0,0.011406648199992491,4656,0.0058815485423373195,512,106001,1.0,0.0003563740460323714,1.0,1.0,0.00982933458184049,4656,0.005092854352341485,2981.129818213507,3160.9451871109995
10624.98969072165,1.0,0.0003576415088475775,1.0,1.0,0.011275368662634256,4656,0.005816505076139653,512,106249,1.0,0.00035760948543286404,1.0,1.0,0.00981338235111171,4656,0.005085495943875657,2988.322714826434,3168.3201218569957
10625.109965635738,1.0,0.0003576586631053092,1.0,1.0,0.01127236876700752,4656,0.005815013731058521,512,106251,1.0,0.0003576249370665075,1.0,1.0,0.009819301133303298,4656,0.005088463067189115,2988.3647331144457,3168.606986975996
10649.98969072165,1.0,0.0003584341763733179,1.0,1.0,0.01121955536485128,4656,0.005788994818618617,512,106499,1.0,0.000358442273439001,1.0,1.0,0.009833281290080539,4656,0.005095861826565667,2995.5513515854836,3175.9757583559986
10650.109965635738,1.0,0.00035848041605908437,1.0,1.0,0.011223576834930997,4656,0.00579102854548451,512,106501,1.0,0.00035848766821356575,1.0,1.0,0.009852308383102679,4656,0.005105398006455595,2995.5938127514746,3176.2632196409977
10674.98969072165,1.0,0.0003591751762989051,1.0,1.0,0.01121054441248838,4656,0.005784859823197434,512,106749,1.0,0.0003592221456807094,1.0,1.0,0.009855342075177484,4656,0.0051072820560219365,3002.763884953434,3183.6152238379946
10675.109965635738,1.0,0.0003591389347290255,1.0,1.0,0.011231818149999245,4656,0.005795478615973823,512,106751,1.0,0.00035918361580965854,1.0,1.0,0.009861015781913837,4656,0.0051100997068628,3002.80613568244,3183.9028704189986
10699.98969072165,1.0,0.0003597153433921821,1.0,1.0,0.011182090056311223,4656,0.005770902760659706,512,106999,1.0,0.00035978958676361134,1.0,1.0,0.009858227574948183,4656,0.005109008542450843,3009.953678842423,3191.2321452469987
10700.109965635738,1.0,0.0003597457217903891,1.0,1.0,0.011201504169870488,4656,0.005780625077047709,512,107001,1.0,0.000359821130115142,1.0,1.0,0.009878692758042379,4656,0.005119256905673705,3009.996040430422,3191.519734030997
10724.98969072165,1.0,0.0003708076192853377,0.8704896907216495,0.8704896907216495,0.3763056194659361,4656,0.18833821090226321,512,107249,1.0,0.0003691661008393642,0.9138745704467354,0.9138745704467354,0.29439997591103884,4656,0.14738457309421396,3017.154013322346,3198.860663984
10725.109965635738,1.0,0.0003719745152645914,0.8088487972508591,0.8088487972508591,0.48899602070706816,4656,0.2446839997858526,512,107251,1.0,0.00037135068275981754,0.8485824742268041,0.8485824742268041,0.40906286075762455,4656,0.20471710519692332,3017.1962583923378,3199.149596406998
10749.98969072165,1.0,0.000304824643835579,0.9976374570446735,0.9976374570446735,0.025428892615734507,4656,0.012866858661789255,512,107499,1.0,0.0003023454343381616,1.0,1.0,0.01615551943631516,4656,0.008228932356916343,3024.400163655344,3206.5359423679984
10750.109965635738,1.0,0.00030418176242371194,0.9976374570446735,0.9976374570446735,0.025124263927289302,4656,0.012714222841656086,512,107501,1.0,0.00030174519213819014,1.0,1.0,0.016075644296469148,4656,0.008188694715499878,3024.4422449043486,3206.8231242139955
10774.98969072165,1.0,0.000298293473845495,0.998926116838488,0.998926116838488,0.01735325326624605,4656,0.008825773430853775,512,107749,1.0,0.0002968419612068491,1.0,1.0,0.012014069098377555,4656,0.006155455542593887,3031.60218680634,3214.1656979539985
10775.109965635738,1.0,0.0002983091271056752,0.998926116838488,0.998926116838488,0.01736687958445336,4656,0.008832594578208793,512,107751,1.0,0.0002968650298429928,1.0,1.0,0.011996451726893788,4656,0.00614665842957513,3031.6448928973405,3214.452991143
10799.98969072165,1.0,0.0003050620862862089,0.9997852233676976,0.9997852233676976,0.014311098970498416,4656,0.007308080536393365,512,107999,1.0,0.0003039995624437365,1.0,1.0,0.010649456498549157,4656,0.005476728081703186,3038.778615575371,3221.7687245380002
10800.109965635738,1.0,0.00030512939434485745,0.9995704467353952,0.9995704467353952,0.014338180986057032,4656,0.007321655289414003,512,108001,1.0,0.0003040718599590649,1.0,1.0,0.010641046201240565,4656,0.005472558982593497,3038.821090963378,3222.0558893889975
10824.98969072165,1.0,0.0003136687422382463,1.0,1.0,0.013038878895572781,4656,0.0066762737596977205,512,108249,1.0,0.0003128171325549227,1.0,1.0,0.010028304512967769,4656,0.0051705608355630305,3045.9777763824095,3229.3942515710005
10825.109965635738,1.0,0.0003137082162335566,1.0,1.0,0.012998834303564223,4656,0.006656271331908367,512,108251,1.0,0.000312862373709269,1.0,1.0,0.010023133553999806,4656,0.005167997887044428,3046.020066318415,3229.680856466999
10849.98969072165,1.0,0.00032191613810680984,1.0,1.0,0.012085096840186627,4656,0.006203506513149878,512,108499,1.0,0.00032122493353496304,1.0,1.0,0.009719001161273812,4656,0.005020113130615339,3053.149194499514,3236.991927473995
10850.109965635738,1.0,0.0003219915752353537,1.0,1.0,0.012045157529234476,4656,0.006183574545834073,512,108501,1.0,0.00032129966977126,1.0,1.0,0.009718573789825964,4656,0.00501993672339777,3053.1912858065043,3237.2783107529976
10874.98969072165,1.0,0.00032923288348921386,1.0,1.0,0.011597879154165996,4656,0.0059635560332295,512,108749,1.0,0.0003286403735069065,1.0,1.0,0.009569319662769226,4656,0.004948980005336381,3060.302017156573,3244.570866050999
10875.109965635738,1.0,0.0003292952821017131,1.0,1.0,0.01160115443963775,4656,0.005965224860869732,512,108751,1.0,0.0003286986019705579,1.0,1.0,0.009568056699746252,4656,0.00494837760925293,3060.3441360585857,3244.8574952950003
10899.98969072165,1.0,0.0003353462960967903,1.0,1.0,0.011324252254774481,4656,0.005829799267434582,512,108999,1.0,0.000334837409920504,1.0,1.0,0.00951088498957788,4656,0.004922861239754457,3067.4647015786177,3252.1596586980013
10900.109965635738,1.0,0.00033540016558674193,1.0,1.0,0.011375484187988071,4656,0.005855442066372875,512,109001,1.0,0.0003348923451507214,1.0,1.0,0.009511564298184057,4656,0.0049232283408699165,3067.506574795618,3252.445614847995
10924.98969072165,1.0,0.0003403086420084603,1.0,1.0,0.011154808539295524,4656,0.005747558581050728,512,109249,1.0,0.0003398724950056305,1.0,1.0,0.009496387542318232,4656,0.0049181299418518225,3074.6350315795426,3259.7558940460003
10925.109965635738,1.0,0.0003403274476835408,1.0,1.0,0.011159399940385851,4656,0.00574986365242922,512,109251,1.0,0.0003398939154248467,1.0,1.0,0.009497438714266643,4656,0.004918666383654801,3074.677046866549,3260.0426640669975
10949.98969072165,1.0,0.0003444197430848256,1.0,1.0,0.011020535251119292,4656,0.005682477426692792,512,109499,1.0,0.00034404342155583536,1.0,1.0,0.009509439525735337,4656,0.004926741532853379,3081.804662531591,3267.3521576779967
10950.109965635738,1.0,0.0003444543012331442,1.0,1.0,0.011024006863230282,4656,0.005684230591832977,512,109501,1.0,0.0003440749169010477,1.0,1.0,0.009512570100961272,4656,0.004928322540935372,3081.846838722595,3267.6394913179975
10974.98969072165,1.0,0.00034769194975136893,1.0,1.0,0.010981669335840494,4656,0.005664680678000565,512,109749,1.0,0.00034737392389487564,1.0,1.0,0.009538422540291068,4656,0.004942898232092972,3088.977547831586,3274.9519518009984
10975.109965635738,1.0,0.0003477221489259877,1.0,1.0,0.01099394748301031,4656,0.005670834806366884,512,109751,1.0,0.0003474017931628473,1.0,1.0,0.009540029612603466,4656,0.004943715696482314,3089.0197976455893,3275.239218265
10999.98969072165,1.0,0.0003503698638009861,1.0,1.0,0.010945796761725777,4656,0.005648083293560854,512,109999,1.0,0.00035010465129544234,1.0,1.0,0.009571451604161476,4656,0.0049607780893234045,3096.1748817416155,3282.576266611999
11000.109965635738,1.0,0.00035041827337233884,1.0,1.0,0.010932799569519935,4656,0.005641608918245716,512,110001,1.0,0.00035015044292223825,1.0,1.0,0.00957340677988898,4656,0.004961778617806451,3096.2170072786175,3282.8749736009995
11024.98969072165,1.0,0.0003523856075000517,1.0,1.0,0.010908003525225977,4656,0.0056301946287712285,512,110249,1.0,0.00035216447759637307,1.0,1.0,0.00960907811151747,4656,0.00498062126415292,3103.3463198475656,3290.184735347997
11025.109965635738,1.0,0.00035241903910010133,1.0,1.0,0.01090583358843302,4656,0.005629126456185305,512,110251,1.0,0.0003521959345365308,1.0,1.0,0.00960847366716444,4656,0.004980334813652169,3103.388576695572,3290.4720766829996
11049.98969072165,1.0,0.00035427521619804946,1.0,1.0,0.010896329617582237,4656,0.005625302388086352,512,110499,1.0,0.0003540988473855343,1.0,1.0,0.009640825880352165,4656,0.00499746239267264,3110.5155789565106,3297.780249256997
11050.109965635738,1.0,0.0003543087438107356,1.0,1.0,0.010878092439723588,4656,0.005616200543760844,512,110501,1.0,0.0003541331238967856,1.0,1.0,0.009648504843007248,4656,0.005001319028257914,3110.5575646665093,3298.0668032709946
11074.98969072165,1.0,0.00035561691598384244,1.0,1.0,0.010872822651748396,4656,0.005614219764663591,512,110749,1.0,0.0003554917155057704,1.0,1.0,0.009668953435117845,4656,0.005012222530505911,3117.648119948499,3305.337920692
11075.109965635738,1.0,0.0003555874785094736,1.0,1.0,0.010898824307517088,4656,0.005627205896213702,512,110751,1.0,0.0003554612090907146,1.0,1.0,0.009675769052144997,4656,0.005015615233031335,3117.6899762584944,3305.6242277809943
11099.98969072165,1.0,0.0003568696536610217,1.0,1.0,0.010875678349196706,4656,0.005616274076638762,512,110999,1.0,0.00035677205681596013,1.0,1.0,0.009691155858056242,4656,0.005023964031045789,3124.81378033854,3312.928972802001
11100.109965635738,1.0,0.0003568807591226502,1.0,1.0,0.010865830678710412,4656,0.0056113556693100025,512,111001,1.0,0.0003567823973769175,1.0,1.0,0.009695366281004706,4656,0.005026074311987231,3124.8560688465514,3313.215895590998
11124.98969072165,1.0,0.00035778921788808,1.0,1.0,0.010814201176371361,4656,0.0055859951731265615,512,111249,1.0,0.0003577314598863477,1.0,1.0,0.009709099006816694,4656,0.0050334152077481506,3131.965644894568,3320.507343017998
11125.109965635738,1.0,0.0003577533827716952,1.0,1.0,0.010831074616343705,4656,0.00559441391954717,512,111251,1.0,0.00035769443741369086,1.0,1.0,0.009715075345383477,4656,0.005036384891398584,3132.007794159581,3320.7948070819984
11149.98969072165,1.0,0.00035856948058117706,1.0,1.0,0.010830058264978154,4656,0.005594313810371451,512,111499,1.0,0.0003585483161956584,1.0,1.0,0.009718079132722416,4656,0.0050383137468619854,3139.1217569285436,3328.090309610001
11150.109965635738,1.0,0.00035856866767418756,1.0,1.0,0.010844082971618757,4656,0.005601325856451316,512,111501,1.0,0.0003585482137821794,1.0,1.0,0.0097262290949674,4656,0.005042388625570999,3139.16342090955,3328.376457900995
11174.98969072165,1.0,0.00035908634540756133,1.0,1.0,0.010765577919294745,4656,0.0055623321291507315,512,111749,1.0,0.00035910091052452725,1.0,1.0,0.009739436542045619,4656,0.005049268660676438,3146.228587603553,3335.6224808459956
11175.109965635738,1.0,0.00035913630078236264,1.0,1.0,0.010809211796501657,4656,0.005584174107849803,512,111751,1.0,0.00035914908326470976,1.0,1.0,0.009755676452236897,4656,0.005057412836559859,3146.270396510561,3335.9087961920013
11199.98969072165,1.0,0.0003595091274513821,1.0,1.0,0.010774524146338919,4656,0.0055670167777136835,512,111999,1.0,0.00035955742500799217,1.0,1.0,0.009736671787766656,4656,0.005048114665595117,3153.397389102429,3343.2174231280005
11200.109965635738,1.0,0.0003594833192546753,1.0,1.0,0.010827614064888446,4656,0.0055935486280631365,512,112001,1.0,0.00035952853480565177,1.0,1.0,0.009752213238031184,4656,0.005055870950426843,3153.4394216554283,3343.504007743999
11224.98969072165,1.0,0.0005396121082334584,0.8412800687285223,0.8412800687285223,0.5634158419579575,4656,0.2819777288797385,512,112249,1.0,0.0005311904814337537,0.8704896907216495,0.8704896907216495,0.5024788322317641,4656,0.25150501277438553,3160.584454562435,3350.8303104969964
11225.109965635738,1.0,0.0005067688160131068,0.8043384879725086,0.8043384879725086,0.6096011027437714,4656,0.3050539370664616,512,112251,1.0,0.0005016082136082076,0.8307560137457045,0.8307560137457045,0.5490258600293976,4656,0.2747637332509883,3160.626890792453,3351.1178111400004
11249.98969072165,1.0,0.0003231583143939677,0.9997852233676976,0.9997852233676976,0.023237179644738686,4656,0.011780169001969275,512,112499,1.0,0.00032289365236087353,1.0,1.0,0.017432671641975744,4656,0.00887778298961338,3167.7623794194005,3358.434689529997
11250.109965635738,1.0,0.00032288456956545514,0.9997852233676976,0.9997852233676976,0.023010495192406513,4656,0.011666689746568292,512,112501,1.0,0.0003226059985017449,1.0,1.0,0.017379200540457395,4656,0.008850903343089257,3167.8043871894115,3358.7215499349986
11274.98969072165,1.0,0.00031232186737134283,1.0,1.0,0.01547205018014023,4656,0.007892185879736831,512,112749,1.0,0.0003118367507234472,1.0,1.0,0.012013896634078928,4656,0.006162866745208137,3174.916315792456,3366.015707314
11275.109965635738,1.0,0.0003122984786930772,1.0,1.0,0.015441607773508812,4656,0.007876953103697997,512,112751,1.0,0.0003118085486116688,1.0,1.0,0.011994440530993274,4656,0.0061531246118119495,3174.958359812459,3366.302549121996
11299.98969072165,1.0,0.00031655370753860145,1.0,1.0,0.01305290390945382,4656,0.006684728862903372,512,112999,1.0,0.00031611653640098176,1.0,1.0,0.010460393125658593,4656,0.0053882549206415815,3182.0776817673323,3373.603658576998
11300.109965635738,1.0,0.0003166016114434016,1.0,1.0,0.013006174277603831,4656,0.006661387960525723,512,113001,1.0,0.00031616539083088386,1.0,1.0,0.010450353327485704,4656,0.005383259293549659,3182.12006995533,3373.8908803769955
11324.98969072165,1.0,0.00032308803314400704,1.0,1.0,0.011888147117346013,4656,0.006105617610449644,512,113249,1.0,0.0003227165666540054,1.0,1.0,0.009782095545345974,4656,0.005052406046398727,3189.269394450348,3381.2224650899952
11325.109965635738,1.0,0.00032313505373255085,1.0,1.0,0.011845369416823502,4656,0.0060842521616683385,512,113251,1.0,0.00032276591074835393,1.0,1.0,0.009779891709691471,4656,0.0050513287590131725,3189.311675442339,3381.5097358720013
11349.98969072165,1.0,0.0003298221418435631,1.0,1.0,0.011302411556243896,4656,0.005816116775434042,512,113499,1.0,0.0003295066699232023,1.0,1.0,0.009454976140019,4656,0.00489224145297742,3196.4696140072774,3388.8495647599993
11350.109965635738,1.0,0.00032987898772524803,1.0,1.0,0.011308779933608275,4656,0.005819329435063391,512,113501,1.0,0.00032956384864869396,1.0,1.0,0.00945455409407206,4656,0.004892059003364589,3196.5120119712665,3389.1372601279945
11374.98969072165,1.0,0.00033570048671305384,1.0,1.0,0.010928564976990428,4656,0.005632132701447739,512,113749,1.0,0.0003354393227403516,1.0,1.0,0.009301357252900953,4656,0.004818398313424022,3203.6644134002127,3396.4718539359965
11375.109965635738,1.0,0.0003357346128045079,1.0,1.0,0.010914674739247746,4656,0.0056252046344206505,512,113751,1.0,0.00033547256871597055,1.0,1.0,0.009301154166972105,4656,0.0048183134126499345,3203.706716455199,3396.759088544997
11399.98969072165,1.0,0.0003407088962873233,1.0,1.0,0.010701345721470941,4656,0.005521027185662915,512,113999,1.0,0.0003405058647656359,1.0,1.0,0.009246454513359726,4656,0.004793480141056362,3210.861109615209,3404.095813590997
11400.109965635738,1.0,0.00034075967737079893,1.0,1.0,0.01069247159351598,4656,0.005516615520228225,512,114001,1.0,0.0003405547992060684,1.0,1.0,0.009247455707530385,4656,0.004794005266169912,3210.9033905092147,3404.3831286880013
11424.98969072165,1.0,0.0003449301782649817,1.0,1.0,0.010651203365260382,4656,0.005498066698152994,512,114249,1.0,0.00034476501732757413,1.0,1.0,0.009238224975841562,4656,0.004791495060592992,3218.063913411155,3411.7254720959972
11425.109965635738,1.0,0.00034495353813945634,1.0,1.0,0.010649901485115392,4656,0.005497427535630583,512,114251,1.0,0.00034478998061307926,1.0,1.0,0.00923821688517672,4656,0.00479150340729153,3218.106267068142,3412.012992840995
11449.98969072165,1.0,0.00034818539709569664,1.0,1.0,0.010603572494795233,4656,0.0054758789715488344,512,114499,1.0,0.00034807534741167353,1.0,1.0,0.009261238513533603,4656,0.004804656933673059,3225.2578766652077,3419.346662896998
11450.109965635738,1.0,0.0003481889367615644,1.0,1.0,0.010607916567333784,4656,0.005478052697640514,512,114501,1.0,0.0003480813065959826,1.0,1.0,0.009263709750781763,4656,0.004805895471081291,3225.300114275218,3419.6333710799954
11474.98969072165,1.0,0.00035107834744699224,1.0,1.0,0.010534320705125421,4656,0.0054426996158980015,512,114749,1.0,0.0003510054994592142,1.0,1.0,0.009294382997394837,4656,0.004822694302834186,3232.455031268226,3426.970049798001
11475.109965635738,1.0,0.00035105852403796413,1.0,1.0,0.010533104852302787,4656,0.0054420817553792215,512,114751,1.0,0.000350985893678829,1.0,1.0,0.009294559660646105,4656,0.004822772700352357,3232.497602186224,3427.2580328189943
11499.98969072165,1.0,0.0003533300518016635,1.0,1.0,0.010530776789098261,4656,0.005442053489259018,512,114999,1.0,0.00035330457324834216,1.0,1.0,0.009332640679021882,4656,0.004842972632535954,3239.695001433276,3434.6378030829947
11500.109965635738,1.0,0.00035335040648061387,1.0,1.0,0.010546340872741648,4656,0.005449845618808393,512,115001,1.0,0.0003533251967626749,1.0,1.0,0.009334970176015114,4656,0.004844147622380469,3239.737174223279,3434.9384388219987
11524.98969072165,1.0,0.0003550448246889098,1.0,1.0,0.010545559765137349,4656,0.005450302331717973,512,115249,1.0,0.0003550702456346492,1.0,1.0,0.009375647376083426,4656,0.004865358734048929,3246.944703237292,3442.3284531799945
11525.109965635738,1.0,0.0003550072005370638,1.0,1.0,0.010562474784982163,4656,0.0054587409975602455,512,115251,1.0,0.00035503591151581597,1.0,1.0,0.009380259874350427,4656,0.004867647982544915,3246.9871727963036,3442.6162597910006
11549.98969072165,1.0,0.0003565076316140362,1.0,1.0,0.01053602466058895,4656,0.00544626616530402,512,115499,1.0,0.00035658280310761886,1.0,1.0,0.009412758846053552,4656,0.004884670792576373,3254.185361237338,3449.9965476459984
11550.109965635738,1.0,0.00035650415275617154,1.0,1.0,0.010534360236728314,4656,0.00544543216113782,512,115501,1.0,0.0003565789433996292,1.0,1.0,0.009414952030706242,4656,0.004885765490253356,3254.2274071663196,3450.2834983270004
11574.98969072165,1.0,0.00035758035519893225,1.0,1.0,0.010537825089549691,4656,0.00544770271917389,512,115749,1.0,0.00035769599281840306,1.0,1.0,0.009446239758193288,4656,0.004901967865904582,3261.350568280228,3457.5890117419985
11575.109965635738,1.0,0.00035754596347251707,1.0,1.0,0.010564576924052025,4656,0.005461061379753847,512,115751,1.0,0.00035766285565710557,1.0,1.0,0.009449607727863534,4656,0.004903635310962847,3261.392799536232,3457.875954006995
11599.98969072165,1.0,0.00035842261965229747,1.0,1.0,0.010524795841924922,4656,0.005441609219587136,512,115999,1.0,0.00035859092660376295,1.0,1.0,0.009477999509405024,4656,0.004918295237206921,3268.50783927623,3465.173108643001
11600.109965635738,1.0,0.00035842269646240674,1.0,1.0,0.010562556203697965,4656,0.005460489451680396,512,116001,1.0,0.00035859102581682075,1.0,1.0,0.009482332418874367,4656,0.004920461691941593,3268.549784409246,3465.460062006001
11624.98969072165,1.0,0.0003590687846963348,1.0,1.0,0.010550169395826935,4656,0.005454619059857634,512,116249,1.0,0.00035926974234507257,1.0,1.0,0.00949992060251662,4656,0.004929595233238849,3275.6916000493366,3472.7840223449966
11625.109965635738,1.0,0.00035905999954008975,1.0,1.0,0.010565130980973392,4656,0.0054620955510647435,512,116251,1.0,0.0003592625926040702,1.0,1.0,0.009502519242132652,4656,0.004930890866161622,3275.734089523343,3473.0716722319994
11649.98969072165,1.0,0.00035938510472831856,1.0,1.0,0.010533554037821661,4656,0.005446469558473306,512,116499,1.0,0.0003596316715798427,1.0,1.0,0.009512938072591303,4656,0.004936284984100316,3282.922794594386,3480.442561646996
11650.109965635738,1.0,0.0003594236313989482,1.0,1.0,0.010537554103484269,4656,0.005448488947452139,512,116501,1.0,0.0003596722881255281,1.0,1.0,0.009516512815075642,4656,0.004938092428384368,3282.965563996382,3480.7306553089948
11674.98969072165,1.0,0.000359643548342985,1.0,1.0,0.010563063867313345,4656,0.005461353770236379,512,116749,1.0,0.0003599193958482382,1.0,1.0,0.00953432774216039,4656,0.004947123709822848,3290.157360994359,3488.1051038299993
11675.109965635738,1.0,0.00035964091759674326,1.0,1.0,0.010607092138827871,4656,0.005483366574618415,512,116751,1.0,0.00035991717795633366,1.0,1.0,0.009542306571481973,4656,0.004951111946728631,3290.2003546573687,3488.3939168419965
11699.98969072165,1.0,0.00035985006512337945,1.0,1.0,0.01049229031575914,4656,0.005426070227246105,512,116999,1.0,0.000360153148213203,1.0,1.0,0.00954414202585253,4656,0.0049521476542417125,3297.334146891364,3495.709592220999
11700.109965635738,1.0,0.0003598555474449269,1.0,1.0,0.010595298714654143,4656,0.005477577140650798,512,117001,1.0,0.00036016097324308253,1.0,1.0,0.009556553720198955,4656,0.004958357341920387,3297.3764734863726,3495.9967958470006
11724.98969072165,1.0,0.00039185284672119364,0.9299828178694158,0.9299828178694158,0.3709175267170385,4656,0.1856546893562238,512,117249,1.0,0.00038825179677443814,0.9555412371134021,0.9555412371134021,0.3146239801780465,4656,0.15750611688672883,3304.4870559133633,3503.288508580001
11725.109965635738,1.0,0.00038434107407057,0.9014175257731959,0.9014175257731959,0.39848013022511275,4656,0.19943223868039056,512,117251,1.0,0.0003813598881062773,0.9271907216494846,0.9271907216494846,0.3381312852053298,4656,0.16925632175301358,3304.5293785543618,3503.5756020349945
11749.98969072165,1.0,0.0003063441206192233,0.9993556701030928,0.9993556701030928,0.025560949266571358,4656,0.012933646587981391,512,117499,1.0,0.000305854910632589,1.0,1.0,0.016974574511813133,4656,0.008640214852041396,3311.68453794832,3510.9127111199996
11750.109965635738,1.0,0.0003065628150023546,0.9993556701030928,0.9993556701030928,0.02521921596985912,4656,0.012762889419634318,512,117501,1.0,0.000306047659200901,1.0,1.0,0.016834129582565676,4656,0.008570088656087922,3311.726693585304,3511.1997598019952
11774.98969072165,1.0,0.00029993944727780484,1.0,1.0,0.01609236063416471,4656,0.008196149904703357,512,117749,1.0,0.00029942547563220216,1.0,1.0,0.011550396066351035,4656,0.005924910767791197,3318.838512808361,3518.4936644679983
11775.109965635738,1.0,0.00029998168963746926,1.0,1.0,0.016057505435550335,4656,0.00817874350498632,512,117751,1.0,0.00029947081599960624,1.0,1.0,0.011532368324056934,4656,0.005915919478816265,3318.880799093349,3518.7806453589947
11799.98969072165,1.0,0.00030696155228155997,1.0,1.0,0.013383477619013836,4656,0.006845219540841801,512,117999,1.0,0.00030658757026048053,1.0,1.0,0.010074491865446478,4656,0.005190539708252216,3326.0793322013196,3526.1614142339968
11800.109965635738,1.0,0.00030701394957775103,1.0,1.0,0.013325645956386816,4656,0.006816329876172174,512,118001,1.0,0.000306645507485801,1.0,1.0,0.010067729196187966,4656,0.005187187407844255,3326.1214615543213,3526.4485171900014
11824.98969072165,1.0,0.0003157276340161812,1.0,1.0,0.012192446956110164,4656,0.006254087250257276,512,118249,1.0,0.0003154666876721218,1.0,1.0,0.009443698265298535,4656,0.00487958248128596,3333.2633687963244,3533.7730480850005
11825.109965635738,1.0,0.00031576900266085296,1.0,1.0,0.012164745543830582,4656,0.006240257282846982,512,118251,1.0,0.00031550766906582615,1.0,1.0,0.009437838166030412,4656,0.004876672965554437,3333.306192926335,3534.060754006001
11849.98969072165,1.0,0.0003238980981594918,1.0,1.0,0.01152423157315074,4656,0.005924064832454694,512,118499,1.0,0.00032373658570227344,1.0,1.0,0.009145427200802412,4656,0.0047345818932523435,3340.4577217463084,3541.394203983
11850.109965635738,1.0,0.0003239521340713468,1.0,1.0,0.011539368899827152,4656,0.005931660584158094,512,118501,1.0,0.0003237933323709006,1.0,1.0,0.009143747619746886,4656,0.004733770368844783,3340.4999171063027,3541.6806576399977
11874.98969072165,1.0,0.0003308652423296597,1.0,1.0,0.011153260661973986,4656,0.005742062920147611,512,118749,1.0,0.0003308080508024832,1.0,1.0,0.00901354690597639,4656,0.004672177571201652,3347.642016087266,3549.003908999999
11875.109965635738,1.0,0.00033092263228295184,1.0,1.0,0.011128948931022198,4656,0.005729935730445836,512,118751,1.0,0.0003308645702412038,1.0,1.0,0.009012676391404928,4656,0.004671770477622645,3347.684215219262,3549.291162884001
11899.98969072165,1.0,0.00033670657432775727,1.0,1.0,0.0109024650042819,4656,0.005619585821309041,512,118999,1.0,0.00033672925251251233,1.0,1.0,0.008971908145753788,4656,0.004654318708734414,3354.827785232301,3556.616996245997
11900.109965635738,1.0,0.00033677385358261486,1.0,1.0,0.010904822050500982,4656,0.005620797987246432,512,119001,1.0,0.00033679547562836783,1.0,1.0,0.008971243379861629,4656,0.0046540194053420495,3354.8700694322906,3556.904618574001
11924.98969072165,1.0,0.0003414827037308224,1.0,1.0,0.010775366497203656,4656,0.005558424696479876,512,119249,1.0,0.000341577593019533,1.0,1.0,0.00898187205553874,4656,0.004661724739467975,3362.0183854762217,3564.235063881999
11925.109965635738,1.0,0.0003415040729432991,1.0,1.0,0.010785762899110407,4656,0.005563633548435067,512,119251,1.0,0.00034159903584169766,1.0,1.0,0.008982114058589608,4656,0.004661856494408702,3362.06075884022,3564.5224432920004
11949.98969072165,1.0,0.000345263751767755,1.0,1.0,0.01071090509801386,4656,0.005528084447293757,512,119499,1.0,0.00034541993872406557,1.0,1.0,0.009015043883798868,4656,0.004680231930463994,3369.273399104226,3571.9175722699947
11950.109965635738,1.0,0.00034530625976238053,1.0,1.0,0.010712888232621131,4656,0.005529097265394283,512,119501,1.0,0.0003454654871188488,1.0,1.0,0.009017641396866631,4656,0.0046815534739969526,3369.3168772012286,3572.207230314001
11974.98969072165,1.0,0.0003484116412724826,1.0,1.0,0.010629393083533062,4656,0.005488902432812038,512,119749,1.0,0.0003486316126236801,1.0,1.0,0.009063469073207108,4656,0.004706050266105285,3376.519891923199,3579.592412262995
11975.109965635738,1.0,0.00034841672994222016,1.0,1.0,0.010625858896786404,4656,0.005487137848568946,512,119751,1.0,0.00034863747579535256,1.0,1.0,0.009066222869243818,4656,0.004707430185321271,3376.5619347672036,3579.879320262
11999.98969072165,1.0,0.00035075626025597256,1.0,1.0,0.010572621502827123,4656,0.005461688918346392,512,119999,1.0,0.000351036386724395,1.0,1.0,0.009117400932967458,4656,0.004734218581435606,3383.79864122218,3587.2983555699975
12000.109965635738,1.0,0.00035073586717196756,1.0,1.0,0.010591261165658223,4656,0.005470998457207303,512,120001,1.0,0.0003510177602729027,1.0,1.0,0.009116822194397654,4656,0.0047339199949375955,3383.841425132181,3587.5982704599955
12024.98969072165,1.0,0.0003527967944177975,1.0,1.0,0.010597282463742285,4656,0.005475039590674987,512,120249,1.0,0.000353127340322098,1.0,1.0,0.009167960419277964,4656,0.0047605438637979254,3390.998281129272,3594.937485046001
12025.109965635738,1.0,0.00035283121814842484,1.0,1.0,0.01058721982736358,4656,0.005470025477950106,512,120251,1.0,0.000353165975807049,1.0,1.0,0.009171572747509094,4656,0.004762369384061021,3391.040351490272,3595.224420298997
12049.98969072165,1.0,0.00035426409153389355,1.0,1.0,0.010554136074695391,4656,0.005454200086315063,512,120499,1.0,0.00035464483604500795,1.0,1.0,0.00921410844498074,4656,0.0047843767605286695,3398.2429740591833,3602.609286105995
12050.109965635738,1.0,0.00035427771892744244,1.0,1.0,0.010558915302106195,4656,0.005456596510516819,512,120501,1.0,0.00035466274240172603,1.0,1.0,0.009214845924442987,4656,0.004784754410232466,3398.285306178186,3602.896986847998
12074.98969072165,1.0,0.00035548967363703294,1.0,1.0,0.01057927960792358,4656,0.005467384541567249,512,120749,1.0,0.0003559172787156302,1.0,1.0,0.009260857023324343,4656,0.004808387088611773,3405.445602206113,3610.2398430859976
12075.109965635738,1.0,0.0003554663489671917,1.0,1.0,0.010588488525541378,4656,0.005471977427653021,512,120751,1.0,0.0003558928787042595,1.0,1.0,0.009262458565308876,4656,0.004809175723606778,3405.4877186261074,3610.5268726099966
12099.98969072165,1.0,0.0003564371647396448,1.0,1.0,0.010596147107914141,4656,0.005476292056316363,512,120999,1.0,0.00035689374963237657,1.0,1.0,0.00929510859689352,4656,0.004826001131657473,3412.6249294540394,3617.846372727996
12100.109965635738,1.0,0.00035644146610576264,1.0,1.0,0.01059579849243164,4656,0.0054761199504649105,512,121001,1.0,0.0003568985310616772,1.0,1.0,0.009297058549533594,4656,0.004826978565901006,3412.666947904043,3618.1334123220004
12124.98969072165,1.0,0.00035714803910030123,1.0,1.0,0.01053899342251807,4656,0.0054480707420106605,512,121249,1.0,0.0003576400846601352,1.0,1.0,0.00932711373080093,4656,0.004842376842121898,3419.8371341119782,3625.485465797996
12125.109965635738,1.0,0.0003571600150765013,1.0,1.0,0.010540457320786834,4656,0.005448808631126823,512,121251,1.0,0.00035765013718318283,1.0,1.0,0.009327354197649611,4656,0.0048425021450134486,3419.880215529978,3625.7731686049956
12149.98969072165,1.0,0.00035783608165598405,1.0,1.0,0.010542341421559914,4656,0.005450088645994049,512,121499,1.0,0.00035835165671261725,1.0,1.0,0.009351569147863748,4656,0.004854960335079338,3427.0933648879873,3633.1684455239956
12150.109965635738,1.0,0.0003577743519315195,1.0,1.0,0.010561343935347096,4656,0.005459559178843941,512,121501,1.0,0.00035829096072420634,1.0,1.0,0.00936128234945212,4656,0.004859786621483741,3427.13552174098,3633.455679175997
12174.98969072165,1.0,0.00035809726803163485,1.0,1.0,0.010493413074729369,4656,0.0054257552033847144,512,121749,1.0,0.00035863842725548955,1.0,1.0,0.00937582035244945,4656,0.004867229316242782,3434.3297941999845,3640.831970362997
12175.109965635738,1.0,0.0003580981321453638,1.0,1.0,0.010490944295404703,4656,0.005424521223376297,512,121751,1.0,0.0003586371278844748,1.0,1.0,0.00937981601433246,4656,0.0048692266863236315,3434.371738577982,3641.1188719389975
12199.98969072165,1.0,0.00035844675402870704,1.0,1.0,0.01056151977929053,4656,0.005459983273060461,512,121999,1.0,0.00035900478267280505,1.0,1.0,0.00938102408373069,4656,0.004870014450804065,3441.4850933740236,3648.4139336719963
12200.109965635738,1.0,0.00035853967505836815,1.0,1.0,0.010530107721839984,4656,0.0054443236376411725,512,122001,1.0,0.00035909988318931605,1.0,1.0,0.009389910603716611,4656,0.004874505281858018,3441.5271591460187,3648.7011076810013
12224.98969072165,1.0,0.0003586019200506489,1.0,1.0,0.010485632517903121,4656,0.005422117169370356,512,122249,1.0,0.0003591713229917579,1.0,1.0,0.00938652061514838,4656,0.004872846081084812,3448.6423897140558,3655.998101609999
12225.109965635738,1.0,0.0003585399438937505,1.0,1.0,0.010514655883369577,4656,0.005436597872026188,512,122251,1.0,0.00035910816587942984,1.0,1.0,0.00939392367589105,4656,0.004876515965691137,3448.684548428042,3656.284817945998
12249.98969072165,1.0,0.000358653674062175,1.0,1.0,0.010491818906515325,4656,0.005425236223079904,512,122499,1.0,0.00035922669347926103,1.0,1.0,0.009400382894011298,4656,0.004879804718535381,3455.7973113530825,3663.5792846339973
12250.109965635738,1.0,0.00035870690346788295,1.0,1.0,0.010481934367176593,4656,0.0054203205809150775,512,122501,1.0,0.0003592777818031737,1.0,1.0,0.009404255659719514,4656,0.004881766704759237,3455.8399881170917,3663.866958337996
12274.98969072165,1.0,0.0003587574669227158,1.0,1.0,0.01047143114801125,4656,0.005415094318668458,512,122749,1.0,0.00035933557180911814,1.0,1.0,0.009405360496330917,4656,0.004882348157286234,3462.9777669581235,3671.186603864
12275.109965635738,1.0,0.00035880848803778283,1.0,1.0,0.010461567398608755,4656,0.005410187944923479,512,122751,1.0,0.00035938945090033345,1.0,1.0,0.009419470103745609,4656,0.0048894297933250765,3463.020156083119,3671.4739022649956
12299.98969072165,1.0,0.000400234545065775,0.9130154639175257,0.9130154639175257,0.28629764084963455,4656,0.14334893472415886,512,122999,1.0,0.00040077435371187544,0.945446735395189,0.945446735395189,0.2240218100269226,4656,0.11221129132300309,3470.167807411148,3678.8034937159973
12300.109965635738,1.0,0.00039221638256741555,0.8178694158075601,0.8178694158075601,0.5533635706426352,4656,0.27687789812120783,512,123001,1.0,0.0003943008649134144,0.8466494845360825,0.8466494845360825,0.46162836658176276,4656,0.23101133497310258,3470.2101049401535,3679.090839036995
12324.98969072165,1.0,0.00028357345649262063,0.9984965635738832,0.9984965635738832,0.02556952782922594,4656,0.01292655056284875,512,123249,1.0,0.0002844769097992645,1.0,1.0,0.016876909331357767,4656,0.00858069316218399,3477.3465073530897,3686.408986315997
12325.109965635738,1.0,0.00028301090885376193,0.9987113402061856,0.9987113402061856,0.02532356301533807,4656,0.012803286928491494,512,123251,1.0,0.0002838982736429398,1.0,1.0,0.01683437455560743,4656,0.008559136456230661,3477.3886327660875,3686.6964656899945
12349.98969072165,1.0,0.00027740068247228145,0.9993556701030928,0.9993556701030928,0.0167227946605879,4656,0.008500097543513243,512,123499,1.0,0.0002777771128155931,1.0,1.0,0.011798386721266913,4656,0.006038081912240621,3484.5300794100913,3694.019632382995
12350.109965635738,1.0,0.00027745619697873945,0.9995704467353952,0.9995704467353952,0.016675212948592668,4656,0.008476334339154954,512,123501,1.0,0.0002778305086432044,1.0,1.0,0.011782686325282985,4656,0.006030258444166675,3484.5723955330905,3694.3068016280013
12374.98969072165,1.0,0.0002889420702746234,0.9997852233676976,0.9997852233676976,0.013913653662933926,4656,0.007101297890607434,512,123749,1.0,0.00028917457127489176,1.0,1.0,0.01020636079237633,4656,0.0052477677458340356,3491.719937604059,3701.6369057949996
12375.109965635738,1.0,0.00028901759701496137,0.9997852233676976,0.9997852233676976,0.01390898483725348,4656,0.0070990012683409594,512,123751,1.0,0.00028925027723881796,1.0,1.0,0.010191734099306191,4656,0.005240492241079455,3491.7618890440717,3701.923564334
12399.98969072165,1.0,0.0003012705184647308,0.9997852233676976,0.9997852233676976,0.012515300532796538,4656,0.00640828559283948,512,123999,1.0,0.00030144226586900625,1.0,1.0,0.009468617308180766,4656,0.004885029700613513,3499.1619083181067,3709.5069880849987
12400.109965635738,1.0,0.00030137180539545734,0.9997852233676976,0.9997852233676976,0.012524874452053476,4656,0.006413123144726573,512,124001,1.0,0.00030154221182324224,1.0,1.0,0.009464492093246827,4656,0.004883017224544512,3499.211618442103,3709.8148098589954
12424.98969072165,1.0,0.00031258722709626266,0.9997852233676976,0.9997852233676976,0.011823762835505902,4656,0.006068175140115404,512,124249,1.0,0.0003127302091146253,1.0,1.0,0.009102499976600568,4656,0.004707615092857597,3506.4298358250453,3717.220087525995
12425.109965635738,1.0,0.00031267107813219027,0.9997852233676976,0.9997852233676976,0.011855797566908742,4656,0.006084234341722993,512,124251,1.0,0.0003128140825535014,1.0,1.0,0.009104691317810635,4656,0.004708752701782279,3506.472637876046,3717.5092391479993
12449.98969072165,1.0,0.00032215007289578413,0.9997852233676976,0.9997852233676976,0.011294243057159214,4656,0.005808196577829184,512,124499,1.0,0.0003222885359193861,1.0,1.0,0.00891755505935433,4656,0.004619921759231803,3513.680572162986,3724.898268869001
12450.109965635738,1.0,0.0003222231129088353,0.9997852233676976,0.9997852233676976,0.011274581717461655,4656,0.005798402418385667,512,124501,1.0,0.00032236414907109694,1.0,1.0,0.008916390106030755,4656,0.004619377175557245,3513.722964124987,3725.185024120001
12474.98969072165,1.0,0.00032989771338979814,0.9997852233676976,0.9997852233676976,0.011020321309361671,4656,0.005675109493773418,512,124749,1.0,0.0003300485524422524,1.0,1.0,0.00883909762929805,4656,0.004584573132475627,3520.857139571024,3732.501053786
12475.109965635738,1.0,0.00032996330922309473,0.9997852233676976,0.9997852233676976,0.011012411711551888,4656,0.005671187569595284,512,124751,1.0,0.00033011571008110375,1.0,1.0,0.00883833690197607,4656,0.004584226309229008,3520.900054074031,3732.789568704997
12499.98969072165,1.0,0.0003359572693091078,1.0,1.0,0.0107862592972431,4656,0.005561108339283475,512,124999,1.0,0.00033613441582397907,1.0,1.0,0.008817728852078677,4656,0.004576931653153855,3527.953045473121,3740.024295053001
12500.109965635738,1.0,0.0003359948422542143,0.9997852233676976,0.9997852233676976,0.010784590367189388,4656,0.005560292615923276,512,125001,1.0,0.0003361732721379942,1.0,1.0,0.008818488760092823,4656,0.0045773310145151985,3527.9955782481193,3740.3243387469993
12524.98969072165,1.0,0.00034090881379916495,1.0,1.0,0.010662056326456495,4656,0.0055014826485381505,512,125249,1.0,0.0003411187006231026,1.0,1.0,0.008833300514319508,4656,0.004587209665078887,3535.0181671650425,3747.5268569539985
12525.109965635738,1.0,0.0003409488766719795,1.0,1.0,0.010650822284705042,4656,0.005495885547084087,512,125251,1.0,0.0003411569264541377,1.0,1.0,0.008833207010813185,4656,0.0045871819622328195,3535.060530545037,3747.8138552480013
12549.98969072165,1.0,0.00034474506270127606,1.0,1.0,0.010585053679869347,4656,0.005464899427292683,512,125499,1.0,0.0003449841949743094,1.0,1.0,0.00886864965314308,4656,0.004606816930459537,3542.0753737399864,3755.009130988001
12550.109965635738,1.0,0.00034478911649935023,1.0,1.0,0.010580634435837212,4656,0.005462711772967859,512,125501,1.0,0.0003450290520781094,1.0,1.0,0.008870628896038147,4656,0.0046078289804589705,3542.117849503993,3755.2965661989947
12574.98969072165,1.0,0.0003476956430374552,1.0,1.0,0.01050309780537058,4656,0.0054253966025880115,512,125749,1.0,0.0003479556036517792,1.0,1.0,0.008914335486815148,4656,0.004631145508428619,3549.155085364022,3762.5151296999975
12575.109965635738,1.0,0.00034769535819996673,1.0,1.0,0.010503258492119125,4656,0.005425476945962284,512,125751,1.0,0.0003479544098946647,1.0,1.0,0.00891474514073113,4656,0.004631349720905737,3549.1901812070064,3762.794824438999
12599.98969072165,1.0,0.000350070813241898,1.0,1.0,0.010452421567694018,4656,0.005401246172865641,512,125999,1.0,0.00035036215078584925,1.0,1.0,0.008966012304181495,4656,0.004658187173076512,3554.621907690045,3768.371195831998
12600.109965635738,1.0,0.00035009347222412574,1.0,1.0,0.010445660844291608,4656,0.005397877127853865,512,126001,1.0,0.00035038441931668833,1.0,1.0,0.008966679118343234,4656,0.004658531896846811,3554.6569829490545,3768.6483548889955
12624.98969072165,1.0,0.0003518553521112888,1.0,1.0,0.010435815426901853,4656,0.005393835379905307,512,126249,1.0,0.00035217057119837333,1.0,1.0,0.009015707420729279,4656,0.004683939042369935,3560.0962354211297,3774.232480517996
12625.109965635738,1.0,0.00035187050290533766,1.0,1.0,0.010434364432731444,4656,0.0053931174614175485,512,126251,1.0,0.0003521871109752311,1.0,1.0,0.00901566461189506,4656,0.004683925882237884,3560.130912466142,3774.508996605
12649.98969072165,1.0,0.0003535149881417809,1.0,1.0,0.010382611624563682,4656,0.005368063232743044,512,126499,1.0,0.00035385117318826855,1.0,1.0,0.009064204504399775,4656,0.00470902788680034,3565.567049062156,3780.089725353995
12650.109965635738,1.0,0.0003535532907829252,1.0,1.0,0.010368903375573175,4656,0.005361228310775101,512,126501,1.0,0.0003538900231014412,1.0,1.0,0.009066735960773587,4656,0.004710313073548255,3565.6018686221505,3780.3664876059993
12674.98969072165,1.0,0.0003546020368120515,1.0,1.0,0.01041868103738503,4656,0.005386641601106965,512,126749,1.0,0.00035496410686535525,1.0,1.0,0.00910954397568588,4656,0.004732254086081514,3571.5744087291605,3786.4991051369943
12675.109965635738,1.0,0.0003545952327165407,1.0,1.0,0.010435518222985808,4656,0.005395056711849068,512,126751,1.0,0.00035495949825880044,1.0,1.0,0.009110215398454174,4656,0.004732587390748905,3571.6165322851666,3786.7860882120003
12699.98969072165,1.0,0.0003555999089454867,1.0,1.0,0.010401443927148772,4656,0.005378521953251763,512,126999,1.0,0.00035597335649622267,1.0,1.0,0.009145217765237867,4656,0.00475059552086178,3578.911574466154,3794.264921721995
12700.109965635738,1.0,0.0003556408871387698,1.0,1.0,0.010400760829243873,4656,0.005378200886995112,512,127001,1.0,0.0003560118479622189,1.0,1.0,0.009144850920156105,4656,0.004750431505675169,3578.953624677153,3794.552089576995
12724.98969072165,1.0,0.00035642387659074517,1.0,1.0,0.010430557109236308,4656,0.005393490451308051,512,127249,1.0,0.0003568157809706488,1.0,1.0,0.009177119256704534,4656,0.004766967493234221,3586.076249227088,3801.8557676339988
12725.109965635738,1.0,0.0003564300470028546,1.0,1.0,0.010427192724037826,4656,0.005391811331113179,512,127251,1.0,0.00035681917981798296,1.0,1.0,0.00918023446990862,4656,0.0047685268920721465,3586.1182279810964,3802.1427369189987
12749.98969072165,1.0,0.0003569917145258782,1.0,1.0,0.010440527061416521,4656,0.005398759368768672,512,127499,1.0,0.0003574087294106631,1.0,1.0,0.009213152517567795,4656,0.004785280559480805,3593.0814021951956,3809.2853734679957
12750.109965635738,1.0,0.00035701889250286666,1.0,1.0,0.01043261428878889,4656,0.0053948167058610426,512,127501,1.0,0.00035743417916019347,1.0,1.0,0.009214800964925707,4656,0.004786117584844635,3593.123431925196,3809.572105608997
12774.98969072165,1.0,0.00035755614081199225,1.0,1.0,0.010362955917607468,4656,0.005360255945998779,512,127749,1.0,0.00035798196325597076,1.0,1.0,0.009221188596024136,4656,0.004789585254036684,3600.1557767421764,3816.783955259998
12775.109965635738,1.0,0.0003576288543820791,1.0,1.0,0.010379207810175787,4656,0.0053684183002747216,512,127751,1.0,0.00035805425437045673,1.0,1.0,0.009233846594787546,4656,0.004795950507789953,3600.1977273141674,3817.069747982001
12799.98969072165,1.0,0.0003392378994842985,0.9710051546391752,0.9710051546391752,0.10688463682980881,4656,0.053611937667086364,512,127999,1.0,0.0003430130011386068,0.9905498281786942,0.9905498281786942,0.0563037166071102,4656,0.028323364421674067,3607.130878929238,3824.1810657479946
12800.109965635738,1.0,0.0003425334980295286,0.9611254295532646,0.9611254295532646,0.13170258040280686,4656,0.06602255749128938,512,128001,1.0,0.0003462269889427624,0.9806701030927835,0.9806701030927835,0.08333731516939667,4656,0.04184177036547579,3607.1723880162463,3824.4660168650007
12824.98969072165,1.0,0.0003110079728450972,0.998926116838488,0.998926116838488,0.016301993037417174,4656,0.008306500633147983,512,128249,1.0,0.00031259671634517583,1.0,1.0,0.01048226495788679,4656,0.005397430809912403,3614.030631955233,3831.502947585999
12825.109965635738,1.0,0.000310754627501432,0.9991408934707904,0.9991408934707904,0.0162168913280841,4656,0.008263822888180972,512,128251,1.0,0.00031233247996810374,1.0,1.0,0.010443518354311022,4656,0.0053779253947366145,3614.0732793342468,3831.7895945519995
12849.98969072165,1.0,0.00030553524616043184,0.9995704467353952,0.9995704467353952,0.012753098486215388,4656,0.006529316818181591,512,128499,1.0,0.0003062878188091455,1.0,1.0,0.009053760889879208,4656,0.004680024440755549,3621.102759663314,3838.9985748639956
12850.109965635738,1.0,0.00030558885321584355,0.9995704467353952,0.9995704467353952,0.01274141822893595,4656,0.006523503624286848,512,128501,1.0,0.0003063399920758513,1.0,1.0,0.009049335910692248,4656,0.004677838015392474,3621.1444536403214,3839.2844868979955
12874.98969072165,1.0,0.0003119924448148901,0.9995704467353952,0.9995704467353952,0.011639065758878832,4656,0.005975529090645387,512,128749,1.0,0.00031253436253857365,1.0,1.0,0.008702131276278152,4656,0.004507332835410468,3628.12949916043,3846.4491003789954
12875.109965635738,1.0,0.00031208811500637803,0.9995704467353952,0.9995704467353952,0.011608542752839447,4656,0.005960315568340603,512,128751,1.0,0.00031263230822954803,1.0,1.0,0.008699983665623615,4656,0.004506307983726161,3628.171812501452,3846.7365256720004
12899.98969072165,1.0,0.00031982914663057556,0.9997852233676976,0.9997852233676976,0.011158556258145887,4656,0.005739192782398761,512,128999,1.0,0.0003202964593352321,1.0,1.0,0.008600104203338885,4656,0.0044602003601408495,3635.1366981774336,3853.8808502419997
12900.109965635738,1.0,0.00031992039704036056,0.9997852233676976,0.9997852233676976,0.011147020813525747,4656,0.005733470531673366,512,129001,1.0,0.00032039019007146154,1.0,1.0,0.008598665498785955,4656,0.004459527759617546,3635.1788989864217,3854.168243440996
12924.98969072165,1.0,0.0003272797976367662,1.0,1.0,0.010784116807262512,4656,0.005555698296048797,512,129249,1.0,0.0003277414455958658,1.0,1.0,0.008593206553115058,4656,0.004460474060163465,3642.1504969953967,3861.319357059001
12925.109965635738,1.0,0.0003273368483454091,1.0,1.0,0.010786733266823889,4656,0.005557035099190125,512,129251,1.0,0.0003277973697562398,1.0,1.0,0.00859351625147554,4656,0.004460656817016732,3642.192783864397,3861.606080769001
12949.98969072165,1.0,0.00033362936932606387,1.0,1.0,0.010693487330400656,4656,0.00551355837546673,512,129499,1.0,0.00033409036439923485,1.0,1.0,0.008637701318026408,4656,0.004485895850814085,3649.156374103317,3868.7487803839977
12950.109965635738,1.0,0.0003336591652476091,1.0,1.0,0.010697767496928317,4656,0.005515713359891754,512,129501,1.0,0.0003341184192916372,1.0,1.0,0.00863823550673285,4656,0.004486177129434147,3649.198964029325,3869.036217242996
12974.98969072165,1.0,0.0003388650024060122,1.0,1.0,0.01059623887039132,4656,0.005467551885191927,512,129749,1.0,0.00033933750299346404,1.0,1.0,0.0086996487735473,4656,0.004519493155872699,3656.206707881378,3876.2234886959995
12975.109965635738,1.0,0.0003389084129194214,1.0,1.0,0.010592220370302495,4656,0.005465564398011801,512,129751,1.0,0.00033938453958411396,1.0,1.0,0.008700156744403118,4656,0.004519770645194037,3656.248901275365,3876.5101470039954
12999.98969072165,1.0,0.00034306888049308375,1.0,1.0,0.010475391579657486,4656,0.005409230174067914,512,129999,1.0,0.0003435643889086763,1.0,1.0,0.008770497803835525,4656,0.004557031126776102,3663.179086514414,3883.618460589001
13000.109965635738,1.0,0.0003430978827101668,1.0,1.0,0.010479613882569513,4656,0.0054113558170312045,512,130001,1.0,0.0003435942616403308,1.0,1.0,0.008773761823824592,4656,0.004558677986725089,3663.22093654942,3883.917154634997
13024.98969072165,1.0,0.0003465014154609946,1.0,1.0,0.010462612220921466,4656,0.00540455689340113,512,130249,1.0,0.0003470222104046353,1.0,1.0,0.008835550743279998,4656,0.00459128659205748,3670.2472590704056,3891.122991213
13025.109965635738,1.0,0.0003465119128425916,1.0,1.0,0.01047253014705435,4656,0.005409521079555,512,130251,1.0,0.0003470333414696336,1.0,1.0,0.00883486334400898,4656,0.004590948269129619,3670.2893758124046,3891.408945035
13049.98969072165,1.0,0.0003491373399842236,1.0,1.0,0.010415858624317391,4656,0.005382497951746806,512,130499,1.0,0.00034968611941099985,1.0,1.0,0.008895667455450366,4656,0.004622676835437001,3677.319222325379,3898.6195248779986
13050.109965635738,1.0,0.0003491529548393492,1.0,1.0,0.010411454947134064,4656,0.005380303845372806,512,130501,1.0,0.00034970241915626625,1.0,1.0,0.008896009414056731,4656,0.004622855956611764,3677.36134052938,3898.9069685159993
13074.98969072165,1.0,0.00035112267328086996,1.0,1.0,0.010460514383217724,4656,0.005405818473842135,512,130749,1.0,0.0003516882837228349,1.0,1.0,0.008951319042350008,4656,0.004651503720644004,3684.37041329137,3906.097610291996
13075.109965635738,1.0,0.0003511181158810547,1.0,1.0,0.010484690723550278,4656,0.005417904390911876,512,130751,1.0,0.0003516828814118179,1.0,1.0,0.008954363590253587,4656,0.0046530232806386,3684.4126388673685,3906.3846250959978
13099.98969072165,1.0,0.0003529133601594217,1.0,1.0,0.010383508356985767,4656,0.005368210912979755,512,130999,1.0,0.0003535090097549445,1.0,1.0,0.008996376569328439,4656,0.00467494278634127,3691.3836928842866,3913.535486943001
13100.109965635738,1.0,0.0003528873087307022,1.0,1.0,0.010415236155192057,4656,0.0053840617031575885,512,131001,1.0,0.0003534829007186431,1.0,1.0,0.008998208439227232,4656,0.004675845714778835,3691.4260447032866,3913.8225447919976
13124.98969072165,1.0,0.0003540884908224709,1.0,1.0,0.0103835008808018,4656,0.00536879466981003,512,131249,1.0,0.0003547078747417509,1.0,1.0,0.00903257102900764,4656,0.004693639339859953,3698.385793624351,3920.961616101995
13125.109965635738,1.0,0.0003541072388899695,1.0,1.0,0.010391384465587917,4656,0.005372745833036416,512,131251,1.0,0.0003547249201851612,1.0,1.0,0.009033510877504381,4656,0.004694117866840559,3698.4285297033493,3921.249973330996
13149.98969072165,1.0,0.0003550118699516218,1.0,1.0,0.010438064734141031,4656,0.005396538276442957,512,131499,1.0,0.0003556511156849845,1.0,1.0,0.00906356882393565,4656,0.004709609953808211,3705.3650790143365,3928.365652458997
13150.109965635738,1.0,0.00035501750909380894,1.0,1.0,0.01044074940107942,4656,0.005397883528696303,512,131501,1.0,0.000355658018993553,1.0,1.0,0.009064449477441533,4656,0.004710053711412698,3705.407408336345,3928.6525155799973
13174.98969072165,1.0,0.00035569553433107754,1.0,1.0,0.010450208412412926,4656,0.0054029520229785305,512,131749,1.0,0.000356355989255856,1.0,1.0,0.009086343226154236,4656,0.004721349559698727,3712.376301963377,3935.799162575997
13175.109965635738,1.0,0.00035569637924227925,1.0,1.0,0.010473979297782137,4656,0.005414837875317053,512,131751,1.0,0.00035635363374583907,1.0,1.0,0.00908917823607979,4656,0.004722765835699756,3712.418588670378,3936.084764469
13199.98969072165,1.0,0.00035625977499276093,1.0,1.0,0.010433835569525911,4656,0.0053950476994629164,512,131999,1.0,0.0003569328779821953,1.0,1.0,0.009109266639984761,4656,0.004733099714177581,3719.4194922323877,3943.2644893350007
13200.109965635738,1.0,0.00035630021231485806,1.0,1.0,0.010329866020130538,4656,0.00534308320263407,512,132001,1.0,0.00035697270402383966,1.0,1.0,0.009109131351779006,4656,0.004733051989496369,3719.461141536398,3943.550549298001
13224.98969072165,1.0,0.000356686221518877,1.0,1.0,0.010453534597383742,4656,0.0054051104382551,512,132249,1.0,0.0003573692682170376,1.0,1.0,0.009120877153685003,4656,0.004739123214151442,3726.441177987428,3950.710566966998
13225.109965635738,1.0,0.0003567139243649453,1.0,1.0,0.010473857220915175,4656,0.005415285575840482,512,132251,1.0,0.0003573957485022004,1.0,1.0,0.00912515240436567,4656,0.004741274153244044,3726.4839770254257,3950.997082085996
13249.98969072165,1.0,0.00036373027181092814,0.9037800687285223,0.9037800687285223,0.3640810353649441,4656,0.18222238271916444,512,132499,1.0,0.00036449180563905394,0.9153780068728522,0.9153780068728522,0.3141348763429832,4656,0.15724968336701803,3733.531410518379,3958.225142365998
13250.109965635738,1.0,0.0003773653975774332,0.39368556701030927,0.39368556701030927,2.8561213385198534,4656,1.428249346021934,512,132501,1.0,0.00037843235720371463,0.39325601374570446,0.39325601374570446,2.8038881177345094,4656,1.4021332862041251,3733.5740246203786,3958.5131383099942
13274.98969072165,1.0,0.00033169587965273776,0.9976374570446735,0.9976374570446735,0.029160144607635708,4656,0.014745920282049277,512,132749,1.0,0.00033426961039042554,1.0,1.0,0.016690748254048454,4656,0.00851250893061923,3740.6071490764225,3965.7269338359984
13275.109965635738,1.0,0.0003317330525451919,0.9972079037800687,0.9972079037800687,0.02958892403599323,4656,0.014960328533067736,512,132751,1.0,0.0003341630779693217,1.0,1.0,0.017089866690619297,4656,0.008712014689068613,3740.6499197744197,3966.0151231269992
13299.98969072165,1.0,0.0003081153201329749,0.9987113402061856,0.9987113402061856,0.01583411951654965,4656,0.00807111738473689,512,132999,1.0,0.00030900988586989465,1.0,1.0,0.010161226352875176,4656,0.005235118042562425,3747.705532156411,3973.252599882995
13300.109965635738,1.0,0.00030812478697893954,0.9987113402061856,0.9987113402061856,0.015865273901687044,4656,0.008086699493152579,512,133001,1.0,0.0003090140144132667,1.0,1.0,0.01014554090925918,4656,0.005227277369024008,3747.747789703404,3973.5405678809984
13324.98969072165,1.0,0.0003125281409197247,0.9991408934707904,0.9991408934707904,0.013212490429992937,4656,0.006762509339863492,512,133249,1.0,0.00031311174412978067,1.0,1.0,0.00915526729269126,4656,0.004734189547214312,3754.832241486336,3980.805944668995
13325.109965635738,1.0,0.00031256849823129134,0.9993556701030928,0.9993556701030928,0.013223136208721042,4656,0.0067678524046829065,512,133251,1.0,0.00031315155736974016,1.0,1.0,0.009150338131947206,4656,0.004731744886263949,3754.874722085333,3981.0941544550005
13349.98969072165,1.0,0.0003198927966077713,0.9997852233676976,0.9997852233676976,0.012044584423406017,4656,0.006182238613207315,512,133499,1.0,0.00032035720973080375,1.0,1.0,0.008777155499278065,4656,0.004548756424913702,3761.8657054163414,3988.265447594
13350.109965635738,1.0,0.0003199491752279583,0.9997852233676976,0.9997852233676976,0.012036241821407043,4656,0.006178095578328031,512,133501,1.0,0.00032041047114072385,1.0,1.0,0.008775038817494186,4656,0.004547724609112821,3761.908009265331,3988.5525154220013
13374.98969072165,1.0,0.00032712198166605534,0.9997852233676976,0.9997852233676976,0.011440170589591219,4656,0.005883646328834324,512,133749,1.0,0.0003275397358481417,1.0,1.0,0.008634311841525572,4656,0.004480925775885172,3768.917074262281,3995.7416590349967
13375.109965635738,1.0,0.00032716958793168216,0.9997852233676976,0.9997852233676976,0.01144340153002657,4656,0.005885285610185866,512,133751,1.0,0.00032758653240720024,1.0,1.0,0.008633057276407877,4656,0.0044803219972197545,3768.9596412302853,3996.029253834997
13399.98969072165,1.0,0.00033331360296695096,1.0,1.0,0.011083588157732463,4656,0.005708450867548022,512,133999,1.0,0.00033370672030649644,1.0,1.0,0.008602434007572555,4656,0.004468070426347739,3776.0095895611885,4003.2596175989966
13400.109965635738,1.0,0.00033337154339269266,1.0,1.0,0.011076329295168217,4656,0.005704850521693935,512,134001,1.0,0.0003337660593163107,1.0,1.0,0.008601234233666122,4656,0.004467500085683213,3776.0522086631827,4003.547538093997
13424.98969072165,1.0,0.0003384674588839213,1.0,1.0,0.010913402149357746,4656,0.005625934791319149,512,134249,1.0,0.0003388562268510307,1.0,1.0,0.008618051653465455,4656,0.004478453975362876,3783.0634529511954,4010.7377214869994
13425.109965635738,1.0,0.000338501213726514,1.0,1.0,0.010917766499765141,4656,0.00562813391595362,512,134251,1.0,0.00033889017691931774,1.0,1.0,0.008618272661753126,4656,0.0044785813777307466,3783.105270723194,4011.0229837969964
13449.98969072165,1.0,0.0003426154064097765,1.0,1.0,0.010718983063583112,4656,0.0055307991725882305,512,134499,1.0,0.00034299778313571236,1.0,1.0,0.00866053634902456,4656,0.004501767021274239,3790.1886809662537,4018.286072334995
13450.109965635738,1.0,0.00034266841498642036,1.0,1.0,0.010716679579613544,4656,0.005529674006901246,512,134501,1.0,0.0003430511661616388,1.0,1.0,0.008661007758268375,4656,0.004502029455814165,3790.231280124266,4018.574144555001
13474.98969072165,1.0,0.00034603825370265855,1.0,1.0,0.010597402697166627,4656,0.0054717205746477,512,134749,1.0,0.0003464256198852742,1.0,1.0,0.008712774904323197,4656,0.004529600290908027,3797.3924236862076,4025.917451452995
13475.109965635738,1.0,0.0003460424014485579,1.0,1.0,0.010608677397069242,4656,0.005477359972868588,512,134751,1.0,0.0003464321231411904,1.0,1.0,0.008712502074815155,4656,0.004529467153385333,3797.4364256142144,4026.206767097996
13499.98969072165,1.0,0.0003486907180027454,1.0,1.0,0.010582801812293194,4656,0.005465746335557236,512,134999,1.0,0.0003490853811457395,1.0,1.0,0.008767062241269141,4656,0.004558073747199016,3804.49118423833,4033.4415389409987
13500.109965635738,1.0,0.0003487045886283068,1.0,1.0,0.010579924403187335,4656,0.005464314390293921,512,135001,1.0,0.0003490999686656539,1.0,1.0,0.008767167215085112,4656,0.00455813350546401,3804.533942390328,4033.7424719819974
13524.98969072165,1.0,0.0003508566414674942,1.0,1.0,0.010510455496942055,4656,0.005430656046801826,512,135249,1.0,0.0003512619812156736,1.0,1.0,0.008817796240147856,4656,0.004584529145886398,3811.5386342123165,4040.927128563999
13525.109965635738,1.0,0.00035085226969210965,1.0,1.0,0.010528404995338204,4656,0.005439628696523581,512,135251,1.0,0.00035125660450802636,1.0,1.0,0.00881846663878136,4656,0.004584861580039218,3811.5829017393116,4041.216483748998
13549.98969072165,1.0,0.0003524768195047821,1.0,1.0,0.010440333807181656,4656,0.005396405241333742,512,135499,1.0,0.0003528915844934503,1.0,1.0,0.008861293907427705,4656,0.004607092781165212,3818.6255377193156,4048.4385550399966
13550.109965635738,1.0,0.00035246226398907984,1.0,1.0,0.01048288087254947,4656,0.00541767150266064,512,135501,1.0,0.00035287998616695404,1.0,1.0,0.008862649042581775,4656,0.004607764562380682,3818.6677033943415,4048.725451360995
13574.98969072165,1.0,0.0003538206443702642,1.0,1.0,0.010383575028160593,4656,0.0053686977354521605,512,135749,1.0,0.00035425976456440603,1.0,1.0,0.008902782427076622,4656,0.004628521163029359,3825.671466327294,4055.909409863998
13575.109965635738,1.0,0.0003538416039288249,1.0,1.0,0.010406700196544738,4656,0.005380270919439309,512,135751,1.0,0.00035427954956837945,1.0,1.0,0.008904516696929932,4656,0.004629398129649998,3825.7138999352974,4056.197151813998
13599.98969072165,1.0,0.00035483918802435045,1.0,1.0,0.010421068090753457,4656,0.005387953620186376,512,135999,1.0,0.000355295081626099,1.0,1.0,0.008931366438718186,4656,0.004643330715366246,3832.763795812323,4063.4303201000002
13600.109965635738,1.0,0.0003548357571728041,1.0,1.0,0.010416358402094891,4656,0.0053855969324144715,512,136001,1.0,0.0003552912667240064,1.0,1.0,0.008932851434163622,4656,0.0046440713184396016,3832.8058754833182,4063.7185087889957
13624.98969072165,1.0,0.0003555959980307576,1.0,1.0,0.010445689520065728,4656,0.005400642906267618,512,136249,1.0,0.0003560626706511704,1.0,1.0,0.008958326787063755,4656,0.004657194786465045,3839.9027863663287,4070.995827494
13625.109965635738,1.0,0.00035557656507311815,1.0,1.0,0.010453999452164903,4656,0.0054047880406232224,512,136251,1.0,0.00035604430023337556,1.0,1.0,0.008960918360149738,4656,0.004658481304588187,3839.949622312335,4071.2944232429945
13649.98969072165,1.0,0.0003562515659123352,1.0,1.0,0.01033463316275082,4656,0.005345442348329472,512,136499,1.0,0.00035673752747143256,1.0,1.0,0.008980853860730567,4656,0.0046687956732982625,3848.294693522301,4079.8366067629977
13650.109965635738,1.0,0.0003562777805625368,1.0,1.0,0.010342159938976117,4656,0.00534921899898765,512,136501,1.0,0.00035676784186121526,1.0,1.0,0.00898067013094925,4656,0.004668719119222713,3848.3366908212847,4080.133001538001
13674.98969072165,1.0,0.00035663230722302833,1.0,1.0,0.010352751233733398,4656,0.0053546917704782124,512,136749,1.0,0.00035713517660742363,1.0,1.0,0.008995026759675279,4656,0.004676081060953566,3855.5052349443868,4087.484696615
13675.109965635738,1.0,0.00035664199809847826,1.0,1.0,0.01038579391859651,4656,0.005371217926343282,512,136751,1.0,0.00035714321606552477,1.0,1.0,0.00899573228613208,4656,0.004676437715894168,3855.5481775083754,4087.7724562529984
13699.98969072165,1.0,0.00035689398006270433,1.0,1.0,0.010252225439982726,4656,0.005304559604408815,512,136999,1.0,0.0003574035767325011,1.0,1.0,0.00900812288330183,4656,0.004682763182010847,3862.593459964308,4094.998171661995
13700.109965635738,1.0,0.00035691549969497823,1.0,1.0,0.010263713569575568,4656,0.00531031447382727,512,137001,1.0,0.00035742413623840945,1.0,1.0,0.00900951959832837,4656,0.004683471832078756,3862.636572817304,4095.286565190996
13724.98969072165,1.0,0.00035709169248432636,1.0,1.0,0.010281941530221106,4656,0.0053195166321554545,512,137249,1.0,0.00035760435835807187,1.0,1.0,0.009015188184390772,4656,0.0046863962489714734,3869.7043942353557,4102.535018940995
13725.109965635738,1.0,0.0003570902842989902,1.0,1.0,0.01032886247044986,4656,0.005342976385375478,512,137251,1.0,0.000357601285953702,1.0,1.0,0.009016709229380814,4656,0.00468715523526431,3869.7466314483463,4102.821928229001
13749.98969072165,1.0,0.0003570885432698473,1.0,1.0,0.010358400463648268,4656,0.005357744562666851,512,137499,1.0,0.0003576117129260322,1.0,1.0,0.009019096077922284,4656,0.004688353882622473,3876.7219062663353,4109.976438947
13750.109965635738,1.0,0.00035709209573739993,1.0,1.0,0.010339759264614983,4656,0.005348425652972611,512,137501,1.0,0.0003576162255199504,1.0,1.0,0.00901729380551892,4656,0.00468745499951733,3876.7631994023322,4110.261111260996
13774.98969072165,1.0,0.00043085761227456155,0.8971219931271478,0.8971219931271478,0.30832040596663746,4656,0.15437563014603972,512,137749,1.0,0.0004310183022235267,0.9312714776632303,0.9312714776632303,0.23761447106849698,4656,0.119022742989137,3883.765214403291,4117.442740471
13775.109965635738,1.0,0.00044143848325993185,0.9065721649484536,0.9065721649484536,0.29422621382880454,4656,0.14733382844433343,512,137751,1.0,0.0004426240408953113,0.9390034364261168,0.9390034364261168,0.2220054590415299,4656,0.11122404095233511,3883.799917249293,4117.721209719995
13799.98969072165,1.0,0.0003026994553321006,0.9976374570446735,0.9976374570446735,0.02267544150762132,4656,0.011489070465474604,512,137999,1.0,0.0003043773433648024,1.0,1.0,0.012591023727790597,4656,0.0064477004955724344,3890.008456832278,4124.092303573001
13800.109965635738,1.0,0.0003024703659808513,0.997852233676976,0.997852233676976,0.022336652188776285,4656,0.011319561307782569,512,138001,1.0,0.0003041380766740779,1.0,1.0,0.012533356643624323,4656,0.006418747283339091,3890.0510716272693,4124.378808440997
13824.98969072165,1.0,0.00029808195800715706,0.9987113402061856,0.9987113402061856,0.015969054190973237,4656,0.008133568202507045,512,138249,1.0,0.0002991138506181461,1.0,1.0,0.009642892481944816,4656,0.004971003255893274,3897.134272565323,4131.642173321001
13825.109965635738,1.0,0.00029810704930951094,0.9987113402061856,0.9987113402061856,0.015898667455129196,4656,0.008098387329029464,512,138251,1.0,0.000299134534940482,1.0,1.0,0.009629806702079642,4656,0.0049644706073085874,3897.1763804943257,4131.928548029995
13849.98969072165,1.0,0.0003060515765164726,0.998926116838488,0.998926116838488,0.013487338405294516,4656,0.006896695115721922,512,138499,1.0,0.00030685826188715055,1.0,1.0,0.00875599912761413,4656,0.004531428678748534,3904.2358616823767,4139.167201256998
13850.109965635738,1.0,0.0003060832702878005,0.998926116838488,0.998926116838488,0.013482745775242442,4656,0.00689441457237165,512,138501,1.0,0.00030688846746261176,1.0,1.0,0.008750285582034448,4656,0.004528586960740106,3904.2788948823872,4139.4552527989945
13874.98969072165,1.0,0.00031548518610676537,0.9991408934707904,0.9991408934707904,0.01241617432164982,4656,0.0063658297266747125,512,138749,1.0,0.00031618660322272084,1.0,1.0,0.008400757697849339,4656,0.004358472180940032,3911.35597366235,4146.712890821
13875.109965635738,1.0,0.00031557747665344647,0.9991408934707904,0.9991408934707904,0.012423029060625947,4656,0.0063693033870552826,512,138751,1.0,0.0003162757253523954,1.0,1.0,0.008399588545573126,4656,0.0043579321546652885,3911.39938017635,4147.001908950995
13899.98969072165,1.0,0.0003240244795929935,0.9991408934707904,0.9991408934707904,0.01158208259192529,4656,0.00595305347975177,512,138999,1.0,0.00032465434489176447,1.0,1.0,0.00826872419245874,4656,0.004296689406293365,3918.6881580693444,4154.476391633994
13900.109965635738,1.0,0.0003240794628295292,0.9991408934707904,0.9991408934707904,0.011560199903868317,4656,0.005942139633742394,512,139001,1.0,0.00032471087393174877,1.0,1.0,0.008269187203797278,4656,0.004296948922049139,3918.767210843347,4154.817732553995
13924.98969072165,1.0,0.0003312731040097594,0.9991408934707904,0.9991408934707904,0.011074065035561105,4656,0.005702669063384591,512,139249,1.0,0.00033185571188881633,1.0,1.0,0.008246071969520595,4656,0.004288963794298598,3927.0316289424154,4163.278397780996
13925.109965635738,1.0,0.00033131349332553826,0.9993556701030928,0.9993556701030928,0.011066064392168498,4656,0.005698688917143648,512,139251,1.0,0.0003318959315822706,1.0,1.0,0.008245927873755648,4656,0.004288911870664747,3927.081967912396,4163.577617511
13949.98969072165,1.0,0.000337013846768956,0.9997852233676976,0.9997852233676976,0.010670078374266215,4656,0.005503546075312952,512,139499,1.0,0.0003375708992845824,1.0,1.0,0.008281904704791983,4656,0.004309737805238704,3935.518133255333,4172.209522997
13950.109965635738,1.0,0.00033706766505216815,0.9997852233676976,0.9997852233676976,0.010673447982552126,4656,0.005505257865407623,512,139501,1.0,0.00033762506961412857,1.0,1.0,0.008281947513626204,4656,0.004309786298021008,3935.564424016331,4172.505683875999
13974.98969072165,1.0,0.0003417288129221123,0.9995704467353952,0.9995704467353952,0.010592049544619531,4656,0.005466889167569347,512,139749,1.0,0.0003422774643320398,1.0,1.0,0.008344596603891695,4656,0.004343437011708918,3943.906924016286,4181.037689409
13975.109965635738,1.0,0.00034176524331684373,0.9995704467353952,0.9995704467353952,0.010576953592988634,4656,0.00545935942135316,512,139751,1.0,0.0003423145252097513,1.0,1.0,0.008343660749520632,4656,0.004342987570156346,3943.9578538322894,4181.346279874
13999.98969072165,1.0,0.0003455166618541344,0.9997852233676976,0.9997852233676976,0.01048186134636607,4656,0.0054136890009096805,512,139999,1.0,0.0003460480757953785,1.0,1.0,0.008415442971429465,4656,0.004380745525212632,3952.3556383273026,4189.942984098001
14000.109965635738,1.0,0.00034552946993985127,0.9997852233676976,0.9997852233676976,0.010477101475102795,4656,0.005411315466120481,512,140001,1.0,0.0003460595205016562,1.0,1.0,0.008414754035956262,4656,0.004380406843837593,3952.3976610032914,4190.247869667997
14024.98969072165,1.0,0.00034826864005159267,0.9997852233676976,0.9997852233676976,0.010425783719393806,4656,0.0053870262149273325,512,140249,1.0,0.00034880178862113723,1.0,1.0,0.008493529255037865,4656,0.004421165411414969,3960.920847254354,4198.968500228999
14025.109965635738,1.0,0.00034829474908789406,0.9997852233676976,0.9997852233676976,0.01044150603186224,4656,0.0053949003776733815,512,140251,1.0,0.0003488308772495932,1.0,1.0,0.008492441111823538,4656,0.004420636036142041,3960.9708386133425,4199.283517343996
14049.98969072165,1.0,0.0003505225911019594,0.9997852233676976,0.9997852233676976,0.010303070864726588,4656,0.005326796591896372,512,140499,1.0,0.00035105614932541996,1.0,1.0,0.008563571574352042,4656,0.004457313887442101,3969.3699829083052,4207.8809311
14050.109965635738,1.0,0.00035054133916945804,1.0,1.0,0.010299979104209192,4656,0.00532526028729796,512,140501,1.0,0.0003510774833332632,1.0,1.0,0.008562971021711212,4656,0.004457024210916762,3969.4358139173128,4208.207237397
14074.98969072165,1.0,0.00035229286889440004,0.9997852233676976,0.9997852233676976,0.010334142090119038,4656,0.005343217313084815,512,140749,1.0,0.00035282812014068523,1.0,1.0,0.008623914825137947,4656,0.0044883714406351045,3977.703363256296,4216.668478262
14075.109965635738,1.0,0.00035229571086844216,0.9997852233676976,0.9997852233676976,0.010338532760790534,4656,0.005345414184622748,512,140751,1.0,0.00035282879222914114,1.0,1.0,0.008624535655647619,4656,0.004488682265543856,3977.755464239286,4216.968197149996
14099.98969072165,1.0,0.00035362372565310435,0.9997852233676976,0.9997852233676976,0.010397420408799476,4656,0.005375522211245245,512,140999,1.0,0.00035416056430831396,1.0,1.0,0.008681250601699672,4656,0.004517705631010311,3986.2901422682626,4225.698889563995
14100.109965635738,1.0,0.00035367458034626806,0.9997852233676976,0.9997852233676976,0.01037503958158067,4656,0.005364356991351675,512,141001,1.0,0.00035421194067013635,1.0,1.0,0.008683003920460074,4656,0.004518607944967001,3986.345081336258,4226.004349167
14124.98969072165,1.0,0.0003546187430108126,1.0,1.0,0.010333541639891686,4656,0.0053440801978520925,512,141249,1.0,0.00035516038229785015,1.0,1.0,0.008731911170113947,4656,0.004543535692994947,3994.5589857392115,4234.410730240001
14125.109965635738,1.0,0.0003546362813190906,1.0,1.0,0.010335071185200485,4656,0.0053448537268589455,512,141251,1.0,0.0003551763844039432,1.0,1.0,0.008731448773256283,4656,0.004543312585230955,3994.6013142732118,4234.697134566995
14149.98969072165,1.0,0.0003554570837477638,1.0,1.0,0.01026480130313598,4656,0.005310129207843768,512,141499,1.0,0.0003560061832166619,1.0,1.0,0.008772792889899815,4656,0.004564399571762872,4003.1778951952074,4243.465890909996
14150.109965635738,1.0,0.00035548054603571743,0.9997852233676976,0.9997852233676976,0.010277496170751826,4656,0.005316488367995036,512,141501,1.0,0.0003560287269837258,1.0,1.0,0.008775369100963947,4656,0.004565698993984367,4003.2307155211893,4243.780585898996
14174.98969072165,1.0,0.0003559983997922583,1.0,1.0,0.010250175941441068,4656,0.005303087103407818,512,141749,1.0,0.0003565542041436094,1.0,1.0,0.008802564283416853,4656,0.004579559224577704,4011.704666101221,4252.447417728996
14175.109965635738,1.0,0.0003560332651810138,1.0,1.0,0.010252440713115573,4656,0.005304237001949979,512,141751,1.0,0.0003565890439289952,1.0,1.0,0.008805295855728621,4656,0.004580942369818278,4011.7465597602204,4252.734070711995
14199.98969072165,1.0,0.00035611676417060734,0.9997852233676976,0.9997852233676976,0.010488221120998212,4656,0.005422168888177249,512,141999,1.0,0.0003566662156858395,1.0,1.0,0.008868331147223404,4656,0.00461249862544725,4020.176937872224,4261.358901831001
14200.109965635738,1.0,0.0003562588308685014,1.0,1.0,0.010343703617345016,4656,0.005349981262511814,512,142001,1.0,0.0003568082311769941,1.0,1.0,0.00885676764131002,4656,0.004606787896238242,4020.2275964472137,4261.660653298997
14224.98969072165,1.0,0.00035672118612069037,1.0,1.0,0.01020697875530859,4656,0.0052818499787156935,512,142249,1.0,0.0003572667459237207,1.0,1.0,0.008854112776694019,4656,0.004605689767709712,4028.696328195256,4270.324235439999
14225.109965635738,1.0,0.0003567118728949442,1.0,1.0,0.010210701792510515,4656,0.0052837068887101,512,142251,1.0,0.0003572598874210492,1.0,1.0,0.008857547724779528,4656,0.0046074038109009206,4028.7542485832673,4270.639520375
14249.98969072165,1.0,0.0003569443706947913,0.9997852233676976,0.9997852233676976,0.010290055238094526,4656,0.005323499748387288,512,142499,1.0,0.00035749109865156645,1.0,1.0,0.008867668327187345,4656,0.004612579736922614,4037.1721004733045,4279.258038870998
14250.109965635738,1.0,0.0003568727420674976,0.9997852233676976,0.9997852233676976,0.010246895842535799,4656,0.005301884359510494,512,142501,1.0,0.00035741649363253946,1.0,1.0,0.008872430861201073,4656,0.004614923571802906,4037.2145886332946,4279.547412953994
14274.98969072165,1.0,0.0003570072749738431,0.9997852233676976,0.9997852233676976,0.010254142005828647,4656,0.0053055745731924,512,142749,1.0,0.0003575412364503772,1.0,1.0,0.008878282152910004,4656,0.004617911689879559,4044.2223458972658,4286.735086458
14275.109965635738,1.0,0.00035702640069104554,0.9997852233676976,0.9997852233676976,0.010263931812699308,4656,0.0053104790010812765,512,142751,1.0,0.00035756073661686216,1.0,1.0,0.008884275696941257,4656,0.00462091824238243,4044.264569837258,4287.022531709001
14299.98969072165,1.0,0.000357041823520898,0.9997852233676976,0.9997852233676976,0.010344622163838128,4656,0.0053508320112818294,512,142999,1.0,0.00035756974260217134,1.0,1.0,0.00889350663345704,4656,0.004625538114419917,4051.7317536403207,4294.675860111995
14300.109965635738,1.0,0.00035703194382059617,0.9997852233676976,0.9997852233676976,0.010329540345267332,4656,0.005343286288562919,512,143001,1.0,0.0003575597924926027,1.0,1.0,0.008897276166378427,4656,0.00462741796503362,4051.7819420453234,4294.973179567001
14324.98969072165,1.0,0.0003569839439031594,0.9997852233676976,0.9997852233676976,0.010238786948095891,4656,0.005297885471602895,512,143249,1.0,0.00035749203957540475,1.0,1.0,0.008883935274537076,4656,0.004620713569044657,4059.4401917153737,4302.822981489997
14325.109965635738,1.0,0.00035691295215968825,0.9997852233676976,0.9997852233676976,0.010292411977073172,4656,0.005324662499821063,512,143251,1.0,0.00035742117264836107,1.0,1.0,0.008893917925988686,4656,0.004625669613326948,4059.4825755533675,4303.110284992996
14349.98969072165,1.0,0.0003569099213607942,0.9997852233676976,0.9997852233676976,0.010312786626651934,4656,0.00533484828840826,512,143499,1.0,0.00035739750873387064,1.0,1.0,0.008893945167974098,4656,0.00462567140556283,4066.477542778397,4310.284942483995
14350.109965635738,1.0,0.0003569375409959108,0.9997852233676976,0.9997852233676976,0.0102559555437147,4656,0.0053064464703458285,512,143501,1.0,0.000357424949145399,1.0,1.0,0.008899507551258783,4656,0.004628466269404618,4066.5193699203955,4310.570978939999
14374.98969072165,1.0,0.0005705187871693745,0.9570446735395189,0.9570446735395189,0.16611733387426003,4656,0.0833439261642928,512,143749,1.0,0.0004323745927296553,0.9791666666666666,0.9791666666666666,0.12534557912767547,4656,0.06288897704422679,4073.541424574403,4317.771694907999
14375.109965635738,1.0,0.0006318897316136311,0.9370704467353952,0.9370704467353952,0.20207813761078616,4656,0.10135501356878641,512,143751,1.0,0.0004385335377299089,0.9596219931271478,0.9596219931271478,0.1600597961661742,4656,0.08024916452230867,4073.583007651403,4318.056706978998
14399.98969072165,1.0,0.00030402573548846227,0.9961340206185567,0.9961340206185567,0.023992885224188316,4656,0.012148455553448078,512,143999,1.0,0.00030346526492297445,1.0,1.0,0.012019998941224875,4656,0.006161732055067606,4080.576162742349,4325.229693608999
14400.109965635738,1.0,0.0003040693636305144,0.9961340206185567,0.9961340206185567,0.023829516676283375,4656,0.012066792991153154,512,144001,1.0,0.0003035081249639341,1.0,1.0,0.011993094408225357,4656,0.006148301295398437,4080.618397403334,4325.517065675995
14424.98969072165,1.0,0.00030591307828823727,0.9980670103092784,0.9980670103092784,0.017178710178820947,4656,0.008742311873386815,512,144249,1.0,0.0003059842012489784,1.0,1.0,0.009488640372286137,4656,0.004897312353976404,4087.6077828812704,4332.685683616997
14425.109965635738,1.0,0.00030596705979293154,0.9980670103092784,0.9980670103092784,0.017015439333374967,4656,0.008660703282995322,512,144251,1.0,0.0003060387460278072,1.0,1.0,0.009476263600936051,4656,0.004891151159080034,4087.6499397262596,4332.971956567999
14449.98969072165,1.0,0.00031395686015845163,0.9987113402061856,0.9987113402061856,0.014001690440161531,4656,0.007157823781377261,512,144499,1.0,0.00031410717754224734,1.0,1.0,0.008601770163401705,4656,0.004457938763284192,4094.6555337582395,4340.1564270969975
14450.109965635738,1.0,0.0003140163687905905,0.9987113402061856,0.9987113402061856,0.013968891396964948,4656,0.007141454062101357,512,144501,1.0,0.0003141675662902213,1.0,1.0,0.008597115265954402,4656,0.004455641424123364,4094.6974962492313,4340.442588027996
14474.98969072165,1.0,0.00032214781979924623,0.9991408934707904,0.9991408934707904,0.012463554176677953,4656,0.006392850959833545,512,144749,1.0,0.00032233119113338774,1.0,1.0,0.008231696906368347,4656,0.004277014035949183,4101.721306409279,4347.645408238997
14475.109965635738,1.0,0.0003222073476339124,0.9991408934707904,0.9991408934707904,0.012485437171975361,4656,0.006403822259804637,512,144751,1.0,0.00032239149667041,1.0,1.0,0.008227630169530915,4656,0.00427501082830003,4101.763155362278,4347.931055531997
14499.98969072165,1.0,0.0003293181715142686,0.9991408934707904,0.9991408934707904,0.011652844161102452,4656,0.005991081140704991,512,144999,1.0,0.00032950982553852384,1.0,1.0,0.008084139156177691,4656,0.004206824548465689,4108.745740546234,4355.093450690001
14500.109965635738,1.0,0.0003294023009868422,0.9991408934707904,0.9991408934707904,0.011621802123551517,4656,0.005975602162662651,512,145001,1.0,0.0003295947967218779,1.0,1.0,0.008081821846388459,4656,0.004205708190337899,4108.787971164238,4355.3933003679995
14524.98969072165,1.0,0.00033535607658403434,0.9993556701030928,0.9993556701030928,0.011096033341286518,4656,0.005715694777744333,512,145249,1.0,0.00033555057578275296,1.0,1.0,0.008044175368404061,4656,0.0041898629304879306,4115.833934090217,4362.619209842
14525.109965635738,1.0,0.0003354350725809733,0.9993556701030928,0.9993556701030928,0.011042461055250922,4656,0.005688948012709208,512,145251,1.0,0.0003356328074055439,1.0,1.0,0.008043825421546334,4656,0.004189729127277623,4115.875904360219,4362.905389353997
14549.98969072165,1.0,0.0003402397913467843,0.9997852233676976,0.9997852233676976,0.010776829883405023,4656,0.0055585348421765355,512,145499,1.0,0.0003404440550306409,1.0,1.0,0.008064075638748117,4656,0.004202259826086641,4122.83745159625,4370.045477528998
14550.109965635738,1.0,0.0003402860854397115,0.9997852233676976,0.9997852233676976,0.01070428201832722,4656,0.005522284003877148,512,145501,1.0,0.0003404908227859084,1.0,1.0,0.008065536464612508,4656,0.004203013640498787,4122.878774155251,4370.329543588996
14574.98969072165,1.0,0.00034411305312028866,0.9997852233676976,0.9997852233676976,0.010515651137558455,4656,0.0054298821081410565,512,145749,1.0,0.0003443148908848615,1.0,1.0,0.008118568621959883,4656,0.0042314417276185816,4129.872080835288,4377.502179236995
14575.109965635738,1.0,0.00034413122511196793,0.9997852233676976,0.9997852233676976,0.01053946667520451,4656,0.005441798889350235,512,145751,1.0,0.00034433295726264056,1.0,1.0,0.008119971174554727,4656,0.004232152118715634,4129.914311676286,4377.788722163001
14599.98969072165,1.0,0.0003472252259242166,0.9997852233676976,0.9997852233676976,0.01041247590710617,4656,0.0053798505121080325,512,145999,1.0,0.00034743362775270883,1.0,1.0,0.008188486201656643,4656,0.004267959762684668,4136.925838668198,4384.980688516
14600.109965635738,1.0,0.0003472514117706273,0.9997852233676976,0.9997852233676976,0.01040586102049785,4656,0.005376556126522445,512,146001,1.0,0.0003474595735675281,1.0,1.0,0.00818926239341395,4656,0.004268360916281894,4136.968499554205,4385.268509525995
14624.98969072165,1.0,0.0003496484632549417,0.9997852233676976,0.9997852233676976,0.01032342728470609,4656,0.0053365378547779885,512,146249,1.0,0.0003498680089501171,1.0,1.0,0.008264428561495752,4656,0.004307148331629042,4143.94459398427,4392.424253580997
14625.109965635738,1.0,0.000349659287079503,0.9997852233676976,0.9997852233676976,0.010300733993962868,4656,0.005325196688527504,512,146251,1.0,0.00034987884557636335,1.0,1.0,0.008265473383808463,4656,0.004307676068286306,4143.986572999267,4392.710628700996
14649.98969072165,1.0,0.0003515246397850849,0.9997852233676976,0.9997852233676976,0.01024034107263965,4656,0.005295932907419107,512,146499,1.0,0.0003517507463437585,1.0,1.0,0.008337960005625826,4656,0.004344855335979527,4150.963854720256,4399.867845553999
14650.109965635738,1.0,0.0003515338025910338,0.9997852233676976,0.9997852233676976,0.010237355002832576,4656,0.005294444429915386,512,146501,1.0,0.00035176048522552676,1.0,1.0,0.008339360817191527,4656,0.0043455607600228485,4151.005986114265,4400.154446693996
14674.98969072165,1.0,0.0003530145382758268,0.9997852233676976,0.9997852233676976,0.01020969578490634,4656,0.0052813551679919265,512,146749,1.0,0.0003532498748492949,1.0,1.0,0.008411449255402555,4656,0.004382349729947618,4157.91741299125,4407.245788708999
14675.109965635738,1.0,0.0003530287225426677,0.9997852233676976,0.9997852233676976,0.010204898737550192,4656,0.005278963710843902,512,146751,1.0,0.0003532651856644047,1.0,1.0,0.008415947460226995,4656,0.004384606308543805,4157.959078867258,4407.532779020999
14699.98969072165,1.0,0.00035425100181110946,0.9997852233676976,0.9997852233676976,0.010117715781496972,4656,0.0052359833340464585,512,146999,1.0,0.00035450138996556864,1.0,1.0,0.008476836574855949,4656,0.004415668982410759,4164.9005267072425,4414.653666063998
14700.109965635738,1.0,0.00035423610705075803,1.0,1.0,0.010102330511787912,4656,0.005228283325421442,512,147001,1.0,0.00035448758654885274,1.0,1.0,0.008480705551265441,4656,0.004417596608912412,4164.9429123692535,4414.9410942609975
14724.98969072165,1.0,0.00035509884779907994,0.9997852233676976,0.9997852233676976,0.010179071901590144,4656,0.005267085334689347,512,147249,1.0,0.000355355896030095,1.0,1.0,0.00853596294868443,4656,0.00444565938715263,4171.843972488372,4422.020893677
14725.109965635738,1.0,0.0003551193496974063,1.0,1.0,0.010163309443037944,4656,0.005259214397967886,512,147251,1.0,0.0003553773004472051,1.0,1.0,0.00853902582860075,4656,0.004447201631732823,4171.886032102375,4422.3072486859965
14749.98969072165,1.0,0.0003558378474614055,1.0,1.0,0.010132601068601576,4656,0.005244219426027278,512,147499,1.0,0.00035609679994304564,1.0,1.0,0.008585421694922693,4656,0.004470759241032027,4178.826064853492,4429.4248949859975
14750.109965635738,1.0,0.0003558434545993805,0.9997852233676976,0.9997852233676976,0.010171895993943886,4656,0.005263869807482585,512,147501,1.0,0.00035610389847730853,1.0,1.0,0.00858713384346454,4656,0.0044716188485679756,4178.875776369488,4429.7319190889975
14774.98969072165,1.0,0.00035631529269964014,1.0,1.0,0.010095591397629571,4656,0.0052259533163608145,512,147749,1.0,0.00035659483989182206,1.0,1.0,0.00863863911825357,4656,0.004497616868658164,4187.291037124443,4438.3434924449975
14775.109965635738,1.0,0.00035633050110127096,1.0,1.0,0.010112739817793016,4656,0.005234535156246722,512,147751,1.0,0.00035660950422184573,1.0,1.0,0.008636880166751822,4656,0.004496744766677778,4187.333094810434,4438.6302648919955
14799.98969072165,1.0,0.00035670920054322664,1.0,1.0,0.01011148852990665,4656,0.0052340988748262015,512,147999,1.0,0.0003569986914441348,1.0,1.0,0.008661886875572074,4656,0.004509442757904734,4195.963916590401,4447.455890787001
14800.109965635738,1.0,0.0003567638701384829,1.0,1.0,0.010081205990715944,4656,0.005218985000836481,512,148001,1.0,0.00035705445238302664,1.0,1.0,0.0086657849374096,4656,0.004511419747703264,4196.010307783392,4447.757727428994
14824.98969072165,1.0,0.000357031956622281,1.0,1.0,0.010174328723723945,4656,0.0052656804265844865,512,148249,1.0,0.0003573233293708657,1.0,1.0,0.008692529398141448,4656,0.004524926446967109,4204.744573881442,4456.695611210998
14825.109965635738,1.0,0.00035704943732297706,1.0,1.0,0.010175875372083736,4656,0.005266462404703356,512,148251,1.0,0.00035734391127972256,1.0,1.0,0.008693518302694629,4656,0.0045254311917983375,4204.811650868447,4457.026695347995
14849.98969072165,1.0,0.000379159876955129,0.9518900343642611,0.9518900343642611,0.20042446634613773,4656,0.10040181281230703,512,148499,1.0,0.00037915340890384624,0.9742268041237113,0.9742268041237113,0.14760049020301846,4656,0.07398982228282391,4213.079461344438,4465.489531674997
14850.109965635738,1.0,0.0003820155904055461,0.9325601374570447,0.9325601374570447,0.23583695323196882,4656,0.11810948430877372,512,148501,1.0,0.0003820717898021449,0.9615549828178694,0.9615549828178694,0.17570299299312211,4656,0.08804253286512446,4213.12165677044,4465.775948662995
14874.98969072165,1.0,0.0002988247181644145,0.9980670103092784,0.9980670103092784,0.0218702124566147,4656,0.011084518584189136,512,148749,1.0,0.00029890272203077564,1.0,1.0,0.012188959674736889,4656,0.0062439311615789875,4220.212829753487,4473.046148322996
14875.109965635738,1.0,0.00029866376258048813,0.9980670103092784,0.9980670103092784,0.021821029407461893,4656,0.011059846562618242,512,148751,1.0,0.0002987546641443603,1.0,1.0,0.012154157423891152,4656,0.006226456042417546,4220.255330854503,4473.332728904999
14899.98969072165,1.0,0.0002988297108215155,0.9991408934707904,0.9991408934707904,0.014994411226810049,4656,0.007646620427210306,512,148999,1.0,0.0002988770514521812,1.0,1.0,0.009375497033096262,4656,0.00483718709028054,4227.391846468439,4480.649739585999
14900.109965635738,1.0,0.0002988848252753212,0.9991408934707904,0.9991408934707904,0.014962817180607327,4656,0.007630850902128056,512,149001,1.0,0.00029892962477153927,1.0,1.0,0.009362154605052726,4656,0.004830542094109394,4227.434026739436,4480.935740977999
14924.98969072165,1.0,0.0003076747725509696,0.9995704467353952,0.9995704467353952,0.01258780773972318,4656,0.006447741307343814,512,149249,1.0,0.0003077540021786575,1.0,1.0,0.008463654935974436,4656,0.0043857045394858135,4234.471690069506,4488.1537464799985
14925.109965635738,1.0,0.00030776407070381127,0.9995704467353952,0.9995704467353952,0.012562174977305829,4656,0.0064349696296187205,512,149251,1.0,0.0003078437291879425,1.0,1.0,0.008457656168855751,4656,0.004382749910616793,4234.51390778651,4488.442977549996
14949.98969072165,1.0,0.00031730105389946516,0.9993556701030928,0.9993556701030928,0.011536096584346286,4656,0.005926698958341198,512,149499,1.0,0.0003174150657049569,1.0,1.0,0.008085066919883912,4656,0.004201240965590854,4241.735697074502,4495.847595576997
14950.109965635738,1.0,0.00031737782880407835,0.9993556701030928,0.9993556701030928,0.011527307152338453,4656,0.005922342647391906,512,149501,1.0,0.00031749181500620037,1.0,1.0,0.0080812141248041,4656,0.004199353024312311,4241.778409346502,4496.1359032389955
14974.98969072165,1.0,0.00032555466498603524,0.9995704467353952,0.9995704467353952,0.011003593808596897,4656,0.005664574219189149,512,149749,1.0,0.0003257112583958406,1.0,1.0,0.007945117057393916,4656,0.004135414189899091,4248.79883559353,4503.334684525995
14975.109965635738,1.0,0.00032563592048035454,0.9995704467353952,0.9995704467353952,0.010977572387026758,4656,0.005651604166555241,512,149751,1.0,0.00032579329799335845,1.0,1.0,0.00794295009059185,4656,0.004134371620682916,4248.843010787525,4503.623713061999
14999.98969072165,1.0,0.0003325694858310968,0.9997852233676976,0.9997852233676976,0.010643121200738494,4656,0.005487845269675108,512,149999,1.0,0.0003327741911730815,1.0,1.0,0.007910986536556912,4656,0.004121880453476791,4256.063312890459,4511.027016273001
