epochs_seen,heldout_EOS_accuracy,heldout_EOS_loss,heldout_accuracy,heldout_answer_accuracy,heldout_answer_loss,heldout_examples,heldout_loss,last_batch_size,step,train_EOS_accuracy,train_EOS_loss,train_accuracy,train_answer_accuracy,train_answer_loss,train_examples,train_loss,training_seconds,wall_seconds
0.0,0.0,5.778129674266932,0.0,7.196315486470927e-05,5.852688940352383,27792,5.815409291936669,,0,0.0001079447322970639,5.777610943519184,0.0,0.0,5.854375256157909,9264,5.815993070190641,0.0,0.1383738520089537
13.16580310880829,1.0,0.029027601752256483,0.007160333909038572,0.007160333909038572,5.35839106725013,27792,2.6937093454733207,512,250,1.0,0.029028392440296827,0.04047927461139896,0.04047927461139896,5.110274369234866,9264,2.569651344279551,6.23660904278222,7.902594175000559
26.33160621761658,1.0,0.0038260869578891055,0.008707541738629821,0.008707541738629821,5.500033535076135,27792,2.751929809666943,512,500,1.0,0.0038268275378796307,0.5110103626943006,0.5110103626943006,3.861532824027106,9264,1.932679826937397,12.503680813781102,15.665288410003996
39.49740932642487,1.0,0.0017672965552917347,0.008923431203223949,0.008923431203223949,5.690843607408944,27792,2.8463054628432585,512,750,1.0,0.0017660216577930154,0.8303108808290155,0.8303108808290155,2.415472567596172,9264,1.2086192783296417,18.76570054871263,23.421575700005633
52.66321243523316,1.0,0.001205200209857646,0.00939119170984456,0.00939119170984456,5.925672145705149,27792,2.9634386654482126,512,1000,1.0,0.001204071596219801,0.9697754749568221,0.9697754749568221,1.2906504204442053,9264,0.6459272443115814,25.039338630696875,31.190809238003567
65.82901554404145,1.0,0.0008977372574614051,0.008491652274035694,0.008491652274035694,6.180867411998338,27792,3.090882581887605,512,1250,1.0,0.0008972816025301016,0.9979490500863558,0.9979490500863558,0.5460017847479522,9264,0.27344952943205625,31.249056362605188,38.89456430400605
78.99481865284974,1.0,0.0006180140149613942,0.008419689119170985,0.008419689119170985,6.48216026626789,27792,3.241389144475802,512,1500,1.0,0.0006177312954263006,0.9993523316062176,0.9993523316062176,0.20248345904605583,9264,0.10155059518179951,37.26794115152734,46.40866276000452
92.1105354058722,1.0,0.00040716510392064907,0.008815486470926885,0.008815486470926885,6.756456598030402,27792,3.378431868127659,512,1750,1.0,0.0004070987808317049,1.0,1.0,0.06371196538261387,9264,0.03205953243740276,43.32190841548436,53.95682859800581
105.27633851468049,1.0,0.0003095096353576591,0.009175302245250433,0.009175302245250433,6.964825100368923,27792,3.482567307862593,512,2000,1.0,0.0003091618359380037,1.0,1.0,0.033454730592037525,9264,0.01688194604323524,49.26844355247158,61.39736071899824
118.44214162348878,1.0,0.00023289158308710184,0.008527633851468049,0.008527633851468049,7.098409087203602,27792,3.549321013754239,512,2250,1.0,0.00023286448190847672,1.0,1.0,0.025625460300214963,9264,0.01292916236763791,55.45800484048959,69.0850519759988
131.60794473229706,1.0,0.00015180058057259643,0.008419689119170985,0.008419689119170985,7.302916865549213,27792,3.6515343665527626,512,2500,1.0,0.00014962384413721904,0.9761442141623489,0.9761442141623489,0.16866273779119648,9264,0.08440618052280835,61.721498302416876,76.8423518280033
144.77374784110535,1.0,0.0001390732702288174,0.008239781232009212,0.008239781232009212,7.393521697066883,27792,3.6968303893445618,512,2750,1.0,0.00013898023565433315,1.0,1.0,0.011213205960645165,9264,0.005676093091464413,68.00089446666243,84.6148979790014
157.93955094991364,1.0,9.750658402269815e-05,0.00877950489349453,0.00877950489349453,7.506462250897853,27792,3.7532798973527117,512,3000,1.0,9.184400375091208e-05,0.9994602763385146,0.9994602763385146,0.028382759817935435,9264,0.014237301787667118,74.28045618366741,92.38934190900181
171.0552677029361,1.0,8.326368076672105e-05,0.00838370754173863,0.00838370754173863,7.651613541835331,27792,3.8258483790088538,512,3250,1.0,8.303392195948665e-05,1.0,1.0,0.006381342718329454,9264,0.003232188300842448,80.3925929646648,99.99552130000666
184.2210708117444,0.9999640184225677,0.0002176107091265669,0.00845567069660334,0.00845567069660334,7.702824282385388,27792,3.8515209446162,512,3500,1.0,6.0027303519563845e-05,0.9991364421416234,0.9991364421416234,0.019598400956968777,9264,0.0098292141065439,86.63695357591496,107.73517865900067
197.3868739205527,0.9999280368451353,0.00039396798697921673,0.008671560161197467,0.008671560161197467,7.685081604917501,27792,3.8427377919321715,512,3750,1.0,6.329859070084179e-05,0.9975172711571675,0.9975172711571675,0.031781207300426634,9264,0.01592225279009198,92.81232294881193,115.41241514400463
210.55267702936098,0.9999640184225677,0.00012901397970187112,0.00838370754173863,0.00838370754173863,7.776932518167886,27792,3.8885307970854077,512,4000,1.0,5.995774154458034e-05,1.0,1.0,0.0046367856154350216,9264,0.002348371680877421,99.05631714667834,123.15344472200377
223.71848013816927,0.999892055267703,0.0006656209810486274,0.008419689119170985,0.008419689119170985,8.12580278623907,27792,4.063234244672197,512,4250,1.0,3.501582364819137e-05,0.9822970639032815,0.9822970639032815,0.08867749551211408,9264,0.04435625584837892,104.98220470375963,130.57049623000785
236.88428324697756,0.9999280368451353,0.0005002680739814659,0.008203799654576857,0.008203799654576857,7.941630827399184,27792,3.9710655453977877,512,4500,1.0,3.881451326670907e-05,0.9968696027633851,0.9968696027633851,0.02532866699476316,9264,0.012683740712457783,110.95871975959744,138.0390355760028
250.0,0.9999640184225677,0.00032649416615623524,0.008923431203223949,0.008923431203223949,7.888528664632302,27792,3.9444276022375764,48,4750,1.0,4.085167036178668e-05,1.0,1.0,0.004014404519543129,9264,0.0020276280755373377,117.14583225661772,145.71802526600368
263.1658031088083,0.9999640184225677,8.652089947135449e-05,0.008671560161197467,0.008671560161197467,8.21679497314172,27792,4.108440781298491,512,5000,1.0,2.8551039564429696e-05,1.0,1.0,0.0017451984158014181,9264,0.0008868747185722688,123.34530355484458,153.40792459300428
276.3316062176166,0.9999640184225677,0.00013719303877587243,0.00845567069660334,0.00845567069660334,8.390229861490605,27792,4.195183599688366,512,5250,1.0,1.693003725641309e-05,0.9991364421416234,0.9991364421416234,0.010024772387557697,9264,0.005020851159986231,129.54496053684852,161.10773533199972
289.4974093264249,0.9999640184225677,5.121534189212559e-05,0.008311744386873921,0.008311744386873921,8.300607117964196,27792,4.1503291506155096,512,5500,1.0,1.813391754254924e-05,1.0,1.0,0.0017745237482232339,9264,0.0008963288571235172,135.7486417008622,168.80243819500902
302.66321243523316,1.0,1.294063706885649e-05,0.00838370754173863,0.00838370754173863,8.62678856374755,27792,4.3134005869951615,512,5750,1.0,1.2811596230591691e-05,1.0,1.0,0.000839076914932315,9264,0.0004259442678525632,141.95637234587048,176.50171436200617
315.82901554404145,0.9999640184225677,8.7755886369632e-05,0.008239781232009212,0.008239781232009212,8.620694983465341,27792,4.310391495813909,512,6000,1.0,1.1323282739130655e-05,0.9992443868739206,0.9992443868739206,0.007088825569869323,9264,0.003550074450890429,148.21764522283047,184.25684828701196
328.99481865284974,1.0,1.7628787883901063e-05,0.008635578583765112,0.008635578583765112,8.613038528082216,27792,4.3065281320592765,512,6250,1.0,1.2330246156536763e-05,0.9963298791018999,0.9963298791018999,0.020964134130659087,9264,0.010488232028299046,154.49875202978728,192.0331717520021
342.1105354058722,0.9999280368451353,0.0006434773085736732,0.008527633851468049,0.008527633851468049,8.357375703327396,27792,4.179009524857648,512,6500,1.0,1.3572095455710385e-05,0.9971934369602763,0.9971934369602763,0.019903449254795678,9264,0.00995851080986914,160.77885368993157,199.80930906601134
355.2763385146805,0.9998200921128382,0.0004829911400477424,0.008275762809441567,0.008275762809441567,8.341294274909371,27792,4.17088861635655,512,6750,1.0,1.548106816017418e-05,0.9939550949913645,0.9939550949913645,0.03580191984309434,9264,0.017908700469990674,167.08981662585575,207.61630622499797
368.4421416234888,0.9998560736902706,0.0007310281900413416,0.007664075993091537,0.007664075993091537,8.277289268129094,27792,4.13901013784458,512,7000,1.0,1.7263132286173996e-05,0.9902849740932642,0.9902849740932642,0.05676691859497308,9264,0.0283920909044862,173.3826029299962,215.404781559002
381.6079447322971,0.9999640184225677,0.00029977202255721967,0.008131836499712147,0.008131836499712147,8.264862293337842,27792,4.132581039894293,512,7250,1.0,1.819293128280492e-05,0.9988126079447323,0.9988126079447323,0.014302036369505736,9264,0.007160114603750858,179.63661762792617,223.1551691880013
394.7737478411054,0.9999280368451353,0.0003798484151171457,0.008311744386873921,0.008311744386873921,8.199467467383263,27792,4.0999236384135385,512,7500,1.0,1.9150808922438166e-05,1.0,1.0,0.001621591551341953,9264,0.0008203711610815016,185.89253988895507,230.90808263100917
407.93955094991367,1.0,1.2177990602669035e-05,0.00845567069660334,0.00845567069660334,8.590957360495489,27792,4.295484704263058,512,7750,1.0,1.1565421456298172e-05,1.0,1.0,0.0006434631739809003,9264,0.00032751430216082896,192.1565603818599,238.66723031199945
421.0552677029361,1.0,5.065258386780529e-06,0.008347725964306276,0.008347725964306276,9.067996669103856,27792,4.534000750307249,512,8000,1.0,4.220284935618173e-06,0.9951424870466321,0.9951424870466321,0.026576889025784114,9264,0.013290554860893103,198.39455865585478,246.3982735460013
434.22107081174437,1.0,2.1983797343074632e-05,0.008203799654576857,0.008203799654576857,8.884590851690966,27792,4.442306421924474,512,8250,1.0,4.776543569427373e-06,1.0,1.0,0.0007163535715893091,9264,0.00036056506361439183,204.64095260488102,254.13814173500577
447.38687392055266,1.0,5.411591502008386e-06,0.007951928612550374,0.007951928612550374,8.962711231009878,27792,4.481358334327746,512,8500,1.0,4.72529097000782e-06,1.0,1.0,0.00036783594178077674,9264,0.00018628062205855607,210.9190972608485,261.9119136710069
460.55267702936095,1.0,1.9047037845204822e-06,0.00845567069660334,0.00845567069660334,9.569608715806257,27792,4.78480531102841,512,8750,1.0,1.8985064876226014e-06,1.0,1.0,0.0001399295121256024,9264,7.091401021610721e-05,217.20259455083578,269.6914131090016
473.71848013816924,1.0,1.255199106404248e-06,0.008311744386873921,0.008311744386873921,9.495791916745658,27792,4.747896472269869,512,9000,1.0,1.2361780318629302e-06,0.999892055267703,0.999892055267703,0.0014723557263085158,9264,0.0007367959396434314,223.50573355190863,277.4911224649986
486.88428324697753,0.9999640184225677,0.00022450128829331175,0.008131836499712147,0.008131836499712147,9.456218225350652,27792,4.728221155407104,512,9250,1.0,1.4070004883584397e-06,0.9994602763385146,0.9994602763385146,0.0033741654580481516,9264,0.00168778619765978,229.80436806287616,285.2860074950004
500.0,0.9999280368451353,0.00033647568321092786,0.007987910189982728,0.007987910189982728,9.369576326237373,27792,4.684956444634332,48,9500,1.0,1.7443348033009266e-06,0.9994602763385146,0.9994602763385146,0.004360298318901004,9264,0.0021810212891568174,236.0927210869413,293.07112246300676
513.1658031088083,0.9999280368451353,0.00035220128116083616,0.007987910189982728,0.007987910189982728,9.232471925057965,27792,4.616412029365184,512,9750,1.0,2.7636148068751894e-06,0.9944948186528497,0.9944948186528497,0.02503616676789697,9264,0.012519465196420904,242.3677261838602,300.8414178910025
526.3316062176166,0.9999640184225677,0.00029537473224131364,0.007700057570523892,0.007700057570523892,9.195120732950354,27792,4.5977079537522885,512,10000,1.0,2.654511077890079e-06,0.9989205526770294,0.9989205526770294,0.007834375110520805,9264,0.003918514762311813,248.63030221783265,308.5972671280033
539.4974093264249,0.999892055267703,0.0004374384208453561,0.008311744386873921,0.008311744386873921,9.082638627987315,27792,4.54153809138393,512,10250,1.0,4.0724951332071694e-06,0.9988126079447323,0.9988126079447323,0.008175006091260128,9264,0.004089539299601615,254.85444449579518,316.3254209720035
552.6632124352332,0.9999280368451353,0.00024775299665022953,0.007412204951065054,0.007412204951065054,8.992477443345882,27792,4.496362507171718,512,10500,1.0,3.1721896218951866e-06,0.999892055267703,0.999892055267703,0.00510679230106824,9264,0.002554982217006218,261.09067484877596,324.05368047799857
565.8290155440415,0.9999640184225677,0.00022603212647823908,0.008059873344847437,0.008059873344847437,8.813762175055434,27792,4.406994032873528,512,10750,1.0,3.3113451607023494e-06,1.0,1.0,0.0005920432638280442,9264,0.0002976773079124397,267.3315161778446,331.78683658000955
578.9948186528497,0.9999640184225677,4.8280338932737004e-05,0.008131836499712147,0.008131836499712147,9.027908079227497,27792,4.513978118105873,512,11000,1.0,3.0038666634006902e-06,1.0,1.0,0.00025134337305964736,9264,0.00012717362192084624,273.53516244988714,339.4840345429984
592.1105354058722,1.0,9.685793878513543e-07,0.00838370754173863,0.00838370754173863,9.781633437469079,27792,4.8908171952971795,512,11250,1.0,9.653325093066539e-07,1.0,1.0,7.385393173959821e-05,9264,3.740963223872832e-05,279.81463377777254,347.2594774320023
605.2763385146804,0.9999640184225677,9.281934681733454e-05,0.008707541738629821,0.008707541738629821,9.977489640538419,27792,4.988791415797065,512,11500,1.0,5.243457551383182e-07,0.998272884283247,0.998272884283247,0.007385382867886304,9264,0.0036929536068776624,286.03065990068717,354.96777970199764
618.4421416234887,0.9999280368451353,0.00017196251562361382,0.008743523316062176,0.008743523316062176,9.863519750934396,27792,4.931845946633136,512,11750,1.0,7.38311210438472e-07,0.9977331606217616,0.9977331606217616,0.011279275212983804,9264,0.005640006700566035,292.2476088836411,362.67677290400025
631.607944732297,0.999892055267703,0.00022372371261453772,0.007412204951065054,0.007412204951065054,9.739003068905284,27792,4.869613449808229,512,12000,1.0,9.474471883963117e-07,0.9990284974093264,0.9990284974093264,0.005874810460472354,9264,0.002937878953334787,298.47340458365215,370.3956859720056
644.7737478411053,0.999892055267703,0.0002014351862996911,0.007484168105929764,0.007484168105929764,9.638747813170438,27792,4.819474634797531,512,12250,1.0,9.957404271453187e-07,0.9969775474956822,0.9969775474956822,0.016912928259640365,9264,0.008456961916106558,304.69259044266073,378.1081982320029
657.9395509499136,0.9996042026482441,0.00245084011255597,0.008239781232009212,0.008239781232009212,9.48828900677072,27792,4.745369899664106,512,12500,1.0,3.123773333539598e-06,0.9917962003454232,0.9917962003454232,0.03468650214000893,9264,0.017344812629342284,310.9168389526458,385.82530263900117
671.0552677029361,0.9998200921128382,0.0007962914285072511,0.008203799654576857,0.008203799654576857,9.413701858476585,27792,4.707249065480427,512,12750,1.0,2.064218602559629e-06,0.9990284974093264,0.9990284974093264,0.007186053933604703,9264,0.003594059129575322,317.12914250475296,393.5300403440051
684.2210708117444,0.9999280368451353,0.00014137271689154554,0.008599597006332758,0.008599597006332758,9.316027165282781,27792,4.658084162227299,512,13000,1.0,1.2747176483673922e-06,0.9961139896373057,0.9961139896373057,0.020576886714489196,9264,0.010289080632811923,323.40933847067936,401.304350343009
697.3868739205527,0.9998200921128382,0.0008734469561275291,0.008095854922279792,0.008095854922279792,9.232119334588191,27792,4.616496422679244,512,13250,1.0,2.3172580975350933e-06,0.9990284974093264,0.9990284974093264,0.006636276075516752,9264,0.003319296699551309,329.7016559785261,409.0940227090032
710.552677029361,0.999892055267703,0.0011329207588790513,0.008491652274035694,0.008491652274035694,9.173319169276736,27792,4.587226088045655,512,13500,1.0,2.0340418730905064e-06,0.999892055267703,0.999892055267703,0.0029610535467690137,9264,0.0014815437703977286,335.9932677364268,416.881281865004
723.7184801381693,0.999892055267703,0.0009093517164624117,0.008203799654576857,0.008203799654576857,9.049221010268523,27792,4.525065198600738,512,13750,1.0,1.9489604784370786e-06,0.999892055267703,0.999892055267703,0.002192424789605106,9264,0.0010971868831329756,342.21756523047225,424.5988204860041
736.8842832469776,0.999892055267703,0.0009214322332966993,0.008167818077144501,0.008167818077144501,8.918659186047526,27792,4.459790222659905,512,14000,1.0,2.1331020834999896e-06,1.0,1.0,0.0004244342105324816,9264,0.00021328365780889268,348.42922864963475,432.30305938200036
750.0,0.9999280368451353,0.0006389431836510018,0.008203799654576857,0.008203799654576857,9.15466663490168,27792,4.5776527417962,48,14250,1.0,1.9602729086267532e-06,1.0,1.0,0.00016374005702853408,9264,8.285016590320797e-05,354.63526061673474,440.00147624500096
763.1658031088083,1.0,5.979701926210661e-06,0.008203799654576857,0.008203799654576857,9.90836823089547,27792,4.954187209810686,512,14500,1.0,7.270169882070626e-07,1.0,1.0,4.576211450388253e-05,9264,2.324456580337909e-05,360.8903672706074,447.74977598700207
776.3316062176166,0.999892055267703,0.0005385846559942607,0.00877950489349453,0.00877950489349453,9.937976105843184,27792,4.969257409639858,512,14750,1.0,7.745769260396308e-07,0.999892055267703,0.999892055267703,0.001092704765366741,9264,0.0005467396711251845,366.899592623784,455.2470448570093
789.4974093264249,0.999892055267703,0.0005490220813090889,0.008275762809441567,0.008275762809441567,9.742515599103102,27792,4.87153231939778,512,15000,1.0,9.006315785143903e-07,1.0,1.0,0.000148911378597712,9264,7.490600550359048e-05,373.1503197767597,462.99085217200627
802.6632124352332,0.9999640184225677,0.00014408816751995443,0.008167818077144501,0.008167818077144501,9.739381705609697,27792,4.869762923570632,512,15250,1.0,9.097940822173702e-07,1.0,1.0,7.055878276001366e-05,9264,3.573428857289431e-05,379.31429010175634,470.6597386659996
815.8290155440415,1.0,3.816652122646093e-07,0.008635578583765112,0.008635578583765112,10.27048888176285,27792,5.135244440881425,512,15500,1.0,3.8247594838201036e-07,1.0,1.0,2.8260215668133194e-05,9264,1.4321345830445189e-05,385.56182034469384,478.40220153600967
828.9948186528497,1.0,1.8235763088467816e-06,0.007951928612550374,0.007951928612550374,10.655061782195641,27792,5.327531736612182,512,15750,1.0,1.2463957291786885e-07,0.9951424870466321,0.9951424870466321,0.021799550815372822,9264,0.010899837688878275,391.80930002479,486.14444608200574
842.1105354058722,0.9999280368451353,0.0002660531506583114,0.007700057570523892,0.007700057570523892,10.558377737551499,27792,5.279321831948605,512,16000,1.0,1.9964150898323799e-07,0.9969775474956822,0.9969775474956822,0.014016051855523763,9264,0.007008125674178975,398.02587758268055,493.8546464310057
855.2763385146804,0.9999640184225677,0.00017042990300549123,0.008059873344847437,0.008059873344847437,10.373074985607369,27792,5.186622632805753,512,16250,1.0,2.0640162759205938e-07,0.996653713298791,0.996653713298791,0.012522793543848349,9264,0.006261500024875314,404.2918740786117,501.61465326399775
868.4421416234887,1.0,2.5114074859120446e-05,0.007700057570523892,0.007700057570523892,10.149499184932939,27792,5.07476206654849,512,16500,1.0,3.890725403539638e-07,0.9990284974093264,0.9990284974093264,0.004103857846142457,9264,0.0020521234552856914,410.5591814965883,509.37677562300814
881.607944732297,1.0,6.224090030336203e-06,0.008059873344847437,0.008059873344847437,10.021923897523061,27792,5.010964933317423,512,16750,1.0,2.856955429337293e-07,0.999892055267703,0.999892055267703,0.0013794855444671165,9264,0.000689885626500392,416.8406737937039,517.1543608380016
894.7737478411053,1.0,1.57284591254683e-05,0.008239781232009212,0.008239781232009212,9.874058733881379,27792,4.937037114926845,512,17000,1.0,4.1289464742427717e-07,0.999892055267703,0.999892055267703,0.0008968061313920997,9264,0.00044860950725825443,423.09587049353286,524.9041678970098
907.9395509499136,0.9999640184225677,0.00012382035078738012,0.007951928612550374,0.007951928612550374,9.842776138753678,27792,4.921449895143921,512,17250,1.0,6.434041475014355e-07,0.9979490500863558,0.9979490500863558,0.010854452219510223,9264,0.00542754773291822,429.3538843662973,532.6560400320013
921.0552677029361,1.0,8.681201669828014e-07,0.008707541738629821,0.008707541738629821,9.833392998097475,27792,4.916696887765729,512,17500,1.0,5.55144560526523e-07,0.9973013816925734,0.9973013816925734,0.012973952251092397,9264,0.006487253662890438,435.6298380923254,540.4273347850103
934.2210708117444,1.0,1.695035225105475e-05,0.008311744386873921,0.008311744386873921,9.65222477185431,27792,4.826120996996803,512,17750,1.0,6.155598678533933e-07,0.9979490500863558,0.9979490500863558,0.01168141010923501,9264,0.005841012780324577,441.9084360124252,548.1997834470094
947.3868739205527,0.9999640184225677,0.0001147436624691596,0.008167818077144501,0.008167818077144501,9.669541973318255,27792,4.834828424536091,512,18000,1.0,8.870819680736459e-07,0.9994602763385146,0.9994602763385146,0.003525334625908645,9264,0.0017631108533198558,448.1876616204099,555.973376384005
960.552677029361,1.0,1.9612884312993212e-05,0.008023891767415083,0.008023891767415083,9.561503461399639,27792,4.780761571608539,512,18250,1.0,7.963464969731119e-07,0.9997841105354058,0.9997841105354058,0.002383507843674619,9264,0.0011921520839527327,454.49796371744014,563.7799301890045
973.7184801381693,1.0,2.551950587637435e-05,0.008131836499712147,0.008131836499712147,9.383774361530802,27792,4.691899922776647,512,18500,1.0,9.161246181255574e-07,1.0,1.0,0.0001962604137887094,9264,9.858826961889477e-05,460.79929773151525,571.5790732750029
986.8842832469776,1.0,1.9873063139267662e-06,0.008095854922279792,0.008095854922279792,9.568855953271456,27792,4.784429013214375,512,18750,1.0,8.471268754337259e-07,1.0,1.0,7.114455734004809e-05,9264,3.5995842246756934e-05,467.05324132854,579.3294107940019
1000.0,1.0,3.640403610549589e-07,0.008095854922279792,0.008095854922279792,10.252563248163815,27792,5.126281624081908,48,19000,1.0,3.625176667777605e-07,1.0,1.0,2.229117935853938e-05,9264,1.132684854270017e-05,473.335468652469,587.1088004010089
1013.1658031088083,1.0,1.773096514916248e-07,0.007951928612550374,0.007951928612550374,10.582657009689164,27792,5.291328539982842,512,19250,1.0,1.2388036318344898e-07,0.9964378238341969,0.9964378238341969,0.015340369801151218,9264,0.00767024693727519,479.59666676440975,594.8662521220103
1026.3316062176166,1.0,1.5207628575337245e-06,0.008671560161197467,0.008671560161197467,10.552777507213182,27792,5.276389456371775,512,19500,1.0,1.719786495734599e-07,0.9965457685664939,0.9965457685664939,0.012994513102197482,9264,0.006497342618816051,485.8727348885586,602.6382522610074
1039.4974093264248,0.9999640184225677,0.00013016310907062464,0.007987910189982728,0.007987910189982728,10.438436724498619,27792,5.219283368028851,512,19750,1.0,8.786590785390792e-07,0.9997841105354058,0.9997841105354058,0.002178908625315225,9264,0.001089893639552534,492.11351715336787,610.3729601430095
1052.6632124352332,0.9998560736902706,0.00020848097838579313,0.00791594703511802,0.00791594703511802,10.161722168952622,27792,5.080965286984002,512,20000,1.0,4.58009175683294e-07,0.9988126079447323,0.9988126079447323,0.006300439828498505,9264,0.0031504488877054553,498.39774530532304,618.1536347410001
1065.8290155440413,0.999892055267703,0.00035650382602046306,0.007484168105929764,0.007484168105929764,10.013177536792568,27792,5.006766972077874,512,20250,1.0,6.399524786447319e-07,0.9993523316062176,0.9993523316062176,0.002503977418959218,9264,0.0012523086758858054,504.6352229333279,625.8966866900009
1078.9948186528497,0.9999640184225677,0.00015451223615843226,0.008275762809441567,0.008275762809441567,9.991584808578008,27792,4.99586960084835,512,20500,1.0,1.5747895322294272e-06,0.9980569948186528,0.9980569948186528,0.008199654783754383,9264,0.004100614714931652,510.88174625934334,633.6361367310019
1092.1105354058723,0.9999280368451353,0.00022948376190119486,0.008275762809441567,0.008275762809441567,9.866918015905544,27792,4.933573699230838,512,20750,1.0,5.842315331298208e-07,0.9991364421416234,0.9991364421416234,0.0061618313201363736,9264,0.003081207764005234,517.1279082934634,641.375412526002
1105.2763385146804,1.0,9.14135935310511e-06,0.008563615428900403,0.008563615428900403,9.719501642502788,27792,4.859755334321561,512,21000,1.0,4.4978810679297696e-07,0.9973013816925734,0.9973013816925734,0.010490459743050766,9264,0.005245454739682724,523.3842338055983,649.1251003260113
1118.4421416234889,1.0,4.2643431539146436e-05,0.008311744386873921,0.008311744386873921,9.748068502598544,27792,4.8740556702644025,512,21250,1.0,6.446182204334332e-07,0.9955742659758203,0.9955742659758203,0.018542172261779174,9264,0.009271408436057482,529.6219902865414,656.8560314710048
1131.607944732297,0.9999280368451353,0.0002819804473346914,0.008887449625791594,0.008887449625791594,9.63910245044381,27792,4.819692287763509,512,21500,1.0,7.152409199238208e-07,0.9948186528497409,0.9948186528497409,0.01997421119548702,9264,0.00998746324813119,535.8843786667276,664.6138105670107
1144.7737478411054,0.9999280368451353,0.0006183555168719205,0.007879965457685665,0.007879965457685665,9.605393975784398,27792,4.80300617163114,512,21750,1.0,1.1670191208979747e-06,0.9940630397236615,0.9940630397236615,0.02405102416030123,9264,0.012026095509107687,542.1401942537923,672.3650061189983
1157.9395509499136,0.999892055267703,0.000610678228137355,0.008347725964306276,0.008347725964306276,9.530062313661812,27792,4.765336457792204,512,22000,1.0,1.1223931273645846e-06,0.9976252158894646,0.9976252158894646,0.012255605326286664,9264,0.006128363837270848,548.393763369706,680.1135874250031
1171.0552677029361,0.9998560736902706,0.0006387333994412982,0.008023891767415083,0.008023891767415083,9.310369953864871,27792,4.6555042629209,512,22250,1.0,1.2269552984833978e-06,1.0,1.0,0.0003295019260947054,9264,0.00016536444243822176,554.6522470866767,687.8664755130012
1184.2210708117443,0.9999640184225677,0.0004640091645998777,0.008023891767415083,0.008023891767415083,9.381045089484497,27792,4.690754474822172,512,22500,1.0,1.0756495607728224e-06,1.0,1.0,0.00011105234159674618,9264,5.6063995912947754e-05,560.9252781946561,695.6332646430092
1197.3868739205527,0.9999640184225677,0.0003256576501711796,0.008131836499712147,0.008131836499712147,9.853457862094139,27792,4.926891904489433,512,22750,1.0,6.710925960708669e-07,1.0,1.0,3.639967030996782e-05,9264,1.8535381510157285e-05,567.172306768698,703.3732185300032
1210.552677029361,1.0,2.954867870784961e-07,0.008491652274035694,0.008491652274035694,10.84968789583249,27792,5.424844035761893,512,23000,1.0,1.1960818461015598e-07,1.0,1.0,8.802822101042913e-06,9264,4.4612151495269895e-06,573.4226567307924,711.1186426500062
1223.7184801381693,1.0,6.619399964009593e-07,0.008419689119170985,0.008419689119170985,10.847382338484882,27792,5.423691485486774,512,23250,1.0,2.11164090243513e-08,0.9946027633851469,0.9946027633851469,0.03082697068474582,9264,0.015413495797634975,579.686278841953,718.877739470001
1236.8842832469775,1.0,1.2342566869988733e-07,0.008419689119170985,0.008419689119170985,10.824621091852533,27792,5.4123105481224085,512,23500,1.0,1.2160272455537384e-07,0.9969775474956822,0.9969775474956822,0.01850909293212627,9264,0.009254607254565277,585.9716373089614,726.6579982969997
1250.0,1.0,1.3216296694001093e-07,0.008167818077144501,0.008167818077144501,10.805221320433938,27792,5.402610660216969,48,23750,1.0,1.3070037021195916e-07,0.9965457685664939,0.9965457685664939,0.01283962423679948,9264,0.006419877462179138,592.2170181039255,734.3970326770068
1263.1658031088082,1.0,2.6614925391170552e-05,0.008203799654576857,0.008203799654576857,10.686294134004951,27792,5.343160314126199,512,24000,1.0,3.5870984842543944e-07,0.9978411053540587,0.9978411053540587,0.0073142562685646955,9264,0.00365730748223929,598.4712676448107,742.1451992950024
1276.3316062176166,0.9999280368451353,0.00043045544351519055,0.008635578583765112,0.008635578583765112,10.430700325183507,27792,5.215565296583774,512,24250,1.0,4.291816102309087e-07,0.9969775474956822,0.9969775474956822,0.014358056512128865,9264,0.007179242843080035,604.7393572508008,749.9079400510091
1289.4974093264248,0.9999280368451353,0.0006523210265487802,0.008599597006332758,0.008599597006332758,10.355505447519464,27792,5.178078789236083,512,24500,1.0,3.9626034609738943e-07,0.9944948186528497,0.9944948186528497,0.025627180324330128,9264,0.012813788252385633,611.0026146208111,757.6659329180111
1302.6632124352332,0.9999640184225677,0.00038142270677184295,0.008563615428900403,0.008563615428900403,10.270387687968604,27792,5.135384453667535,512,24750,1.0,3.7195394311224854e-07,0.9969775474956822,0.9969775474956822,0.011199602465561892,9264,0.005599987207765535,617.2694098828943,765.4265227150026
1315.8290155440413,1.0,5.741534602874476e-06,0.008995394358088658,0.008995394358088658,10.022915973564503,27792,5.011460780273859,512,25000,1.0,5.258911301687175e-07,0.9994602763385146,0.9994602763385146,0.0018650144402947862,9264,0.0009327701715968022,623.5422069407505,773.1936348890013
1328.9948186528497,0.9999280368451353,0.0002664507300958353,0.008671560161197467,0.008671560161197467,10.003932085405085,27792,5.002099146428435,512,25250,1.0,4.2766711590322525e-07,0.9990284974093264,0.9990284974093264,0.0046851659649645265,9264,0.002342796816718998,629.867620915873,781.0247127269977
1342.1105354058723,1.0,8.631058904749438e-07,0.008707541738629821,0.008707541738629821,9.926095087362146,27792,4.963047967536324,512,25500,1.0,4.862915610104937e-07,0.9951424870466321,0.9951424870466321,0.020670114151831065,9264,0.010335300345736232,636.1356891688629,788.7872782949999
1355.2763385146804,1.0,8.59403063700774e-07,0.008419689119170985,0.008419689119170985,9.91758783370102,27792,4.958794270429244,512,25750,1.0,5.941170808010031e-07,0.9980569948186528,0.9980569948186528,0.009078328492882337,9264,0.0045394612788279025,642.3977332929062,796.5446141990105
1368.4421416234889,1.0,1.1738582838641156e-06,0.008203799654576857,0.008203799654576857,9.84843320961855,27792,4.92421734490886,512,26000,1.0,6.411574218757044e-07,0.9992443868739206,0.9992443868739206,0.004119546644450752,9264,0.002060093883777259,648.6410526029213,804.281115935999
1381.607944732297,1.0,3.481487142110847e-06,0.008311744386873921,0.008311744386873921,9.641696738867356,27792,4.820850201015439,512,26250,1.0,7.511044295573503e-07,1.0,1.0,0.00015173768892076786,9264,7.624439749885222e-05,654.8900649767602,812.0240635230002
1394.7737478411054,1.0,7.119916370039502e-07,0.007951928612550374,0.007951928612550374,9.772711047236783,27792,4.886356019946303,512,26500,1.0,6.514559932392785e-07,1.0,1.0,4.8862045619955256e-05,9264,2.4756750869822074e-05,661.1333714257926,819.7609936860099
1407.9395509499136,1.0,3.622688863354701e-07,0.008239781232009212,0.008239781232009212,10.346914121180893,27792,5.173457060590446,512,26750,1.0,3.6245332356191594e-07,1.0,1.0,1.5403365067207128e-05,9264,7.882909173589636e-06,667.373676493633,827.4954925920028
1421.0552677029361,1.0,3.504388958639505e-09,0.00845567069660334,0.00845567069660334,11.354837579018918,27792,5.677418789509459,512,27000,1.0,4.516672670109294e-09,1.0,1.0,3.81241057603238e-06,9264,1.908463624621993e-06,673.6263266666356,835.2434729540109
1434.2210708117443,1.0,9.31503208405244e-08,0.008527633851468049,0.008527633851468049,11.19846694059048,27792,5.59923347029524,512,27250,1.0,8.696203251188127e-08,0.998272884283247,0.998272884283247,0.006737428266934678,9264,0.003368757524413406,679.8826478466653,842.9963401080022
1447.3868739205527,0.9999640184225677,5.9571743791333065e-05,0.008095854922279792,0.008095854922279792,11.071770808033786,27792,5.535915128788045,512,27500,1.0,1.718238014736596e-07,0.9846718480138169,0.9846718480138169,0.06994612040142939,9264,0.034973146364942115,686.169878828674,850.780119093004
1460.552677029361,1.0,3.064458247110931e-07,0.008311744386873921,0.008311744386873921,10.80320189832337,27792,5.401601039203475,512,27750,1.0,3.8382268261257306e-07,0.9975172711571675,0.9975172711571675,0.009759838816698558,9264,0.004880111218978601,692.43392853564,858.5396932730073
1473.7184801381693,0.9999280368451353,0.0002723616018533602,0.008311744386873921,0.008311744386873921,10.77086379820407,27792,5.3855680071490895,512,28000,1.0,5.492430523347786e-07,0.9987046632124352,0.9987046632124352,0.005954803167062205,9264,0.0029776761740999413,698.6968117465585,866.2968655529985
1486.8842832469775,1.0,1.3966082561885113e-07,0.008311744386873921,0.008311744386873921,10.690037676295674,27792,5.345018838147837,512,28250,1.0,1.4174115831840642e-07,0.9994602763385146,0.9994602763385146,0.00311296662100187,9264,0.0015565541875267174,704.9768198894017,874.0740309350076
1500.0,1.0,2.4780780106260353e-07,0.008527633851468049,0.008527633851468049,10.444555951317769,27792,5.2222779778550255,48,28500,1.0,2.4940778504517393e-07,0.9985967184801382,0.9985967184801382,0.008147470770276671,9264,0.004073860056900189,711.2348459205823,881.8277105370071
1513.1658031088082,1.0,1.033213581838781e-05,0.008563615428900403,0.008563615428900403,10.354407183658685,27792,5.17720863636568,512,28750,1.0,3.029624961972125e-07,0.9989205526770294,0.9989205526770294,0.004976508981308583,9264,0.002488405947189051,717.4814606316213,889.5680511160026
1526.3316062176166,0.9999640184225677,0.0001710529682449759,0.008671560161197467,0.008671560161197467,10.185290664382961,27792,5.092730735730494,512,29000,1.0,3.646652525722403e-07,0.999892055267703,0.999892055267703,0.001563180290686935,9264,0.0007817724662139651,723.7268411406258,897.3072442730045
1539.4974093264248,0.9998200921128382,0.0010093679814610764,0.008599597006332758,0.008599597006332758,10.132544039307344,27792,5.06677657650611,512,29250,1.0,5.465433795961086e-07,0.9993523316062176,0.9993523316062176,0.003021679399615485,9264,0.0015111129842730745,730.0005057785456,905.0750385440042
1552.6632124352332,0.9997841105354058,0.00073531153673519,0.00845567069660334,0.00845567069660334,9.943609686781773,27792,4.97217252354685,512,29500,1.0,9.876473203503447e-07,0.9996761658031088,0.9996761658031088,0.0015057388221401083,9264,0.000753363229182351,736.2660690245684,912.8343470880063
1565.8290155440413,0.9998560736902706,0.0005208050430405989,0.008671560161197467,0.008671560161197467,10.035869328263304,27792,5.0181951616163145,512,29750,1.0,6.613222671626357e-07,0.9969775474956822,0.9969775474956822,0.013403790147206223,9264,0.006702225742980658,742.5441592215939,920.6074813919986
1578.9948186528497,0.9997481289579735,0.0007496385949751456,0.008167818077144501,0.008167818077144501,9.877448644731398,27792,4.939099179511106,512,30000,1.0,3.778679394398686e-06,0.9987046632124352,0.9987046632124352,0.008662243214450352,9264,0.00433301084412709,748.8007235656114,928.3589918600046
1592.1105354058723,1.0,3.9038850815835395e-05,0.008347725964306276,0.008347725964306276,9.812555246128046,27792,4.906297197270544,512,30250,1.0,8.577982548016867e-07,0.9991364421416234,0.9991364421416234,0.005382974877380903,9264,0.0026919163227891985,755.0727887737448,936.1380338360032
1605.2763385146804,0.9999640184225677,7.835513661743871e-05,0.008275762809441567,0.008275762809441567,9.64686252855335,27792,4.823470447827978,512,30500,1.0,1.0598500575756173e-06,0.999892055267703,0.999892055267703,0.0009521851416625764,9264,0.00047662249503501196,761.3152541978634,943.8749253460119
1618.4421416234889,0.9999280368451353,0.0004723456654911688,0.00885146804835924,0.00885146804835924,9.733671286082776,27792,4.867071824850677,512,30750,1.0,2.1412282089581846e-06,0.9993523316062176,0.9993523316062176,0.0038040822531886414,9264,0.0019031117132596272,767.5757457237924,951.631365291003
1631.607944732297,0.9999640184225677,0.00024586132901874297,0.008743523316062176,0.008743523316062176,9.70124967989046,27792,4.850747738202962,512,31000,1.0,1.2745770316900037e-06,0.9974093264248705,0.9974093264248705,0.012480689605154315,9264,0.0062409820910125,773.7884236989048,959.3383457130112
1644.7737478411054,0.9999640184225677,7.750090472462685e-05,0.009211283822682787,0.009211283822682787,9.55464784647448,27792,4.777362630225903,512,31250,1.0,2.4032950663843815e-06,0.9993523316062176,0.9993523316062176,0.0036170545222305264,9264,0.0018097289085117956,780.0033779108635,967.0444445300091
1657.9395509499136,1.0,6.466320315398879e-05,0.008887449625791594,0.008887449625791594,9.524739767809194,27792,4.762402143022694,512,31500,1.0,1.2852540643764994e-06,1.0,1.0,0.0005377387279718599,9264,0.0002695119926474332,786.2129192579014,974.7469648880069
1671.0552677029361,1.0,1.7233309390461133e-05,0.008275762809441567,0.008275762809441567,9.519384600475181,27792,4.75970091350338,512,31750,1.0,1.4213086275906794e-06,0.9987046632124352,0.9987046632124352,0.006610113190445206,9264,0.003305767308148541,792.4090700329398,982.4354043190106
1684.2210708117443,1.0,2.729735671711712e-05,0.009427173287276915,0.009427173287276915,9.433749087459407,27792,4.716888287181338,512,32000,1.0,1.585104895865429e-06,0.9989205526770294,0.9989205526770294,0.004917877091702865,9264,0.0024597310868859136,798.63406191791,990.1547805410082
1697.3868739205527,0.9999280368451353,0.00012912289691689786,0.009247265400115142,0.009247265400115142,9.327748871288838,27792,4.663939006588002,512,32250,1.0,1.9321713774598327e-06,0.9996761658031088,0.9996761658031088,0.002907704318260745,9264,0.0014548182382130921,804.8914445808623,997.9100511150027
1710.552677029361,0.9999640184225677,8.336830958804112e-05,0.009643062751871042,0.009643062751871042,9.255344476518648,27792,4.627713863919642,512,32500,1.0,2.0816921037977676e-06,1.0,1.0,0.00018333255744415347,9264,9.270712660081904e-05,811.174723654869,1005.6899897650001
1723.7184801381693,0.9999640184225677,3.40111483288642e-05,0.009247265400115142,0.009247265400115142,9.466780808030975,27792,4.7334074504634875,512,32750,1.0,1.7876098869686717e-06,1.0,1.0,5.918381771270591e-05,9264,3.0485713929428505e-05,817.4661660479469,1013.4768623920099
1736.8842832469775,1.0,5.179819209640483e-07,0.00931922855497985,0.00931922855497985,10.141321001069327,27792,5.0706609749011635,512,33000,1.0,5.079519042221162e-07,1.0,1.0,1.6340548651876406e-05,9264,8.424250334990854e-06,823.7310787459137,1021.238153170998
1750.0,1.0,3.1312164631121403e-09,0.00885146804835924,0.00885146804835924,11.277708265516493,27792,5.638854132758246,48,33250,1.0,3.731723863330632e-09,1.0,1.0,3.4410666146409932e-06,9264,1.7223991694734396e-06,829.9689101729309,1028.9696382920083
1763.1658031088082,1.0,5.841448203559951e-06,0.008743523316062176,0.008743523316062176,10.654853175135269,27792,5.327429504043149,512,33500,1.0,1.775785773503703e-08,0.9985967184801382,0.9985967184801382,0.00630173879950621,9264,0.0031508782851173574,836.1744524509704,1036.669365631009
1776.3316062176166,1.0,2.186107104163545e-05,0.009499136442141624,0.009499136442141624,10.777098256552021,27792,5.388560003567236,512,33750,1.0,1.2210457713444125e-07,0.9938471502590673,0.9938471502590673,0.03178149940436368,9264,0.01589081064510016,842.4431092507584,1044.4330622340058
1789.4974093264248,1.0,2.320237091340008e-05,0.00985895221646517,0.00985895221646517,10.976199662335384,27792,5.488111389458831,512,34000,1.0,1.307002288397257e-07,0.9952504317789291,0.9952504317789291,0.015193179352707607,9264,0.0075966550780392685,848.6862148328655,1052.169511879998
1802.6632124352332,1.0,3.134580462387661e-06,0.009283246977547496,0.009283246977547496,10.956261607923931,27792,5.4781323149071115,512,34250,1.0,1.3444498133323644e-07,0.9951424870466321,0.9951424870466321,0.01758450941731172,9264,0.008792321731912259,854.8885887797805,1059.8653138460068
1815.8290155440413,0.9999640184225677,0.00010485969484199534,0.008599597006332758,0.008599597006332758,10.744328105182023,27792,5.372216406401095,512,34500,1.0,2.3188740016019512e-07,1.0,1.0,0.00011740823775780788,9264,5.882006250756161e-05,861.1315087028051,1067.6019895810023
1828.9948186528497,0.9999640184225677,0.0002075787901722772,0.008527633851468049,0.008527633851468049,10.705498501564074,27792,5.352852961354099,512,34750,1.0,2.53254906792806e-07,1.0,1.0,2.8485744794073074e-05,9264,1.4369499795553025e-05,867.3779542626871,1075.3412228079978
1842.1105354058723,0.9999280368451353,0.00018874636004428304,0.008995394358088658,0.008995394358088658,10.853952727375459,27792,5.427070674775453,512,35000,1.0,2.2506154807705851e-07,1.0,1.0,8.514213620742144e-06,9264,4.369637600215802e-06,873.6283006456215,1083.086247053012
1855.2763385146804,1.0,2.954000056871862e-06,0.009211283822682787,0.009211283822682787,11.310656936812414,27792,5.655329893701847,512,35250,1.0,1.2034166067108397e-07,1.0,1.0,3.1453231562588273e-06,9264,1.632832415558111e-06,879.857179839586,1090.8201374010096
1868.4421416234889,1.0,3.3928542759153134e-09,0.009283246977547496,0.009283246977547496,12.063414376565762,27792,6.031707188282881,512,35500,1.0,2.6379427492903768e-09,1.0,1.0,1.0799732251500294e-06,9264,5.413055839005724e-07,886.1073683895956,1098.564310754009
1881.607944732297,1.0,2.040866807170427e-08,0.009031375935521013,0.009031375935521013,11.449097443944638,27792,5.724548721972319,512,35750,1.0,2.2660570606678874e-08,0.998272884283247,0.998272884283247,0.006030730478504161,9264,0.003015376537369117,892.3551254115446,1106.3072700970079
1894.7737478411054,1.0,1.368149742853336e-07,0.008635578583765112,0.008635578583765112,11.573937802048476,27792,5.786968901024238,512,36000,1.0,1.2086924927984714e-07,0.9995682210708118,0.9995682210708118,0.0023308059808658196,9264,0.001165463412196628,898.608225904798,1114.0550643140014
1907.9395509499136,1.0,1.2799804721842554e-07,0.009499136442141624,0.009499136442141624,11.438440668768216,27792,5.719220334384108,512,36250,1.0,1.2359726371519038e-07,0.9957901554404145,0.9957901554404145,0.014744397597017478,9264,0.007372260513507949,904.8588541927893,1121.8001211689989
1921.0552677029361,1.0,9.37840014041084e-07,0.009283246977547496,0.009283246977547496,11.266776305063058,27792,5.633388539052381,512,36500,1.0,1.7814157578887466e-07,0.998380829015544,0.998380829015544,0.00819679882396688,9264,0.004098488471514203,911.1032119387382,1129.5380595390016
1934.2210708117443,1.0,1.114691869843039e-06,0.009103339090385722,0.009103339090385722,11.067901554228454,27792,5.533951271245997,512,36750,1.0,1.9330319485330722e-07,0.9974093264248705,0.9974093264248705,0.011411551056375055,9264,0.005705872096204954,917.3813761577476,1137.310230944
1947.3868739205527,1.0,3.108498230640771e-05,0.008815486470926885,0.008815486470926885,10.73390926872785,27792,5.366970077628848,512,37000,1.0,2.8577170800989435e-07,0.9976252158894646,0.9976252158894646,0.011629196601261953,9264,0.005814741096991744,923.6639257187489,1145.0869586490007
1960.552677029361,1.0,1.0156400479121068e-05,0.009175302245250433,0.009175302245250433,10.534527784664876,27792,5.267268849023128,512,37250,1.0,2.8759991174145506e-07,1.0,1.0,0.0001562390756847205,9264,7.82633378831525e-05,929.9258549888618,1152.8433344439982
1973.7184801381693,0.9999280368451353,0.0004406100847531336,0.009499136442141624,0.009535118019573978,10.52527812107857,27792,5.262859274205903,512,37500,1.0,3.4520860991790514e-07,0.9997841105354058,0.9997841105354058,0.001680117224733987,9264,0.0008402312110501482,936.1785967799078,1160.5909383420076
1986.8842832469775,0.9999640184225677,9.323434468735739e-05,0.00931922855497985,0.00931922855497985,10.501915623692856,27792,5.251004337097766,512,37750,1.0,4.3444254060887033e-07,0.9988126079447323,0.9988126079447323,0.006138662346003381,9264,0.0030695483207522486,942.4577553399431,1168.3654148460046
2000.0,1.0,3.7835901419255947e-07,0.009247265400115142,0.009247265400115142,10.358914460405646,27792,5.179457282910213,48,38000,1.0,3.237849170509686e-07,1.0,1.0,0.0005537500469872988,9264,0.00027703691598845065,948.696851413988,1176.0989249220002
2013.1658031088082,0.9999640184225677,8.925650449764226e-05,0.009139320667818078,0.009139320667818078,10.216359430026515,27792,5.108224235187678,512,38250,1.0,4.339725499932639e-07,0.9981649395509499,0.9981649395509499,0.007164303126498825,9264,0.0035823684468035406,954.9168198960106,1183.8115012950002
2026.3316062176166,1.0,1.490453888673796e-06,0.009067357512953367,0.009067357512953367,10.155166169179193,27792,5.077583679743862,512,38500,1.0,4.1809459148971214e-07,0.9978411053540587,0.9978411053540587,0.009567628972496136,9264,0.004784023572187324,961.1264546949242,1191.512605388998
2039.4974093264248,0.9999280368451353,0.00025176526978758554,0.009930915371329879,0.009930915371329879,10.130064319177956,27792,5.0651581873479214,512,38750,1.0,6.168513000642279e-07,0.9979490500863558,0.9979490500863558,0.009334448443497298,9264,0.004667532565120434,967.3837715459667,1199.2643114960083
2052.663212435233,0.9999640184225677,0.000306089223871923,0.00985895221646517,0.00985895221646517,10.0239951397814,27792,5.012150755131732,512,39000,1.0,7.315592662863484e-07,0.9985967184801382,0.9985967184801382,0.00592661291257911,9264,0.002963672216743591,973.6415268639248,1207.0163435319992
2065.8290155440413,0.9999280368451353,0.0002190700003713927,0.009930915371329879,0.009930915371329879,9.959497094909281,27792,4.979858181019521,512,39250,1.0,7.79987586989805e-07,0.9988126079447323,0.9988126079447323,0.004971115659706822,9264,0.0024859477755402913,979.8918585339852,1214.7602639230026
2078.9948186528495,0.999892055267703,0.00045196033947970645,0.00985895221646517,0.00985895221646517,9.821614587725616,27792,4.9110332877730665,512,39500,1.0,1.4168958252713861e-06,0.999892055267703,0.999892055267703,0.0006197733243216402,9264,0.0003105951123267721,986.1416584730177,1222.5036751040025
2092.1105354058723,0.999892055267703,0.00040077946400823963,0.009930915371329879,0.009930915371329879,9.705564249639341,27792,4.8529825227042345,512,39750,1.0,1.0397482517383779e-06,0.9994602763385146,0.9994602763385146,0.0018620234747241944,9264,0.0009315316244639739,992.3789973190433,1230.2349290990096
2105.2763385146804,1.0,5.367149945989422e-05,0.009355210132412205,0.009355210132412205,9.744271150456123,27792,4.872162335208592,512,40000,1.0,1.1607835042708198e-06,0.9984887737478411,0.9984887737478411,0.00910883993698551,9264,0.004555000412874631,998.6250638150086,1237.9750146160077
2118.4421416234886,0.999892055267703,0.00047441646205159644,0.009499136442141624,0.009499136442141624,9.652279262509783,27792,4.826376766189461,512,40250,1.0,1.4641798147145038e-06,0.9994602763385146,0.9994602763385146,0.0040172708754802515,9264,0.0020093674669347844,1004.9031672408455,1245.7581820010091
2131.6079447322973,0.9998200921128382,0.001373686579753885,0.009894933793897524,0.009894933793897524,9.6307677783428,27792,4.816070776254745,512,40500,1.0,1.9075056078280997e-06,0.9977331606217616,0.9977331606217616,0.009175625279069668,9264,0.004588766403927344,1011.1683485968679,1253.5186220739997
2144.7737478411054,0.9997841105354058,0.0009618443558563596,0.009966896948762233,0.009966896948762233,9.506281657814636,27792,4.753621805791685,512,40750,1.0,1.7343435327611728e-06,1.0,1.0,0.00016357653753410555,9264,8.265544026639692e-05,1017.4160903428128,1261.2609765560046
2157.9395509499136,0.9999640184225677,0.0004213312983121652,0.009643062751871042,0.009643062751871042,9.588284555631736,27792,4.79435304368304,512,41000,1.0,1.4666436617798494e-06,1.0,1.0,4.858781784368335e-05,9264,2.502723135199279e-05,1023.6759156349144,1269.0161709210079
2171.055267702936,0.9999640184225677,7.431851953308297e-05,0.009607081174438687,0.009607081174438687,10.066685932974192,27792,5.033380232807131,512,41250,1.0,7.16799784417844e-07,1.0,1.0,1.3866204880411208e-05,9264,7.291502389748821e-06,1030.0064006188331,1276.845124725005
2184.2210708117445,1.0,1.727268252377851e-07,0.009751007484168106,0.009751007484168106,10.984579311408185,27792,5.492289690842351,512,41500,1.0,1.1923501767737646e-07,1.0,1.0,3.5747784679442516e-06,9264,1.8470067467623641e-06,1036.2456709428516,1284.5789803650114
2197.3868739205527,1.0,1.036234507413899e-06,0.010074841681059297,0.010074841681059297,10.863211597185678,27792,5.431606290528468,512,41750,1.0,4.660794229317343e-08,0.9939550949913645,0.9939550949913645,0.027393403603005285,9264,0.013696725144081576,1042.4907406737766,1292.3190124240064
2210.552677029361,0.9999640184225677,7.342025960088858e-05,0.009283246977547496,0.00931922855497985,11.187325841610502,27792,5.593699587578738,512,42000,1.0,1.4378622867594846e-07,0.9950345423143351,0.9950345423143351,0.02903036963651423,9264,0.014515256544571878,1048.771855660816,1300.0950588650012
2223.718480138169,0.999892055267703,0.000261276886143012,0.009715025906735751,0.009751007484168106,10.958174429340614,27792,5.479217806010666,512,42250,1.0,1.8138354112486227e-07,1.0,1.0,5.6945385110994e-05,9264,2.8563384313517554e-05,1055.0645430298318,1307.8822759920004
2236.8842832469777,0.999892055267703,0.0003659803087649449,0.009427173287276915,0.009463154864709269,11.051204793399686,27792,5.525785326477297,512,42500,1.0,1.4500952104106935e-07,1.0,1.0,1.3912290557177451e-05,9264,7.0286500579834355e-06,1061.3233724427555,1315.636480539004
2250.0,0.9999280368451353,0.00024328228587538816,0.00931922855497985,0.009355210132412205,11.151544978307044,27792,5.575894082903382,48,42750,1.0,1.3201293757169244e-07,1.0,1.0,4.492777103829819e-06,9264,2.312395034077121e-06,1066.6394814028754,1322.4077382100077
2263.165803108808,0.9999640184225677,3.470033264773134e-05,0.009571099597006333,0.009571099597006333,11.531956867575989,27792,5.765995792088044,512,43000,1.0,1.4914027438474648e-08,1.0,1.0,1.90627841594554e-06,9264,9.60596222184417e-07,1072.4169041700661,1329.6641755440069
2276.3316062176164,1.0,2.0167952287930716e-08,0.009894933793897524,0.009894933793897524,12.157845782080669,27792,6.078922908609464,512,43250,1.0,1.9688060753756615e-09,1.0,1.0,7.242888559615247e-07,9264,3.6312883111662536e-07,1078.443144629331,1337.1793363449979
2289.497409326425,1.0,3.34568356643523e-10,0.009571099597006333,0.009571099597006333,12.67101117860468,27792,6.33550558930234,512,43500,1.0,4.5038048516117365e-10,1.0,1.0,3.2218929891785713e-07,9264,1.6131983971876653e-07,1084.7043532664102,1344.9353084660106
2302.663212435233,1.0,4.718271747846594e-10,0.009211283822682787,0.009211283822682787,12.901851129174988,27792,6.450925564587494,512,43750,1.0,5.147205555656177e-10,1.0,1.0,1.9984024368761706e-07,9264,1.0017748214076618e-07,1090.959063911403,1352.685004488012
2315.8290155440413,1.0,3.7317240374381465e-10,0.008959412780656303,0.008959412780656303,13.304735437370129,27792,6.652367718685064,512,44000,1.0,3.731724045108081e-10,1.0,1.0,1.4998956368991192e-07,9264,7.518136806025025e-08,1097.2182953504234,1360.441057953998
2328.9948186528495,1.0,4.546698242107945e-10,0.008995394358088658,0.008995394358088658,13.44375148283454,27792,6.72187574141727,512,44250,1.0,5.275885658115392e-10,1.0,1.0,1.2345572021518388e-07,9264,6.199165441197354e-08,1103.4714655994176,1368.1899795670033
2342.1105354058723,1.0,3.731724045108081e-10,0.009031375935521013,0.009031375935521013,13.705434049212116,27792,6.852717026802199,512,44500,1.0,4.5038048516117365e-10,1.0,1.0,1.193765595084052e-07,9264,5.991347003858434e-08,1109.7501401845366,1375.964640924998
2355.2763385146804,1.0,2.1017756050887449e-10,0.009139320667818078,0.009139320667818078,13.71982944732297,27792,6.859914721465344,512,44750,1.0,2.573602800837892e-10,1.0,1.0,1.1479554622255912e-07,9264,5.752645328430218e-08,1115.9889618076413,1383.6983014940051
2368.4421416234886,1.0,1.4154815361145445e-10,0.00939119170984456,0.00939119170984456,13.748042078627618,27792,6.874021039313809,512,45000,1.0,1.8015219559845636e-10,1.0,1.0,1.09082149200902e-07,9264,5.463115072892997e-08,1122.2442977897153,1391.4503462870052
2381.6079447322973,1.0,9.43654360818556e-11,0.009535118019573978,0.009535118019573978,13.823512523697241,27792,6.911756261848621,512,45250,1.0,1.158121259610058e-10,1.0,1.0,1.0326581046575329e-07,9264,5.1690811299692114e-08,1128.49844087979,1399.2102206260024
2394.7737478411054,1.0,6.434007040444402e-11,0.009643062751871042,0.009643062751871042,13.945656020406615,27792,6.972828010203307,512,45500,1.0,6.434006963745057e-11,1.0,1.0,1.0199187778121423e-07,9264,5.1028108927726825e-08,1134.7685784986388,1406.975987873011
2407.9395509499136,1.0,3.0025366188740546e-11,0.009715025906735751,0.009715025906735751,13.97991345130512,27792,6.98995672565256,512,45750,1.0,5.147205632355522e-11,1.0,1.0,8.631863648189495e-08,9264,4.3185054270643236e-08,1141.0256758025935,1414.7280616210046
2421.055267702936,1.0,2.1446690134814675e-11,0.009822970639032815,0.009822970639032815,14.098211267588807,27792,7.049105633794404,512,46000,1.0,2.573602816177761e-11,1.0,1.0,8.687196112035388e-08,9264,4.344884857502482e-08,1147.2817593045474,1422.4789325620077
2434.2210708117445,1.0,2.1446690134814675e-11,0.009607081174438687,0.009607081174438687,14.113296025637998,27792,7.056648012818999,512,46250,1.0,1.2868014080888805e-11,1.0,1.0,7.623011284115525e-08,9264,3.8121490428001564e-08,1153.5590464535198,1430.2511916540097
2447.3868739205527,1.0,1.715735210785174e-11,0.009535118019573978,0.009535118019573978,14.250279401868118,27792,7.125139700934059,512,46500,1.0,1.2868014080888805e-11,1.0,1.0,9.138863433196056e-08,9264,4.570075117340422e-08,1159.8282908744295,1438.014780313999
2460.552677029361,1.0,1.715735210785174e-11,0.009571099597006333,0.009571099597006333,14.30874124284304,27792,7.15437062142152,512,46750,1.0,1.2868014080888805e-11,1.0,1.0,8.462005852197448e-08,9264,4.231646326841118e-08,1166.111360418392,1445.793059595002
2473.718480138169,1.0,2.1446690134814675e-11,0.009463154864709269,0.009463154864709269,14.374547507067007,27792,7.187273744748938,512,47000,1.0,2.573602816177761e-11,1.0,1.0,8.571383978404447e-08,9264,4.286978790687012e-08,1172.395586066341,1453.573626537007
2486.8842832469777,1.0,3.860404224266642e-11,0.009463154864709269,0.009463154864709269,14.43395240621177,27792,7.216976203105885,512,47250,1.0,3.860404224266642e-11,1.0,1.0,9.623987509512329e-08,9264,4.813923959437726e-08,1178.6717287182837,1461.34787765301
2500.0,1.0,4.289338026962935e-11,0.009535118019573978,0.009535118019573978,14.436996547806585,27792,7.218498273903292,48,47500,1.0,3.860404224266642e-11,1.0,1.0,8.223947577511627e-08,9264,4.1139039909829956e-08,1184.9605862403405,1469.1343955019984
2513.165803108808,1.0,7.29187464583699e-11,0.009355210132412205,0.009355210132412205,14.42164336859528,27792,7.21082168429764,512,47750,1.0,7.720808448533283e-11,1.0,1.0,8.777272137430434e-08,9264,4.392496473169582e-08,1191.2279896333202,1476.8968558699999
2526.3316062176164,1.0,1.0294411264711044e-10,0.009571099597006333,0.009571099597006333,14.413436775449094,27792,7.206718387724547,512,48000,1.0,1.1581212672799925e-10,1.0,1.0,4.68138309234402e-08,9264,2.346482152853557e-08,1197.1239577292145,1484.279018900008
2539.497409326425,1.0,1.1152278844537183e-10,0.009175302245250433,0.009175302245250433,14.647951327045552,27792,7.323975663522776,512,48250,1.0,2.0588822299324053e-10,1.0,1.0,1.012326609781827e-07,9264,5.0719274607874406e-08,1203.147784379209,1491.793518425009
2552.663212435233,1.0,1.072334504184089e-10,0.009103339090385722,0.009103339090385722,14.70160557774888,27792,7.35080278887444,512,48500,1.0,1.4154815488977686e-10,1.0,1.0,1.0797549997307171e-07,9264,5.4058524068199204e-08,1209.4059148101805,1499.546818272007
2565.8290155440413,1.0,3.104193720800563e-08,0.010110823258491653,0.010110823258491653,10.645460191374204,27792,5.322730095687102,512,48750,1.0,3.2465997116956016e-08,0.9808937823834197,0.9808937823834197,0.11070832503969187,9264,0.05535417785208563,1215.6784407513042,1507.3138908100082
2578.9948186528495,1.0,1.2043173361705142e-07,0.010542602187679908,0.010542602187679908,11.68352737382835,27792,5.841763689110316,512,49000,1.0,1.1976260000292927e-07,0.989853195164076,0.989853195164076,0.036120237505935224,9264,0.018060178357612387,1221.9695826294192,1515.098489943004
2592.1105354058723,1.0,2.1834593443823746e-05,0.010542602187679908,0.010542602187679908,11.217659475340813,27792,5.608840577823373,512,49250,1.0,2.0441756568554303e-07,1.0,1.0,8.698160789660878e-05,9264,4.359301295660642e-05,1228.2617553832679,1522.8851276890055
2605.2763385146804,1.0,1.842660665003191e-05,0.010650546919976972,0.010650546919976972,11.417844000395235,27792,5.708931136145012,512,49500,1.0,2.2481642747391126e-07,1.0,1.0,1.5195369912122034e-05,9264,7.710093198170593e-06,1234.5601409002702,1530.6786033290118
2618.4421416234886,1.0,3.820308792367797e-06,0.010650546919976972,0.010650546919976972,11.997214884475243,27792,5.9986092869962295,512,49750,1.0,1.4507396321747734e-07,1.0,1.0,2.4411204138166304e-06,9264,1.2930972066058276e-06,1240.8026254263095,1538.415177546005
2631.6079447322973,1.0,4.5825808740213875e-08,0.010578583765112263,0.010578583765112263,12.352561146895914,27792,6.176280591017087,512,50000,1.0,2.5826102253121964e-08,1.0,1.0,6.345987924717854e-07,9264,3.3021244913574257e-07,1247.054632435349,1546.161787021003
2644.7737478411054,1.0,4.139210950836992e-09,0.010614565342544617,0.010614565342544617,12.850118089147731,27792,6.425059044573866,512,50250,1.0,5.1343373344870555e-09,1.0,1.0,2.743331517967582e-07,9264,1.397337448605316e-07,1253.3050097322703,1553.9178759100032
2657.9395509499136,0.999892055267703,0.000485659177007791,0.011082325849165228,0.011082325849165228,11.339209838234698,27792,5.669847691546382,512,50500,1.0,1.8417740046332974e-07,0.9974093264248705,0.9974093264248705,0.013003171169052676,9264,0.006501677648638036,1259.6126674201369,1561.7204931430024
2671.055267702936,0.9999640184225677,0.00019335477417456117,0.012017846862406447,0.012017846862406447,10.832897039137837,27792,5.41654513221262,512,50750,1.0,1.8596413024492048e-07,0.9997841105354058,0.9997841105354058,0.002029197094302515,9264,0.0010146915217755371,1265.8466128292202,1569.4474644800066
2684.2210708117445,0.9999280368451353,0.00022488051367699897,0.01172999424294761,0.01172999424294761,10.959887375554342,27792,5.480056079695399,512,51000,1.0,1.6559817038950549e-07,1.0,1.0,4.282911657556788e-05,9264,2.149735752932264e-05,1272.0619332242932,1577.155616901
2697.3868739205527,0.9999280368451353,0.00010938602800731709,0.011298215313759356,0.011298215313759356,11.42309281300318,27792,5.711601028925534,512,51250,1.0,1.3663253919405623e-07,1.0,1.0,7.1492143187099675e-06,9264,3.642923450182391e-06,1278.3116918553278,1584.8996926490072
2710.552677029361,1.0,1.2712289907748123e-06,0.010938399539435808,0.010938399539435808,11.71769776725879,27792,5.858849480979801,512,51500,1.0,8.325604423569118e-08,1.0,1.0,1.7746257898091123e-06,9264,9.289409229374552e-07,1284.5494437840534,1592.6320553330006
2723.718480138169,1.0,1.5587452238822333e-08,0.011370178468624065,0.011370178468624065,12.327727577503756,27792,6.163863788751878,512,51750,1.0,1.7783594157433443e-08,1.0,1.0,6.638736142156627e-07,9264,3.4082860536771806e-07,1290.7781248940883,1600.354366259009
2736.8842832469777,0.9999640184225677,5.476062023280848e-05,0.011190270581462292,0.011190270581462292,10.71519507110016,27792,5.357624857742757,512,52000,1.0,1.186559475844062e-07,0.9941709844559585,0.9941709844559585,0.02439320113168891,9264,0.012196659919562942,1297.050436780075,1608.1241484580096
2750.0,0.9999280368451353,0.0003329141495774039,0.011514104778353483,0.011514104778353483,10.614343839743114,27792,5.307338352236311,48,52250,1.0,2.9767043565344826e-07,0.9976252158894646,0.9976252158894646,0.008110788082607437,9264,0.004055542898298416,1303.2928606620699,1615.8605901880073
2763.165803108808,0.9998200921128382,0.0007308030741736672,0.010938399539435808,0.010938399539435808,10.727806113270006,27792,5.364268393508305,512,52500,1.0,4.196135280471307e-07,0.9965457685664939,0.9965457685664939,0.011752318492760826,9264,0.005876369014324456,1309.5414678259694,1623.6029335140047
2776.3316062176164,0.9999280368451353,0.0003981618891127999,0.011478123200921128,0.011478123200921128,10.519102976112167,27792,5.2597505287253865,512,52750,1.0,2.4878343499663665e-07,0.9971934369602763,0.9971934369602763,0.009632790496569635,9264,0.00481651964981836,1315.7515895399702,1631.3080531730084
2789.497409326425,0.9997841105354058,0.0008110290797066226,0.012089810017271158,0.012089810017271158,10.348910580439066,27792,5.17486083843822,512,53000,1.0,8.58170765728033e-07,0.9964378238341969,0.9964378238341969,0.018624196620416766,9264,0.009312527342691425,1321.999504705076,1639.0501830209978
2802.663212435233,1.0,1.9437852256474442e-05,0.01327720207253886,0.01327720207253886,10.16727667563114,27792,5.083647945933323,512,53250,1.0,5.768200154481483e-07,0.9957901554404145,0.9957901554404145,0.015642163445063206,9264,0.0078213700561403,1328.2522432671103,1646.7970745330094
2815.8290155440413,1.0,7.509550066988208e-06,0.012953367875647668,0.012953367875647668,10.060866800065554,27792,5.030437071980865,512,53500,1.0,3.3205855746431766e-07,1.0,1.0,8.335292301324095e-05,9264,4.1842491093328116e-05,1334.5156882944284,1654.5560276650067
2828.9948186528495,1.0,6.340235353712113e-07,0.013133275762809442,0.013133275762809442,10.141619184336994,27792,5.070809767859793,512,53750,1.0,2.717981497301202e-07,1.0,1.0,1.9259315133824644e-05,9264,9.765556671720807e-06,1340.821764896522,1662.3581301829981
2842.1105354058723,1.0,1.6493787772689416e-07,0.01280944156591825,0.01280944156591825,10.791030576329295,27792,5.395515288164647,512,54000,1.0,1.686610469509787e-07,1.0,1.0,4.128576247852448e-06,9264,2.1486186592318203e-06,1347.0846944885998,1670.119685112004
2855.2763385146804,1.0,9.131999958116408e-09,0.01280944156591825,0.01280944156591825,11.506645242167261,27792,5.753322621083631,512,54250,1.0,1.1890044047397477e-08,1.0,1.0,1.4785980962684125e-06,9264,7.452440709939278e-07,1352.986233063435,1677.5092391150101
2868.4421416234886,0.9999640184225677,3.57113769889106e-05,0.012485607369027058,0.012485607369027058,10.08813385203026,27792,5.04408475868168,512,54500,1.0,5.106027582324134e-08,0.9900690846286702,0.9900690846286702,0.044952018479197345,9264,0.022476034898420278,1358.8944363014016,1684.9073374170111
2881.6079447322973,0.999892055267703,0.0006385977600793016,0.012485607369027058,0.012485607369027058,10.574189734582456,27792,5.287414151083551,512,54750,1.0,1.965123089770665e-05,0.9941709844559585,0.9941709844559585,0.022648757011573345,9264,0.011334204065109987,1364.815012746316,1692.3193768720084
2894.7737478411054,0.9997841105354058,0.0018458150044618794,0.013816925734024179,0.013816925734024179,10.442319888662317,27792,5.222082850709343,512,55000,1.0,4.0371329399199717e-07,0.9970854922279793,0.9970854922279793,0.01346862556803682,9264,0.0067345146705044216,1370.3960046414577,1699.3786849750031
2907.9395509499136,0.9999280368451353,0.00032050806844952166,0.013061312607944733,0.013061312607944733,10.142086189371042,27792,5.071203290009265,512,55250,1.0,3.0923757776690763e-07,0.9984887737478411,0.9984887737478411,0.008488789432407043,9264,0.004244549312533904,1375.8187153064937,1706.274980590999
2921.055267702936,0.9998560736902706,0.0007806361634908788,0.013601036269430052,0.013601036269430052,10.062388493126676,27792,5.031584492070138,512,55500,1.0,3.3834938790081754e-07,0.9996761658031088,0.9996761658031088,0.002419551690503157,9264,0.0012099450113917725,1382.0976783696242,1714.0484479620063
2934.2210708117445,0.9998200921128382,0.00039275423910675164,0.014104778353483017,0.014104778353483017,9.814086509972519,27792,4.907239607578732,512,55750,1.0,3.482306738863879e-07,0.9997841105354058,0.9997841105354058,0.002404915946089407,9264,0.001202632057983573,1388.3689847126225,1721.8147583630052
2947.3868739205527,0.999892055267703,0.0002536783805772266,0.0143566493955095,0.0143566493955095,9.679638969671746,27792,4.839946246105978,512,56000,1.0,3.129107911488043e-07,1.0,1.0,7.12134788296988e-05,9264,3.576319517337738e-05,1394.6285151126503,1729.567263325007
2960.552677029361,0.9999280368451353,8.936945332007616e-05,0.014464594127806563,0.014464594127806563,9.915001288871348,27792,4.957545234886613,512,56250,1.0,2.698550763464848e-07,1.0,1.0,1.5750925316459648e-05,9264,8.010390174510005e-06,1400.8674664615246,1737.299797233005
2973.718480138169,1.0,1.528398196389874e-06,0.014788428324697754,0.014788428324697754,10.701088693955882,27792,5.3505450497431255,512,56500,1.0,1.5871406833196053e-07,1.0,1.0,3.6819557630576014e-06,9264,1.9203349157438683e-06,1407.1051142486976,1745.0319670400058
2986.8842832469777,1.0,9.921236598592204e-09,0.0147524467472654,0.0147524467472654,11.32977829023415,27792,5.664889145117075,512,56750,1.0,1.2379028513441842e-08,1.0,1.0,1.3444234703838165e-06,9264,6.784012503337396e-07,1413.3616382307955,1752.7847889280092
3000.0,0.9999640184225677,8.187210015620672e-05,0.016443580886586068,0.016443580886586068,10.269482478096215,27792,5.13478210484357,48,57000,1.0,1.417150814736354e-07,0.9995682210708118,0.9995682210708118,0.003152796751916061,9264,0.0015764692336817903,1419.6372918058914,1760.555282789006
3013.165803108808,0.9998560736902706,0.0009108516753545495,0.015975820379965457,0.015975820379965457,10.083849575853101,27792,5.042380162196799,512,57250,1.0,1.030394159108368e-06,0.9995682210708118,0.9995682210708118,0.001836376246595707,9264,0.0009187033232253218,1425.9037024389545,1768.3151154750085
3026.3316062176164,0.999892055267703,0.0004413732375533999,0.016515544041450777,0.016515544041450777,9.884200347039503,27792,4.942320843983739,512,57500,1.0,1.0119584894450805e-06,0.999892055267703,0.999892055267703,0.0009868640640818085,9264,0.0004939380216867453,1432.1544336127408,1776.0596539170074
3039.497409326425,0.9995682210708118,0.0014036816540790695,0.016659470351180195,0.016659470351180195,9.723323367420257,27792,4.8623635199266255,512,57750,1.0,1.6318621282434064e-06,0.9997841105354058,0.9997841105354058,0.0012783188003297117,9264,0.0006399753207738136,1438.4058055875503,1783.8035868720035
3052.663212435233,0.9999280368451353,0.00037217171859348406,0.017738917674150836,0.017738917674150836,9.660848403429943,27792,4.830610223659236,512,58000,1.0,3.233080497561323e-07,1.0,1.0,5.0951680992866685e-05,9264,2.563749473189713e-05,1444.673732599651,1791.5652453910006
3065.8290155440413,0.9999640184225677,0.0001170132564461655,0.017846862406447898,0.017846862406447898,10.011516766501488,27792,5.005816818175813,512,58250,1.0,2.5541716997037126e-07,1.0,1.0,1.1432713971031742e-05,9264,5.844065595732074e-06,1450.7860736946313,1799.1645780060062
3078.9948186528495,1.0,3.6377523536447893e-07,0.017990788716177316,0.017990788716177316,10.792376428756757,27792,5.396188339558427,512,58500,1.0,1.311121890987614e-07,1.0,1.0,3.3325778784333697e-06,9264,1.7318450408592211e-06,1456.684118745572,1806.5499345910066
3092.1105354058723,1.0,6.283879698427395e-09,0.018674438687392055,0.018674438687392055,11.167986275206781,27792,5.5839931376033904,512,58750,1.0,7.87522420025951e-09,1.0,1.0,1.314827099065791e-06,9264,6.613511620763474e-07,1462.5721650875057,1813.9258065160102
3105.2763385146804,1.0,1.0594664653037452e-09,0.01817069660333909,0.01817069660333909,11.701722974672904,27792,5.850861487336452,512,59000,1.0,1.3254054119818742e-09,1.0,1.0,4.664011286534777e-07,9264,2.338632670914048e-07,1468.489432973569,1821.3341088300076
3118.4421416234886,1.0,5.447459174080619e-10,0.016659470351180195,0.016659470351180195,12.183587587627791,27792,6.0917937916177545,512,59250,1.0,5.919286362159833e-10,1.0,1.0,2.4953651545933576e-07,9264,1.2506422207116916e-07,1474.5638428956008,1828.9053372970084
3131.6079447322973,1.0,3.8604041603505206e-10,0.015508059873344847,0.015508059873344847,12.741012015422323,27792,6.37050600551502,512,59500,1.0,5.275885681125196e-10,1.0,1.0,1.7772012930571266e-07,9264,8.912385895723791e-08,1480.8060043475853,1836.6439908370085
3144.7737478411054,1.0,6.605580438803968e-10,0.0143566493955095,0.0143566493955095,13.517210179110952,27792,6.758605089555476,512,59750,1.0,8.62156926545694e-10,1.0,1.0,1.402098724055214e-07,9264,7.053601470016475e-08,1487.0516340345785,1844.38422634601
3157.9395509499136,1.0,8.621569211767398e-10,0.013097294185377088,0.013097294185377088,13.769778495968659,27792,6.884889245788187,512,60000,1.0,1.0809131482799541e-09,1.0,1.0,1.2210457865615624e-07,9264,6.159274597623298e-08,1493.2928104087187,1852.1198812290095
3171.055267702936,1.0,7.420554630690542e-10,0.013708981001727115,0.013708981001727115,13.847023998517447,27792,6.923511994866441,512,60250,1.0,9.136289798012754e-10,1.0,1.0,1.198269400280811e-07,9264,6.037028456568415e-08,1499.5404812027118,1859.8727363080106
3184.2210708117445,1.0,3.431470388333965e-10,0.015004317789291883,0.015004317789291883,13.556323054197813,27792,6.778161527098907,512,60500,1.0,4.761165125559578e-10,1.0,1.0,1.1385618192406503e-07,9264,5.7166149261262126e-08,1505.7835311579402,1867.609042394004
3197.3868739205527,1.0,1.7157352005585945e-10,0.014896373056994818,0.014896373056994818,13.483406536868749,27792,6.7417032684343745,512,60750,1.0,2.316242519220116e-10,1.0,1.0,1.0798836798791959e-07,9264,5.4109996127590735e-08,1512.0384945560218,1875.3581247750117
3210.552677029361,1.0,1.9730954796197258e-10,0.015651986183074267,0.015651986183074267,13.433224341480912,27792,6.716612170740456,512,61000,1.0,2.702282933976845e-10,1.0,1.0,8.714218864675812e-08,9264,4.370620847928182e-08,1517.822729249965,1882.6191761780065
3223.718480138169,1.0,2.0588822324890502e-10,0.015580023028209556,0.015580023028209556,13.553737045226594,27792,6.776868522613297,512,61250,1.0,2.5736027931679574e-10,1.0,1.0,9.330596854429501e-08,9264,4.6781664420626325e-08,1524.0727010739793,1890.3619496000028
3236.8842832469777,1.0,1.758628578271579e-10,0.015651986183074267,0.015651986183074267,13.537677701204483,27792,6.768838850602242,512,61500,1.0,2.3162425115501812e-10,1.0,1.0,7.839193933559946e-08,9264,3.931178180143067e-08,1530.324583590802,1898.1070651050104
3250.0,1.0,2.359135899489745e-10,0.015723949337938976,0.015723949337938976,13.615164976938058,27792,6.807582488469029,48,61750,1.0,3.603043896629258e-10,1.0,1.0,7.710513785081124e-08,9264,3.8732721133275976e-08,1536.580748782886,1905.8572163159988
3263.165803108808,1.0,2.3591358918198107e-10,0.015040299366724238,0.015040299366724238,13.77355267442913,27792,6.886776337214565,512,62000,1.0,3.4743637711602393e-10,1.0,1.0,1.0686885069615383e-07,9264,5.3608143548523325e-08,1542.8489001207927,1913.6226651040051
3276.3316062176164,1.0,2.40202927720273e-10,0.014860391479562463,0.014860391479562463,13.789301405024377,27792,6.894650702512188,512,62250,1.0,3.217003489542463e-10,1.0,1.0,1.0336875222833245e-07,9264,5.184522629976475e-08,1549.099756552867,1921.368438910009
3289.497409326425,1.0,3.4314703960038997e-10,0.015040299366724238,0.015040299366724238,13.677613046983225,27792,6.838806523491613,512,62500,1.0,4.761165102549775e-10,1.0,1.0,5.954029760799575e-08,9264,3.00082070786837e-08,1555.3691551759548,1929.132427140008
3302.663212435233,1.0,3.9890842960461186e-10,0.014896373056994818,0.014896373056994818,13.855095722240213,27792,6.9275478611201065,512,62750,1.0,5.018525399507419e-10,1.0,1.0,1.0628979395500561e-07,9264,5.339582326703651e-08,1561.6424440337578,1936.90113625901
3315.8290155440413,1.0,4.2464445648806704e-10,0.01522020725388601,0.01522020725388601,13.723761967564014,27792,6.861880983782007,512,63000,1.0,5.147205532646373e-10,1.0,1.0,5.733986706900788e-08,9264,2.892729383146159e-08,1567.909858318817,1944.6642762410047
3328.9948186528495,1.0,5.318779074178049e-10,0.014932354634427174,0.014932354634427174,13.716069205574557,27792,6.858034602787279,512,63250,1.0,6.047966495298786e-10,1.0,1.0,4.9503246026647586e-08,9264,2.5054021362249026e-08,1574.1957095068938,1952.4466996789997
3342.1105354058723,1.0,1.3922652827204206e-06,0.01917818077144502,0.01917818077144502,10.548880265784387,27792,5.274440750007871,512,63500,1.0,4.2441758894935424e-06,0.9888816925734024,0.9888816925734024,0.038823078565029284,9264,0.019413661224597065,1580.4831242929795,1960.2301724690042
3355.2763385146804,1.0,4.535881382350527e-07,0.020329591249280368,0.020329591249280368,10.395416852723748,27792,5.197708566914911,512,63750,1.0,1.8766708446086708e-07,0.9940630397236615,0.9940630397236615,0.018236777659936684,9264,0.009118482679617632,1586.7385983831482,1967.9785643210053
3368.4421416234886,0.999892055267703,0.0002136082531786948,0.02227259643062752,0.02227259643062752,9.985967544968538,27792,4.993090524711894,512,64000,1.0,1.2782028357952423e-06,0.998272884283247,0.998272884283247,0.00874838259735423,9264,0.004374830420804572,1593.0152447081055,1975.749379426008
3381.6079447322973,1.0,6.411888128156817e-05,0.024287564766839378,0.024287564766839378,9.823385011346847,27792,4.911724553961966,512,64250,1.0,4.926557464554936e-07,0.9994602763385146,0.9994602763385146,0.0021607480401942096,9264,0.001080620333002253,1599.2765631079674,1983.5041704300093
3394.7737478411054,1.0,8.808096881285518e-06,0.023711859527921705,0.023711859527921705,9.600999220527996,27792,4.800503938858305,512,64500,1.0,3.005063735536216e-07,0.9995682210708118,0.9995682210708118,0.0023683875635111887,9264,0.0011843440221624194,1605.5540755148395,1991.2749612690095
3407.9395509499136,0.9999640184225677,6.624349810360956e-05,0.02529504893494531,0.02529504893494531,9.456071518726162,27792,4.728068802503587,512,64750,1.0,3.4056309947756024e-07,0.9997841105354058,0.9997841105354058,0.0016446006430042763,9264,0.0008224705910746053,1611.8220677517093,1999.0360739300086
3421.055267702936,0.9999640184225677,5.0839335969278296e-05,0.024395509499136443,0.024395509499136443,9.25193635526579,27792,4.625993551848329,512,65000,1.0,3.901014788849644e-07,0.998272884283247,0.998272884283247,0.00699476790911999,9264,0.003497578956457,1618.0926246006275,2006.8005835430085
3434.2210708117445,1.0,1.1190570835196529e-06,0.028173575129533678,0.028173575129533678,9.197127303242615,27792,4.5985641259878065,512,65250,1.0,3.049841631178229e-07,0.9990284974093264,0.9990284974093264,0.005795259183893601,9264,0.002897782065054733,1624.348180019675,2014.55929152701
3447.3868739205527,1.0,1.2712278760416615e-05,0.02928900402993667,0.02928900402993667,9.080700392824655,27792,4.540356451022467,512,65500,1.0,3.36484783862577e-07,0.9971934369602763,0.9971934369602763,0.012987696753882373,9264,0.006494016664839368,1630.603532977606,2022.3084818540083
3460.552677029361,0.999892055267703,0.00042813756099443367,0.02997265400115141,0.02997265400115141,8.852917852934297,27792,4.4266729514078635,512,65750,1.0,4.325821760686552e-07,1.0,1.0,0.0002993363997656112,9264,0.00014988449191037623,1636.8469001384947,2030.0457290350023
3473.718480138169,0.9999280368451353,9.49314939067617e-05,0.0299006908462867,0.0299006908462867,8.919107436035718,27792,4.459601088783558,512,66000,1.0,2.8887400229165476e-07,1.0,1.0,3.800586316153883e-05,9264,1.914736861342947e-05,1643.108857470579,2037.801349145011
3486.8842832469777,1.0,1.297165727743038e-06,0.030404432930339665,0.030404432930339665,9.442367105698132,27792,4.7211840777268135,512,66250,1.0,2.424848433226963e-07,1.0,1.0,7.217156180464711e-06,9264,3.7298205009962608e-06,1649.3858380514575,2045.573784838998
3500.0,1.0,1.214568833067458e-07,0.03119602763385147,0.03119602763385147,10.446095433122617,27792,5.223047716561308,48,66500,1.0,1.206762290571289e-07,1.0,1.0,1.527869522487419e-06,9264,8.242728828654294e-07,1655.6417258464644,2053.325049513005
3513.165803108808,1.0,5.923575380861854e-09,0.031303972366148534,0.031303972366148534,10.996046295780936,27792,5.498023147890468,512,66750,1.0,7.025935221833268e-09,1.0,1.0,5.649186057573407e-07,9264,2.859722709321422e-07,1661.8911190164363,2061.0689576540026
3526.3316062176164,0.999892055267703,0.000411299490570961,0.029720782959124926,0.029720782959124926,9.93532545125958,27792,4.967868343741989,512,67000,1.0,1.3106065734887134e-07,0.991580310880829,0.991580310880829,0.040329766049595074,9264,0.020164948400746972,1668.1166436823114,2068.789592715999
3539.497409326425,1.0,7.611916031718008e-06,0.03187967760506621,0.03187967760506621,9.457028790321855,27792,4.728518104443416,512,67250,1.0,7.615848114054578e-07,0.9973013816925734,0.9973013816925734,0.01430715035023055,9264,0.007153955965410654,1674.4006799232448,2076.57083585301
3552.663212435233,1.0,1.86250372204561e-05,0.03112406447898676,0.03112406447898676,9.235178172759921,27792,4.617598345311263,512,67500,1.0,1.5993630354693584e-07,0.9975172711571675,0.9975172711571675,0.009299682205565441,9264,0.004649920993852904,1680.7240093142464,2084.3890628250083
3565.8290155440413,0.9999280368451353,8.885963552136874e-05,0.03554979850316638,0.03554979850316638,8.867811608190982,27792,4.433950183716875,512,67750,1.0,2.613022982253689e-07,0.9997841105354058,0.9997841105354058,0.0016332969579375984,9264,0.0008167791214895424,1686.66430696116,2091.8148287820077
3578.9948186528495,1.0,1.4451975636064917e-07,0.03749280368451353,0.03749280368451353,8.708279747488037,27792,4.3541398737440185,512,68000,1.0,1.3400748139482918e-07,0.999892055267703,0.999892055267703,0.0007576507034459005,9264,0.00037889234904225574,1692.5663275532133,2099.2004395760014
3592.1105354058723,1.0,4.831510276339923e-07,0.03788860103626943,0.03788860103626943,8.567039546845765,27792,4.283519913975919,512,68250,1.0,7.835668270083562e-07,0.9980569948186528,0.9980569948186528,0.0073132600831527375,9264,0.003657021821156427,1698.4702152331738,2106.5889574989997
3605.2763385146804,1.0,1.3157051216118565e-05,0.03828439838802533,0.03828439838802533,8.689933016990613,27792,4.344973009073261,512,68500,1.0,3.5635647026143937e-07,0.9975172711571675,0.9975172711571675,0.011378923721373441,9264,0.005689639947578208,1704.3813167061599,2113.983925531007
3618.4421416234886,1.0,5.768664263161327e-07,0.04062320092112838,0.04062320092112838,8.402158729496122,27792,4.201079522870228,512,68750,1.0,2.5357705641354487e-07,0.9981649395509499,0.9981649395509499,0.0062609543635418225,9264,0.0031306039252831552,1710.290178151059,2121.3775803910103
3631.6079447322973,0.9999640184225677,0.00012362493812876954,0.04292602187679908,0.04292602187679908,8.280060495256897,27792,4.140091932842494,512,69000,1.0,3.9755606483215194e-07,0.9987046632124352,0.9987046632124352,0.006128800115652627,9264,0.0030645987978816314,1716.189739890091,2128.7610263120005
3644.7737478411054,1.0,9.777620346104949e-07,0.04303396660909614,0.04303396660909614,8.286888539825421,27792,4.1434445861570435,512,69250,1.0,3.7451064719117126e-07,0.9987046632124352,0.9987046632124352,0.008027022898507616,9264,0.004013698723907896,1722.1237714531599,2136.183994343999
3657.9395509499136,0.9999640184225677,6.4473301984707e-05,0.04670408750719632,0.04674006908462867,8.115214135362693,27792,4.057639210403961,512,69500,1.0,4.0984583897083345e-07,1.0,1.0,0.00011966854658794939,9264,6.0039196430427214e-05,1728.0272054682137,2143.5769176739996
3671.055267702936,1.0,1.5986941067631621e-06,0.04778353483016695,0.04778353483016695,8.31124708826815,27792,4.155624176622741,512,69750,1.0,3.7053443060317565e-07,1.0,1.0,2.7433032417144716e-05,9264,1.3901783452344743e-05,1733.9506736071198,2150.985113584
3684.2210708117445,1.0,2.672171541812534e-07,0.04947466896948762,0.04947466896948762,9.060533772821596,27792,4.530266886410798,512,70000,1.0,2.7196546533919454e-07,1.0,1.0,5.568009788516888e-06,9264,2.9199876427342423e-06,1739.8930365320557,2158.4128294350085
3697.3868739205527,1.0,1.1925646304342492e-07,0.05105785837651123,0.05105785837651123,9.720764164548532,27792,4.860382082274266,512,70250,1.0,1.19209282433082e-07,1.0,1.0,1.6140851324324823e-06,9264,8.666472113843325e-07,1745.8347227549093,2165.851173435003
3710.552677029361,1.0,2.5478666770575973e-09,0.05400834772596431,0.05400834772596431,10.074741277875884,27792,5.037370638937942,512,70500,1.0,3.332815500454451e-09,1.0,1.0,5.687146699411157e-07,9264,2.860237428933586e-07,1751.7603836470516,2173.2644060919993
3723.718480138169,1.0,6.777153918976167e-10,0.0485391479562464,0.0485391479562464,10.490456501505603,27792,5.245228250752802,512,70750,1.0,7.592128108306097e-10,1.0,1.0,2.801881079773602e-07,9264,1.404736604266926e-07,1757.7595595412567,2180.7528587470006
3736.8842832469777,1.0,5.661926072872122e-10,0.0442573402417962,0.0442573402417962,11.014780052242159,27792,5.507390028317221,512,71000,1.0,5.404565806594214e-10,1.0,1.0,1.8894103825306597e-07,9264,9.474074743833851e-08,1764.026693315158,2188.5161254289997
3750.0,1.0,9.264969851895717e-10,0.037528785261945884,0.037528785261945884,11.828334450378593,27792,5.9141672251892965,48,71250,1.0,1.003705071464556e-09,1.0,1.0,1.606185376710523e-07,9264,8.081112141459355e-08,1770.3147072120191,2196.3040898180043
3763.165803108808,1.0,1.4755322278413723e-09,0.03594559585492228,0.03594559585492228,11.960663632407707,27792,5.9803318162038535,512,71500,1.0,1.7500498336995713e-09,1.0,1.0,1.226450352797673e-07,9264,6.219754264953965e-08,1776.5659144949168,2204.0524967060046
3776.3316062176164,1.0,1.5055575978650801e-09,0.03425446171560161,0.03425446171560161,12.108252763061875,27792,6.054126381530938,512,71750,1.0,1.8272579105149697e-09,1.0,1.0,1.198912801023205e-07,9264,6.085926912990368e-08,1782.7682505939883,2211.747488038003
3789.497409326425,1.0,1.3039587190347503e-09,0.0360895221646517,0.0360895221646517,12.095654137874376,27792,6.04782707113333,512,72000,1.0,1.4669535561337428e-09,1.0,1.0,1.1814123008300851e-07,9264,5.980409191237734e-08,1788.9672649760469,2219.437475140003
3802.663212435233,1.0,7.077407593646797e-10,0.039471790443293034,0.039471790443293034,11.860295455484604,27792,5.930147727742302,512,72250,1.0,6.691367184003357e-10,1.0,1.0,1.1074212154547622e-07,9264,5.5705629183326835e-08,1795.185235961224,2227.148383863998
3815.8290155440413,1.0,5.190098918029292e-10,0.040803108808290155,0.040803108808290155,11.793223212488643,27792,5.8966116062443215,512,72500,1.0,5.018525437857092e-10,1.0,1.0,1.0939098082093746e-07,9264,5.4946416700002435e-08,1801.3840872401925,2234.838533319009
3828.9948186528495,1.0,5.747712823184801e-10,0.04094703511801957,0.04094703511801957,11.851188066709845,27792,5.925594035551064,512,72750,1.0,5.533245962742972e-10,1.0,1.0,1.0452687277924055e-07,9264,5.254009870884975e-08,1807.598919393262,2242.5450613150024
3842.1105354058723,1.0,5.919286359603187e-10,0.04008347725964306,0.04008347725964306,11.843259513824234,27792,5.921629756912117,512,73000,1.0,6.047966510638655e-10,1.0,1.0,1.1132118456983481e-07,9264,5.596299065838643e-08,1813.098248236187,2249.5107868500054
3855.2763385146804,1.0,4.889845263811821e-10,0.04181059297639608,0.04181059297639608,11.789714033602296,27792,5.894857016801148,512,73250,1.0,5.018525414847288e-10,1.0,1.0,8.48259467595406e-08,9264,4.2663899669304e-08,1819.3808392352075,2257.2883936760045
3868.4421416234886,1.0,6.434006892159001e-10,0.03842832469775475,0.03842832469775475,11.971642124700903,27792,5.9858210623504515,512,73500,1.0,6.562687073874208e-10,1.0,1.0,1.1099948424772533e-07,9264,5.5827876502483663e-08,1825.647875008246,2265.0508241350035
3881.6079447322973,1.0,1.2330981991419587e-07,0.05278497409326425,0.05278497409326425,9.484983252051512,27792,4.742491626025756,512,73750,1.0,1.1989128015140807e-07,0.9993523316062176,0.9993523316062176,0.0025147771879902754,9264,0.001257448526774292,1831.913952066403,2272.8126952800085
3894.7737478411054,1.0,2.1142313584598317e-07,0.05397236614853195,0.05397236614853195,9.114632755294913,27792,4.557316414981857,512,74000,1.0,1.3189713015046926e-07,0.9992443868739206,0.9992443868739206,0.003438302793798225,9264,0.0017192173390412006,1838.1718160835298,2280.5636593790114
3907.9395509499136,1.0,2.0290592710708202e-05,0.05785837651122625,0.05785837651122625,8.751017283350144,27792,4.375518724159324,512,74250,1.0,2.3203540579480951e-07,0.9992443868739206,0.9992443868739206,0.0034949217089781594,9264,0.0017475768339069036,1844.4142958964512,2288.298562847005
3921.055267702936,0.9999280368451353,0.0003729978954040235,0.06512665515256189,0.06512665515256189,8.391295661992153,27792,4.195834239461193,512,74500,1.0,3.6586557823263816e-07,0.9988126079447323,0.9988126079447323,0.007487511478440068,9264,0.0037439386710196427,1850.6702548343164,2296.047922184007
3934.2210708117445,1.0,1.5185753539801317e-07,0.06714162348877374,0.06714162348877374,8.127231261890786,27792,4.063615633141534,512,74750,1.0,1.3268206963137453e-07,0.9964378238341969,0.9964378238341969,0.014629880958823857,9264,0.007315006756122402,1856.9052772093855,2303.7769853200007
3947.3868739205527,0.9999280368451353,0.000255125837678972,0.07055987334484744,0.0705958549222798,7.890264881158191,27792,3.9452599485372084,512,75000,1.0,2.6996043179451197e-07,0.9978411053540587,0.9978411053540587,0.010979394155790924,9264,0.00548983206296909,1862.3698695664498,2310.7074100610043
3960.552677029361,0.999892055267703,0.00044018691739342166,0.07829591249280368,0.07829591249280368,7.715354141999609,27792,3.8578971507018096,512,75250,1.0,9.322660605330809e-06,0.9980569948186528,0.9980569948186528,0.007751068372170027,9264,0.0038801955150855327,1868.629359000406,2318.4728608709993
3973.718480138169,1.0,1.2682706107432355e-07,0.0823978123200921,0.0823978123200921,7.512646646010992,27792,3.756323323005496,512,75500,1.0,1.2415058992445192e-07,1.0,1.0,6.615718609403291e-05,9264,3.314066835064264e-05,1874.8902247724036,2326.2285700720095
3986.8842832469777,1.0,1.279552245871661e-07,0.08567213586643639,0.08567213586643639,7.734776318450734,27792,3.867388159225367,512,75750,1.0,1.285128453870814e-07,1.0,1.0,1.3393915842887615e-05,9264,6.761214350445103e-06,1881.152972644515,2333.985290455006
4000.0,1.0,1.202558738890689e-07,0.08761514104778353,0.08761514104778353,8.613556061933009,27792,4.3067780309665045,48,76000,1.0,1.202387165523009e-07,1.0,1.0,2.27925676209265e-06,9264,1.199747746415631e-06,1887.4059117545112,2341.7331320680096
4013.165803108808,1.0,2.135232255933241e-08,0.09124928036845135,0.09124928036845135,9.304175645370352,27792,4.652087822685176,512,76250,1.0,2.6006254460992314e-08,1.0,1.0,6.155542377041967e-07,9264,3.2078024785588337e-07,1893.640156669324,2349.4607882160053
4026.3316062176164,1.0,2.131800925002214e-09,0.08808290155440414,0.08808290155440414,9.515085680428495,27792,4.7575428402142474,512,76500,1.0,2.689414832458703e-09,1.0,1.0,3.0851059903638314e-07,9264,1.5560000706979527e-07,1899.880825101398,2357.19555209401
4039.497409326425,1.0,6.176646630994384e-10,0.08646373056994819,0.08646373056994819,9.800838402378607,27792,4.900419201189304,512,76750,1.0,7.592128231025049e-10,1.0,1.0,1.8631596165329542e-07,9264,9.353758726466023e-08,1906.1489496545255,2364.959457913006
4052.663212435233,1.0,1.2634242868049039e-07,0.08513241220495106,0.08513241220495106,8.276761447552916,27792,4.138380723776458,512,77000,1.0,1.2479398747615328e-07,0.9994602763385146,0.9994602763385146,0.002486285275823094,9264,0.0012432050220475296,1912.4111695946049,2372.716610275005
4065.8290155440413,1.0,2.7354584378116196e-06,0.0982656879677605,0.0982656879677605,7.727202732259677,27792,3.8636026662454293,512,77250,1.0,1.7891554792607045e-07,0.9996761658031088,0.9996761658031088,0.0011187468128422008,9264,0.0005594628584263154,1918.6693346806132,2380.4675035070104
4078.9948186528495,1.0,6.048240619516002e-06,0.10614565342544617,0.10614565342544617,7.340977477148887,27792,3.670491707757347,512,77500,1.0,1.9721319116544633e-07,0.9995682210708118,0.9995682210708118,0.0019457549215029018,9264,0.000972976049047208,1924.9343949844915,2388.2269669460075
4092.1105354058723,1.0,1.385421672943037e-06,0.11298215313759355,0.11298215313759355,7.031058610686641,27792,3.515529955401116,512,77750,1.0,1.4883139684941488e-07,1.0,1.0,0.00011329537531801714,9264,5.672210338887387e-05,1931.1969665116776,2395.983730262
4105.276338514681,1.0,3.200303937562617e-07,0.11560880829015543,0.11560880829015543,7.108528897071887,27792,3.554264562735286,512,78000,1.0,1.4405739318609984e-07,1.0,1.0,2.258493348025992e-05,9264,1.136449545324098e-05,1937.4657905335334,2403.7461160390085
4118.442141623489,1.0,1.2536017126097044e-07,0.11668825561312608,0.11668825561312608,7.800743625708949,27792,3.9003718128544747,512,78250,1.0,1.2276084746248584e-07,1.0,1.0,3.5362110780791293e-06,9264,1.829485969863963e-06,1943.7140485066193,2411.488914638001
4131.607944732297,1.0,4.131060991501048e-08,0.12097006332757627,0.12097006332757627,8.764111463407298,27792,4.382055731703649,512,78500,1.0,4.749583571037796e-08,1.0,1.0,7.89967122063381e-07,9264,4.1873148243345717e-07,1949.9968841096124,2419.2687092140113
4144.773747841105,1.0,4.997078475439602e-09,0.12528785261945885,0.12528785261945885,8.77296972192425,27792,4.386484860962125,512,78750,1.0,6.511214627917977e-09,1.0,1.0,3.948935827102167e-07,9264,2.007023991116226e-07,1956.303891518619,2427.0721852889983
4157.939550949914,1.0,6.7342605821695e-10,0.11751583189407024,0.11751583189407024,8.997744308234497,27792,4.498872151921107,512,79000,1.0,8.364208907139818e-10,1.0,1.0,2.3358017704796177e-07,9264,1.1720829900653706e-07,1962.600267725691,2434.8657254749996
4171.055267702936,1.0,7.592128100636163e-10,0.10672135866436384,0.10672135866436384,9.497667206109222,27792,4.748833605250752,512,79250,1.0,8.106848548822697e-10,1.0,1.0,1.672970388497306e-07,9264,8.40538618925736e-08,1968.8826557046268,2442.6453972630115
4184.2210708117445,1.0,1.432638853452026e-09,0.10010074841681059,0.10010074841681059,9.85163606633794,27792,4.92581803316897,512,79500,1.0,1.7114458075637675e-09,1.0,1.0,1.317041177326764e-07,9264,6.670778185372238e-08,1975.1753618367075,2450.434996106007
4197.386873920553,1.0,2.9510644027601963e-09,0.08869458837075417,0.08869458837075417,10.211124967005174,27792,5.105562483502587,512,79750,1.0,3.2427393704414975e-09,1.0,1.0,1.3313246738079134e-07,9264,6.818760356122884e-08,1981.4378266196582,2458.1913565190043
4210.552677029361,1.0,1.4197708386041439e-09,0.09531519861830742,0.09531519861830742,10.013576953385023,27792,5.0067884766925115,512,80000,1.0,1.5827656529489973e-09,1.0,1.0,1.1500143446012525e-07,9264,5.829210016775117e-08,1986.7768160026753,2464.9898921160056
4223.718480138169,1.0,1.634237734327672e-09,0.102475532527346,0.102475532527346,9.888712477258519,27792,4.944356238629259,512,80250,1.0,1.8787299699064987e-09,1.0,1.0,1.1044615720397493e-07,9264,5.616244371042666e-08,1992.109941478746,2471.7922072799993
4236.884283246977,1.0,6.9058340623417e-10,0.10891623488773748,0.10891623488773748,9.702377556519187,27792,4.851188776063452,512,80500,1.0,6.691367191673292e-10,1.0,1.0,1.0016461888741366e-07,9264,5.0416877829751766e-08,1997.4429236486467,2478.583035428004
4250.0,1.0,9.436543403653974e-10,0.11557282671272309,0.11557282671272309,9.375956652283874,27792,4.687978326141937,48,80750,1.0,8.75024929121681e-10,1.0,1.0,6.868945614029625e-08,9264,3.478224057497612e-08,2002.929161695487,2485.5384874800075
4263.165803108808,1.0,8.964716253924432e-10,0.11539291882556131,0.11539291882556131,9.507406464237967,27792,4.753703232118983,512,81000,1.0,8.750249229857334e-10,1.0,1.0,6.67592539131139e-08,9264,3.381713946138495e-08,2008.8212179795228,2492.919020971007
4276.331606217616,1.0,1.1929506551716598e-07,0.11586067933218193,0.11586067933218193,7.889259878629642,27792,3.944629939314821,512,81250,1.0,1.1922214966252857e-07,0.991472366148532,0.991472366148532,0.03898356638089569,9264,0.01949184279509262,2014.7162255595176,2500.30588691101
4289.4974093264245,1.0,1.5927515322610833e-07,0.13565054691997697,0.13565054691997697,6.985752296777175,27792,3.492876157173152,512,81500,1.0,1.4923033667666351e-07,0.9984887737478411,0.9984887737478411,0.007416960559721026,9264,0.0037085548757425863,2020.6231312514428,2507.6963208430097
4302.663212435233,1.0,5.56284590143959e-07,0.15223805411629246,0.15223805411629246,6.547518265130675,27792,3.273759353277528,512,81750,1.0,3.471054797140484e-07,0.9989205526770294,0.9989205526770294,0.003967021035419742,9264,0.0019836840428900946,2026.5418060212833,2515.098784036003
4315.829015544042,0.9999640184225677,0.0002516920794213195,0.17181203223949337,0.17184801381692574,6.134735401704796,27792,3.0674935682930338,512,82000,1.0,1.3259341104915247e-06,0.9988126079447323,0.9988126079447323,0.006212319920180504,9264,0.003106822958819259,2032.444252424364,2522.48511749701
4328.99481865285,1.0,5.493670394159831e-07,0.18811168681635002,0.18811168681635002,5.8209138385990125,27792,2.9104571301290614,512,82250,1.0,1.4804646360263243e-07,0.998272884283247,0.998272884283247,0.007856144896340083,9264,0.0039281464263874015,2038.3382608723332,2529.8616210010077
4342.110535405872,1.0,1.4992946167379546e-07,0.19613557858376512,0.19613557858376512,5.549161784732624,27792,2.7745809011508764,512,82500,1.0,1.2918191461465976e-07,0.9977331606217616,0.9977331606217616,0.009789593431323329,9264,0.004894861351700246,2044.2622330823215,2537.2701313330035
4355.276338514681,1.0,1.102518327307731e-06,0.22686384571099596,0.22686384571099596,5.038851303689151,27792,2.5194261613493345,512,82750,1.0,1.7849035522598513e-07,0.9987046632124352,0.9987046632124352,0.006725905043682621,9264,0.003363041767958288,2050.179876914277,2544.672883612002
4368.442141623489,1.0,4.708237229045346e-06,0.23999712147380542,0.23999712147380542,4.878448699353822,27792,2.4392266413502535,512,83000,1.0,1.354100259470218e-07,0.9961139896373057,0.9961139896373057,0.01547540044524612,9264,0.007737767805437041,2056.1653586931498,2552.146087223009
4381.607944732297,0.9999640184225677,5.2046163523719376e-05,0.25140328151986185,0.25140328151986185,4.726514136578478,27792,2.3632830618164906,512,83250,1.0,3.950321498338336e-07,0.9976252158894646,0.9976252158894646,0.012652482855132104,9264,0.006326438938725952,2062.451438997261,2559.9266640190035
4394.773747841105,1.0,7.041278094643162e-06,0.268062751871042,0.268062751871042,4.517056949947096,27792,2.2585319360920804,512,83500,1.0,1.6593201939705008e-07,0.9989205526770294,0.9989205526770294,0.0043170420551070995,9264,0.0021586039683432518,2068.720138378063,2567.6912576160103
4407.939550949914,1.0,1.6680805120935602e-07,0.30109383995394357,0.30109383995394357,4.274776539997458,27792,2.137388300744706,512,83750,1.0,1.303529605147104e-07,0.9980569948186528,0.9980569948186528,0.009279791708466226,9264,0.004639961024294309,2074.9822056271223,2575.4483708530024
4421.055267702936,1.0,5.661266773725788e-07,0.33052677029360966,0.33052677029360966,3.967624732387018,27792,1.9838126648687122,512,84000,1.0,1.3394312718336644e-07,0.9987046632124352,0.9987046632124352,0.004734007701087125,9264,0.002367070796390809,2081.2355361152586,2583.1956447450066
4434.2210708117445,0.9999280368451353,0.0002249702121522675,0.33372913068508925,0.3337651122625216,3.8330072634646997,27792,1.9166161323595678,512,84250,1.0,4.944169916830663e-07,0.9990284974093264,0.9990284974093264,0.0038940609659555664,9264,0.0019472776518069813,2087.5108983293903,2590.964097262011
4447.386873920553,0.9999640184225677,5.251743723456729e-05,0.36917098445595853,0.3692069660333909,3.5241314323043165,27792,1.7620919776086363,512,84500,1.0,4.57360721767131e-07,0.9992443868739206,0.9992443868739206,0.0026579697221109,9264,0.0013292135385473119,2093.793602225618,2598.740896634001
4460.552677029361,1.0,1.838095351692919e-07,0.4114853195164076,0.4114853195164076,3.233890228183639,27792,1.6169452332324794,512,84750,1.0,1.6809470664222807e-07,0.9994602763385146,0.9994602763385146,0.002099239474503462,9264,0.001049703771822695,2100.0884142526484,2606.530175153006
4473.718480138169,0.9999640184225677,8.284942063860082e-05,0.4504173862982153,0.4504173862982153,2.892792861490464,27792,1.446437868086442,512,85000,1.0,2.41785619397726e-07,0.9995682210708118,0.9995682210708118,0.002356522612029201,9264,0.001178382181712074,2106.345784086763,2614.281934106999
4486.884283246977,1.0,3.0272172332693435e-06,0.4657455382843984,0.4657455382843984,2.796855138098981,27792,1.3984290854849895,512,85250,1.0,2.2645124969815716e-07,0.999892055267703,0.999892055267703,0.0011915980125672871,9264,0.0005959122319462901,2112.5996458946756,2622.040153556998
4500.0,1.0,3.2075794828411194e-07,0.5127374784110535,0.5127374784110535,2.504863796113343,27792,1.2524320490413792,48,85500,1.0,2.538858730618681e-07,1.0,1.0,4.115421240773319e-05,9264,2.0704049170340953e-05,2118.8381767647224,2629.7716733190027
4513.165803108808,1.0,2.411551434154235e-07,0.5419545192861255,0.5419545192861255,2.5154572170084073,27792,1.2577287276448639,512,85750,1.0,2.400785245461423e-07,1.0,1.0,9.389471080907563e-06,9264,4.8147748153914485e-06,2125.087888985756,2637.5143856890063
4526.331606217616,1.0,1.201657977196836e-07,0.5899899251583189,0.5899899251583189,2.4594661622604694,27792,1.229733200270895,512,86000,1.0,1.2022584853745303e-07,1.0,1.0,2.250188368942431e-06,9264,1.1852071158330975e-06,2131.3344500897365,2645.254643804001
4539.4974093264245,1.0,6.888676426957599e-09,0.6397884283246977,0.6397884283246977,2.3357121275977013,27792,1.1678560632498154,512,86250,1.0,8.544360972349388e-09,1.0,1.0,7.031081035219105e-07,9264,3.558262326904522e-07,2137.6129406596156,2653.0285776910023
4552.663212435233,1.0,7.463448003290237e-10,0.6755900978698907,0.6755900978698907,2.1340886271404824,27792,1.0670443135702412,512,86500,1.0,9.65101036891824e-10,1.0,1.0,3.073782137297695e-07,9264,1.5417165742168033e-07,2143.8856206367636,2660.7978865839978
4565.829015544042,1.0,5.747712876874342e-10,0.6736470926885435,0.6736470926885435,2.1162280805782125,27792,1.0581140402891063,512,86750,1.0,8.364208884130015e-10,1.0,1.0,1.9860492054543074e-07,9264,9.972067075527154e-08,2150.1070713358204,2668.514778294004
4578.99481865285,1.0,9.73679703997493e-10,0.6647956246401843,0.6647956246401843,2.200608226576274,27792,1.100304113288137,512,87000,1.0,1.2095932913898226e-09,1.0,1.0,1.6042552216074184e-07,9264,8.081755777822139e-08,2156.3555841399357,2676.2585639970057
4592.110535405872,1.0,2.341978472216535e-09,0.6523100172711571,0.6523100172711571,2.283071218171062,27792,1.141535609085531,512,87250,1.0,2.5092626368602464e-09,1.0,1.0,1.4015840348773505e-07,9264,7.133383319153605e-08,2162.604318758953,2684.003290327004
4605.276338514681,1.0,2.7108615031630166e-09,0.6535693724812895,0.6535693724812895,2.281168525357595,27792,1.140584263227833,512,87500,1.0,2.8824350551769366e-09,1.0,1.0,1.2052181282986674e-07,9264,6.170212410243997e-08,2168.848823567867,2691.7424711430067
4618.442141623489,1.0,2.4835265951482513e-09,0.6605857800805988,0.6605857800805988,2.2415834908932877,27792,1.1207917454466438,512,87750,1.0,2.599338728523527e-09,1.0,1.0,1.1534887091010564e-07,9264,5.897410495468893e-08,2175.0924182118615,2699.480243416998
4631.607944732297,1.0,1.4841109125878907e-09,0.6842616580310881,0.6842616580310881,2.0781395252779014,27792,1.0390697626389507,512,88000,1.0,1.4283495062211418e-09,1.0,1.0,1.0856742865607429e-07,9264,5.4997889152094614e-08,2181.3353355208383,2707.217319012998
4644.773747841105,1.0,1.0594664658150741e-09,0.7070020149683363,0.7070020149683363,1.9147217497444042,27792,0.9573608748722021,512,88250,1.0,1.0423091106392485e-09,1.0,1.0,8.970292438688797e-08,9264,4.537261679478322e-08,2187.588836170835,2714.966228656005
4657.939550949914,1.0,7.33476784202819e-10,0.7117156016119747,0.7117156016119747,1.8681640493231528,27792,0.9340820246615764,512,88500,1.0,7.206087823938254e-10,1.0,1.0,8.546934750193472e-08,9264,4.309497816670806e-08,2193.7984647920966,2722.671002504998
4671.055267702936,1.0,6.86294068207207e-10,0.7108160621761658,0.7108160621761658,1.8620317444831527,27792,0.9310158722415763,512,88750,1.0,7.4634481208959e-10,1.0,1.0,9.337030704773183e-08,9264,4.70583259544545e-08,2200.0481587130344,2730.415829962003
4684.2210708117445,1.0,7.377661227411109e-10,0.7108160621761658,0.7108160621761658,1.8691629004601988,27792,0.9345814502300994,512,89000,1.0,8.23552876633093e-10,1.0,1.0,1.0351029960625785e-07,9264,5.2166926278261165e-08,2206.3192419310653,2738.1822364070104
4697.386873920553,1.0,8.878929472932015e-10,0.7124712147380541,0.7124712147380541,1.838548383564529,27792,0.9192741917822645,512,89250,1.0,9.651010207849614e-10,1.0,1.0,9.544205586743828e-08,9264,4.8203578490514726e-08,2212.5630173670215,2745.9211479160003
4710.552677029361,1.0,8.407102297636027e-10,0.7189838802533103,0.7189838802533103,1.8041548270498395,27792,0.9020774135249198,512,89500,1.0,9.393649941571708e-10,1.0,1.0,8.01162533252157e-08,9264,4.052780920455555e-08,2218.8053513650375,2753.6578193530004
4723.718480138169,1.0,9.736797073211312e-10,0.7129749568221071,0.7129749568221071,1.830711498710707,27792,0.9153557493553535,512,89750,1.0,1.0680451426359933e-09,1.0,1.0,9.97013687820873e-08,9264,5.038470700723076e-08,2225.0680924040935,2761.4165139620018
4736.884283246977,1.0,1.3725881274661572e-09,0.7192357512953368,0.7192357512953368,1.791787387450399,27792,0.8958936937251994,512,90000,1.0,1.299669394558005e-09,1.0,1.0,7.184211980257119e-08,9264,3.657089465110365e-08,2231.334319488029,2769.1782827610004
4750.0,1.0,2.1360902456439915e-09,0.7133347725964306,0.7133347725964306,1.8161711475941116,27792,0.9080855737970558,48,90250,1.0,2.0588821540000532e-09,1.0,1.0,9.09897258716762e-08,9264,4.652430412366868e-08,2237.5743517908268,2776.9245729660033
4763.165803108808,1.0,1.6428164085919465e-09,0.7154217040875072,0.7154217040875072,1.8085342609271553,27792,0.9042671304635777,512,90500,1.0,1.659973730531389e-09,1.0,1.0,9.479865826664935e-08,9264,4.8229316091013084e-08,2243.8259062186844,2784.672116239002
4776.331606217616,1.0,1.1925217370514228e-07,0.5560233160621761,0.5560233160621761,2.6728107384312203,27792,1.3364054054519399,512,90750,1.0,1.192864889513667e-07,0.9970854922279793,0.9970854922279793,0.010167625562017639,9264,0.005083872437125654,2250.0775848856574,2792.4184104700107
4789.4974093264245,1.0,1.1928219776411853e-07,0.5954231433506045,0.5954231433506045,2.1941661296662205,27792,1.0970831224818167,512,91000,1.0,1.1929935539541198e-07,0.998380829015544,0.998380829015544,0.006110390542486814,9264,0.0030552549016242122,2256.3280469285673,2800.162582652003
4802.663212435233,1.0,1.19672524144432e-07,0.6387449625791595,0.6387449625791595,1.7937185773920863,27792,0.8968593501879967,512,91250,1.0,1.195953158099068e-07,0.9987046632124352,0.9987046632124352,0.005411499382168801,9264,0.002705809417975317,2262.583909673529,2807.914017256
4815.829015544042,1.0,1.1996419888585022e-07,0.6148891767415083,0.6148891767415083,1.9545475899932985,27792,0.9772738702144853,512,91500,1.0,1.2000709228503901e-07,0.9968696027633851,0.9968696027633851,0.011610532829309581,9264,0.005805326353867952,2268.8323992464284,2815.6557995559997
4828.99481865285,1.0,2.154531280590115e-08,0.6946243523316062,0.6946243523316062,1.4043698890084293,27792,0.7021849439551793,512,91750,1.0,2.2210190286421295e-08,0.9995682210708118,0.9995682210708118,0.0025812329329141705,9264,0.0012906275458178693,2275.1021174723282,2823.420812662007
4842.110535405872,1.0,2.004495086479831e-07,0.7301381692573402,0.7301381692573402,1.1849308683739082,27792,0.5924655223071198,512,92000,1.0,2.5993385473596734e-08,0.9993523316062176,0.9993523316062176,0.003575678950976677,9264,0.001787852504353372,2281.319554886344,2831.133203083009
4855.276338514681,1.0,4.557763187063881e-08,0.7677748992515832,0.7677748992515832,0.9869747584622416,27792,0.4934873913098974,512,92250,1.0,2.7202979455280664e-08,0.999892055267703,0.999892055267703,0.0006611828828175811,9264,0.00033060503646647734,2287.580308259334,2838.8879312520003
4868.442141623489,0.9999640184225677,6.90183792997959e-05,0.7706894070236039,0.7707253886010362,0.9678690734099024,27792,0.48396904494615556,512,92500,1.0,6.16245822178015e-08,0.9997841105354058,0.9997841105354058,0.0010895545679644805,9264,0.0005448080964437935,2293.7936406614026,2846.588934793006
4881.607944732297,0.9999640184225677,5.732154425283882e-05,0.7935736902705814,0.7936096718480138,0.8353918366001197,27792,0.4177245845311527,512,92750,1.0,4.8460733024604485e-08,0.9994602763385146,0.9994602763385146,0.0018922590380389764,9264,0.0009461537301894245,2299.2686556534027,2853.526957717011
4894.773747841105,1.0,6.514770447920266e-08,0.814119170984456,0.814119170984456,0.7409034036121357,27792,0.3704517250028093,512,93000,1.0,2.3226762664798775e-08,0.9994602763385146,0.9994602763385146,0.002294981043499497,9264,0.0011475021029631117,2304.5923098412604,2860.3044181590085
4907.939550949914,1.0,4.146767165200346e-08,0.8333333333333334,0.8333333333333334,0.6539318436648425,27792,0.32696593404845664,512,93250,1.0,2.9969601856038103e-08,0.9991364421416234,0.9991364421416234,0.002537375902322753,9264,0.0012687029423986743,2310.743579872302,2867.9459624360024
4921.055267702936,0.9999640184225677,3.1083852735684826e-05,0.8608592400690847,0.860895221646517,0.5251972382962189,27792,0.2626141635727869,512,93500,1.0,5.830492891253421e-08,0.9991364421416234,0.9991364421416234,0.0033320000541753525,9264,0.0016660291538392845,2317.0011725482473,2875.698854789007
4934.2210708117445,1.0,4.384560843098011e-08,0.9034614277489925,0.9034614277489925,0.36253717155654197,27792,0.1812686046513594,512,93750,1.0,4.73156835025076e-08,1.0,1.0,4.2296443831731305e-05,9264,2.1171879761163484e-05,2323.2610442261066,2883.45624242301
4947.386873920553,1.0,5.759722735778427e-08,0.9228554979850316,0.9228554979850316,0.3018976358689312,27792,0.15094884771963063,512,94000,1.0,6.16120479985048e-08,1.0,1.0,9.639690785735342e-06,9264,4.850651421984304e-06,2329.5245380411798,2891.215612583008
4960.552677029361,1.0,6.331491528852662e-08,0.9418177892918825,0.9418177892918825,0.2518608773241938,27792,0.1259304687217796,512,94250,1.0,6.669491386341829e-08,1.0,1.0,2.0821579897098463e-06,9264,1.07442645533321e-06,2335.774908802283,2898.9613749850105
4973.718480138169,1.0,1.7590573867219785e-08,0.9630469199769718,0.9630469199769718,0.17183572283817833,27792,0.08591786917421278,512,94500,1.0,1.9314887138930137e-08,1.0,1.0,6.750944351980709e-07,9264,3.472046627423711e-07,2342.027212095447,2906.7084950660064
4986.884283246977,1.0,1.6942884618475279e-09,0.9775474956822107,0.9775474956822107,0.10354579792121532,27792,0.05177289902923707,512,94750,1.0,1.930202055375805e-09,1.0,1.0,3.098488725805629e-07,9264,1.5588953740387263e-07,2348.2806002474244,2914.4563756179996
5000.0,1.0,1.020862426384717e-09,0.9851036269430051,0.9851036269430051,0.0629953310691425,27792,0.03149766553457125,48,95000,1.0,1.0551771193511832e-09,1.0,1.0,1.911543430901121e-07,9264,9.610476015381923e-08,2354.4994068474625,2922.1698809920053
5013.165803108808,1.0,1.9387807033066376e-09,0.9880541162924582,0.9880541162924582,0.04990298352024647,27792,0.024951492617990893,512,95250,1.0,2.0074100953755176e-09,1.0,1.0,1.6353958484644695e-07,9264,8.27734975813583e-08,2360.750351313327,2929.9276719710033
5026.331606217616,1.0,2.9339070498853513e-09,0.989241508347726,0.989241508347726,0.04219895172338755,27792,0.021099477423012908,512,95500,1.0,3.0239831701830542e-09,1.0,1.0,1.4648946679289312e-07,9264,7.475672514107274e-08,2367.01582495631,2937.6885471569985
5039.4974093264245,1.0,3.2384500186086526e-09,0.9901410477835348,0.9901410477835348,0.03794780214009919,27792,0.01897390278578491,512,95750,1.0,3.319947462596765e-09,1.0,1.0,1.2614513531839128e-07,9264,6.473254157457246e-08,2373.2717859414406,2945.4402047660114
5052.663212435233,1.0,3.0368511599758167e-09,0.9911845135290731,0.9911845135290731,0.03413117865275293,27792,0.017065590956325014,512,96000,1.0,3.1397952785032104e-09,1.0,1.0,1.1702171284033034e-07,9264,6.00807542316068e-08,2379.5346928174113,2953.1986559869983
5065.829015544042,1.0,2.0974862156732205e-09,0.9925877950489349,0.9925877950489349,0.030188610001960978,27792,0.015094306167680501,512,96250,1.0,2.071750193391726e-09,1.0,1.0,1.1093514181728203e-07,9264,5.6503446103895536e-08,2385.7815378033993,2960.94080959
5078.99481865285,1.0,1.844415269270098e-09,0.9934873344847438,0.9934873344847438,0.02647687946851046,27792,0.013238440566386858,512,96500,1.0,1.8272579358257537e-09,1.0,1.0,9.141436957625502e-08,9264,4.662081384232715e-08,2392.039915669462,2968.695490999002
5092.110535405872,1.0,2.710861508020642e-09,0.9945308002302821,0.9945308002302821,0.022069021381725163,27792,0.011034512080608185,512,96750,1.0,2.612206694283828e-09,1.0,1.0,9.352472322590641e-08,9264,4.8068465120013256e-08,2398.2991790505766,2976.45144821101
5105.276338514681,1.0,1.8744406433844375e-09,0.9949265975820379,0.9949265975820379,0.019345903935347332,27792,0.009672952851277353,512,97000,1.0,1.788653891282107e-09,1.0,1.0,7.249838853526939e-08,9264,3.7143521299562514e-08,2404.554689129611,2984.202410155005
5118.442141623489,1.0,1.1066491797653702e-09,0.9949625791594704,0.9949625791594704,0.017952916209699098,27792,0.008976458628148819,512,97250,1.0,1.1066491871796402e-09,1.0,1.0,8.813302657544634e-08,9264,4.461983792618211e-08,2410.8038164147583,2991.9472009660094
5131.607944732297,1.0,1.3125373927876957e-09,0.9956102475532528,0.9956102475532528,0.01620258900476861,27792,0.008101295205835782,512,97500,1.0,1.2353293080466985e-09,1.0,1.0,8.450424638834354e-08,9264,4.286978790687012e-08,2417.0712008266564,2999.7117879620055
5144.773747841105,1.0,1.2439079889582496e-09,0.9958981001727115,0.9958981001727115,0.014222985928128627,27792,0.007111493568861011,512,97750,1.0,1.158121234299274e-09,1.0,1.0,9.421959681309335e-08,9264,4.768885907470138e-08,2423.3370419767452,3007.4753561180114
5157.939550949914,1.0,9.436543388314104e-10,0.9961859527921704,0.9961859527921704,0.013433375849968137,27792,0.00671668834533922,512,98000,1.0,8.106848640861911e-10,1.0,1.0,1.0568499411554996e-07,9264,5.324783952548327e-08,2429.5924476657237,3015.2279877929977
5171.055267702936,1.0,1.8615726200996274e-09,0.9964378238341969,0.9964378238341969,0.012424383044380118,27792,0.006212192375768377,512,98250,1.0,1.8915979977932696e-09,1.0,1.0,9.787411067368802e-08,9264,4.988285442816336e-08,2435.849675424688,3022.9823146929994
5184.2210708117445,1.0,1.7929432137135362e-09,0.9964378238341969,0.9964378238341969,0.011779656707725789,27792,0.005889829183849852,512,98500,1.0,1.7500498590103553e-09,1.0,1.0,1.048614411652855e-07,9264,5.330574559229874e-08,2442.1527901196823,3030.7819658320077
5197.386873920553,1.0,1.818679237273353e-09,0.9970135290731146,0.9970135290731146,0.010509745877881673,27792,0.005254873788229817,512,98750,1.0,1.6342377192434673e-09,1.0,1.0,6.946153703116918e-08,9264,3.554788745842511e-08,2448.365411118619,3038.488595382005
5210.552677029361,1.0,2.1618262689481442e-09,0.9972294185377087,0.9972294185377087,0.0092494991716806,27792,0.004624750649596194,512,99000,1.0,1.9816740526408646e-09,1.0,1.0,5.206398098137616e-08,9264,2.7022827633975012e-08,2454.5677183155785,3046.184566365002
5223.718480138169,1.0,2.2433236963180652e-09,0.9972294185377087,0.9972294185377087,0.009168156357798414,27792,0.004584079251233778,512,99250,1.0,2.058882141728158e-09,1.0,1.0,7.890665992951477e-08,9264,4.048277115258796e-08,2460.7756962337007,3053.886125338002
5236.884283246977,1.0,2.805226933108925e-09,0.9973013816925734,0.9973013816925734,0.008835854779802386,27792,0.004417928775357459,512,99500,1.0,2.560734634892299e-09,1.0,1.0,6.099438328580645e-08,9264,3.1777559120267505e-08,2466.984121118541,3061.5883989580034
5250.0,1.0,3.096901903602535e-09,0.9974453080023028,0.9974453080023028,0.008147542044803474,27792,0.004073772553695504,48,99750,1.0,2.972511085480741e-09,1.0,1.0,7.974308089462711e-08,9264,4.135779616224395e-08,2473.181714631399,3069.279400961008
5263.165803108808,1.0,2.8309629628046893e-09,0.9976252158894646,0.9976252158894646,0.007559646107578113,27792,0.003779824456402675,512,100000,1.0,2.6122067310995142e-09,1.0,1.0,4.815210446761995e-08,9264,2.5382155740870025e-08,2479.382916362214,3076.972858579
5276.331606217616,1.0,2.5435773428656015e-09,0.997769142199194,0.997769142199194,0.00711177942323218,27792,0.003555890972681545,512,100250,1.0,2.367714448989751e-09,1.0,1.0,6.834201973940343e-08,9264,3.535486723570688e-08,2485.5874260833953,3084.6800408020063
5289.4974093264245,1.0,3.6673838369004797e-09,0.9976971790443293,0.9976971790443293,0.007173728509862394,27792,0.0035868660543086064,512,100500,1.0,3.6931198678745667e-09,1.0,1.0,5.1574996417156635e-08,9264,2.763405833924942e-08,2491.8255679934227,3092.4105534289993
5302.663212435233,1.0,1.5098469238758123e-09,0.9980210132412205,0.9980210132412205,0.006488230987679842,27792,0.0032441162337507744,512,100750,1.0,1.299669376150162e-09,1.0,1.0,9.717923787190238e-08,9264,4.923945368576925e-08,2498.026279512371,3100.103805799008
5315.829015544042,1.0,1.9516487258244546e-09,0.9981649395509499,0.9981649395509499,0.006369751934380317,27792,0.0031848769194232573,512,101000,1.0,1.7243138354505384e-09,1.0,1.0,8.17890952554404e-08,9264,4.175670462252831e-08,2504.2343288603297,3107.804736209
5328.99481865285,1.0,2.4277652051440293e-09,0.9980210132412205,0.9980210132412205,0.005951160267981977,27792,0.002975581307125009,512,101250,1.0,2.2261663347506273e-09,1.0,1.0,9.297139937284877e-08,9264,4.75987829707662e-08,2510.48090852554,3115.5482047000114
5342.110535405872,1.0,2.0846182044046413e-09,0.9982009211283823,0.9982009211283823,0.00557487672564794,27792,0.0027874393793971427,512,101500,1.0,1.904466012641152e-09,1.0,1.0,8.869921922875316e-08,9264,4.5301842713119864e-08,2516.7353807034087,3123.3000883710047
5355.276338514681,1.0,7.334767865037993e-10,0.998380829015544,0.998380829015544,0.005242969554987836,27792,0.0026214851034836277,512,101750,1.0,6.305326707887152e-10,1.0,1.0,7.741397023170421e-08,9264,3.902225147962522e-08,2523.0013158525107,3131.0631917020073
5368.442141623489,1.0,2.1961409787884662e-09,0.998380829015544,0.998380829015544,0.00513851273484275,27792,0.0025692574333219384,512,102000,1.0,2.1360902553592423e-09,1.0,1.0,9.340891266307806e-08,9264,4.777250156391326e-08,2529.270142487512,3138.830180858
5381.607944732297,1.0,4.413728608083752e-09,0.9983448474381117,0.9983448474381117,0.005143753052665008,27792,0.0025718787246183736,512,102250,1.0,4.64535281935511e-09,1.0,1.0,7.002772970901979e-08,9264,3.733654153455264e-08,2535.557177108596,3146.614213396999
5394.773747841105,1.0,1.9173340338806463e-09,0.9985607369027059,0.9985607369027059,0.004649271695270371,27792,0.0023246367741322545,512,102500,1.0,1.9173340397609293e-09,1.0,1.0,9.662591637504863e-08,9264,4.9271625293691544e-08,2541.8606700836244,3154.4153730510006
5407.939550949914,1.0,1.6899991253545518e-09,0.9985967184801382,0.9985967184801382,0.004133321300082479,27792,0.002066661465015513,512,102750,1.0,1.7500498712822507e-09,1.0,1.0,9.599538286210111e-08,9264,4.887271644070654e-08,2548.1071329757833,3162.1566672110057
5421.055267702936,1.0,3.3971555496387426e-09,0.9984887737478411,0.9984887737478411,0.004652314348640665,27792,0.002326158832149579,512,103000,1.0,3.6287798181789457e-09,1.0,1.0,1.108836728994957e-07,9264,5.7256226543299247e-08,2554.375299987718,3169.921770785004
5434.2210708117445,1.0,1.4926895768812503e-09,0.9985247553252734,0.9985247553252734,0.004274718415970063,27792,0.0021373599414618778,512,103250,1.0,1.5184256101563177e-09,1.0,1.0,5.956603363769151e-08,9264,3.054222969487081e-08,2560.6382725356525,3177.681455687998
5447.386873920553,1.0,8.836036102888965e-10,0.9988126079447323,0.9988126079447323,0.0037255990651377706,27792,0.0018627999422006914,512,103500,1.0,9.779690363998372e-10,1.0,1.0,8.319170887385955e-08,9264,4.2084839001149306e-08,2566.90892645072,3185.4469740549976
5460.552677029361,1.0,1.5312936296061605e-09,0.9989925158318941,0.9989925158318941,0.0033395475520021575,27792,0.0016697745330692855,512,103750,1.0,1.6342377261464085e-09,1.0,1.0,6.171499211728785e-08,9264,3.167461500148445e-08,2573.2001527877437,3193.235101033002
5473.718480138169,1.0,2.0374354684671994e-09,0.9985967184801382,0.9985967184801382,0.003838205540222456,27792,0.0019191037609483715,512,104000,1.0,2.1489582947509148e-09,1.0,1.0,5.149778832806934e-08,9264,2.682337340383284e-08,2579.451430207744,3200.981585226007
5486.884283246977,1.0,1.9344913946810906e-09,0.998884571099597,0.998884571099597,0.0036606193564630613,27792,0.0018303106283199602,512,104250,1.0,2.046014175967857e-09,1.0,1.0,9.448982591030018e-08,9264,4.826792013555673e-08,2585.706889354813,3208.7322818480025
5500.0,1.0,2.3505571406005264e-09,0.998884571099597,0.998884571099597,0.0037037903726745394,27792,0.0018518963315905912,48,104500,1.0,2.4320545355010578e-09,1.0,1.0,1.0945532325138076e-07,9264,5.594368902881525e-08,2591.9538544016978,3216.474771860012
5513.165803108808,1.0,2.23045568300417e-09,0.9986686816350029,0.9986686816350029,0.0035433991464062942,27792,0.0017717006584057327,512,104750,1.0,2.264770379294274e-09,1.0,1.0,8.289574453235826e-08,9264,4.258025757279277e-08,2598.2557922467386,3224.272485685011
5526.331606217616,1.0,3.615911769327687e-09,0.9989565342544617,0.9989565342544617,0.0033630249908147836,27792,0.0016815142840614556,512,105000,1.0,3.886140041505219e-09,1.0,1.0,6.421138699777701e-08,9264,3.404876374091873e-08,2604.520633646811,3232.033176268
5539.4974093264245,1.0,3.276366564673504e-07,0.9748128957973518,0.9748128957973518,0.0824617378726799,27792,0.04123103299495058,512,105250,1.0,4.559456611089591e-07,1.0,1.0,0.0005950656555036472,9264,0.00029776080061934106,2610.75108149086,3239.7697301959997
5552.663212435233,1.0,3.128839667492614e-07,0.9867227979274611,0.9867227979274611,0.04262273546327581,27792,0.02131152406943963,512,105500,1.0,2.7339858394398407e-07,1.0,1.0,3.667852144208029e-05,9264,1.847596005552198e-05,2617.0146913599747,3247.5281634580024
5565.829015544042,1.0,2.4939826853401014e-07,0.9912204951065055,0.9912204951065055,0.027095876106532333,27792,0.013548062718594012,512,105750,1.0,2.421244069595377e-07,1.0,1.0,5.372642438005437e-06,9264,2.8073834272930706e-06,2623.2797690548614,3255.290281931011
5578.99481865285,1.0,8.698776724075613e-09,0.9938831318364997,0.9938831318364997,0.019819469049049646,27792,0.0099097387795484,512,106000,1.0,8.904665289914928e-09,1.0,1.0,8.19833495890339e-07,9264,4.1436908108253677e-07,2629.5503197537328,3263.0571459470084
5592.110535405872,1.0,5.447458913302846e-09,0.9961139896373057,0.9961139896373057,0.01337027470819828,27792,0.006685140013488875,512,106250,1.0,5.2372814041825324e-09,1.0,1.0,2.6752597194222845e-07,9264,1.3638162699265827e-07,2635.7895462407323,3270.792361344007
5605.276338514681,1.0,3.345683499451135e-09,0.998272884283247,0.998272884283247,0.006792840641688944,27792,0.003396421982963056,512,106500,1.0,3.29421140835721e-09,1.0,1.0,1.6230425704094044e-07,9264,8.279923442099915e-08,2642.0403967706807,3278.538327688002
5618.442141623489,1.0,2.8867243441163188e-09,0.9991724237190558,0.9991724237190558,0.002589709141812296,27792,0.001294855992821789,512,106750,1.0,2.7537548583775267e-09,1.0,1.0,1.3246333060870148e-07,9264,6.760854289307414e-08,2648.3195333176263,3286.3133104570006
5631.607944732297,1.0,3.6116224146825327e-09,0.9994242947610823,0.9994242947610823,0.0019720657238019358,27792,0.000986034669857054,512,107000,1.0,3.6545158233309197e-09,1.0,1.0,1.4363276592586069e-07,9264,7.364364107132963e-08,2654.579002522587,3294.0685239400045
5644.773747841105,1.0,2.3505571406005264e-09,0.9996401842256765,0.9996401842256765,0.0012791225167994521,27792,0.0006395624336784155,512,107250,1.0,2.020278134000197e-09,1.0,1.0,1.460905567618062e-07,9264,7.405541754646185e-08,2660.831305825559,3301.8159440340096
5657.939550949914,1.0,3.568729057422707e-09,0.9997841105354058,0.9997841105354058,0.0007527502093706216,27792,0.00037637688047135976,512,107500,1.0,3.3971555256062813e-09,1.0,1.0,1.2542452648690988e-07,9264,6.44108412033754e-08,2667.0850208006304,3309.5659958510078
5671.055267702936,1.0,7.849488397593808e-10,0.9997481289579735,0.9997481289579735,0.0008715867343884542,27792,0.00043579375537934167,512,107750,1.0,4.2464445853338293e-10,1.0,1.0,1.3066180852999797e-07,9264,6.554322650998904e-08,2673.344653922599,3317.3206117049995
5684.2210708117445,1.0,4.9627638509912175e-09,0.9998560736902706,0.9998560736902706,0.0006844431923271549,27792,0.0003422240711117665,512,108000,1.0,5.0313932149370035e-09,1.0,1.0,1.2252922319522395e-07,9264,6.378030850037296e-08,2679.6355958818313,3325.108683751998
5697.386873920553,1.0,4.954185141700908e-09,0.9997841105354058,0.9997841105354058,0.0006595013191504686,27792,0.0003297531366680925,512,108250,1.0,4.941317109467841e-09,1.0,1.0,9.764248247941967e-08,9264,5.129190009050322e-08,2685.859771622767,3332.827093298998
5710.552677029361,1.0,3.5472823741908334e-09,0.9998560736902706,0.9998560736902706,0.0004970922629590142,27792,0.0002485479008315487,512,108500,1.0,2.9725111077235513e-09,1.0,1.0,8.833891324220986e-08,9264,4.565571233603533e-08,2692.133688897811,3340.5961878270027
5723.718480138169,1.0,9.560933718883725e-09,0.9997841105354058,0.9997841105354058,0.000930295638759348,27792,0.00046515258697917515,512,108750,1.0,9.753953972281698e-09,1.0,1.0,1.0313712560486669e-07,9264,5.644554042978072e-08,2698.4191216976615,3348.3798097460094
5736.884283246977,1.0,1.1920928241671947e-07,0.9152993667242372,0.9152993667242372,0.3412471907400989,27792,0.1706236549403795,512,109000,1.0,1.19209282433082e-07,0.9775474956822107,0.9775474956822107,0.08881269866320754,9264,0.044406408936248545,2704.7097230506333,3356.1683044240053
5750.0,1.0,2.421931682540275e-07,0.9901770293609672,0.9901770293609672,0.03090441606136733,27792,0.015452328981444557,48,109250,1.0,2.4198299074362885e-07,1.0,1.0,3.435479529625825e-05,9264,1.7298389157736336e-05,2710.9760113275843,3363.931999905006
5763.165803108808,1.0,1.1920928241671947e-07,0.992695739781232,0.992695739781232,0.023227405551527174,27792,0.011613762380408362,512,109500,1.0,1.19209282433082e-07,1.0,1.0,2.4830471700181947e-06,9264,1.3011282301771885e-06,2717.3006539145717,3371.752787204008
5776.331606217616,1.0,3.860404152680586e-10,0.9952144502014968,0.9952144502014968,0.016540313485921904,27792,0.008270156820169041,512,109750,1.0,4.3751247414825867e-10,1.0,1.0,6.430013418799162e-07,9264,3.2171942719237207e-07,2723.5677799476107,3379.5158068989986
5789.4974093264245,1.0,0.0,0.9972654001151411,0.9972654001151411,0.009681805472061784,27792,0.004840902736030892,512,110000,1.0,0.0,1.0,1.0,2.4164839879554505e-07,9264,1.2082419939777253e-07,2729.8955933336256,3387.3400487820036
5802.663212435233,1.0,5.36167243399452e-10,0.9989205526770294,0.9989205526770294,0.004251274494649965,27792,0.00212563747894925,512,110250,1.0,5.661926080542056e-10,1.0,1.0,1.6667937570783485e-07,9264,8.362278418057085e-08,2736.159560052547,3395.1124420130072
5815.829015544042,1.0,5.357382859477908e-09,0.9995682210708118,0.9995682210708118,0.0015063184646502991,27792,0.000753161911016907,512,110500,1.0,5.327357456729147e-09,1.0,1.0,1.4576885796141172e-07,9264,7.55481080542175e-08,2742.432204752724,3402.882264717002
5828.99481865285,1.0,1.1979691469282774e-07,0.9880541162924582,0.9880541162924582,0.04191146613402688,27792,0.020955792671658216,512,110750,1.0,1.199556202256475e-07,1.0,1.0,0.00023989121143409375,9264,0.00012000558353425285,2748.701378795755,3410.6470845990116
5842.110535405872,1.0,1.457345411280222e-07,0.9692717328727691,0.9692717328727691,0.10252632651098445,27792,0.05126323653454745,512,111000,1.0,1.473902262614423e-07,0.9971934369602763,0.9971934369602763,0.00917881241853193,9264,0.004589479974758955,2754.9868414448865,3418.4275329520024
5855.276338514681,1.0,1.2086067052146925e-07,0.9744530800230282,0.9744530800230282,0.08325277834221352,27792,0.04162644878433021,512,111250,1.0,1.2065049302743315e-07,0.9977331606217616,0.9977331606217616,0.008722203707890279,9264,0.0043611620891226425,2761.267751956926,3426.2048267150094
5868.442141623489,1.0,2.3376891042768275e-09,0.985391479562464,0.985391479562464,0.048188456530947076,27792,0.024094229492224284,512,111500,1.0,2.8052269177690556e-09,0.9991364421416234,0.9991364421416234,0.003904800285627046,9264,0.0019524015518862816,2767.5170890657173,3433.948311665008
5881.607944732297,1.0,1.749931567808664e-08,0.9883419689119171,0.9883419689119171,0.0363057334840332,27792,0.018152875252063754,512,111750,1.0,2.753754490220669e-09,0.9996761658031088,0.9996761658031088,0.001355160687831335,9264,0.0006775817207932563,2773.767646363689,3441.693665589002
5894.773747841105,1.0,1.5227132163120614e-09,0.9953943580886586,0.9953943580886586,0.016021262058665442,27792,0.008010631724205523,512,112000,1.0,1.0165730310889094e-09,1.0,1.0,0.00010589656618802563,9264,5.294879136803288e-05,2780.024315557719,3449.4460543780006
5907.939550949914,1.0,5.704817072905399e-10,0.9982369027058147,0.9982369027058147,0.007331649012001479,27792,0.0036658247226123227,512,112250,1.0,3.3456836073415474e-10,1.0,1.0,1.022092813703542e-05,9264,5.110631352710732e-06,2786.272749779644,3457.189367783998
5921.055267702936,1.0,3.0025366188740546e-11,0.9987406447898676,0.9987406447898676,0.005082347261262055,27792,0.002541173641354373,512,112500,1.0,0.0,1.0,1.0,1.8082496361453722e-06,9264,9.041248180726861e-07,2792.52236778762,3464.9349286590004
5934.2210708117445,1.0,0.0,0.9994602763385146,0.9994602763385146,0.0026785285539932336,27792,0.0013392642769966168,512,112750,1.0,0.0,1.0,1.0,5.755089817807975e-07,9264,2.8775449089039876e-07,2798.8085043626925,3472.718043333007
5947.386873920553,1.0,0.0,0.9998200921128382,0.9998200921128382,0.0004290956971410498,27792,0.0002145478485705249,512,113000,1.0,0.0,1.0,1.0,3.137221481913806e-07,9264,1.568610740956903e-07,2805.044063802605,3480.448490677998
5960.552677029361,1.0,0.0,1.0,1.0,7.64516246026787e-06,27792,3.822581230133935e-06,512,113250,1.0,0.0,1.0,1.0,2.226681004569576e-07,9264,1.113340502284788e-07,2811.2943063855055,3488.1939041880105
5973.718480138169,1.0,1.3811668012191026e-09,1.0,1.0,1.5856793048635027e-06,27792,7.935302358952543e-07,512,113500,1.0,1.3254054242537694e-09,1.0,1.0,1.847718108671677e-07,9264,9.304860819824978e-08,2817.541215338395,3495.936033666003
5986.884283246977,1.0,1.9688060733303454e-09,1.0,1.0,4.443946458694037e-07,27792,2.2318172613601494e-07,512,113750,1.0,1.8143899332497667e-09,1.0,1.0,1.6476204787688595e-07,9264,8.328821898521866e-08,2823.7964738351875,3503.687014024006
6000.0,1.0,4.7869009466331234e-09,1.0,1.0,3.242374594204392e-07,27792,1.6451218001377493e-07,48,114000,1.0,4.735428920989306e-09,1.0,1.0,1.415095450467627e-07,9264,7.312248725539169e-08,2830.0396562103415,3511.425279757008
6013.165803108808,1.0,7.137458030987463e-09,1.0,1.0,2.8890380296941214e-07,27792,1.480206309358521e-07,512,114250,1.0,7.0774072796908096e-09,1.0,1.0,1.6169946034308995e-07,9264,8.43884342547126e-08,2836.2918796513113,3519.172587303008
6026.331606217616,1.0,1.5913443525240558e-09,1.0,1.0,2.847000002549225e-07,27792,1.4314567237888864e-07,512,114500,1.0,1.158121225862346e-09,1.0,1.0,1.7753997719601746e-07,9264,8.934904926616343e-08,2842.543737292246,3526.919713310999
6039.4974093264245,1.0,4.568144726944179e-09,1.0,1.0,2.1895621650048247e-07,27792,1.1176218088574034e-07,512,114750,1.0,4.413728624957608e-09,1.0,1.0,1.1815409814694398e-07,9264,6.12839136198838e-08,2848.785620934228,3534.656718995
6052.663212435233,1.0,1.7757858710652704e-09,1.0,1.0,2.0110479076120842e-07,27792,1.0144028840510809e-07,512,115000,1.0,1.3382734153248547e-09,1.0,1.0,1.1013732489671333e-07,9264,5.573779922044654e-08,2855.035286530314,3542.401030014007
6065.829015544042,1.0,1.3254054004769725e-09,1.0,1.0,2.057121644707813e-07,27792,1.0351878500005658e-07,512,115250,1.0,9.136289744323212e-10,1.0,1.0,1.2359726842759818e-07,9264,6.22554487408989e-08,2861.28335545132,3550.1550979370077
6078.99481865285,1.0,9.676745787064557e-09,1.0,1.0,1.8447961684459201e-07,27792,9.707818197237468e-08,512,115500,1.0,9.998446159284272e-09,1.0,1.0,1.0264814025524586e-07,9264,5.6323293896025186e-08,2867.5454089073028,3557.912026614009
6092.110535405872,1.0,6.112306295977199e-09,1.0,1.0,1.8978590562007518e-07,27792,9.794910640185973e-08,512,115750,1.0,6.0093621968803056e-09,1.0,1.0,1.1336719662353178e-07,9264,5.96882797787464e-08,2873.8196942441864,3565.6823162650107
6105.276338514681,1.0,1.497836744215066e-08,1.0,1.0,1.7273583012545411e-07,27792,9.385709967146948e-08,512,116000,1.0,1.5364407955082553e-08,1.0,1.0,1.085674270852717e-07,9264,6.196591840682155e-08,2880.0951659871644,3573.4530012210016
6118.442141623489,1.0,1.71573514328975e-09,1.0,1.0,1.5108761645511008e-07,27792,7.640167588408052e-08,512,116250,1.0,1.183857246354189e-09,1.0,1.0,8.891797076875937e-08,9264,4.5050914067382275e-08,2886.3671230900945,3581.2210446450044
6131.607944732297,1.0,7.862356102576334e-09,1.0,1.0,1.5681387298310106e-07,27792,8.233811506030361e-08,512,116500,1.0,7.849488074689563e-09,1.0,1.0,8.908525574718315e-08,9264,4.846737240219566e-08,2892.6407928919944,3588.991014723011
6144.773747841105,1.0,2.3848718499295197e-09,1.0,1.0,1.5448460168106915e-07,27792,7.8434736883105e-08,512,116750,1.0,1.8529939785604069e-09,1.0,1.0,8.873781856088903e-08,9264,4.5295406349492034e-08,2898.910005493861,3596.7561942600005
6157.939550949914,1.0,6.172356966483874e-09,1.0,1.0,1.5768461290873146e-07,27792,8.192848534871615e-08,512,117000,1.0,5.764869866449955e-09,1.0,1.0,1.0984136050612445e-07,9264,5.7803115603531646e-08,2905.1830011718266,3604.526599830002
6171.055267702936,1.0,3.0025366188740546e-11,1.0,1.0,1.5062434907095522e-07,27792,7.532718721946679e-08,512,117250,1.0,0.0,1.0,1.0,1.0325293695309632e-07,9264,5.162646847654816e-08,2911.456001014827,3612.2977775280015
6184.2210708117445,1.0,1.0122837457288305e-09,1.0,1.0,1.3994819812831544e-07,27792,7.048024098150776e-08,512,117500,1.0,6.305326746236824e-10,1.0,1.0,9.096398670037525e-08,9264,4.579725971396074e-08,2917.6825154388644,3620.0192565629986
6197.386873920553,1.0,1.385456126207177e-09,1.0,1.0,1.3577466320900448e-07,27792,6.858005973714657e-08,512,117750,1.0,9.393650041280857e-10,1.0,1.0,9.277837600852535e-08,9264,4.685887054621038e-08,2923.9361250678194,3627.7690144070075
6210.552677029361,1.0,3.641647788796872e-09,1.0,1.0,1.5463777267093766e-07,27792,7.913971043644417e-08,512,118000,1.0,3.3328154774446474e-09,1.0,1.0,1.1761364147424535e-07,9264,6.047322868446722e-08,2930.1878386776807,3635.516738896011
6223.718480138169,1.0,2.886724343093661e-09,1.0,1.0,1.376962798219101e-07,27792,7.029150224305919e-08,512,118250,1.0,2.560734684746874e-09,1.0,1.0,1.1322564841111749e-07,9264,5.7893191707466825e-08,2936.442062633694,3643.266554286005
6236.884283246977,1.0,0.0,1.0,1.0,1.298596294579014e-07,27792,6.49298147289507e-08,512,118500,1.0,0.0,1.0,1.0,9.75395391460379e-08,9264,4.876976957301895e-08,2942.7040048827475,3651.0246806700015
6250.0,1.0,7.077407562967058e-10,1.0,1.0,1.0196184133580505e-07,27792,5.1334791076219286e-08,48,118750,1.0,4.375124664783241e-10,1.0,1.0,4.263172609787846e-08,9264,2.153461930135323e-08,2948.9731762517767,3658.7899119470094
6263.165803108808,1.0,0.0,1.0,1.0,1.247081797337411e-07,27792,6.235408986687055e-08,512,119000,1.0,0.0,1.0,1.0,1.0064073072437753e-07,9264,5.0320365362188764e-08,2955.2351412057324,3666.547537342005
6276.331606217616,1.0,4.0405562245374315e-09,1.0,1.0,1.1749345946597379e-07,27792,6.076700793320419e-08,512,119250,1.0,3.899008057120095e-09,1.0,1.0,7.873937573649229e-08,9264,4.1319192117700306e-08,2961.482090337813,3674.289353537999
6289.4974093264245,1.0,0.0,1.0,1.0,1.2271783010079233e-07,27792,6.135891501767112e-08,512,119500,1.0,0.0,1.0,1.0,9.573802177974217e-08,9264,4.786901088987108e-08,2967.731842551875,3682.035039718001
6302.663212435233,1.0,1.6899991371151181e-09,1.0,1.0,1.1832981262477418e-07,27792,6.000990572498931e-08,512,119750,1.0,1.3511414363086845e-09,1.0,1.0,7.8880923899819e-08,9264,4.011603272942332e-08,2973.994294234726,3689.793785796006
6315.829015544042,1.0,1.2868014080888805e-11,1.0,1.0,1.1557613507115555e-07,27792,5.779450154300171e-08,512,120000,1.0,0.0,1.0,1.0,8.155747098817851e-08,9264,4.0778735494089256e-08,2980.265487499826,3697.560769486008
6328.99481865285,1.0,5.408854932163991e-09,1.0,1.0,1.1404057893141945e-07,27792,5.97247171220061e-08,512,120250,1.0,5.23728145250312e-09,1.0,1.0,8.263838423540061e-08,9264,4.393783313924435e-08,2986.5278350726876,3705.3291966899997
6342.110535405872,1.0,2.573602816177761e-11,1.0,1.0,1.1484683525072344e-07,27792,5.74362856402096e-08,512,120500,1.0,0.0,1.0,1.0,8.202071952270226e-08,9264,4.101035976135113e-08,2992.788098609817,3713.08586785401
6355.276338514681,1.0,2.9768004470288368e-09,1.0,1.0,1.187888114837808e-07,27792,6.088280573326146e-08,512,120750,1.0,2.71515083837767e-09,1.0,1.0,9.581522751262556e-08,9264,4.926518932276436e-08,2999.0656291148043,3720.859489784998
6368.442141623489,1.0,2.316242516663471e-10,1.0,1.0,1.2119940127258716e-07,27792,6.071551276992452e-08,512,121000,1.0,7.720808371833938e-11,1.0,1.0,9.348611996676406e-08,9264,4.678166402792568e-08,3005.304645459997,3728.594940615003
6381.607944732297,1.0,8.93031933071028e-07,0.9993163500287853,0.9993163500287853,0.003397108745698484,27792,0.0016990008865304562,512,121250,1.0,5.789100623509188e-07,1.0,1.0,0.0002434792552812472,9264,0.00012202908398361559,3011.5676185329503,3736.3546620490088
6394.773747841105,1.0,1.60090945364358e-07,0.9996761658031088,0.9996761658031088,0.0010697836073509015,27792,0.0005349718448724737,512,121500,1.0,1.6364251173548906e-07,1.0,1.0,1.0613859039996726e-05,9264,5.3887507924086224e-06,3017.829417237008,3744.1102849040035
6407.939550949914,1.0,2.552155989773776e-09,0.9999280368451353,0.9999280368451353,0.0004875696619820315,27792,0.0002437861049244857,512,121750,1.0,2.71515083837767e-09,1.0,1.0,1.5854367404797764e-06,9264,7.940759458063397e-07,3024.0775851210637,3751.85315344001
6421.055267702936,1.0,2.050303489451029e-09,0.9999280368451353,0.9999280368451353,0.00029395810964720503,27792,0.00014698007568611377,512,122000,1.0,2.1746943129417777e-09,1.0,1.0,4.1337192283326235e-07,9264,2.0777330867127723e-07,3030.311658551029,3759.5835504210118
6434.2210708117445,1.0,1.6170803668799512e-09,0.9992803684513529,0.9992803684513529,0.00221501106571108,27792,0.0011075063435404754,512,122250,1.0,1.698577812657715e-09,1.0,1.0,3.2398742157161644e-05,9264,1.6200220367560785e-05,3036.4930661851395,3767.2572900610103
6447.386873920553,1.0,1.3554307387982841e-09,0.9996401842256765,0.9996401842256765,0.0010971020605971648,27792,0.0005485517123033693,512,122500,1.0,1.5055575776675859e-09,1.0,1.0,3.485084453885989e-06,9264,1.7432950058115955e-06,3042.777138581121,3775.0369778780005
6460.552677029361,1.0,9.393650036167567e-10,0.9998560736902706,0.9998560736902706,0.0005476489277351723,27792,0.00027382493140545893,512,122750,1.0,9.522330128400203e-10,1.0,1.0,7.984082924021832e-07,9264,3.9968026275046324e-07,3049.0538027099974,3782.8108815050073
6473.718480138169,1.0,1.2010146084329556e-09,0.9999640184225677,0.9999640184225677,0.00022355244085326052,27792,0.00011177682307865896,512,123000,1.0,1.2610653323735087e-09,1.0,1.0,2.7249302567351104e-07,9264,1.3687704556430173e-07,3055.29286647719,3790.5451842430048
6486.884283246977,1.0,7.720808310474462e-10,1.0,1.0,6.792299658314485e-06,27792,3.396535869602679e-06,512,123250,1.0,5.790606267370552e-10,1.0,1.0,1.892112697064767e-07,9264,9.48951651873157e-08,3061.5067198581964,3798.252318233004
6500.0,1.0,2.2004303180937517e-09,1.0,1.0,2.4033554103368223e-07,27792,1.2126798578633507e-07,48,123500,1.0,2.12322224051136e-09,1.0,1.0,1.7101590309295672e-07,9264,8.656956272234107e-08,3067.7032234243234,3805.9412976890017
6513.165803108808,1.0,3.7102771887913512e-09,1.0,1.0,2.237361153859318e-07,27792,1.1372319650020226e-07,512,123750,1.0,3.5773077342436263e-09,1.0,1.0,1.629733938130303e-07,9264,8.327535097037079e-08,3073.9291515252407,3813.660837486008
6526.331606217616,1.0,4.306495184765779e-09,1.0,1.0,2.2598374893556206e-07,27792,1.1514512228565999e-07,512,124000,1.0,4.066292249375571e-09,1.0,1.0,1.7046257678552002e-07,9264,8.726443478781299e-08,3080.1587120702316,3821.3835153399996
6539.4974093264245,1.0,2.31195310065884e-09,1.0,1.0,1.994841501354794e-07,27792,1.008980517349078e-07,512,124250,1.0,1.801521893858094e-09,1.0,1.0,1.3965655090866764e-07,9264,7.072903649368558e-08,3086.4237864701718,3829.142725814003
6552.663212435233,1.0,4.418017947389038e-09,1.0,1.0,2.2914880882376212e-07,27792,1.1678341362743417e-07,512,124500,1.0,3.757459942113978e-09,1.0,1.0,1.6976770408190954e-07,9264,8.676258220874558e-08,3092.696145528127,3836.9109919269977
6565.829015544042,1.0,5.44745915874075e-10,1.0,1.0,2.0839294042152356e-07,27792,1.0446884319170863e-07,512,124750,1.0,3.9890842653663805e-10,1.0,1.0,1.4443058441723197e-07,9264,7.241474643875817e-08,3098.959649657045,3844.6721054759983
6578.99481865285,1.0,1.1858732836573849e-07,0.9990644789867588,0.9990644789867588,0.0026755030033707825,27792,0.0013378107696171114,512,125000,1.0,1.1860448573523153e-07,1.0,1.0,5.8327773427076005e-05,9264,2.9223188959964468e-05,3105.2197934319993,3852.427923162002
6592.110535405872,1.0,1.2567760058514476e-09,0.9995682210708118,0.9995682210708118,0.0012334171292802591,27792,0.0006167091908835187,512,125250,1.0,1.2095932959917834e-09,1.0,1.0,4.387312560028192e-06,9264,2.1942610767119466e-06,3111.4950285371015,3860.2101217440068
6605.276338514681,1.0,5.104312165159968e-10,0.9997841105354058,0.9997841105354058,0.0007185022218732477,27792,0.00035925135542890597,512,125500,1.0,3.7317240374381465e-10,1.0,1.0,8.681653265101696e-07,9264,4.342692494703791e-07,3117.7655356940377,3867.9777198250085
6618.442141623489,1.0,7.077407550183835e-10,0.9999280368451353,0.9999280368451353,0.00027104155606845964,27792,0.00013552112975996898,512,125750,1.0,7.463447982837078e-10,1.0,1.0,2.5316526717564157e-07,9264,1.2695580601840936e-07,3124.0095174169255,3875.7181104170013
6631.607944732297,1.0,1.5698976557419644e-09,0.9999640184225677,0.9999640184225677,9.99491003899302e-05,27792,4.997533299920168e-05,512,126000,1.0,1.3382734321987107e-09,1.0,1.0,1.9534930493490356e-07,9264,9.834378923954166e-08,3130.289198858838,3883.494560642008
6644.773747841105,1.0,5.747712856421184e-10,1.0,1.0,3.268890238098468e-07,27792,1.6373189756985946e-07,512,126250,1.0,3.7317240374381465e-10,1.0,1.0,1.4480375684782055e-07,9264,7.258846463920458e-08,3136.5921107109025,3891.2955518119998
6657.939550949914,1.0,2.393450515245537e-09,1.0,1.0,2.8766447873121915e-07,27792,1.4502896474646263e-07,512,126500,1.0,1.8529939417447212e-09,1.0,1.0,1.9866925590726238e-07,9264,1.0026112502267872e-07,3142.86194969769,3899.0615913520014
6671.055267702936,1.0,1.0200045026865365e-08,1.0,1.0,2.4142047920075035e-07,27792,1.2581026288386928e-07,512,126750,1.0,9.059081273273179e-09,1.0,1.0,1.6584295798250286e-07,9264,8.745102021770598e-08,3149.070928290632,3906.764556426002
6684.2210708117445,1.0,0.0,1.0,1.0,1.8477069396107345e-07,27792,9.238534698053672e-08,512,127000,1.0,0.0,1.0,1.0,1.2686574414987268e-07,9264,6.343287207493634e-08,3155.2723120267474,3914.4582920640096
6697.386873920553,1.0,0.0,1.0,1.0,1.9906791729338874e-07,27792,9.953395864669437e-08,512,127250,1.0,0.0,1.0,1.0,1.2129389376982725e-07,9264,6.064694686036984e-08,3161.4652855487075,3922.143532975999
6710.552677029361,1.0,1.6299484425759808e-10,1.0,1.0,2.5336579184230124e-07,27792,1.2676439334852055e-07,512,127500,1.0,5.147205632355522e-11,1.0,1.0,1.4778913629252925e-07,9264,7.392030417596038e-08,3167.689136996778,3929.8628763200104
6723.718480138169,1.0,0.0,1.0,1.0,1.6137771634939588e-07,27792,8.068885817469794e-08,512,127750,1.0,0.0,1.0,1.0,1.1377897309866401e-07,9264,5.6889486549332005e-08,3173.9593770297943,3937.6287715930084
6736.884283246977,1.0,7.720808397400386e-11,1.0,1.0,1.8112983757453022e-07,27792,9.060352283180876e-08,512,128000,1.0,5.147205632355522e-11,1.0,1.0,1.3176845780691583e-07,9264,6.590996493315367e-08,3180.201466565879,3945.3658640180074
6750.0,1.0,0.0,1.0,1.0,1.8897482523510562e-07,27792,9.448741261755281e-08,48,128250,1.0,0.0,1.0,1.0,1.407117265553914e-07,9264,7.03558632776957e-08,3186.4527778308693,3953.114094732009
6763.165803108808,1.0,0.0,1.0,1.0,1.7926828360950104e-07,27792,8.963414180475052e-08,512,128500,1.0,0.0,1.0,1.0,1.3571893836521568e-07,9264,6.785946918260784e-08,3192.7125738358154,3960.8710342620034
6776.331606217616,1.0,4.6324849898639797e-10,1.0,1.0,1.6433636924247322e-07,27792,8.23998088884985e-08,512,128750,1.0,2.83096305177593e-10,1.0,1.0,1.1573491130645454e-07,9264,5.8009003841097765e-08,3198.966003004767,3968.621116474009
6789.4974093264245,1.0,0.0,1.0,1.0,1.7793401456473358e-07,27792,8.896700728236679e-08,512,129000,1.0,0.0,1.0,1.0,1.3373726093703662e-07,9264,6.686863046851831e-08,3205.227824230664,3976.380406659009
6802.663212435233,1.0,0.0,1.0,1.0,1.5069692852839963e-07,27792,7.534846426419982e-08,512,129250,1.0,0.0,1.0,1.0,1.0749938180380988e-07,9264,5.374969090190494e-08,3211.4926823236747,3984.142213289
6815.829015544042,1.0,5.022814456047785e-09,1.0,1.0,1.525776813663303e-07,27792,7.88002482476435e-08,512,129500,1.0,4.632484754652654e-09,1.0,1.0,1.0222349576526574e-07,9264,5.342799055525168e-08,3217.760579972586,3991.90798987
6828.99481865285,1.0,6.519793645028325e-10,1.0,1.0,1.5457029092606068e-07,27792,7.761113520523507e-08,512,129750,1.0,5.147205547986242e-10,1.0,1.0,1.1536173892495353e-07,9264,5.793822973489062e-08,3224.0138229864824,3999.6582308330107
6842.110535405872,1.0,0.0,1.0,1.0,1.4622668614706033e-07,27792,7.311334307353016e-08,512,130000,1.0,0.0,1.0,1.0,1.0215915569102633e-07,9264,5.1079577845513164e-08,3230.271779612536,4007.41273309401
6855.276338514681,1.0,0.0,1.0,1.0,1.3549431879759507e-07,27792,6.774715939879754e-08,512,130250,1.0,0.0,1.0,1.0,8.827457081176656e-08,9264,4.413728540588328e-08,3236.519501781542,4015.1693384210084
6868.442141623489,1.0,3.408779741224366e-07,0.9995322394933794,0.9995322394933794,0.001236280901695317,27792,0.0006183108812703112,512,130500,1.0,3.407836085493185e-07,1.0,1.0,4.5564684196333486e-05,9264,2.2952733929341397e-05,3242.8189114564884,4022.966306326998
6881.607944732297,1.0,3.2598967220380206e-09,0.9998200921128382,0.9998200921128382,0.0005338032076871972,27792,0.00026690323166423204,512,130750,1.0,3.1140592242636555e-09,1.0,1.0,6.017124209886165e-06,9264,3.0101191347396757e-06,3249.105907442514,4030.7489116590004
6894.773747841105,1.0,3.654515823075255e-09,0.999892055267703,0.999892055267703,0.0001699602519472708,27792,8.49819532317438e-05,512,131000,1.0,3.3456835160693266e-09,1.0,1.0,8.273479999061143e-07,9264,4.1534684188328183e-07,3255.378584135309,4038.517399553006
6907.939550949914,1.0,3.2255820364858244e-09,1.0,1.0,2.4966429552483835e-05,27792,1.2484827567436186e-05,512,131250,1.0,2.9081711071155117e-09,1.0,1.0,2.31199584876288e-07,9264,1.1705387811595469e-07,3261.6220750051434,4046.2564493640093
6921.055267702936,1.0,3.2384500270455806e-09,1.0,1.0,7.493818043114226e-07,27792,3.763101273574031e-07,512,131500,1.0,2.8438310328761003e-09,1.0,1.0,1.4713286282287946e-07,9264,7.498834705213072e-08,3267.883035290084,4054.0143615760026
6934.2210708117445,1.0,4.889845052121628e-09,1.0,1.0,1.6197789783287563e-07,27792,8.343387173753544e-08,512,131750,1.0,4.4008605840319485e-09,1.0,1.0,1.1236349141630938e-07,9264,5.838217627168635e-08,3274.149708978148,4061.776626649007
6947.386873920553,1.0,1.32969478324522e-10,1.0,1.0,1.4850080794447843e-07,27792,7.431688874834499e-08,512,132000,1.0,2.573602816177761e-11,1.0,1.0,1.016830390925671e-07,9264,5.085438758567523e-08,3280.415023209236,4069.541183516005
6960.552677029361,1.0,0.0,1.0,1.0,1.584738465057772e-07,27792,7.92369232528886e-08,512,132250,1.0,0.0,1.0,1.0,1.233013040370093e-07,9264,6.165065204304845e-08,3286.7053488082747,4077.329358300005
6973.718480138169,1.0,0.0,1.0,1.0,3.631741749514979e-07,27792,1.8158708750847398e-07,512,132500,1.0,0.0,1.0,1.0,1.1845006243935769e-07,9264,5.9225031244222637e-08,3293.001191740419,4085.1214622560074
6986.884283246977,1.0,0.0,1.0,1.0,1.42066962640455e-07,27792,7.103348135295255e-08,512,132750,1.0,0.0,1.0,1.0,1.0397354578457773e-07,9264,5.1986772867745074e-08,3299.306690673475,4092.9258532520034
7000.0,1.0,0.0,1.0,1.0,1.5112980350037005e-07,27792,7.556490175018503e-08,48,133000,1.0,0.0,1.0,1.0,1.1285247602961648e-07,9264,5.642623801480824e-08,3305.6034809715056,4100.72128060901
7013.165803108808,1.0,0.0,1.0,1.0,1.6417433990772766e-07,27792,8.208716995386383e-08,512,133250,1.0,0.0,1.0,1.0,1.3857563451984035e-07,9264,6.928781725992018e-08,3311.903081965429,4108.518728620009
7026.331606217616,1.0,2.1164880461156122e-07,0.9967256764536557,0.9967256764536557,0.015713562499399356,27792,0.007856886990467021,512,133500,1.0,2.119747942555908e-07,0.9994602763385146,0.9994602763385146,0.007216349919688517,9264,0.0036082808700404635,3318.1864680572908,4116.299872930002
7039.4974093264245,1.0,2.3830702842446815e-07,0.9997841105354058,0.9997841105354058,0.0010395301519327453,27792,0.0005198842316391949,512,133750,1.0,2.3822553040804726e-07,1.0,1.0,1.0041192116453884e-05,9264,5.139708837666364e-06,3324.4385253333166,4124.046216308998
7052.663212435233,1.0,1.7843645558117888e-09,0.9998200921128382,0.9998200921128382,0.0004993036772576458,27792,0.0002496527265218474,512,134000,1.0,1.6857097855379376e-09,1.0,1.0,1.9722342805649716e-06,9264,9.86959995255022e-07,3330.6524934753834,4131.752105809006
7065.829015544042,1.0,1.9173340198190995e-09,0.999892055267703,0.999892055267703,0.00018384600048128083,27792,9.192395890774659e-05,512,134250,1.0,1.8401259391687342e-09,1.0,1.0,4.569430177702362e-07,9264,2.2939157194674167e-07,3336.8562365322578,4139.4480654049985
7078.99481865285,1.0,1.4712428918597254e-09,0.9999640184225677,0.9999640184225677,5.638963559943827e-05,27792,2.8195553421234607e-05,512,134500,1.0,1.5956336693308665e-09,1.0,1.0,2.177396507702187e-07,9264,1.0966764230567806e-07,3343.0611435711908,4147.145859787008
7092.110535405872,1.0,1.3382734089332425e-09,1.0,1.0,8.080772217880017e-06,27792,4.041055245712099e-06,512,134750,1.0,1.3511414485805798e-09,1.0,1.0,1.7024381267909305e-07,9264,8.579747716814793e-08,3349.29882873311,4154.878062065007
7105.276338514681,1.0,2.457790577213053e-09,1.0,1.0,2.3761886622226316e-07,27792,1.2003832852910432e-07,512,135000,1.0,2.239034361870405e-09,1.0,1.0,1.1996848824049537e-07,9264,6.110376138746966e-08,3355.525463770071,4162.599286843004
7118.442141623489,1.0,2.788069572564145e-09,0.992084052964882,0.992084052964882,0.03055205764479519,27792,0.015276030246457906,512,135250,1.0,2.7408868182188605e-09,0.996653713298791,0.996653713298791,0.016340690988255906,9264,0.008170346851703519,3361.7450581199373,4170.322351837007
7131.607944732297,1.0,8.902949826015295e-08,0.9961139896373057,0.9961139896373057,0.014682180018721295,27792,0.007341134567274811,512,135500,1.0,8.851906702088281e-08,0.9988126079447323,0.9988126079447323,0.004034649726286504,9264,0.002017369084076277,3367.9530840220978,4178.022361185998
7144.773747841105,1.0,2.1446689853583743e-10,0.999496257915947,0.999496257915947,0.002008819715621215,27792,0.0010044099521760495,512,135750,1.0,2.0588822452722743e-10,1.0,1.0,3.517728522785864e-05,9264,1.75887455580481e-05,3374.1674567030714,4185.729022241998
7157.939550949914,1.0,8.57867605392587e-12,0.9997121473805411,0.9997121473805411,0.001038266302965191,27792,0.0005191331557719338,512,136000,1.0,0.0,1.0,1.0,5.9484408256342064e-06,9264,2.9742204128171032e-06,3380.4221279620106,4193.477441739
7171.055267702936,1.0,3.431470421570348e-11,0.9998560736902706,0.9998560736902706,0.0006502977247899757,27792,0.00032514887740767184,512,136250,1.0,2.573602816177761e-11,1.0,1.0,6.325785074647569e-07,9264,3.163021217472263e-07,3386.6835766879813,4201.238248663998
7184.2210708117445,1.0,1.3725881635148495e-10,0.9999280368451353,0.9999280368451353,0.0003718409689303849,27792,0.00018592054880526668,512,136500,1.0,6.434007040444402e-11,1.0,1.0,3.0732674167037795e-07,9264,1.536955408723087e-07,3392.9228681191016,4208.974129046008
7197.386873920553,1.0,5.104312160046678e-10,1.0,1.0,3.1414587007045735e-06,27792,1.570984565980103e-06,512,136750,1.0,5.27588568879513e-10,1.0,1.0,2.3584494766118905e-07,9264,1.181862681349761e-07,3399.187506294984,4216.734402258007
7210.552677029361,1.0,1.6042123712069053e-09,1.0,1.0,2.1860171633122584e-07,27792,1.1010296442446424e-07,512,137000,1.0,1.531293631907141e-09,1.0,1.0,1.8203092056296359e-07,9264,9.178110716493079e-08,3405.45511091793,4224.4973574930045
7223.718480138169,1.0,2.5950493907522286e-09,1.0,1.0,2.0219080054289603e-07,27792,1.0239292513466786e-07,512,137250,1.0,2.547866656860103e-09,1.0,1.0,1.71492016402548e-07,9264,8.701994167121435e-08,3411.695198268004,4232.231490860999
7236.884283246977,1.0,7.034514169914206e-10,1.0,1.0,1.4454210246744744e-07,27792,7.262277697289917e-08,512,137500,1.0,4.761165125559578e-10,1.0,1.0,1.225806952055279e-07,9264,6.152840587744977e-08,3417.894285282906,4239.923319848007
7250.0,1.0,3.7317240195416323e-10,1.0,1.0,1.7535241463915241e-07,27792,8.786279353487051e-08,48,137750,1.0,2.8309630594458646e-10,1.0,1.0,1.4394159985301245e-07,9264,7.211234808983292e-08,3424.0923128889845,4247.614001104012
7263.165803108808,1.0,1.282512027621613e-09,1.0,1.0,1.456530400354462e-07,27792,7.346777612370097e-08,512,138000,1.0,1.2610653385094563e-09,1.0,1.0,1.2371308056122912e-07,9264,6.248707300816079e-08,3430.2964818997425,4255.311547164005
7276.331606217616,1.0,1.7157352031152395e-10,1.0,1.0,1.8008355371768875e-07,27792,9.012756362449692e-08,512,138250,1.0,1.4154815488977686e-10,1.0,1.0,1.5128923633115323e-07,9264,7.571539224723996e-08,3436.5610721025587,4263.0716353590105
7289.4974093264245,1.0,5.610453768042687e-09,1.0,1.0,1.9882795887116538e-07,27792,1.0221920667242103e-07,512,138500,1.0,5.443169541272506e-09,1.0,1.0,1.7024382053310603e-07,9264,8.784349540688011e-08,3442.802009255567,4270.808243259002
7302.663212435233,1.0,4.289338026962935e-12,1.0,1.0,1.5071445973254745e-07,27792,7.535937453541503e-08,512,138750,1.0,0.0,1.0,1.0,1.284613779910101e-07,9264,6.423068899550505e-08,3449.0458082144323,4278.547341516009
7315.829015544042,1.0,0.0,1.0,1.0,1.712389423677179e-07,27792,8.561947118385895e-08,512,139000,1.0,0.0,1.0,1.0,1.426547983682242e-07,9264,7.13273991841121e-08,3455.286667419292,4286.282891150011
7328.99481865285,1.0,0.0,1.0,1.0,1.8074839853349167e-07,27792,9.037419926674584e-08,512,139250,1.0,0.0,1.0,1.0,1.5713131350128916e-07,9264,7.856565675064458e-08,3461.538406427251,4294.030245565009
7342.110535405872,1.0,0.0,1.0,1.0,1.4486809165332626e-07,27792,7.243404582666313e-08,512,139500,1.0,0.0,1.0,1.0,1.1763937755302869e-07,9264,5.881968875197055e-08,3467.7914866733336,4301.779273827007
7355.276338514681,1.0,1.1280958650425596e-09,1.0,1.0,1.4649375138604293e-07,27792,7.381092370991202e-08,512,139750,1.0,1.0551771247201373e-09,1.0,1.0,1.2209171064130838e-07,9264,6.157344395396115e-08,3474.0446766593814,4309.527784356003
7368.442141623489,1.0,0.0,1.0,1.0,1.3101353325469673e-07,27792,6.550676662734837e-08,512,140000,1.0,0.0,1.0,1.0,1.0484857074514614e-07,9264,5.242428537257307e-08,3480.287629678467,4317.265165751
7381.607944732297,1.0,0.0,1.0,1.0,1.5726856443959523e-07,27792,7.863428221979762e-08,512,140250,1.0,0.0,1.0,1.0,1.3593769461762968e-07,9264,6.796884730881484e-08,3486.539179659536,4325.024031599998
7394.773747841105,1.0,0.0,1.0,1.0,1.3439781795263446e-07,27792,6.719890900904228e-08,512,140500,1.0,0.0,1.0,1.0,1.0963547231764593e-07,9264,5.481773613427917e-08,3492.801217313492,4332.783700465006
7407.939550949914,1.0,0.0,1.0,1.0,1.2734614948120105e-07,27792,6.367307477332558e-08,512,140750,1.0,0.0,1.0,1.0,1.018245873049814e-07,9264,5.09122936524907e-08,3499.066716409463,4340.545267189009
7421.055267702936,1.0,0.0,1.0,1.0,1.0957113216159387e-07,27792,5.4785566113521995e-08,512,141000,1.0,0.0,1.0,1.0,8.521198563417448e-08,9264,4.260599281708724e-08,3505.3005777253566,4348.273350854011
7434.2210708117445,1.0,0.0,1.0,1.0,1.2555320398465932e-07,27792,6.277660202505471e-08,512,141250,1.0,0.0,1.0,1.0,1.0483570273029826e-07,9264,5.241785138969292e-08,3511.5608600852865,4356.027844876007
7447.386873920553,1.0,0.0,1.0,1.0,1.2478970340660435e-07,27792,6.239485170330218e-08,512,141500,1.0,0.0,1.0,1.0,1.0466841853727579e-07,9264,5.2334209268637897e-08,3517.815326473312,4363.777804824
7460.552677029361,1.0,4.366545876748271e-09,1.0,1.0,1.3116794884382033e-07,27792,6.776724764049258e-08,512,141750,1.0,4.696824778270497e-09,1.0,1.0,1.1411354148470895e-07,9264,5.9405183452092987e-08,3524.0995200001053,4371.559864898998
7473.718480138169,1.0,0.0,1.0,1.0,1.189390465127014e-07,27792,5.94695232563507e-08,512,142000,1.0,0.0,1.0,1.0,1.0011314133021305e-07,9264,5.005657066510653e-08,3530.3852972700115,4379.344690751008
7486.884283246977,1.0,9.404715048823459e-07,0.9951784686240644,0.9951784686240644,0.01600908722876473,27792,0.008005013809500238,512,142250,1.0,9.404457685908497e-07,0.9990284974093264,0.9990284974093264,0.004330477552626778,9264,0.0021657089478399004,3536.658054063111,4387.115578531011
7500.0,1.0,2.405117476472376e-07,0.9965097869890616,0.9965097869890616,0.012414760844193283,27792,0.006207500697554839,48,142500,1.0,2.4061898116975335e-07,0.9992443868739206,0.9992443868739206,0.003221097669688042,9264,0.0016106691379650995,3542.9045044502855,4394.856510218
7513.165803108808,1.0,5.104312190726416e-10,0.999892055267703,0.999892055267703,0.0006329381955593446,27792,0.0003164693551399693,512,142750,1.0,6.305326845945973e-10,1.0,1.0,8.294233775939728e-06,9264,4.147432154333637e-06,3549.1613185883034,4402.608579952008
7526.331606217616,1.0,0.0,0.999892055267703,0.999892055267703,0.0005039059739719667,27792,0.00025195298698598334,512,143000,1.0,0.0,1.0,1.0,1.317206224107842e-06,9264,6.586031124466217e-07,3555.4223884313687,4410.365468425007
7539.4974093264245,1.0,0.0,0.999892055267703,0.999892055267703,0.00048601914476021865,27792,0.00024300957238010932,512,143250,1.0,0.0,1.0,1.0,2.332584608705636e-07,9264,1.166292304352818e-07,3561.6180621213716,4418.0551908780035
7552.663212435233,1.0,0.0,0.9999640184225677,0.9999640184225677,4.551686436921179e-05,27792,2.2758432184605894e-05,512,143500,1.0,0.0,1.0,1.0,1.3840835346842308e-07,9264,6.920417673421154e-08,3567.8150256124645,4425.746187197001
7565.829015544042,1.0,0.0,1.0,1.0,1.512977728251238e-07,27792,7.56488864125619e-08,512,143750,1.0,0.0,1.0,1.0,9.890354871991342e-08,9264,4.945177435995671e-08,3574.0712968013977,4433.498456233006
7578.99481865285,1.0,2.9167498302117027e-10,1.0,1.0,1.5599891559552973e-07,27792,7.81452952993742e-08,512,144000,1.0,2.702282933976845e-10,1.0,1.0,1.3591195858793392e-07,9264,6.809109344986972e-08,3580.347067558454,4441.270769761002
7592.110535405872,1.0,2.427765196962766e-09,1.0,1.0,1.5512818568376586e-07,27792,7.87779755758665e-08,512,144250,1.0,2.3419784676145743e-09,1.0,1.0,1.3726310014696156e-07,9264,6.980253942463807e-08,3586.60163952141,4449.022137763008
7605.276338514681,1.0,2.522130642248543e-09,1.0,1.0,1.3772205616887244e-07,27792,7.012209353952869e-08,512,144500,1.0,2.2519023744173067e-09,1.0,1.0,1.1601800768219553e-07,9264,5.913495511574367e-08,3592.8123838323663,4456.728422828004
7618.442141623489,1.0,0.0,1.0,1.0,1.2578911759020384e-07,27792,6.289455879510192e-08,512,144750,1.0,0.0,1.0,1.0,1.050801950614956e-07,9264,5.25400975307478e-08,3599.053019850442,4464.464856669001
7631.607944732297,1.0,0.0,1.0,1.0,1.2720460079427347e-07,27792,6.360230039713674e-08,512,145000,1.0,0.0,1.0,1.0,1.07988366417117e-07,9264,5.39941832085585e-08,3605.2931779884966,4472.2003122239985
7644.773747841105,1.0,0.0,1.0,1.0,1.193250871544882e-07,27792,5.96625435772441e-08,512,145250,1.0,0.0,1.0,1.0,9.626560646149886e-08,9264,4.813280323074943e-08,3611.5422461315466,4479.957091958
7657.939550949914,1.0,0.0,1.0,1.0,1.1932508748173873e-07,27792,5.966254374086936e-08,512,145500,1.0,0.0,1.0,1.0,1.0219775973556997e-07,9264,5.109887986778499e-08,3617.819249475433,4487.73125593501
7671.055267702936,1.0,0.0,1.0,1.0,1.0662864616516157e-07,27792,5.3314323082580786e-08,512,145750,1.0,0.0,1.0,1.0,8.734807688432423e-08,9264,4.3674038442162114e-08,3624.0877432203997,4495.496773979001
7684.2210708117445,1.0,0.0,1.0,1.0,1.2458810503092172e-07,27792,6.229405251546086e-08,512,146000,1.0,0.0,1.0,1.0,1.1223481131691815e-07,9264,5.611740565845907e-08,3630.374256287425,4503.279066949006
7697.386873920553,1.0,1.0371618523400092e-08,1.0,1.0,1.1070780687194025e-07,27792,6.053971341966667e-08,512,146250,1.0,1.0127126304695121e-08,1.0,1.0,9.38335516552491e-08,9264,5.198033967026622e-08,3636.6349016374297,4511.033902776006
7710.552677029361,1.0,0.0,1.0,1.0,1.0809131051953753e-07,27792,5.4045655259768765e-08,512,146500,1.0,0.0,1.0,1.0,9.253388451181688e-08,9264,4.626694225590844e-08,3642.9109466902883,4518.806298210999
7723.718480138169,1.0,0.0,1.0,1.0,1.0324006892188591e-07,27792,5.1620034460942955e-08,512,146750,1.0,0.0,1.0,1.0,8.595832970995035e-08,9264,4.2979164854975175e-08,3649.186351782293,4526.576615761005
7736.884283246977,1.0,8.664462661066438e-10,1.0,1.0,1.0370331745640967e-07,27792,5.228488189475021e-08,512,147000,1.0,5.661926072872122e-10,1.0,1.0,8.764404122582551e-08,9264,4.410511693956617e-08,3655.4380124664167,4534.3229862849985
7750.0,1.0,4.289338026962935e-12,1.0,1.0,1.0372905348610544e-07,27792,5.1866671412194034e-08,48,147250,1.0,0.0,1.0,1.0,8.858340395351703e-08,9264,4.4291701976758516e-08,3661.7017895655154,4542.080980009006
7763.165803108808,1.0,0.0,1.0,1.0,1.0656430609092217e-07,27792,5.3282153045461085e-08,512,147500,1.0,0.0,1.0,1.0,9.416811925589275e-08,9264,4.7084059603402583e-08,3667.982016135531,4549.855786054002
7776.331606217616,1.0,0.0,1.0,1.0,1.0228783608494305e-07,27792,5.114391804247153e-08,512,147750,1.0,0.0,1.0,1.0,8.761830519612976e-08,9264,4.380915259806488e-08,3674.2436481965415,4557.612238529007
7789.4974093264245,1.0,3.7917745959637774e-09,1.0,1.0,8.58982779104293e-08,27792,4.484502647613597e-08,512,148000,1.0,3.397155499528504e-09,1.0,1.0,6.563973662134816e-08,9264,3.4518446270594537e-08,3680.4928958794626,4565.35677359601
7802.663212435233,1.0,0.0,1.0,1.0,1.0486572839280213e-07,27792,5.2432864196401066e-08,512,148250,1.0,0.0,1.0,1.0,9.474718542185653e-08,9264,4.7373592710928266e-08,3686.7472764953127,4573.1055671330105
7815.829015544042,1.0,0.0,1.0,1.0,1.0217631328959475e-07,27792,5.1088156644797376e-08,512,148500,1.0,0.0,1.0,1.0,8.998601992814008e-08,9264,4.499300996407004e-08,3693.0066995312663,4580.859607177001
7828.99481865285,1.0,0.0,1.0,1.0,1.0519171862588269e-07,27792,5.2595859312941346e-08,512,148750,1.0,0.0,1.0,1.0,9.782264097050038e-08,9264,4.891132048525019e-08,3699.2701846851705,4588.6177617130015
7842.110535405872,1.0,1.32969478835851e-10,1.0,1.0,1.037076075800936e-07,27792,5.1920288533427525e-08,512,149000,1.0,9.007609856622163e-11,1.0,1.0,9.375634827856959e-08,9264,4.692321219125238e-08,3705.526658756018,4596.368695690006
7855.276338514681,1.0,0.0,1.0,1.0,9.629992350760123e-08,27792,4.8149961753800615e-08,512,149250,1.0,0.0,1.0,1.0,8.248396805722602e-08,9264,4.124198402861301e-08,3711.7820283089823,4604.1190229620115
7868.442141623489,1.0,0.0,1.0,1.0,1.0088093365184213e-07,27792,5.0440466825921065e-08,512,149500,1.0,0.0,1.0,1.0,8.970292360148668e-08,9264,4.485146180074334e-08,3718.0189421990653,4611.849795076007
7881.607944732297,1.0,0.0,1.0,1.0,8.015485552079378e-08,27792,4.007742776039689e-08,512,149750,1.0,0.0,1.0,1.0,5.69666946384193e-08,9264,2.848334731920965e-08,3724.264323289972,4619.588450585012
7894.773747841105,1.0,3.5858863931680316e-09,1.0,1.0,9.954266141666454e-08,27792,5.156427411047053e-08,512,150000,1.0,3.538703687398999e-09,1.0,1.0,8.73609456845734e-08,9264,4.544982488387051e-08,3730.5223492718796,4627.341050944
7907.939550949914,1.0,7.291874620270541e-11,1.0,1.0,9.342177621095608e-08,27792,4.674734748088037e-08,512,150250,1.0,5.147205632355522e-11,1.0,1.0,7.759412162962948e-08,9264,3.88227968445105e-08,3736.776923230107,4635.100314117008
7921.055267702936,1.0,0.0,1.0,1.0,9.152160013715342e-08,27792,4.576080006857671e-08,512,150500,1.0,0.0,1.0,1.0,7.623011284115525e-08,9264,3.8115056420577625e-08,3743.024880909157,4642.842553245006
7934.2210708117445,1.0,2.4783793046352868e-08,1.0,1.0,9.154733904665394e-08,27792,5.81655646802324e-08,512,150750,1.0,2.4822397094987148e-08,1.0,1.0,7.706653380626759e-08,9264,5.09444636896104e-08,3749.270303490048,4650.582393004006
7947.386873920553,1.0,2.1446689153063054e-09,1.0,1.0,1.0094956542056806e-07,27792,5.154711728094088e-08,512,151000,1.0,1.724313816275702e-09,1.0,1.0,9.093825381228467e-08,9264,4.6331283900950446e-08,3755.5204596121475,4658.3278035780095
7960.552677029361,1.0,1.145253223286359e-09,1.0,1.0,9.870624202235479e-08,27792,4.992574767190815e-08,512,151250,1.0,8.106848709891322e-10,1.0,1.0,8.786279826364081e-08,9264,4.43367415995287e-08,3761.7787661850743,4666.081210945005
7973.718480138169,1.0,2.4878160351853437e-10,1.0,1.0,9.136718579158187e-08,27792,4.5807983705987125e-08,512,151500,1.0,1.4154815488977686e-10,1.0,1.0,7.238257640163845e-08,9264,3.626206228248258e-08,3768.0477631392714,4673.846007352011
7986.884283246977,1.0,5.576139281653125e-10,1.0,1.0,9.613263826737703e-08,27792,4.83451261220593e-08,512,151750,1.0,4.3751247261427177e-10,1.0,1.0,8.217513570087685e-08,9264,4.130632410285243e-08,3774.300082909278,4681.593301960005
8000.0,1.0,0.0,1.0,1.0,1.141092521300638e-07,27792,5.70546260650319e-08,48,152000,1.0,0.0,1.0,1.0,1.0945532089517686e-07,9264,5.472766044758843e-08,3780.5436639673717,4689.33212916601
8013.165803108808,1.0,0.0,1.0,1.0,1.011211368574697e-07,27792,5.056056842873485e-08,512,152250,1.0,0.0,1.0,1.0,8.985734056506256e-08,9264,4.492867028253128e-08,3786.8039907904604,4697.087447462007
8026.331606217616,1.0,0.0,1.0,1.0,1.0364326960025765e-07,27792,5.1821634800128824e-08,512,152500,1.0,0.0,1.0,1.0,9.40394438198217e-08,9264,4.701972190991085e-08,3793.047664194586,4704.825771560005
8039.4974093264245,1.0,0.0,1.0,1.0,1.0487430916377085e-07,27792,5.243715458188543e-08,512,152750,1.0,0.0,1.0,1.0,9.689614390145287e-08,9264,4.8448071950726434e-08,3799.3005219064944,4712.5743889150035
8052.663212435233,1.0,0.0,1.0,1.0,9.225507986328747e-08,27792,4.612753993164373e-08,512,153000,1.0,0.0,1.0,1.0,7.517493564817269e-08,9264,3.7587467824086346e-08,3805.587592871554,4720.357785919012
8065.829015544042,1.0,0.0,1.0,1.0,9.232370927580951e-08,27792,4.616185465426728e-08,512,153250,1.0,0.0,1.0,1.0,7.577973232147937e-08,9264,3.788986616073968e-08,3811.8599034765066,4728.127005428003
8078.99481865285,1.0,0.0,1.0,1.0,1.0470702811235357e-07,27792,5.2353514056176784e-08,512,153500,1.0,0.0,1.0,1.0,9.572515533569688e-08,9264,4.786257766784844e-08,3818.158324150485,4735.922170609003
8092.110535405872,1.0,1.2868014080888805e-11,1.0,1.0,9.940540468602391e-08,27792,4.97091363504359e-08,512,153750,1.0,1.2868014080888805e-11,1.0,1.0,8.812015856059846e-08,9264,4.406651328772317e-08,3824.4588610624633,4743.721911030007
8105.276338514681,1.0,2.3842714246280245e-07,0.9614637305699482,0.9614637305699482,0.13353412845866325,27792,0.06676718343862117,512,154000,1.0,2.384314312120341e-07,0.9705310880829016,0.9705310880829016,0.09791772219389419,9264,0.048958980306236646,3830.7192013013555,4751.473595096002
8118.442141623489,1.0,1.1920928241671947e-07,0.9997841105354058,0.9997841105354058,0.000520730050879589,27792,0.0002604246300845699,512,154250,1.0,1.19209282433082e-07,1.0,1.0,1.1139576332780351e-05,9264,5.629392811165566e-06,3836.7737565354764,4759.02085301801
8131.607944732297,1.0,1.0208624187147826e-09,0.9999280368451353,0.9999280368451353,0.00025437202988349,27792,0.00012718652322833148,512,154500,1.0,7.849488412933677e-10,1.0,1.0,2.371203665213321e-06,9264,1.1859943070595207e-06,3843.029450496484,4766.770101800008
8144.773747841105,1.0,3.002536590750961e-10,0.9999640184225677,0.9999640184225677,7.449321869870196e-05,27792,3.7246759476190876e-05,512,154750,1.0,2.316242534559985e-10,1.0,1.0,3.933235898652182e-07,9264,1.9677760706624004e-07,3849.315756754353,4774.552566504004
8157.939550949914,1.0,2.4878160351853437e-10,1.0,1.0,1.4991931880509739e-06,27792,7.497209848356831e-07,512,155000,1.0,2.0588822376023398e-10,1.0,1.0,1.8165773713675685e-07,9264,9.093181273624906e-08,3855.6163487854647,4782.3497867670085
8171.055267702936,1.0,5.061418795116918e-10,1.0,1.0,1.2788566545585888e-06,27792,6.396813982706944e-07,512,155250,1.0,4.632485038440232e-10,1.0,1.0,1.7463181212360644e-07,9264,8.75475303290651e-08,3861.5248101654142,4789.755547001012
8184.2210708117445,1.0,1.7071564603328832e-09,1.0,1.0,1.519111866842031e-07,27792,7.680917169306946e-08,512,155500,1.0,1.3382734214608023e-09,1.0,1.0,1.3005701183214748e-07,9264,6.569764271270741e-08,3867.824377721321,4797.551897269004
8197.386873920552,1.0,1.557029593289355e-08,1.0,1.0,1.9500187174106605e-07,27792,1.0528608485350179e-07,512,155750,1.0,1.5493088008454186e-08,1.0,1.0,1.743101147958394e-07,9264,9.490160233634483e-08,3874.1057662164094,4805.330541440999
8210.552677029362,1.0,0.0,1.0,1.0,1.8205236522542336e-07,27792,9.102618261271168e-08,512,156000,1.0,0.0,1.0,1.0,1.6288331770909514e-07,9264,8.144165880545999e-08,3880.3637141162326,4813.083949592008
8223.71848013817,1.0,3.1440845924977117e-09,1.0,1.0,1.693473473266844e-07,27792,8.624571617665021e-08,512,156250,1.0,2.2519023521744965e-09,1.0,1.0,1.478792123964644e-07,9264,7.506555749742191e-08,3886.616959382227,4820.832118422011
8236.884283246978,1.0,3.4913495031649435e-07,0.9974812895797351,0.9974812895797351,0.008448678581928755,27792,0.004224513832717773,512,156500,1.0,3.495724626904221e-07,0.999892055267703,0.999892055267703,0.0015067796887176849,9264,0.000753564630805584,3892.8712539641565,4828.58070921
8250.0,1.0,5.061418774663759e-10,0.9993523316062176,0.9993523316062176,0.0020030921435806094,27792,0.0010015463098485794,48,156750,1.0,3.7317240681178846e-10,1.0,1.0,1.2926886568733833e-05,9264,6.463629870582211e-06,3899.113335065107,4836.316715827008
8263.165803108808,1.0,1.3125373943216827e-09,0.9996401842256765,0.9996401842256765,0.0010180361955805972,27792,0.0005090187519143867,512,157000,1.0,1.145253216383418e-09,1.0,1.0,1.52005659386058e-06,9264,7.606009235910208e-07,3905.359684812196,4844.0572592840035
8276.331606217616,1.0,1.0723344712033704e-09,0.9998560736902706,0.9998560736902706,0.0002602739678795492,27792,0.0001301375201070599,512,157250,1.0,1.042309109872255e-09,1.0,1.0,3.2318013282136373e-07,9264,1.621112210120211e-07,3911.6279420092615,4851.822951456008
8289.497409326425,1.0,1.8229685816919283e-09,1.0,1.0,1.2281022893743286e-05,27792,6.141422931256701e-06,512,157500,1.0,1.8272579235538585e-09,1.0,1.0,1.853122533535554e-07,9264,9.356975573097734e-08,3917.869728057238,4859.558956863999
8302.663212435233,1.0,7.077407573193638e-10,1.0,1.0,1.808725198201428e-07,27792,9.079013031838817e-08,512,157750,1.0,5.018525430187157e-10,1.0,1.0,1.4794355247070384e-07,9264,7.422270252488562e-08,3923.1909928772657,4866.33251026801
8315.82901554404,1.0,2.517841297829968e-09,1.0,1.0,1.3587764175454438e-07,27792,6.919774166322334e-08,512,158000,1.0,1.8787299706734924e-09,1.0,1.0,1.1978833598353745e-07,9264,6.083353310020792e-08,3929.0577537352656,4873.6787968370045
8328.994818652849,1.0,2.097486030572134e-09,0.9981649395509499,0.9981649395509499,0.006419150357144828,27792,0.003209576192732834,512,158250,1.0,2.5607341317445935e-09,0.9993523316062176,0.9993523316062176,0.0016801102521297698,9264,0.0008400564064323622,3935.2701274724095,4881.383030280005
8342.110535405873,1.0,0.0,0.999496257915947,0.999496257915947,0.0015518386037585957,27792,0.0007759193018792978,512,158500,1.0,0.0,1.0,1.0,7.789155580135568e-05,9264,3.894577790067784e-05,3941.49603961948,4889.0994895449985
8355.27633851468,1.0,3.388577002951046e-10,0.9998560736902706,0.9998560736902706,0.0003654485310105608,27792,0.00018272443278947342,512,158750,1.0,3.088323333393706e-10,1.0,1.0,1.044862706914692e-05,9264,5.224467950751635e-06,3947.726023078387,4896.8204448100005
8368.442141623489,1.0,3.0025365702978027e-10,0.9999280368451353,0.9999280368451353,0.00014334874767605357,27792,7.167452396486668e-05,512,159000,1.0,2.3162425038802467e-10,1.0,1.0,1.3191244332572215e-06,9264,6.596780287622416e-07,3953.9585154563974,4904.545028250999
8381.607944732297,1.0,6.734260538706537e-10,0.9999640184225677,0.9999640184225677,5.643474105166535e-05,27792,2.8217707238495162e-05,512,159250,1.0,5.404565791254345e-10,1.0,1.0,3.339506643906464e-07,9264,1.6724556050712872e-07,3960.1766687002964,4912.256387761998
8394.773747841105,1.0,1.2782226913843016e-09,1.0,1.0,4.838742030260116e-07,27792,2.425762129171173e-07,512,159500,1.0,9.908370512477194e-10,1.0,1.0,2.2798259058913297e-07,9264,1.1448671386620996e-07,3966.3916804043547,4919.964713020003
8407.939550949914,1.0,6.348220144402967e-10,1.0,1.0,2.145826969433535e-07,27792,1.0760875950459118e-07,512,159750,1.0,2.316242534559985e-10,1.0,1.0,1.9044660227347859e-07,9264,9.533911327037023e-08,3972.610338410421,4927.676574395009
8421.055267702935,1.0,0.0,1.0,1.0,2.248127695328212e-07,27792,1.124063848318607e-07,512,160000,1.0,0.0,1.0,1.0,2.091952889112249e-07,9264,1.0459764445561244e-07,3978.838941714479,4935.398275585001
8434.221070811744,1.0,4.2893379451503e-10,0.9951784686240644,0.9951784686240644,0.01766983688826135,27792,0.008834918540640786,512,160250,1.0,4.375124733812652e-10,0.9984887737478411,0.9984887737478411,0.004899041691999271,9264,0.002449521039019858,3985.0984832033428,4943.298145866007
8447.386873920552,1.0,2.6808361397865855e-09,0.9987766263672999,0.9987766263672999,0.004316769208958524,27792,0.002158385921306115,512,160500,1.0,2.4706586053554884e-09,0.9996761658031088,0.9996761658031088,0.0010135321752634703,9264,0.0005067673100931457,3991.362127504326,4951.056197365004
8460.552677029362,1.0,1.9859634315741448e-09,0.9973373632700058,0.9973373632700058,0.009248671316524038,27792,0.00462433660620578,512,160750,1.0,1.8272579488646424e-09,0.9994602763385146,0.9994602763385146,0.0019426783488497188,9264,0.0009713400816199063,3997.627168791194,4958.815879152011
8473.71848013817,1.0,1.2353293026777442e-09,0.9979850316637882,0.9979850316637882,0.007261615660455491,27792,0.0036308084178670904,512,161000,1.0,9.779690363998372e-10,0.9992443868739206,0.9992443868739206,0.0023678378564939355,9264,0.0011839194107975245,4003.9010613859573,4966.584364827999
8486.884283246978,1.0,2.526419981553828e-09,0.9982009211283823,0.9982009211283823,0.005847709015372092,27792,0.0029238557601728244,512,161250,1.0,2.44492255034894e-09,0.9996761658031088,0.9996761658031088,0.0011548148809943431,9264,0.0005774086693925896,4010.139175385004,4974.315684494999
8500.0,1.0,1.1152278532626512e-09,0.9998560736902706,0.9998560736902706,0.0006536621438265898,27792,0.000326831629518894,48,161500,1.0,1.145253231723287e-09,1.0,1.0,9.068518785596142e-06,9264,4.534832017887999e-06,4016.3550627340446,4982.024016273004
8513.165803108808,1.0,2.084618183440153e-09,0.9999640184225677,0.9999640184225677,0.00022786368892922736,27792,0.00011393288462914722,512,161750,1.0,1.7886538851461594e-09,1.0,1.0,1.3259577104260434e-06,9264,6.638731822449496e-07,4022.604603273823,4989.768403246999
8526.331606217616,1.0,3.410023531761571e-09,0.9999640184225677,0.9999640184225677,8.118810980521701e-05,27792,4.059575776990671e-05,512,162000,1.0,3.1655313089659686e-09,1.0,1.0,4.668128892242337e-07,9264,2.3498921043840637e-07,4028.862047107672,4997.521873657999
8539.497409326425,1.0,1.6899991207525912e-09,1.0,1.0,9.257758826842876e-07,27792,4.637329409838214e-07,512,162250,1.0,1.286801368205221e-09,1.0,1.0,3.0162621433254647e-07,9264,1.5145650790866734e-07,4035.0755179537227,5005.229388309002
8552.663212435233,1.0,3.0926125561159862e-09,1.0,1.0,2.2537035890032213e-07,27792,1.1423148590104825e-07,512,162500,1.0,2.6894148570024934e-09,1.0,1.0,1.9626294655552397e-07,9264,9.947618082936568e-08,4041.333649068736,5012.982166321002
8565.82901554404,1.0,4.2164190389016275e-09,1.0,1.0,2.034776015695335e-07,27792,1.0384701055067813e-07,512,162750,1.0,4.24644435676978e-09,1.0,1.0,1.839739923757964e-07,9264,9.411021863779877e-08,4047.602902274695,5020.747530681008
8578.994818652849,1.0,1.321116062194345e-09,1.0,1.0,2.1552206333625107e-07,27792,1.0842158982910027e-07,512,163000,1.0,1.0680451434029868e-09,1.0,1.0,2.025425378012905e-07,9264,1.0180529151683236e-07,4053.8586049778824,5028.497705815011
8592.110535405873,1.0,0.0,1.0,1.0,1.802465511904329e-07,27792,9.012327559521646e-08,512,163250,1.0,0.0,1.0,1.0,1.5983359819014704e-07,9264,7.991679909507352e-08,4060.11090861712,5036.244184518
8605.27633851468,1.0,7.124590018184897e-09,1.0,1.0,1.4652377884842477e-07,27792,7.682418486793446e-08,512,163500,1.0,6.639894774862813e-09,1.0,1.0,1.2883455042159867e-07,9264,6.773722306609675e-08,4066.3743088232586,5044.002938144011
8618.442141623489,1.0,6.446874602254818e-09,1.0,1.0,1.3471523265075495e-07,27792,7.058105407749703e-08,512,163750,1.0,6.073702121555994e-09,1.0,1.0,1.2169280218102402e-07,9264,6.388325261915601e-08,4072.604494902276,5051.72755424901
8631.607944732297,1.0,0.0,1.0,1.0,1.5103616272174882e-07,27792,7.551808136087441e-08,512,164000,1.0,0.0,1.0,1.0,1.3015995595093056e-07,9264,6.507997797546528e-08,4078.825775658217,5059.44232567701
8644.773747841105,1.0,0.0,1.0,1.0,1.7784452018135896e-07,27792,8.892226009067948e-08,512,164250,1.0,0.0,1.0,1.0,1.616737243133942e-07,9264,8.08368621566971e-08,4085.0856476124172,5067.198245887004
8657.939550949914,1.0,0.0,1.0,1.0,1.3161833093429882e-07,27792,6.580916549987446e-08,512,164500,1.0,0.0,1.0,1.0,1.187846308744902e-07,9264,5.93923154372451e-08,4091.0718014973536,5074.666286207008
8671.055267702935,1.0,0.0,1.0,1.0,1.479564183584232e-07,27792,7.39782091792116e-08,512,164750,1.0,1.2868014080888805e-11,1.0,1.0,1.2762495707498532e-07,9264,6.38189125449166e-08,4096.925533397603,5082.004783905999
8684.221070811744,1.0,0.0,1.0,1.0,1.5089032260213516e-07,27792,7.544516130106758e-08,512,165000,1.0,0.0,1.0,1.0,1.333126195886617e-07,9264,6.665630979433086e-08,4102.810796435486,5089.374902200012
8697.386873920552,1.0,3.144084591986383e-09,1.0,1.0,1.6957896635793764e-07,27792,8.636152565955177e-08,512,165250,1.0,2.4835265588438943e-09,1.0,1.0,1.565265183742413e-07,9264,7.950502261994128e-08,4108.708883009647,5096.767666785003
8710.552677029362,1.0,2.1446690134814675e-11,1.0,1.0,1.4450779037919076e-07,27792,7.226461853530195e-08,512,165500,1.0,2.573602816177761e-11,1.0,1.0,1.2596498311052093e-07,9264,6.299535957010834e-08,4114.605341080722,5104.153611307003
8723.71848013817,1.0,5.456037655318209e-09,1.0,1.0,1.3483962293735028e-07,27792,7.014783061642618e-08,512,165750,1.0,4.619616787358365e-09,1.0,1.0,1.1624963194945741e-07,9264,6.043462461537978e-08,4120.521638519684,5111.555177410002
8736.884283246978,1.0,0.0,1.0,1.0,1.4555438839655098e-07,27792,7.277719423100054e-08,512,166000,1.0,0.0,1.0,1.0,1.3139528537632726e-07,9264,6.569764268816363e-08,4126.4316281766805,5118.949776314999
8750.0,1.0,3.877561397409354e-09,1.0,1.0,1.3906461905133483e-07,27792,7.147109042941501e-08,48,166250,1.0,3.1397952301826228e-09,1.0,1.0,1.2484546581875517e-07,9264,6.399263072081922e-08,4132.350661466684,5126.354351482005
8763.165803108808,1.0,0.0,1.0,1.0,1.395836284599319e-07,27792,6.9791814262691e-08,512,166500,1.0,0.0,1.0,1.0,1.2813967604901044e-07,9264,6.406983802450522e-08,4138.280125136633,5133.770137810003
8776.331606217616,1.0,0.0,1.0,1.0,1.3018998076258303e-07,27792,6.509499041401657e-08,512,166750,1.0,0.0,1.0,1.0,1.1740775323667922e-07,9264,5.870387661833961e-08,4144.188597645538,5141.164995600004
8789.497409326425,1.0,0.0,1.0,1.0,1.2157698955651726e-07,27792,6.078849477825863e-08,512,167000,1.0,0.0,1.0,1.0,1.0811704656559582e-07,9264,5.4058523258254117e-08,4150.09189744349,5148.553886294001
8802.663212435233,1.0,3.360696097741596e-08,1.0,1.0,1.2641107432463923e-07,27792,8.000901805190951e-08,512,167250,1.0,3.419031071387159e-08,1.0,1.0,1.1522019071253924e-07,9264,7.470525072547731e-08,4155.9900483474485,5155.938320120011
8815.82901554404,1.0,0.0,1.0,1.0,1.176136414415203e-07,27792,5.88068207534852e-08,512,167500,1.0,0.0,1.0,1.0,1.0277682040372468e-07,9264,5.138841020186234e-08,4161.885967959359,5163.319337633002
8828.994818652849,1.0,7.592128075069714e-10,1.0,1.0,1.313481026224933e-07,27792,6.605365778198422e-08,512,167750,1.0,5.533245939733169e-10,1.0,1.0,1.2223325880463507e-07,9264,6.139329172154701e-08,4167.81217274339,5170.735340480998
8842.110535405873,1.0,0.0,1.0,1.0,1.0887625935980824e-07,27792,5.443812971262917e-08,512,168000,1.0,0.0,1.0,1.0,9.47986511489501e-08,9264,4.739932559901884e-08,4174.067174611206,5178.488793425
8855.27633851468,1.0,0.0,1.0,1.0,1.0871755384335102e-07,27792,5.4358776954400566e-08,512,168250,1.0,0.0,1.0,1.0,9.679319428486073e-08,9264,4.8396597142430364e-08,4180.323916083202,5186.2430627160065
8868.442141623489,1.0,2.4856711862607643e-08,1.0,1.0,1.1634399730986257e-07,27792,7.060035636156929e-08,512,168500,1.0,2.4912473198922323e-08,1.0,1.0,1.0671443294717665e-07,9264,6.581345484633835e-08,4186.583537725339,5193.999556948009
8881.607944732297,1.0,1.2868014080888805e-11,1.0,1.0,9.708486848631557e-08,27792,4.8548868250581725e-08,512,168750,1.0,1.2868014080888805e-11,1.0,1.0,8.445277275814941e-08,9264,4.223282038649865e-08,4192.4471496503975,5201.348201877001
8894.773747841105,1.0,0.0,1.0,1.0,1.0965691899269654e-07,27792,5.482845949634827e-08,512,169000,1.0,0.0,1.0,1.0,1.0403788664421844e-07,9264,5.201894332210922e-08,4198.361757271356,5208.749506212
8907.939550949914,1.0,0.0,1.0,1.0,1.0285402873824988e-07,27792,5.142701436912494e-08,512,169250,1.0,0.0,1.0,1.0,9.613692866922392e-08,9264,4.806846433461196e-08,4204.617167229444,5216.500291017001
8921.055267702935,1.0,0.0,1.0,1.0,9.983004498719712e-08,27792,4.991502249359856e-08,512,169500,1.0,0.0,1.0,1.0,9.088677625508407e-08,9264,4.5443388127542036e-08,4210.889294229302,5224.2687245609995
8934.221070811744,1.0,0.0,1.0,1.0,1.0767095536784004e-07,27792,5.383547768392002e-08,512,169750,1.0,0.0,1.0,1.0,1.0091095903618304e-07,9264,5.045547951809152e-08,4217.141062736337,5232.015174019005
8947.386873920552,1.0,5.791034905241607e-08,1.0,1.0,9.14443917862657e-08,27792,7.467736843947512e-08,512,170000,1.0,5.826636413805541e-08,1.0,1.0,8.25097025161192e-08,9264,7.038803252941411e-08,4223.373046876382,5239.741517448012
8960.552677029362,1.0,5.468905670166091e-09,1.0,1.0,8.87635548360227e-08,27792,4.7116230573186326e-08,512,170250,1.0,5.095733338263996e-09,1.0,1.0,7.68477775538536e-08,9264,4.0971755716807484e-08,4229.59907066937,5247.47108285001
8973.71848013817,1.0,0.0,1.0,1.0,1.0468128658484872e-07,27792,5.234064329242436e-08,512,170500,1.0,0.0,1.0,1.0,9.894215354985836e-08,9264,4.947107677492918e-08,4235.821389519362,5255.186448466004
8986.884283246978,1.0,1.792943208855911e-09,1.0,1.0,9.795989428137285e-08,27792,4.987641884175556e-08,512,170750,1.0,1.479821554107769e-09,1.0,1.0,9.07838360633075e-08,9264,4.613182888540698e-08,4242.038564999384,5262.896690969006
9000.0,1.0,0.0,1.0,1.0,1.0773529570387988e-07,27792,5.386764785193994e-08,48,171000,1.0,0.0,1.0,1.0,1.0329154178304126e-07,9264,5.164577089152063e-08,4248.268011142427,5270.619938428004
9013.165803108808,1.0,1.651395082344892e-09,1.0,1.0,9.869766072778521e-08,27792,5.017452798329838e-08,512,171250,1.0,1.2996693769171556e-09,1.0,1.0,9.297139544584229e-08,9264,4.71355324727392e-08,4254.5487450984365,5278.396326676011
9026.331606217616,1.0,4.289338026962935e-12,1.0,1.0,8.030069380780441e-08,27792,4.015249157304352e-08,512,171500,1.0,1.2868014080888805e-11,1.0,1.0,6.77758270860966e-08,9264,3.389434755047225e-08,4260.807153820453,5286.152016676002
9039.497409326425,1.0,4.010530842241829e-09,1.0,1.0,8.512619989936113e-08,27792,4.4568365596808886e-08,512,171750,1.0,3.525835674852097e-09,1.0,1.0,7.432564664366867e-08,9264,3.892574135599421e-08,4267.04067144038,5293.879876903011
9052.663212435233,1.0,0.0,1.0,1.0,8.61127482279663e-08,27792,4.305637411398315e-08,512,172000,1.0,0.0,1.0,1.0,7.571539224723996e-08,9264,3.785769612361998e-08,4272.923470000416,5301.245583361
9065.82901554404,1.0,4.289338026962935e-12,1.0,1.0,1.0393065343259066e-07,27792,5.1967471385436644e-08,512,172250,1.0,0.0,1.0,1.0,1.0034476873908012e-07,9264,5.017238436954006e-08,4278.819754196549,5308.627264878
9078.994818652849,1.0,0.0,1.0,1.0,8.768693433048884e-08,27792,4.384346716524442e-08,512,172500,1.0,0.0,1.0,1.0,7.668049336083114e-08,9264,3.834024668041557e-08,4284.708094455607,5316.000824076007
9092.110535405873,1.0,0.0,1.0,1.0,8.774269598996342e-08,27792,4.387134799498171e-08,512,172750,1.0,0.0,1.0,1.0,7.85849595828615e-08,9264,3.929247979143075e-08,4290.613291657661,5323.39152094
9105.27633851468,1.0,0.0,1.0,1.0,8.12572167684312e-08,27792,4.06286083842156e-08,512,173000,1.0,0.0,1.0,1.0,6.839349182333874e-08,9264,3.419674591166937e-08,4296.531511903639,5330.796987576003
9118.442141623489,1.0,0.0,1.0,1.0,8.984018162476693e-08,27792,4.4920090812383467e-08,512,173250,1.0,0.0,1.0,1.0,8.159607503272216e-08,9264,4.079803751636108e-08,4302.446439802647,5338.1978690660035
9131.607944732297,1.0,2.1446690134814675e-11,1.0,1.0,9.01189901839403e-08,27792,4.507021843767672e-08,512,173500,1.0,1.2868014080888805e-11,1.0,1.0,8.130011069122086e-08,9264,4.065648935303437e-08,4308.402537818649,5345.642871583012
9144.773747841105,1.0,3.431470421570348e-11,1.0,1.0,9.61026165646047e-08,27792,4.806846563543286e-08,512,173750,1.0,1.2868014080888805e-11,1.0,1.0,9.088678096749185e-08,9264,4.5449824491169865e-08,4314.32286818455,5353.0533059910085
9157.939550949914,1.0,1.5664661436470833e-08,1.0,1.0,8.784563958514561e-08,27792,5.1755151234850043e-08,512,174000,1.0,1.4978367509646084e-08,1.0,1.0,7.751691432594348e-08,9264,4.6247641804439214e-08,4320.216852844489,5360.4322490080085
9171.055267702935,1.0,1.990252777015378e-09,1.0,1.0,1.0177740535291126e-07,27792,5.188382915802519e-08,512,174250,1.0,1.608501696450644e-09,1.0,1.0,9.622700555856039e-08,9264,4.8917753707272834e-08,4326.105446577305,5367.806138920001
9184.221070811744,1.0,2.573602816177761e-11,1.0,1.0,9.20663476698497e-08,27792,4.604604184977273e-08,512,174500,1.0,1.2868014080888805e-11,1.0,1.0,8.343619958516672e-08,9264,4.1724533800007304e-08,4332.00153554228,5375.187471099998
9197.386873920552,1.0,6.768574955044032e-09,1.0,1.0,8.851048675715243e-08,27792,4.763953129993178e-08,512,174750,1.0,6.202382369743965e-09,1.0,1.0,7.88037158107317e-08,9264,4.2503049483705476e-08,4337.911073897441,5382.582325537005
9210.552677029362,1.0,0.0,1.0,1.0,8.270701363156012e-08,27792,4.135350681578006e-08,512,175000,1.0,0.0,1.0,1.0,7.116011501563343e-08,9264,3.558005750781671e-08,4343.843216170426,5390.0016470539995
9223.71848013817,1.0,0.0,1.0,1.0,9.462708314817914e-08,27792,4.731354157408957e-08,512,175250,1.0,0.0,1.0,1.0,8.6717544156778e-08,9264,4.3358772078389e-08,4350.08398553553,5397.748428077
9236.884283246978,1.0,6.1251742637828154e-09,1.0,1.0,8.946701024138008e-08,27792,4.7796092654486016e-08,512,175500,1.0,5.649057830227184e-09,1.0,1.0,7.830186323166429e-08,9264,4.1975460874942304e-08,4356.356266270595,5405.51406222301
9250.0,1.0,0.0,1.0,1.0,9.545921425140798e-08,27792,4.772960712570399e-08,48,175750,1.0,0.0,1.0,1.0,8.750249384790011e-08,9264,4.3751246923950055e-08,4362.581160073576,5413.234200082006
9263.165803108808,1.0,0.0,1.0,1.0,9.624416420433054e-08,27792,4.812208210216527e-08,512,176000,1.0,0.0,1.0,1.0,8.966432034234432e-08,9264,4.483216017117216e-08,4368.868796977578,5421.019352800999
9276.331606217616,1.0,7.99103623469263e-09,1.0,1.0,8.86005636464889e-08,27792,4.829580043351189e-08,512,176250,1.0,7.656467996933092e-09,1.0,1.0,7.768419851896594e-08,9264,4.267033367672795e-08,4375.143266340572,5428.789718350003
9289.497409326425,1.0,7.870934795504117e-09,1.0,1.0,9.261967361731079e-08,27792,5.0245304682966055e-08,512,176500,1.0,7.4248436821176176e-09,1.0,1.0,8.432409339507189e-08,9264,4.587446898114998e-08,4381.42294260468,5436.564570870003
9302.663212435233,1.0,0.0,1.0,1.0,8.876355928663005e-08,27792,4.4381779643315024e-08,512,176750,1.0,0.0,1.0,1.0,7.830186323166429e-08,9264,3.9150931615832147e-08,4387.666170396726,5444.3040916190075
9315.82901554404,1.0,9.43654360818556e-11,1.0,1.0,9.342606999984605e-08,27792,4.676021772103193e-08,512,177000,1.0,1.2868014080888805e-11,1.0,1.0,8.522485521982496e-08,9264,4.261886161733642e-08,4393.923314394575,5452.056043572011
9328.994818652849,1.0,4.289338026962935e-12,1.0,1.0,9.065515694566787e-08,27792,4.532972315833778e-08,512,177250,1.0,0.0,1.0,1.0,8.073391725251274e-08,9264,4.036695862625637e-08,4400.185509590621,5459.81430933201
9342.110535405873,1.0,5.661926054975607e-10,1.0,1.0,9.534769302686227e-08,27792,4.795694284008454e-08,512,177500,1.0,3.860404132227427e-10,1.0,1.0,8.876355930299257e-08,9264,4.457479987421452e-08,4406.439797846659,5467.565495939998
9355.27633851468,1.0,0.0,1.0,1.0,7.822036578793184e-08,27792,3.911018289396592e-08,512,177750,1.0,0.0,1.0,1.0,6.579415279952273e-08,9264,3.2897076399761366e-08,4412.659753065804,5475.279587266006
9368.442141623489,1.0,0.0,1.0,1.0,9.080957312384245e-08,27792,4.540478656192123e-08,512,178000,1.0,0.0,1.0,1.0,8.195637944846286e-08,9264,4.097818972423143e-08,4418.908276932998,5483.0236995830055
9381.607944732297,1.0,1.7586285859415136e-10,1.0,1.0,9.16974658865459e-08,27792,4.593666437806681e-08,512,178250,1.0,6.434007040444402e-11,1.0,1.0,8.127437466152509e-08,9264,4.0669357367882254e-08,4425.152628799755,5490.763621149003
9394.773747841105,1.0,9.093396366610227e-10,1.0,1.0,9.002033514163945e-08,27792,4.546483742877823e-08,512,178500,1.0,6.691367184003357e-10,1.0,1.0,7.956292868675675e-08,9264,4.011603272942332e-08,4431.406907642886,5498.515246272
9407.939550949914,1.0,4.100281333083809e-06,0.993811168681635,0.993811168681635,0.032737245625576616,27792,0.016370673022121963,512,178750,1.0,4.03544734562524e-06,0.9960060449050087,0.9960060449050087,0.026651331904747996,9264,0.013327683727876226,4437.662990034951,5506.266360388006
9421.055267702935,1.0,1.4293309117400097e-05,0.9978051237766263,0.9978051237766263,0.007342722063168892,27792,0.0036785076482239716,512,179000,1.0,1.7790931005492109e-06,0.9995682210708118,0.9995682210708118,0.001877969597238687,9264,0.000939874348400759,4443.943591786796,5514.042662022999
9434.221070811744,0.9999640184225677,0.00030804149170768444,0.992084052964882,0.9921200345423143,0.029714732418543454,27792,0.015011386910456656,512,179250,1.0,2.203672089631969e-06,0.9944948186528497,0.9944948186528497,0.022239332692536792,9264,0.011120768253681844,4450.207189000837,5521.801147359001
9447.386873920552,1.0,1.1791389265874389e-08,0.9948906160046056,0.9948906160046056,0.017709254429267615,27792,0.008854633100678267,512,179500,1.0,1.1812836053417372e-08,0.9987046632124352,0.9987046632124352,0.004511767988686735,9264,0.0022558898685921453,4456.465960477828,5529.555718931006
9460.552677029362,1.0,3.174110106716189e-10,0.9991724237190558,0.9991724237190558,0.0030393833096128945,27792,0.0015196918199459712,512,179750,1.0,2.9596432155946214e-10,0.999892055267703,0.999892055267703,0.0005689241854226239,9264,0.0002844622406934827,4462.7392590766685,5537.324497681009
9473.71848013817,1.0,9.865465752581353e-11,0.9981289579735175,0.9981289579735175,0.006513422171686598,27792,0.0032567111308813507,512,180000,1.0,1.2868014080888805e-11,0.9997841105354058,0.9997841105354058,0.002266296365655016,9264,0.0011331481828526409,4469.02670156071,5545.10766048501
9486.884283246978,1.0,0.0,0.9998560736902706,0.9998560736902706,0.00036086435953185185,27792,0.00018043217976592592,512,180250,1.0,0.0,1.0,1.0,7.074472172924081e-06,9264,3.5372360864620404e-06,4475.280632174705,5552.866113316006
9500.0,1.0,4.289338026962935e-12,0.9999280368451353,0.9999280368451353,0.00015891534677259228,27792,7.945767553096528e-05,48,180500,1.0,1.2868014080888805e-11,1.0,1.0,9.576241148435234e-07,9264,4.788184914291857e-07,4481.532595501863,5560.613375318004
9513.165803108808,1.0,0.0,1.0,1.0,1.2485218264787712e-05,27792,6.242609132393856e-06,512,180750,1.0,0.0,1.0,1.0,3.003136736764573e-07,9264,1.5015683683822865e-07,4487.788036343816,5568.363602826008
9526.331606217616,1.0,0.0,1.0,1.0,2.799979389576999e-07,27792,1.3999896947884996e-07,512,181000,1.0,0.0,1.0,1.0,2.080114315452197e-07,9264,1.0400571577260985e-07,4494.049425795747,5576.121142197007
9539.497409326425,1.0,7.291874474541785e-10,1.0,1.0,1.4949628085347001e-07,27792,7.511273418075833e-08,512,181250,1.0,8.364208968499294e-10,1.0,1.0,1.289503625552296e-07,9264,6.489339178471477e-08,4500.302737891587,5583.870304693002
9552.663212435233,1.0,3.851825331920562e-09,1.0,1.0,1.419556330538257e-07,27792,7.290372941581256e-08,512,181500,1.0,3.6545158225639264e-09,1.0,1.0,1.2767642908528926e-07,9264,6.566547265104391e-08,4506.555263808477,5591.618421210005
9565.82901554404,1.0,8.707355982533236e-10,1.0,1.0,1.413208130824003e-07,27792,7.109577440961189e-08,512,181750,1.0,6.820047271122703e-10,1.0,1.0,1.257590949220424e-07,9264,6.322054985449008e-08,4512.808189143587,5599.367255596007
9578.994818652849,1.0,4.7139822142363e-09,1.0,1.0,1.2456236945937671e-07,27792,6.463817614871718e-08,512,182000,1.0,3.924744036961285e-09,1.0,1.0,1.1323851647505295e-07,9264,5.8581630501828524e-08,4519.0566478098335,5607.110932897005
9592.110535405873,1.0,1.473387509459079e-08,1.0,1.0,1.7979187766726834e-07,27792,9.726287733404677e-08,512,182250,1.0,1.4039002419614732e-08,1.0,1.0,1.6655070194074157e-07,9264,9.029485306989057e-08,4525.304518742734,5614.853553194
9605.27633851468,1.0,4.375124736369297e-10,1.0,1.0,1.8819040726066149e-07,27792,9.431395988274473e-08,512,182500,1.0,2.316242534559985e-10,1.0,1.0,1.762789210675654e-07,9264,8.825527266741364e-08,4531.549011341791,5622.593273955004
9618.442141623489,1.0,4.4780686414168456e-09,1.0,1.0,1.2448945018497118e-07,27792,6.448375970874216e-08,512,182750,1.0,3.6030438122599784e-09,1.0,1.0,1.1130831419878304e-07,9264,5.745567917809503e-08,4537.80314562672,5630.341900067011
9631.607944732297,1.0,4.27218042839452e-09,1.0,1.0,1.5195408216143282e-07,27792,7.811313154546487e-08,512,183000,1.0,3.3585515301502153e-09,1.0,1.0,1.3840835346842308e-07,9264,7.088345267186017e-08,4544.056647254751,5638.090863909005
9644.773747841105,1.0,0.0,1.0,1.0,1.4426329914428272e-07,27792,7.213164957214136e-08,512,183250,1.0,0.0,1.0,1.0,1.2534731839782258e-07,9264,6.267365919891129e-08,4550.351295446642,5645.880967637
9657.939550949914,1.0,7.720808448533283e-11,1.0,1.0,1.5934889717187556e-07,27792,7.971305263048143e-08,512,183500,1.0,1.2868014080888805e-11,1.0,1.0,1.453699495011274e-07,9264,7.269140875798763e-08,4556.592976378626,5653.617572920004
9671.055267702935,1.0,2.050303477179134e-09,1.0,1.0,1.1302833888284168e-07,27792,5.75393212909688e-08,512,183750,1.0,1.351141420201822e-09,1.0,1.0,9.792557880607307e-08,9264,4.963836018255035e-08,4562.860577772604,5661.379493936009
9684.221070811744,1.0,1.05088779385178e-09,1.0,1.0,1.3242472653143277e-07,27792,6.67378072380633e-08,512,184000,1.0,6.562687012514731e-10,1.0,1.0,1.1866881869177169e-07,9264,5.966254372450685e-08,4569.1241186246625,5669.1373634560005
9697.386873920552,1.0,1.6513950056455466e-08,1.0,1.0,1.3575325153339917e-07,27792,7.613360196075736e-08,512,184250,1.0,1.524859562510129e-08,1.0,1.0,1.201872444438218e-07,9264,6.771792101928113e-08,4575.33513279965,5676.8447135450115
9710.552677029362,1.0,0.0,1.0,1.0,1.433796949344606e-07,27792,7.168984749995536e-08,512,184500,1.0,0.0,1.0,1.0,1.3377586812318547e-07,9264,6.688793406159274e-08,4581.6009038477205,5684.606688015003
9723.71848013817,1.0,2.170404957273965e-09,1.0,1.0,1.1610808376976817e-07,27792,5.9139244470388825e-08,512,184750,1.0,1.762917891499087e-09,1.0,1.0,1.0201760752769963e-07,9264,5.189026278092975e-08,4587.843170260749,5692.343961548002
9736.884283246978,1.0,5.769159269160033e-09,1.0,1.0,1.2420635438191864e-07,27792,6.49877572187513e-08,512,185000,1.0,5.263017431577317e-09,1.0,1.0,1.115399385151325e-07,9264,5.8401478293958173e-08,4594.107807202759,5700.104854426012
9750.0,1.0,4.775319599915434e-08,1.0,1.0,1.3188855715170088e-07,27792,8.982087410468603e-08,48,185250,1.0,4.682669893828808e-08,1.0,1.0,1.2188582245282982e-07,9264,8.435625714898122e-08,4600.349241119853,5707.854486883007
9763.165803108808,1.0,0.0,1.0,1.0,1.2430071988958654e-07,27792,6.215035994479327e-08,512,185500,1.0,0.0,1.0,1.0,1.1538747490556172e-07,9264,5.7693737477324644e-08,4606.610745134763,5715.611865551007
9776.331606217616,1.0,0.0,1.0,1.0,1.0974270575834908e-07,27792,5.487135287917454e-08,512,185750,1.0,0.0,1.0,1.0,9.729504607852684e-08,9264,4.864752303926342e-08,4612.951948873728,5723.454361057011
9789.497409326425,1.0,0.0,1.0,1.0,8.991309618676469e-08,27792,4.4956548093382343e-08,512,186000,1.0,0.0,1.0,1.0,7.417122968009279e-08,9264,3.7085614840046396e-08,4619.326593128659,5731.332515585003
9802.663212435233,1.0,1.072334504184089e-10,1.0,1.0,1.0480567739504493e-07,27792,5.24564554260553e-08,512,186250,1.0,6.434007040444402e-11,1.0,1.0,9.461850134637121e-08,9264,4.7341420710305314e-08,4625.559957900579,5739.06124445
9815.82901554404,1.0,4.289338026962935e-12,1.0,1.0,1.1299402417658066e-07,27792,5.649915675743165e-08,512,186500,1.0,0.0,1.0,1.0,1.0487430682392949e-07,9264,5.2437153411964745e-08,4631.816217175801,5746.813790181011
9828.994818652849,1.0,0.0,1.0,1.0,1.0091524757270186e-07,27792,5.045762378635093e-08,512,186750,1.0,0.0,1.0,1.0,8.891797391036457e-08,9264,4.445898695518228e-08,4638.069518721924,5754.563919266002
9842.110535405873,1.0,0.0,1.0,1.0,1.0297841928664565e-07,27792,5.148920964332282e-08,512,187000,1.0,0.0,1.0,1.0,9.353758574294521e-08,9264,4.676879287147261e-08,4644.3724472739705,5762.368382597007
9855.27633851468,1.0,2.6593894672926202e-09,1.0,1.0,8.675614425795263e-08,27792,4.470776699659081e-08,512,187250,1.0,2.2905064082230454e-09,1.0,1.0,7.478889441733493e-08,9264,3.853970053012899e-08,4650.670850230017,5770.166427076008
9868.442141623489,1.0,3.946190768002417e-09,1.0,1.0,9.077525344337322e-08,27792,4.7360722331695224e-08,512,187500,1.0,3.744591924965115e-09,1.0,1.0,7.921549228586394e-08,9264,4.148004230329884e-08,4656.9202255390555,5777.913819612004
9881.607944732297,1.0,0.0,1.0,1.0,1.118273240982559e-07,27792,5.591366208185301e-08,512,187750,1.0,0.0,1.0,1.0,1.0680450905111182e-07,9264,5.340225452555591e-08,4663.192152460091,5785.68141004401
9894.773747841105,1.0,0.0,1.0,1.0,9.645862588245326e-08,27792,4.822931294122663e-08,512,188000,1.0,0.0,1.0,1.0,8.871208331659456e-08,9264,4.435604165829728e-08,4669.504409547037,5793.489942781001
9907.939550949914,1.0,0.0,1.0,1.0,9.630849851896044e-08,27792,4.815424925948022e-08,512,188250,1.0,0.0,1.0,1.0,8.82488339966695e-08,9264,4.412441699833475e-08,4675.809259571091,5801.295686124009
9921.055267702935,1.0,7.785148062576623e-09,1.0,1.0,7.567678766273292e-08,27792,4.173096833921337e-08,512,188500,1.0,7.463447774214859e-09,1.0,1.0,6.379961052264478e-08,9264,3.5631529567208244e-08,4682.064549810006,5809.046558250004
9934.221070811744,1.0,0.0,1.0,1.0,9.094253973079916e-08,27792,4.5471269881762106e-08,512,188750,1.0,0.0,1.0,1.0,8.217513491547555e-08,9264,4.108756745773778e-08,4688.336559445044,5816.814964391
9947.386873920552,1.0,0.0,1.0,1.0,8.565378667552128e-08,27792,4.282689333776064e-08,512,189000,1.0,0.0,1.0,1.0,7.616577276691584e-08,9264,3.808288638345792e-08,4694.623963166945,5824.5974158280005
9960.552677029362,1.0,4.763309452724077e-08,1.0,1.0,8.678188264385228e-08,27792,6.720748739108205e-08,512,189250,1.0,4.68138309234402e-08,1.0,1.0,7.75040463110956e-08,9264,6.2158938604996e-08,4700.897275909825,5832.367729803009
9973.71848013817,1.0,4.040556218401484e-09,1.0,1.0,8.289145439231181e-08,27792,4.346600552727342e-08,512,189500,1.0,3.53870373648658e-09,1.0,1.0,7.390100215368856e-08,9264,3.871985311842809e-08,4707.175459967926,5840.141571618005
9986.884283246978,1.0,0.0,1.0,1.0,9.999733022742132e-08,27792,4.999866511371066e-08,512,189750,1.0,0.0,1.0,1.0,9.466997654736793e-08,9264,4.7334988273683965e-08,4713.447217142864,5847.90919616801
10000.0,1.0,0.0,1.0,1.0,9.609832356111602e-08,27792,4.804916178055801e-08,48,190000,1.0,0.0,1.0,1.0,9.038492917382574e-08,9264,4.519246458691287e-08,4719.701281959773,5855.659458522001
10013.165803108808,1.0,0.0,1.0,1.0,8.876784757771094e-08,27792,4.438392378885547e-08,512,190250,1.0,0.0,1.0,1.0,8.084973017154498e-08,9264,4.042486508577249e-08,4725.973339255841,5863.438553198008
10026.331606217616,1.0,9.286416166970733e-09,1.0,1.0,9.484155058591137e-08,27792,5.2063983983899866e-08,512,190500,1.0,8.582964817474737e-09,1.0,1.0,8.92525438672121e-08,9264,4.891775488537478e-08,4732.243826219972,5871.20524170401
10039.497409326425,1.0,2.040008959148934e-08,1.0,1.0,8.42683327664365e-08,27792,5.2334209824963816e-08,512,190750,1.0,1.9610851670645805e-08,1.0,1.0,7.659041728143975e-08,9264,4.810063358633037e-08,4738.464464383869,5878.922982466
10052.663212435233,1.0,0.0,1.0,1.0,9.583667706748094e-08,27792,4.791833853374047e-08,512,191000,1.0,0.0,1.0,1.0,9.068089272992573e-08,9264,4.5340446364962864e-08,4744.722823398028,5886.677378867011
10065.82901554404,1.0,4.289338026962935e-12,1.0,1.0,7.901818270850055e-08,27792,3.951123602339159e-08,512,191250,1.0,0.0,1.0,1.0,6.747986274459532e-08,9264,3.373993137229766e-08,4750.987260098947,5894.437836562007
10078.994818652849,1.0,5.902128738536298e-09,1.0,1.0,9.304002824540742e-08,27792,4.94710788775139e-08,512,191500,1.0,5.327357507350715e-09,1.0,1.0,8.724513355094246e-08,9264,4.628624584898286e-08,4757.24618624986,5902.1925136830105
10092.110535405873,1.0,7.463447962383919e-10,1.0,1.0,8.446564206563694e-08,27792,4.260599346340705e-08,512,191750,1.0,5.661926072872122e-10,1.0,1.0,7.574112827693572e-08,9264,3.815366046512127e-08,4763.505503018809,5909.947825932002
10105.27633851468,1.0,1.6741285345410314e-08,1.0,1.0,8.864345781471648e-08,27792,5.2692372173205e-08,512,192000,1.0,1.5853392316815805e-08,1.0,1.0,8.21365316563332e-08,9264,4.899496258176143e-08,4769.720924373905,5917.658970062999
10118.442141623489,1.0,1.6170803750612148e-09,1.0,1.0,8.917533549996185e-08,27792,4.539620801625619e-08,512,192250,1.0,1.145253223286359e-09,1.0,1.0,8.26512522502485e-08,9264,4.189825278585501e-08,4775.999280707852,5925.434588133008
10131.607944732297,1.0,0.0,1.0,1.0,8.124434930990923e-08,27792,4.0622174654954615e-08,512,192500,1.0,0.0,1.0,1.0,7.190645985226681e-08,9264,3.5953229926133405e-08,4782.2552549808315,5933.185553109011
10144.773747841105,1.0,3.401444872581501e-09,1.0,1.0,8.440559159148059e-08,27792,4.3903518424802064e-08,512,192750,1.0,2.985379124872414e-09,1.0,1.0,7.49561793712149e-08,9264,3.8970779407961797e-08,4788.515638944838,5940.941930725006
10157.939550949914,1.0,2.3333997920719773e-09,1.0,1.0,7.418838783498712e-08,27792,3.826089393036822e-08,512,193000,1.0,1.7371818326575713e-09,1.0,1.0,6.156057591456948e-08,9264,3.164887895951679e-08,4794.8172100379015,5948.740543065011
10171.055267702935,1.0,5.467189864903237e-08,1.0,1.0,7.701935110152123e-08,27792,6.584562487527679e-08,512,193250,1.0,5.296474202072792e-08,1.0,1.0,6.580702083891441e-08,9264,5.938588142982116e-08,4801.059577476917,5956.478840727999
10184.221070811744,1.0,1.2868014055322356e-10,1.0,1.0,9.064657879270348e-08,27792,4.538762947059115e-08,512,193500,1.0,5.147205555656177e-11,1.0,1.0,8.521198720497706e-08,9264,4.26317296321843e-08,4807.278915879768,5964.191596896999
10197.386873920552,1.0,0.0,1.0,1.0,9.486299832452623e-08,27792,4.743149916226312e-08,512,193750,1.0,0.0,1.0,1.0,8.747675784274814e-08,9264,4.373837892137407e-08,4813.48644363285,5971.891760044004
10210.552677029362,1.0,0.0,1.0,1.0,9.28598770847388e-08,27792,4.64299385423694e-08,512,194000,1.0,0.0,1.0,1.0,8.543074345739107e-08,9264,4.2715371728695534e-08,4819.760962634857,5979.661368885005
10223.71848013817,1.0,0.0,1.0,1.0,8.899089395380886e-08,27792,4.449544697690443e-08,512,194250,1.0,0.0,1.0,1.0,8.11842985821337e-08,9264,4.059214929106685e-08,4826.047960311946,5987.447137287003
10236.884283246978,1.0,0.0,1.0,1.0,8.027066922522733e-08,27792,4.013533462897619e-08,512,194500,1.0,0.0,1.0,1.0,6.908836462512438e-08,9264,3.454418231256219e-08,4832.253457316023,5995.148643641005
10250.0,1.0,0.0,1.0,1.0,7.669336139204153e-08,27792,3.8346680696020767e-08,48,194750,1.0,0.0,1.0,1.0,6.674638592280981e-08,9264,3.3373192961404906e-08,4838.492000369151,6002.8834592700005
10263.165803108808,1.0,4.289338026962935e-12,1.0,1.0,9.984720836173756e-08,27792,4.9925748850010095e-08,512,195000,1.0,0.0,1.0,1.0,9.661304836020076e-08,9264,4.830652418010038e-08,4844.739811156091,6010.62804006401
10276.331606217616,1.0,0.0,1.0,1.0,8.982731495164627e-08,27792,4.4913657475823135e-08,512,195250,1.0,0.0,1.0,1.0,8.252257210176967e-08,9264,4.1261286050884836e-08,4851.007970268096,6018.403066899002
10289.497409326425,1.0,5.147205542872952e-10,1.0,1.0,9.031629948314074e-08,27792,4.5415510054890545e-08,512,195500,1.0,2.9596432002547524e-10,1.0,1.0,8.07596540676098e-08,9264,4.052780920455555e-08,4857.279253780187,6026.17047580301
10302.663212435233,1.0,0.0,1.0,1.0,9.472573766687913e-08,27792,4.736286883343957e-08,512,195750,1.0,0.0,1.0,1.0,8.599693611069788e-08,9264,4.299846805534894e-08,4863.528522083361,6033.914594414004
10315.82901554404,1.0,0.0,1.0,1.0,8.949703613295934e-08,27792,4.4748518082842196e-08,512,196000,1.0,0.0,1.0,1.0,8.00390452361284e-08,9264,4.00195226180642e-08,4869.777156902419,6041.658869364008
10328.994818652849,1.0,0.0,1.0,1.0,7.625584888721354e-08,27792,3.812792444360677e-08,512,196250,1.0,0.0,1.0,1.0,6.417278292868958e-08,9264,3.208639146434479e-08,4876.02508137039,6049.402582312003
10342.110535405873,1.0,3.431470421570348e-11,1.0,1.0,8.932117326337161e-08,27792,4.467774400117884e-08,512,196500,1.0,0.0,1.0,1.0,8.154460297333062e-08,9264,4.077230148666531e-08,4882.271410348345,6057.144778938004
10355.27633851468,1.0,4.289338026962935e-12,1.0,1.0,8.163467906090327e-08,27792,4.081948419959295e-08,512,196750,1.0,0.0,1.0,1.0,7.243404848557377e-08,9264,3.621702424278689e-08,4888.526696357207,6064.895717152001
10368.442141623489,1.0,0.0,1.0,1.0,8.521627652689717e-08,27792,4.2608138263448586e-08,512,197000,1.0,0.0,1.0,1.0,7.599848857389337e-08,9264,3.7999244286946685e-08,4894.760595247193,6072.624369218
10381.607944732297,1.0,2.573602816177761e-11,1.0,1.0,8.503377853479342e-07,27792,4.2518176068881495e-07,512,197250,1.0,0.0,1.0,1.0,4.118714343577928e-05,9264,2.059357171788964e-05,4901.014753474141,6080.373983769998
10394.773747841105,1.0,2.63631212948667e-05,0.999892055267703,0.999892055267703,0.00045559047193201573,27792,0.0002409767975551374,512,197500,1.0,1.3116076979163617e-06,1.0,1.0,3.9907718484051885e-05,9264,2.0609662941168828e-05,4907.256582740272,6088.110387531007
10407.939550949914,1.0,5.27823471501782e-07,1.0,1.0,8.284951318655898e-05,27792,4.1688668670156346e-05,512,197750,1.0,4.7117499879857226e-07,1.0,1.0,3.567003593581048e-06,9264,2.019089311308785e-06,4913.487383685177,6095.836072719001
10421.055267702935,1.0,6.223807675845619e-09,1.0,1.0,1.3172135820613518e-05,27792,6.589179818947595e-06,512,198000,1.0,2.419186456992719e-09,1.0,1.0,5.013891033555593e-07,9264,2.5190414507348056e-07,4919.741745516178,6103.585704596
10434.221070811744,1.0,7.677913276055616e-10,1.0,1.0,1.2851060180646428e-06,27792,6.429369048086166e-07,512,198250,1.0,2.8309630594458646e-10,1.0,1.0,2.027870175169795e-07,9264,1.0153505692181646e-07,4925.984136866216,6111.323358751004
10447.386873920552,1.0,3.1616277866349066e-07,0.9995322394933794,0.9995322394933794,0.0015653932196874692,27792,0.0007828546869721334,512,198500,1.0,3.168362047411381e-07,1.0,1.0,8.72386190481323e-05,9264,4.377772765485843e-05,4932.2325664861855,6119.06700173
10460.552677029362,1.0,4.756875578654731e-09,0.9997481289579735,0.9997481289579735,0.0006186015342716631,27792,0.00030930314342924014,512,198750,1.0,4.761164952219058e-09,1.0,1.0,5.746710659613968e-06,9264,2.8757359125538423e-06,4938.479646068445,6126.8083565230045
10473.71848013817,1.0,3.791774606190357e-09,0.9999640184225677,0.9999640184225677,0.00014581163220383548,27792,7.290770984476952e-05,512,199000,1.0,3.808931976194723e-09,1.0,1.0,1.7736592718315816e-06,9264,8.887341021132774e-07,4944.742330584399,6134.565384533998
10486.884283246978,1.0,7.849488397593808e-10,0.9999640184225677,0.9999640184225677,5.175858779906536e-05,27792,2.5879686373985538e-05,512,199250,1.0,7.07740755274048e-10,1.0,1.0,3.540891074312318e-07,9264,1.7739842412393266e-07,4951.010985480258,6142.331498268002
10500.0,1.0,6.862940684628716e-10,1.0,1.0,3.011871054014074e-07,27792,1.5093669950151348e-07,48,199500,1.0,7.077407522060742e-10,1.0,1.0,2.0277415107293423e-07,9264,1.0174094594478387e-07,4957.279949784439,6150.097611852005
10513.165803108808,1.0,2.067460863546027e-09,1.0,1.0,1.922910130880507e-07,27792,9.717923707013856e-08,512,199750,1.0,1.955938048255884e-09,1.0,1.0,1.727788211271166e-07,9264,8.736737969199735e-08,4963.537129538527,6157.851419176004
10526.331606217616,1.0,9.99415726534652e-10,0.9996401842256765,0.9996401842256765,0.0019015740012352195,27792,0.0009507874960361813,512,200000,1.0,9.264969915811839e-10,1.0,1.0,4.9987262286187914e-05,9264,2.4994094391628484e-05,4969.784375139483,6165.59426707901
10539.497409326425,1.0,8.235528804680603e-10,0.9997481289579735,0.9997481289579735,0.0008809604445712563,27792,0.00044048062762809585,512,200250,1.0,7.206087800928451e-10,1.0,1.0,4.889789058744227e-06,9264,2.4452548337878542e-06,4976.045715164422,6173.3597257090005
10552.663212435233,1.0,8.492888137783141e-10,0.999892055267703,0.999892055267703,0.0002537432658074074,27792,0.00012687205754819368,512,200500,1.0,7.978168454033416e-10,1.0,1.0,1.0628455710532594e-06,9264,5.31821693986914e-07,4982.340563044345,6181.149100787006
10565.82901554404,1.0,1.1838572596487422e-09,1.0,1.0,1.9797891602419056e-05,27792,9.899537729892531e-06,512,200750,1.0,9.651010276879025e-10,1.0,1.0,3.2825013400938486e-07,9264,1.64607617561488e-07,4988.6069840042765,6188.911799407011
10578.994818652849,1.0,3.1312167264465596e-10,1.0,1.0,2.8176753211748184e-07,27792,1.410403269060568e-07,512,201000,1.0,1.801521963654498e-10,1.0,1.0,2.326150759343706e-07,9264,1.1639761407112047e-07,4994.868162368206,6196.66871608801
10592.110535405873,1.0,1.4841109082415944e-09,1.0,1.0,2.2433236364516694e-07,27792,1.1290823741092812e-07,512,201250,1.0,1.1967252642700451e-09,1.0,1.0,2.052576826509833e-07,9264,1.0322720401591817e-07,5001.1259598690085,6204.421331336009
10605.27633851468,1.0,7.669335996441105e-09,1.0,1.0,1.8759848014846148e-07,27792,9.763390849889966e-08,512,201500,1.0,7.61786380666069e-09,1.0,1.0,1.694202692518193e-07,9264,8.851906702088281e-08,5007.397760096865,6212.190303374999
10618.442141623489,1.0,0.0,1.0,1.0,2.0094689931319542e-07,27792,1.0047344965659771e-07,512,201750,1.0,0.0,1.0,1.0,1.8813036274246495e-07,9264,9.406518142032006e-08,5013.678937938908,6219.969004833998
10631.607944732297,1.0,2.830962986325822e-09,1.0,1.0,1.9940703158213998e-07,27792,1.0111899742433703e-07,512,202000,1.0,1.943070033408002e-09,1.0,1.0,1.8761564224672484e-07,9264,9.477935619528994e-08,5019.940003358759,6227.726696456011
10644.773747841105,1.0,0.0,1.0,1.0,1.807998836829048e-07,27792,9.039994187417745e-08,512,202250,1.0,0.0,1.0,1.0,1.6673085414861192e-07,9264,8.336542707430596e-08,5026.205948759802,6235.4877843440045
10657.939550949914,1.0,0.0,1.0,1.0,1.593017202103762e-07,27792,7.965086013791315e-08,512,202500,1.0,0.0,1.0,1.0,1.43336803155162e-07,9264,7.1668401577581e-08,5032.471378228933,6243.249485662003
10671.055267702935,1.0,1.059466464792416e-09,1.0,1.0,1.618881911948005e-07,27792,8.14738289080298e-08,512,202750,1.0,6.176646666787413e-10,1.0,1.0,1.4884431351005558e-07,9264,7.473098911137697e-08,5038.74152073804,6251.017582983011
10684.221070811744,1.0,0.0,1.0,1.0,1.8366944994678083e-07,27792,9.183472500611547e-08,512,203000,1.0,0.0,1.0,1.0,1.7384686635949081e-07,9264,8.692343317974541e-08,5044.970712600043,6258.741784359008
10697.386873920552,1.0,0.0,1.0,1.0,1.6173377501662592e-07,27792,8.086688754103801e-08,512,203250,1.0,0.0,1.0,1.0,1.5016971903938747e-07,9264,7.508485951969373e-08,5051.183908911029,6266.4483983740065
10710.552677029362,1.0,0.0,1.0,1.0,1.5096324554174675e-07,27792,7.548162280359843e-08,512,203500,1.0,0.0,1.0,1.0,1.381638611863133e-07,9264,6.908193059315665e-08,5057.401220543834,6274.160629334001
10723.71848013817,1.0,0.0,1.0,1.0,1.516452503286845e-07,27792,7.58226251970673e-08,512,203750,1.0,0.0,1.0,1.0,1.3979809907199437e-07,9264,6.989904953599718e-08,5063.6201849889185,6281.875713807007
10736.884283246978,1.0,0.0,1.0,1.0,1.2588348565042596e-07,27792,6.294174285793803e-08,512,204000,1.0,0.0,1.0,1.0,1.1045902526791039e-07,9264,5.52295126094114e-08,5069.834840424912,6289.584628049008
10750.0,1.0,0.0,1.0,1.0,1.3862281982622854e-07,27792,6.931140991311427e-08,48,204250,1.0,0.0,1.0,1.0,1.2732899268439644e-07,9264,6.366449634219822e-08,5076.060826927962,6297.3033397399995
10763.165803108808,1.0,0.0,1.0,1.0,1.2892891589654153e-07,27792,6.446445794827077e-08,512,204500,1.0,0.0,1.0,1.0,1.1781952971181146e-07,9264,5.890976485590573e-08,5082.296661229004,6305.032779371002
10776.331606217616,1.0,0.0,1.0,1.0,1.337544208754464e-07,27792,6.687721047044826e-08,512,204750,1.0,0.0,1.0,1.0,1.2240054299765755e-07,9264,6.120027149882878e-08,5088.5550571470085,6312.785264334001
10789.497409326425,1.0,0.0,1.0,1.0,1.2448516143573952e-07,27792,6.224258071786976e-08,512,205000,1.0,0.0,1.0,1.0,1.1411354143562137e-07,9264,5.7056770717810685e-08,5094.773693388081,6320.499500137012
10802.663212435233,1.0,0.0,1.0,1.0,1.1576493664170787e-07,27792,5.788246835357899e-08,512,205250,1.0,0.0,1.0,1.0,1.054533674920842e-07,9264,5.27266837460421e-08,5100.994440645998,6328.224069536009
10815.82901554404,1.0,0.0,1.0,1.0,1.1736485988657801e-07,27792,5.868242994328901e-08,512,205500,1.0,0.0,1.0,1.0,1.0592948399236825e-07,9264,5.2964741996184125e-08,5107.205906788935,6335.928854361002
10828.994818652849,1.0,0.0,1.0,1.0,1.1412212007946157e-07,27792,5.706106007245584e-08,512,205750,1.0,0.0,1.0,1.0,1.0285402849281197e-07,9264,5.1427014246405986e-08,5113.421450191963,6343.637234377005
10842.110535405873,1.0,0.0,1.0,1.0,1.02721058989688e-07,27792,5.1360529494844e-08,512,206000,1.0,0.0,1.0,1.0,9.210923609483029e-08,9264,4.6054618047415146e-08,5119.568580626015,6351.277225718004
10855.27633851468,1.0,0.0,1.0,1.0,1.1502717052254607e-07,27792,5.7513585261273035e-08,512,206250,1.0,0.0,1.0,1.0,1.0649567669476265e-07,9264,5.324783832283754e-08,5125.790855285144,6358.992872339004
10868.442141623489,1.0,0.0,1.0,1.0,9.729933566224738e-08,27792,4.864966783112369e-08,512,206500,1.0,0.0,1.0,1.0,8.694916685323728e-08,9264,4.347458342661864e-08,5132.012902201255,6366.708470186
10881.607944732297,1.0,4.267891114655683e-09,1.0,1.0,9.757385305053509e-08,27792,5.092087232087469e-08,512,206750,1.0,3.731723912418213e-09,1.0,1.0,8.738667857266398e-08,9264,4.555920143927492e-08,5138.249830079483,6374.438421168001
10894.773747841105,1.0,1.844415333697548e-10,1.0,1.0,1.079154476499498e-07,27792,5.404994459805139e-08,512,207000,1.0,6.434006963745057e-11,1.0,1.0,9.981717777411305e-08,9264,4.9940758924176234e-08,5144.479205558411,6382.161266371011
10907.939550949914,1.0,9.45756126595902e-08,1.0,1.0,9.250385703307251e-08,27792,9.353973222832703e-08,512,207250,1.0,9.508175459330276e-08,1.0,1.0,8.289574296155567e-08,9264,8.898874799202791e-08,5150.692069805489,6389.868200618002
10921.055267702935,1.0,0.0,1.0,1.0,9.45026871019743e-08,27792,4.725134355098715e-08,512,207500,1.0,0.0,1.0,1.0,8.549508117542659e-08,9264,4.274754058771329e-08,5156.897927477607,6397.568474415006
10934.221070811744,1.0,2.1961409511767018e-09,1.0,1.0,7.345061978504712e-08,27792,3.7823380492876186e-08,512,207750,1.0,1.9559380727996743e-09,1.0,1.0,6.203669248848492e-08,9264,3.199631537268151e-08,5163.120813046582,6405.285964178998
10947.386873920552,1.0,0.0,1.0,1.0,9.421101393135865e-08,27792,4.710550696567933e-08,512,208000,1.0,0.0,1.0,1.0,8.689769715004964e-08,9264,4.344884857502482e-08,5169.421704491469,6413.083099282012
10960.552677029362,1.0,0.0,1.0,1.0,1.0037479304349426e-07,27792,5.018739652174713e-08,512,208250,1.0,0.0,1.0,1.0,9.420672722744287e-08,9264,4.7103363613721436e-08,5175.588615329485,6420.742514993006
10973.71848013817,1.0,5.2587281270424015e-09,1.0,1.0,1.0089380271389174e-07,27792,5.307626572419648e-08,512,208500,1.0,4.593880809818156e-09,1.0,1.0,9.448982198329369e-08,9264,4.954185164199383e-08,5181.812983010444,6428.460954941009
10986.884283246978,1.0,3.1097699025992195e-09,1.0,1.0,8.485597184935603e-08,27792,4.398287105213046e-08,512,208750,1.0,2.753754882921317e-09,1.0,1.0,7.400394627247162e-08,9264,3.8378850724959215e-08,5188.0102472664,6436.151467586009
11000.0,1.0,0.0,1.0,1.0,9.986436231146246e-08,27792,4.993218115573123e-08,48,209000,1.0,0.0,1.0,1.0,9.384642281170217e-08,9264,4.6923211405851086e-08,5194.262224190301,6443.898779030002
11013.165803108808,1.0,7.077407598760087e-10,1.0,1.0,8.969434307595588e-08,27792,4.52010419462947e-08,512,209250,1.0,6.691367168663488e-10,1.0,1.0,8.189203937422344e-08,9264,4.128058807315666e-08,5200.51815485023,6451.649294162999
11026.331606217616,1.0,0.0,1.0,1.0,8.926112200381396e-08,27792,4.463056100190698e-08,512,209500,1.0,0.0,1.0,1.0,8.217513570087685e-08,9264,4.1087567850438425e-08,5206.781000037299,6459.408720117004
11039.497409326425,1.0,0.0,1.0,1.0,9.5407740097613e-08,27792,4.77038700488065e-08,512,209750,1.0,0.0,1.0,1.0,8.764404201122682e-08,9264,4.382202100561341e-08,5213.017799054156,6467.139138165003
11052.663212435233,1.0,2.4642244891207428e-08,1.0,1.0,9.395794794689185e-08,27792,5.930009465598735e-08,512,210000,1.0,2.3548463625046803e-08,1.0,1.0,8.711645340246364e-08,9264,5.533245675273825e-08,5219.232561627097,6474.847490313012
11065.82901554404,1.0,0.0,1.0,1.0,9.328452078931761e-08,27792,4.664226039465881e-08,512,210250,1.0,0.0,1.0,1.0,8.555942360586989e-08,9264,4.2779711802934943e-08,5225.44751119212,6482.565835504007
11078.994818652849,1.0,2.7138639763515323e-08,1.0,1.0,8.79099801829859e-08,27792,5.75243086069796e-08,512,210500,1.0,2.6057726520383843e-08,1.0,1.0,7.796729484561936e-08,9264,5.201250892198463e-08,5231.660768660178,6490.271406375003
11092.110535405873,1.0,0.0,1.0,1.0,8.073391779247614e-08,27792,4.036695889623807e-08,512,210750,1.0,0.0,1.0,1.0,7.204800801559352e-08,9264,3.602400400779676e-08,5237.900945056172,6498.00578502001
11105.27633851468,1.0,0.0,1.0,1.0,8.232097292432323e-08,27792,4.116048646216161e-08,512,211000,1.0,0.0,1.0,1.0,7.171343965409237e-08,9264,3.585671982704619e-08,5244.13597943903,6505.735144075006
11118.442141623489,1.0,1.6934305175427898e-08,1.0,1.0,1.0142997130822234e-07,27792,5.9182138245915745e-08,512,211250,1.0,1.5789052445062666e-08,1.0,1.0,9.492733762972687e-08,9264,5.5358195924039205e-08,5250.363380187133,6513.454629597007
11131.607944732297,1.0,0.0,1.0,1.0,9.719210822659163e-08,27792,4.8596054113295816e-08,512,211500,1.0,0.0,1.0,1.0,9.096398984198044e-08,9264,4.548199492099022e-08,5256.58198797908,6521.166130853002
11144.773747841105,1.0,0.0,1.0,1.0,8.408389043488224e-08,27792,4.204194521744112e-08,512,211750,1.0,0.0,1.0,1.0,7.217668816407234e-08,9264,3.608834408203617e-08,5262.799966403094,6528.876174090998
11157.939550949914,1.0,0.0,1.0,1.0,9.218216137428324e-08,27792,4.609108068714162e-08,512,212000,1.0,0.0,1.0,1.0,8.418254601714649e-08,9264,4.2091273008573244e-08,5269.011459660091,6536.579797707003
11171.055267702935,1.0,6.704234882849937e-09,1.0,1.0,9.193766961577433e-08,27792,4.9320952675760496e-08,512,212250,1.0,6.253854429135494e-09,1.0,1.0,8.522485521982496e-08,9264,4.5739355217947865e-08,5275.243481495971,6544.304151032004
11184.221070811744,1.0,4.1778150117431655e-09,1.0,1.0,9.714492550548272e-08,27792,5.066137049638092e-08,512,212500,1.0,3.7445918789455076e-09,1.0,1.0,9.162025859922244e-08,9264,4.768242545997809e-08,5281.498345123051,6552.052362688002
11197.386873920552,1.0,0.0,1.0,1.0,8.368069342171655e-08,27792,4.184034671085827e-08,512,212750,1.0,0.0,1.0,1.0,7.346348967340435e-08,9264,3.6731744836702175e-08,5287.663491810934,6559.709843546007
11210.552677029362,1.0,1.2095932903671647e-09,1.0,1.0,8.904236601320039e-08,27792,4.512597970445066e-08,512,213000,1.0,1.1323852084384768e-09,1.0,1.0,8.118429855758992e-08,9264,4.115834193210178e-08,5293.881831135848,6567.420821576001
11223.71848013817,1.0,3.989084308829343e-10,1.0,1.0,9.38464241043418e-08,27792,4.712266628231308e-08,512,213250,1.0,2.8309630594458646e-10,1.0,1.0,8.652452471946106e-08,9264,4.340381052305723e-08,5300.107783810978,6575.1396649829985
11236.884283246978,1.0,1.0423091134515578e-09,1.0,1.0,9.445122027859141e-08,27792,4.7746764740634937e-08,512,213500,1.0,8.364208945489491e-10,1.0,1.0,8.624142839280765e-08,9264,4.353892467896e-08,5306.325144506016,6582.849126173998
11250.0,1.0,1.4583749163841737e-10,1.0,1.0,8.962142694315553e-08,27792,4.488363223874496e-08,48,213750,1.0,1.158121259610058e-10,1.0,1.0,8.108135443880686e-08,9264,4.05985832862189e-08,5312.518401395093,6590.534537454005
11263.165803108808,1.0,1.861572532406709e-08,1.0,1.0,9.60296983374009e-08,27792,5.732271114759849e-08,512,214000,1.0,1.7333213435271295e-08,1.0,1.0,9.052647733715245e-08,9264,5.392984509782233e-08,5318.748055495191,6598.257265061999
11276.331606217616,1.0,0.0,1.0,1.0,9.601254098427039e-08,27792,4.8006270492135195e-08,512,214250,1.0,0.0,1.0,1.0,8.943269607508244e-08,9264,4.471634803754122e-08,5324.992896160387,6605.996413221001
11289.497409326425,1.0,3.539304284220683e-07,0.9996401842256765,0.9996401842256765,0.001075044589596503,27792,0.0005376992535937704,512,214500,1.0,3.5331705186955067e-07,1.0,1.0,3.912665504022841e-05,9264,1.9739986049386936e-05,5331.2389091983205,6613.736437009007
11302.663212435233,1.0,7.506341043526102e-10,0.9997841105354058,0.9997841105354058,0.0005692700488427434,27792,0.0002846353933714849,512,214750,1.0,7.206087701219302e-10,1.0,1.0,4.435788916660366e-06,9264,2.218254762745924e-06,5337.491020719332,6621.481925188011
11315.82901554404,1.0,8.063954802952854e-10,0.9999280368451353,0.9999280368451353,0.00012666514829574844,27792,6.333297734567279e-05,512,215000,1.0,6.43400691772545e-10,1.0,1.0,7.98292228154736e-07,9264,3.99467814448565e-07,5343.732128733318,6629.217805316002
11328.994818652849,1.0,7.1631937866109e-10,1.0,1.0,6.201536696191159e-06,27792,3.101126507842179e-06,512,215250,1.0,6.30532673856689e-10,1.0,1.0,2.413781704837395e-07,9264,1.2100435160564287e-07,5349.971847327368,6636.96328904001
11342.110535405873,1.0,6.691367181446712e-10,1.0,1.0,1.9966847374053765e-07,27792,1.0016880525631377e-07,512,215500,1.0,7.334767880377862e-10,1.0,1.0,1.6813346295644816e-07,9264,8.443346990138873e-08,5356.199242036411,6644.684946727008
11355.27633851468,1.0,1.4583749240541082e-10,1.0,1.0,1.6598450558950366e-07,27792,8.306517154555649e-08,512,215750,1.0,7.720808448533283e-11,1.0,1.0,1.5004103889090864e-07,9264,7.505912348999797e-08,5362.4585516364605,6652.439470208003
11368.442141623489,1.0,1.077052697959381e-08,1.0,1.0,1.501175943442433e-07,27792,8.044406138596037e-08,512,216000,1.0,9.85689809413273e-09,1.0,1.0,1.437223802138333e-07,9264,7.678963979365555e-08,5368.742858296304,6660.218694387004
11381.607944732297,1.0,3.697405135722934e-09,0.9998200921128382,0.9998200921128382,0.0005075765914934064,27792,0.00025379014230683385,512,216250,1.0,3.2427372075199575e-09,1.0,1.0,1.0081808340270475e-05,9264,5.04252554000607e-06,5375.004098318357,6667.973408335005
11394.773747841105,1.0,1.11093843495704e-09,0.999892055267703,0.999892055267703,0.00019588581678677656,27792,9.794346386269587e-05,512,216500,1.0,1.0294410129560733e-09,1.0,1.0,2.205838639529813e-06,9264,1.1034340403588217e-06,5381.323935924447,6675.788419017001
11407.939550949914,1.0,1.1066491705614488e-09,0.9999640184225677,0.9999640184225677,5.682226246628062e-05,27792,2.841168455777877e-05,512,216750,1.0,1.1452532225193655e-09,1.0,1.0,5.504805483878278e-07,9264,2.7581290085464467e-07,5387.626355360466,6683.587406193998
11421.055267702935,1.0,1.6728418177323204e-10,1.0,1.0,1.0027764731995561e-06,27792,5.014718786962893e-07,512,217000,1.0,1.6728418151756755e-10,1.0,1.0,2.3989835505944343e-07,9264,1.2003281962623293e-07,5393.890921010316,6691.347415023003
11434.221070811744,1.0,2.0202781368125062e-09,1.0,1.0,1.9352631371539985e-07,27792,9.777329602325868e-08,512,217250,1.0,1.7629178623533358e-09,1.0,1.0,1.7149201964232835e-07,9264,8.662746883824412e-08,5400.140302040236,6699.092871008004
11447.386873920552,1.0,0.0,1.0,1.0,1.6862245125132384e-07,27792,8.431122562566192e-08,512,217500,1.0,1.2868014080888805e-11,1.0,1.0,1.5154659662811087e-07,9264,7.577973232147937e-08,5406.388410950254,6706.837108664011
11460.552677029362,1.0,0.0,1.0,1.0,1.6778173990072713e-07,27792,8.389086998308861e-08,512,217750,1.0,1.2868014080888805e-11,1.0,1.0,1.5112195213813075e-07,9264,7.556741007648932e-08,5412.646442003286,6714.590899209012
11473.71848013817,1.0,2.5349986831742026e-09,1.0,1.0,1.8598998195768226e-07,27792,9.426249047408258e-08,512,218000,1.0,2.1103542256634774e-09,1.0,1.0,1.7375679015738049e-07,9264,8.793357229621659e-08,5418.9055277122825,6722.344316927003
11486.884283246978,1.0,1.7157351980019499e-10,1.0,1.0,1.7612450390763918e-07,27792,8.814803871947215e-08,512,218250,1.0,7.720808371833938e-11,1.0,1.0,1.5960197392288515e-07,9264,7.983959100598622e-08,5425.157177556408,6730.091809450998
11500.0,1.0,5.172941310256956e-09,1.0,1.0,1.8129315653820523e-07,27792,9.323304925352696e-08,48,218500,1.0,4.568144778588405e-09,1.0,1.0,1.701666141129965e-07,9264,8.736737969199735e-08,5431.401138006564,6737.831014575
11513.165803108808,1.0,0.0,1.0,1.0,1.696990756838642e-07,27792,8.484953787465715e-08,512,218750,1.0,0.0,1.0,1.0,1.5821222831931387e-07,9264,7.910611415965693e-08,5437.650739173507,6745.576433437003
11526.331606217616,1.0,0.0,1.0,1.0,1.6549980879276417e-07,27792,8.274990442910713e-08,512,219000,1.0,0.0,1.0,1.0,1.528977381871385e-07,9264,7.644886909356925e-08,5443.904611871505,6753.324797603011
11539.497409326425,1.0,0.0,1.0,1.0,1.4680687726948166e-07,27792,7.340343866746588e-08,512,219250,1.0,0.0,1.0,1.0,1.3485678137040756e-07,9264,6.742839068520378e-08,5450.1491502864665,6761.063671654003
11552.663212435233,1.0,0.0,1.0,1.0,1.392361957242451e-07,27792,6.961809789484762e-08,512,219500,1.0,0.0,1.0,1.0,1.2667272397624204e-07,9264,6.333636196357722e-08,5456.4303514366475,6768.839685765008
11565.82901554404,1.0,0.0,1.0,1.0,1.5021690120417045e-07,27792,7.510845063481028e-08,512,219750,1.0,0.0,1.0,1.0,1.3920617043807937e-07,9264,6.960308519449589e-08,5462.6713606606645,6776.574945512009
11578.994818652849,1.0,9.307863232165346e-10,0.9974093264248705,0.9974093264248705,0.00874554098218628,27792,0.004372770956486343,512,220000,1.0,1.0551771155162159e-09,0.9996761658031088,0.9996761658031088,0.0013607016721151654,9264,0.000680351357212184,5468.8725978995935,6784.268687923002
11592.110535405873,1.0,3.0025366188740546e-11,0.9949625791594704,0.9949625791594704,0.01487125319932203,27792,0.007435626599661015,512,220250,1.0,3.860404224266642e-11,0.9980569948186528,0.9980569948186528,0.00687706891756138,9264,0.00343853445878069,5475.002351467454,6791.900239322
11605.27633851468,1.0,1.9773847514295872e-09,0.9997841105354058,0.9997841105354058,0.0008585801156142283,27792,0.00042929104221025005,512,220500,1.0,1.904465999602263e-09,1.0,1.0,2.492962489582177e-05,9264,1.2465764681009628e-05,5481.217495891586,6799.606638869009
11618.442141623489,1.0,3.0025366188740546e-11,0.9998560736902706,0.9998560736902706,0.00040268608025853156,27792,0.00020134305514194978,512,220750,1.0,1.2868014080888805e-11,1.0,1.0,3.1877522983269392e-06,9264,1.5938825831708935e-06,5487.438746860702,6807.318777188004
11631.607944732297,1.0,6.948727452837909e-10,0.9999640184225677,0.9999640184225677,0.0001029581941754228,27792,5.147944452411229e-05,512,221000,1.0,4.889845235688728e-10,1.0,1.0,5.718928999618624e-07,9264,2.8619094216486583e-07,5493.645577076735,6815.017794239
11644.773747841105,1.0,9.007609831055715e-11,1.0,1.0,1.1722831856488868e-06,27792,5.86186630876411e-07,512,221250,1.0,9.007609856622163e-11,1.0,1.0,1.9608278178123286e-07,9264,9.808642894258402e-08,5499.838566657621,6822.702473785001
11657.939550949914,1.0,6.318194451730679e-09,1.0,1.0,1.8063233624954769e-07,27792,9.347526576992893e-08,512,221500,1.0,5.880681898837759e-09,1.0,1.0,1.5121202348057057e-07,9264,7.854635315757017e-08,5506.084446197667,6830.442614843007
11671.055267702935,1.0,1.5698976570202868e-09,1.0,1.0,1.4231164917848552e-07,27792,7.194077349496358e-08,512,221750,1.0,1.4669535453958344e-09,1.0,1.0,1.2730325665470068e-07,9264,6.438510517367963e-08,5512.324788590791,6838.177048277008
11684.221070811744,1.0,9.067660389888144e-08,0.996149971214738,0.996149971214738,0.014615927086730214,27792,0.007308008879526086,512,222000,1.0,9.154304815393125e-08,0.9980569948186528,0.9980569948186528,0.006796293702062592,9264,0.00339819262256011,5518.5637024316675,6845.911525877003
11697.386873920552,1.0,2.81294764486515e-08,0.9971934369602763,0.9971934369602763,0.00916467232133166,27792,0.004582350182512675,512,222250,1.0,2.9532090529312055e-08,0.9990284974093264,0.9990284974093264,0.003550216656931015,9264,0.0017751230882796006,5524.812066314684,6853.653243452005
11710.552677029362,1.0,3.615911737625291e-09,0.9976971790443293,0.9976971790443293,0.009009550332542665,27792,0.004504776974227419,512,222500,1.0,3.4228915315252486e-09,0.9985967184801382,0.9985967184801382,0.006881193066456569,9264,0.003440598225372237,5531.093427970598,6861.429925043005
11723.71848013817,1.0,2.1060648712739876e-09,0.9999640184225677,0.9999640184225677,0.00017662837351557076,27792,8.831523979033376e-05,512,222750,1.0,2.2004303058218565e-09,1.0,1.0,1.0163926645167998e-05,9264,5.083063537853493e-06,5537.373778924593,6869.205314767998
11736.884283246978,1.0,1.1452532304449645e-09,1.0,1.0,3.535542721053447e-05,27792,1.7678286231927966e-05,512,223000,1.0,1.080913142911e-09,1.0,1.0,1.35568229104447e-06,9264,6.783816021458462e-07,5543.646699004472,6876.974565265002
11750.0,1.0,2.2047196471724577e-09,1.0,1.0,4.3897852923384095e-06,27792,2.19599500610784e-06,48,223250,1.0,1.904466000369257e-09,1.0,1.0,3.6790935557420766e-07,9264,1.8490691088584711e-07,5549.912419120519,6884.735106434004
11763.165803108808,1.0,3.5172569970085197e-09,1.0,1.0,1.0335675469664942e-06,27792,5.185424021791243e-07,512,223500,1.0,3.3070793978943083e-09,1.0,1.0,2.3110951819716837e-07,9264,1.1720829900653706e-07,5556.158406621587,6892.474997194004
11776.331606217616,1.0,1.6299484425759808e-10,1.0,1.0,2.632963136206956e-07,27792,1.3172965423771772e-07,512,223750,1.0,7.720808371833938e-11,1.0,1.0,2.2848444316820038e-07,9264,1.1428082562864384e-07,5562.41308652352,6900.228578294002
11789.497409326425,1.0,6.905834080238214e-10,1.0,1.0,1.8178642101589182e-07,27792,9.123850223969741e-08,512,224000,1.0,5.790606152321533e-10,1.0,1.0,1.6464623417245242e-07,9264,8.261264742030355e-08,5568.657808837423,6907.96636647101
11802.663212435233,1.0,4.80834767281663e-09,1.0,1.0,1.4429332503586197e-07,27792,7.455083665806872e-08,512,224250,1.0,4.375124604957752e-09,1.0,1.0,1.2985112359458138e-07,9264,6.711312432143067e-08,5574.928940878381,6915.732483691012
11815.82901554404,1.0,1.0727633498592374e-08,1.0,1.0,1.37245942761106e-07,27792,7.398678893570364e-08,512,224500,1.0,1.0641846803503223e-08,1.0,1.0,1.2483259780390728e-07,9264,6.773722306609675e-08,5581.180658116311,6923.479706808008
11828.994818652849,1.0,7.763701591034942e-10,1.0,1.0,1.5857253217872866e-07,27792,7.967445123666717e-08,512,224750,1.0,6.562687050864403e-10,1.0,1.0,1.4334967117000986e-07,9264,7.200296996362593e-08,5587.425151570205,6931.21880655401
11842.110535405873,1.0,3.431470421570348e-11,1.0,1.0,1.5632920825691453e-07,27792,7.818176151431282e-08,512,225000,1.0,3.860404224266642e-11,1.0,1.0,1.3888447001779473e-07,9264,6.946153703116918e-08,5593.654294418258,6938.942597307003
11855.27633851468,1.0,5.7219765122581035e-09,1.0,1.0,1.4195134685714828e-07,27792,7.383666209581167e-08,512,225250,1.0,5.275885446425199e-09,1.0,1.0,1.2774076920861626e-07,9264,6.65083276235802e-08,5599.895982801318,6946.696139945998
11868.442141623489,1.0,0.0,1.0,1.0,1.5901004311275405e-07,27792,7.950502158910209e-08,512,225500,1.0,0.0,1.0,1.0,1.4239743807126657e-07,9264,7.119871903563329e-08,5606.113632467517,6954.407306745998
11881.607944732297,1.0,0.0,1.0,1.0,1.3891449482944718e-07,27792,6.945724744744866e-08,512,225750,1.0,0.0,1.0,1.0,1.2470391770451605e-07,9264,6.235195882771424e-08,5612.336797143624,6962.12367192001
11894.773747841105,1.0,7.017356559073895e-09,1.0,1.0,1.434268776555695e-07,27792,7.522211757569904e-08,512,226000,1.0,6.67849881940646e-09,1.0,1.0,1.2934927101551397e-07,9264,6.801388536078243e-08,5618.588211766561,6969.8690015080065
11907.939550949914,1.0,4.546698242107945e-10,1.0,1.0,1.4558012599704933e-07,27792,7.301739796022897e-08,512,226250,1.0,4.2464446006736984e-10,1.0,1.0,1.3247619862354934e-07,9264,6.645042155676473e-08,5624.844856528638,6977.621061425001
11921.055267702935,1.0,0.0,1.0,1.0,1.6732706742476432e-07,27792,8.366353371238216e-08,512,226500,1.0,0.0,1.0,1.0,1.5835377491183797e-07,9264,7.917688745591899e-08,5631.0804596897215,6985.355507747008
11934.221070811744,1.0,3.860404224266642e-11,1.0,1.0,1.3248048799455705e-07,27792,6.625954601955033e-08,512,226750,1.0,5.147205632355522e-11,1.0,1.0,1.1968539186475438e-07,9264,5.986843196207296e-08,5637.2973803956265,6993.064870691
11947.386873920552,1.0,0.0,1.0,1.0,1.3249764482408667e-07,27792,6.624882241204334e-08,512,227000,1.0,0.0,1.0,1.0,1.2189869041859014e-07,9264,6.094934520929507e-08,5643.521968156638,7000.781728953007
11960.552677029362,1.0,0.0,1.0,1.0,1.2937071773965215e-07,27792,6.468535886982608e-08,512,227250,1.0,0.0,1.0,1.0,1.1869455477055503e-07,9264,5.9347277360733724e-08,5649.728841738528,7008.480966743009
11973.71848013817,1.0,3.8175107877508257e-10,1.0,1.0,1.2250348714916567e-07,27792,6.144261912815975e-08,512,227500,1.0,3.0883233794133134e-10,1.0,1.0,1.113340502284788e-07,9264,5.582144129241399e-08,5655.941362920639,7016.1859084000025
11986.884283246978,1.0,2.5307094103416833e-10,1.0,1.0,1.1516014000930751e-07,27792,5.770660548399126e-08,512,227750,1.0,2.187562393751097e-10,1.0,1.0,1.0470702263090702e-07,9264,5.246288944166051e-08,5662.158808022665,7023.8962094340095
12000.0,1.0,0.0,1.0,1.0,1.385112970963303e-07,27792,6.925564854816516e-08,48,228000,1.0,0.0,1.0,1.0,1.3198721248852724e-07,9264,6.599360624426362e-08,5668.380860105652,7031.610934477998
12013.165803108808,1.0,2.2561917065639867e-09,1.0,1.0,1.1509151059678547e-07,27792,5.867385126672375e-08,512,228250,1.0,2.0846181844628114e-09,1.0,1.0,1.0610963624932619e-07,9264,5.4097127327341556e-08,5674.577808137663,7039.299855074001
12026.331606217616,1.0,0.0,1.0,1.0,1.0920224913473802e-07,27792,5.460112456736901e-08,512,228500,1.0,0.0,1.0,1.0,9.889067991966424e-08,9264,4.944533995983212e-08,5680.854382060526,7047.073730208998
12039.497409326425,1.0,0.0,1.0,1.0,1.0696321455120652e-07,27792,5.348160727560326e-08,512,228750,1.0,0.0,1.0,1.0,9.856898111926978e-08,9264,4.928449055963489e-08,5687.0676676477015,7054.787095242005
12052.663212435233,1.0,6.92084660888567e-08,1.0,1.0,1.0999577665157399e-07,27792,8.960211785227203e-08,512,229000,1.0,6.875379621453565e-08,1.0,1.0,1.0448826716389432e-07,9264,8.66210285476098e-08,5693.319305928686,7062.533817695003
12065.82901554404,1.0,0.0,1.0,1.0,1.0311138877340709e-07,27792,5.1555694386703545e-08,512,229250,1.0,0.0,1.0,1.0,9.370487072136899e-08,9264,4.6852435360684494e-08,5698.859223678606,7069.542118680998
12078.994818652849,1.0,3.0025366188740546e-11,1.0,1.0,1.0447110900899998e-07,27792,5.225056718848919e-08,512,229500,1.0,2.573602816177761e-11,1.0,1.0,9.867192680885543e-08,9264,4.9348831419275595e-08,5705.058633175548,7077.235268542005
12092.110535405873,1.0,0.0,1.0,1.0,9.270545619415642e-08,27792,4.635272809707821e-08,512,229750,1.0,0.0,1.0,1.0,8.36678230670273e-08,9264,4.183391153351365e-08,5711.320089576417,7084.991811034008
12105.27633851468,1.0,9.951263951549655e-10,1.0,1.0,8.88236066191812e-08,27792,4.4909366550375387e-08,512,230000,1.0,9.522330159079941e-10,1.0,1.0,7.915115221162453e-08,9264,4.0051692655183904e-08,5717.5377179955685,7092.703466191
12118.442141623489,1.0,1.0152862201445353e-08,1.0,1.0,8.492459995287591e-08,27792,4.7538731833927505e-08,512,230250,1.0,9.676746079544728e-09,1.0,1.0,7.485323525243185e-08,9264,4.2264991209019656e-08,5723.759085760757,7100.4294400500075
12131.607944732297,1.0,0.0,1.0,1.0,8.970721135260418e-08,27792,4.485360567630209e-08,512,230500,1.0,0.0,1.0,1.0,8.186630334452769e-08,9264,4.0933151672263844e-08,5729.98729877171,7108.150225147008
12144.773747841105,1.0,0.0,1.0,1.0,9.186903732344754e-08,27792,4.593451866172377e-08,512,230750,1.0,0.0,1.0,1.0,8.528919372326177e-08,9264,4.2644596861630884e-08,5736.237347957955,7115.894203185002
12157.939550949914,1.0,0.0,1.0,1.0,9.017045962532752e-08,27792,4.508522981266376e-08,512,231000,1.0,0.0,1.0,1.0,8.164754630671239e-08,9264,4.0823773153356194e-08,5742.47689308894,7123.628575228999
12171.055267702935,1.0,0.0,1.0,1.0,9.087391162727928e-08,27792,4.543695581363964e-08,512,231250,1.0,0.0,1.0,1.0,8.364208939353543e-08,9264,4.1821044696767716e-08,5748.720514141867,7131.366249608007
12184.221070811744,1.0,0.0,1.0,1.0,1.001517471909972e-07,27792,5.00758735954986e-08,512,231500,1.0,0.0,1.0,1.0,9.57894922683311e-08,9264,4.789474613416555e-08,5754.938667867915,7139.077418261004
12197.386873920552,1.0,0.0,1.0,1.0,9.859471791800431e-08,27792,4.9297358959002156e-08,512,231750,1.0,0.0,1.0,1.0,9.349898719621064e-08,9264,4.674949359810532e-08,5761.183285846841,7146.816135004003
12210.552677029362,1.0,0.0,1.0,1.0,8.764404016226126e-08,27792,4.382202008113063e-08,512,232000,1.0,0.0,1.0,1.0,7.95243246422131e-08,9264,3.976216232110655e-08,5767.468531688792,7154.597920182001
12223.71848013817,1.0,9.749664570594277e-09,1.0,1.0,9.210924079087554e-08,27792,5.0929453353643834e-08,512,232250,1.0,9.329309387194395e-09,1.0,1.0,8.422114927628884e-08,9264,4.677523002050174e-08,5773.743980677464,7162.370422774999
12236.884283246978,1.0,0.0,1.0,1.0,8.365066805373816e-08,27792,4.182533404323161e-08,512,232500,1.0,0.0,1.0,1.0,7.468595105940937e-08,9264,3.734297552970469e-08,5780.0329427536635,7170.155214564002
12250.0,1.0,0.0,1.0,1.0,9.664307161741316e-08,27792,4.832153580870658e-08,48,232750,1.0,0.0,1.0,1.0,9.012756809146679e-08,9264,4.5063784045733396e-08,5786.2954348166095,7177.91407660101
12263.165803108808,1.0,8.501467457600238e-09,1.0,1.0,8.571383976768196e-08,27792,4.7107654121924744e-08,512,233000,1.0,7.746543855430364e-09,1.0,1.0,7.859782757316559e-08,9264,4.317218625579535e-08,5792.5826780767675,7185.69799174901
12276.331606217616,1.0,5.576139435051816e-11,1.0,1.0,8.67647271233248e-08,27792,4.341024426049948e-08,512,233250,1.0,3.8604041475672965e-11,1.0,1.0,7.964013599044275e-08,9264,3.98393700174932e-08,5798.83227036969,7193.4424394170055
12289.497409326425,1.0,4.7182717197235e-10,1.0,1.0,8.766548842447699e-08,27792,4.4068657817783e-08,512,233500,1.0,3.0883233640734443e-10,1.0,1.0,8.061810590428311e-08,9264,4.0463469130316135e-08,5805.069548828615,7201.172582094005
12302.663212435233,1.0,6.262433381307063e-10,1.0,1.0,9.76253298223344e-08,27792,4.9125786605799e-08,512,233750,1.0,3.989084342065726e-10,1.0,1.0,9.266256780190089e-08,9264,4.653073813109262e-08,5811.277514274698,7208.873883257009
12315.82901554404,1.0,2.101775620428614e-10,1.0,1.0,7.664188933265001e-08,27792,3.842603345424938e-08,512,234000,1.0,1.5441616820367222e-10,1.0,1.0,6.515075208167241e-08,9264,3.26525841299235e-08,5817.52407990981,7216.613980916998
12328.994818652849,1.0,5.404565783584411e-10,1.0,1.0,7.53894025541228e-08,27792,3.796492958886693e-08,512,234250,1.0,2.9596432155946214e-10,1.0,1.0,6.373527044840537e-08,9264,3.201561739495333e-08,5823.789729677868,7224.374614022003
12342.110535405873,1.0,2.2433236876254728e-09,1.0,1.0,8.000044117522222e-08,27792,4.1121882548518186e-08,512,234500,1.0,2.0074101191523147e-09,1.0,1.0,7.177777970378799e-08,9264,3.689259501002881e-08,5830.036618063779,7232.1162678740075
12355.27633851468,1.0,2.1446690134814675e-11,1.0,1.0,9.388502867248632e-08,27792,4.695323768194973e-08,512,234750,1.0,0.0,1.0,1.0,8.791427032303235e-08,9264,4.3957135161516174e-08,5836.287509269663,7239.861348707011
12368.442141623489,1.0,5.962179744986107e-10,1.0,1.0,8.770409273082108e-08,27792,4.415015539241567e-08,512,235000,1.0,3.731724029768212e-10,1.0,1.0,7.961440074614829e-08,9264,3.999378658836843e-08,5842.504828833655,7247.572011965007
12381.607944732297,1.0,1.2782226811577223e-09,1.0,1.0,8.825741736928001e-08,27792,4.476782008875149e-08,512,235250,1.0,9.908370543156932e-10,1.0,1.0,8.012912136460736e-08,9264,4.055997925394715e-08,5848.744259790779,7255.316267784001
12394.773747841105,1.0,5.576139435051816e-11,1.0,1.0,9.33445723106757e-08,27792,4.6700166854174925e-08,512,235500,1.0,1.2868014080888805e-11,1.0,1.0,8.661460082339623e-08,9264,4.331373441912206e-08,5854.967193592718,7263.031716849
12407.939550949914,1.0,0.0,1.0,1.0,6.914412598189223e-08,27792,3.457206300730864e-08,512,235750,1.0,0.0,1.0,1.0,5.697956265326718e-08,9264,2.848978132663359e-08,5861.184092293755,7270.7411852040095
12421.055267702935,1.0,6.820047299245796e-10,1.0,1.0,8.65030772262841e-08,27792,4.359254100661093e-08,512,236000,1.0,4.889845266368466e-10,1.0,1.0,7.783861469714053e-08,9264,3.916379963068003e-08,5867.373827267569,7278.425788135006
12434.221070811744,1.0,1.415481543784479e-10,1.0,1.0,8.760543795032064e-08,27792,4.3873493056823675e-08,512,236250,1.0,7.720808448533283e-11,1.0,1.0,7.967874082038769e-08,9264,3.987797445473749e-08,5873.634171236656,7286.1807891049975
12447.386873920552,1.0,0.0,1.0,1.0,9.512893729804914e-08,27792,4.756446864902457e-08,512,236500,1.0,0.0,1.0,1.0,8.911099570388539e-08,9264,4.4555497851942695e-08,5879.904048636628,7293.946704332004
12460.552677029362,1.0,2.2218769969793288e-09,1.0,1.0,9.277409058088669e-08,27792,4.7497983905643846e-08,512,236750,1.0,1.7500498597773488e-09,1.0,1.0,8.586825596221906e-08,9264,4.3809152990765526e-08,5886.161579727559,7301.699554053004
12473.71848013817,1.0,0.0,1.0,1.0,8.597977847940442e-08,27792,4.298988923970221e-08,512,237000,1.0,0.0,1.0,1.0,7.760699042987865e-08,9264,3.8803495214939324e-08,5892.420893130693,7309.453800782008
12486.884283246978,1.0,3.856114681452426e-09,1.0,1.0,9.114414203348827e-08,27792,4.750012857478516e-08,512,237250,1.0,3.3328154275900728e-09,1.0,1.0,8.382224160140579e-08,9264,4.3577528723503644e-08,5898.652503605495,7317.180512182007
12500.0,1.0,1.286801402975591e-10,1.0,1.0,9.33488613871579e-08,27792,4.673877076781836e-08,48,237500,1.0,6.434007040444402e-11,1.0,1.0,8.624142839280765e-08,9264,4.315288423352353e-08,5904.888744912489,7324.9119185559975
12513.165803108808,1.0,6.005073107359222e-10,1.0,1.0,9.372203381774648e-08,27792,4.7161270588657155e-08,512,237750,1.0,4.632484954070952e-10,1.0,1.0,8.791426953763104e-08,9264,4.41887590360774e-08,5911.135889831494,7332.654926495001
12526.331606217616,1.0,0.0,1.0,1.0,1.0479281226000179e-07,27792,5.2396406130000895e-08,512,238000,1.0,0.0,1.0,1.0,1.0150289164619211e-07,9264,5.0751445823096056e-08,5917.368323183517,7340.381296913009
12539.497409326425,1.0,0.0,1.0,1.0,8.552939795972853e-08,27792,4.27646989962268e-08,512,238250,1.0,0.0,1.0,1.0,7.787721795628288e-08,9264,3.893860897814144e-08,5923.5853206455795,7348.09213188001
12552.663212435233,1.0,4.879595295518514e-06,0.9994242947610823,0.9994242947610823,0.002071289211580241,27792,0.0010380843915924576,512,238500,1.0,1.2751835060050241e-06,1.0,1.0,3.428279514662159e-05,9264,1.7778989512846114e-05,5929.817656629544,7355.817391572011
12565.82901554404,1.0,2.1420868915667307e-08,0.9997481289579735,0.9997481289579735,0.0010523779694050662,27792,0.0005261996908929809,512,238750,1.0,1.6985777043582395e-08,1.0,1.0,3.844425254492354e-06,9264,1.9307055170457796e-06,5936.069196386568,7363.56327276901
12578.994818652849,1.0,5.730490944940325e-09,0.9997841105354058,0.9997841105354058,0.00038226831818248747,27792,0.0001911370265140166,512,239000,1.0,1.7886538859131527e-09,1.0,1.0,5.290681218079694e-07,9264,2.654283879359125e-07,5942.303838849592,7371.290689531001
12592.110535405873,1.0,1.6428163940190708e-09,1.0,1.0,1.3792801666597588e-05,27792,6.897222241579917e-06,512,239250,1.0,1.4026134619525016e-09,1.0,1.0,2.0761252308493537e-07,9264,1.0450756835167726e-07,5948.533213769668,7379.013557413011
12605.27633851468,1.0,1.4669535387485579e-09,1.0,1.0,3.791709380985219e-07,27792,1.9031894589559023e-07,512,239500,1.0,1.338273409188907e-09,1.0,1.0,1.66550692515926e-07,9264,8.394448303005288e-08,5954.767734875699,7386.741271111998
12618.442141623489,1.0,2.024567476629121e-09,0.9994602763385146,0.9994602763385146,0.0015375016972414021,27792,0.0007687518588939084,512,239750,1.0,1.8915979970262763e-09,1.0,1.0,2.6144987924848017e-05,9264,1.3073439761515328e-05,5960.988385723613,7394.4535076230095
12631.607944732297,1.0,1.7371818444181376e-09,0.9996761658031088,0.9996761658031088,0.0011655666022821532,27792,0.0005827841675874097,512,240000,1.0,1.7500498705152572e-09,1.0,1.0,2.2560875063021854e-06,9264,1.1289187777680481e-06,5967.268339598522,7402.225537300008
12644.773747841105,1.0,2.299085085299629e-09,0.999892055267703,0.999892055267703,0.0004764052392718788,27792,0.00023820376703393,512,240250,1.0,2.239034361870405e-09,1.0,1.0,6.332088960711652e-07,9264,3.177239653273483e-07,5973.566162970266,7410.028718627
12657.939550949914,1.0,1.9988314300595e-09,0.9999640184225677,0.9999640184225677,0.00019249922776489267,27792,9.625061544293532e-05,512,240500,1.0,1.955938060527779e-09,1.0,1.0,2.502699703144287e-07,9264,1.2611295428565342e-07,5979.80895321125,7417.764909314006
12671.055267702935,1.0,1.1023598412270782e-09,1.0,1.0,5.53843604146862e-07,27792,2.774729820427486e-07,512,240750,1.0,8.364208907139818e-10,1.0,1.0,2.0543783171724845e-07,9264,1.031371263411804e-07,5986.056314154237,7425.506824885
12684.221070811744,1.0,4.3708352088949505e-09,0.9998560736902706,0.9998560736902706,0.000791086762552147,27792,0.0003955455581152519,512,241000,1.0,4.336520512860511e-09,1.0,1.0,3.777756053857451e-05,9264,1.8890948536072333e-05,5992.304495240198,7433.2486786790105
12697.386873920552,1.0,4.2335764165759276e-09,0.9999280368451353,0.9999280368451353,0.00032786861050053124,27792,0.00016393641989403894,512,241250,1.0,4.169236220895886e-09,1.0,1.0,4.5643379518174925e-06,9264,2.2842535943141034e-06,5998.568668942287,7441.007609459004
12710.552677029362,1.0,4.752586275142473e-09,0.9999640184225677,0.9999640184225677,7.19962399969656e-05,27792,3.600049629189137e-05,512,241500,1.0,4.65822085797979e-09,1.0,1.0,8.374499389864058e-07,9264,4.210540801806696e-07,6004.827364931232,7448.761897351011
12723.71848013817,1.0,0.0,0.9973013816925734,0.9973013816925734,0.010385532358904714,27792,0.005192766179452357,512,241750,1.0,0.0,0.9989205526770294,0.9989205526770294,0.00455361123024671,9264,0.0022768056147212294,6011.110540699083,7456.5426550590055
12736.884283246978,1.0,4.2850484933526415e-09,0.9996761658031088,0.9996761658031088,0.0012674146944685921,27792,0.0006337094811800916,512,242000,1.0,4.2335764423980405e-09,1.0,1.0,1.768457838959448e-05,9264,8.844405983239718e-06,6017.391985538154,7464.321797993005
12750.0,1.0,1.2010146053649818e-09,0.9997121473805411,0.9997121473805411,0.0009360868847470786,27792,0.0004680440428808989,48,242250,1.0,1.055177122419157e-09,1.0,1.0,2.475363222348531e-06,9264,1.2382091997830287e-06,6023.574874260201,7471.998906515
12763.165803108808,1.0,5.288753445933212e-09,0.9998200921128382,0.9998200921128382,0.0007262420799469194,27792,0.00036312367362716525,512,242500,1.0,5.005657235095814e-09,1.0,1.0,5.796910803231489e-07,9264,2.9234836904948754e-07,6029.834223333193,7479.75350099901
12776.331606217616,1.0,1.0530324039857305e-08,0.9999640184225677,0.9999640184225677,0.00016965875323050148,27792,8.483463963332352e-05,512,242750,1.0,9.959842212915787e-09,1.0,1.0,3.4774517630757614e-07,9264,1.7885250989991852e-07,6036.081563132204,7487.495703049004
12789.497409326425,1.0,4.58959161982093e-10,1.0,1.0,2.9864449580690776e-07,27792,1.4955172750157445e-07,512,243000,1.0,4.246444608343633e-10,1.0,1.0,2.6519688952920846e-07,9264,1.328107670095943e-07,6042.332872319283,7495.242868112007
12802.663212435233,1.0,9.440832308329634e-09,1.0,1.0,2.3421499852473964e-07,27792,1.2182791578060087e-07,512,243250,1.0,8.98187328082706e-09,1.0,1.0,2.2000442138344597e-07,9264,1.1449314787363389e-07,6048.596206092363,7503.002938245001
12815.82901554404,1.0,0.0,1.0,1.0,1.6969907306585987e-07,27792,8.484953653292994e-08,512,243500,1.0,0.0,1.0,1.0,1.530521543653131e-07,9264,7.652607718265655e-08,6054.850152048253,7510.753259913006
12828.994818652849,1.0,0.0,1.0,1.0,1.7871955252142704e-07,27792,8.935977626071352e-08,512,243750,1.0,0.0,1.0,1.0,1.630119977593988e-07,9264,8.150599892878697e-08,6061.1065673242265,7518.503949970007
12842.110535405873,1.0,1.5441616871500118e-10,1.0,1.0,1.633551448874591e-07,27792,8.175478056554189e-08,512,244000,1.0,1.0294411111312354e-10,1.0,1.0,1.499380947721256e-07,9264,7.502051944545432e-08,6067.364946418122,7526.256872555998
12855.27633851468,1.0,5.142915890736604e-08,1.0,1.0,1.703853692854837e-07,27792,1.1090726110208242e-07,512,244250,1.0,5.1665072521091807e-08,1.0,1.0,1.5720852316117905e-07,9264,1.044367943191015e-07,6073.624715963349,7534.01154837801
12868.442141623489,1.0,8.57867605392587e-12,1.0,1.0,1.6815491337851744e-07,27792,8.408174606026641e-08,512,244500,1.0,1.2868014080888805e-11,1.0,1.0,1.5538126505277978e-07,9264,7.769706653381383e-08,6079.817865103396,7541.701930438008
12881.607944732297,1.0,4.233576367488347e-09,1.0,1.0,1.7770727025752959e-07,27792,9.097042360396648e-08,512,244750,1.0,3.5773077350106196e-09,1.0,1.0,1.6525103244110547e-07,9264,8.441417028440837e-08,6086.096546492365,7549.476834027009
12894.773747841105,1.0,0.0,1.0,1.0,1.6489930562200323e-07,27792,8.244965281100162e-08,512,245000,1.0,0.0,1.0,1.0,1.5251169774170204e-07,9264,7.625584887085102e-08,6092.377544064249,7557.252787440011
12907.939550949914,1.0,0.0,1.0,1.0,1.5688253341897433e-07,27792,7.844126674221222e-08,512,245250,1.0,0.0,1.0,1.0,1.4235883402672293e-07,9264,7.117941701336146e-08,6098.630420402347,7565.010891217011
12921.055267702935,1.0,6.159488970043835e-09,0.99938831318365,0.99938831318365,0.0031111252777788856,27792,0.0015555656886089616,512,245500,1.0,5.893550014161785e-09,1.0,1.0,5.0442730597765645e-05,9264,2.5224312074282988e-05,6104.88748701541,7572.762056302003
12934.221070811744,1.0,2.530709415454973e-10,0.9996761658031088,0.9996761658031088,0.001364610606544985,27792,0.0006823054298079719,512,245750,1.0,1.9302021121333207e-10,1.0,1.0,5.755932401817064e-06,9264,2.878062711019891e-06,6111.162545094456,7580.5301557269995
12947.386873920552,1.0,9.003320003942593e-09,0.999892055267703,0.999892055267703,0.0004406555014491608,27792,0.0002203322459511006,512,246000,1.0,8.093980256323184e-09,1.0,1.0,7.269908359146794e-07,9264,3.675424086269987e-07,6117.401075482514,7588.263360711004
12960.552677029362,1.0,9.393650077073884e-10,0.9999640184225677,0.9999640184225677,6.656199005605441e-05,27792,3.3281464710569154e-05,512,246250,1.0,7.077407583420218e-10,1.0,1.0,2.2488139743999076e-07,9264,1.1279456912831215e-07,6123.62677635139,7595.982859361
12973.71848013817,1.0,7.776569386011367e-09,1.0,1.0,2.408381824829022e-07,27792,1.2430737610012738e-07,512,246500,1.0,6.8329149991150335e-09,1.0,1.0,1.656628073454351e-07,9264,8.624786161483029e-08,6129.849793936446,7603.698332993998
12986.884283246978,1.0,0.0,1.0,1.0,1.4350408626825767e-07,27792,7.175204316685389e-08,512,246750,1.0,0.0,1.0,1.0,1.279209214164866e-07,9264,6.39604607082433e-08,6136.087004390545,7611.42771699201
13000.0,1.0,1.3567175212616347e-08,1.0,1.0,1.469184005884308e-07,27792,8.024278882091573e-08,48,247000,1.0,1.2456236599461161e-08,1.0,1.0,1.3086769676756406e-07,9264,7.166196757015705e-08,6142.312153622348,7619.144979068005
13013.165803108808,1.0,0.0,1.0,1.0,1.6166514508050303e-07,27792,8.083257257297656e-08,512,247250,1.0,0.0,1.0,1.0,1.4805936460433478e-07,9264,7.402968230216739e-08,6148.529544166318,7626.854308799011
13026.331606217616,1.0,9.007609831055715e-11,1.0,1.0,1.4979654657607383e-07,27792,7.494331137272956e-08,512,247500,1.0,1.0294411264711044e-10,1.0,1.0,1.3449647695466687e-07,9264,6.729971053672496e-08,6154.751192304466,7634.567299699003
13039.497409326425,1.0,4.5381193446485755e-09,1.0,1.0,1.4220870663050506e-07,27792,7.337341329948748e-08,512,247750,1.0,3.911876071200984e-09,1.0,1.0,1.290147026785566e-07,9264,6.646328957161262e-08,6160.968888442396,7642.279141323001
13052.663212435233,1.0,5.5113700492142994e-08,1.0,1.0,1.3789792218006535e-07,27792,9.650580781816087e-08,512,248000,1.0,5.410999534218944e-08,1.0,1.0,1.2368734448244576e-07,9264,8.889866639028367e-08,6167.2127058393235,7650.017440267999
13065.82901554404,1.0,9.264969903028614e-10,0.9998200921128382,0.9998200921128382,0.0005643286957206054,27792,0.00028216481110883716,512,248250,1.0,6.434006871705843e-10,1.0,1.0,1.5313735749795294e-05,9264,7.657189575268843e-06,6173.44696195623,7657.744642880003
13078.994818652849,1.0,5.220124033411174e-09,0.9999280368451353,0.9999280368451353,0.00029932526963648737,27792,0.00014966524059125037,512,248500,1.0,4.8512410561542335e-09,1.0,1.0,2.084505947672234e-06,9264,1.044678594242242e-06,6179.677025151308,7665.467204777
13092.110535405873,1.0,5.018525391837485e-10,1.0,1.0,1.906538859152028e-05,27792,9.532945222049675e-06,512,248750,1.0,4.375124749152521e-10,1.0,1.0,4.78677051062187e-07,9264,2.395572817835075e-07,6185.8973984332115,7673.181943503005
13105.27633851468,1.0,2.088907533994676e-09,1.0,1.0,2.792320168303664e-06,27792,1.3972045380236518e-06,512,249000,1.0,1.7371818318905778e-09,1.0,1.0,1.976526795926745e-07,9264,9.96949307985693e-08,6192.080183967177,7680.857129050011
13118.442141623489,1.0,1.7586285112874842e-09,1.0,1.0,1.838624073373953e-07,27792,9.281051801663628e-08,512,249250,1.0,1.5055575891724876e-09,1.0,1.0,1.605155998354796e-07,9264,8.101057878634092e-08,6197.724301649156,7687.971440042005
13131.607944732297,1.0,0.0,1.0,1.0,2.0330174603035788e-07,27792,1.0165087301517894e-07,512,249500,1.0,0.0,1.0,1.0,1.9488606896680054e-07,9264,9.744303448340027e-08,6203.95306091322,7695.694079681009
13144.773747841105,1.0,0.0,1.0,1.0,1.4203284323731645e-07,27792,7.101642165138329e-08,512,249750,1.0,0.0,1.0,1.0,1.2614513531839128e-07,9264,6.307256765919564e-08,6210.132955616267,7703.36648701501
13157.939550949914,1.0,4.203551032235008e-09,1.0,1.0,1.6529392474400495e-07,27792,8.474873816321497e-08,512,250000,1.0,3.847536020738369e-09,1.0,1.0,1.4975794256425522e-07,9264,7.680273950188601e-08,6216.332791774286,7711.059022386005
13171.055267702935,1.0,3.5129676587258925e-09,1.0,1.0,1.4085756559507827e-07,27792,7.218526685700012e-08,512,250250,1.0,3.178399273959276e-09,1.0,1.0,1.2563041477356357e-07,9264,6.440440722049524e-08,6222.573510734277,7718.805489653008
13184.221070811744,1.0,3.7317240348815013e-10,1.0,1.0,1.7773300471642275e-07,27792,8.905308857350566e-08,512,250500,1.0,2.830963082455668e-10,1.0,1.0,1.682750159303578e-07,9264,8.42790561285056e-08,6228.847270635306,7726.576247194011
13197.386873920552,1.0,1.8015219610978534e-10,1.0,1.0,1.5878270923097654e-07,27792,7.94814307521485e-08,512,250750,1.0,1.2868014080888805e-10,1.0,1.0,1.4726154768376606e-07,9264,7.369511391612245e-08,6235.104794144383,7734.330638964006
13210.552677029362,1.0,7.842625402549797e-08,1.0,1.0,1.5852963827230152e-07,27792,1.1847794317091983e-07,512,251000,1.0,7.704079777657184e-08,1.0,1.0,1.4697845135711267e-07,9264,1.1200962100799263e-07,6241.358476572306,7742.079932127002
13223.71848013817,1.0,0.0,1.0,1.0,1.4115781875126134e-07,27792,7.057890940835572e-08,512,251250,1.0,0.0,1.0,1.0,1.2668559194200233e-07,9264,6.334279597100117e-08,6247.601325871365,7749.817713512006
13236.884283246978,1.0,4.907002420592007e-09,1.0,1.0,1.2990259562124785e-07,27792,6.740479934101186e-08,512,251500,1.0,4.5681446788792555e-09,1.0,1.0,1.1767798154848475e-07,9264,6.112306340974148e-08,6253.96144672847,7757.675611234998
13250.0,1.0,1.2786515645178157e-08,1.0,1.0,1.4102484926449987e-07,27792,7.690568337523116e-08,48,251750,1.0,1.1915780067889322e-08,1.0,1.0,1.304044482330403e-07,9264,7.116011499108964e-08,6260.139906980592,7765.351092959012
13263.165803108808,1.0,0.0,1.0,1.0,1.235457963518441e-07,27792,6.177289817592205e-08,512,252000,1.0,0.0,1.0,1.0,1.1172009072300285e-07,9264,5.586004536150142e-08,6266.41737311866,7773.124170581999
13276.331606217616,1.0,0.0,1.0,1.0,1.2180003567081477e-07,27792,6.090001783540739e-08,512,252250,1.0,0.0,1.0,1.0,1.1245356752024455e-07,9264,5.622678378466607e-08,6272.684289431534,7780.886497730011
13289.497409326425,1.0,0.0,1.0,1.0,1.2089069595489775e-07,27792,6.044534797744887e-08,512,252500,1.0,0.0,1.0,1.0,1.1089653777273838e-07,9264,5.544826888636919e-08,6278.966337193589,7788.664364751006
13302.663212435233,1.0,0.0,1.0,1.0,1.1513011464132912e-07,27792,5.756505732066456e-08,512,252750,1.0,0.0,1.0,1.0,1.0576219984843337e-07,9264,5.2881099924216684e-08,6285.2204841384955,7796.415483442004
13315.82901554404,1.0,0.0,1.0,1.0,1.1072925356335338e-07,27792,5.536462678167669e-08,512,253000,1.0,0.0,1.0,1.0,1.018117192901335e-07,9264,5.090585964506675e-08,6291.501354386506,7804.192078184002
13328.994818652849,1.0,3.6459371306588024e-09,1.0,1.0,9.195911107117883e-08,27792,4.7802524305706064e-08,512,253250,1.0,3.3842874378940208e-09,1.0,1.0,7.898386801860206e-08,9264,4.118407796179754e-08,6297.751813548588,7811.939544560999
13342.110535405873,1.0,0.0,1.0,1.0,9.072378033677996e-08,27792,4.536189016838998e-08,512,253500,1.0,0.0,1.0,1.0,7.994896520518675e-08,9264,3.997448260259337e-08,6304.013842778542,7819.69684341301
13355.27633851468,1.0,0.0,1.0,1.0,9.856469071742289e-08,27792,4.9282345358711444e-08,512,253750,1.0,0.0,1.0,1.0,9.102832363300947e-08,9264,4.5514161816504736e-08,6310.28293032333,7827.461775201009
13368.442141623489,1.0,3.2598968519155784e-10,1.0,1.0,1.0395209907680207e-07,27792,5.2139044393140875e-08,512,254000,1.0,2.0588822376023398e-10,1.0,1.0,9.555786800106922e-08,9264,4.7881878119317666e-08,6316.553188547405,7835.230054055006
13381.607944732297,1.0,0.0,1.0,1.0,9.683608765132447e-08,27792,4.8418043825662234e-08,512,254250,1.0,0.0,1.0,1.0,8.80944209601001e-08,9264,4.404721048005005e-08,6322.838218589532,7843.011072112
13394.773747841105,1.0,0.0,1.0,1.0,1.0194468902233287e-07,27792,5.0972344511166436e-08,512,254500,1.0,0.0,1.0,1.0,9.423246247173735e-08,9264,4.711623123586867e-08,6329.119315688513,7850.788045673005
13407.939550949914,1.0,3.011115137949987e-09,1.0,1.0,9.112697996794997e-08,27792,4.706904772117721e-08,512,254750,1.0,2.702282821995801e-09,1.0,1.0,7.973021130897663e-08,9264,4.1216247213515955e-08,6335.385576042565,7858.55146537401
13421.055267702935,1.0,0.0,1.0,1.0,9.147870753972845e-08,27792,4.573935376986422e-08,512,255000,1.0,0.0,1.0,1.0,8.355201328960026e-08,9264,4.177600664480013e-08,6341.654295658562,7866.31700456301
13434.221070811744,1.0,0.0,1.0,1.0,1.0075654310344636e-07,27792,5.037827155172318e-08,512,255250,1.0,0.0,1.0,1.0,9.555786800106922e-08,9264,4.777893400053461e-08,6347.91206448061,7874.082204060003
13447.386873920552,1.0,0.0,1.0,1.0,9.379924007423074e-08,27792,4.689962003711537e-08,512,255500,1.0,0.0,1.0,1.0,8.657599599345129e-08,9264,4.3287997996725645e-08,6354.189402400501,7881.856023789005
13460.552677029362,1.0,0.0,1.0,1.0,8.63100556945637e-08,27792,4.315502784728185e-08,512,255750,1.0,0.0,1.0,1.0,7.599848857389337e-08,9264,3.7999244286946685e-08,6360.42006353756,7889.58016998801
13473.71848013817,1.0,0.0,1.0,1.0,8.05795015815765e-08,27792,4.0289750807150777e-08,512,256000,1.0,0.0,1.0,1.0,6.933285688269036e-08,9264,3.466642844134518e-08,6366.635704918692,7897.288851775011
13486.884283246978,1.0,9.007609831055715e-11,1.0,1.0,8.436269820865431e-08,27792,4.222638715629474e-08,512,256250,1.0,2.573602816177761e-11,1.0,1.0,7.586980842541455e-08,9264,3.794777222755515e-08,6372.869199573659,7905.015234063001
13500.0,1.0,1.6042123561227006e-09,1.0,1.0,1.0450113594778097e-07,27792,5.305267423274181e-08,48,256500,1.0,1.2868013728071816e-09,1.0,1.0,1.0112972000100483e-07,9264,5.120826074289653e-08,6379.081908698572,7912.72208846701
13513.165803108808,1.0,0.0,1.0,1.0,7.930556837343658e-08,27792,3.965278418671829e-08,512,256750,1.0,0.0,1.0,1.0,7.163623154046128e-08,9264,3.581811577023064e-08,6385.2926831605,7920.425447521004
13526.331606217616,1.0,4.632484971967466e-10,1.0,1.0,9.09983042700785e-08,27792,4.573077640230113e-08,512,257000,1.0,3.6030438736194546e-10,1.0,1.0,8.451711440319142e-08,9264,4.243870940946607e-08,6391.488110544407,7928.112976349003
13539.497409326425,1.0,3.542993020057008e-09,1.0,1.0,7.824181247934498e-08,27792,4.089240295039762e-08,512,257250,1.0,3.1655313058979946e-09,1.0,1.0,6.764714693761778e-08,9264,3.540633929509841e-08,6397.688795202426,7935.805912413009
13552.663212435233,1.0,0.0,1.0,1.0,9.906225814701459e-08,27792,4.953112907350729e-08,512,257500,1.0,0.0,1.0,1.0,9.3601932100395e-08,9264,4.68009660501975e-08,6403.893072660459,7943.502266125011
13565.82901554404,1.0,5.5761394094853673e-11,1.0,1.0,8.408818055856616e-08,27792,4.207197099448268e-08,512,257750,1.0,1.2868014080888805e-11,1.0,1.0,7.520067165332468e-08,9264,3.7606769834086277e-08,6410.129408929381,7951.231695645998
13578.994818652849,1.0,1.4969789154195422e-09,1.0,1.0,7.952432462585058e-08,27792,4.0510651843243774e-08,512,258000,1.0,1.1581212289303198e-09,1.0,1.0,6.786590319003179e-08,9264,3.451201226317059e-08,6416.266335086431,7958.861389074009
13592.110535405873,1.0,0.0,1.0,1.0,9.001175594147333e-08,27792,4.5005877970736666e-08,512,258250,1.0,0.0,1.0,1.0,8.297295262144556e-08,9264,4.148647631072278e-08,6422.533374005376,7966.624808105
13605.27633851468,1.0,0.0,1.0,1.0,8.405815492878734e-08,27792,4.202907746439367e-08,512,258500,1.0,0.0,1.0,1.0,7.633305695993831e-08,9264,3.816652847996916e-08,6428.77656697706,7974.363850694004
13618.442141623489,1.0,3.5172571233067754e-10,1.0,1.0,9.546350489869277e-08,27792,4.790761533529664e-08,512,258750,1.0,1.415481541227834e-10,1.0,1.0,8.941982727483327e-08,9264,4.478068771907999e-08,6435.013170951177,7982.0954917830095
13631.607944732297,1.0,8.57867605392587e-12,1.0,1.0,9.029485305352803e-08,27792,4.515171586504664e-08,512,259000,1.0,1.2868014080888805e-11,1.0,1.0,8.364208939353543e-08,9264,4.1827478704191655e-08,6441.249567661202,7989.82740464501
13644.773747841105,1.0,0.0,1.0,1.0,8.542645410274591e-08,27792,4.271322706773548e-08,512,259250,1.0,0.0,1.0,1.0,7.550950400967385e-08,9264,3.7754752004836925e-08,6447.5063569141785,7997.580090803007
13657.939550949914,1.0,4.289338026962935e-12,1.0,1.0,8.754967655264649e-08,27792,4.377698294546456e-08,512,259500,1.0,1.2868014080888805e-11,1.0,1.0,8.032214156278181e-08,9264,4.0167504788814844e-08,6453.749347090052,8005.317965162001
13671.055267702935,1.0,0.0,1.0,1.0,7.762414753757126e-08,27792,3.881207376878563e-08,512,259750,1.0,0.0,1.0,1.0,6.809752745729367e-08,9264,3.4048763728646835e-08,6459.997018680093,8013.061334653001
13684.221070811744,1.0,3.131216729003204e-10,1.0,1.0,7.566392020421096e-08,27792,3.798852094942138e-08,512,260000,1.0,1.9302020814535826e-10,1.0,1.0,6.706808626946308e-08,9264,3.363055324609066e-08,6466.271482282915,8020.834461218008
13697.386873920552,1.0,1.072334504184089e-10,1.0,1.0,8.974581775335172e-08,27792,4.492652560520871e-08,512,260250,1.0,5.147205555656177e-11,1.0,1.0,8.272845955393449e-08,9264,4.1389965806663014e-08,6472.481612423988,8028.553171937005
13710.552677029362,1.0,0.0,1.0,1.0,7.972163418685144e-08,27792,3.986081709342572e-08,512,260500,1.0,0.0,1.0,1.0,6.926851680845095e-08,9264,3.463425840422548e-08,6478.753690787955,8036.322856056999
13723.71848013817,1.0,0.0,1.0,1.0,1.0331728119978013e-07,27792,5.1658640599890065e-08,512,260750,1.0,0.0,1.0,1.0,9.787411381529321e-08,9264,4.8937056907646606e-08,6485.027535585876,8044.092057897011
13736.884283246978,1.0,0.0,1.0,1.0,1.0121979530317619e-07,27792,5.0609897651588093e-08,512,261000,1.0,0.0,1.0,1.0,9.517183069723794e-08,9264,4.758591534861897e-08,6491.244819358806,8051.803064264008
13750.0,1.0,9.8354513393148e-09,1.0,1.0,7.96272684828332e-08,27792,4.473136058244894e-08,48,261250,1.0,9.316441565628863e-09,1.0,1.0,7.121158705048117e-08,9264,4.026401490017396e-08,6497.432668178662,8059.48334298101
13763.165803108808,1.0,0.0,1.0,1.0,9.740657566432386e-08,27792,4.870328783216193e-08,512,261500,1.0,0.0,1.0,1.0,9.227652735646442e-08,9264,4.613826367823221e-08,6503.628968780657,8067.172929640001
13776.331606217616,1.0,3.633014022415457e-09,0.9989565342544617,0.9989565342544617,0.00393971321685052,27792,0.001969858399223993,512,261750,1.0,9.651009755323478e-10,0.9997841105354058,0.9997841105354058,0.000990268616697434,9264,0.0004951347908992739,6509.831785759743,8074.868436766003
13789.497409326425,1.0,1.2696427817492373e-09,0.9997841105354058,0.9997841105354058,0.0005307365892477501,27792,0.0002653689294459409,512,262000,1.0,9.779690087880729e-10,1.0,1.0,1.3012596551461197e-05,9264,6.5067872602948175e-06,6516.067518105599,8082.59759573701
13802.663212435233,1.0,1.0465984514785208e-09,1.0,1.0,8.900409785075737e-05,27792,4.450257222464916e-05,512,262250,1.0,1.1967252757749469e-09,1.0,1.0,1.704955116856927e-06,9264,8.5307592111889e-07,6522.341048070593,8090.365827005007
13815.82901554404,1.0,8.106848697108098e-10,1.0,1.0,6.627418648746593e-06,27792,3.314114666841005e-06,512,262500,1.0,1.0165730840114579e-09,1.0,1.0,4.260984299659847e-07,9264,2.1355750156948368e-07,6528.6042719416,8098.124510695008
13828.994818652849,1.0,1.6728418177323204e-10,1.0,1.0,3.509582450281492e-07,27792,1.7556276461058583e-07,512,262750,1.0,1.801521963654498e-10,1.0,1.0,1.991711053447246e-07,9264,9.967562877629748e-08,6534.836679776636,8105.851538044008
13842.110535405873,1.0,9.693903685271748e-10,1.0,1.0,1.833220030738707e-07,27792,9.214569676287225e-08,512,263000,1.0,1.1452532140824376e-09,1.0,1.0,1.670525529490064e-07,9264,8.409890313523395e-08,6541.099154258729,8113.609312974004
13855.27633851468,1.0,4.387992586569251e-09,1.0,1.0,1.700465094667527e-07,27792,8.721725129766531e-08,512,263250,1.0,4.349388500096629e-09,1.0,1.0,1.583280404529448e-07,9264,8.133871473576451e-08,6547.287167414805,8121.288233785002
13868.442141623489,1.0,0.0,0.999496257915947,0.999496257915947,0.002086712951268186,27792,0.0010433564756508482,512,263500,1.0,0.0,1.0,1.0,5.0979108311998335e-05,9264,2.5489554155999167e-05,6553.543745605944,8129.038295507009
13881.607944732297,1.0,0.0,0.9997841105354058,0.9997841105354058,0.00105626910863956,27792,0.0005281345543239688,512,263750,1.0,0.0,1.0,1.0,5.937824050506009e-06,9264,2.9689120252530045e-06,6559.823850864908,8136.814112488006
13894.773747841105,1.0,0.0,0.9999640184225677,0.9999640184225677,0.00016176025718069533,27792,8.088012859034766e-05,512,264000,1.0,0.0,1.0,1.0,1.014654842488819e-06,9264,5.073274210480591e-07,6566.112916862941,8144.601174574011
13907.939550949914,1.0,0.0,1.0,1.0,1.0025012195368226e-05,27792,5.012506097684113e-06,512,264250,1.0,0.0,1.0,1.0,2.6648366273955e-07,9264,1.33241831369775e-07,6572.4014530180575,8152.387299477006
13921.055267702935,1.0,2.573602816177761e-11,1.0,1.0,2.1538047073230098e-07,27792,1.0770310338099838e-07,512,264500,1.0,2.573602816177761e-11,1.0,1.0,1.8279012558497566e-07,9264,9.140793080733572e-08,6578.680242532151,8160.162737976003
13934.221070811744,1.0,7.120300963689847e-10,1.0,1.0,1.6428163881490144e-07,27792,8.24968344849088e-08,512,264750,1.0,8.75024936024622e-10,1.0,1.0,1.4589753810989055e-07,9264,7.338628155977327e-08,6584.9600609141635,8167.939058536998
13947.386873920552,1.0,4.285048457559613e-09,1.0,1.0,1.7420716917170387e-07,27792,8.924610905802433e-08,512,265000,1.0,4.658220833436e-09,1.0,1.0,1.6047699893254114e-07,9264,8.256761015373726e-08,6591.248572867276,8175.724695689001
13960.552677029362,1.0,1.7328924994882337e-09,1.0,1.0,1.6920580125776116e-07,27792,8.546934699469638e-08,512,265250,1.0,1.827257922786865e-09,1.0,1.0,1.575302235323761e-07,9264,7.967874082038769e-08,6597.524205690221,8183.508706925
13973.71848013817,1.0,4.846951880985547e-10,1.0,1.0,1.7494922574180015e-07,27792,8.771696051659358e-08,512,265500,1.0,4.375124749152521e-10,1.0,1.0,1.6164798818552327e-07,9264,8.104275039426321e-08,6603.747426370144,8191.231501720002
13986.884283246978,1.0,3.075455204008135e-09,1.0,1.0,1.5014398297696665e-07,27792,7.660971929553031e-08,512,265750,1.0,2.8438310098662964e-09,1.0,1.0,1.3610497881065215e-07,9264,6.947440504601707e-08,6610.0443498702225,8199.026570004004
14000.0,1.0,0.0,1.0,1.0,1.632950941515023e-07,27792,8.16475471084762e-08,48,266000,1.0,0.0,1.0,1.0,1.4768619217374618e-07,9264,7.384309608687309e-08,6616.327106611236,8206.807467410006
14013.165803108808,1.0,2.3119531144647223e-09,1.0,1.0,1.5258032712149902e-07,27792,7.744614026064265e-08,512,266250,1.0,2.1103541888477917e-09,1.0,1.0,1.407889362152813e-07,9264,7.144964532516699e-08,6622.59302046329,8214.569404281006
14026.331606217616,1.0,1.6814204441873364e-09,1.0,1.0,1.5499951286569915e-07,27792,7.83404667689696e-08,512,266500,1.0,1.4798215594767232e-09,1.0,1.0,1.4395446629705773e-07,9264,7.27171440022821e-08,6628.861209474213,8222.333480861998
14039.497409326425,1.0,7.29187464583699e-11,1.0,1.0,1.280367334683049e-07,27792,6.405482614227985e-08,512,266750,1.0,6.434006963745057e-11,1.0,1.0,1.1681582455367664e-07,9264,5.844008233850182e-08,6635.124162812266,8230.093324801011
14052.663212435233,1.0,2.5264199938257234e-09,1.0,1.0,1.4276203179256486e-07,27792,7.264422605324126e-08,512,267000,1.0,2.1489582211195434e-09,1.0,1.0,1.3144675743571877e-07,9264,6.679785795765755e-08,6641.40289500833,8237.871347418011
14065.82901554404,1.0,0.0,1.0,1.0,1.333512236659304e-07,27792,6.66756118329652e-08,512,267250,1.0,0.0,1.0,1.0,1.2147404592861003e-07,9264,6.07370229888488e-08,6647.6522100853035,8245.616382755004
14078.994818652849,1.0,9.552355173218687e-09,1.0,1.0,1.2810536288082695e-07,27792,6.882885965084416e-08,512,267500,1.0,9.303573452605818e-09,1.0,1.0,1.1612095180097858e-07,9264,6.271226326799872e-08,6653.90064665438,8253.359484022003
14092.110535405873,1.0,4.0319776839856826e-10,1.0,1.0,1.1371034366977945e-07,27792,5.705677073417321e-08,512,267750,1.0,3.345683615011482e-10,1.0,1.0,1.0269961231463738e-07,9264,5.1517090350341165e-08,6660.15020492638,8261.105083069007
14105.27633851468,1.0,2.830963049219285e-10,1.0,1.0,1.2444226805291324e-07,27792,6.236268218978333e-08,512,268000,1.0,2.0588822376023398e-10,1.0,1.0,1.1498856649436494e-07,9264,5.759722736596553e-08,6666.413600603177,8268.863574422998
14118.442141623489,1.0,0.0,1.0,1.0,1.1417359220430321e-07,27792,5.7086796102151606e-08,512,268250,1.0,0.0,1.0,1.0,1.0316286084916115e-07,9264,5.1581430424580574e-08,6672.6952223812405,8276.641379833003
14131.607944732297,1.0,0.0,1.0,1.0,1.1324709513525569e-07,27792,5.662354756762784e-08,512,268500,1.0,0.0,1.0,1.0,1.0352316521581426e-07,9264,5.1761582632450924e-08,6678.950678519308,8284.393079319008
14144.773747841105,1.0,3.1526633094579554e-09,1.0,1.0,1.090735689862592e-07,27792,5.611311631199518e-08,512,268750,1.0,2.8309629443968465e-09,1.0,1.0,1.0010027331536518e-07,9264,5.146561829094963e-08,6685.204248996131,8292.142599202998
14157.939550949914,1.0,1.2868013653929115e-09,1.0,1.0,1.0056352183352641e-07,27792,5.0925161659157317e-08,512,269000,1.0,1.0551771162832094e-09,1.0,1.0,9.046213490670913e-08,9264,4.575865606211774e-08,6691.446610314,8299.88000294601
14171.055267702935,1.0,9.007609654647221e-10,1.0,1.0,8.839896003479763e-08,27792,4.4649860537074695e-08,512,269250,1.0,7.33476784202819e-10,1.0,1.0,7.72852892732803e-08,9264,3.9009383059804796e-08,6697.700811600982,8307.629703838
14184.221070811744,1.0,0.0,1.0,1.0,9.766821901635376e-08,27792,4.883410950817688e-08,512,269500,1.0,0.0,1.0,1.0,8.733520572787116e-08,9264,4.366760286393558e-08,6703.968517306101,8315.39328431501
14197.386873920552,1.0,4.267461960342369e-08,1.0,1.0,1.0587801196570178e-07,27792,7.42763124302447e-08,512,269750,1.0,4.322365478088105e-08,1.0,1.0,9.918664504656682e-08,9264,7.120514675984685e-08,6710.227231942132,8323.147519211008
14210.552677029362,1.0,0.0,1.0,1.0,1.0738356970290401e-07,27792,5.3691784851452003e-08,512,270000,1.0,0.0,1.0,1.0,9.91995122760134e-08,9264,4.95997561380067e-08,6716.493762471175,8330.909498141002
14223.71848013817,1.0,0.0,1.0,1.0,9.331883235397344e-08,27792,4.665941617698672e-08,512,270250,1.0,0.0,1.0,1.0,8.540500585689271e-08,9264,4.2702502928446355e-08,6722.753339919203,8338.675995861006
14236.884283246978,1.0,3.9032975457334394e-10,1.0,1.0,9.172319772743475e-08,27792,4.605676375557692e-08,512,270500,1.0,2.3162425268900505e-10,1.0,1.0,8.221373817461791e-08,9264,4.1222681220939894e-08,6729.012064782291,8346.430364960004
14250.0,1.0,3.431470421570348e-11,1.0,1.0,9.398796938786376e-08,27792,4.701114204706239e-08,48,270750,1.0,7.720808448533283e-11,1.0,1.0,8.70006404834314e-08,9264,4.353892428625935e-08,6735.260835803172,8354.174213618011
14263.165803108808,1.0,0.0,1.0,1.0,9.455845033225148e-08,27792,4.7279225182488264e-08,512,271000,1.0,0.0,1.0,1.0,8.728373759548611e-08,9264,4.3641868797743053e-08,6741.477045611144,8361.885624496004
14276.331606217616,1.0,1.524859575395619e-08,1.0,1.0,9.191621716475169e-08,27792,5.358240737974608e-08,512,271250,1.0,1.5493088103561375e-08,1.0,1.0,8.507043825624906e-08,9264,5.0281764066549656e-08,6747.732480640188,8369.639187948007
14289.497409326425,1.0,0.0,1.0,1.0,9.940969114450179e-08,27792,4.9704845572250894e-08,512,271500,1.0,0.0,1.0,1.0,9.463137250282428e-08,9264,4.731568625141214e-08,6753.9854359762685,8377.389416291
14302.663212435233,1.0,0.0,1.0,1.0,9.556215627578759e-08,27792,4.7781078137893795e-08,512,271750,1.0,0.0,1.0,1.0,8.947130011962609e-08,9264,4.4735650059813045e-08,6760.247145828369,8385.147007468011
14315.82901554404,1.0,0.0,1.0,1.0,1.0319717815706396e-07,27792,5.159858907853198e-08,512,272000,1.0,0.0,1.0,1.0,9.900649676570295e-08,9264,4.950324838285148e-08,6766.422421978365,8392.814510331998
14328.994818652849,1.0,4.289338026962935e-12,1.0,1.0,8.36678248832678e-08,27792,4.1836057110775214e-08,512,272250,1.0,0.0,1.0,1.0,7.319326133705504e-08,9264,3.659663066852752e-08,6772.6976492032845,8400.586291631
14342.110535405873,1.0,2.440633229195833e-09,1.0,1.0,8.443990629774161e-08,27792,4.34402698902783e-08,512,272500,1.0,2.0717501987606804e-09,1.0,1.0,7.709226983596336e-08,9264,3.95820101132362e-08,6778.961421404267,8408.347632407007
14355.27633851468,1.0,0.0,1.0,1.0,7.918546641064721e-08,27792,3.9592733205323606e-08,512,272750,1.0,0.0,1.0,1.0,6.987331350630141e-08,9264,3.493665675315071e-08,6785.2132054383255,8416.09565144901
14368.442141623489,1.0,9.080528027579779e-09,1.0,1.0,8.015056801511419e-08,27792,4.4615548596080744e-08,512,273000,1.0,8.943269331390602e-09,1.0,1.0,7.020788189234636e-08,9264,3.957557610581226e-08,6791.46462560544,8423.842844995
14381.607944732297,1.0,0.0,1.0,1.0,8.700493006715194e-08,27792,4.350246503357597e-08,512,273250,1.0,0.0,1.0,1.0,7.898386801860206e-08,9264,3.949193400930103e-08,6797.738829072536,8431.613353892011
14394.773747841105,1.0,0.0,1.0,1.0,9.724786700626146e-08,27792,4.862393350313073e-08,512,273500,1.0,0.0,1.0,1.0,9.101546111597067e-08,9264,4.5507730557985336e-08,6804.015224405433,8439.38564026801
14407.939550949914,1.0,0.0,1.0,1.0,5.59286747658422e-08,27792,2.79643373829211e-08,512,273750,1.0,0.0,1.0,1.0,4.483215663686633e-08,9264,2.2416078318433165e-08,6810.289852745467,8447.157008615002
14421.055267702935,1.0,1.2260214186421597e-07,0.49179620034542315,0.49179620034542315,2.5816571263657537,27792,1.290828682323537,512,274000,1.0,1.2237480696796177e-07,0.5119818652849741,0.5119818652849741,2.4719795068928616,9264,1.2359898720380555,6816.550189836751,8454.914548207002
14434.221070811744,1.0,7.348340352165019e-07,0.9997481289579735,0.9997481289579735,0.0009580819904948995,27792,0.0004794084142009413,512,274250,1.0,6.477565294880118e-07,1.0,1.0,2.0537204142307642e-05,9264,1.0592480247049305e-05,6822.7360687726905,8462.595210718006
14447.386873920552,1.0,4.7646801802279454e-07,0.999892055267703,0.999892055267703,0.0003508321361704185,27792,0.0001756543022227647,512,274500,1.0,4.788700650016948e-07,1.0,1.0,3.452183924444882e-06,9264,1.9655270013991995e-06,6828.9810583527,8470.334308578007
14460.552677029362,1.0,1.3759765802826416e-07,1.0,1.0,1.9203846904463373e-05,27792,9.670722226594978e-06,512,274750,1.0,1.3839547445795703e-07,1.0,1.0,6.733441833306256e-07,9264,4.058698289433789e-07,6835.234909407765,8478.082925816008
14473.71848013817,1.0,8.407102325759121e-10,1.0,1.0,9.797625106187145e-07,27792,4.903016104610548e-07,512,275000,1.0,9.136289652283998e-10,1.0,1.0,2.2718477209776168e-07,9264,1.1404920057598066e-07,6841.495256020717,8485.839714061003
14486.884283246978,1.0,9.822583815854057e-10,1.0,1.0,1.8721209713715936e-07,27792,9.409717786739064e-08,512,275250,1.0,9.2649698851321e-10,1.0,1.0,1.5139218044993628e-07,9264,7.61593387594919e-08,6847.759932647605,8493.61307959001
14500.0,1.0,8.36849806901395e-09,0.8176813471502591,0.8176813471502591,0.7683421004827364,27792,0.38417105051588585,48,275500,1.0,8.23552841964989e-09,0.8195164075993091,0.8195164075993091,0.7586531499095119,9264,0.37932657495475597,6853.999853066751,8501.349634672006
14513.165803108808,1.0,1.235329307279705e-09,0.9910765687967761,0.9910765687967761,0.028857409919756338,27792,0.014428705423126704,512,275750,1.0,1.4540855397518736e-09,0.9953583765112263,0.9953583765112263,0.016764918246526844,9264,0.008382459843872253,6860.234934902706,8509.081006052002
14526.331606217616,1.0,3.0025366188740546e-11,0.9977331606217616,0.9977331606217616,0.008608045621582606,27792,0.004304022810791303,512,276000,1.0,7.720808371833938e-11,0.9990284974093264,0.9990284974093264,0.0030593221785182164,9264,0.0015296611149951378,6866.521394092822,8516.864181337005
14539.497409326425,1.0,0.0,0.9967616580310881,0.9967616580310881,0.010060588664615984,27792,0.005030294332307992,512,276250,1.0,0.0,0.9990284974093264,0.9990284974093264,0.004443666548669236,9264,0.002221833274334618,6872.765798057677,8524.60433887101
14552.663212435233,1.0,8.149733737602237e-11,0.9995682210708118,0.9995682210708118,0.0015727491327454204,27792,0.0007863746006874165,512,276500,1.0,3.860404070867951e-11,1.0,1.0,3.317766217173066e-05,9264,1.65888503878876e-05,6879.026361833603,8532.359492991003
14565.82901554404,1.0,2.573602151450101e-11,0.9997121473805411,0.9997121473805411,0.0008797803020193435,27792,0.0004398901595904427,512,276750,1.0,5.1472052488587955e-11,1.0,1.0,4.232026172924702e-06,9264,2.1160388224920467e-06,6885.253061588548,8540.079714856998
14578.994818652849,1.0,4.289338026962935e-12,0.9999280368451353,0.9999280368451353,0.00019649179779674037,27792,9.824590104303933e-05,512,277000,1.0,1.2868014080888805e-11,1.0,1.0,6.225543305741676e-07,9264,3.1128359929450774e-07,6891.497303575496,8547.818791259007
14592.110535405873,1.0,0.0,1.0,1.0,1.3143733715061283e-05,27792,6.571866857530642e-06,512,277250,1.0,0.0,1.0,1.0,2.6650940191085097e-07,9264,1.3325470095542549e-07,6897.767315131467,8555.583807429008
14605.27633851468,1.0,2.8309630389927057e-10,1.0,1.0,3.1489221888482103e-07,27792,1.575876576057372e-07,512,277500,1.0,1.6728418228456103e-10,1.0,1.0,1.6920150818882238e-07,9264,8.468439619092243e-08,6903.996956838659,8563.308174222999
14618.442141623489,1.0,7.034514203150588e-10,1.0,1.0,1.6900419398086384e-07,27792,8.485382272960737e-08,512,277750,1.0,5.919286369829767e-10,1.0,1.0,1.5095466794510827e-07,9264,7.577329831405543e-08,6910.240983045602,8571.046658826002
14631.607944732297,1.0,3.4271809104585292e-09,1.0,1.0,1.8199231344226486e-07,27792,9.270974736504208e-08,512,278000,1.0,3.41002351744436e-09,1.0,1.0,1.6815920379672685e-07,9264,8.578461386570782e-08,6916.472848574631,8578.77300233001
14644.773747841105,1.0,1.8873087139671776e-10,1.0,1.0,1.6722841473866732e-07,27792,8.370857284427652e-08,512,278250,1.0,1.0294411264711044e-10,1.0,1.0,1.523186775189838e-07,9264,7.621081081888343e-08,6922.730752745658,8586.526344354003
14657.939550949914,1.0,1.818679247244268e-09,1.0,1.0,1.3455223831961596e-07,27792,6.818545890845005e-08,512,278500,1.0,1.5956336693308665e-09,1.0,1.0,1.2250348716552817e-07,9264,6.2049560478789e-08,6928.980640145761,8594.271229695005
14671.055267702935,1.0,4.486647317982101e-09,1.0,1.0,1.5354113732600496e-07,27792,7.901389258481663e-08,512,278750,1.0,4.323652448158054e-09,1.0,1.0,1.3919330237414388e-07,9264,7.175847768151617e-08,6935.219936467765,8602.005635976006
14684.221070811744,1.0,1.1238065308505639e-09,1.0,1.0,1.773169389030079e-07,27792,8.92203727992532e-08,512,279000,1.0,9.2649698851321e-10,1.0,1.0,1.637068706593596e-07,9264,8.231668386420356e-08,6941.465346660814,8609.745622319999
14697.386873920552,1.0,2.3720038074698728e-09,1.0,1.0,1.6698392402736017e-07,27792,8.467796408155162e-08,512,279250,1.0,2.097486173232916e-09,1.0,1.0,1.54480504013428e-07,9264,7.828899521681642e-08,6947.72254648988,8617.498634931006
14710.552677029362,1.0,2.290506287856206e-08,1.0,1.0,1.6044268262275248e-07,27792,9.167387452599146e-08,512,279500,1.0,2.1708337704285912e-08,1.0,1.0,1.4740309584709278e-07,9264,8.455571844773507e-08,6953.934976364879,8625.205030073004
14723.71848013817,1.0,3.431470421570348e-11,1.0,1.0,1.4797357728235631e-07,27792,7.400394602703371e-08,512,279750,1.0,1.2868014080888805e-11,1.0,1.0,1.343163247467965e-07,9264,6.71645963808222e-08,6960.154197382959,8632.917428027999
14736.884283246978,1.0,4.289338026962935e-12,1.0,1.0,1.5320656893996003e-07,27792,7.660542917184639e-08,512,280000,1.0,0.0,1.0,1.0,1.395407387750367e-07,9264,6.977036938751835e-08,6966.370947115094,8640.628211281
14750.0,1.0,3.560150389805709e-09,1.0,1.0,1.423974380385415e-07,27792,7.297879443928619e-08,48,280250,1.0,2.9339070647138914e-09,1.0,1.0,1.292463268967309e-07,9264,6.609011714102403e-08,6972.581014386102,8648.342460123007
14763.165803108808,1.0,1.8212527721850438e-08,1.0,1.0,1.533352422816276e-07,27792,8.577388631483182e-08,512,280500,1.0,1.7191665670781185e-08,1.0,1.0,1.4517692770760654e-07,9264,8.118429777218863e-08,6978.80707063197,8656.06234296401
14776.331606217616,1.0,8.351340650433333e-09,1.0,1.0,1.293792964162174e-07,27792,6.88653190262465e-08,512,280750,1.0,7.566391840842363e-09,1.0,1.0,1.1909346323083938e-07,9264,6.332992795615329e-08,6985.028686119098,8663.778244993999
14789.497409326425,1.0,1.7672072006359632e-09,1.0,1.0,1.2341282679963256e-07,27792,6.259001711876258e-08,512,281000,1.0,1.4412175279719652e-09,1.0,1.0,1.1218333920843904e-07,9264,5.681227843570092e-08,6991.2687196600455,8671.511913748007
14802.663212435233,1.0,0.0,1.0,1.0,1.1823130621966875e-07,27792,5.9115653109834375e-08,512,281250,1.0,0.0,1.0,1.0,1.058136719078249e-07,9264,5.2906835929368655e-08,6997.544575966065,8679.284197340006
14815.82901554404,1.0,8.707355951853498e-10,1.0,1.0,1.1314415101647262e-07,27792,5.7007443343923e-08,512,281500,1.0,6.820047286462572e-10,1.0,1.0,1.0273821635918103e-07,9264,5.17101105730594e-08,7003.786069964117,8687.019157475006
14828.994818652849,1.0,0.0,1.0,1.0,1.216499088309228e-07,27792,6.08249544154614e-08,512,281750,1.0,0.0,1.0,1.0,1.1179729876300257e-07,9264,5.5898649381501284e-08,7010.017360001177,8694.744292574003
14842.110535405873,1.0,0.0,1.0,1.0,1.0596379873135432e-07,27792,5.298189936567716e-08,512,282000,1.0,0.0,1.0,1.0,9.681892952915519e-08,9264,4.8409464764577595e-08,7016.25984539112,8702.48183465001
14855.27633851468,1.0,0.0,1.0,1.0,1.1116676606818139e-07,27792,5.5583383034090696e-08,512,282250,1.0,0.0,1.0,1.0,1.0232643988404881e-07,9264,5.1163219942024403e-08,7022.495965352995,8710.211384635011
14868.442141623489,1.0,2.3333996780456172e-08,1.0,1.0,1.1902483380195482e-07,27792,7.1179417029724e-08,512,282500,1.0,2.2930798912348456e-08,1.0,1.0,1.1229915134206996e-07,9264,6.761497690049808e-08,7028.720402945939,8717.929290208005
14881.607944732297,1.0,9.15773605326228e-09,1.0,1.0,9.201487194525212e-08,27792,5.058630458933083e-08,512,282750,1.0,8.698776955707637e-09,1.0,1.0,8.181482971433356e-08,9264,4.5256803875750984e-08,7034.957478427998,8725.66071097301
14894.773747841105,1.0,3.6802518126316958e-09,1.0,1.0,1.0100103460015483e-07,27792,5.234064342332458e-08,512,283000,1.0,3.4486276348523845e-09,1.0,1.0,9.367913626247581e-08,9264,4.856388212085413e-08,7041.205808388011,8733.404261693999
14907.939550949914,1.0,0.0,1.0,1.0,1.0268245494514435e-07,27792,5.1341227472572174e-08,512,283250,1.0,0.0,1.0,1.0,9.602111417938908e-08,9264,4.801055708969454e-08,7047.450679010057,8741.145358164009
14921.055267702935,1.0,0.0,1.0,1.0,9.433540317075226e-08,27792,4.716770158537613e-08,512,283500,1.0,0.0,1.0,1.0,8.607414105818e-08,9264,4.303707052909e-08,7053.669382221036,8748.857597852999
14934.221070811744,1.0,4.296629462300488e-08,1.0,1.0,1.0462123584889195e-07,27792,7.379376190617416e-08,512,283750,1.0,4.341667500359928e-08,1.0,1.0,9.891641752016259e-08,9264,7.116654350070451e-08,7059.828292375081,8756.512140079998
14947.386873920552,1.0,1.234042450060059e-08,1.0,1.0,1.0505016961170457e-07,27792,5.8695297958136885e-08,512,284000,1.0,1.2070196154024694e-08,1.0,1.0,1.0138707637095599e-07,9264,5.672863714913477e-08,7066.067976772945,8764.247255039008
14960.552677029362,1.0,2.230455745897633e-10,1.0,1.0,8.32603377464182e-08,27792,4.1741691668557416e-08,512,284250,1.0,1.5441616820367222e-10,1.0,1.0,7.559958011360902e-08,9264,3.7876998145891805e-08,7072.303186922887,8771.976751597002
14973.71848013817,1.0,0.0,1.0,1.0,8.961713551046945e-08,27792,4.4808567755234725e-08,512,284500,1.0,0.0,1.0,1.0,8.306302872538073e-08,9264,4.1531514362690364e-08,7078.545272453834,8779.712345897002
14986.884283246978,1.0,7.442001034736798e-09,1.0,1.0,8.277993185876394e-08,27792,4.511096688956125e-08,512,284750,1.0,7.0516712009074646e-09,1.0,1.0,7.202227201044155e-08,9264,3.953697207354051e-08,7084.759258094957,8787.421529316998
15000.0,1.0,0.0,1.0,1.0,9.367055835494933e-08,27792,4.6835279177474666e-08,48,285000,1.0,0.0,1.0,1.0,8.782419343369587e-08,9264,4.3912096716847934e-08,7090.952333522015,8795.106362892999
15013.165803108808,1.0,1.377735278846509e-08,1.0,1.0,9.227652655470061e-08,27792,5.302694055924994e-08,512,285250,1.0,1.3292657564573509e-08,1.0,1.0,8.74381529882594e-08,9264,5.036540616306089e-08,7097.203546366072,8802.861256724005
15026.331606217616,1.0,9.269258881335647e-09,1.0,1.0,8.2938637898822e-08,27792,4.610394896378993e-08,512,285500,1.0,8.711644671428073e-09,1.0,1.0,7.505912348999797e-08,9264,4.1885384771007125e-08,7103.419018291912,8810.568037367004
15039.497409326425,1.0,7.806594999427665e-10,1.0,1.0,9.892928918385401e-08,27792,4.98549743756461e-08,512,285750,1.0,5.661926118891729e-10,1.0,1.0,9.448982512489888e-08,9264,4.752800888910285e-08,7109.648027149844,8818.29104673701
15052.663212435233,1.0,2.1146435685480656e-09,1.0,1.0,1.0301702542559275e-07,27792,5.256583459946403e-08,512,286000,1.0,1.621369729706369e-09,1.0,1.0,9.874913725414661e-08,9264,5.018525356248989e-08,7115.891119114793,8826.028165295007
15065.82901554404,1.0,7.420554515539259e-08,1.0,1.0,9.404802195642357e-08,27792,8.412678250870635e-08,512,286250,1.0,7.448006282184326e-08,1.0,1.0,8.669180891248353e-08,9264,8.05859358671634e-08,7122.123740450785,8833.752052554002
15078.994818652849,1.0,2.2733491261672624e-10,1.0,1.0,9.951263840489003e-08,27792,4.986998666693464e-08,512,286500,1.0,1.801521963654498e-10,1.0,1.0,9.536485013455487e-08,9264,4.777250117121261e-08,7128.543759508699,8841.668766623
15092.110535405873,1.0,0.0,1.0,1.0,8.564949943164211e-08,27792,4.282474973218358e-08,512,286750,1.0,0.0,1.0,1.0,7.862356360286135e-08,9264,3.931178180143067e-08,7134.787579562704,8849.407242076006
15105.27633851468,1.0,0.0,1.0,1.0,8.42554644897882e-08,27792,4.21277322448941e-08,512,287000,1.0,0.0,1.0,1.0,7.607569666298066e-08,9264,3.803784833149033e-08,7141.024449733828,8857.137567345999
15118.442141623489,1.0,0.0,1.0,1.0,9.449840378510161e-08,27792,4.724920189255081e-08,512,287250,1.0,0.0,1.0,1.0,8.880216334753621e-08,9264,4.440108167376811e-08,7147.2434101688705,8864.850018268
15131.607944732297,1.0,0.0,1.0,1.0,9.988581240628121e-08,27792,4.9942906203140605e-08,512,287500,1.0,0.0,1.0,1.0,9.485013032604088e-08,9264,4.742506516302044e-08,7153.463040456889,8872.563587120007
15144.773747841105,1.0,0.0,1.0,1.0,9.341320093779643e-08,27792,4.670660046889822e-08,512,287750,1.0,0.0,1.0,1.0,8.75797019369874e-08,9264,4.37898509684937e-08,7159.7033689260425,8880.298303103002
15157.939550949914,1.0,0.0,1.0,1.0,8.029640551672352e-08,27792,4.014820275836176e-08,512,288000,1.0,0.0,1.0,1.0,7.091562270897988e-08,9264,3.545781135448994e-08,7165.966366205976,8888.05652534301
15171.055267702935,1.0,0.0,1.0,1.0,9.820009931960345e-08,27792,4.910004965980172e-08,512,288250,1.0,0.0,1.0,1.0,9.307434192082923e-08,9264,4.6537170960414617e-08,7172.232169627867,8895.818644554005
15184.221070811744,1.0,0.0,1.0,1.0,9.575088820742492e-08,27792,4.787544410371246e-08,512,288500,1.0,0.0,1.0,1.0,8.948416656367138e-08,9264,4.474208328183569e-08,7178.485865560739,8903.56617231801
15197.386873920552,1.0,0.0,0.9903929188255614,0.9903929188255614,0.03122979505486233,27792,0.015614897527431166,512,288750,1.0,0.0,0.9964378238341969,0.9964378238341969,0.014250965187380763,9264,0.007125482593690381,7184.724000385744,8911.297103325007
15210.552677029362,1.0,8.57867605392587e-12,0.9997481289579735,0.9997481289579735,0.0005910876727135929,27792,0.0002955438406461347,512,289000,1.0,0.0,1.0,1.0,6.477180851548219e-06,9264,3.2385904257741094e-06,7190.960748060679,8919.026467632008
15223.71848013817,1.0,0.0,1.0,1.0,0.0001544389299306832,27792,7.72194649653416e-05,512,289250,1.0,0.0,1.0,1.0,1.4075647936924301e-06,9264,7.037823968462151e-07,7197.204759890767,8926.763686792008
15236.884283246978,1.0,0.0,0.9999640184225677,0.9999640184225677,4.591573148073586e-05,27792,2.295786574036793e-05,512,289500,1.0,0.0,1.0,1.0,2.864162177389196e-07,9264,1.432081088694598e-07,7203.471238082842,8934.526331282003
15250.0,1.0,0.0,1.0,1.0,2.9728749573016645e-06,27792,1.4864374787162823e-06,48,289750,1.0,0.0,1.0,1.0,1.5722138175121137e-07,9264,7.861069087560569e-08,7209.699536260872,8942.248213415005
15263.165803108808,1.0,0.0,1.0,1.0,1.6251442149404252e-07,27792,8.125721074702126e-08,512,290000,1.0,0.0,1.0,1.0,1.4089188033406434e-07,9264,7.044594016703217e-08,7215.949438657801,8949.991997210003
15276.331606217616,1.0,6.005073237748109e-11,1.0,1.0,1.4936761117700848e-07,27792,7.471383095648264e-08,512,290250,1.0,9.007609779922818e-11,1.0,1.0,1.3441926886557958e-07,9264,6.725467248475737e-08,7222.199087343703,8957.746922371007
15289.497409326425,1.0,7.686493265713665e-09,1.0,1.0,1.359934559825788e-07,27792,7.183997512524862e-08,512,290500,1.0,7.218955492105096e-09,1.0,1.0,1.2299247168066012e-07,9264,6.510571400516103e-08,7228.435933154804,8965.47693926
15302.663212435233,1.0,3.4743637507070804e-10,1.0,1.0,1.377306379870429e-07,27792,6.903903722669291e-08,512,290750,1.0,2.1875623707412934e-10,1.0,1.0,1.2426640515060047e-07,9264,6.224258070150723e-08,7234.686333123682,8973.222553657004
15315.82901554404,1.0,2.174694291465961e-09,1.0,1.0,1.7192524172894695e-07,27792,8.704996815184458e-08,512,291000,1.0,1.788653916592891e-09,1.0,1.0,1.6332083011574795e-07,9264,8.25547420898018e-08,7240.9303801716305,8980.962013347002
15328.994818652849,1.0,1.3502835105651883e-08,1.0,1.0,1.3242043719315015e-07,27792,7.296163708615569e-08,512,291250,1.0,1.330552557942139e-08,1.0,1.0,1.1807689005785668e-07,9264,6.569120868073968e-08,7247.197784212665,8988.725859277998
15342.110535405873,1.0,0.0,1.0,1.0,1.3716444533373606e-07,27792,6.85822226995931e-08,512,291500,1.0,0.0,1.0,1.0,1.230182077103559e-07,9264,6.150910385517795e-08,7253.446696787607,8996.471682642004
15355.27633851468,1.0,0.0,1.0,1.0,1.1353019146190909e-07,27792,5.6765095730954546e-08,512,291750,1.0,0.0,1.0,1.0,1.0025468949353975e-07,9264,5.0127344746769876e-08,7259.6806983025745,9004.200378720998
15368.442141623489,1.0,2.221447954595926e-08,1.0,1.0,1.159708249447241e-07,27792,6.909265395522576e-08,512,292000,1.0,2.1669733457255992e-08,1.0,1.0,1.0376765828332533e-07,9264,6.271869727542267e-08,7265.952877856544,9011.96805385001
15381.607944732297,1.0,1.6728418228456103e-10,1.0,1.0,1.1404062271754175e-07,27792,5.7103953455282116e-08,512,292250,1.0,1.0294411264711044e-10,1.0,1.0,1.0263527224039797e-07,9264,5.1369108179590516e-08,7272.218809572529,9019.72909025001
15394.773747841105,1.0,3.431470421570348e-11,1.0,1.0,1.022578109787651e-07,27792,5.114606284251306e-08,512,292500,1.0,2.573602816177761e-11,1.0,1.0,9.005035686077432e-08,9264,4.503804644523504e-08,7278.496843576519,9027.502934788004
15407.939550949914,1.0,1.049600926814618e-08,1.0,1.0,1.1559336317585288e-07,27792,6.30446869767211e-08,512,292750,1.0,1.003705039711027e-08,1.0,1.0,1.0646994061597931e-07,9264,5.825349609866373e-08,7284.7182587545685,9035.218464029007
15421.055267702935,1.0,0.0,1.0,1.0,9.383355059168485e-08,27792,4.6916775295842423e-08,512,293000,1.0,0.0,1.0,1.0,8.19306410625632e-08,9264,4.09653205312816e-08,7290.954410436505,9042.949937058002
15434.221070811744,1.0,1.8529939657771827e-09,1.0,1.0,1.1024026893368376e-07,27792,5.604663156861445e-08,512,293250,1.0,1.4540855550917426e-09,1.0,1.0,1.013227346768264e-07,9264,5.138841020186234e-08,7297.283196357457,9050.778171098005
15447.386873920552,1.0,1.968806066683069e-09,1.0,1.0,9.402657133800395e-08,27792,4.7997688804864964e-08,512,293500,1.0,1.5827656974346176e-09,1.0,1.0,8.333325703718626e-08,9264,4.245801143173789e-08,7303.543132819672,9058.533862571
15460.552677029362,1.0,2.397739874492652e-09,1.0,1.0,9.247383087969282e-08,27792,4.743578548984077e-08,512,293750,1.0,1.8915979985602633e-09,1.0,1.0,8.247109925697685e-08,9264,4.218134871980777e-08,7309.81018459583,9066.296980287007
15473.71848013817,1.0,0.0,1.0,1.0,9.567367854753504e-08,27792,4.783683927376752e-08,512,294000,1.0,0.0,1.0,1.0,8.845472689755582e-08,9264,4.4227363473321696e-08,7316.053773866981,9074.035114633007
15486.884283246978,1.0,0.0,1.0,1.0,8.870779605635287e-08,27792,4.4353898028176434e-08,512,294250,1.0,0.0,1.0,1.0,7.938277569348511e-08,9264,3.9691387846742556e-08,7322.296376954851,9081.773860964007
15500.0,1.0,0.0,1.0,1.0,1.0706186933170694e-07,27792,5.353093466585347e-08,48,294500,1.0,0.0,1.0,1.0,1.0242938635903575e-07,9264,5.121469317951788e-08,7328.541366473713,9089.51333938101
15513.165803108808,1.0,0.0,1.0,1.0,9.760387972751565e-08,27792,4.8801939863757824e-08,512,294750,1.0,0.0,1.0,1.0,9.09253850120355e-08,9264,4.546269250601775e-08,7334.819292486747,9097.286052075011
15526.331606217616,1.0,4.207840404776677e-09,1.0,1.0,9.241807183822255e-08,27792,4.831295634674003e-08,512,295000,1.0,3.5387037134767766e-09,1.0,1.0,8.384797763110154e-08,9264,4.3693340857134585e-08,7341.05972420887,9105.02358105201
15539.497409326425,1.0,1.329694785801865e-10,1.0,1.0,1.0621258061354715e-07,27792,5.3172775050154297e-08,512,295250,1.0,9.007609856622163e-11,1.0,1.0,1.0313712717566928e-07,9264,5.1613601639802224e-08,7347.337227401891,9112.806863400008
15552.663212435233,1.0,0.0,1.0,1.0,9.074523304960305e-08,27792,4.537261654116405e-08,512,295500,1.0,0.0,1.0,1.0,8.28700085026625e-08,9264,4.143500425133125e-08,7353.618054487844,9120.583421856005
15565.82901554404,1.0,2.4470671351721067e-08,1.0,1.0,9.383784307157267e-08,27792,5.915425715437802e-08,512,295750,1.0,2.410178826350574e-08,1.0,1.0,8.634437172618941e-08,9264,5.5223078626531255e-08,7359.904227645864,9128.366667032999
15578.994818652849,1.0,0.0,1.0,1.0,8.91067060874398e-08,27792,4.455335306008243e-08,512,296000,1.0,0.0,1.0,1.0,7.987176104310593e-08,9264,3.993588052155296e-08,7366.177615292821,9136.136881350001
15592.110535405873,1.0,0.0,1.0,1.0,9.129855690266069e-08,27792,4.564927846769287e-08,512,296250,1.0,0.0,1.0,1.0,8.459432249227871e-08,9264,4.229716124613936e-08,7372.428357255834,9143.881277702007
15605.27633851468,1.0,0.0,1.0,1.0,8.51905404972014e-08,27792,4.25952702486007e-08,512,296500,1.0,0.0,1.0,1.0,7.706653380626759e-08,9264,3.8533266903133796e-08,7378.701793876768,9151.649354160007
15618.442141623489,1.0,1.951648719688507e-09,1.0,1.0,9.691330045281954e-08,27792,4.943247468570751e-08,512,296750,1.0,1.7886539043209957e-09,1.0,1.0,9.182614605138726e-08,9264,4.6807400057621446e-08,7384.982397649874,9159.425905625001
15631.607944732297,1.0,8.921822817408617e-10,1.0,1.0,9.02305119320869e-08,27792,4.55613471474367e-08,512,297000,1.0,7.463448059536424e-10,1.0,1.0,8.276706438387944e-08,9264,4.175670462252831e-08,7391.259235931022,9167.198411803009
15644.773747841105,1.0,0.0,0.9990644789867588,0.9990644789867588,0.003334067702919639,27792,0.0016670338514598196,512,297250,1.0,0.0,1.0,1.0,8.217000259956689e-05,9264,4.10850012746506e-05,7397.533480043014,9174.969469510004
15657.939550949914,1.0,0.0,0.9996761658031088,0.9996761658031088,0.0011832705084928812,27792,0.0005916352542464406,512,297500,1.0,0.0,1.0,1.0,2.6964500824248682e-06,9264,1.3482250404270328e-06,7403.808717378983,9182.739726250002
15671.055267702935,1.0,0.0,0.9999280368451353,0.9999280368451353,0.00039618026286935426,27792,0.00019809013143048831,512,297750,1.0,0.0,1.0,1.0,6.494994567029625e-07,9264,3.2474972835148126e-07,7410.048081314948,9190.473857083009
15684.221070811744,1.0,0.0,0.9999640184225677,0.9999640184225677,8.62117438291707e-05,27792,4.310587191458535e-05,512,298000,1.0,0.0,1.0,1.0,2.1530759596396894e-07,9264,1.0765379798198447e-07,7416.281990761898,9198.204025863
15697.386873920552,1.0,0.0,1.0,1.0,2.2278352728580233e-07,27792,1.1139176364290117e-07,512,298250,1.0,0.0,1.0,1.0,1.4692696987290556e-07,9264,7.346348493645278e-08,7422.524401023926,9205.942271818
15710.552677029362,1.0,6.991620827994248e-10,1.0,1.0,1.413208130824003e-07,27792,7.100998764395934e-08,512,298500,1.0,7.463447959827275e-10,1.0,1.0,1.2546313053145352e-07,9264,6.310473772085914e-08,7428.761871720053,9213.67453021201
15723.71848013817,1.0,2.0159888522194207e-10,1.0,1.0,1.4386868106948273e-07,27792,7.203514001710816e-08,512,298750,1.0,1.672841807505741e-10,1.0,1.0,1.3139528537632726e-07,9264,6.578128478467485e-08,7434.98277820299,9221.39120235901
15736.884283246978,1.0,0.0,1.0,1.0,1.2988972760639996e-07,27792,6.494486383592503e-08,512,299000,1.0,0.0,1.0,1.0,1.1727907313728799e-07,9264,5.86395365441002e-08,7441.1984777898615,9229.103274451001
15750.0,1.0,1.1238065380091696e-09,1.0,1.0,1.3900028159509975e-07,27792,7.006204411257406e-08,48,299250,1.0,1.2095932913898226e-09,1.0,1.0,1.2753488097105014e-07,9264,6.437223718337554e-08,7447.475033567855,9236.875874194011
15763.165803108808,1.0,0.0,1.0,1.0,1.3403322838741805e-07,27792,6.701661422643408e-08,512,299500,1.0,0.0,1.0,1.0,1.226450353288549e-07,9264,6.132251763988365e-08,7453.73108407385,9244.626773898999
15776.331606217616,1.0,3.281343425211724e-09,1.0,1.0,1.3631515583017497e-07,27792,6.979824984091753e-08,512,299750,1.0,2.76662292231299e-09,1.0,1.0,1.2646683573867591e-07,9264,6.461672944094151e-08,7459.983016820901,9252.373182753
15789.497409326425,1.0,1.9302020942368068e-10,1.0,1.0,1.2687003352088038e-07,27792,6.353152687179931e-08,512,300000,1.0,1.4154815488977686e-10,1.0,1.0,1.1660993636519811e-07,9264,5.8375742264262404e-08,7466.25834126769,9260.14519661601
