epochs_seen,heldout_EOS_accuracy,heldout_EOS_loss,heldout_accuracy,heldout_answer_accuracy,heldout_answer_loss,heldout_examples,heldout_loss,last_batch_size,step,train_EOS_accuracy,train_EOS_loss,train_accuracy,train_answer_accuracy,train_answer_loss,train_examples,train_loss,training_seconds,wall_seconds
0.0,0.0,5.5329228561768415,0.0,0.0,5.5137861848287155,4656,5.523354546720629,,0,0.0,5.53146551073212,0.0,0.0,5.512599931959434,4656,5.522032642692225,0.0,0.039962840997759486
25.0,1.0,0.03688990946897527,0.01804123711340206,0.01804123711340206,4.569860504255262,4656,2.3033751654870733,48,250,1.0,0.03688628157389533,0.0234106529209622,0.0234106529209622,4.541026269447353,4656,2.2889562390514255,8.346890060995065,8.75681527299821
50.0,1.0,0.01881208841743338,0.01718213058419244,0.01718213058419244,4.750451156773518,4656,2.384631678001168,48,500,1.0,0.01880332223328528,0.15700171821305842,0.15700171821305842,4.181144897880423,4656,2.0999741177378652,16.114396718992793,16.898259259000042
75.0,1.0,0.013825253727509803,0.030713058419243985,0.030713058419243985,4.664678095132625,4656,2.339251672279384,48,750,1.0,0.013581690304877422,0.8062714776632303,0.8062714776632303,2.445791814745087,4656,1.2296867501694722,23.594223409992992,24.752163829998608
100.0,1.0,0.010609265045611719,0.037371134020618556,0.037371134020618556,4.6886053445822595,4656,2.3496072513540995,48,1000,1.0,0.010574509802552843,0.993127147766323,0.993127147766323,1.0072334787689943,4656,0.5089039884482053,30.775081303982006,32.302485398999124
125.0,1.0,0.008449641085162605,0.04102233676975945,0.04102233676975945,4.777856151672573,4656,2.3931529251570556,48,1250,1.0,0.008429827763862217,0.9997852233676976,0.9997852233676976,0.43000937655209676,4656,0.2192196026700469,37.978735015985876,39.875714034998964
150.0,1.0,0.007033299897954226,0.04445876288659794,0.04445876288659794,4.884813236616731,4656,2.44592327104811,48,1500,1.0,0.0070203836636035305,1.0,1.0,0.24328641137716286,4656,0.12515339900537864,45.225837384983606,47.4922925389983
175.0,1.0,0.006063194619011633,0.04553264604810996,0.04553264604810996,4.97870292532485,4656,2.4923830065120947,48,1750,1.0,0.00605396583317891,1.0,1.0,0.16594165625031462,4656,0.08599780924951088,52.77126013598172,55.40784975099814
200.0,1.0,0.0053500606841647745,0.0468213058419244,0.0468213058419244,5.058015908572273,4656,2.5316830140208872,48,2000,1.0,0.005342820716887405,1.0,1.0,0.1253272708748624,4656,0.06533504679440633,59.55395812598363,62.55781918699722
225.0,1.0,0.004801189571721447,0.04725085910652921,0.04725085910652921,5.124347490133698,4656,2.5645743825591305,48,2250,1.0,0.004795372844561678,1.0,1.0,0.10060239739434416,4656,0.05269888545229673,66.3644871469769,69.73888948899912
250.0,1.0,0.004365961422625277,0.04725085910652921,0.04725085910652921,5.182905216806943,4656,2.5936356115177324,48,2500,1.0,0.004361148808420319,1.0,1.0,0.08410900892670621,4656,0.04423507955885425,73.8878824329804,77.63393398900007
275.0,1.0,0.004011951975806062,0.04768041237113402,0.04768041237113402,5.237887090833736,4656,2.620949499385873,48,2750,1.0,0.004007848984597065,1.0,1.0,0.07234905183929757,4656,0.03817845087280798,79.33038451998073,83.43966261499736
300.0,1.0,0.0037182155241261643,0.048539518900343644,0.048539518900343644,5.283637449913418,4656,2.6436778851800766,48,3000,1.0,0.00371463320304438,1.0,1.0,0.06357121057936416,4656,0.03364292166077394,84.77470134697796,89.2472143599989
325.0,1.0,0.003471109107187933,0.04961340206185567,0.04961340206185567,5.324721188889336,4656,2.6640961899380504,48,3250,1.0,0.003467936952089526,1.0,1.0,0.05677495953143667,4656,0.030121448523400166,90.22123966397703,95.05697473499822
350.0,1.0,0.003260149374040951,0.04939862542955326,0.04939862542955326,5.364256868657377,4656,2.683758502973314,48,3500,1.0,0.0032573149529929015,1.0,1.0,0.05136565777034694,4656,0.027311486067231168,95.6674436089852,100.86614845000076
375.0,1.0,0.003078050527375998,0.04918384879725086,0.04918384879725086,5.399321408615899,4656,2.701199744575212,48,3750,1.0,0.0030754684275368237,1.0,1.0,0.04696525167353784,4656,0.0250203603321744,102.28170747299009,107.85189640599856
400.0,1.0,0.002919370980606866,0.05025773195876289,0.05025773195876289,5.431744447688467,4656,2.717331955113362,48,4000,1.0,0.0029170488573841214,1.0,1.0,0.04331749575244602,4656,0.023117272100088113,110.0619266699905,116.00293742599752
425.0,1.0,0.002779881466704955,0.05047250859106529,0.05047250859106529,5.462114157135954,4656,2.7324470179187474,48,4250,1.0,0.0027777591009729916,1.0,1.0,0.040253558109716044,4656,0.021515658835774845,117.97150350099037,124.28301797300082
450.0,1.0,0.002656445854513096,0.05133161512027491,0.05133161512027491,5.490052895037989,4656,2.746354643831548,48,4500,1.0,0.0026544880672418783,1.0,1.0,0.03763662498841171,4656,0.020145556566231848,125.34346712299521,132.02268246099993
475.0,1.0,0.002546388054221766,0.05154639175257732,0.05154639175257732,5.515717706319802,4656,2.7591320968575492,48,4750,1.0,0.0025445770766726883,1.0,1.0,0.0353822404985985,4656,0.018963408634015376,132.80811209799867,139.86070327099878
500.0,1.0,0.0024476987389764424,0.05154639175257732,0.05154639175257732,5.54005631384571,4656,2.771252058625631,48,5000,1.0,0.0024460203356759247,1.0,1.0,0.03341920433175523,4656,0.017932612461732424,140.63460197599852,148.06579797599989
525.0,1.0,0.0023587862752966864,0.05176116838487973,0.05176116838487973,5.563425490126987,4656,2.7828921812916128,48,5250,1.0,0.0023572084932392814,1.0,1.0,0.0316962728795317,4656,0.01702674086560908,148.45959427300113,156.27734288099964
550.0,1.0,0.0022782652136386465,0.05154639175257732,0.05154639175257732,5.584816214964562,4656,2.793547246873993,48,5500,1.0,0.0022767975260711616,1.0,1.0,0.030172173100238814,4656,0.016224485287551618,156.8526794090103,165.0414927649981
575.0,1.0,0.002205066613315307,0.05154639175257732,0.05154639175257732,5.606092525102019,4656,2.8041488018232523,48,5750,1.0,0.0022036753005997833,1.0,1.0,0.02881364355382231,4656,0.01550865951682284,165.2238693640138,173.78383127000052
600.0,1.0,0.002138225022460177,0.0509020618556701,0.0509020618556701,5.625695087655713,4656,2.813916602904854,48,6000,1.0,0.002136911620798799,1.0,1.0,0.0275992097723525,4656,0.014868060747782389,173.1400203120138,182.074706935
625.0,1.0,0.002076976078072774,0.05111683848797251,0.05111683848797251,5.643981986029451,4656,2.8230294820778967,48,6250,1.0,0.0020757264800088104,1.0,1.0,0.026505133745186926,4656,0.014290430086994498,180.94634277301157,190.25939583999934
650.0,1.0,0.0020206595716607528,0.05176116838487973,0.05176116838487973,5.660530798213998,4656,2.8312757826343025,48,6500,1.0,0.002019470448756136,1.0,1.0,0.025514535477890593,4656,0.013767002886513254,188.77430583901878,198.46192725599758
675.0,1.0,0.0019687253892216893,0.05197594501718213,0.05197594501718213,5.677767933848798,4656,2.8398683161260334,48,6750,1.0,0.001967587729090268,1.0,1.0,0.024615088279304635,4656,0.013291337952990713,197.15638245901573,207.21480846199847
700.0,1.0,0.0019207436501775,0.05304982817869416,0.05304982817869416,5.69328528335414,4656,2.8476029753275345,48,7000,1.0,0.0019196582465237358,1.0,1.0,0.023792868217651787,4656,0.012856263168079337,205.5175803690181,215.9469390939994
725.0,1.0,0.0018762386183148808,0.05369415807560137,0.05369415807560137,5.708231608072917,4656,2.8550539049495947,48,7250,1.0,0.0018751959466852272,1.0,1.0,0.023041935311150306,4656,0.012458565411289124,213.42649284002255,224.22669852999752
750.0,1.0,0.0018349245856308035,0.05390893470790378,0.05390893470790378,5.72350906424506,4656,2.8626719733693755,48,7500,1.0,0.0018339296130789923,1.0,1.0,0.022352525049058842,4656,0.012093227241457123,220.80961644001945,231.98126647199751
775.0,1.0,0.0017964304568841285,0.05369415807560137,0.05369415807560137,5.736728261836206,4656,2.869262354480442,48,7750,1.0,0.001795467744578201,1.0,1.0,0.021716298516263666,4656,0.011755883181627673,228.9656032750172,240.50930442999743
800.0,1.0,0.0017605038852626107,0.05369415807560137,0.05369415807560137,5.749979654947917,4656,2.87587006559077,48,8000,1.0,0.001759582253563445,1.0,1.0,0.021128409302111753,4656,0.01144399593785866,236.79285827201602,248.7088374829982
825.0,1.0,0.001726917192800758,0.05390893470790378,0.05390893470790378,5.762171165230348,4656,2.881949067525438,48,8250,1.0,0.0017260160437973914,1.0,1.0,0.02058325825687946,4656,0.011154637099131686,245.166759706015,257.45534723499804
850.0,1.0,0.0016954470541059355,0.05390893470790378,0.05390893470790378,5.7737700472173,4656,2.88773277780854,48,8500,1.0,0.0016945797399556923,1.0,1.0,0.02007729839213525,4656,0.010885939155657267,253.13023258501562,265.7904534929985
875.0,1.0,0.0016659228867271921,0.05412371134020619,0.05412371134020619,5.786005026696064,4656,2.893835480680171,48,8750,1.0,0.0016650867062745634,1.0,1.0,0.019605647042854547,4656,0.010635367066589827,260.3881090880204,273.4199997379983
900.0,1.0,0.0016381970232295007,0.054553264604811,0.054553264604811,5.797578687110717,4656,2.899608415426667,48,9000,1.0,0.0016373864717499906,1.0,1.0,0.0191662463125904,4656,0.01040181640497188,267.984479484021,281.3872587499973
925.0,1.0,0.001612103297743191,0.054553264604811,0.054553264604811,5.807690807224549,4656,2.904651497647525,48,9250,1.0,0.0016113102973736439,1.0,1.0,0.018754930430671193,4656,0.010183120408828315,275.50846921102493,289.2830086039976
950.0,1.0,0.0015874396740775747,0.05519759450171821,0.05519759450171821,5.817734446312554,4656,2.909660968583884,48,9500,1.0,0.0015866766808573733,1.0,1.0,0.018370075733800933,4656,0.009978376098514832,283.4601272920263,297.6102608759975
975.0,1.0,0.0015642054865450384,0.055412371134020616,0.055412371134020616,5.826997579987516,4656,2.914280868477838,48,9750,1.0,0.0015634592763337073,1.0,1.0,0.018008473402855732,4656,0.009785966365198089,290.92070126202816,305.4466515549975
1000.0,1.0,0.0015422568954143328,0.055412371134020616,0.055412371134020616,5.838304552425633,4656,2.9199233694174853,48,10000,1.0,0.0015415304766078176,1.0,1.0,0.017669295527271388,4656,0.009605413142758137,298.3833331070273,313.2805311049997
1025.0,1.0,0.0015214516227597633,0.05562714776632302,0.05562714776632302,5.846926659652867,4656,2.9242240669801065,48,10250,1.0,0.001520747542893354,1.0,1.0,0.017350218550036454,4656,0.009435482963253953,306.1502295520331,321.4360647529975
1050.0,1.0,0.0015017648589160434,0.05605670103092784,0.05605670103092784,5.854900189691393,4656,2.9282009478696844,48,10500,1.0,0.0015010769475776306,1.0,1.0,0.017048620481261684,4656,0.009274848650411232,313.9351498620417,329.5997003049997
1075.0,1.0,0.001483089556194253,0.05562714776632302,0.05562714776632302,5.864018548395216,4656,2.9327508198846246,48,10750,1.0,0.0014824157779159415,1.0,1.0,0.016764419185336922,4656,0.009123417417618008,321.73922089703774,337.783426097998
1100.0,1.0,0.0014653698480416,0.05584192439862543,0.05584192439862543,5.87306412634571,4656,2.9372647210085105,48,11000,1.0,0.0014647114317851379,1.0,1.0,0.016496052651880533,4656,0.008980382246659794,329.3821993240417,345.8062622159996
1125.0,1.0,0.001448526748062409,0.05605670103092784,0.05605670103092784,5.880198160807292,4656,2.9408234009628034,48,11250,1.0,0.0014478828233132248,1.0,1.0,0.016242428538725547,4656,0.008845155693821072,336.638796887044,353.4383932620003
1150.0,1.0,0.0014324780694397864,0.05584192439862543,0.05584192439862543,5.8874353362932235,4656,2.944433887389927,48,11500,1.0,0.0014318501724000648,1.0,1.0,0.016001735356255497,4656,0.008716792585104192,343.84437455503576,361.0150733390001
1175.0,1.0,0.0014172108056618995,0.05605670103092784,0.05605670103092784,5.894935057335293,4656,2.9481761185164306,48,11750,1.0,0.0014165970416822795,1.0,1.0,0.015773488279060808,4656,0.00859504251955301,351.1654616820342,368.71175571799904
1200.0,1.0,0.001402673724385881,0.05562714776632302,0.05562714776632302,5.902292992241194,4656,2.951847849842609,48,12000,1.0,0.0014020637625066685,1.0,1.0,0.015556848540748517,4656,0.008479456106821695,359.40463105803065,377.32657961699806
1225.0,1.0,0.0013887694047898362,0.05584192439862543,0.05584192439862543,5.909055991680761,4656,2.955222375614127,48,12250,1.0,0.0013881771476408052,1.0,1.0,0.01535099335142837,4656,0.00836958539035312,367.78656980003143,386.08071908000056
1250.0,1.0,0.0013755067824498075,0.05562714776632302,0.05562714776632302,5.916899953101509,4656,2.9591377494261435,48,12500,1.0,0.0013749312186978526,1.0,1.0,0.015155018400080834,4656,0.008264974732579235,376.1547833240329,394.8211435489975
1275.0,1.0,0.0013628578856843443,0.05562714776632302,0.05562714776632302,5.923071582702427,4656,2.962217193288901,48,12750,1.0,0.0013622892732472764,1.0,1.0,0.01496808287204336,4656,0.008165186111050373,384.5085053230323,403.5469174280006
1300.0,1.0,0.0013507652605317302,0.05562714776632302,0.05562714776632302,5.9291111792076086,4656,2.9652310138715503,48,13000,1.0,0.0013502076447419694,1.0,1.0,0.01479051162287132,4656,0.008070359627405802,392.93583932403635,412.3497259579999
1325.0,1.0,0.0013391807086484129,0.05584192439862543,0.05584192439862543,5.935161367724442,4656,2.9682502877671286,48,13250,1.0,0.0013386271253893875,1.0,1.0,0.014620889298284995,4656,0.007979758109423713,400.64298934103135,420.4325829189984
1350.0,1.0,0.001328097137900972,0.05756013745704467,0.05756013745704467,5.94128543814433,4656,2.9713067123570394,48,13500,1.0,0.0013275585582166194,1.0,1.0,0.014459292503566677,4656,0.007893425594900073,407.9632789690295,428.1243999879989
1375.0,1.0,0.0013174733140624267,0.05648625429553265,0.05648625429553265,5.947644105891592,4656,2.9744808026605454,48,13750,1.0,0.0013169376403605406,1.0,1.0,0.014304400309664277,4656,0.00781066884699556,413.4052593950328,433.929351707
1400.0,1.0,0.0013072834801428096,0.05648625429553265,0.05648625429553265,5.9538132185788495,4656,2.9775602989590046,48,14000,1.0,0.0013067576893416467,1.0,1.0,0.014156539108335357,4656,0.007731648347631763,418.84810842903244,439.73513701299817
1425.0,1.0,0.0012974888598386366,0.057345360824742266,0.057345360824742266,5.958601804123711,4656,2.9799496365576674,48,14250,1.0,0.0012969803385103691,1.0,1.0,0.014015440269024512,4656,0.007656210271763228,425.22217599302894,446.4806524589985
1450.0,1.0,0.0012881183337509837,0.05713058419243986,0.05713058419243986,5.963779934493127,4656,2.982534008747114,48,14500,1.0,0.0012876107853507669,1.0,1.0,0.013880323093781356,4656,0.007583967086785438,432.4612311690289,454.09163815399734
1475.0,1.0,0.0012791211303976393,0.05756013745704467,0.05756013745704467,5.968754247291801,4656,2.9850166818939945,48,14750,1.0,0.0012786239513621707,1.0,1.0,0.013750460139664588,4656,0.007514542013509167,439.8321929580343,461.8341942989973
1500.0,1.0,0.0012704493458738032,0.057345360824742266,0.057345360824742266,5.9740683434345465,4656,2.9876693778021637,48,15000,1.0,0.0012699545991584607,1.0,1.0,0.013626159671245981,4656,0.0074480571288013785,447.03757575403506,469.4111556120006
1525.0,1.0,0.0012621259079970855,0.05820446735395189,0.05820446735395189,5.977794424365067,4656,2.989528302064876,48,15250,1.0,0.001261637485314071,1.0,1.0,0.013506940242760779,4656,0.007384288864037425,454.29306216404075,477.0509454940002
1550.0,1.0,0.0012541048971238414,0.05798969072164949,0.05798969072164949,5.983855624379161,4656,2.9925548645229276,48,15500,1.0,0.0012536221583889112,1.0,1.0,0.013392598768280134,4656,0.007323110431330311,461.53984247604603,484.6691891320006
1575.0,1.0,0.0012463979371839372,0.05820446735395189,0.05820446735395189,5.9877412671485715,4656,2.9944938581014418,48,15750,1.0,0.001245923660362709,1.0,1.0,0.013282561527494713,4656,0.007264242549122814,469.542592893049,493.0499705509974
1600.0,1.0,0.0012389702588012537,0.058419243986254296,0.058419243986254296,5.99202626021867,4656,2.9966326054838515,48,16000,1.0,0.0012384961868069835,1.0,1.0,0.013176907583610299,4656,0.007207701808398532,477.1958408330538,501.08292817599795
1625.0,1.0,0.0012318076521055804,0.0586340206185567,0.0586340206185567,5.996808815657888,4656,2.999020291357925,48,16250,1.0,0.0012313403137975542,1.0,1.0,0.013075641135579533,4656,0.00715349076949444,484.6496839180618,508.9123133079993
1650.0,1.0,0.0012249077871902701,0.058848797250859106,0.058848797250859106,6.000597766994201,4656,3.0009113849233517,48,16500,1.0,0.0012244495764835593,1.0,1.0,0.01297794871313875,4656,0.007101199215220422,491.85753892105276,516.4917729179979
1675.0,1.0,0.0012182532537638937,0.0586340206185567,0.0586340206185567,6.005185104317682,4656,3.003201697700212,48,16750,1.0,0.0012178026216546284,1.0,1.0,0.01288387568545915,4656,0.00705083902554004,499.5343339860556,524.5403918529992
1700.0,1.0,0.0012118295091124334,0.058419243986254296,0.058419243986254296,6.008748739445742,4656,3.004980264250765,48,17000,1.0,0.001211377891273433,1.0,1.0,0.012793548021119894,4656,0.0070024629433949786,508.14341301605964,533.5209727119982
1725.0,1.0,0.0012056258382256498,0.058848797250859106,0.058848797250859106,6.012239541384773,4656,3.006722545296056,48,17250,1.0,0.0012051822726464353,1.0,1.0,0.012706338437562137,4656,0.006955760246289964,516.4566732700514,542.2096898060008
1750.0,1.0,0.0011996353281937104,0.05820446735395189,0.05820446735395189,6.01686887970495,4656,3.009034304274726,48,17500,1.0,0.0011991931451964624,1.0,1.0,0.012622588893392241,4656,0.006910890955285928,524.0582621360481,550.1907625089989
1775.0,1.0,0.001193836920244997,0.0586340206185567,0.0586340206185567,6.019843242422412,4656,3.0105185492341873,48,17750,1.0,0.0011933997427065349,1.0,1.0,0.012542113610559312,4656,0.006867756599822815,531.7420772500518,558.2505130789978
1800.0,1.0,0.0011882451442918416,0.0586340206185567,0.0586340206185567,6.023990172291129,4656,3.01258923507638,48,18000,1.0,0.001187813228245863,1.0,1.0,0.01246462921096697,4656,0.006826221226007258,540.0623893790507,566.9425722109991
1825.0,1.0,0.0011828268439704201,0.05820446735395189,0.05820446735395189,6.027490989449098,4656,3.0143369432167497,48,18250,1.0,0.0011824005478641012,1.0,1.0,0.012389552961919726,4656,0.006785976620474222,547.5789834300485,574.8308815599994
1850.0,1.0,0.001177574888742257,0.0586340206185567,0.0586340206185567,6.030753800959112,4656,3.0159656747509933,48,18500,1.0,0.0011771510505594338,1.0,1.0,0.012316999668927537,4656,0.006747075321338431,555.302206001048,582.9249660770001
1875.0,1.0,0.0011725013505961886,0.05906357388316151,0.05906357388316151,6.034892393551331,4656,3.0180324541334436,48,18750,1.0,0.001172084118082761,1.0,1.0,0.01224710625881182,4656,0.00670959521405066,562.4461072870472,590.4400139120007
1900.0,1.0,0.00116758591325832,0.0586340206185567,0.0586340206185567,6.037602794948722,4656,3.0193852165720307,48,19000,1.0,0.0011671664020449844,1.0,1.0,0.01217953671294799,4656,0.006673351391074583,570.0477932330468,598.4128048530001
1925.0,1.0,0.0011628236608816585,0.05970790378006873,0.05970790378006873,6.040260655773464,4656,3.020711761159995,48,19250,1.0,0.0011624078621569368,1.0,1.0,0.01211422855911386,4656,0.006638318095420234,578.0129318790496,606.7492922719975
1950.0,1.0,0.0011582039168610196,0.05906357388316151,0.05906357388316151,6.044393847488456,4656,3.022776049846636,48,19500,1.0,0.0011577943013500922,1.0,1.0,0.012051098637564485,4656,0.006604446527064871,586.3205625720475,615.4284032639989
1975.0,1.0,0.0011537123177059738,0.06013745704467354,0.06013745704467354,6.0476820903135735,4656,3.0244178378704896,48,19750,1.0,0.0011533100247587945,1.0,1.0,0.011990516046478166,4656,0.006571912990812583,594.0703537310437,623.5499819249999
2000.0,1.0,0.001149360794586824,0.060352233676975946,0.060352233676975946,6.0501203504214995,4656,3.025634818060701,48,20000,1.0,0.001148961125985044,1.0,1.0,0.011931860672239586,4656,0.006540411014327479,602.409379414039,632.2608071609975
2025.0,1.0,0.0011451565292487848,0.060352233676975946,0.060352233676975946,6.0541540191755265,4656,3.027649633663217,48,20250,1.0,0.0011447595490008285,1.0,1.0,0.011875340414211103,4656,0.006510049975205124,609.9843020830376,640.2203654299992
2050.0,1.0,0.0011410687208380486,0.06056701030927835,0.06056701030927835,6.055955133077615,4656,3.0285480931862114,48,20500,1.0,0.0011406775909600798,1.0,1.0,0.011820023309733859,4656,0.006480350475950339,617.6505789540388,648.258618418
2075.0,1.0,0.0011370967036670016,0.06056701030927835,0.06056701030927835,6.059465441097508,4656,3.0303012808573615,48,20750,1.0,0.0011367040759919025,1.0,1.0,0.011766787554390243,4656,0.006451745827992757,625.5005507820424,656.4799376489973
2100.0,1.0,0.00113324036252048,0.060352233676975946,0.060352233676975946,6.061684624845629,4656,3.0314089588283264,48,21000,1.0,0.0011328468003223853,1.0,1.0,0.011715031161750714,4656,0.00642393892982981,632.7120476980417,664.0627611639975
2125.0,1.0,0.0011294899297129247,0.060352233676975946,0.060352233676975946,6.064755154639175,4656,3.0329423360398544,48,21250,1.0,0.0011290994655225694,1.0,1.0,0.011665036690603826,4656,0.006397068090864883,640.9516854100439,672.6743710240007
2150.0,1.0,0.001125825280995713,0.060352233676975946,0.060352233676975946,6.067416528655901,4656,3.0342711615808233,48,21500,1.0,0.0011254418065252993,1.0,1.0,0.0116167079746928,4656,0.0063710748842082075,648.7199556210508,680.8151927910003
2175.0,1.0,0.0011222744648604049,0.06013745704467354,0.06013745704467354,6.069556586930842,4656,3.0353394603401527,48,21750,1.0,0.0011218938451657181,1.0,1.0,0.011569816529545997,4656,0.006345855257765124,656.0750373810479,688.5414584940008
2200.0,1.0,0.0011188114682833354,0.06013745704467354,0.06013745704467354,6.071689513950413,4656,3.036404141036096,48,22000,1.0,0.0011184269824798165,1.0,1.0,0.011524679324880908,4656,0.006321553153680362,663.2996019100501,696.137449414
2225.0,1.0,0.001115432565974206,0.060352233676975946,0.060352233676975946,6.0756025281558745,4656,3.0383589701963865,48,22250,1.0,0.001115055735578242,1.0,1.0,0.011480574960151488,4656,0.006297815399071605,671.0124497980541,704.2217867809995
2250.0,1.0,0.0011121581254136521,0.060781786941580755,0.060781786941580755,6.07745445225247,4656,3.039283280520095,48,22500,1.0,0.0011117891040454614,1.0,1.0,0.011438276861951114,4656,0.0062750329573949175,678.831979502047,712.4169773680005
2275.0,1.0,0.0011089670494250005,0.060781786941580755,0.060781786941580755,6.079964287092595,4656,3.040536651086971,48,22750,1.0,0.0011085984889174655,1.0,1.0,0.011397015905052526,4656,0.006252807184183311,686.7992751700403,720.763818872998
2300.0,1.0,0.001105856828878016,0.060352233676975946,0.060352233676975946,6.081574325299345,4656,3.041340123337159,48,23000,1.0,0.001105487628286237,1.0,1.0,0.01135715678385443,4656,0.006231322270078757,695.0881783700352,729.4283235109979
2325.0,1.0,0.0011028208068965637,0.06013745704467354,0.06013745704467354,6.083898799935567,4656,3.0425008138020835,48,23250,1.0,0.0011024541794434446,1.0,1.0,0.011317979121945569,4656,0.006210216644293664,703.4204354500325,738.1361679090005
2350.0,1.0,0.0010998667156983078,0.06013745704467354,0.06013745704467354,6.086244458595092,4656,3.043672201150062,48,23500,1.0,0.0010994985392413189,1.0,1.0,0.01128050787342373,4656,0.00619000319353084,711.7101442990352,746.8019564869974
2375.0,1.0,0.0010969748406885415,0.060781786941580755,0.060781786941580755,6.088340523316688,4656,3.044718739093374,48,23750,1.0,0.0010966126810234436,1.0,1.0,0.011243818449400544,4656,0.006170215578013679,720.0688966560374,755.5326220219977
2400.0,1.0,0.0010941499184906687,0.060352233676975946,0.060352233676975946,6.091601394705756,4656,3.046347811459676,48,24000,1.0,0.0010937870035261632,1.0,1.0,0.011207953146642836,4656,0.006150870081485342,727.6479221950431,763.4830649590003
2425.0,1.0,0.001091402267262698,0.059922680412371136,0.059922680412371136,6.093098433976321,4656,3.0470948891131737,48,24250,1.0,0.0010910422198756045,1.0,1.0,0.011173840752991614,4656,0.006132441544041191,735.120432853033,771.3271698839999
2450.0,1.0,0.0010887061044112924,0.059922680412371136,0.059922680412371136,6.096153337930896,4656,3.04862103019793,48,24500,1.0,0.001088347657234808,1.0,1.0,0.011140388004558603,4656,0.006114367766888281,743.4061096510341,779.9839211629987
2475.0,1.0,0.0010860703271074394,0.060352233676975946,0.060352233676975946,6.097271634131363,4656,3.0491788674056326,48,24750,1.0,0.0010857168597863712,1.0,1.0,0.01110787141773709,4656,0.006096794125960045,751.1504652560398,788.0995829059975
2500.0,1.0,0.0010835121920223499,0.06099656357388316,0.06099656357388316,6.100066457007759,4656,3.0505749679512992,48,25000,1.0,0.0010831587887097061,1.0,1.0,0.011076242038884113,4656,0.006079700394594383,759.0451019030443,796.3683787769987
2525.0,1.0,0.0010809906569543162,0.06142611683848797,0.06142611683848797,6.101260155746617,4656,3.0511705588638987,48,25250,1.0,0.0010806366391607986,1.0,1.0,0.011045686362944927,4656,0.006063161437044439,766.7492080280463,804.4604459799993
2550.0,1.0,0.0010785331687157096,0.061211340206185565,0.061211340206185565,6.103325283404478,4656,3.05220189045385,48,25500,1.0,0.0010781845788365788,1.0,1.0,0.011015853418927012,4656,0.006047018922071687,773.9496438730457,812.0321103239985
2575.0,1.0,0.0010761297291906429,0.06099656357388316,0.06099656357388316,6.105395549761061,4656,3.0532358176110126,48,25750,1.0,0.0010757826499103271,1.0,1.0,0.010986583441803135,4656,0.006031183084261786,779.3871491040445,817.832300703998
2600.0,1.0,0.00107377788045562,0.06164089347079038,0.06164089347079038,6.106590297213945,4656,3.053832011534176,48,26000,1.0,0.0010734319789303128,1.0,1.0,0.010958617085853392,4656,0.006016024506788484,785.4844826420485,824.3010841719988
2625.0,1.0,0.0010714786594471161,0.06142611683848797,0.06142611683848797,6.108308038351052,4656,3.054689807170855,48,26250,1.0,0.001071133052360561,1.0,1.0,0.010931157779038157,4656,0.0060011453644926195,792.9241927370495,832.1122365569972
2650.0,1.0,0.0010692227593402273,0.06142611683848797,0.06142611683848797,6.111382972743503,4656,3.0562260683459517,48,26500,1.0,0.0010688770882452477,1.0,1.0,0.010904440765118682,4656,0.005986658977888704,800.4896987970496,840.049023061998
2675.0,1.0,0.0010670133165477478,0.06142611683848797,0.06142611683848797,6.112004650417472,4656,3.0565358322510603,48,26750,1.0,0.0010666696937223481,1.0,1.0,0.010878453856890964,4656,0.005972561762504971,808.2194733150536,848.149726757998
2700.0,1.0,0.0010648448135434966,0.06142611683848797,0.06142611683848797,6.114217332138638,4656,3.057641098179768,48,27000,1.0,0.0010645072587167274,1.0,1.0,0.01085328318409084,4656,0.005958895247007154,816.3334378930485,856.6346562279978
2725.0,1.0,0.0010627271844349366,0.06142611683848797,0.06142611683848797,6.1153700785948235,4656,3.0582164226938358,48,27250,1.0,0.0010623872612964657,1.0,1.0,0.01082910428342131,4656,0.005945745817164785,823.5631887200434,864.2348548640002
2750.0,1.0,0.0010606443503058654,0.06142611683848797,0.06142611683848797,6.117309884926708,4656,3.0591852509279023,48,27500,1.0,0.0010603066162555078,1.0,1.0,0.010805461824554758,4656,0.005932884220405133,831.200161003042,872.2468376129982
2775.0,1.0,0.0010586032496694847,0.06207044673539519,0.06207044673539519,6.1187553799029475,4656,3.0599070283555494,48,27750,1.0,0.0010582647475180348,1.0,1.0,0.010782671753073885,4656,0.00592046827589933,838.5402369430449,879.9616514419977
2800.0,1.0,0.0010565960222912818,0.06164089347079038,0.06164089347079038,6.12017402780015,4656,3.060615303590126,48,28000,1.0,0.0010562624615901935,1.0,1.0,0.01075972498897015,4656,0.005907993648470063,846.3697434530441,888.1623268699987
2825.0,1.0,0.0010546333959831815,0.061855670103092786,0.061855670103092786,6.12300980295922,4656,3.0620322211091873,48,28250,1.0,0.0010542994896366015,1.0,1.0,0.010737881013208238,4656,0.005896090232219892,853.8079683030446,895.9718416270007
2850.0,1.0,0.0010526966546818973,0.061855670103092786,0.061855670103092786,6.12424062617456,4656,3.062646688874235,48,28500,1.0,0.0010523636572549433,1.0,1.0,0.010716450173420594,4656,0.0058844069537428234,861.8604007940412,904.3957045219977
2875.0,1.0,0.001050805794619203,0.06164089347079038,0.06164089347079038,6.12641350919848,4656,3.0637321603257224,48,28750,1.0,0.0010504730532259466,1.0,1.0,0.010696187052120458,4656,0.005873330065474887,870.071951851045,912.9794351710007
2900.0,1.0,0.0010489393601712492,0.06207044673539519,0.06207044673539519,6.126593520960857,4656,3.063821222364288,48,29000,1.0,0.0010486069644234843,1.0,1.0,0.010675850193115444,4656,0.005862228546765252,878.3934481870456,921.6728433860007
2925.0,1.0,0.0010470982218526072,0.06164089347079038,0.06164089347079038,6.130012433553479,4656,3.065529787253678,48,29250,1.0,0.0010467682968300232,1.0,1.0,0.010656077734793174,4656,0.005851422951803175,886.093205986057,929.748407840998
2950.0,1.0,0.0010452868858563532,0.06164089347079038,0.06164089347079038,6.131421590588756,4656,3.0662334743643953,48,29500,1.0,0.0010449593547488406,1.0,1.0,0.010636721382436064,4656,0.00584084036219161,893.5843356100522,937.6145676989981
2975.0,1.0,0.0010435106520800246,0.06142611683848797,0.06142611683848797,6.132405179472723,4656,3.066724298745906,48,29750,1.0,0.001043181917614134,1.0,1.0,0.010618323517828872,4656,0.00583075273692403,900.7922425550569,945.194149728999
3000.0,1.0,0.0010417557971174364,0.06099656357388316,0.06099656357388316,6.134563957293009,4656,3.0678028486848286,48,30000,1.0,0.0010414327081945754,1.0,1.0,0.010600044350443837,4656,0.005820738490914151,908.2996126890575,953.0732632679974
3025.0,1.0,0.0010400375805769589,0.061211340206185565,0.061211340206185565,6.134600557412479,4656,3.0678203097733436,48,30250,1.0,0.001039710599941896,1.0,1.0,0.010582289949725173,4656,0.005811000249230165,917.025979927057,962.1897535549979
3050.0,1.0,0.001038337440015524,0.061211340206185565,0.061211340206185565,6.136306395645404,4656,3.0686723637007356,48,30500,1.0,0.001038012520451726,1.0,1.0,0.010565191609752956,4656,0.0058016020202964445,922.759968149061,968.2943041990002
3075.0,1.0,0.0010366539928511657,0.06056701030927835,0.06056701030927835,6.136826557801761,4656,3.0689316582433954,48,30750,1.0,0.0010363305838861827,1.0,1.0,0.010548233576246962,4656,0.005792282086467415,928.4952380590657,974.4007993220002
3100.0,1.0,0.0010350111526312288,0.06056701030927835,0.06056701030927835,6.138823204433795,4656,3.0699290901524914,48,31000,1.0,0.0010346887037926114,1.0,1.0,0.010532103043651254,4656,0.005783395873721932,934.2323316820621,980.5089927400004
3125.0,1.0,0.00103338992165536,0.059922680412371136,0.059922680412371136,6.140369008906519,4656,3.0707012058533345,48,31250,1.0,0.0010330693034576795,1.0,1.0,0.010515833023897152,4656,0.005774451182879943,939.9663666730521,986.6140667639993
3150.0,1.0,0.0010317840270979708,0.05970790378006873,0.05970790378006873,6.14141426217515,4656,3.071223019734281,48,31500,1.0,0.0010314655339799797,1.0,1.0,0.010499715600226753,4656,0.005765590573504209,945.7045364640435,992.7237245869983
3175.0,1.0,0.0010302069107281794,0.06013745704467354,0.06013745704467354,6.1416510618019755,4656,3.0713406330121753,48,31750,1.0,0.0010298905810949318,1.0,1.0,0.010484811776282452,4656,0.0057573512042920615,951.4406319690424,998.8308240229999
3200.0,1.0,0.0010286509683451702,0.060781786941580755,0.060781786941580755,6.142878843746644,4656,3.0719537374489905,48,32000,1.0,0.0010283358036652463,1.0,1.0,0.010469478942274638,4656,0.0057489073665691,957.1789858430457,1004.9402287310004
3225.0,1.0,0.0010271119881946197,0.05970790378006873,0.05970790378006873,6.144488567339186,4656,3.0727578913632945,48,32250,1.0,0.0010267951080889226,1.0,1.0,0.010455488032082101,4656,0.005741141608490567,962.9173338030414,1011.0496338729972
3250.0,1.0,0.0010255943612544397,0.06013745704467354,0.06013745704467354,6.145933275779908,4656,3.0734794066124356,48,32500,1.0,0.001025280937603659,1.0,1.0,0.010440911419203192,4656,0.005733096159200898,968.6558766000417,1017.1592262279992
3275.0,1.0,0.001024087935788525,0.05906357388316151,0.05906357388316151,6.147346103314272,4656,3.0741851124976507,48,32750,1.0,0.001023775331445576,1.0,1.0,0.010427084575404007,4656,0.005725430049437428,975.1785964270421,1024.0577280750003
3300.0,1.0,0.0010226072673125775,0.059922680412371136,0.059922680412371136,6.148065206521156,4656,3.074543877565574,48,33000,1.0,0.0010222979914076959,1.0,1.0,0.010413763449364101,4656,0.0057180306755800015,982.5187629210341,1031.7681440880006
3325.0,1.0,0.0010211504099704965,0.05970790378006873,0.05970790378006873,6.1492355189372585,4656,3.0751283258916584,48,33250,1.0,0.0010208399179055519,1.0,1.0,0.01040070911043698,4656,0.005710774475766211,989.7304364460397,1039.3499534619987
3350.0,1.0,0.0010197061750897018,0.06013745704467354,0.06013745704467354,6.150179518866785,4656,3.0755995655387536,48,33500,1.0,0.0010193975136656942,1.0,1.0,0.01038802581554426,4656,0.005703711683807504,996.9612825290387,1046.955990467999
3375.0,1.0,0.0010182905647762863,0.06013745704467354,0.06013745704467354,6.150608757517182,4656,3.0758135294176867,48,33750,1.0,0.0010179818777489088,1.0,1.0,0.010375299199749924,4656,0.005696640493943519,1004.7830898390312,1055.1573708569995
3400.0,1.0,0.0010168905085099931,0.059922680412371136,0.059922680412371136,6.151114394984295,4656,3.0760656140514255,48,34000,1.0,0.0010165764703783382,1.0,1.0,0.010363337510230206,4656,0.005689956990304272,1012.5564554350349,1063.3091967769979
3425.0,1.0,0.0010154999254905071,0.05970790378006873,0.05970790378006873,6.153085295687017,4656,3.0770504089565214,48,34250,1.0,0.0010151924930282474,1.0,1.0,0.010351450377723196,4656,0.005683321467379934,1019.8821606950332,1071.0097351090008
3450.0,1.0,0.0010141297739600808,0.05970790378006873,0.05970790378006873,6.153303637947004,4656,3.077158872204548,48,34500,1.0,0.0010138196403423126,1.0,1.0,0.010340065276090223,4656,0.00567694249022048,1027.8860637270336,1079.3881926249996
3475.0,1.0,0.0010127675594742765,0.06013745704467354,0.06013745704467354,6.153378096642773,4656,3.077195446106167,48,34750,1.0,0.001012458475594668,1.0,1.0,0.01032875555077779,4656,0.005670606987582859,1036.059896452025,1087.9368760399993
3500.0,1.0,0.0010114151254757163,0.06013745704467354,0.06013745704467354,6.156049695621242,4656,3.0785305901491355,48,35000,1.0,0.0010111059519843139,1.0,1.0,0.01031760354222301,4656,0.005664354747103662,1044.4050563660312,1096.6565969369985
3525.0,1.0,0.0010100889861378883,0.059922680412371136,0.059922680412371136,6.1549203354878115,4656,3.0779652022004536,48,35250,1.0,0.001009782321776721,1.0,1.0,0.010306995758895612,4656,0.0056583891107454334,1052.2383438090255,1104.8821870639986
3550.0,1.0,0.001008770207768863,0.06099656357388316,0.06099656357388316,6.155408931352019,4656,3.078208844686292,48,35500,1.0,0.0010084626856948092,1.0,1.0,0.010296486906988924,4656,0.005652474834746921,1060.2877067630288,1113.3097593019993
3575.0,1.0,0.0010074602241573465,0.060781786941580755,0.060781786941580755,6.15732000291962,4656,3.0791637250238266,48,35750,1.0,0.001007156427373591,1.0,1.0,0.010286143760091251,4656,0.0056466500681290515,1068.4294215650261,1121.8255818609978
3600.0,1.0,0.0010061763687846587,0.06099656357388316,0.06099656357388316,6.157497340461233,4656,3.079251790784069,48,36000,1.0,0.0010058687570988108,1.0,1.0,0.010276108058457523,4656,0.005640988394976482,1076.5223075110262,1130.289069904
3625.0,1.0,0.0010049001176127862,0.06056701030927835,0.06056701030927835,6.158256714286673,4656,3.0796307698148224,48,36250,1.0,0.0010045962952256612,1.0,1.0,0.010266547145712417,4656,0.0056355717460724085,1084.8714696690222,1139.012483350998
3650.0,1.0,0.0010036256586767964,0.06056701030927835,0.06056701030927835,6.15933374359026,4656,3.080168681456051,48,36500,1.0,0.001003321477842495,1.0,1.0,0.010257067344442676,4656,0.00563019442394427,1092.6850340530218,1147.2039102249983
3675.0,1.0,0.0010023675090873364,0.060352233676975946,0.060352233676975946,6.158511761537532,4656,3.0797570874191234,48,36750,1.0,0.0010020662982439257,1.0,1.0,0.010246876998455664,4656,0.00562447166115148,1100.3013043390201,1155.1943239079992
3700.0,1.0,0.0010011390978118399,0.06056701030927835,0.06056701030927835,6.159395303103523,4656,3.0801982027558528,48,37000,1.0,0.0010008347121505802,1.0,1.0,0.010237611446183981,4656,0.005619223021559699,1107.4802895100147,1162.7427232549999
3725.0,1.0,0.0009998902422455988,0.06099656357388316,0.06099656357388316,6.158851440010202,4656,3.0799256681986282,48,37250,1.0,0.0009995895178662134,1.0,1.0,0.01022897491750029,4656,0.005614282236885778,1115.1896069450122,1170.8224923029993
3750.0,1.0,0.0009986634311807115,0.061211340206185565,0.061211340206185565,6.160314710689165,4656,3.0806566743096946,48,37500,1.0,0.000998366176057927,1.0,1.0,0.010220385499016936,4656,0.005609375863140801,1122.9654003550095,1178.9694535559975
3775.0,1.0,0.0009974530958842575,0.06142611683848797,0.06142611683848797,6.159187238240979,4656,3.0800923350750375,48,37750,1.0,0.0009971505024588805,1.0,1.0,0.010211517925524629,4656,0.005604334303603549,1130.4736765650086,1186.8496443490003
3800.0,1.0,0.000996242530157476,0.06207044673539519,0.06207044673539519,6.159873411827481,4656,3.0804348188577237,48,38000,1.0,0.0009959452238279519,1.0,1.0,0.010202948375256201,4656,0.005599446722731967,1137.9856402740152,1194.7373022129977
3825.0,1.0,0.000995047800114884,0.06142611683848797,0.06142611683848797,6.161012210387135,4656,3.0810036151269866,48,38250,1.0,0.0009947501097348139,1.0,1.0,0.010195186457683131,4656,0.005594968283708973,1145.5149437660184,1202.6423517949988
3850.0,1.0,0.0009938539277851786,0.0625,0.0625,6.161496663830944,4656,3.0812452650561775,48,38500,1.0,0.0009935590793791506,1.0,1.0,0.010186806167523885,4656,0.00559018270666247,1150.9560563290179,1208.4463010269974
3875.0,1.0,0.0009926751870469948,0.06207044673539519,0.06207044673539519,6.161164483663552,4656,3.0810785719619176,48,38750,1.0,0.0009923828989779418,1.0,1.0,0.010178990994941737,4656,0.005585686959761525,1157.5374986160205,1215.3991262329982
3900.0,1.0,0.0009915086207111267,0.06207044673539519,0.06207044673539519,6.1625443815775345,4656,3.081767917908344,48,39000,1.0,0.0009912139003219473,1.0,1.0,0.010171602886567,4656,0.005581408431849529,1164.7386790130222,1222.9714652539988
3925.0,1.0,0.000990345882079036,0.06207044673539519,0.06207044673539519,6.161654862341602,4656,3.081322607715515,48,39250,1.0,0.0009900506368207768,1.0,1.0,0.010163708241125153,4656,0.00557687945177465,1172.171182862021,1230.7747750540002
3950.0,1.0,0.0009891848588727183,0.06207044673539519,0.06207044673539519,6.1621042887369795,4656,3.0815466916847885,48,39500,1.0,0.0009888917130907787,1.0,1.0,0.010156700291584447,4656,0.00557279607274688,1180.5179040090225,1239.4916316929994
3975.0,1.0,0.0009880284954796952,0.06099656357388316,0.06099656357388316,6.16374972104207,4656,3.0823689096981717,48,39750,1.0,0.0009877396510638732,1.0,1.0,0.010149196455978445,4656,0.00556846797671105,1188.6835686670202,1248.0272233760006
4000.0,1.0,0.0009868876989354792,0.061855670103092786,0.061855670103092786,6.162179848582475,4656,3.0815833966756605,48,40000,1.0,0.0009866002499033086,1.0,1.0,0.010142003752521634,4656,0.005564302052419211,1195.929551680023,1255.6472893969985
4025.0,1.0,0.0009857578478318309,0.060781786941580755,0.060781786941580755,6.164075661361013,4656,3.0825307000543654,48,40250,1.0,0.0009854646892482064,1.0,1.0,0.010134671869146865,4656,0.005560068227990796,1203.6847647320246,1263.7917882869988
4050.0,1.0,0.000984633975115019,0.060781786941580755,0.060781786941580755,6.164236586528136,4656,3.0826106120630636,48,40500,1.0,0.000984343504885218,1.0,1.0,0.01012874765904089,4656,0.005556545511553788,1212.0432806390236,1272.5209069759985
4075.0,1.0,0.0009835162088018923,0.060352233676975946,0.060352233676975946,6.1622272504564,4656,3.0816053672344825,48,40750,1.0,0.000983223216640171,1.0,1.0,0.010121999532496397,4656,0.0055526114001716535,1220.090480358027,1280.9382717269982
4100.0,1.0,0.0009823950372405887,0.060781786941580755,0.060781786941580755,6.1650677448285816,4656,3.0830250638457097,48,41000,1.0,0.0009821046054158424,1.0,1.0,0.010115224880860843,4656,0.005548664640724864,1228.1389346220276,1289.357272893998
4125.0,1.0,0.0009812923897172987,0.060781786941580755,0.060781786941580755,6.163633943013719,4656,3.082307638581266,48,41250,1.0,0.0009809992823404136,1.0,1.0,0.010109162002904308,4656,0.0055450806298206765,1236.4896695970237,1298.0786037539983
4150.0,1.0,0.0009801852488026176,0.06013745704467354,0.06013745704467354,6.164490689936373,4656,3.08273546146773,48,41500,1.0,0.0009798894530719088,1.0,1.0,0.0101027396536365,4656,0.005541314578957574,1244.4360512560306,1306.3995137899983
4175.0,1.0,0.0009790823324439452,0.060781786941580755,0.060781786941580755,6.163775938892692,4656,3.082377509153176,48,41750,1.0,0.000978789532307497,1.0,1.0,0.010097160679368219,4656,0.005537975131441227,1252.5710689910338,1314.9152042759997
4200.0,1.0,0.0009779884028680546,0.061211340206185565,0.061211340206185565,6.165465207444024,4656,3.083221592853979,48,42000,1.0,0.0009776930551963164,1.0,1.0,0.010091204618670276,4656,0.005534448779325715,1258.2883789400403,1321.0017850570002
4225.0,1.0,0.0009769016166323238,0.061211340206185565,0.061211340206185565,6.1649220784505205,4656,3.0829495040002146,48,42250,1.0,0.0009766120297187793,1.0,1.0,0.010084620251278697,4656,0.005530616210908005,1265.2478592210427,1328.3354352349997
4250.0,1.0,0.0009758182484464547,0.06056701030927835,0.06056701030927835,6.16495107539331,4656,3.082963399461045,48,42500,1.0,0.0009755283286891033,1.0,1.0,0.01008062325802046,4656,0.0055280757933547815,1272.551042541043,1336.008682192998
4275.0,1.0,0.0009747477203505146,0.060781786941580755,0.060781786941580755,6.16421026380611,4656,3.082592521746134,48,42750,1.0,0.0009744542161213983,1.0,1.0,0.010073196642177621,4656,0.0055238255315629885,1278.7781902200477,1342.6064778340005
4300.0,1.0,0.0009736708682222464,0.060781786941580755,0.060781786941580755,6.165275704819722,4656,3.083124691678077,48,43000,1.0,0.0009733786569633026,1.0,1.0,0.010067636204749039,4656,0.005520507437257013,1285.9750850160453,1350.1749305329977
4325.0,1.0,0.0009726046030873695,0.06099656357388316,0.06099656357388316,6.166166220333977,4656,3.083569425078192,48,43250,1.0,0.0009723128270857112,1.0,1.0,0.010062563255480475,4656,0.005517438054084778,1293.1635792820525,1357.7346455829975
4350.0,1.0,0.0009715423832849129,0.060352233676975946,0.060352233676975946,6.165248438255074,4656,3.083109931028176,48,43500,1.0,0.0009712525403376707,1.0,1.0,0.010056742790228723,4656,0.005513997729291621,1300.792806573052,1365.738717936998
4375.0,1.0,0.0009704784224533133,0.06013745704467354,0.06013745704467354,6.162930832695715,4656,3.0819506563271855,48,43750,1.0,0.0009701914726868528,1.0,1.0,0.010052371680531715,4656,0.005511281519001702,1308.2130138220455,1373.5334630979996
4400.0,1.0,0.0009694329344529876,0.060352233676975946,0.060352233676975946,6.164082740180681,4656,3.0825260857126557,48,44000,1.0,0.0009691420929743253,1.0,1.0,0.010046166243012418,4656,0.005507654187195899,1315.7455347810428,1381.4360989419984
4425.0,1.0,0.0009683870496004308,0.060781786941580755,0.060781786941580755,6.16539940063896,4656,3.083183917802634,48,44250,1.0,0.0009680994981547811,1.0,1.0,0.010041438017514153,4656,0.00550476873863194,1323.3586723150474,1389.423445245
4450.0,1.0,0.0009673430850006051,0.059922680412371136,0.059922680412371136,6.166439305466065,4656,3.0837033458591736,48,44500,1.0,0.0009670552775212579,1.0,1.0,0.01003619997771745,4656,0.005501627614817668,1331.1869514800455,1397.6299030849987
4475.0,1.0,0.0009663035753871157,0.06056701030927835,0.06056701030927835,6.162874464316876,4656,3.081920322274015,48,44750,1.0,0.0009660172401015292,1.0,1.0,0.010031607245251895,4656,0.005498812217073342,1338.9946048800448,1405.8160842709985
4500.0,1.0,0.0009652712219154712,0.060781786941580755,0.060781786941580755,6.164441610120006,4656,3.0827034232542685,48,45000,1.0,0.0009649864612371242,1.0,1.0,0.010026892435919378,4656,0.0054959394677807786,1346.790900715041,1413.9875157079987
4525.0,1.0,0.0009642431826116293,0.06013745704467354,0.06013745704467354,6.165000050338273,4656,3.0829821714420906,48,45250,1.0,0.0009639541077654796,1.0,1.0,0.010021180836195798,4656,0.005492567555191591,1355.1416415270432,1422.7220753699985
4550.0,1.0,0.0009632096129799217,0.060352233676975946,0.060352233676975946,6.165810077051117,4656,3.0833866342236496,48,45500,1.0,0.0009629227656269402,1.0,1.0,0.010017216308010403,4656,0.005490069588025411,1363.4801405280487,1431.430978813998
4575.0,1.0,0.0009621931463992063,0.060352233676975946,0.060352233676975946,6.16482732713837,4656,3.082894787345965,48,45750,1.0,0.0009619057741771449,1.0,1.0,0.010012420387202521,4656,0.0054871631446982575,1371.9679669720426,1440.2954674939974
4600.0,1.0,0.0009611829526440794,0.05970790378006873,0.05970790378006873,6.162594300365121,4656,3.0817777496023275,48,46000,1.0,0.0009608967453753416,1.0,1.0,0.010008828029599796,4656,0.005484862374685884,1377.9446013930392,1446.6502606819995
4625.0,1.0,0.0009601731429394987,0.06013745704467354,0.06013745704467354,6.163711128365953,4656,3.082335665463582,48,46250,1.0,0.0009598888815268618,1.0,1.0,0.010004840458381627,4656,0.0054823646635534014,1386.0747277110422,1455.1562684429991
4650.0,1.0,0.000959166188010645,0.059922680412371136,0.059922680412371136,6.161144977582689,4656,3.0810520132792365,48,46500,1.0,0.0009588763834684575,1.0,1.0,0.009999770171863516,4656,0.005479323188054193,1394.2982784420383,1463.7496963070007
4675.0,1.0,0.0009581577608880308,0.059922680412371136,0.059922680412371136,6.163018714931003,4656,3.0819884100320825,48,46750,1.0,0.0009578704910794485,1.0,1.0,0.00999562119700245,4656,0.005476745799235052,1401.7523853290404,1471.5733798789988
4700.0,1.0,0.0009571474647194249,0.05906357388316151,0.05906357388316151,6.162204021440749,4656,3.081580565147793,48,47000,1.0,0.0009568611294338384,1.0,1.0,0.009990900242861193,4656,0.005473880628539934,1408.941185044041,1479.1378739479987
4725.0,1.0,0.0009561433389629285,0.060352233676975946,0.060352233676975946,6.1638780312030175,4656,3.0824170981076167,48,47250,1.0,0.000955861381853569,1.0,1.0,0.009987096401424343,4656,0.00547147898125075,1416.619521680037,1487.1919581759976
4750.0,1.0,0.0009551461389179492,0.05906357388316151,0.05906357388316151,6.163042101253758,4656,3.0819986087759745,48,47500,1.0,0.0009548595347969802,1.0,1.0,0.00998201003599003,4656,0.005468434791794347,1424.079957541042,1495.021927853999
4775.0,1.0,0.0009541602555623988,0.060352233676975946,0.060352233676975946,6.162461480733865,4656,3.081707800376866,48,47750,1.0,0.0009538755844958459,1.0,1.0,0.009978045507804635,4656,0.005465960533348555,1431.6946140120344,1503.0072075309981
4800.0,1.0,0.0009531718886799828,0.060352233676975946,0.060352233676975946,6.163047921616597,4656,3.0820005488969207,48,48000,1.0,0.0009528874352420728,1.0,1.0,0.009974475783580766,4656,0.005463681474993729,1439.7644785990378,1511.4488414419975
4825.0,1.0,0.000952180654220155,0.06056701030927835,0.06056701030927835,6.162118918297627,4656,3.081535575316124,48,48250,1.0,0.0009518996444354762,1.0,1.0,0.009970435162180477,4656,0.005461167326497868,1448.3061890750396,1520.3629587389987
4850.0,1.0,0.0009511911863928399,0.06056701030927835,0.06056701030927835,6.165095326007437,4656,3.083023307249718,48,48500,1.0,0.0009509110599244173,1.0,1.0,0.009966800507810927,4656,0.00545885575186346,1456.6200330310385,1529.0481328239985
4875.0,1.0,0.0009502119471117394,0.06013745704467354,0.06013745704467354,6.1618315706548,4656,3.081390931434238,48,48750,1.0,0.0009499349442544262,1.0,1.0,0.009962819081401498,4656,0.005456377038431331,1464.307976545042,1537.1058289510001
4900.0,1.0,0.0009492367531630592,0.060352233676975946,0.060352233676975946,6.160433529988187,4656,3.080691386743919,48,49000,1.0,0.0009489623618494604,1.0,1.0,0.009958334395156284,4656,0.005453648333696975,1472.362588650034,1545.530526063998
4925.0,1.0,0.0009482612391722571,0.059278350515463915,0.059278350515463915,6.1595164295734,4656,3.080232364615214,48,49250,1.0,0.0009479807926617127,1.0,1.0,0.009955064537598915,4656,0.005451522537113465,1480.707833511031,1554.246404767
4950.0,1.0,0.0009472826527770852,0.05906357388316151,0.05906357388316151,6.161360593186211,4656,3.081153974500309,48,49500,1.0,0.0009470047922068855,1.0,1.0,0.00995103272375782,4656,0.005449018732378983,1489.0603457260331,1562.969401978
4975.0,1.0,0.0009463101983889681,0.06013745704467354,0.06013745704467354,6.1610441961648945,4656,3.0809952254147874,48,49750,1.0,0.0009460332211350248,1.0,1.0,0.009947509802493853,4656,0.0054467713709959046,1497.207064658036,1571.4867324019979
5000.0,1.0,0.0009453418021349563,0.058419243986254296,0.058419243986254296,6.158695024313386,4656,3.0798201151320206,48,50000,1.0,0.0009450681277157105,1.0,1.0,0.009943676158734613,4656,0.005444372079216738,1504.46699085004,1579.118932950998
5025.0,1.0,0.0009443818421912767,0.05970790378006873,0.05970790378006873,6.161311618241248,4656,3.0811279401746403,48,50250,1.0,0.0009441068363968039,1.0,1.0,0.009940626592570563,4656,0.005442366772091266,1512.252599063042,1587.2918351299995
5050.0,1.0,0.0009434173504511515,0.05949312714776632,0.05949312714776632,6.15976224814084,4656,3.080352783203125,48,50500,1.0,0.0009431410260831367,1.0,1.0,0.009936120911562155,4656,0.0054396309496201195,1520.0346657570444,1595.4511702109994
5075.0,1.0,0.0009424603604983628,0.06013745704467354,0.06013745704467354,6.159435573722079,4656,3.0801889740724335,48,50750,1.0,0.0009421845866027976,1.0,1.0,0.009933146721718647,4656,0.005437665634958195,1527.5857820170459,1603.3765701539996
5100.0,1.0,0.0009414927323454434,0.06013745704467354,0.06013745704467354,6.160390742455971,4656,3.0806660603002176,48,51000,1.0,0.0009412182770234203,1.0,1.0,0.009929520465254374,4656,0.0054353694223456366,1534.9693201540504,1611.130363786
5125.0,1.0,0.0009405472639090417,0.06056701030927835,0.06056701030927835,6.159190017333145,4656,3.0800652258174934,48,51250,1.0,0.0009402719892791866,1.0,1.0,0.009926878914390643,4656,0.005433575496640811,1542.3064214230544,1618.8415806579978
5150.0,1.0,0.0009395921302005597,0.05949312714776632,0.05949312714776632,6.159316334937446,4656,3.080127912698333,48,51500,1.0,0.0009393183149627803,1.0,1.0,0.009922721131970383,4656,0.005431019717065739,1549.9348862190527,1626.8472964039975
5175.0,1.0,0.0009386444470726748,0.05949312714776632,0.05949312714776632,6.157736971615925,4656,3.079337759116261,48,51750,1.0,0.0009383718992016979,1.0,1.0,0.009919345788529649,4656,0.005428858946279152,1557.5544948770548,1634.8439944389975
5200.0,1.0,0.0009376873419047222,0.06013745704467354,0.06013745704467354,6.1587736254295535,4656,3.079855614101764,48,52000,1.0,0.0009374135394686277,1.0,1.0,0.009916558503285306,4656,0.005426985906161803,1565.5725543000626,1643.2405401260003
5225.0,1.0,0.000936741809459896,0.06056701030927835,0.06056701030927835,6.154853165354516,4656,3.0778949121429338,48,52250,1.0,0.0009364679942221166,1.0,1.0,0.009913299706383669,4656,0.00542488386950542,1573.690284076063,1651.735521360999
5250.0,1.0,0.000935795764947675,0.06099656357388316,0.06099656357388316,6.155922276867214,4656,3.0784289697601213,48,52500,1.0,0.000935523127464904,1.0,1.0,0.00990916220183225,4656,0.005422342632644365,1581.4953580170586,1659.918657307
5275.0,1.0,0.0009348529848650968,0.06099656357388316,0.06099656357388316,6.15499222483422,4656,3.077963524258014,48,52750,1.0,0.0009345798993233553,1.0,1.0,0.009906884935713307,4656,0.005420732385514118,1589.0988775070582,1667.8965501790008
5300.0,1.0,0.0009339027542019219,0.060781786941580755,0.060781786941580755,6.15336325733932,4656,3.0771485685892532,48,53000,1.0,0.0009336311408539408,1.0,1.0,0.009902926449923171,4656,0.0054182787121776045,1596.5901459750603,1675.7577588789973
5325.0,1.0,0.0009329583483053647,0.06099656357388316,0.06099656357388316,6.153100397168975,4656,3.0770166665827694,48,53250,1.0,0.0009326885912016905,1.0,1.0,0.009900140598467536,4656,0.0054164145820329275,1603.9993396580576,1683.540806918998
5350.0,1.0,0.0009320126366369503,0.060352233676975946,0.060352233676975946,6.153930349448292,4656,3.077431170801117,48,53500,1.0,0.0009317411129007634,1.0,1.0,0.00989706204928893,4656,0.005414401593896532,1612.0481397660587,1691.9636608509973
5375.0,1.0,0.0009310774735568725,0.06013745704467354,0.06013745704467354,6.15413904353925,4656,3.0775350983609857,48,53750,1.0,0.0009308069995588454,1.0,1.0,0.009892901501704738,4656,0.005411854263433476,1619.6456601180616,1699.9315108839983
5400.0,1.0,0.0009301411455234711,0.06099656357388316,0.06099656357388316,6.152998776779961,4656,3.0769644668421794,48,54000,1.0,0.0009298732830691583,1.0,1.0,0.009890271523564132,4656,0.005410072320105694,1627.7605562960598,1708.420695970999
5425.0,1.0,0.0009291977253566493,0.060352233676975946,0.060352233676975946,6.153256445815883,4656,3.0770928818745302,48,54250,1.0,0.0009289264320507902,1.0,1.0,0.009888211066780221,4656,0.00540856878782056,1635.5588084780647,1716.597339136999
5450.0,1.0,0.0009282637528332648,0.060781786941580755,0.060781786941580755,6.151531416116302,4656,3.0762298951034284,48,54500,1.0,0.0009279918322448468,1.0,1.0,0.009883821215416557,4656,0.005405906447020593,1643.2796027320655,1724.6969329029998
5475.0,1.0,0.000927328384926229,0.06099656357388316,0.06099656357388316,6.150453390534391,4656,3.0756904103911618,48,54750,1.0,0.0009270570660170001,1.0,1.0,0.00988044331163885,4656,0.0054037502848405606,1650.889109779073,1732.6822136979972
5500.0,1.0,0.0009263886388429662,0.061855670103092786,0.061855670103092786,6.151498696238725,4656,3.076212591322017,48,55000,1.0,0.0009261191377729894,1.0,1.0,0.009877567848389092,4656,0.005401843499481883,1658.2758470100707,1740.444810484998
5525.0,1.0,0.0009254555880408926,0.061855670103092786,0.061855670103092786,6.152939576873255,4656,3.0769325597179713,48,55250,1.0,0.0009251846147771553,1.0,1.0,0.009874222614511182,4656,0.005399703621045011,1666.0785362020688,1748.6401104199977
5550.0,1.0,0.0009245248159387268,0.06164089347079038,0.06164089347079038,6.150106266192145,4656,3.075515432456105,48,55500,1.0,0.0009242518840172037,1.0,1.0,0.009871496162873363,4656,0.005397874157862975,1673.7764696790691,1756.713234464998
5575.0,1.0,0.0009235937493978088,0.06292955326460481,0.06292955326460481,6.1488832034605885,4656,3.0749034029511653,48,55750,1.0,0.0009233239538890799,1.0,1.0,0.009868860654404893,4656,0.0053960922145351925,1680.9732547240637,1764.2801736420006
5600.0,1.0,0.0009226705174880339,0.06357388316151202,0.06357388316151202,6.1482080413713485,4656,3.074565349985234,48,56000,1.0,0.0009223996594394605,1.0,1.0,0.009865505793659957,4656,0.0053939527457522365,1688.3381816650617,1772.0143580170006
5625.0,1.0,0.0009217538144375451,0.0627147766323024,0.0627147766323024,6.145829348220039,4656,3.073375531488268,48,56250,1.0,0.0009214836476799549,1.0,1.0,0.009862944842204195,4656,0.005392214328153027,1695.5403529770592,1779.5859352109983
5650.0,1.0,0.0009208283934396567,0.06314432989690721,0.06314432989690721,6.148238663820877,4656,3.0745797173673752,48,56500,1.0,0.0009205596604707724,1.0,1.0,0.009860362793571761,4656,0.005390461316633061,1702.9522301100587,1787.3678594079975
5675.0,1.0,0.0009198941264775201,0.0627147766323024,0.0627147766323024,6.146879320701783,4656,3.0738995738865174,48,56750,1.0,0.0009196274289765308,1.0,1.0,0.009857850795758958,4656,0.005388739080363533,1710.2010389680545,1794.9869086129984
5700.0,1.0,0.0009189752343389177,0.06357388316151202,0.06357388316151202,6.14816305153968,4656,3.074541019819856,48,57000,1.0,0.0009187063989565545,1.0,1.0,0.009853530175907095,4656,0.005386118165815819,1718.2859659780552,1803.4426342689985
5725.0,1.0,0.0009180542171206261,0.06400343642611683,0.06400343642611683,6.143420452104811,4656,3.0721692481811105,48,57250,1.0,0.0009177867003118049,1.0,1.0,0.009852905453685223,4656,0.005385346070597672,1726.5024062740558,1812.0292391420007
5750.0,1.0,0.0009171289497429563,0.06421821305841924,0.06421821305841924,6.144267865472643,4656,3.072592482943715,48,57500,1.0,0.0009168623930605007,1.0,1.0,0.009849501024816455,4656,0.00538318171533932,1733.1294333980586,1819.027606759999
5775.0,1.0,0.0009162173801681021,0.06421821305841924,0.06421821305841924,6.14139150508081,4656,3.071153804608637,48,57750,1.0,0.0009159524877046802,1.0,1.0,0.009845010091349022,4656,0.005380481225518426,1740.8329026870633,1827.100489225999
5800.0,1.0,0.0009152979759621047,0.06443298969072164,0.06443298969072164,6.14648353602878,4656,3.073699400597012,48,58000,1.0,0.0009150312784611155,1.0,1.0,0.009841890679192297,4656,0.005378460966025021,1748.4287808420595,1835.0703362249988
5825.0,1.0,0.0009143864063872505,0.06443298969072164,0.06443298969072164,6.142997138688655,4656,3.0719557300056377,48,58250,1.0,0.0009141150234695972,1.0,1.0,0.009839316413984266,4656,0.005376715686722719,1756.8459797640608,1843.8620159710008
5850.0,1.0,0.0009134703178176356,0.06507731958762887,0.06507731958762887,6.144227857032592,4656,3.0725707221276983,48,58500,1.0,0.0009131995621825411,1.0,1.0,0.009834938135343729,4656,0.00537406881035808,1765.0969192560624,1852.4831194679973
5875.0,1.0,0.0009125646114144538,0.06550687285223368,0.06550687285223368,6.1427807889853145,4656,3.071846716182748,48,58750,1.0,0.000912294918319204,1.0,1.0,0.009833654587211478,4656,0.005372974675955232,1773.4226840660558,1861.1842708359982
5900.0,1.0,0.0009116562550625031,0.06550687285223368,0.06550687285223368,6.145109825527545,4656,3.0730107625325522,48,59000,1.0,0.0009113876501104676,1.0,1.0,0.00983044371981801,4656,0.0053709157553735055,1781.4502212630505,1869.586405648999
5925.0,1.0,0.0009107553108860946,0.0665807560137457,0.0665807560137457,6.139171062875859,4656,3.0700409092853977,48,59250,1.0,0.0009104840559852901,1.0,1.0,0.009826652577652554,4656,0.005368568336021449,1789.8147731740391,1878.3228747689973
5950.0,1.0,0.0009098540210641946,0.0663659793814433,0.0663659793814433,6.13866935808634,4656,3.0697895849693273,48,59500,1.0,0.0009095859921879785,1.0,1.0,0.009824897620276487,4656,0.005367241723021281,1797.4592720160363,1886.3420981960007
5975.0,1.0,0.0009089426819196681,0.0661512027491409,0.0661512027491409,6.1443165782391,4656,3.0726127755600974,48,59750,1.0,0.0009086722591283804,1.0,1.0,0.009826007167907925,4656,0.005367339630307201,1805.771920155039,1895.0303839259977
6000.0,1.0,0.0009080516334456677,0.0665807560137457,0.0665807560137457,6.137974060687823,4656,3.069441044863147,48,60000,1.0,0.0009077807881987791,1.0,1.0,0.00981913378967862,4656,0.0053634572889387,1814.1506664030312,1903.779544653
6025.0,1.0,0.0009071464391098809,0.06679553264604811,0.06679553264604811,6.136356209561587,4656,3.0686316473787185,48,60250,1.0,0.0009068780005797488,1.0,1.0,0.009818457348649855,4656,0.005362667732222383,1821.6379293590253,1911.6500215300002
6050.0,1.0,0.0009062559795133846,0.0665807560137457,0.0665807560137457,6.133624204655283,4656,3.0672652254399564,48,60500,1.0,0.0009059866320636264,1.0,1.0,0.009814885678569885,4656,0.0053604361425150715,1829.2138440730232,1919.5966048009977
6075.0,1.0,0.0009053531662909846,0.06701030927835051,0.06701030927835051,6.1358971874328825,4656,3.068401297343146,48,60750,1.0,0.0009050856238787936,1.0,1.0,0.009812421610265253,4656,0.005358753540261914,1837.5595213190245,1928.3128649889986
6100.0,1.0,0.0009044603511844714,0.06743986254295532,0.06743986254295532,6.137551533807184,4656,3.069228051044687,48,61000,1.0,0.0009041935384683183,1.0,1.0,0.009807559120696025,4656,0.0053558762847762745,1845.9123489330268,1937.0364285100004
6125.0,1.0,0.0009035674208627944,0.06722508591065292,0.06722508591065292,6.1361108104797575,4656,3.068507217459662,48,61250,1.0,0.0009033022083572505,1.0,1.0,0.009804963451070884,4656,0.005354132900123334,1854.2656121720247,1945.7602394179994
6150.0,1.0,0.0012072200320430637,0.029853951890034366,0.029853951890034366,4.439650073493879,4656,2.22042867653968,48,61500,1.0,0.0010645209949245978,0.11426116838487972,0.11426116838487972,3.6008210591843857,4656,1.8009427781776874,1862.1671368350253,1954.031892791998
6175.0,1.0,0.0009610590707395494,0.25773195876288657,0.25773195876288657,2.977648757987006,4656,1.4893048997597187,48,61750,1.0,0.0009243314208853286,0.9972079037800687,0.9972079037800687,0.14033602848905058,4656,0.07063018005738143,1869.6679003580211,1961.9028518489977
6200.0,1.0,0.0009223650820886146,0.25945017182130586,0.25945017182130586,3.415826122375698,4656,1.7083742200713796,48,62000,1.0,0.0009219997220022982,1.0,1.0,0.03246931521753265,4656,0.016695657546577584,1877.8628397120228,1970.4690484929997
6225.0,1.0,0.0009254587884621112,0.25816151202749144,0.25816151202749144,3.530966742341871,4656,1.7659461031255035,48,62250,1.0,0.0009255692542008928,1.0,1.0,0.02243363345201892,4656,0.011679601628346132,1886.016853873025,1978.995144837998
6250.0,1.0,0.0009293130429339982,0.2598797250859107,0.2598797250859107,3.590189878063923,4656,1.7955595848896249,48,62500,1.0,0.0009295719314072141,1.0,1.0,0.018437351352980046,4656,0.009683461328552351,1894.4210064950348,1987.7757739820008
6275.0,1.0,0.000933576567271321,0.2661082474226804,0.2661082474226804,3.6138761330306326,4656,1.8074048491278054,48,62750,1.0,0.0009339265781374732,1.0,1.0,0.01625030741249163,4656,0.008592116976112025,1902.2694780670427,1996.0002917860002
6300.0,1.0,0.0009379425818977487,0.2697594501718213,0.2697594501718213,3.622696394772874,4656,1.8118171691894531,48,63000,1.0,0.0009383327260459821,1.0,1.0,0.014845256338414457,4656,0.007891794557833589,1910.2414483070424,2004.3480182189996
6325.0,1.0,0.00094214357000446,0.27319587628865977,0.27319587628865977,3.6340095021880368,4656,1.81747583343401,48,63250,1.0,0.0009425741418735268,1.0,1.0,0.0138698721054903,4656,0.007406223066074332,1918.0484152040408,2012.5342336609974
6350.0,1.0,0.0009463115041608253,0.2768470790378007,0.2768470790378007,3.636356838790002,4656,1.8186515729451918,48,63500,1.0,0.0009467748483431708,1.0,1.0,0.013163252077561473,4656,0.007055013398943898,1925.4817827340448,2020.3418389100007
6375.0,1.0,0.0009504090930588057,0.2779209621993127,0.2779209621993127,3.6364509084380368,4656,1.8187006527615577,48,63750,1.0,0.000950891729380257,1.0,1.0,0.012617916790480466,4656,0.006784404163917725,1932.7319934020452,2027.9618408979986
6400.0,1.0,0.000954520251742753,0.2811426116838488,0.2811426116838488,3.631812026820232,4656,1.816383270053929,48,64000,1.0,0.0009550190309888308,1.0,1.0,0.012190741157204015,4656,0.006572880081294738,1940.041696019045,2035.646530154998
6425.0,1.0,0.0009584800689081146,0.28371993127147765,0.28371993127147765,3.6301174884809253,4656,1.815537993440923,48,64250,1.0,0.0009589913041935754,1.0,1.0,0.011845455034491942,4656,0.006402223226950341,1947.6535579660522,2043.6376484969987
6450.0,1.0,0.0009623705265448266,0.2854381443298969,0.2854381443298969,3.6269588667092862,4656,1.8139606095671243,48,64500,1.0,0.0009628910430518212,1.0,1.0,0.011565012825313713,4656,0.006263951818967603,1955.665467669045,2052.0276077579983
6475.0,1.0,0.0009660997213571752,0.2862972508591065,0.2862972508591065,3.622481775447675,4656,1.8117239647304888,48,64750,1.0,0.0009666306712373425,1.0,1.0,0.011329921557731236,4656,0.006148276152889344,1963.913533945044,2060.6548462479986
6500.0,1.0,0.0009697828685090304,0.28994845360824745,0.28994845360824745,3.6157023111979165,4656,1.8083360285283774,48,65000,1.0,0.0009703222034927906,1.0,1.0,0.011133566140309232,4656,0.0060519441911035384,1971.293104842047,2068.408225157
6525.0,1.0,0.0009733676091092559,0.28994845360824745,0.28994845360824745,3.608857302321601,4656,1.804915306904062,48,65250,1.0,0.000973915713247155,1.0,1.0,0.010967582361804661,4656,0.005970748992720011,1978.5509231830365,2076.0482199399994
6550.0,1.0,0.0009768392340219307,0.2912371134020619,0.2912371134020619,3.60456205807191,4656,1.8027694544841333,48,65500,1.0,0.0009773902569439814,1.0,1.0,0.010825848968577958,4656,0.0059016195871576,1985.799732392039,2083.6684861989997
6575.0,1.0,0.0009801714741896927,0.29381443298969073,0.29381443298969073,3.596340743127148,4656,1.7986604749541921,48,65750,1.0,0.0009807203976354237,1.0,1.0,0.010705960780074917,4656,0.005843340582454328,1993.039237756042,2091.2793284619984
6600.0,1.0,0.0009834406660594482,0.2923109965635739,0.2923109965635739,3.590748003667982,4656,1.7958657045134974,48,66000,1.0,0.0009839905496315448,1.0,1.0,0.010603167347072326,4656,0.0057935788971451956,2000.3240062410441,2098.940917675998
6625.0,1.0,0.000986567067936114,0.2929553264604811,0.2929553264604811,3.583733994526552,4656,1.7923602730138195,48,66250,1.0,0.0009871250933797908,1.0,1.0,0.010512947933780369,4656,0.005750036423968286,2008.1740010250433,2107.1703121229984
6650.0,1.0,0.0009896502769280136,0.29467353951890035,0.29467353951890035,3.5790956897014605,4656,1.79004264123661,48,66500,1.0,0.0009902106962867618,1.0,1.0,0.01043672915996145,4656,0.005713469998533374,2016.0277524130433,2115.402892812999
6675.0,1.0,0.000992605136227362,0.2974656357388316,0.2974656357388316,3.571226139658505,4656,1.786109360632618,48,66750,1.0,0.0009931647874850179,1.0,1.0,0.010369324602212283,4656,0.005681244573232644,2023.847420362039,2123.5998170210005
6700.0,1.0,0.0009954724063987994,0.29939862542955326,0.29939862542955326,3.5642466332084943,4656,1.7826210887161726,48,67000,1.0,0.0009960349252338672,1.0,1.0,0.010312680526287695,4656,0.005654357655351514,2031.657855862035,2131.7884529129988
6725.0,1.0,0.0009982218626643374,0.29875429553264604,0.29875429553264604,3.557942446154827,4656,1.7794703060818702,48,67250,1.0,0.0009987828965039598,1.0,1.0,0.010263440535240566,4656,0.005631111792682372,2039.4570788400342,2139.966424965998
6750.0,1.0,0.0010008977348452172,0.3013316151202749,0.3013316151202749,3.5528215755711714,4656,1.776911234118275,48,67500,1.0,0.001001463620523407,1.0,1.0,0.010219702093871599,4656,0.005610582754784024,2047.6320148950326,2148.519566941999
6775.0,1.0,0.001003477863224921,0.3026202749140893,0.3026202749140893,3.544232109567963,4656,1.7726177595735007,48,67750,1.0,0.0010040380649550264,1.0,1.0,0.010183392931095924,4656,0.005593715510827159,2055.4571997680287,2156.7229945129984
6800.0,1.0,0.00100596519219097,0.3026202749140893,0.3026202749140893,3.5377969119147337,4656,1.7694014585304916,48,68000,1.0,0.0010065300665360545,1.0,1.0,0.010151822849647286,4656,0.00557917648369504,2062.9741866690274,2164.6182284539973
6825.0,1.0,0.0010083671339189064,0.30519759450171824,0.30519759450171824,3.5344860168666776,4656,1.7677472039186668,48,68250,1.0,0.0010089301136146295,1.0,1.0,0.010124797059088638,4656,0.005566863618355846,2070.4927106170253,2172.5150355259975
6850.0,1.0,0.0010107421537035519,0.30433848797250856,0.30433848797250856,3.5295157678348503,4656,1.7652632723149566,48,68500,1.0,0.001011303200344859,1.0,1.0,0.010102240899993791,4656,0.005556772101376065,2078.200722788024,2180.5977853669974
6875.0,1.0,0.0010129496378382457,0.30541237113402064,0.30541237113402064,3.5220881458819937,4656,1.7615505362704038,48,68750,1.0,0.0010135154339046414,1.0,1.0,0.010083584236525178,4656,0.00554854983521491,2086.034713653029,2188.8059594449987
6900.0,1.0,0.0010151129689618074,0.3079896907216495,0.3079896907216495,3.5155201810332097,4656,1.7582676287778873,48,69000,1.0,0.0010156806340741948,1.0,1.0,0.010067778149830927,4656,0.005541729404754245,2093.9194623410294,2197.0661582579996
6925.0,1.0,0.0010171985682548117,0.3086340206185567,0.3086340206185567,3.5087348964206133,4656,1.7548760482945394,48,69250,1.0,0.0010177588467950264,1.0,1.0,0.010054952192961965,4656,0.005536355564684393,2101.568602506024,2205.0868198809985
6950.0,1.0,0.001019171282290593,0.3082044673539519,0.3082044673539519,3.5046911337940965,4656,1.7528551239328287,48,69500,1.0,0.0010197362078424171,1.0,1.0,0.010045768059406084,4656,0.005532752146425936,2109.5600285340297,2213.4497592299995
6975.0,1.0,0.001021100291374213,0.30949312714776633,0.30949312714776633,3.4941587939704815,4656,1.7475899371904196,48,69750,1.0,0.0010216597250032261,1.0,1.0,0.010036375924074362,4656,0.005529017792534582,2117.29680721803,2221.558262448998
7000.0,1.0,0.001022922649621144,0.31035223367697595,0.31035223367697595,3.4898539015517613,4656,1.7454384086058312,48,70000,1.0,0.0010234872551308466,1.0,1.0,0.010030954973804173,4656,0.005527221152872564,2124.7634268900256,2229.4014060499976
7025.0,1.0,0.0010246968223262078,0.31035223367697595,0.31035223367697595,3.4839472819849386,4656,1.7424859640114905,48,70250,1.0,0.0010252536700148763,1.0,1.0,0.010027195272576768,4656,0.0055262244136882405,2132.248725920035,2237.2746465799974
7050.0,1.0,0.0010263641137642548,0.311426116838488,0.311426116838488,3.477762228844502,4656,1.739394276412492,48,70500,1.0,0.0010269239058404444,1.0,1.0,0.01002496009839769,4656,0.00552594200851991,2139.5066335200354,2244.904054183
7075.0,1.0,0.0010280075684650657,0.3131443298969072,0.3131443298969072,3.473298220290351,4656,1.7371630979977113,48,70750,1.0,0.0010285638784829694,1.0,1.0,0.010024378185010039,4656,0.0055264710765524005,2147.0434290560333,2252.812521947999
7100.0,1.0,0.0010295358336053764,0.31099656357388317,0.31099656357388317,3.4693008370415863,4656,1.7351651797999221,48,71000,1.0,0.001030089288847553,1.0,1.0,0.010025472575446585,4656,0.005527780893742014,2154.687825503046,2260.8274638229996
7125.0,1.0,0.0010310123287320546,0.31421821305841924,0.31421821305841924,3.4612408929674077,4656,1.7311359811894262,48,71250,1.0,0.001031559587958752,1.0,1.0,0.010027721985099242,4656,0.005529640722520573,2163.2735960640457,2269.7875290989978
7150.0,1.0,0.0010324341350609494,0.31464776632302405,0.31464776632302405,3.4572893123036805,4656,1.7291608987395297,48,71500,1.0,0.0010329762992170668,1.0,1.0,0.01003167186815714,4656,0.0055323241604972135,2171.0018760500498,2277.889842507
7175.0,1.0,0.0010337728968600637,0.3167955326460481,0.3167955326460481,3.4496511610103227,4656,1.7253424523212655,48,71750,1.0,0.001034319055141862,1.0,1.0,0.010035531217699609,4656,0.005534925104416523,2178.8295287660403,2286.0920772659993
7200.0,1.0,0.0010350448978725577,0.3170103092783505,0.3170103092783505,3.44509109025149,4656,1.7230630986059654,48,72000,1.0,0.0010355890718932003,1.0,1.0,0.010040973367559951,4656,0.005538281194123206,2186.65680856604,2294.2974332880003
7225.0,1.0,0.0010362495364192425,0.3161512027491409,0.3161512027491409,3.4407585642182132,4656,1.7208974385998912,48,72250,1.0,0.0010367933135876542,1.0,1.0,0.01004662280230178,4656,0.005541708205164093,2194.662011568049,2302.6768432419994
7250.0,1.0,0.0010374059382173204,0.31829896907216493,0.31829896907216493,3.4319755318238565,4656,1.7165064598686506,48,72500,1.0,0.0010379422392017652,1.0,1.0,0.010052019992644844,4656,0.005544981186332572,2202.139636826054,2310.5245887029996
7275.0,1.0,0.0010385152042116906,0.31872852233676974,0.31872852233676974,3.4272190107103064,4656,1.7141287629956643,48,72750,1.0,0.0010390488168423118,1.0,1.0,0.010060019202248747,4656,0.005549534028748057,2209.809573736049,2318.568943385999
7300.0,1.0,0.0010395648655612854,0.31915807560137455,0.31915807560137455,3.422003677210857,4656,1.711521633711877,48,73000,1.0,0.0010400953289774275,1.0,1.0,0.010068580252198419,4656,0.005554337784187081,2217.1741617850494,2326.3073161030006
7325.0,1.0,0.0010405297541536416,0.31894329896907214,0.31894329896907214,3.4169500816319,4656,1.7089953078437097,48,73250,1.0,0.0010410588349878173,1.0,1.0,0.010076958494088085,4656,0.005559008709343848,2225.157853836052,2334.6611050169995
7350.0,1.0,0.0010414759266827115,0.32130584192439865,0.32130584192439865,3.4118552191560623,4656,1.706448348527102,48,73500,1.0,0.0010420008213659333,1.0,1.0,0.01008643071676038,4656,0.005564215820269896,2233.7766046740544,2343.6506276619984
7375.0,1.0,0.0010423310024222148,0.32152061855670105,0.32152061855670105,3.4059180820111146,4656,1.7034801994402384,48,73750,1.0,0.0010428556154683693,1.0,1.0,0.010096397596536223,4656,0.005569626682812406,2241.756387192054,2352.0061745409985
7400.0,1.0,0.0010431607308256667,0.32216494845360827,0.32216494845360827,3.4010935780109,4656,1.701068366925741,48,74000,1.0,0.001043678943029384,1.0,1.0,0.010106907267750743,4656,0.005575293169398488,2249.6066956150535,2360.232359537
7425.0,1.0,0.0010439446676023228,0.3234536082474227,0.3234536082474227,3.3943236308409177,4656,1.6976837997174345,48,74250,1.0,0.0010444623037302208,1.0,1.0,0.010116914498437312,4656,0.005580688362678711,2257.6233419520504,2368.620759909998
7450.0,1.0,0.0010446652104354806,0.32152061855670105,0.32152061855670105,3.3894247992341873,4656,1.695234750963978,48,74500,1.0,0.0010451804142432525,1.0,1.0,0.010128159088777103,4656,0.005586669617092486,2265.022950242048,2376.391836114999
7475.0,1.0,0.001045356334996797,0.3245274914089347,0.3245274914089347,3.3844812661921444,4656,1.6927633121660894,48,74750,1.0,0.0010458655476160475,1.0,1.0,0.010139634723925508,4656,0.005592750212580887,2272.8187913890433,2384.5628387649995
7500.0,1.0,0.0010459712127230012,0.3245274914089347,0.3245274914089347,3.3781016766000858,4656,1.689573805766417,48,75000,1.0,0.0010464794652158861,1.0,1.0,0.010150956534028463,4656,0.005598717948415435,2280.490365942049,2392.608417186999
7525.0,1.0,0.001046565927795528,0.32495704467353953,0.32495704467353953,3.372791460699232,4656,1.6869190517569734,48,75250,1.0,0.0010470704934031692,1.0,1.0,0.010163220548138176,4656,0.005605145418357193,2288.5185475260514,2401.020207876998
7550.0,1.0,0.0010470926275163172,0.32538659793814434,0.32538659793814434,3.3667673851616193,4656,1.6839072499488228,48,75500,1.0,0.0010475928405511011,1.0,1.0,0.010174670784743791,4656,0.005611131998271877,2296.8917002750495,2409.7640877759986
7575.0,1.0,0.0010475829960554326,0.32538659793814434,0.32538659793814434,3.3610097092041853,4656,1.6810286610396867,48,75750,1.0,0.0010480833115036955,1.0,1.0,0.010187053086421744,4656,0.00561756812215261,2305.49767368006,2418.7409196549997
7600.0,1.0,0.0010480709578777915,0.32624570446735396,0.32624570446735396,3.3558126757644704,4656,1.678430380280485,48,76000,1.0,0.00104856968591713,1.0,1.0,0.010198900380085424,4656,0.0056237351034105435,2313.977311380062,2427.5911632339994
7625.0,1.0,0.0010484784867140844,0.3268900343642612,0.3268900343642612,3.3497144561452963,4656,1.6753814802137028,48,76250,1.0,0.0010489752432939522,1.0,1.0,0.010210931915597818,4656,0.005629953496234933,2322.3505952580563,2436.3349734699987
7650.0,1.0,0.0010488636638085866,0.328393470790378,0.328393470790378,3.344888693688252,4656,1.6729687431833589,48,76500,1.0,0.001049349961411912,1.0,1.0,0.010223459542002464,4656,0.0056364048285172975,2330.4608743040553,2444.8154843839984
7675.0,1.0,0.001049192743919969,0.327319587628866,0.327319587628866,3.33842436800298,4656,1.669736790083528,48,76750,1.0,0.0010496777613548068,1.0,1.0,0.0102359477392177,4656,0.0056428128398980475,2337.9928313090604,2452.721755628998
7700.0,1.0,0.0010494979488890606,0.3288230240549828,0.3288230240549828,3.33413001516021,4656,1.6675897578603214,48,77000,1.0,0.0010499786649577807,1.0,1.0,0.01024825077286291,4656,0.005649114853328036,2346.208475421059,2461.314707892998
7725.0,1.0,0.0010497457254998053,0.3292525773195876,0.3292525773195876,3.3292658173341523,4656,1.6651577769276202,48,77250,1.0,0.001050225058986559,1.0,1.0,0.010260983431052506,4656,0.005655604232217848,2354.02965806306,2469.5139731109994
7750.0,1.0,0.0010499838624418397,0.3292525773195876,0.3292525773195876,3.3218723572406574,4656,1.6614611648612005,48,77500,1.0,0.0010504559373732696,1.0,1.0,0.010273364196528275,4656,0.005661910086153299,2362.2545568140667,2478.1136008289977
7775.0,1.0,0.0010501842216118094,0.33054123711340205,0.33054123711340205,3.319139959066594,4656,1.660095083754497,48,77750,1.0,0.001050654491505672,1.0,1.0,0.010286051792787113,4656,0.005668353071737126,2370.107533168062,2486.337188434998
7800.0,1.0,0.0010503656854949047,0.33032646048109965,0.33032646048109965,3.3117205433009826,4656,1.6563854676341683,48,78000,1.0,0.0010508314363940066,1.0,1.0,0.010298333114774776,4656,0.005674582115563331,2377.488613775058,2494.0890341800005
7825.0,1.0,0.0010504908731712918,0.33118556701030927,0.33118556701030927,3.3090697088602075,4656,1.6550600897405565,48,78250,1.0,0.0010509543453704861,1.0,1.0,0.010310686535851652,4656,0.005680820427809384,2386.090029614057,2503.061784523001
7850.0,1.0,0.0010505835829731525,0.33075601374570446,0.33075601374570446,3.301889190149471,4656,1.6514699090387404,48,78500,1.0,0.001051041614456275,1.0,1.0,0.010323437833294426,4656,0.0056872398070863025,2393.8045824690525,2511.150628064999
7875.0,1.0,0.0010506576279184663,0.33483676975945015,0.33483676975945015,3.2982406616210938,4656,1.6496456447745516,48,78750,1.0,0.0010511163122875174,1.0,1.0,0.010335473670172938,4656,0.005693294952825173,2401.7019561370507,2519.423902964998
7900.0,1.0,0.0010506899905778288,0.33569587628865977,0.33569587628865977,3.2913478051673914,4656,1.6461992427655512,48,79000,1.0,0.0010511464986604515,1.0,1.0,0.010347591233007686,4656,0.005699368840230699,2409.902485124043,2527.9995232599977
7925.0,1.0,0.0010506779313906771,0.33676975945017185,0.33676975945017185,3.284579902989758,4656,1.6428152654588837,48,79250,1.0,0.0010511309062082744,1.0,1.0,0.010359990023255758,4656,0.005705560451930331,2417.7343267400393,2536.2100070529996
7950.0,1.0,0.001050671837788677,0.33676975945017185,0.33676975945017185,3.2791562162314083,4656,1.640103422079709,48,79500,1.0,0.0010511179509031813,1.0,1.0,0.010372240518786243,4656,0.005711679350059876,2425.5674617830373,2544.4215375189997
7975.0,1.0,0.0010506106201316073,0.33784364261168387,0.33784364261168387,3.275036159659579,4656,1.6380433937937944,48,79750,1.0,0.0010510559395416495,1.0,1.0,0.010383830652204166,4656,0.005717443385484702,2433.269790228045,2552.4980516609976
8000.0,1.0,0.0010505319281746842,0.33741408934707906,0.33741408934707906,3.2705012580373443,4656,1.6357758774380504,48,80000,1.0,0.0010509700658395118,1.0,1.0,0.010395839247097265,4656,0.005723404618063334,2441.291766308037,2560.8904234039983
8025.0,1.0,0.0010504402041025588,0.3389175257731959,0.3389175257731959,3.2647035474220094,4656,1.6328769959125322,48,80250,1.0,0.0010508748981141553,1.0,1.0,0.010407765911207166,4656,0.00572932048147077,2449.047461068032,2569.0288434520007
8050.0,1.0,0.0010503320554687396,0.34128006872852235,0.34128006872852235,3.257879879876101,4656,1.6294650965949513,48,80500,1.0,0.0010507671207291974,1.0,1.0,0.010419742553094817,4656,0.0057352548305111654,2457.120439584036,2577.472382631
8075.0,1.0,0.0010501886253914063,0.3402061855670103,0.3402061855670103,3.2527005959212576,4656,1.6268754021818286,48,80750,1.0,0.001050622256863158,1.0,1.0,0.010431008035784325,4656,0.005740815165526269,2465.498916663033,2586.225201497
8100.0,1.0,0.0010500015927753907,0.3434278350515464,0.3434278350515464,3.244289122905928,4656,1.6226695739116865,48,81000,1.0,0.0010504310765012434,1.0,1.0,0.010442222516561291,4656,0.0057463268541388494,2473.8036423090416,2594.903908761
8125.0,1.0,0.0010498011695969965,0.34213917525773196,0.34213917525773196,3.2407464096226644,4656,1.620898099289727,48,81250,1.0,0.0010502278625555465,1.0,1.0,0.010453858531217804,4656,0.005752043164882464,2481.4374686490446,2602.911701101999
8150.0,1.0,0.0010495813390643326,0.34536082474226804,0.34536082474226804,3.236381085058258,4656,1.6187153190271961,48,81500,1.0,0.0010500035770365462,1.0,1.0,0.01046471118517348,4656,0.0057573573491008015,2488.697567246043,2610.546846705998
8175.0,1.0,0.0010493391311865083,0.34579037800687284,0.34579037800687284,3.2291984427016214,4656,1.6151238798685499,48,81750,1.0,0.0010497605626525748,1.0,1.0,0.010475636143045327,4656,0.005762698416857375,2495.907047419041,2618.1276704480006
8200.0,1.0,0.0010491035161763942,0.34557560137457044,0.34557560137457044,3.2239322727898143,4656,1.6124906769323186,48,82000,1.0,0.001049520735888137,1.0,1.0,0.010486483369086617,4656,0.005768002103694116,2503.9542932730437,2626.54606592
8225.0,1.0,0.0010488247594882532,0.3477233676975945,0.3477233676975945,3.2182884609576354,4656,1.6096686137091254,48,82250,1.0,0.0010492428369128827,1.0,1.0,0.010496971123816631,4656,0.005773106954761387,2512.2788519020396,2635.2483009339994
8250.0,1.0,0.0010485296166434731,0.3483676975945017,0.3483676975945017,3.2139703809600517,4656,1.6075094557300056,48,82500,1.0,0.001048941613267787,1.0,1.0,0.010507621715978249,4656,0.005778281600614593,2518.0123965340463,2641.3525706309993
8275.0,1.0,0.0010482301212258356,0.3479381443298969,0.3479381443298969,3.2067644047163606,4656,1.6039063234099817,48,82750,1.0,0.001048641362550742,1.0,1.0,0.010517802537511714,4656,0.0057832220268413375,2524.634899535049,2648.350404615998
8300.0,1.0,0.001047887791370608,0.35094501718213056,0.35094501718213056,3.200107928403874,4656,1.600577901728784,48,83000,1.0,0.0010482976117084937,1.0,1.0,0.010528317841467578,4656,0.005788307726588037,2532.749825032053,2656.8395586929983
8325.0,1.0,0.001047537281238746,0.35201890034364264,0.35201890034364264,3.193315564971609,4656,1.597181562705548,48,83250,1.0,0.001047938665266299,1.0,1.0,0.010538757461862466,4656,0.005793348108370279,2540.517308828046,2664.9860011300007
8350.0,1.0,0.0010471733421394507,0.34965635738831613,0.34965635738831613,3.189494287025478,4656,1.5952707270986026,48,83500,1.0,0.001047575724698424,1.0,1.0,0.010548668833532693,4656,0.005798122266313874,2548.2536058220467,2673.1002560319976
8375.0,1.0,0.0010467644307211913,0.35244845360824745,0.35244845360824745,3.1838825658424614,4656,1.59246468298214,48,83750,1.0,0.0010471606172646854,1.0,1.0,0.01055835612451088,4656,0.005802758370887782,2556.1914937480506,2681.4114662859974
8400.0,1.0,0.0010463760788088402,0.35158934707903783,0.35158934707903783,3.1789573328601537,4656,1.590001856748181,48,84000,1.0,0.0010467702298844392,1.0,1.0,0.010567874945316118,4656,0.005807322581199436,2562.399875546049,2687.9938587119977
8425.0,1.0,0.0010459674618293329,0.3550257731958763,0.3550257731958763,3.1723013022511277,4656,1.5866736054830126,48,84250,1.0,0.0010463598718757892,1.0,1.0,0.010577106598726254,4656,0.005811733324912815,2570.149049869051,2696.1174018659985
8450.0,1.0,0.001045517213770614,0.35652920962199314,0.35652920962199314,3.163863060810312,4656,1.582454327455501,48,84500,1.0,0.001045906692231234,1.0,1.0,0.010586270966480687,4656,0.005816088816554276,2577.7908594560504,2704.1300789339984
8475.0,1.0,0.0010450670041169498,0.35674398625429554,0.35674398625429554,3.159480353810943,4656,1.5802627379951608,48,84750,1.0,0.0010454560601219688,1.0,1.0,0.010595575128633952,4656,0.005820515690390596,2586.401436760054,2713.111152870999
8500.0,1.0,0.0010445951084091082,0.3582474226804124,0.3582474226804124,3.1532923118355347,4656,1.5771684810468012,48,85000,1.0,0.0010449817961024255,1.0,1.0,0.01060430679943963,4656,0.005824644233762603,2594.776784552054,2721.857118226999
8525.0,1.0,0.001044124992135464,0.35781786941580757,0.35781786941580757,3.149475359834756,4656,1.5752597690857564,48,85250,1.0,0.001044506725576735,1.0,1.0,0.01061297097976265,4656,0.005828738775859584,2602.4170433450527,2729.8804851569985
8550.0,1.0,0.0010436385665152901,0.3584621993127148,0.3584621993127148,3.1435214170475594,4656,1.572282548622577,48,85500,1.0,0.001044019058193128,1.0,1.0,0.010621284393920112,4656,0.005832651687651565,2610.2430675820433,2738.0767458539995
8575.0,1.0,0.0010431223769777828,0.3599656357388316,0.3599656357388316,3.1361935802341736,4656,1.5686183680373778,48,85750,1.0,0.0010435018701242008,1.0,1.0,0.01062908123448952,4656,0.005836291616315285,2618.4150749130495,2746.6224407409973
8600.0,1.0,0.0010426332245987305,0.3588917525773196,0.3588917525773196,3.132390681001329,4656,1.5667166824602998,48,86000,1.0,0.0010430072258223373,1.0,1.0,0.01063681672938501,4656,0.005839911984004516,2625.9695437100454,2754.5511786539973
8625.0,1.0,0.0010421040541527607,0.36103951890034364,0.36103951890034364,3.124692779226401,4656,1.5628674038497032,48,86250,1.0,0.0010424746885332454,1.0,1.0,0.010644873290537149,4656,0.0058436739895351975,2633.6681037590497,2762.620637483
8650.0,1.0,0.0010415741924158077,0.36146907216494845,0.36146907216494845,3.1215313259268953,4656,1.5612864412392948,48,86500,1.0,0.0010419457485176034,1.0,1.0,0.010651822864394827,4656,0.00584688434486127,2641.9059468000523,2771.2330877979985
8675.0,1.0,0.0010410136578418955,0.3631872852233677,0.3631872852233677,3.113199502741758,4656,1.5571202543592944,48,86750,1.0,0.0010413820263241575,1.0,1.0,0.010659703581603532,4656,0.005850542707951208,2649.72994252406,2779.4363020630008
8700.0,1.0,0.0010404180210480576,0.3642611683848797,0.3642611683848797,3.1102646241073346,4656,1.5556525004278754,48,87000,1.0,0.0010407809232108782,1.0,1.0,0.01066736667016937,4656,0.005854073873500234,2655.452270750062,2785.527957230999
8725.0,1.0,0.001039863836109843,0.36748281786941583,0.36748281786941583,3.1026853581064757,4656,1.5518626183578648,48,87250,1.0,0.0010402212847549072,1.0,1.0,0.010674378716249237,4656,0.005857300051708811,2662.9111248690606,2793.364825386998
8750.0,1.0,0.0010392740880910474,0.36791237113402064,0.36791237113402064,3.096987642373416,4656,1.549013458986053,48,87500,1.0,0.0010396322792338342,1.0,1.0,0.010682324158776667,4656,0.005860978180600196,2670.7082391150616,2801.5359552439986
8775.0,1.0,0.0010386776831961169,0.36898625429553267,0.36898625429553267,3.089781954526082,4656,1.545410326666029,48,87750,1.0,0.0010390375385579374,1.0,1.0,0.010688771906587267,4656,0.005863904645762493,2678.5116834300643,2809.7136157139976
8800.0,1.0,0.0010381064464136498,0.36855670103092786,0.36855670103092786,3.0841461915740442,4656,1.5425921699025786,48,88000,1.0,0.0010384629349323483,1.0,1.0,0.010696008955080485,4656,0.005867236002613998,2685.7858575670616,2817.3619617689983
8825.0,1.0,0.0010374624192509864,0.3704896907216495,0.3704896907216495,3.078466539940064,4656,1.539751990144605,48,88250,1.0,0.001037818190875332,1.0,1.0,0.010702557784994854,4656,0.005870187968732565,2693.315523720059,2825.262438417998
8850.0,1.0,0.0010368547744767362,0.3715635738831615,0.3715635738831615,3.073582967122396,4656,1.5373099022304888,48,88500,1.0,0.001037207358481548,1.0,1.0,0.010709522003980027,4656,0.005873364732437527,2701.3092810780545,2833.6266585079975
8875.0,1.0,0.0010362295913942082,0.37220790378006874,0.37220790378006874,3.068561514628302,4656,1.53479887447816,48,88750,1.0,0.0010365800631210156,1.0,1.0,0.010715535825880123,4656,0.005876058002108151,2708.526745535055,2841.214479896
8900.0,1.0,0.00103559216990094,0.37349656357388317,0.37349656357388317,3.0621614226770566,4656,1.5315985007794042,48,89000,1.0,0.0010359413230542054,1.0,1.0,0.010722222197096782,4656,0.005879081760075493,2715.9008522240547,2848.958770153
8925.0,1.0,0.001034915997707557,0.37177835051546393,0.37177835051546393,3.0555351493284872,4656,1.5282850363819869,48,89250,1.0,0.0010352648564220703,1.0,1.0,0.010728161974051563,4656,0.005881713428038502,2723.1594591730573,2856.5875417299976
8950.0,1.0,0.0010342567877466326,0.373926116838488,0.373926116838488,3.0515089526618877,4656,1.5262715841077037,48,89500,1.0,0.0010345983495007676,1.0,1.0,0.010734607878419542,4656,0.0058846030243483605,2730.3804778660524,2864.178853764999
8975.0,1.0,0.001033607396678007,0.373926116838488,0.373926116838488,3.0452638868613753,4656,1.5231487497021652,48,89750,1.0,0.0010339459500361963,1.0,1.0,0.010740790887386938,4656,0.0058873683931081975,2737.60311008005,2871.770668718
9000.0,1.0,0.0010329528721337467,0.3747852233676976,0.3747852233676976,3.0370649095253435,4656,1.519048907093166,48,90000,1.0,0.0010332932817362429,1.0,1.0,0.010745340606191313,4656,0.005889316963166306,2745.2159231390506,2879.7576742969977
9025.0,1.0,0.001032257996678762,0.373926116838488,0.373926116838488,3.0320026096199797,4656,1.516517455635202,48,90250,1.0,0.0010325974973616322,1.0,1.0,0.010750936581097109,4656,0.005891766949617576,2753.00394352305,2887.93232539
9050.0,1.0,0.001031555824263399,0.37714776632302405,0.37714776632302405,3.0263674234606555,4656,1.5136995086145564,48,90500,1.0,0.0010318894873779664,1.0,1.0,0.010756344320028508,4656,0.005894116929306607,2761.240265770055,2896.538546685999
9075.0,1.0,0.0010308776422054907,0.37671821305841924,0.37671821305841924,3.0214445763027546,4656,1.5112377310946226,48,90750,1.0,0.0010312148001800287,1.0,1.0,0.01076165097685614,4656,0.005896432907720611,2768.4409025550485,2904.1092250479996
9100.0,1.0,0.0010301602357851271,0.37800687285223367,0.37800687285223367,3.01329386602972,4656,1.5071620220171218,48,91000,1.0,0.0010304959215659047,1.0,1.0,0.01076706189060539,4656,0.0058987788420772225,2775.6578246520476,2911.6962273779973
9125.0,1.0,0.0010294540436407136,0.3803694158075601,0.3803694158075601,3.007672418024122,4656,1.5043509309644143,48,91250,1.0,0.0010297830725453563,1.0,1.0,0.010771210660639498,4656,0.005900496725773893,2783.304450409043,2919.7129091370007
9150.0,1.0,0.0010287353186468077,0.38122852233676974,0.38122852233676974,3.00158901149055,4656,1.5013088737566447,48,91500,1.0,0.0010290631825981271,1.0,1.0,0.010776098446338037,4656,0.005902580788864712,2790.7584799200376,2927.5413180239993
9175.0,1.0,0.0010280211766560872,0.38165807560137455,0.38165807560137455,2.9951846984653536,4656,1.4981063633030633,48,91750,1.0,0.0010283435230812256,1.0,1.0,0.010781126128848885,4656,0.005904734851568425,2798.068645032039,2935.2252952639974
9200.0,1.0,0.0010273051912227447,0.38380584192439865,0.38380584192439865,2.9873573067262003,4656,1.4941923003835775,48,92000,1.0,0.0010276247468805804,1.0,1.0,0.01078503658271737,4656,0.005906330607191394,2805.621132104039,2943.154515082999
9225.0,1.0,0.001026570259295788,0.38122852233676974,0.38122852233676974,2.9841262974689915,4656,1.49257644181399,48,92250,1.0,0.001026892426497338,1.0,1.0,0.010790743369007438,4656,0.005908817872149018,2813.236761463042,2951.145169391999
9250.0,1.0,0.0010258017869544604,0.38380584192439865,0.38380584192439865,2.9756466056063413,4656,1.4883361895059801,48,92500,1.0,0.0010261227123925776,1.0,1.0,0.010793928428204199,4656,0.005910025583100073,2821.1788244480376,2959.4577330350003
9275.0,1.0,0.0010250415716998766,0.38423539518900346,0.38423539518900346,2.970344858071239,4656,1.4856849486885202,48,92750,1.0,0.0010253568387932795,1.0,1.0,0.01079716346517871,4656,0.005911260023969146,2829.3282970760447,2967.977801003999
9300.0,1.0,0.0010242579549653425,0.3861683848797251,0.3861683848797251,2.9644315005168065,4656,1.4827278766435446,48,93000,1.0,0.001024576908943989,1.0,1.0,0.010801369586761055,4656,0.005912973350266001,2837.238902582045,2976.2586790019996
9325.0,1.0,0.0010235131785427173,0.3870274914089347,0.3870274914089347,2.957099285322366,4656,1.4790614151053412,48,93250,1.0,0.0010238285224462294,1.0,1.0,0.010804597864445951,4656,0.005914213321462939,2844.5400791540487,2983.9344494889992
9350.0,1.0,0.0010227183219288633,0.38853092783505155,0.38853092783505155,2.951305690909579,4656,1.476164172195487,48,93500,1.0,0.001023030734246539,1.0,1.0,0.010809210362712951,4656,0.005916120567682273,2852.345321336037,2992.1138211809994
9375.0,1.0,0.0010219307622753877,0.38788659793814434,0.38788659793814434,2.9462757438318836,4656,1.473648844715656,48,93750,1.0,0.0010222389756404248,1.0,1.0,0.010812568295862256,4656,0.005917403603747129,2860.0752234300417,3000.214280152999
9400.0,1.0,0.0010211624179509088,0.38917525773195877,0.38917525773195877,2.938727493548311,4656,1.469874352523961,48,94000,1.0,0.0010214708873496432,1.0,1.0,0.010816450995677934,4656,0.0059189609031087345,2867.6907152490458,3008.200112950999
9425.0,1.0,0.0010203653722489412,0.3904639175257732,0.3904639175257732,2.933940481074487,4656,1.4674803874746631,48,94250,1.0,0.0010206704876062386,1.0,1.0,0.010819973404874507,4656,0.005920321978244585,2875.3656965090413,3016.2462187269994
9450.0,1.0,0.00101954882958091,0.3893900343642612,0.3893900343642612,2.9269755779672733,4656,1.4639975688711475,48,94500,1.0,0.0010198542265752745,1.0,1.0,0.010821784177596626,4656,0.005920819093271629,2883.369594825039,3024.622282002998
9475.0,1.0,0.0010187868732971833,0.3906786941580756,0.3906786941580756,2.9190797052022925,4656,1.4600492654387485,48,94750,1.0,0.0010190926415404094,1.0,1.0,0.01082705283902355,4656,0.005923072753083665,2891.726872838037,3033.3513615379998
9500.0,1.0,0.00101795425171295,0.39282646048109965,0.39282646048109965,2.9123584970166183,4656,1.4566882025335253,48,95000,1.0,0.00101825653789789,1.0,1.0,0.010827427262702758,4656,0.0059228418618952694,2900.080185298033,3042.0768399579974
9525.0,1.0,0.001017141523947011,0.39196735395189003,0.39196735395189003,2.9084700227193405,4656,1.4547435983349777,48,95250,1.0,0.0010174443221993464,1.0,1.0,0.010830194679732175,4656,0.005923819449759021,2908.270832808037,3050.658365506999
9550.0,1.0,0.0010163345057325264,0.39282646048109965,0.39282646048109965,2.9011928912290594,4656,1.4511046131042271,48,95500,1.0,0.0010166360750231136,1.0,1.0,0.01083226097408439,4656,0.005924448524553751,2916.093541526032,3058.86035775
9575.0,1.0,0.0010155187695706422,0.39239690721649484,0.39239690721649484,2.8934088638148356,4656,1.4472121799115054,48,95750,1.0,0.001015813745993519,1.0,1.0,0.010836973837560805,4656,0.005926393714967053,2923.8785733390287,3067.024613935999
9600.0,1.0,0.0010147098183017416,0.39776632302405496,0.39776632302405496,2.886874536468401,4656,1.4439446622973044,48,96000,1.0,0.0010150052683869587,1.0,1.0,0.010837946151130387,4656,0.0059264755945435095,2931.5500282580324,3075.0709160490005
9625.0,1.0,0.00101387751675963,0.3962628865979381,0.3962628865979381,2.8813188166143147,4656,1.4411663304489504,48,96250,1.0,0.0010141714946510865,1.0,1.0,0.010838743644891326,4656,0.005926457620977946,2938.7575393880325,3082.6490428769976
9650.0,1.0,0.0010130246173065552,0.3945446735395189,0.3945446735395189,2.872654341340475,4656,1.4368336995442708,48,96500,1.0,0.0010133150875363563,1.0,1.0,0.010840938672986637,4656,0.005927126893063181,2946.7443861560314,3091.006847623001
9675.0,1.0,0.0010121979997125279,0.39862542955326463,0.39862542955326463,2.86492455865919,4656,1.432968362500168,48,96750,1.0,0.0010124838869391439,1.0,1.0,0.010842840696118542,4656,0.00592766231073137,2955.0272000530313,3099.6605883049997
9700.0,1.0,0.0010113442937533061,0.3962628865979381,0.3962628865979381,2.860204270615201,4656,1.430607825210414,48,97000,1.0,0.0010116281071069725,1.0,1.0,0.010844791160826012,4656,0.005928209608363122,2962.765223692033,3107.773519036
9725.0,1.0,0.0010104943642911222,0.39905498281786944,0.39905498281786944,2.8529789980334517,4656,1.4269947432160788,48,97250,1.0,0.001010780277121108,1.0,1.0,0.01084779382161668,4656,0.005929287100575634,2970.240405802033,3115.623758196998
9750.0,1.0,0.0010096613586563425,0.39948453608247425,0.39948453608247425,2.8475493860408614,4656,1.4242795308430989,48,97500,1.0,0.0010099446343392441,1.0,1.0,0.010847485352217946,4656,0.005928714967675225,2977.556072688036,3123.316218306998
9775.0,1.0,0.001008818009260184,0.4009879725085911,0.4009879725085911,2.8403541066802243,4656,1.4206814716771705,48,97750,1.0,0.0010090972268089805,1.0,1.0,0.010849055350850947,4656,0.005929076282429122,2984.8961959050357,3131.0315916010004
9800.0,1.0,0.0010079598867196806,0.39991408934707906,0.39991408934707906,2.8336896077054474,4656,1.417348802704172,48,98000,1.0,0.0010082363006994896,1.0,1.0,0.010850501429174365,4656,0.005929368826531872,2992.7033455160345,3139.2104277830003
9825.0,1.0,0.0010070841234574204,0.40335051546391754,0.40335051546391754,2.8234935904696226,4656,1.412250348382799,48,98250,1.0,0.0010073576698598173,1.0,1.0,0.010852646172251488,4656,0.005930001895452283,3001.0787445910355,3147.9573220759994
9850.0,1.0,0.0010062203169688326,0.40356529209621994,0.40356529209621994,2.819601917594569,4656,1.4103040662418116,48,98500,1.0,0.0010064935817341624,1.0,1.0,0.010852710999983693,4656,0.005929602226850503,3008.718288147036,3155.9681124259987
9875.0,1.0,0.0010053757642142962,0.40485395189003437,0.40485395189003437,2.8120253258144734,4656,1.4065153508661539,48,98750,1.0,0.0010056445995966594,1.0,1.0,0.010854025784227037,4656,0.005929835217515218,3017.0922057040334,3164.7142288819996
9900.0,1.0,0.0010044979526824557,0.40485395189003437,0.40485395189003437,2.8049991515903536,4656,1.4030018180506336,48,99000,1.0,0.0010047614241588565,1.0,1.0,0.010854239623571179,4656,0.005929500530265861,3025.4587459630275,3173.452734489998
9925.0,1.0,0.0010036263243644098,0.4059278350515464,0.4059278350515464,2.798802116892182,4656,1.3999028549980872,48,99250,1.0,0.0010038916392834326,1.0,1.0,0.010854856050301254,4656,0.005929373844792343,3033.6410497140278,3182.0062016509983
9950.0,1.0,0.0010027607896483642,0.40871993127147765,0.40871993127147765,2.7900638645866893,4656,1.3955333093597306,48,99500,1.0,0.0010030260405589624,1.0,1.0,0.010856067192103854,4656,0.005929546616331409,3041.594566167023,3190.3350331750007
9975.0,1.0,0.0010018823892390197,0.4070017182130584,0.4070017182130584,2.7851776962018095,4656,1.3930897794638302,48,99750,1.0,0.0010021427755093656,1.0,1.0,0.010855939584909026,4656,0.005929041154605826,3049.4576033370176,3198.574036541999
10000.0,1.0,0.0010009897533560946,0.4095790378006873,0.4095790378006873,2.7750008179969394,4656,1.3880008946579347,48,100000,1.0,0.0010012444556783565,1.0,1.0,0.010857701608815143,4656,0.00592947298104001,3056.743406949019,3206.2307008120006
10025.0,1.0,0.0010001109176894644,0.4106529209621993,0.4106529209621993,2.7692883153961287,4656,1.3851442238719194,48,100250,1.0,0.0010003668489734741,1.0,1.0,0.010856875234453129,4656,0.0059286210545149865,3063.9674472440165,3213.8381317329986
10050.0,1.0,0.0009992470087873977,0.4100085910652921,0.4100085910652921,2.7627214779149214,4656,1.3818603594278551,48,100500,1.0,0.0009995039770078823,1.0,1.0,0.010857079344516768,4656,0.005928291641559797,3071.5408467810157,3221.782644081999
10075.0,1.0,0.000998348624947964,0.4108676975945017,0.4108676975945017,2.756256155951326,4656,1.3786272265247463,48,100750,1.0,0.0009986006133130326,1.0,1.0,0.010856981437230847,4656,0.005927791095681207,3079.0965979500143,3229.7140170839994
10100.0,1.0,0.0009974458757339884,0.41237113402061853,0.41237113402061853,2.747909362373483,4656,1.3744534364680654,48,101000,1.0,0.0009976990418540652,1.0,1.0,0.010859795247566249,4656,0.00592874712550763,3086.925141332016,3237.9218557370004
10125.0,1.0,0.0009965632379669504,0.41430412371134023,0.41430412371134023,2.740643688083924,4656,1.3708201274019747,48,101250,1.0,0.0009968144326275566,1.0,1.0,0.010856762784453192,4656,0.005926788621342059,3094.9793955890163,3246.356335171
10150.0,1.0,0.0009956414910526211,0.41344501718213056,0.41344501718213056,2.735778179365335,4656,1.3683869142302942,48,101500,1.0,0.0009958884099504793,1.0,1.0,0.010857243103669681,4656,0.005926565769611765,3102.9842860340104,3254.740584282001
10175.0,1.0,0.0009947431840232968,0.4162371134020619,0.4162371134020619,2.728430521856878,4656,1.3647126135547547,48,101750,1.0,0.0009949855327196547,1.0,1.0,0.010856019057768727,4656,0.005925502256839136,3110.6967344280056,3262.8286714429996
10200.0,1.0,0.0009938284908373332,0.41580756013745707,0.41580756013745707,2.7196885203987464,4656,1.360341167122228,48,102000,1.0,0.0009940703146646113,1.0,1.0,0.010856068113825166,4656,0.005925069252649943,3118.170225070018,3270.6737323559973
10225.0,1.0,0.0009929560688148248,0.41902920962199314,0.41902920962199314,2.7134596572299183,4656,1.3572263160522042,48,102250,1.0,0.000993194436187187,1.0,1.0,0.010856031552213164,4656,0.005924612949394279,3125.358863989022,3278.233415090999
10250.0,1.0,0.0009920444480332313,0.4162371134020619,0.4162371134020619,2.706514601035626,4656,1.3537533160337467,48,102500,1.0,0.0009922851069071859,1.0,1.0,0.010855615548661485,4656,0.005923950282978438,3132.8267664500163,3286.0765928109977
10275.0,1.0,0.000991134606685835,0.4213917525773196,0.4213917525773196,2.698807575448682,4656,1.3498993575368141,48,102750,1.0,0.0009913691847594742,1.0,1.0,0.01085489814224112,4656,0.005923133637896928,3140.10583220001,3293.7311362170003
10300.0,1.0,0.0009902311405775063,0.42053264604810997,0.42053264604810997,2.6930485361630154,4656,1.347019379081595,48,103000,1.0,0.0009904614684917673,1.0,1.0,0.010855032815966,4656,0.005922747027013719,3147.631525692017,3301.628013108999
10325.0,1.0,0.000989324998917039,0.42375429553264604,0.42375429553264604,2.68295309060218,4656,1.3419712105977166,48,103250,1.0,0.0009895592313451866,1.0,1.0,0.010853144925894197,4656,0.005921352104223061,3153.0689197300235,3307.428162191998
10350.0,1.0,0.0009884252068922692,0.42353951890034364,0.42353951890034364,2.677094344830595,4656,1.3390413920084636,48,103500,1.0,0.0009886567253632233,1.0,1.0,0.010853005745976241,4656,0.005920831382889109,3159.5807457700284,3314.311044484999
10375.0,1.0,0.0009875250180152683,0.42461340206185566,0.42461340206185566,2.670467783085669,4656,1.3357276392146893,48,103750,1.0,0.0009877530800313065,1.0,1.0,0.010851981918426724,4656,0.0059198675696382815,3166.792549028036,3321.894196827998
10400.0,1.0,0.000986591032690199,0.4261168384879725,0.4261168384879725,2.661588478743825,4656,1.3312875151224561,48,104000,1.0,0.0009868163039389345,1.0,1.0,0.0108520800305396,4656,0.005919448186441795,3174.048969764037,3329.5220916279977
10425.0,1.0,0.0009856769667867943,0.4263316151202749,0.4263316151202749,2.656620510665002,4656,1.3288031115974348,48,104250,1.0,0.00098590068903166,1.0,1.0,0.010851098704583867,4656,0.005918499684006078,3181.8608402300306,3337.7095895169987
10450.0,1.0,0.0009847644370855745,0.42783505154639173,0.42783505154639173,2.648010463649055,4656,1.3244976292770754,48,104500,1.0,0.000984985931837272,1.0,1.0,0.010850001651396867,4656,0.005917493727608645,3189.191422952019,3345.4103709519986
10475.0,1.0,0.0009838377487208835,0.42955326460481097,0.42955326460481097,2.640241904766699,4656,1.320612877914586,48,104750,1.0,0.0009840528554318287,1.0,1.0,0.010848346649576299,4656,0.005916199784508276,3196.7890630560178,3353.3797502749985
10500.0,1.0,0.0009829234267837812,0.43127147766323026,0.43127147766323026,2.6358930974481853,4656,1.3184380023340179,48,105000,1.0,0.0009831416955108905,1.0,1.0,0.010847236487463987,4656,0.005915189117090809,3204.7822502290182,3361.744971635999
10525.0,1.0,0.000981998005785893,0.4329896907216495,0.4329896907216495,2.627264488193997,4656,1.3141232257856126,48,105250,1.0,0.000982210372936275,1.0,1.0,0.010846251064969092,4656,0.005914230731754368,3212.0383916790197,3369.3849285180004
10550.0,1.0,0.0009810384554961294,0.43449312714776633,0.43449312714776633,2.617834818731878,4656,1.3094079060243167,48,105500,1.0,0.0009812484287314398,1.0,1.0,0.010846561172983491,4656,0.005913904852064205,3219.3227457220128,3377.040983537998
10575.0,1.0,0.0009801643052461631,0.4370704467353952,0.4370704467353952,2.612714996862248,4656,1.3068475756038915,48,105750,1.0,0.0009803758402870282,1.0,1.0,0.010843717150671785,4656,0.0059120465082810915,3226.5804805080224,3384.670156936998
10600.0,1.0,0.0009792011960880044,0.438573883161512,0.438573883161512,2.6062985449722134,4656,1.3036388777375632,48,106000,1.0,0.0009794093770874326,1.0,1.0,0.010841349760691324,4656,0.0059103796264969605,3234.118963748024,3392.584444062999
10625.0,1.0,0.0009782468944890394,0.4383591065292096,0.4383591065292096,2.598497108905176,4656,1.299737674673808,48,106250,1.0,0.0009784505820970766,1.0,1.0,0.010840013469617391,4656,0.005909232032258076,3241.5217445720264,3400.3627872899997
10650.0,1.0,0.000977345323030072,0.43986254295532645,0.43986254295532645,2.5916152639487353,4656,1.2962963064921271,48,106500,1.0,0.000977548024908374,1.0,1.0,0.01083856800577485,4656,0.005908058066548351,3249.200945567023,3408.4137105890004
10675.0,1.0,0.000976443930794693,0.4417955326460481,0.4417955326460481,2.5832425409166264,4656,1.2921094992726119,48,106750,1.0,0.000976648757752684,1.0,1.0,0.01083740663692304,4656,0.005907027735742917,3257.5624617470276,3417.147273712999
10700.0,1.0,0.0009755200203956198,0.4426546391752577,0.4426546391752577,2.5777201177328313,4656,1.2893478157594032,48,107000,1.0,0.0009757226710671821,1.0,1.0,0.010836718008690273,4656,0.005906220461494734,3265.004879622029,3424.961366555999
10725.0,1.0,0.0009745506768169272,0.44501718213058417,0.44501718213058417,2.567174983598113,4656,1.2840747636618073,48,107250,1.0,0.000974750127067271,1.0,1.0,0.010834202938473102,4656,0.005904476564774399,3272.227798943026,3432.556629237999
10750.0,1.0,0.0009736412451234471,0.44544673539518903,0.44544673539518903,2.5623247861042873,4656,1.2816491929935836,48,107500,1.0,0.0009738411434327614,1.0,1.0,0.010832957385741557,4656,0.005903399226182105,3279.4750982250225,3440.1754528879974
10775.0,1.0,0.0009726965575898226,0.44566151202749144,0.44566151202749144,2.554469131522162,4656,1.2777208937812097,48,107750,1.0,0.0009728930634526452,1.0,1.0,0.010830761640751894,4656,0.005901827435313221,3286.69517267602,3447.7668588979977
10800.0,1.0,0.0009717464165384418,0.44716494845360827,0.44716494845360827,2.548050293807721,4656,1.274511003002678,48,108000,1.0,0.0009719418470597349,1.0,1.0,0.010829444398585054,4656,0.005900693154826607,3294.8615954790184,3456.3051158419985
10825.0,1.0,0.0009708144282762127,0.44673539518900346,0.44673539518900346,2.5420473498577105,4656,1.271509045997436,48,108250,1.0,0.0009710072856588462,1.0,1.0,0.010826952371400656,4656,0.0058989797261162725,3303.2079985160162,3465.023617439998
10850.0,1.0,0.0009698481058951505,0.45017182130584193,0.45017182130584193,2.531909798428775,4656,1.266439798361657,48,108500,1.0,0.0009700380188902628,1.0,1.0,0.010826011703596082,4656,0.005898024925251597,3310.9925277710136,3473.1815006059987
10875.0,1.0,0.0009689034951716354,0.45060137457044674,0.45060137457044674,2.5248554662330864,4656,1.2629121603425015,48,108750,1.0,0.0009690921279982603,1.0,1.0,0.01082391468520017,4656,0.005896503368194161,3318.2469227050096,3480.8073673699982
10900.0,1.0,0.0009679921304237392,0.45146048109965636,0.45146048109965636,2.5187446096099118,4656,1.2598562994363791,48,109000,1.0,0.000968180878465528,1.0,1.0,0.010821220391394756,4656,0.005894700583723402,3326.0035498620055,3488.936158581
10925.0,1.0,0.0009670396338623414,0.4527491408934708,0.4527491408934708,2.513994826483972,4656,1.2574809359520982,48,109250,1.0,0.0009672255143267182,1.0,1.0,0.01082132710623987,4656,0.005894276284679924,3334.3661815100095,3497.670583985
10950.0,1.0,0.0009660928212490279,0.4529639175257732,0.4529639175257732,2.504228519819856,4656,1.2525973369165795,48,109500,1.0,0.0009662739266849466,1.0,1.0,0.010819535894492237,4656,0.0058929048657826956,3341.701767060007,3505.377751475
10975.0,1.0,0.0009652108491696033,0.45489690721649484,0.45489690721649484,2.498006551945742,4656,1.2494859072760618,48,109750,1.0,0.000965394809381249,1.0,1.0,0.010815300687481858,4656,0.005890347806039135,3348.9443614839984,3512.991871080998
11000.0,1.0,0.0009642350407400492,0.45468213058419243,0.45468213058419243,2.4906166050442304,4656,1.2457904487950695,48,110000,1.0,0.0009644178231966865,1.0,1.0,0.01081387898356644,4656,0.005889148339373139,3356.8130773830017,3521.236044475998
11025.0,1.0,0.000963298290251047,0.4581185567010309,0.4581185567010309,2.481760870550097,4656,1.2413621096266914,48,110250,1.0,0.0009634779234932051,1.0,1.0,0.01081016700702025,4656,0.005886822375644933,3364.655983272998,3529.4704093559994
11050.0,1.0,0.0009623630247574902,0.4576890034364261,0.4576890034364261,2.4758357936164357,4656,1.2383990861296243,48,110500,1.0,0.000962540545721644,1.0,1.0,0.01080841932100119,4656,0.0058854799909689995,3372.5015869049967,3537.6957613649975
11075.0,1.0,0.000961415866498685,0.4587628865979381,0.4587628865979381,2.468074575732254,4656,1.2345180052662224,48,110750,1.0,0.0009615956661627465,1.0,1.0,0.010805411232296135,4656,0.005883503462031125,3380.011965502006,3545.5818370769994
11100.0,1.0,0.0009604609632205308,0.45983676975945015,0.45983676975945015,2.459741913575897,4656,1.2303512022667324,48,111000,1.0,0.0009606385353914241,1.0,1.0,0.010804773605975908,4656,0.0058827061218904055,3387.921128271013,3553.8627501789997
11125.0,1.0,0.0009595436840942226,0.46134020618556704,0.46134020618556704,2.4531920652618933,4656,1.2270757930794942,48,111250,1.0,0.0009597202705353806,1.0,1.0,0.01080106726217106,4656,0.005880393676741426,3395.684726427018,3562.0009855339995
11150.0,1.0,0.0009585951432534509,0.46155498281786944,0.46155498281786944,2.4479174532021855,4656,1.224438015128329,48,111500,1.0,0.0009587703087075879,1.0,1.0,0.010798438512992203,4656,0.005878604462056635,3403.1053905690205,3569.7966192079984
11175.0,1.0,0.0009576316884498007,0.4641323024054983,0.4641323024054983,2.4406774199705352,4656,1.220817526591193,48,111750,1.0,0.0009578075835999754,1.0,1.0,0.010796647915725446,4656,0.005877227820071978,3410.6671581590163,3577.7293483840003
11200.0,1.0,0.0009566631897823097,0.4647766323024055,0.4647766323024055,2.4350951414337683,4656,1.2180259022925728,48,112000,1.0,0.0009568350267983793,1.0,1.0,0.010793568137585093,4656,0.005875201569390051,3418.5284870770192,3585.9611227569985
11225.0,1.0,0.0009557141368741432,0.46606529209621994,0.46606529209621994,2.427085378325682,4656,1.2140205488172184,48,112250,1.0,0.0009558835415700867,1.0,1.0,0.010791417454526187,4656,0.005873650517250664,3425.739118319012,3593.5468114840005
11250.0,1.0,0.0009547727393735316,0.4647766323024055,0.4647766323024055,2.420812311860704,4656,1.2108835436634182,48,112500,1.0,0.0009549436034615507,1.0,1.0,0.010789655123379632,4656,0.005872299325015536,3433.08489303201,3601.267490462
11275.0,1.0,0.000953818898635222,0.46628006872852235,0.46628006872852235,2.4144215796821307,4656,1.207687692543895,48,112750,1.0,0.0009539868823441443,1.0,1.0,0.010788263016959647,4656,0.005871124898445155,3440.77717194501,3609.3347923340007
11300.0,1.0,0.0009528397745692853,0.4677835051546392,0.4677835051546392,2.404917713702749,4656,1.2029352876328931,48,113000,1.0,0.0009530082575439178,1.0,1.0,0.010785040269602615,4656,0.005869024295577479,3448.1177276340095,3617.050677288
11325.0,1.0,0.0009518874700331606,0.46670962199312716,0.46670962199312716,2.397260947735449,4656,1.1991064196190064,48,113250,1.0,0.0009520565546869822,1.0,1.0,0.010781323786863346,4656,0.005866690241184431,3456.400452776008,3625.705003603998
11350.0,1.0,0.0009509689235400498,0.47014604810996563,0.47014604810996563,2.3895294608938733,4656,1.1952402042769075,48,113500,1.0,0.0009511357935023881,1.0,1.0,0.010779214478849955,4656,0.005865175187382911,3463.79539941901,3633.4710228309996
11375.0,1.0,0.0009499959826879075,0.4697164948453608,0.4697164948453608,2.383761795935352,4656,1.1923558998763357,48,113750,1.0,0.0009501656434175485,1.0,1.0,0.010777544627074934,4656,0.005863855231258878,3471.384598263019,3641.434224552999
11400.0,1.0,0.0009490389287266944,0.4735824742268041,0.4735824742268041,2.3773339130624462,4656,1.1891414734096462,48,114000,1.0,0.0009492039552464109,1.0,1.0,0.01077364502903522,4656,0.0058614245497483975,3479.099170184014,3649.5241238419985
11425.0,1.0,0.0009481025366848687,0.47465635738831613,0.47465635738831613,2.3716077247436105,4656,1.186277907328917,48,114250,1.0,0.000948264311576627,1.0,1.0,0.010771028262233407,4656,0.005859646293305859,3486.8048611380145,3657.6007498789986
11450.0,1.0,0.0009471331803044912,0.47186426116838487,0.47186426116838487,2.3655564088592005,4656,1.1832517643564755,48,114500,1.0,0.0009472977203601824,1.0,1.0,0.010768052228947276,4656,0.005857675089868893,3494.180074005013,3665.346812028998
11475.0,1.0,0.0009462131872209896,0.47594501718213056,0.47594501718213056,2.357422215832058,4656,1.1791841959215932,48,114750,1.0,0.0009463772536143404,1.0,1.0,0.010765294131544447,4656,0.005855835794992873,3501.8391028000115,3673.3762570979998
11500.0,1.0,0.0009452520239189319,0.47723367697594504,0.47723367697594504,2.3503615651343694,4656,1.1756533986514377,48,115000,1.0,0.0009454135299753078,1.0,1.0,0.010766234594522063,4656,0.005855824119856267,3509.338943957009,3681.247174871998
11525.0,1.0,0.0009443053009174124,0.4789518900343643,0.4789518900343643,2.3426148457215823,4656,1.1717795539148075,48,115250,1.0,0.0009444646818940991,1.0,1.0,0.01075950172758594,4656,0.00585198320474002,3516.8171377450053,3689.112652639
11550.0,1.0,0.0009433484005764178,0.4800257731958763,0.4800257731958763,2.337419988363469,4656,1.1691816533144397,48,115500,1.0,0.000943508460042403,1.0,1.0,0.010756483295119506,4656,0.005849995871180112,3524.082856690009,3696.753837395998
11575.0,1.0,0.0009424049676079111,0.4789518900343643,0.4789518900343643,2.3295833417230454,4656,1.1652628580729167,48,115750,1.0,0.0009425638365172029,1.0,1.0,0.010753117885786234,4656,0.005847840835548348,3531.8250517130073,3704.8717320489995
11600.0,1.0,0.0009414735938265561,0.48131443298969073,0.48131443298969073,2.3237572633933365,4656,1.1623493338778257,48,116000,1.0,0.0009416322067021504,1.0,1.0,0.010751287244849188,4656,0.005846459789784094,3539.648404393003,3713.0743027949975
11625.0,1.0,0.0009405361008398311,0.48238831615120276,0.48238831615120276,2.3152353607911835,4656,1.1580879106554378,48,116250,1.0,0.0009406932415216649,1.0,1.0,0.010748868033648357,4656,0.005844780720795963,3547.1374621840005,3720.9386198369975
11650.0,1.0,0.0009395739262046683,0.48281786941580757,0.48281786941580757,2.3100774443845977,4656,1.1555084805308338,48,116500,1.0,0.0009397304011988885,1.0,1.0,0.010745406765298745,4656,0.005842568640856399,3554.63554571,3728.8082668709976
11675.0,1.0,0.0009385983098003873,0.4856099656357388,0.4856099656357388,2.3027497648783157,4656,1.1518441557474561,48,116750,1.0,0.0009387554376805361,1.0,1.0,0.010744346068896788,4656,0.005841550702081923,3563.0221682600095,3737.5665314359976
11700.0,1.0,0.0009376602663412126,0.4853951890034364,0.4853951890034364,2.2957912064909527,4656,1.1483644046324635,48,117000,1.0,0.0009378200825751852,1.0,1.0,0.010739313572952427,4656,0.005838566936578128,3570.9462976730174,3745.8620734059987
11725.0,1.0,0.0009367409517470095,0.4884020618556701,0.4884020618556701,2.2910939115019597,4656,1.1460153114345066,48,117250,1.0,0.0009368945591638179,1.0,1.0,0.01073852324813502,4656,0.005837708865244364,3579.0692192260176,3754.362915963
11750.0,1.0,0.0009358028186760407,0.49076460481099654,0.49076460481099654,2.2827337206024483,4656,1.1418347309545143,48,117500,1.0,0.0009359550947176222,1.0,1.0,0.01073330620310151,4656,0.005834630828133154,3584.803750254021,3760.4681672689985
11775.0,1.0,0.0009348482610433782,0.49162371134020616,0.49162371134020616,2.27555731809426,4656,1.138246057779109,48,117750,1.0,0.0009350028925949765,1.0,1.0,0.010730684622866181,4656,0.005832843712924682,3590.534835923012,3766.569795233998
11800.0,1.0,0.0009338886979519297,0.4944158075601375,0.4944158075601375,2.270739997785116,4656,1.1358369125943004,48,118000,1.0,0.0009340376583571287,1.0,1.0,0.010728904062120365,4656,0.005831470911445487,3596.2678018750157,3772.67323357
11825.0,1.0,0.0009329480941557802,0.4952749140893471,0.4952749140893471,2.262623632896397,4656,1.1317782844464803,48,118250,1.0,0.0009330961712447228,1.0,1.0,0.010725515200100405,4656,0.005829305685672564,3601.9977376000097,3778.7736459709995
11850.0,1.0,0.0009319933572995294,0.4965635738831615,0.4965635738831615,2.2526305942600944,4656,1.1267812932070178,48,118500,1.0,0.0009321404102536821,1.0,1.0,0.010723613176968499,4656,0.005827876761606878,3607.7305993710106,3784.877074257998
11875.0,1.0,0.0009310381211775684,0.4965635738831615,0.4965635738831615,2.2485419991090128,4656,1.1247365106012404,48,118750,1.0,0.0009311809623773975,1.0,1.0,0.010718825654065896,4656,0.005825003244213222,3613.461470594004,3790.9790175239978
11900.0,1.0,0.0009300951106646626,0.4993556701030928,0.4993556701030928,2.2440643834903886,4656,1.122497257088468,48,119000,1.0,0.0009302406786233699,1.0,1.0,0.010715255110534196,4656,0.005822747894578783,3619.1942969030097,3797.082412006999
11925.0,1.0,0.0009291557998386855,0.5017182130584192,0.5017182130584192,2.2351774759718643,4656,1.1180533314078944,48,119250,1.0,0.0009293021230968003,1.0,1.0,0.01071247130734814,4656,0.005820886580804779,3624.929032805012,3803.187862160001
11950.0,1.0,0.000928214274321225,0.5019329896907216,0.5019329896907216,2.227996826171875,4656,1.1144625214776633,48,119500,1.0,0.0009283551184582137,1.0,1.0,0.010709194792914637,4656,0.005818775019694849,3630.661427753006,3809.2907308119975
11975.0,1.0,0.000927295241364089,0.5019329896907216,0.5019329896907216,2.2229483692916396,4656,1.111937847334085,48,119750,1.0,0.0009274382489858215,1.0,1.0,0.010705812075703414,4656,0.005816625155943776,3637.8425673290076,3816.8510831489984
12000.0,1.0,0.0009263384306348886,0.5045103092783505,0.5045103092783505,2.2143380076614854,4656,1.1076321945976966,48,120000,1.0,0.0009264805037336252,1.0,1.0,0.010702656716415562,4656,0.005814568488458588,3645.637559018007,3825.026219739
12025.0,1.0,0.0009254005279942477,0.5081615120274914,0.5081615120274914,2.206460382520538,4656,1.1036928969969864,48,120250,1.0,0.0009255384917521395,1.0,1.0,0.01069951774328435,4656,0.00581252810471656,3653.138129538009,3832.9194707429997
12050.0,1.0,0.000924488907212654,0.5092353951890034,0.5092353951890034,2.2008219715655875,4656,1.1008732195981998,48,120500,1.0,0.0009246271142025583,1.0,1.0,0.010696798050936145,4656,0.005810712518560928,3660.8083077849988,3840.9642432670007
12075.0,1.0,0.0009235822150797368,0.510094501718213,0.510094501718213,2.1970071169928587,4656,1.0989653466083749,48,120750,1.0,0.0009237147125181873,1.0,1.0,0.010697790335134133,4656,0.005810752511024475,3669.1674071559937,3849.6940220319993
12100.0,1.0,0.0009226447348946968,0.5118127147766323,0.5118127147766323,2.1876054219773544,4656,1.0942640271793116,48,121000,1.0,0.0009227822121885634,1.0,1.0,0.010690741829855745,4656,0.005806762123435633,3676.9418522689994,3857.8387898990004
12125.0,1.0,0.0009216973718089337,0.5124570446735395,0.5124570446735395,2.182432980881524,4656,1.0916773216011597,48,121250,1.0,0.0009218322503607708,1.0,1.0,0.010689334873481305,4656,0.005805583702739571,3684.117390385003,3865.3840473279997
12150.0,1.0,0.0009207632712687004,0.5137457044673539,0.5137457044673539,2.173951296462226,4656,1.0874360074701996,48,121500,1.0,0.0009208956662936718,1.0,1.0,0.010684403869294628,4656,0.005802649761393308,3691.4815450079986,3873.1210507569995
12175.0,1.0,0.0009198324095547404,0.5154639175257731,0.5154639175257731,2.167514814134316,4656,1.0842173468206346,48,121750,1.0,0.0009199673521150019,1.0,1.0,0.010681652633594893,4656,0.0058008099032431535,3699.3122159790037,3881.3299126309976
12200.0,1.0,0.0009188881444767169,0.5146048109965635,0.5146048109965635,2.1590931685929444,4656,1.0800060390197124,48,122000,1.0,0.000919021089974138,1.0,1.0,0.010678165659462054,4656,0.0057985933171105135,3707.1575985960008,3889.5533834529997
12225.0,1.0,0.0009179509587304289,0.5182560137457045,0.5182560137457045,2.153803795883336,4656,1.077360880743597,48,122250,1.0,0.0009180801021274423,1.0,1.0,0.010673932295894296,4656,0.005796006199010869,3715.017451836,3897.787764304998
12250.0,1.0,0.000917043024834079,0.5191151202749141,0.5191151202749141,2.147895681899028,4656,1.074406351830132,48,122500,1.0,0.000917173115555773,1.0,1.0,0.010675823360783947,4656,0.005796498244570703,3722.4691286210036,3905.61576678
12275.0,1.0,0.0009160982988954,0.521692439862543,0.521692439862543,2.1369483135000538,4656,1.0689321957093334,48,122750,1.0,0.0009162300154310731,1.0,1.0,0.010668932265022775,4656,0.005792581031412603,3729.7915483240176,3913.3189976769972
12300.0,1.0,0.0009151782802085287,0.5191151202749141,0.5191151202749141,2.136846378496832,4656,1.0688807693953366,48,123000,1.0,0.0009153087165757143,1.0,1.0,0.010666685825361009,4656,0.005790997309373417,3737.2625905080204,3921.1675224939972
12325.0,1.0,0.000914268797308309,0.5212628865979382,0.5212628865979382,2.1261142848693217,4656,1.063514276878121,48,123250,1.0,0.0009143953803683474,1.0,1.0,0.010661492949908542,4656,0.005787944209944342,3745.0712080170197,3929.355599287999
12350.0,1.0,0.0009133180673794239,0.5234106529209622,0.5234106529209622,2.118406184350502,4656,1.0596597546973998,48,123500,1.0,0.0009134414372165588,1.0,1.0,0.010658303179691747,4656,0.005785872282850784,3752.829199691012,3937.4866695700002
12375.0,1.0,0.0009124054224630402,0.5244845360824743,0.5244845360824743,2.1129084845998443,4656,1.0569104591186105,48,123750,1.0,0.0009125288819119692,1.0,1.0,0.010656009220175726,4656,0.0057842689998371085,3758.2668458590088,3943.2868700159997
12400.0,1.0,0.000911499767266598,0.5242697594501718,0.5242697594501718,2.1072362263997397,4656,1.0540738712061721,48,124000,1.0,0.000911624250850317,1.0,1.0,0.010652809208611032,4656,0.0057822167361315175,3763.704726438016,3949.0873463749995
12425.0,1.0,0.0009105615829888897,0.5287800687285223,0.5287800687285223,2.1006746849243583,4656,1.0507926285471703,48,124250,1.0,0.0009106872827326719,1.0,1.0,0.010652220023866371,4656,0.005781453653299522,3769.1518322200172,3954.8995212329974
12450.0,1.0,0.0009096546220205904,0.5298539518900344,0.5298539518900344,2.0902448831145297,4656,1.0455772557209448,48,124500,1.0,0.0009097769805246202,1.0,1.0,0.010646811670454098,4656,0.0057782943510927285,3776.7891167230155,3962.9161133880007
12475.0,1.0,0.0009087499653555683,0.5298539518900344,0.5298539518900344,2.084961828906921,4656,1.04293528291368,48,124750,1.0,0.0009088661406458038,1.0,1.0,0.010644948564444211,4656,0.0057769073653466925,3784.475067113017,3970.982072504001
12500.0,1.0,0.0009078473185550716,0.5294243986254296,0.5294243986254296,2.076985205162022,4656,1.0389465253377699,48,125000,1.0,0.0009079640699211264,1.0,1.0,0.010640035175375921,4656,0.005773999590644312,3791.9558622150107,3978.8376864759994
12525.0,1.0,0.0009069355057482048,0.5313573883161512,0.5313573883161512,2.0725561712206026,4656,1.036731549554674,48,125250,1.0,0.0009070550990883017,1.0,1.0,0.010638464357435089,4656,0.005772759824274332,3799.650524157012,3986.9154589200007
12550.0,1.0,0.0009060354576897376,0.5326460481099656,0.5326460481099656,2.0640701870738027,4656,1.0324881117778135,48,125500,1.0,0.000906151645781658,1.0,1.0,0.010632207918003253,4656,0.005769179756289085,3807.336302004016,3994.9724159299985
12575.0,1.0,0.0009051039686932187,0.5350085910652921,0.5350085910652921,2.054980799094918,4656,1.02794294586706,48,125750,1.0,0.0009052198239413323,1.0,1.0,0.010628878558214587,4656,0.005767049197478802,3815.3254430970155,4003.3380455549996
12600.0,1.0,0.0009041893267139946,0.5354381443298969,0.5354381443298969,2.050650554014645,4656,1.025777377623463,48,126000,1.0,0.0009043037737767721,1.0,1.0,0.010632918257893566,4656,0.005768611054240223,3823.155564800025,4011.5474606089992
12625.0,1.0,0.0009032948345867629,0.5375859106529209,0.5375859106529209,2.0385680575551035,4656,1.019735657472381,48,126250,1.0,0.0009034080526877925,1.0,1.0,0.010622409405986877,4656,0.0057629087229364925,3830.85497052503,4019.622107536001
12650.0,1.0,0.0009024121840180401,0.5354381443298969,0.5354381443298969,2.038585911911378,4656,1.0197441651649082,48,126500,1.0,0.000902525261300536,1.0,1.0,0.010624437397697946,4656,0.005763481265490817,3838.671230237036,4027.8084966179995
12675.0,1.0,0.0009014866350033029,0.5378006872852233,0.5378006872852233,2.0268893684308553,4656,1.0138954215033358,48,126750,1.0,0.0009015971135437693,1.0,1.0,0.010616206631218036,4656,0.005758901795570793,3846.0569828460284,4035.564594962998
12700.0,1.0,0.0009006034211604456,0.5412371134020618,0.5412371134020618,2.0188683316470013,4656,1.0098844705168735,48,127000,1.0,0.000900710225617353,1.0,1.0,0.010615638646063526,4656,0.005758174403836227,3854.2096905640246,4044.087343585001
12725.0,1.0,0.0008997139600953695,0.5412371134020618,0.5412371134020618,2.0111190691027034,4656,1.0060093673234134,48,127250,1.0,0.0008998244642392057,1.0,1.0,0.010608715085229514,4656,0.005754269736329305,3861.537391552025,4051.7855987149997
12750.0,1.0,0.0008987953623955193,0.5448883161512027,0.5448883161512027,2.0043067538861146,4656,1.0026027640116584,48,127500,1.0,0.0008989016163799771,1.0,1.0,0.010607659407088027,4656,0.005753280473328948,3868.811071007025,4059.4294600190005
12775.0,1.0,0.0008979090377432374,0.5435996563573883,0.5435996563573883,2.000999503119295,4656,1.0009487060337132,48,127750,1.0,0.0008980158422001449,1.0,1.0,0.010602699727127232,4656,0.005750357899878852,3876.142986839026,4067.1314852859978
12800.0,1.0,0.000897036026843225,0.541881443298969,0.541881443298969,1.9935581954484134,4656,0.9972276196037371,48,128000,1.0,0.0008971383251070566,1.0,1.0,0.010604915545158779,4656,0.00575102696713713,3883.874083466031,4075.2397229399976
12825.0,1.0,0.0008961454136265102,0.5472508591065293,0.5472508591065293,1.9840340106347991,4656,0.9924650683845442,48,128250,1.0,0.0008962511427418882,1.0,1.0,0.010598258259370155,4656,0.005747254669051809,3891.979278732033,4083.718881962999
12850.0,1.0,0.0008952432916950934,0.5491838487972509,0.5491838487972509,1.9773326231441957,4656,0.9891139420447072,48,128500,1.0,0.0008953486239582402,1.0,1.0,0.01059412136929961,4656,0.0057447348878146036,3899.2798233940375,4091.389982585999
12875.0,1.0,0.0008943588232871183,0.5498281786941581,0.5498281786941581,1.97112447207736,4656,0.9860094076989033,48,128750,1.0,0.0008944610191374709,1.0,1.0,0.010592080473490187,4656,0.005743270682305405,3907.6081168950404,4100.089969158998
12900.0,1.0,0.0008934639599110253,0.5485395189003437,0.5485395189003437,1.9649262837937607,4656,0.9829098809625685,48,129000,1.0,0.0008935624432727643,1.0,1.0,0.010589766236105325,4656,0.0057416643268873606,3915.4437348150423,4108.296251764998
12925.0,1.0,0.0008925911410362859,0.5541237113402062,0.5541237113402062,1.9529837120029934,4656,0.9769381362547989,48,129250,1.0,0.0008926894067693822,1.0,1.0,0.010587581449357914,4656,0.0057401353960594365,3922.729268895044,4115.952051966
12950.0,1.0,0.0008917093289779223,0.552405498281787,0.552405498281787,1.9517677805268068,4656,0.976329724813245,48,129500,1.0,0.0008918107439254977,1.0,1.0,0.010580332008833737,4656,0.0057360713731791965,3929.9222317960484,4123.515723257999
12975.0,1.0,0.0008908514752728013,0.5575601374570447,0.5575601374570447,1.9410195104854624,4656,0.9709551834158882,48,129750,1.0,0.0008909487168711075,1.0,1.0,0.010576309514619232,4656,0.005733629067738851,3937.986323754056,4131.951099096001
13000.0,1.0,0.000889950063834895,0.5539089347079038,0.5539089347079038,1.9357913564570581,4656,0.9683406475893,48,130000,1.0,0.0008900447578979112,1.0,1.0,0.010576400048134663,4656,0.00573322238381376,3945.59478882805,4139.930972457998
13025.0,1.0,0.0008890795108583785,0.5560567010309279,0.5560567010309279,1.9293669343404345,4656,0.9651280039364529,48,130250,1.0,0.0008891736928539997,1.0,1.0,0.01057139530624311,4656,0.005730284550755294,3952.792945201043,4147.512001202998
13050.0,1.0,0.0008882170485467026,0.5573453608247423,0.5573453608247423,1.9200812533139364,4656,0.960484743937594,48,130500,1.0,0.0008883117682130885,1.0,1.0,0.010567423813941143,4656,0.005727867899891437,3959.9427382460453,4155.032076482999
13075.0,1.0,0.0008873371631419126,0.5586340206185567,0.5586340206185567,1.913709293116409,4656,0.9572983050264444,48,130750,1.0,0.0008874302697960044,1.0,1.0,0.010562421734800044,4656,0.005724926072707291,3967.1301548340416,4162.590366045999
13100.0,1.0,0.0008864830731321446,0.5607817869415808,0.5607817869415808,1.9076963863831615,4656,0.9542914190652854,48,131000,1.0,0.0008865717760066396,1.0,1.0,0.010567107765944963,4656,0.0057268397709758015,3974.2986252390438,4170.129640889998
13125.0,1.0,0.0008856315434593515,0.5633591065292096,0.5633591065292096,1.8994247069473529,4656,0.9501551598617711,48,131250,1.0,0.000885720604781023,1.0,1.0,0.01056090908771528,4656,0.005723314801442255,3981.4342238230456,4177.635437527999
13150.0,1.0,0.0008847684794684866,0.5618556701030928,0.5618556701030928,1.895222667156626,4656,0.9480537204807976,48,131500,1.0,0.0008848536362762714,1.0,1.0,0.010562376468042327,4656,0.005723615077762669,3988.61223665105,4185.191444603999
13175.0,1.0,0.0008839123539908236,0.5650773195876289,0.5650773195876289,1.8874607938261785,4656,0.9441723512210387,48,131750,1.0,0.000883998310903913,1.0,1.0,0.010551591202155831,4656,0.005717794817337875,3996.1057091400507,4193.06456106
13200.0,1.0,0.0008830569966142529,0.5676546391752577,0.5676546391752577,1.8768581639450441,4656,0.9388706233493241,48,132000,1.0,0.0008831347796515501,1.0,1.0,0.01054673711049188,4656,0.005714935893864976,4003.6351485440464,4200.974212621
13225.0,1.0,0.0008822163227702334,0.5691580756013745,0.5691580756013745,1.867720653101341,4656,0.9343014484418627,48,132250,1.0,0.0008822951619465326,1.0,1.0,0.010554623255614973,4656,0.005718459275989598,4011.4694447680595,4209.189875250999
13250.0,1.0,0.0008813656636120118,0.5700171821305842,0.5700171821305842,1.8611074755691581,4656,0.9309944270812359,48,132500,1.0,0.0008814422560926155,1.0,1.0,0.010548798284170144,4656,0.005715120289333907,4018.904552886048,4217.0003613029985
13275.0,1.0,0.000880519305819908,0.5719501718213058,0.5719501718213058,1.8569766696785734,4656,0.928928578432483,48,132750,1.0,0.0008805916225377636,1.0,1.0,0.010537317630761267,4656,0.00570895469065794,4026.2312089400475,4224.702319114
13300.0,1.0,0.000879683880666687,0.5730240549828178,0.5730240549828178,1.8509156794072836,4656,0.9258976703656908,48,133000,1.0,0.00087975800242211,1.0,1.0,0.010540616880987109,4656,0.005710187492911348,4033.8874812250506,4232.738160320998
13325.0,1.0,0.0008788424899283144,0.5740979381443299,0.5740979381443299,1.8427002110432105,4656,0.9217895166980442,48,133250,1.0,0.0008789166756921617,1.0,1.0,0.010531478731083297,4656,0.005705197652180989,4041.559714894054,4240.789073419997
13350.0,1.0,0.0008780030450460428,0.5732388316151202,0.5732388316151202,1.838923922928748,4656,0.9199009531552029,48,133500,1.0,0.0008780735055195916,1.0,1.0,0.010527980081813852,4656,0.005703026793666722,4049.1756620770466,4248.779514553
13375.0,1.0,0.0008771859006988224,0.5771048109965635,0.5771048109965635,1.8324656666758954,4656,0.9166714252065548,48,133750,1.0,0.0008772528023039762,1.0,1.0,0.010531828268287108,4656,0.0057045404648862754,4057.522867120042,4257.498074338
13400.0,1.0,0.0008763438442728363,0.5781786941580757,0.5781786941580757,1.8226381544395,4656,0.9117572496027472,48,134000,1.0,0.0008764093632960238,1.0,1.0,0.01052332190713522,4656,0.005699865648017307,4065.893557163032,4266.240534557997
13425.0,1.0,0.0008755067805039514,0.5788230240549829,0.5788230240549829,1.8128756100369483,4656,0.9068755579158613,48,134250,1.0,0.0008755736373032082,1.0,1.0,0.010523804684275204,4656,0.0056996891895929975,4074.2723470430356,4274.991189905999
13450.0,1.0,0.0008746874022627205,0.5835481099656358,0.5835481099656358,1.8128641004005248,4656,0.9068694032754275,48,134500,1.0,0.0008747495544427858,1.0,1.0,0.01051968090312997,4656,0.005697215238387642,4082.3413777220376,4283.432748433999
13475.0,1.0,0.000873836570281753,0.5850515463917526,0.5850515463917526,1.800140302205823,4656,0.9005070715835414,48,134750,1.0,0.0008738998490100874,1.0,1.0,0.010515623383505647,4656,0.005694761565051128,4090.713647813038,4292.176772741001
13500.0,1.0,0.000873026428456159,0.5846219931271478,0.5846219931271478,1.7968743052269585,4656,0.8988736798263497,48,135000,1.0,0.0008730877101216529,1.0,1.0,0.010510081482916763,4656,0.005691584545312468,4099.083325318046,4300.918222024
13525.0,1.0,0.0008722044322703712,0.5869845360824743,0.5869845360824743,1.7854819805761384,4656,0.8931771045697924,48,135250,1.0,0.0008722628399576108,1.0,1.0,0.010508918270622333,4656,0.005690590622498817,4106.820489467045,4309.0435635680005
13550.0,1.0,0.0008713821672492011,0.5889175257731959,0.5889175257731959,1.7812638823519047,4656,0.8910676359720656,48,135500,1.0,0.0008714368368444574,1.0,1.0,0.010503100365707554,4656,0.005687268687687379,4114.648097663048,4317.250011287
13575.0,1.0,0.0008705724158749957,0.5887027491408935,0.5887027491408935,1.7746576263322862,4656,0.8877640950311091,48,135750,1.0,0.0008706279111789264,1.0,1.0,0.010511852416795553,4656,0.005691240231196086,4122.386196439045,4325.363437697
13600.0,1.0,0.0008697697438325259,0.5925687285223368,0.5925687285223368,1.7643747624662733,4656,0.8826222698303432,48,136000,1.0,0.0008698188702982316,1.0,1.0,0.010495966447587685,4656,0.005682892662143379,4131.049232154048,4334.404159685
13625.0,1.0,0.0008689547245649947,0.5919243986254296,0.5919243986254296,1.7637284793394947,4656,0.8822987153358066,48,136250,1.0,0.0008690058672960681,1.0,1.0,0.010493819553827503,4656,0.005681412736165155,4136.779344830044,4340.504843507999
13650.0,1.0,0.0008681586901961323,0.5979381443298969,0.5979381443298969,1.7613725170646746,4656,0.8811203343761745,48,136500,1.0,0.0008682062292529136,1.0,1.0,0.010496746223816756,4656,0.005682476197731044,4143.116277976045,4347.217759940999
13675.0,1.0,0.0008673193093222851,0.5966494845360825,0.5966494845360825,1.7455394784199822,4656,0.8732034086771437,48,136750,1.0,0.00086736646432852,1.0,1.0,0.010489051489485908,4656,0.0056782089353017385,4150.893450627038,4355.366213092999
13700.0,1.0,0.0008665153763138552,0.5968642611683849,0.5968642611683849,1.7431634070537345,4656,0.8720149535084099,48,137000,1.0,0.0008665581851480753,1.0,1.0,0.010489066134613404,4656,0.00567781208307063,4158.494798971038,4363.342688714998
13725.0,1.0,0.000865702334906637,0.5992268041237113,0.5992268041237113,1.7309004793462066,4656,0.8658831029413492,48,137250,1.0,0.0008657426474123067,1.0,1.0,0.010487534336208068,4656,0.005676638424601342,4165.954885109037,4371.180584099999
13750.0,1.0,0.0008649056540526885,0.601159793814433,0.601159793814433,1.7252950242294889,4656,0.863079962451843,48,137500,1.0,0.0008649478612077195,1.0,1.0,0.010476195115813684,4656,0.005670571450105647,4173.77142574103,4379.376526571999
13775.0,1.0,0.0008641022267108111,0.6037371134020618,0.6037371134020618,1.7166436709898854,4656,0.8587538794553566,48,137750,1.0,0.0008641452787770438,1.0,1.0,0.010478150393954668,4656,0.005671147730751955,4181.507422716029,4387.486646304998
13800.0,1.0,0.0008633059171057239,0.603307560137457,0.603307560137457,1.7102353204156935,4656,0.8555493305638894,48,138000,1.0,0.000863343630869364,1.0,1.0,0.010474790002881866,4656,0.0056690668424789845,4186.947651164028,4393.289397207998
13825.0,1.0,0.0008625179541991748,0.604381443298969,0.604381443298969,1.7130997910122692,4656,0.8569811529310298,48,138250,1.0,0.00086255744099617,1.0,1.0,0.010481782385573764,4656,0.005672169970892549,4192.38624310703,4399.090613365999
13850.0,1.0,0.0008617235136400793,0.6069587628865979,0.6069587628865979,1.696853323081105,4656,0.8488575125887632,48,138500,1.0,0.0008617560043162906,1.0,1.0,0.010466550224015802,4656,0.00566415309496352,4197.824834410032,4404.891827313
13875.0,1.0,0.0008609312493674125,0.6099656357388317,0.6099656357388317,1.6986542534582394,4656,0.849757604172959,48,138750,1.0,0.0008609649498028444,1.0,1.0,0.010468430637903639,4656,0.005664697781051557,4204.975832356031,4412.413758639999
13900.0,1.0,0.0008601360279055396,0.6112542955326461,0.6112542955326461,1.6913762043431861,4656,0.8461181666842851,48,139000,1.0,0.0008601680577210954,1.0,1.0,0.01046368141764218,4656,0.005661924782487535,4212.172838483028,4419.9812852199975
13925.0,1.0,0.000859340620819236,0.6116838487972509,0.6116838487972509,1.6828818829198884,4656,0.8418705995959515,48,139250,1.0,0.0008593717033101112,1.0,1.0,0.010458179765550541,4656,0.005658775721628641,4219.6937426260265,4427.878258731998
13950.0,1.0,0.0008585534260137794,0.6125429553264605,0.6125429553264605,1.6707775732086287,4656,0.8358180711359503,48,139500,1.0,0.0008585838748212532,1.0,1.0,0.010460286922880873,4656,0.005659435418053591,4227.310922890028,4435.870550937998
13975.0,1.0,0.0008577766773831803,0.6123281786941581,0.6123281786941581,1.6642285900836957,4656,0.8325431797512618,48,139750,1.0,0.0008578022999554565,1.0,1.0,0.010448479980127918,4656,0.005653141136841266,4235.288761657037,4444.218651218998
14000.0,1.0,0.0008570025658996654,0.6136168384879725,0.6136168384879725,1.660791770699098,4656,0.8308243833456662,48,140000,1.0,0.0008570261914091012,1.0,1.0,0.010448858090692369,4656,0.005652942096244838,4243.539995209037,4452.8401023749975
14025.0,1.0,0.0008562149678411353,0.6136168384879725,0.6136168384879725,1.6515562050940655,4656,0.826206200720928,48,140250,1.0,0.0008562381196882307,1.0,1.0,0.01045042706519058,4656,0.0056533325476335085,4251.900944013043,4461.583497432999
14050.0,1.0,0.0008554427894120364,0.6166237113402062,0.6166237113402062,1.6427235816352557,4656,0.8217895153871516,48,140500,1.0,0.000855464699495699,1.0,1.0,0.010442773091424372,4656,0.005649118898660457,4260.2725986530495,4470.326324186
14075.0,1.0,0.0008546824461406039,0.6161941580756014,0.6161941580756014,1.6446635583831681,4656,0.8227591301567366,48,140750,1.0,0.0008547035369164345,1.0,1.0,0.010449430377212996,4656,0.005652066973066821,4268.647623928049,4479.073350618
14100.0,1.0,0.0008539101140912866,0.6172680412371134,0.6172680412371134,1.6372530566867685,4656,0.819053472931852,48,141000,1.0,0.0008539288237537305,1.0,1.0,0.010438374739741952,4656,0.005646151724140259,4276.6598629280525,4487.456872430001
14125.0,1.0,0.0008531413473112067,0.6200601374570447,0.6200601374570447,1.6257447967004939,4656,0.8132989824432688,48,141250,1.0,0.0008531589432270666,1.0,1.0,0.01043329134429853,4656,0.005643225156564483,4283.885892506052,4495.056180489999
14150.0,1.0,0.0008523749744461984,0.6176975945017182,0.6176975945017182,1.617574423039492,4656,0.8092133826816205,48,141500,1.0,0.0008523924295435247,1.0,1.0,0.010429418783417273,4656,0.0056409056960921924,4291.728309830054,4503.27385935
14175.0,1.0,0.0008516071613916417,0.6176975945017182,0.6176975945017182,1.6117902015083025,4656,0.8063209114205796,48,141750,1.0,0.0008516254101934302,1.0,1.0,0.010425824377544966,4656,0.005638724801056983,4299.658629068057,4511.580340828998
14200.0,1.0,0.0008508365767723097,0.6204896907216495,0.6204896907216495,1.6011893937677861,4656,0.8010200946191742,48,142000,1.0,0.0008508528541146275,1.0,1.0,0.010424516455004714,4656,0.005637684792177784,4307.269359887057,4519.5665617569975
14225.0,1.0,0.0008500939254293737,0.6222079037800687,0.6222079037800687,1.5919299830276121,4656,0.7963900287536412,48,142250,1.0,0.0008501038275326241,1.0,1.0,0.010424157290933878,4656,0.00563713047922272,4314.981342586063,4527.650278596
14250.0,1.0,0.0008493392405026557,0.6243556701030928,0.6243556701030928,1.586433528624859,4656,0.7936414410568184,48,142500,1.0,0.0008493464414503976,1.0,1.0,0.010418934510745543,4656,0.005634140466496707,4322.691293240066,4535.731897336998
14275.0,1.0,0.0008485793836952484,0.6269329896907216,0.6269329896907216,1.5817139615717621,4656,0.7912812577080481,48,142750,1.0,0.0008485913340680787,1.0,1.0,0.0104180804847442,4656,0.0056333358549989785,4331.0662294400645,4544.4788016210005
14300.0,1.0,0.0008478207110436921,0.6284364261168385,0.6284364261168385,1.574426185634128,4656,0.7876369961348596,48,143000,1.0,0.0008478299154551168,1.0,1.0,0.010416113531466611,4656,0.005631971758665498,4339.434623063069,4553.219066848
14325.0,1.0,0.0008470696233904239,0.6292955326460481,0.6292955326460481,1.5756528533201446,4656,0.7882499760368845,48,143250,1.0,0.0008470760178320186,1.0,1.0,0.010414442143489406,4656,0.005630759029453972,4347.905562323071,4562.068034841999
14350.0,1.0,0.0008463138439196491,0.6323024054982818,0.6323024054982818,1.5667978135990523,4656,0.7838220694630417,48,143500,1.0,0.0008463179468596514,1.0,1.0,0.010423985236289166,4656,0.00563515159477483,4353.636611449074,4568.169614626
14375.0,1.0,0.0008455681713790828,0.6333762886597938,0.6333762886597938,1.5552637421388398,4656,0.7780546470196387,48,143750,1.0,0.0008455730744243897,1.0,1.0,0.010420237415025324,4656,0.005632905206319802,4359.36912868408,4574.272728652999
14400.0,1.0,0.0008448117198198522,0.6372422680412371,0.6372422680412371,1.5437808741408934,4656,0.7723128525252195,48,144000,1.0,0.0008448185175145205,1.0,1.0,0.010396691941723381,4656,0.005620755127205472,4365.103723793083,4580.377840843001
14425.0,1.0,0.0008440731906194458,0.6372422680412371,0.6372422680412371,1.54354711578474,4656,0.7721955997427714,48,144250,1.0,0.0008440786569388871,1.0,1.0,0.010400875122686433,4656,0.005622476800200865,4370.837129752083,4586.481956561998
14450.0,1.0,0.0008433147547990596,0.6396048109965635,0.6396048109965635,1.5252694198765706,4656,0.76305636507539,48,144500,1.0,0.0008433138074743789,1.0,1.0,0.01043519490363262,4656,0.0056392543299501295,4376.571483808075,4592.587094770999
14475.0,1.0,0.0008425865053516073,0.6396048109965635,0.6396048109965635,1.5277901613425553,4656,0.7643163753129363,48,144750,1.0,0.000842585314794914,1.0,1.0,0.010398407879563951,4656,0.005620496635584487,4382.305510130067,4598.691820253
14500.0,1.0,0.0008418517526482389,0.6415378006872853,0.6415378006872853,1.5073845722421337,4656,0.7541132071583542,48,145000,1.0,0.0008418506196991275,1.0,1.0,0.010407127055925192,4656,0.005624488764202472,4388.0379104370695,4604.7945807569995
14525.0,1.0,0.0008411115848321686,0.6436855670103093,0.6436855670103093,1.5084170311996616,4656,0.7546290695872094,48,145250,1.0,0.0008411061825211515,1.0,1.0,0.010387838910945092,4656,0.005614472572336492,4393.770428185064,4610.910647666999
14550.0,1.0,0.0008403862413671828,0.6404639175257731,0.6404639175257731,1.4972886809778376,4656,0.7490645339808513,48,145500,1.0,0.0008403767105127938,1.0,1.0,0.010388334182529515,4656,0.005614355462523261,4399.502554553059,4617.013414589997
14575.0,1.0,0.0008396489283268395,0.645618556701031,0.645618556701031,1.5015112624545277,4656,0.751175451114825,48,145750,1.0,0.0008396407544510471,1.0,1.0,0.010398404909573061,4656,0.005619022854415002,4405.881603960053,4623.7677807189975
14600.0,1.0,0.0008389163263065299,0.6479810996563574,0.6479810996563574,1.4821265571305842,4656,0.7414827445118698,48,146000,1.0,0.0008389052272457437,1.0,1.0,0.010376740567053306,4656,0.005607823018765531,4413.777473569058,4632.039832642
14625.0,1.0,0.0008381849660496531,0.6426116838487973,0.6426116838487973,1.5079152739744415,4656,0.7543767424383524,48,146250,1.0,0.0008381700136817198,1.0,1.0,0.010437842292064653,4656,0.0056380061656748715,4421.6079724990595,4640.249717471001
14650.0,1.0,0.0008374563453533396,0.6516323024054983,0.6516323024054983,1.47806522854415,4656,0.7394513461188352,48,146500,1.0,0.0008374414569938305,1.0,1.0,0.010413921575775672,4656,0.005625681522785593,4429.7496621890605,4648.772043681998
14675.0,1.0,0.0008367219895022022,0.6512027491408935,0.6512027491408935,1.474498670125745,4656,0.7376676933052614,48,146750,1.0,0.0008367062178264369,1.0,1.0,0.01037718176432082,4656,0.005606944003875313,4437.277201916058,4656.674591200997
14700.0,1.0,0.0008359855597781152,0.6537800687285223,0.6537800687285223,1.458741243762249,4656,0.7297886130736047,48,147000,1.0,0.0008359686359507111,1.0,1.0,0.01036267223227065,4656,0.005599320549325845,4444.491717644058,4664.259628641001
14725.0,1.0,0.0008352645816876716,0.6548539518900344,0.6548539518900344,1.4493268199802674,4656,0.7250810406871677,48,147250,1.0,0.0008352452383418264,1.0,1.0,0.01035844009766464,4656,0.0055968426039948085,4451.7386000790575,4671.878114351999
14750.0,1.0,0.0008345631453691889,0.6585051546391752,0.6585051546391752,1.4506655951955474,4656,0.7257500874627497,48,147500,1.0,0.0008345443204915811,1.0,1.0,0.01036491017161366,4656,0.005599727233250936,4459.3411017250655,4679.855220533998
14775.0,1.0,0.0008338169415587003,0.6576460481099656,0.6576460481099656,1.4318034640702186,4656,0.7163186351867885,48,147750,1.0,0.0008337941801629935,1.0,1.0,0.010367205462504909,4656,0.0056004997381229995,4467.140000271065,4688.033496983
14800.0,1.0,0.0008330912652499078,0.6610824742268041,0.6610824742268041,1.4217124624350637,4656,0.7112727738737651,48,148000,1.0,0.0008330710001827515,1.0,1.0,0.010368379223387675,4656,0.005600725252603747,4474.5468326310765,4695.815354237999
14825.0,1.0,0.0008323810853806558,0.6606529209621993,0.6606529209621993,1.4169692993164062,4656,0.7089008318189903,48,148250,1.0,0.0008323570246139343,1.0,1.0,0.0103610112904683,4656,0.005596684119136063,4479.986674431082,4701.617934792997
14850.0,1.0,0.0008316857554658581,0.6649484536082474,0.6649484536082474,1.412614540545801,4656,0.7067230984927043,48,148500,1.0,0.0008316623347833804,1.0,1.0,0.010400099135756083,4656,0.00561588075767268,4485.425812744081,4707.4196076089975
14875.0,1.0,0.0008309943620691594,0.664733676975945,0.664733676975945,1.4097605833073252,4656,0.7052958052592588,48,148750,1.0,0.000830968297838755,1.0,1.0,0.010351650903315069,4656,0.005591309613378597,4490.964627216086,4713.329788037998
14900.0,1.0,0.0008302441577321475,0.6640893470790378,0.6640893470790378,1.4081824391158586,4656,0.7045063333413035,48,149000,1.0,0.0008302177990629911,1.0,1.0,0.010363153780448888,4656,0.005596685808958467,4499.334281295087,4722.071100097997
14925.0,1.0,0.0008295233204602375,0.6679553264604811,0.6679553264604811,1.4019348695106113,4656,0.7013821880432338,48,149250,1.0,0.0008294965457363227,1.0,1.0,0.010342820813156076,4656,0.005586158727452517,4506.8753279030825,4729.983472108997
14950.0,1.0,0.000828823759588589,0.6696735395189003,0.6696735395189003,1.3788307425902062,4656,0.6898297837509733,48,149500,1.0,0.0008287903855961213,1.0,1.0,0.010348371418890674,4656,0.0055885808574375005,4512.315220321085,4735.786034192999
14975.0,1.0,0.0008280879955521154,0.6716065292096219,0.6716065292096219,1.376656116079219,4656,0.6887420837821829,48,149750,1.0,0.0008280568234494462,1.0,1.0,0.010421874904140984,4656,0.0056249658573943725,4517.75235352209,4741.585713092998
15000.0,0.9997852233676976,0.0015866800477004953,0.17525773195876287,0.17525773195876287,3.1453850605233837,4656,1.5734858562036889,48,150000,1.0,0.0012983620371605521,0.3127147766323024,0.3127147766323024,2.711812232368181,4656,1.3565553226012135,4523.192721743097,4747.3885663759975
