W1001 21:55:31.801000 1797926 .venv/lib/python3.14/site-packages/torch/_inductor/utils.py:1806] [1/0] Not enough SMs to use max_autotune_gemm mode
2026-10-01T16:56:10+00:00 All 13 new CPU/CUDA tests passed before training; Lean axiom audits passed
2026-10-01T16:56:10+00:00 screen 1/18 START softmax amsgradw lr=0.0003
2026-10-01T16:56:11+00:00 check softmax amsgradw seed=0 step=0 val=4.208107879323335 best=4.208107879323335 bad=0/8 FX=3 CUDA_nodes=1
2026-10-01T16:56:24+00:00 check softmax amsgradw seed=0 step=250 val=1.9527212289663463 best=1.9527212289663463 bad=0/8 FX=4 CUDA_nodes=4
2026-10-01T16:56:24+00:00 screen 1/18 END softmax amsgradw val=1.9527212289663463 status=ok
2026-10-01T16:56:24+00:00 screen 2/18 START softmax amsgradw lr=0.001
2026-10-01T16:56:25+00:00 check softmax amsgradw seed=0 step=0 val=4.208107879323335 best=4.208107879323335 bad=0/8 FX=3 CUDA_nodes=1
2026-10-01T16:56:37+00:00 check softmax amsgradw seed=0 step=250 val=2.0512246833739955 best=2.0512246833739955 bad=0/8 FX=4 CUDA_nodes=4
2026-10-01T16:56:37+00:00 screen 2/18 END softmax amsgradw val=2.0512246833739955 status=ok
2026-10-01T16:56:37+00:00 screen 3/18 START softmax amsgradw lr=0.003
2026-10-01T16:56:38+00:00 check softmax amsgradw seed=0 step=0 val=4.208107879323335 best=4.208107879323335 bad=0/8 FX=3 CUDA_nodes=1
2026-10-01T16:56:49+00:00 check softmax amsgradw seed=0 step=250 val=2.096991380238232 best=2.096991380238232 bad=0/8 FX=4 CUDA_nodes=4
2026-10-01T16:56:49+00:00 screen 3/18 END softmax amsgradw val=2.096991380238232 status=ok
2026-10-01T16:56:49+00:00 screen 4/18 START softmax amsgradmd lr=0.0003
2026-10-01T16:56:50+00:00 check softmax amsgradmd seed=0 step=0 val=4.208107879323335 best=4.208107879323335 bad=0/8 FX=3 CUDA_nodes=1
2026-10-01T16:57:10+00:00 check softmax amsgradmd seed=0 step=250 val=1.9500297958076205 best=1.9500297958076205 bad=0/8 FX=4 CUDA_nodes=4
2026-10-01T16:57:10+00:00 screen 4/18 END softmax amsgradmd val=1.9500297958076205 status=ok
2026-10-01T16:57:10+00:00 screen 5/18 START softmax amsgradmd lr=0.001
2026-10-01T16:57:11+00:00 check softmax amsgradmd seed=0 step=0 val=4.208107879323335 best=4.208107879323335 bad=0/8 FX=3 CUDA_nodes=1
2026-10-01T16:57:29+00:00 check softmax amsgradmd seed=0 step=250 val=1.9951422742806402 best=1.9951422742806402 bad=0/8 FX=4 CUDA_nodes=4
2026-10-01T16:57:30+00:00 screen 5/18 END softmax amsgradmd val=1.9951422742806402 status=ok
2026-10-01T16:57:30+00:00 screen 6/18 START softmax amsgradmd lr=0.003
2026-10-01T16:57:31+00:00 check softmax amsgradmd seed=0 step=0 val=4.208107879323335 best=4.208107879323335 bad=0/8 FX=3 CUDA_nodes=1
2026-10-01T16:57:50+00:00 check softmax amsgradmd seed=0 step=250 val=2.1005026886301663 best=2.1005026886301663 bad=0/8 FX=4 CUDA_nodes=4
2026-10-01T16:57:51+00:00 screen 6/18 END softmax amsgradmd val=2.1005026886301663 status=ok
2026-10-01T16:57:51+00:00 screen 7/18 START softmax amsgradmd_guarded lr=0.1
2026-10-01T16:57:52+00:00 check softmax amsgradmd_guarded seed=0 step=0 val=4.208107879323335 best=4.208107879323335 bad=0/8 FX=3 CUDA_nodes=1
2026-10-01T16:58:22+00:00 check softmax amsgradmd_guarded seed=0 step=250 val=2.059286929983496 best=2.059286929983496 bad=0/8 FX=4 CUDA_nodes=4
2026-10-01T16:58:22+00:00 screen 7/18 END softmax amsgradmd_guarded val=2.059286929983496 status=ok
2026-10-01T16:58:22+00:00 screen 8/18 START softmax amsgradmd_guarded lr=0.3
2026-10-01T16:58:23+00:00 check softmax amsgradmd_guarded seed=0 step=0 val=4.208107879323335 best=4.208107879323335 bad=0/8 FX=3 CUDA_nodes=1
2026-10-01T16:58:49+00:00 check softmax amsgradmd_guarded seed=0 step=250 val=2.356422608262773 best=2.356422608262773 bad=0/8 FX=4 CUDA_nodes=4
2026-10-01T16:58:51+00:00 screen 8/18 END softmax amsgradmd_guarded val=2.356422608262773 status=ok
2026-10-01T16:58:51+00:00 screen 9/18 START softmax amsgradmd_guarded lr=1
2026-10-01T16:58:52+00:00 check softmax amsgradmd_guarded seed=0 step=0 val=4.208107879323335 best=4.208107879323335 bad=0/8 FX=3 CUDA_nodes=1
2026-10-01T16:59:18+00:00 check softmax amsgradmd_guarded seed=0 step=250 val=15.570429104477611 best=4.208107879323335 bad=1/8 FX=4 CUDA_nodes=4
2026-10-01T16:59:19+00:00 screen 9/18 END softmax amsgradmd_guarded val=4.208107879323335 status=ok
2026-10-01T16:59:19+00:00 screen 10/18 START sparsemax amsgradw lr=0.0003
2026-10-01T16:59:21+00:00 check sparsemax amsgradw seed=0 step=0 val=4.200711623672503 best=4.200711623672503 bad=0/8 FX=3 CUDA_nodes=1
2026-10-01T16:59:32+00:00 check sparsemax amsgradw seed=0 step=250 val=1.9732352080492968 best=1.9732352080492968 bad=0/8 FX=4 CUDA_nodes=4
2026-10-01T16:59:34+00:00 screen 10/18 END sparsemax amsgradw val=1.9732352080492968 status=ok
2026-10-01T16:59:34+00:00 screen 11/18 START sparsemax amsgradw lr=0.001
2026-10-01T16:59:35+00:00 check sparsemax amsgradw seed=0 step=0 val=4.200711623672503 best=4.200711623672503 bad=0/8 FX=3 CUDA_nodes=1
2026-10-01T16:59:47+00:00 check sparsemax amsgradw seed=0 step=250 val=2.0126668621286594 best=2.0126668621286594 bad=0/8 FX=4 CUDA_nodes=4
2026-10-01T16:59:48+00:00 screen 11/18 END sparsemax amsgradw val=2.0126668621286594 status=ok
2026-10-01T16:59:48+00:00 screen 12/18 START sparsemax amsgradw lr=0.003
2026-10-01T16:59:49+00:00 check sparsemax amsgradw seed=0 step=0 val=4.200711623672503 best=4.200711623672503 bad=0/8 FX=3 CUDA_nodes=1
2026-10-01T17:00:01+00:00 check sparsemax amsgradw seed=0 step=250 val=2.1175464231576493 best=2.1175464231576493 bad=0/8 FX=4 CUDA_nodes=4
2026-10-01T17:00:01+00:00 screen 12/18 END sparsemax amsgradw val=2.1175464231576493 status=ok
2026-10-01T17:00:01+00:00 screen 13/18 START sparsemax amsgradmd lr=0.0003
2026-10-01T17:00:03+00:00 check sparsemax amsgradmd seed=0 step=0 val=4.200711623672503 best=4.200711623672503 bad=0/8 FX=3 CUDA_nodes=1
2026-10-01T17:00:25+00:00 check sparsemax amsgradmd seed=0 step=250 val=1.9600830078125 best=1.9600830078125 bad=0/8 FX=4 CUDA_nodes=4
2026-10-01T17:00:26+00:00 screen 13/18 END sparsemax amsgradmd val=1.9600830078125 status=ok
2026-10-01T17:00:26+00:00 screen 14/18 START sparsemax amsgradmd lr=0.001
2026-10-01T17:00:27+00:00 check sparsemax amsgradmd seed=0 step=0 val=4.200711623672503 best=4.200711623672503 bad=0/8 FX=3 CUDA_nodes=1
2026-10-01T17:00:46+00:00 check sparsemax amsgradmd seed=0 step=250 val=2.0280042751237803 best=2.0280042751237803 bad=0/8 FX=4 CUDA_nodes=4
2026-10-01T17:00:47+00:00 screen 14/18 END sparsemax amsgradmd val=2.0280042751237803 status=ok
2026-10-01T17:00:47+00:00 screen 15/18 START sparsemax amsgradmd lr=0.003
2026-10-01T17:00:48+00:00 check sparsemax amsgradmd seed=0 step=0 val=4.200711623672503 best=4.200711623672503 bad=0/8 FX=3 CUDA_nodes=1
2026-10-01T17:01:07+00:00 check sparsemax amsgradmd seed=0 step=250 val=2.1410984253910734 best=2.1410984253910734 bad=0/8 FX=4 CUDA_nodes=4
2026-10-01T17:01:09+00:00 screen 15/18 END sparsemax amsgradmd val=2.1410984253910734 status=ok
2026-10-01T17:01:09+00:00 screen 16/18 START sparsemax amsgradmd_guarded lr=0.1
2026-10-01T17:01:10+00:00 check sparsemax amsgradmd_guarded seed=0 step=0 val=4.200711623672503 best=4.200711623672503 bad=0/8 FX=3 CUDA_nodes=1
2026-10-01T17:01:38+00:00 check sparsemax amsgradmd_guarded seed=0 step=250 val=2.0598353354172647 best=2.0598353354172647 bad=0/8 FX=4 CUDA_nodes=4
2026-10-01T17:01:40+00:00 screen 16/18 END sparsemax amsgradmd_guarded val=2.0598353354172647 status=ok
2026-10-01T17:01:40+00:00 screen 17/18 START sparsemax amsgradmd_guarded lr=0.3
2026-10-01T17:01:41+00:00 check sparsemax amsgradmd_guarded seed=0 step=0 val=4.200711623672503 best=4.200711623672503 bad=0/8 FX=3 CUDA_nodes=1
2026-10-01T17:02:09+00:00 check sparsemax amsgradmd_guarded seed=0 step=250 val=2.0847134332843 best=2.0847134332843 bad=0/8 FX=4 CUDA_nodes=4
2026-10-01T17:02:10+00:00 screen 17/18 END sparsemax amsgradmd_guarded val=2.0847134332843 status=ok
2026-10-01T17:02:10+00:00 screen 18/18 START sparsemax amsgradmd_guarded lr=1
2026-10-01T17:02:11+00:00 check sparsemax amsgradmd_guarded seed=0 step=0 val=4.200711623672503 best=4.200711623672503 bad=0/8 FX=3 CUDA_nodes=1
2026-10-01T17:02:38+00:00 check sparsemax amsgradmd_guarded seed=0 step=250 val=40.377018154420206 best=4.200711623672503 bad=1/8 FX=4 CUDA_nodes=4
2026-10-01T17:02:40+00:00 screen 18/18 END sparsemax amsgradmd_guarded val=4.200711623672503 status=ok
2026-10-01T17:02:40+00:00 Validation-only selected rates: {'softmax': {'amsgradw': 0.0003, 'amsgradmd': 0.0003, 'amsgradmd_guarded': 0.1}, 'sparsemax': {'amsgradw': 0.0003, 'amsgradmd': 0.0003, 'amsgradmd_guarded': 0.1}}
2026-10-01T17:02:40+00:00 run 1/18 START sparsemax:amsgradmd:0 lr=0.0003
2026-10-01T17:02:41+00:00 check sparsemax amsgradmd seed=0 step=0 val=4.200711623672503 best=4.200711623672503 bad=0/8 FX=3 CUDA_nodes=1
2026-10-01T17:03:01+00:00 check sparsemax amsgradmd seed=0 step=250 val=1.9600830078125 best=1.9600830078125 bad=0/8 FX=4 CUDA_nodes=4
2026-10-01T17:03:02+00:00 check sparsemax amsgradmd seed=0 step=500 val=1.8373303068491675 best=1.8373303068491675 bad=0/8 FX=4 CUDA_nodes=4
2026-10-01T17:03:03+00:00 check sparsemax amsgradmd seed=0 step=750 val=1.7444172803351032 best=1.7444172803351032 bad=0/8 FX=4 CUDA_nodes=4
2026-10-01T17:03:04+00:00 check sparsemax amsgradmd seed=0 step=1000 val=1.7139410463457951 best=1.7139410463457951 bad=0/8 FX=4 CUDA_nodes=4
2026-10-01T17:03:05+00:00 check sparsemax amsgradmd seed=0 step=1250 val=1.6789454078017365 best=1.6789454078017365 bad=0/8 FX=4 CUDA_nodes=4
2026-10-01T17:03:06+00:00 check sparsemax amsgradmd seed=0 step=1500 val=1.6599932560006458 best=1.6599932560006458 bad=0/8 FX=4 CUDA_nodes=4
2026-10-01T17:03:07+00:00 check sparsemax amsgradmd seed=0 step=1750 val=1.6476399085551807 best=1.6476399085551807 bad=0/8 FX=4 CUDA_nodes=4
2026-10-01T17:03:08+00:00 check sparsemax amsgradmd seed=0 step=2000 val=1.6178438206354047 best=1.6178438206354047 bad=0/8 FX=4 CUDA_nodes=4
2026-10-01T17:03:10+00:00 check sparsemax amsgradmd seed=0 step=2250 val=1.6165453344754592 best=1.6165453344754592 bad=0/8 FX=4 CUDA_nodes=4
2026-10-01T17:03:11+00:00 check sparsemax amsgradmd seed=0 step=2500 val=1.6046944233908582 best=1.6046944233908582 bad=0/8 FX=4 CUDA_nodes=4
2026-10-01T17:03:12+00:00 check sparsemax amsgradmd seed=0 step=2750 val=1.5979844803925085 best=1.5979844803925085 bad=0/8 FX=4 CUDA_nodes=4
2026-10-01T17:03:13+00:00 check sparsemax amsgradmd seed=0 step=3000 val=1.5934947875556114 best=1.5934947875556114 bad=0/8 FX=4 CUDA_nodes=4
2026-10-01T17:03:14+00:00 check sparsemax amsgradmd seed=0 step=3250 val=1.5809687757875288 best=1.5809687757875288 bad=0/8 FX=4 CUDA_nodes=4
2026-10-01T17:03:15+00:00 check sparsemax amsgradmd seed=0 step=3500 val=1.5801489005543197 best=1.5801489005543197 bad=0/8 FX=4 CUDA_nodes=4
2026-10-01T17:03:16+00:00 check sparsemax amsgradmd seed=0 step=3750 val=1.5786561670314294 best=1.5786561670314294 bad=0/8 FX=4 CUDA_nodes=4
2026-10-01T17:03:17+00:00 check sparsemax amsgradmd seed=0 step=4000 val=1.5710453423238375 best=1.5710453423238375 bad=0/8 FX=4 CUDA_nodes=4
2026-10-01T17:03:18+00:00 check sparsemax amsgradmd seed=0 step=4250 val=1.5660725537726032 best=1.5660725537726032 bad=0/8 FX=4 CUDA_nodes=4
2026-10-01T17:03:19+00:00 check sparsemax amsgradmd seed=0 step=4500 val=1.5544827414161166 best=1.5544827414161166 bad=0/8 FX=4 CUDA_nodes=4
2026-10-01T17:03:20+00:00 check sparsemax amsgradmd seed=0 step=4750 val=1.564644709520307 best=1.5544827414161166 bad=1/8 FX=4 CUDA_nodes=4
2026-10-01T17:03:22+00:00 check sparsemax amsgradmd seed=0 step=5000 val=1.5589044616909442 best=1.5544827414161166 bad=2/8 FX=4 CUDA_nodes=4
2026-10-01T17:03:23+00:00 check sparsemax amsgradmd seed=0 step=5250 val=1.551909314231128 best=1.551909314231128 bad=0/8 FX=4 CUDA_nodes=4
2026-10-01T17:03:24+00:00 check sparsemax amsgradmd seed=0 step=5500 val=1.5528686383287889 best=1.551909314231128 bad=1/8 FX=4 CUDA_nodes=4
2026-10-01T17:03:25+00:00 check sparsemax amsgradmd seed=0 step=5750 val=1.544023515983783 best=1.544023515983783 bad=0/8 FX=4 CUDA_nodes=4
2026-10-01T17:03:26+00:00 check sparsemax amsgradmd seed=0 step=6000 val=1.552484768540112 best=1.544023515983783 bad=1/8 FX=4 CUDA_nodes=4
2026-10-01T17:03:27+00:00 check sparsemax amsgradmd seed=0 step=6250 val=1.5433123968498852 best=1.5433123968498852 bad=0/8 FX=4 CUDA_nodes=4
2026-10-01T17:03:28+00:00 check sparsemax amsgradmd seed=0 step=6500 val=1.5433338397405998 best=1.5433123968498852 bad=1/8 FX=4 CUDA_nodes=4
2026-10-01T17:03:29+00:00 check sparsemax amsgradmd seed=0 step=6750 val=1.5409121945859645 best=1.5409121945859645 bad=0/8 FX=4 CUDA_nodes=4
2026-10-01T17:03:30+00:00 check sparsemax amsgradmd seed=0 step=7000 val=1.5486251883610793 best=1.5409121945859645 bad=1/8 FX=4 CUDA_nodes=4
2026-10-01T17:03:31+00:00 check sparsemax amsgradmd seed=0 step=7250 val=1.5429865490007892 best=1.5409121945859645 bad=2/8 FX=4 CUDA_nodes=4
2026-10-01T17:03:32+00:00 check sparsemax amsgradmd seed=0 step=7500 val=1.5390473638418485 best=1.5390473638418485 bad=0/8 FX=4 CUDA_nodes=4
2026-10-01T17:03:34+00:00 check sparsemax amsgradmd seed=0 step=7750 val=1.5356253307530856 best=1.5356253307530856 bad=0/8 FX=4 CUDA_nodes=4
2026-10-01T17:03:35+00:00 check sparsemax amsgradmd seed=0 step=8000 val=1.5287896735523105 best=1.5287896735523105 bad=0/8 FX=4 CUDA_nodes=4
2026-10-01T17:03:36+00:00 check sparsemax amsgradmd seed=0 step=8250 val=1.5384124860971584 best=1.5287896735523105 bad=1/8 FX=4 CUDA_nodes=4
2026-10-01T17:03:37+00:00 check sparsemax amsgradmd seed=0 step=8500 val=1.5283054566410734 best=1.5283054566410734 bad=0/8 FX=4 CUDA_nodes=4
2026-10-01T17:03:38+00:00 check sparsemax amsgradmd seed=0 step=8750 val=1.528709648123565 best=1.5283054566410734 bad=1/8 FX=4 CUDA_nodes=4
2026-10-01T17:03:39+00:00 check sparsemax amsgradmd seed=0 step=9000 val=1.5239225578089122 best=1.5239225578089122 bad=0/8 FX=4 CUDA_nodes=4
2026-10-01T17:03:40+00:00 check sparsemax amsgradmd seed=0 step=9250 val=1.5365934842763347 best=1.5239225578089122 bad=1/8 FX=4 CUDA_nodes=4
2026-10-01T17:03:41+00:00 check sparsemax amsgradmd seed=0 step=9500 val=1.5306584284855769 best=1.5239225578089122 bad=2/8 FX=4 CUDA_nodes=4
2026-10-01T17:03:42+00:00 check sparsemax amsgradmd seed=0 step=9750 val=1.530332300337256 best=1.5239225578089122 bad=3/8 FX=4 CUDA_nodes=4
2026-10-01T17:03:43+00:00 check sparsemax amsgradmd seed=0 step=10000 val=1.5294164226194746 best=1.5239225578089122 bad=4/8 FX=4 CUDA_nodes=4
2026-10-01T17:03:44+00:00 check sparsemax amsgradmd seed=0 step=10250 val=1.521908607877081 best=1.521908607877081 bad=0/8 FX=4 CUDA_nodes=4
2026-10-01T17:03:45+00:00 check sparsemax amsgradmd seed=0 step=10500 val=1.5256386898141503 best=1.521908607877081 bad=1/8 FX=4 CUDA_nodes=4
2026-10-01T17:03:46+00:00 check sparsemax amsgradmd seed=0 step=10750 val=1.517826610262988 best=1.517826610262988 bad=0/8 FX=4 CUDA_nodes=4
2026-10-01T17:03:48+00:00 check sparsemax amsgradmd seed=0 step=11000 val=1.51918900464624 best=1.517826610262988 bad=1/8 FX=4 CUDA_nodes=4
2026-10-01T17:03:49+00:00 check sparsemax amsgradmd seed=0 step=11250 val=1.5122486556849168 best=1.5122486556849168 bad=0/8 FX=4 CUDA_nodes=4
2026-10-01T17:03:50+00:00 check sparsemax amsgradmd seed=0 step=11500 val=1.5235573279186998 best=1.5122486556849168 bad=1/8 FX=4 CUDA_nodes=4
2026-10-01T17:03:51+00:00 check sparsemax amsgradmd seed=0 step=11750 val=1.5236651029707233 best=1.5122486556849168 bad=2/8 FX=4 CUDA_nodes=4
2026-10-01T17:03:52+00:00 check sparsemax amsgradmd seed=0 step=12000 val=1.5181932416493256 best=1.5122486556849168 bad=3/8 FX=4 CUDA_nodes=4
2026-10-01T17:03:53+00:00 check sparsemax amsgradmd seed=0 step=12250 val=1.517799140938935 best=1.5122486556849168 bad=4/8 FX=4 CUDA_nodes=4
2026-10-01T17:03:54+00:00 check sparsemax amsgradmd seed=0 step=12500 val=1.5224575739092996 best=1.5122486556849168 bad=5/8 FX=4 CUDA_nodes=4
2026-10-01T17:03:55+00:00 check sparsemax amsgradmd seed=0 step=12750 val=1.518887682979334 best=1.5122486556849168 bad=6/8 FX=4 CUDA_nodes=4
2026-10-01T17:03:56+00:00 check sparsemax amsgradmd seed=0 step=13000 val=1.5242949353293629 best=1.5122486556849168 bad=7/8 FX=4 CUDA_nodes=4
2026-10-01T17:03:57+00:00 check sparsemax amsgradmd seed=0 step=13250 val=1.5213316119223594 best=1.5122486556849168 bad=8/8 FX=4 CUDA_nodes=4
2026-10-01T17:03:58+00:00 run 1/18 END sparsemax:amsgradmd:0: ok stop=patience updates=13250 best=11250 test=1.6535570251955367
2026-10-01T17:03:58+00:00 run 2/18 START sparsemax:amsgradmd:1 lr=0.0003
2026-10-01T17:03:59+00:00 check sparsemax amsgradmd seed=1 step=0 val=4.17812399092279 best=4.17812399092279 bad=0/8 FX=3 CUDA_nodes=1
2026-10-01T17:04:05+00:00 check sparsemax amsgradmd seed=1 step=250 val=1.973700644912457 best=1.973700644912457 bad=0/8 FX=4 CUDA_nodes=4
2026-10-01T17:04:06+00:00 check sparsemax amsgradmd seed=1 step=500 val=1.8396981345525976 best=1.8396981345525976 bad=0/8 FX=4 CUDA_nodes=4
2026-10-01T17:04:07+00:00 check sparsemax amsgradmd seed=1 step=750 val=1.7690112949375718 best=1.7690112949375718 bad=0/8 FX=4 CUDA_nodes=4
2026-10-01T17:04:08+00:00 check sparsemax amsgradmd seed=1 step=1000 val=1.7073210793986797 best=1.7073210793986797 bad=0/8 FX=4 CUDA_nodes=4
2026-10-01T17:04:09+00:00 check sparsemax amsgradmd seed=1 step=1250 val=1.6798160171946757 best=1.6798160171946757 bad=0/8 FX=4 CUDA_nodes=4
2026-10-01T17:04:11+00:00 check sparsemax amsgradmd seed=1 step=1500 val=1.6589683418843284 best=1.6589683418843284 bad=0/8 FX=4 CUDA_nodes=4
2026-10-01T17:04:12+00:00 check sparsemax amsgradmd seed=1 step=1750 val=1.6339669123582807 best=1.6339669123582807 bad=0/8 FX=4 CUDA_nodes=4
2026-10-01T17:04:13+00:00 check sparsemax amsgradmd seed=1 step=2000 val=1.6235532355500144 best=1.6235532355500144 bad=0/8 FX=4 CUDA_nodes=4
2026-10-01T17:04:14+00:00 check sparsemax amsgradmd seed=1 step=2250 val=1.617549086000287 best=1.617549086000287 bad=0/8 FX=4 CUDA_nodes=4
2026-10-01T17:04:15+00:00 check sparsemax amsgradmd seed=1 step=2500 val=1.601933896473163 best=1.601933896473163 bad=0/8 FX=4 CUDA_nodes=4
2026-10-01T17:04:16+00:00 check sparsemax amsgradmd seed=1 step=2750 val=1.596298200254736 best=1.596298200254736 bad=0/8 FX=4 CUDA_nodes=4
2026-10-01T17:04:17+00:00 check sparsemax amsgradmd seed=1 step=3000 val=1.5779611651029708 best=1.5779611651029708 bad=0/8 FX=4 CUDA_nodes=4
2026-10-01T17:04:18+00:00 check sparsemax amsgradmd seed=1 step=3250 val=1.5843532487801377 best=1.5779611651029708 bad=1/8 FX=4 CUDA_nodes=4
2026-10-01T17:04:19+00:00 check sparsemax amsgradmd seed=1 step=3500 val=1.5746599409801951 best=1.5746599409801951 bad=0/8 FX=4 CUDA_nodes=4
2026-10-01T17:04:20+00:00 check sparsemax amsgradmd seed=1 step=3750 val=1.5637983460103329 best=1.5637983460103329 bad=0/8 FX=4 CUDA_nodes=4
2026-10-01T17:04:21+00:00 check sparsemax amsgradmd seed=1 step=4000 val=1.5593900800983065 best=1.5593900800983065 bad=0/8 FX=4 CUDA_nodes=4
2026-10-01T17:04:22+00:00 check sparsemax amsgradmd seed=1 step=4250 val=1.563145248816016 best=1.5593900800983065 bad=1/8 FX=4 CUDA_nodes=4
2026-10-01T17:04:24+00:00 check sparsemax amsgradmd seed=1 step=4500 val=1.5602685378695464 best=1.5593900800983065 bad=2/8 FX=4 CUDA_nodes=4
2026-10-01T17:04:25+00:00 check sparsemax amsgradmd seed=1 step=4750 val=1.5612029153361797 best=1.5593900800983065 bad=3/8 FX=4 CUDA_nodes=4
2026-10-01T17:04:26+00:00 check sparsemax amsgradmd seed=1 step=5000 val=1.5557759018907864 best=1.5557759018907864 bad=0/8 FX=4 CUDA_nodes=4
2026-10-01T17:04:27+00:00 check sparsemax amsgradmd seed=1 step=5250 val=1.5415277316841274 best=1.5415277316841274 bad=0/8 FX=4 CUDA_nodes=4
2026-10-01T17:04:28+00:00 check sparsemax amsgradmd seed=1 step=5500 val=1.5458364913712686 best=1.5415277316841274 bad=1/8 FX=4 CUDA_nodes=4
2026-10-01T17:04:29+00:00 check sparsemax amsgradmd seed=1 step=5750 val=1.5464661835802955 best=1.5415277316841274 bad=2/8 FX=4 CUDA_nodes=4
2026-10-01T17:04:30+00:00 check sparsemax amsgradmd seed=1 step=6000 val=1.5345585119026264 best=1.5345585119026264 bad=0/8 FX=4 CUDA_nodes=4
2026-10-01T17:04:31+00:00 check sparsemax amsgradmd seed=1 step=6250 val=1.5480536582412456 best=1.5345585119026264 bad=1/8 FX=4 CUDA_nodes=4
2026-10-01T17:04:32+00:00 check sparsemax amsgradmd seed=1 step=6500 val=1.5354755108173077 best=1.5345585119026264 bad=2/8 FX=4 CUDA_nodes=4
2026-10-01T17:04:33+00:00 check sparsemax amsgradmd seed=1 step=6750 val=1.5359684170045207 best=1.5345585119026264 bad=3/8 FX=4 CUDA_nodes=4
2026-10-01T17:04:35+00:00 check sparsemax amsgradmd seed=1 step=7000 val=1.5359921022890355 best=1.5345585119026264 bad=4/8 FX=4 CUDA_nodes=4
2026-10-01T17:04:36+00:00 check sparsemax amsgradmd seed=1 step=7250 val=1.5365329396437284 best=1.5345585119026264 bad=5/8 FX=4 CUDA_nodes=4
2026-10-01T17:04:37+00:00 check sparsemax amsgradmd seed=1 step=7500 val=1.5243752410573335 best=1.5243752410573335 bad=0/8 FX=4 CUDA_nodes=4
2026-10-01T17:04:38+00:00 check sparsemax amsgradmd seed=1 step=7750 val=1.5237662909909586 best=1.5237662909909586 bad=0/8 FX=4 CUDA_nodes=4
2026-10-01T17:04:39+00:00 check sparsemax amsgradmd seed=1 step=8000 val=1.5285821119761769 best=1.5237662909909586 bad=1/8 FX=4 CUDA_nodes=4
2026-10-01T17:04:40+00:00 check sparsemax amsgradmd seed=1 step=8250 val=1.519681069935778 best=1.519681069935778 bad=0/8 FX=4 CUDA_nodes=4
2026-10-01T17:04:41+00:00 check sparsemax amsgradmd seed=1 step=8500 val=1.5214182243828933 best=1.519681069935778 bad=1/8 FX=4 CUDA_nodes=4
2026-10-01T17:04:42+00:00 check sparsemax amsgradmd seed=1 step=8750 val=1.5373231031590844 best=1.519681069935778 bad=2/8 FX=4 CUDA_nodes=4
2026-10-01T17:04:43+00:00 check sparsemax amsgradmd seed=1 step=9000 val=1.52734318940155 best=1.519681069935778 bad=3/8 FX=4 CUDA_nodes=4
2026-10-01T17:04:44+00:00 check sparsemax amsgradmd seed=1 step=9250 val=1.5318474577981487 best=1.519681069935778 bad=4/8 FX=4 CUDA_nodes=4
2026-10-01T17:04:45+00:00 check sparsemax amsgradmd seed=1 step=9500 val=1.5218922103724168 best=1.519681069935778 bad=5/8 FX=4 CUDA_nodes=4
2026-10-01T17:04:47+00:00 check sparsemax amsgradmd seed=1 step=9750 val=1.5180997618577785 best=1.5180997618577785 bad=0/8 FX=4 CUDA_nodes=4
2026-10-01T17:04:48+00:00 check sparsemax amsgradmd seed=1 step=10000 val=1.516573812876722 best=1.516573812876722 bad=0/8 FX=4 CUDA_nodes=4
2026-10-01T17:04:49+00:00 check sparsemax amsgradmd seed=1 step=10250 val=1.5270651325703215 best=1.516573812876722 bad=1/8 FX=4 CUDA_nodes=4
2026-10-01T17:04:50+00:00 check sparsemax amsgradmd seed=1 step=10500 val=1.517153331524469 best=1.516573812876722 bad=2/8 FX=4 CUDA_nodes=4
2026-10-01T17:04:51+00:00 check sparsemax amsgradmd seed=1 step=10750 val=1.5157529565962256 best=1.5157529565962256 bad=0/8 FX=4 CUDA_nodes=4
2026-10-01T17:04:52+00:00 check sparsemax amsgradmd seed=1 step=11000 val=1.5227678651514065 best=1.5157529565962256 bad=1/8 FX=4 CUDA_nodes=4
2026-10-01T17:04:53+00:00 check sparsemax amsgradmd seed=1 step=11250 val=1.5172887160501578 best=1.5157529565962256 bad=2/8 FX=4 CUDA_nodes=4
2026-10-01T17:04:54+00:00 check sparsemax amsgradmd seed=1 step=11500 val=1.5203788748564868 best=1.5157529565962256 bad=3/8 FX=4 CUDA_nodes=4
2026-10-01T17:04:55+00:00 check sparsemax amsgradmd seed=1 step=11750 val=1.5174540925929247 best=1.5157529565962256 bad=4/8 FX=4 CUDA_nodes=4
2026-10-01T17:04:56+00:00 check sparsemax amsgradmd seed=1 step=12000 val=1.5218821196003158 best=1.5157529565962256 bad=5/8 FX=4 CUDA_nodes=4
2026-10-01T17:04:58+00:00 check sparsemax amsgradmd seed=1 step=12250 val=1.5182017907756888 best=1.5157529565962256 bad=6/8 FX=4 CUDA_nodes=4
2026-10-01T17:04:59+00:00 check sparsemax amsgradmd seed=1 step=12500 val=1.514794193097015 best=1.514794193097015 bad=0/8 FX=4 CUDA_nodes=4
2026-10-01T17:05:00+00:00 check sparsemax amsgradmd seed=1 step=12750 val=1.5126084197402412 best=1.5126084197402412 bad=0/8 FX=4 CUDA_nodes=4
2026-10-01T17:05:01+00:00 check sparsemax amsgradmd seed=1 step=13000 val=1.5113243689903846 best=1.5113243689903846 bad=0/8 FX=4 CUDA_nodes=4
2026-10-01T17:05:02+00:00 check sparsemax amsgradmd seed=1 step=13250 val=1.5158666179319746 best=1.5113243689903846 bad=1/8 FX=4 CUDA_nodes=4
2026-10-01T17:05:03+00:00 check sparsemax amsgradmd seed=1 step=13500 val=1.508574072994403 best=1.508574072994403 bad=0/8 FX=4 CUDA_nodes=4
2026-10-01T17:05:04+00:00 check sparsemax amsgradmd seed=1 step=13750 val=1.520186309288892 best=1.508574072994403 bad=1/8 FX=4 CUDA_nodes=4
2026-10-01T17:05:05+00:00 check sparsemax amsgradmd seed=1 step=14000 val=1.5116256906572905 best=1.508574072994403 bad=2/8 FX=4 CUDA_nodes=4
2026-10-01T17:05:06+00:00 check sparsemax amsgradmd seed=1 step=14250 val=1.506844907075201 best=1.506844907075201 bad=0/8 FX=4 CUDA_nodes=4
2026-10-01T17:05:08+00:00 check sparsemax amsgradmd seed=1 step=14500 val=1.5132451194298937 best=1.506844907075201 bad=1/8 FX=4 CUDA_nodes=4
2026-10-01T17:05:09+00:00 check sparsemax amsgradmd seed=1 step=14750 val=1.5080932196738663 best=1.506844907075201 bad=2/8 FX=4 CUDA_nodes=4
2026-10-01T17:05:10+00:00 check sparsemax amsgradmd seed=1 step=15000 val=1.4995338623887773 best=1.4995338623887773 bad=0/8 FX=4 CUDA_nodes=4
2026-10-01T17:05:11+00:00 check sparsemax amsgradmd seed=1 step=15250 val=1.5105363077192164 best=1.4995338623887773 bad=1/8 FX=4 CUDA_nodes=4
2026-10-01T17:05:12+00:00 check sparsemax amsgradmd seed=1 step=15500 val=1.5129341274397246 best=1.4995338623887773 bad=2/8 FX=4 CUDA_nodes=4
2026-10-01T17:05:13+00:00 check sparsemax amsgradmd seed=1 step=15750 val=1.5074598835749138 best=1.4995338623887773 bad=3/8 FX=4 CUDA_nodes=4
2026-10-01T17:05:14+00:00 check sparsemax amsgradmd seed=1 step=16000 val=1.510294269338404 best=1.4995338623887773 bad=4/8 FX=4 CUDA_nodes=4
2026-10-01T17:05:15+00:00 check sparsemax amsgradmd seed=1 step=16250 val=1.5077652695805828 best=1.4995338623887773 bad=5/8 FX=4 CUDA_nodes=4
2026-10-01T17:05:17+00:00 check sparsemax amsgradmd seed=1 step=16500 val=1.5142983437679391 best=1.4995338623887773 bad=6/8 FX=4 CUDA_nodes=4
2026-10-01T17:05:18+00:00 check sparsemax amsgradmd seed=1 step=16750 val=1.5011977185885477 best=1.4995338623887773 bad=7/8 FX=4 CUDA_nodes=4
2026-10-01T17:05:19+00:00 check sparsemax amsgradmd seed=1 step=17000 val=1.5052009521204075 best=1.4995338623887773 bad=8/8 FX=4 CUDA_nodes=4
2026-10-01T17:05:20+00:00 run 2/18 END sparsemax:amsgradmd:1: ok stop=patience updates=17000 best=15000 test=1.6544218884543629
2026-10-01T17:05:20+00:00 run 3/18 START sparsemax:amsgradmd:2 lr=0.0003
2026-10-01T17:05:21+00:00 check sparsemax amsgradmd seed=2 step=0 val=4.188594848772962 best=4.188594848772962 bad=0/8 FX=3 CUDA_nodes=1
2026-10-01T17:05:27+00:00 check sparsemax amsgradmd seed=2 step=250 val=1.972271539313648 best=1.972271539313648 bad=0/8 FX=4 CUDA_nodes=4
2026-10-01T17:05:28+00:00 check sparsemax amsgradmd seed=2 step=500 val=1.8234657261319605 best=1.8234657261319605 bad=0/8 FX=4 CUDA_nodes=4
2026-10-01T17:05:29+00:00 check sparsemax amsgradmd seed=2 step=750 val=1.7428198550516647 best=1.7428198550516647 bad=0/8 FX=4 CUDA_nodes=4
2026-10-01T17:05:30+00:00 check sparsemax amsgradmd seed=2 step=1000 val=1.7048883624246556 best=1.7048883624246556 bad=0/8 FX=4 CUDA_nodes=4
2026-10-01T17:05:32+00:00 check sparsemax amsgradmd seed=2 step=1250 val=1.6769821920296355 best=1.6769821920296355 bad=0/8 FX=4 CUDA_nodes=4
2026-10-01T17:05:33+00:00 check sparsemax amsgradmd seed=2 step=1500 val=1.6524760512342136 best=1.6524760512342136 bad=0/8 FX=4 CUDA_nodes=4
2026-10-01T17:05:34+00:00 check sparsemax amsgradmd seed=2 step=1750 val=1.6330499134435994 best=1.6330499134435994 bad=0/8 FX=4 CUDA_nodes=4
2026-10-01T17:05:35+00:00 check sparsemax amsgradmd seed=2 step=2000 val=1.6137794818724884 best=1.6137794818724884 bad=0/8 FX=4 CUDA_nodes=4
2026-10-01T17:05:36+00:00 check sparsemax amsgradmd seed=2 step=2250 val=1.5966234875053817 best=1.5966234875053817 bad=0/8 FX=4 CUDA_nodes=4
2026-10-01T17:05:37+00:00 check sparsemax amsgradmd seed=2 step=2500 val=1.5850052247775546 best=1.5850052247775546 bad=0/8 FX=4 CUDA_nodes=4
2026-10-01T17:05:38+00:00 check sparsemax amsgradmd seed=2 step=2750 val=1.5823799422359357 best=1.5823799422359357 bad=0/8 FX=4 CUDA_nodes=4
2026-10-01T17:05:39+00:00 check sparsemax amsgradmd seed=2 step=3000 val=1.572955581542408 best=1.572955581542408 bad=0/8 FX=4 CUDA_nodes=4
2026-10-01T17:05:40+00:00 check sparsemax amsgradmd seed=2 step=3250 val=1.5590119564437428 best=1.5590119564437428 bad=0/8 FX=4 CUDA_nodes=4
2026-10-01T17:05:42+00:00 check sparsemax amsgradmd seed=2 step=3500 val=1.5628635480948623 best=1.5590119564437428 bad=1/8 FX=4 CUDA_nodes=4
2026-10-01T17:05:43+00:00 check sparsemax amsgradmd seed=2 step=3750 val=1.564766779832807 best=1.5590119564437428 bad=2/8 FX=4 CUDA_nodes=4
2026-10-01T17:05:44+00:00 check sparsemax amsgradmd seed=2 step=4000 val=1.547274986994116 best=1.547274986994116 bad=0/8 FX=4 CUDA_nodes=4
2026-10-01T17:05:45+00:00 check sparsemax amsgradmd seed=2 step=4250 val=1.54899812647998 best=1.547274986994116 bad=1/8 FX=4 CUDA_nodes=4
2026-10-01T17:05:46+00:00 check sparsemax amsgradmd seed=2 step=4500 val=1.5433550023320894 best=1.5433550023320894 bad=0/8 FX=4 CUDA_nodes=4
2026-10-01T17:05:47+00:00 check sparsemax amsgradmd seed=2 step=4750 val=1.5527719350961537 best=1.5433550023320894 bad=1/8 FX=4 CUDA_nodes=4
2026-10-01T17:05:48+00:00 check sparsemax amsgradmd seed=2 step=5000 val=1.5441457264458955 best=1.5433550023320894 bad=2/8 FX=4 CUDA_nodes=4
2026-10-01T17:05:49+00:00 check sparsemax amsgradmd seed=2 step=5250 val=1.538027915560419 best=1.538027915560419 bad=0/8 FX=4 CUDA_nodes=4
2026-10-01T17:05:51+00:00 check sparsemax amsgradmd seed=2 step=5500 val=1.5334174137575345 best=1.5334174137575345 bad=0/8 FX=4 CUDA_nodes=4
2026-10-01T17:05:52+00:00 check sparsemax amsgradmd seed=2 step=5750 val=1.5368048298920063 best=1.5334174137575345 bad=1/8 FX=4 CUDA_nodes=4
2026-10-01T17:05:53+00:00 check sparsemax amsgradmd seed=2 step=6000 val=1.5281362960587686 best=1.5281362960587686 bad=0/8 FX=4 CUDA_nodes=4
2026-10-01T17:05:54+00:00 check sparsemax amsgradmd seed=2 step=6250 val=1.5241828156393513 best=1.5241828156393513 bad=0/8 FX=4 CUDA_nodes=4
2026-10-01T17:05:55+00:00 check sparsemax amsgradmd seed=2 step=6500 val=1.5283706262108927 best=1.5241828156393513 bad=1/8 FX=4 CUDA_nodes=4
2026-10-01T17:05:56+00:00 check sparsemax amsgradmd seed=2 step=6750 val=1.5335258895576205 best=1.5241828156393513 bad=2/8 FX=4 CUDA_nodes=4
2026-10-01T17:05:57+00:00 check sparsemax amsgradmd seed=2 step=7000 val=1.5276096138149398 best=1.5241828156393513 bad=3/8 FX=4 CUDA_nodes=4
2026-10-01T17:05:59+00:00 check sparsemax amsgradmd seed=2 step=7250 val=1.5279866162726032 best=1.5241828156393513 bad=4/8 FX=4 CUDA_nodes=4
2026-10-01T17:06:00+00:00 check sparsemax amsgradmd seed=2 step=7500 val=1.5206276404186998 best=1.5206276404186998 bad=0/8 FX=4 CUDA_nodes=4
2026-10-01T17:06:01+00:00 check sparsemax amsgradmd seed=2 step=7750 val=1.5148649686513347 best=1.5148649686513347 bad=0/8 FX=4 CUDA_nodes=4
2026-10-01T17:06:02+00:00 check sparsemax amsgradmd seed=2 step=8000 val=1.5191812964175517 best=1.5148649686513347 bad=1/8 FX=4 CUDA_nodes=4
2026-10-01T17:06:03+00:00 check sparsemax amsgradmd seed=2 step=8250 val=1.5160553994600316 best=1.5148649686513347 bad=2/8 FX=4 CUDA_nodes=4
2026-10-01T17:06:04+00:00 check sparsemax amsgradmd seed=2 step=8500 val=1.5085224979369978 best=1.5085224979369978 bad=0/8 FX=4 CUDA_nodes=4
2026-10-01T17:06:05+00:00 check sparsemax amsgradmd seed=2 step=8750 val=1.5172106527159874 best=1.5085224979369978 bad=1/8 FX=4 CUDA_nodes=4
2026-10-01T17:06:06+00:00 check sparsemax amsgradmd seed=2 step=9000 val=1.5096417327425373 best=1.5085224979369978 bad=2/8 FX=4 CUDA_nodes=4
2026-10-01T17:06:07+00:00 check sparsemax amsgradmd seed=2 step=9250 val=1.507670808741748 best=1.507670808741748 bad=0/8 FX=4 CUDA_nodes=4
2026-10-01T17:06:09+00:00 check sparsemax amsgradmd seed=2 step=9500 val=1.5118010178225458 best=1.507670808741748 bad=1/8 FX=4 CUDA_nodes=4
2026-10-01T17:06:10+00:00 check sparsemax amsgradmd seed=2 step=9750 val=1.510072132202569 best=1.507670808741748 bad=2/8 FX=4 CUDA_nodes=4
2026-10-01T17:06:11+00:00 check sparsemax amsgradmd seed=2 step=10000 val=1.509438095355554 best=1.507670808741748 bad=3/8 FX=4 CUDA_nodes=4
2026-10-01T17:06:12+00:00 check sparsemax amsgradmd seed=2 step=10250 val=1.5212215944765355 best=1.507670808741748 bad=4/8 FX=4 CUDA_nodes=4
2026-10-01T17:06:13+00:00 check sparsemax amsgradmd seed=2 step=10500 val=1.5097057811154564 best=1.507670808741748 bad=5/8 FX=4 CUDA_nodes=4
2026-10-01T17:06:14+00:00 check sparsemax amsgradmd seed=2 step=10750 val=1.5163815276083525 best=1.507670808741748 bad=6/8 FX=4 CUDA_nodes=4
2026-10-01T17:06:15+00:00 check sparsemax amsgradmd seed=2 step=11000 val=1.5125994501650402 best=1.507670808741748 bad=7/8 FX=4 CUDA_nodes=4
2026-10-01T17:06:16+00:00 check sparsemax amsgradmd seed=2 step=11250 val=1.5171505285322187 best=1.507670808741748 bad=8/8 FX=4 CUDA_nodes=4
2026-10-01T17:06:18+00:00 run 3/18 END sparsemax:amsgradmd:2: ok stop=patience updates=11250 best=9250 test=1.6334260750035878
2026-10-01T17:06:18+00:00 run 4/18 START softmax:amsgradmd:0 lr=0.0003
2026-10-01T17:06:19+00:00 check softmax amsgradmd seed=0 step=0 val=4.208107879323335 best=4.208107879323335 bad=0/8 FX=3 CUDA_nodes=1
2026-10-01T17:06:38+00:00 check softmax amsgradmd seed=0 step=250 val=1.9500297958076205 best=1.9500297958076205 bad=0/8 FX=4 CUDA_nodes=4
2026-10-01T17:06:39+00:00 check softmax amsgradmd seed=0 step=500 val=1.8215717442684414 best=1.8215717442684414 bad=0/8 FX=4 CUDA_nodes=4
2026-10-01T17:06:40+00:00 check softmax amsgradmd seed=0 step=750 val=1.7365735269715126 best=1.7365735269715126 bad=0/8 FX=4 CUDA_nodes=4
2026-10-01T17:06:41+00:00 check softmax amsgradmd seed=0 step=1000 val=1.6972935147728903 best=1.6972935147728903 bad=0/8 FX=4 CUDA_nodes=4
2026-10-01T17:06:42+00:00 check softmax amsgradmd seed=0 step=1250 val=1.6569995201277268 best=1.6569995201277268 bad=0/8 FX=4 CUDA_nodes=4
2026-10-01T17:06:44+00:00 check softmax amsgradmd seed=0 step=1500 val=1.6392750789322619 best=1.6392750789322619 bad=0/8 FX=4 CUDA_nodes=4
2026-10-01T17:06:45+00:00 check softmax amsgradmd seed=0 step=1750 val=1.6149179171749426 best=1.6149179171749426 bad=0/8 FX=4 CUDA_nodes=4
2026-10-01T17:06:46+00:00 check softmax amsgradmd seed=0 step=2000 val=1.5962164930306402 best=1.5962164930306402 bad=0/8 FX=4 CUDA_nodes=4
2026-10-01T17:06:47+00:00 check softmax amsgradmd seed=0 step=2250 val=1.5827021461951063 best=1.5827021461951063 bad=0/8 FX=4 CUDA_nodes=4
2026-10-01T17:06:48+00:00 check softmax amsgradmd seed=0 step=2500 val=1.5788567211269375 best=1.5788567211269375 bad=0/8 FX=4 CUDA_nodes=4
2026-10-01T17:06:49+00:00 check softmax amsgradmd seed=0 step=2750 val=1.5598642062374426 best=1.5598642062374426 bad=0/8 FX=4 CUDA_nodes=4
2026-10-01T17:06:50+00:00 check softmax amsgradmd seed=0 step=3000 val=1.5636792188396957 best=1.5598642062374426 bad=1/8 FX=4 CUDA_nodes=4
2026-10-01T17:06:51+00:00 check softmax amsgradmd seed=0 step=3250 val=1.5562187746663318 best=1.5562187746663318 bad=0/8 FX=4 CUDA_nodes=4
2026-10-01T17:06:52+00:00 check softmax amsgradmd seed=0 step=3500 val=1.549158597786309 best=1.549158597786309 bad=0/8 FX=4 CUDA_nodes=4
2026-10-01T17:06:53+00:00 check softmax amsgradmd seed=0 step=3750 val=1.5466276359339122 best=1.5466276359339122 bad=0/8 FX=4 CUDA_nodes=4
2026-10-01T17:06:54+00:00 check softmax amsgradmd seed=0 step=4000 val=1.5343452041923795 best=1.5343452041923795 bad=0/8 FX=4 CUDA_nodes=4
2026-10-01T17:06:55+00:00 check softmax amsgradmd seed=0 step=4250 val=1.540106334314007 best=1.5343452041923795 bad=1/8 FX=4 CUDA_nodes=4
2026-10-01T17:06:56+00:00 check softmax amsgradmd seed=0 step=4500 val=1.5282296357007032 best=1.5282296357007032 bad=0/8 FX=4 CUDA_nodes=4
2026-10-01T17:06:57+00:00 check softmax amsgradmd seed=0 step=4750 val=1.5340929348898535 best=1.5282296357007032 bad=1/8 FX=4 CUDA_nodes=4
2026-10-01T17:06:59+00:00 check softmax amsgradmd seed=0 step=5000 val=1.5257641237173507 best=1.5257641237173507 bad=0/8 FX=4 CUDA_nodes=4
2026-10-01T17:07:00+00:00 check softmax amsgradmd seed=0 step=5250 val=1.5220487574895953 best=1.5220487574895953 bad=0/8 FX=4 CUDA_nodes=4
2026-10-01T17:07:01+00:00 check softmax amsgradmd seed=0 step=5500 val=1.5266288468265643 best=1.5220487574895953 bad=1/8 FX=4 CUDA_nodes=4
2026-10-01T17:07:02+00:00 check softmax amsgradmd seed=0 step=5750 val=1.5137055109070034 best=1.5137055109070034 bad=0/8 FX=4 CUDA_nodes=4
2026-10-01T17:07:03+00:00 check softmax amsgradmd seed=0 step=6000 val=1.522583288111725 best=1.5137055109070034 bad=1/8 FX=4 CUDA_nodes=4
2026-10-01T17:07:04+00:00 check softmax amsgradmd seed=0 step=6250 val=1.5196395856504736 best=1.5137055109070034 bad=2/8 FX=4 CUDA_nodes=4
2026-10-01T17:07:05+00:00 check softmax amsgradmd seed=0 step=6500 val=1.5090641761893657 best=1.5090641761893657 bad=0/8 FX=4 CUDA_nodes=4
2026-10-01T17:07:06+00:00 check softmax amsgradmd seed=0 step=6750 val=1.5146851566984787 best=1.5090641761893657 bad=1/8 FX=4 CUDA_nodes=4
2026-10-01T17:07:07+00:00 check softmax amsgradmd seed=0 step=7000 val=1.5186284061961826 best=1.5090641761893657 bad=2/8 FX=4 CUDA_nodes=4
2026-10-01T17:07:08+00:00 check softmax amsgradmd seed=0 step=7250 val=1.5136357163999712 best=1.5090641761893657 bad=3/8 FX=4 CUDA_nodes=4
2026-10-01T17:07:09+00:00 check softmax amsgradmd seed=0 step=7500 val=1.5095548399827785 best=1.5090641761893657 bad=4/8 FX=4 CUDA_nodes=4
2026-10-01T17:07:10+00:00 check softmax amsgradmd seed=0 step=7750 val=1.5022672002816446 best=1.5022672002816446 bad=0/8 FX=4 CUDA_nodes=4
2026-10-01T17:07:11+00:00 check softmax amsgradmd seed=0 step=8000 val=1.5056473286362657 best=1.5022672002816446 bad=1/8 FX=4 CUDA_nodes=4
2026-10-01T17:07:13+00:00 check softmax amsgradmd seed=0 step=8250 val=1.513691495945752 best=1.5022672002816446 bad=2/8 FX=4 CUDA_nodes=4
2026-10-01T17:07:14+00:00 check softmax amsgradmd seed=0 step=8500 val=1.502846018181329 best=1.5022672002816446 bad=3/8 FX=4 CUDA_nodes=4
2026-10-01T17:07:15+00:00 check softmax amsgradmd seed=0 step=8750 val=1.4979222819944746 best=1.4979222819944746 bad=0/8 FX=4 CUDA_nodes=4
2026-10-01T17:07:16+00:00 check softmax amsgradmd seed=0 step=9000 val=1.498832413578143 best=1.4979222819944746 bad=1/8 FX=4 CUDA_nodes=4
2026-10-01T17:07:17+00:00 check softmax amsgradmd seed=0 step=9250 val=1.5121661075631458 best=1.4979222819944746 bad=2/8 FX=4 CUDA_nodes=4
2026-10-01T17:07:18+00:00 check softmax amsgradmd seed=0 step=9500 val=1.5030926814993542 best=1.4979222819944746 bad=3/8 FX=4 CUDA_nodes=4
2026-10-01T17:07:19+00:00 check softmax amsgradmd seed=0 step=9750 val=1.507437039188074 best=1.4979222819944746 bad=4/8 FX=4 CUDA_nodes=4
2026-10-01T17:07:20+00:00 check softmax amsgradmd seed=0 step=10000 val=1.5009481121286596 best=1.4979222819944746 bad=5/8 FX=4 CUDA_nodes=4
2026-10-01T17:07:21+00:00 check softmax amsgradmd seed=0 step=10250 val=1.5003777032057262 best=1.4979222819944746 bad=6/8 FX=4 CUDA_nodes=4
2026-10-01T17:07:22+00:00 check softmax amsgradmd seed=0 step=10500 val=1.499595107769446 best=1.4979222819944746 bad=7/8 FX=4 CUDA_nodes=4
2026-10-01T17:07:23+00:00 check softmax amsgradmd seed=0 step=10750 val=1.4984077602522246 best=1.4979222819944746 bad=8/8 FX=4 CUDA_nodes=4
2026-10-01T17:07:24+00:00 run 4/18 END softmax:amsgradmd:0: ok stop=patience updates=10750 best=8750 test=1.621575724517437
2026-10-01T17:07:24+00:00 run 5/18 START softmax:amsgradmd:1 lr=0.0003
2026-10-01T17:07:25+00:00 check softmax amsgradmd seed=1 step=0 val=4.165836513795207 best=4.165836513795207 bad=0/8 FX=3 CUDA_nodes=1
2026-10-01T17:07:28+00:00 check softmax amsgradmd seed=1 step=250 val=1.9274439850028702 best=1.9274439850028702 bad=0/8 FX=4 CUDA_nodes=4
2026-10-01T17:07:29+00:00 check softmax amsgradmd seed=1 step=500 val=1.798587768414538 best=1.798587768414538 bad=0/8 FX=4 CUDA_nodes=4
2026-10-01T17:07:31+00:00 check softmax amsgradmd seed=1 step=750 val=1.7339367521616675 best=1.7339367521616675 bad=0/8 FX=4 CUDA_nodes=4
2026-10-01T17:07:32+00:00 check softmax amsgradmd seed=1 step=1000 val=1.6822127157182836 best=1.6822127157182836 bad=0/8 FX=4 CUDA_nodes=4
2026-10-01T17:07:33+00:00 check softmax amsgradmd seed=1 step=1250 val=1.6560495860541045 best=1.6560495860541045 bad=0/8 FX=4 CUDA_nodes=4
2026-10-01T17:07:34+00:00 check softmax amsgradmd seed=1 step=1500 val=1.6281771917157004 best=1.6281771917157004 bad=0/8 FX=4 CUDA_nodes=4
2026-10-01T17:07:35+00:00 check softmax amsgradmd seed=1 step=1750 val=1.604487282263562 best=1.604487282263562 bad=0/8 FX=4 CUDA_nodes=4
2026-10-01T17:07:36+00:00 check softmax amsgradmd seed=1 step=2000 val=1.5901157803978903 best=1.5901157803978903 bad=0/8 FX=4 CUDA_nodes=4
2026-10-01T17:07:37+00:00 check softmax amsgradmd seed=1 step=2250 val=1.5866131612819316 best=1.5866131612819316 bad=0/8 FX=4 CUDA_nodes=4
2026-10-01T17:07:38+00:00 check softmax amsgradmd seed=1 step=2500 val=1.566660481397101 best=1.566660481397101 bad=0/8 FX=4 CUDA_nodes=4
2026-10-01T17:07:39+00:00 check softmax amsgradmd seed=1 step=2750 val=1.558521012351105 best=1.558521012351105 bad=0/8 FX=4 CUDA_nodes=4
2026-10-01T17:07:40+00:00 check softmax amsgradmd seed=1 step=3000 val=1.5537644746519805 best=1.5537644746519805 bad=0/8 FX=4 CUDA_nodes=4
2026-10-01T17:07:41+00:00 check softmax amsgradmd seed=1 step=3250 val=1.5556196350728329 best=1.5537644746519805 bad=1/8 FX=4 CUDA_nodes=4
2026-10-01T17:07:42+00:00 check softmax amsgradmd seed=1 step=3500 val=1.555658876964337 best=1.5537644746519805 bad=2/8 FX=4 CUDA_nodes=4
2026-10-01T17:07:44+00:00 check softmax amsgradmd seed=1 step=3750 val=1.5443537084708667 best=1.5443537084708667 bad=0/8 FX=4 CUDA_nodes=4
2026-10-01T17:07:45+00:00 check softmax amsgradmd seed=1 step=4000 val=1.5379506931239237 best=1.5379506931239237 bad=0/8 FX=4 CUDA_nodes=4
2026-10-01T17:07:46+00:00 check softmax amsgradmd seed=1 step=4250 val=1.5387697274594576 best=1.5379506931239237 bad=1/8 FX=4 CUDA_nodes=4
2026-10-01T17:07:47+00:00 check softmax amsgradmd seed=1 step=4500 val=1.538813454138562 best=1.5379506931239237 bad=2/8 FX=4 CUDA_nodes=4
2026-10-01T17:07:48+00:00 check softmax amsgradmd seed=1 step=4750 val=1.5441458665955081 best=1.5379506931239237 bad=3/8 FX=4 CUDA_nodes=4
2026-10-01T17:07:49+00:00 check softmax amsgradmd seed=1 step=5000 val=1.532796550974096 best=1.532796550974096 bad=0/8 FX=4 CUDA_nodes=4
2026-10-01T17:07:50+00:00 check softmax amsgradmd seed=1 step=5250 val=1.5355283472212256 best=1.532796550974096 bad=1/8 FX=4 CUDA_nodes=4
2026-10-01T17:07:51+00:00 check softmax amsgradmd seed=1 step=5500 val=1.5235117792946327 best=1.5235117792946327 bad=0/8 FX=4 CUDA_nodes=4
2026-10-01T17:07:52+00:00 check softmax amsgradmd seed=1 step=5750 val=1.5270427086323193 best=1.5235117792946327 bad=1/8 FX=4 CUDA_nodes=4
2026-10-01T17:07:53+00:00 check softmax amsgradmd seed=1 step=6000 val=1.5208842543592136 best=1.5208842543592136 bad=0/8 FX=4 CUDA_nodes=4
2026-10-01T17:07:54+00:00 check softmax amsgradmd seed=1 step=6250 val=1.530884629960175 best=1.5208842543592136 bad=1/8 FX=4 CUDA_nodes=4
2026-10-01T17:07:55+00:00 check softmax amsgradmd seed=1 step=6500 val=1.5285025069962686 best=1.5208842543592136 bad=2/8 FX=4 CUDA_nodes=4
2026-10-01T17:07:56+00:00 check softmax amsgradmd seed=1 step=6750 val=1.5181490945213834 best=1.5181490945213834 bad=0/8 FX=4 CUDA_nodes=4
2026-10-01T17:07:57+00:00 check softmax amsgradmd seed=1 step=7000 val=1.5129467409048507 best=1.5129467409048507 bad=0/8 FX=4 CUDA_nodes=4
2026-10-01T17:07:58+00:00 check softmax amsgradmd seed=1 step=7250 val=1.5147761137970006 best=1.5129467409048507 bad=1/8 FX=4 CUDA_nodes=4
2026-10-01T17:08:00+00:00 check softmax amsgradmd seed=1 step=7500 val=1.507157160411883 best=1.507157160411883 bad=0/8 FX=4 CUDA_nodes=4
2026-10-01T17:08:01+00:00 check softmax amsgradmd seed=1 step=7750 val=1.5129861229459673 best=1.507157160411883 bad=1/8 FX=4 CUDA_nodes=4
2026-10-01T17:08:02+00:00 check softmax amsgradmd seed=1 step=8000 val=1.5115714527572475 best=1.507157160411883 bad=2/8 FX=4 CUDA_nodes=4
2026-10-01T17:08:03+00:00 check softmax amsgradmd seed=1 step=8250 val=1.5020122681364811 best=1.5020122681364811 bad=0/8 FX=4 CUDA_nodes=4
2026-10-01T17:08:04+00:00 check softmax amsgradmd seed=1 step=8500 val=1.5088016759651264 best=1.5020122681364811 bad=1/8 FX=4 CUDA_nodes=4
2026-10-01T17:08:05+00:00 check softmax amsgradmd seed=1 step=8750 val=1.517123900105841 best=1.5020122681364811 bad=2/8 FX=4 CUDA_nodes=4
2026-10-01T17:08:06+00:00 check softmax amsgradmd seed=1 step=9000 val=1.5054708802741101 best=1.5020122681364811 bad=3/8 FX=4 CUDA_nodes=4
2026-10-01T17:08:07+00:00 check softmax amsgradmd seed=1 step=9250 val=1.51828602069281 best=1.5020122681364811 bad=4/8 FX=4 CUDA_nodes=4
2026-10-01T17:08:08+00:00 check softmax amsgradmd seed=1 step=9500 val=1.5015323958632318 best=1.5015323958632318 bad=0/8 FX=4 CUDA_nodes=4
2026-10-01T17:08:09+00:00 check softmax amsgradmd seed=1 step=9750 val=1.5087379078914323 best=1.5015323958632318 bad=1/8 FX=4 CUDA_nodes=4
2026-10-01T17:08:10+00:00 check softmax amsgradmd seed=1 step=10000 val=1.5025451169632607 best=1.5015323958632318 bad=2/8 FX=4 CUDA_nodes=4
2026-10-01T17:08:11+00:00 check softmax amsgradmd seed=1 step=10250 val=1.5079393353993256 best=1.5015323958632318 bad=3/8 FX=4 CUDA_nodes=4
2026-10-01T17:08:12+00:00 check softmax amsgradmd seed=1 step=10500 val=1.5102118613662456 best=1.5015323958632318 bad=4/8 FX=4 CUDA_nodes=4
2026-10-01T17:08:13+00:00 check softmax amsgradmd seed=1 step=10750 val=1.5055112433625144 best=1.5015323958632318 bad=5/8 FX=4 CUDA_nodes=4
2026-10-01T17:08:15+00:00 check softmax amsgradmd seed=1 step=11000 val=1.5065888537331371 best=1.5015323958632318 bad=6/8 FX=4 CUDA_nodes=4
2026-10-01T17:08:16+00:00 check softmax amsgradmd seed=1 step=11250 val=1.5011949155962974 best=1.5011949155962974 bad=0/8 FX=4 CUDA_nodes=4
2026-10-01T17:08:17+00:00 check softmax amsgradmd seed=1 step=11500 val=1.5043771526980483 best=1.5011949155962974 bad=1/8 FX=4 CUDA_nodes=4
2026-10-01T17:08:18+00:00 check softmax amsgradmd seed=1 step=11750 val=1.5028845593247704 best=1.5011949155962974 bad=2/8 FX=4 CUDA_nodes=4
2026-10-01T17:08:19+00:00 check softmax amsgradmd seed=1 step=12000 val=1.5073106242375862 best=1.5011949155962974 bad=3/8 FX=4 CUDA_nodes=4
2026-10-01T17:08:20+00:00 check softmax amsgradmd seed=1 step=12250 val=1.49941529581659 best=1.49941529581659 bad=0/8 FX=4 CUDA_nodes=4
2026-10-01T17:08:21+00:00 check softmax amsgradmd seed=1 step=12500 val=1.504169450972302 best=1.49941529581659 bad=1/8 FX=4 CUDA_nodes=4
2026-10-01T17:08:22+00:00 check softmax amsgradmd seed=1 step=12750 val=1.5100902115025832 best=1.49941529581659 bad=2/8 FX=4 CUDA_nodes=4
2026-10-01T17:08:23+00:00 check softmax amsgradmd seed=1 step=13000 val=1.5023629224669919 best=1.49941529581659 bad=3/8 FX=4 CUDA_nodes=4
2026-10-01T17:08:24+00:00 check softmax amsgradmd seed=1 step=13250 val=1.5112306088996126 best=1.49941529581659 bad=4/8 FX=4 CUDA_nodes=4
2026-10-01T17:08:25+00:00 check softmax amsgradmd seed=1 step=13500 val=1.498007633108496 best=1.498007633108496 bad=0/8 FX=4 CUDA_nodes=4
2026-10-01T17:08:26+00:00 check softmax amsgradmd seed=1 step=13750 val=1.5050724349257318 best=1.498007633108496 bad=1/8 FX=4 CUDA_nodes=4
2026-10-01T17:08:27+00:00 check softmax amsgradmd seed=1 step=14000 val=1.5008540717386625 best=1.498007633108496 bad=2/8 FX=4 CUDA_nodes=4
2026-10-01T17:08:28+00:00 check softmax amsgradmd seed=1 step=14250 val=1.4994332349669919 best=1.498007633108496 bad=3/8 FX=4 CUDA_nodes=4
2026-10-01T17:08:30+00:00 check softmax amsgradmd seed=1 step=14500 val=1.501455033277124 best=1.498007633108496 bad=4/8 FX=4 CUDA_nodes=4
2026-10-01T17:08:31+00:00 check softmax amsgradmd seed=1 step=14750 val=1.5024236072492108 best=1.498007633108496 bad=5/8 FX=4 CUDA_nodes=4
2026-10-01T17:08:32+00:00 check softmax amsgradmd seed=1 step=15000 val=1.4968679364595292 best=1.4968679364595292 bad=0/8 FX=4 CUDA_nodes=4
2026-10-01T17:08:33+00:00 check softmax amsgradmd seed=1 step=15250 val=1.4943146908187428 best=1.4943146908187428 bad=0/8 FX=4 CUDA_nodes=4
2026-10-01T17:08:34+00:00 check softmax amsgradmd seed=1 step=15500 val=1.5038772390302095 best=1.4943146908187428 bad=1/8 FX=4 CUDA_nodes=4
2026-10-01T17:08:35+00:00 check softmax amsgradmd seed=1 step=15750 val=1.505800792461969 best=1.4943146908187428 bad=2/8 FX=4 CUDA_nodes=4
2026-10-01T17:08:36+00:00 check softmax amsgradmd seed=1 step=16000 val=1.4998937665937142 best=1.4943146908187428 bad=3/8 FX=4 CUDA_nodes=4
2026-10-01T17:08:37+00:00 check softmax amsgradmd seed=1 step=16250 val=1.5026248620927813 best=1.4943146908187428 bad=4/8 FX=4 CUDA_nodes=4
2026-10-01T17:08:38+00:00 check softmax amsgradmd seed=1 step=16500 val=1.510758585004664 best=1.4943146908187428 bad=5/8 FX=4 CUDA_nodes=4
2026-10-01T17:08:39+00:00 check softmax amsgradmd seed=1 step=16750 val=1.4977162620640787 best=1.4943146908187428 bad=6/8 FX=4 CUDA_nodes=4
2026-10-01T17:08:40+00:00 check softmax amsgradmd seed=1 step=17000 val=1.4974646935096154 best=1.4943146908187428 bad=7/8 FX=4 CUDA_nodes=4
2026-10-01T17:08:41+00:00 check softmax amsgradmd seed=1 step=17250 val=1.4992010070590558 best=1.4943146908187428 bad=8/8 FX=4 CUDA_nodes=4
2026-10-01T17:08:42+00:00 run 5/18 END softmax:amsgradmd:1: ok stop=patience updates=17250 best=15250 test=1.6446055292946327
2026-10-01T17:08:42+00:00 run 6/18 START softmax:amsgradmd:2 lr=0.0003
2026-10-01T17:08:43+00:00 check softmax amsgradmd seed=2 step=0 val=4.185370566787457 best=4.185370566787457 bad=0/8 FX=3 CUDA_nodes=1
2026-10-01T17:08:46+00:00 check softmax amsgradmd seed=2 step=250 val=1.9543724717009903 best=1.9543724717009903 bad=0/8 FX=4 CUDA_nodes=4
2026-10-01T17:08:47+00:00 check softmax amsgradmd seed=2 step=500 val=1.8123381271975458 best=1.8123381271975458 bad=0/8 FX=4 CUDA_nodes=4
2026-10-01T17:08:48+00:00 check softmax amsgradmd seed=2 step=750 val=1.7365960910591274 best=1.7365960910591274 bad=0/8 FX=4 CUDA_nodes=4
2026-10-01T17:08:49+00:00 check softmax amsgradmd seed=2 step=1000 val=1.6942273215503014 best=1.6942273215503014 bad=0/8 FX=4 CUDA_nodes=4
2026-10-01T17:08:50+00:00 check softmax amsgradmd seed=2 step=1250 val=1.6529322382229477 best=1.6529322382229477 bad=0/8 FX=4 CUDA_nodes=4
2026-10-01T17:08:51+00:00 check softmax amsgradmd seed=2 step=1500 val=1.6371555963422073 best=1.6371555963422073 bad=0/8 FX=4 CUDA_nodes=4
2026-10-01T17:08:52+00:00 check softmax amsgradmd seed=2 step=1750 val=1.6146051032398105 best=1.6146051032398105 bad=0/8 FX=4 CUDA_nodes=4
2026-10-01T17:08:54+00:00 check softmax amsgradmd seed=2 step=2000 val=1.59523936993219 best=1.59523936993219 bad=0/8 FX=4 CUDA_nodes=4
2026-10-01T17:08:55+00:00 check softmax amsgradmd seed=2 step=2250 val=1.581283271518011 best=1.581283271518011 bad=0/8 FX=4 CUDA_nodes=4
2026-10-01T17:08:56+00:00 check softmax amsgradmd seed=2 step=2500 val=1.5670530404617538 best=1.5670530404617538 bad=0/8 FX=4 CUDA_nodes=4
2026-10-01T17:08:57+00:00 check softmax amsgradmd seed=2 step=2750 val=1.5655771248923651 best=1.5655771248923651 bad=0/8 FX=4 CUDA_nodes=4
2026-10-01T17:08:58+00:00 check softmax amsgradmd seed=2 step=3000 val=1.5515168953160878 best=1.5515168953160878 bad=0/8 FX=4 CUDA_nodes=4
2026-10-01T17:08:59+00:00 check softmax amsgradmd seed=2 step=3250 val=1.5454206674709385 best=1.5454206674709385 bad=0/8 FX=4 CUDA_nodes=4
2026-10-01T17:09:00+00:00 check softmax amsgradmd seed=2 step=3500 val=1.544961397190729 best=1.544961397190729 bad=0/8 FX=4 CUDA_nodes=4
2026-10-01T17:09:01+00:00 check softmax amsgradmd seed=2 step=3750 val=1.5444882520988805 best=1.5444882520988805 bad=0/8 FX=4 CUDA_nodes=4
2026-10-01T17:09:02+00:00 check softmax amsgradmd seed=2 step=4000 val=1.5325357325452067 best=1.5325357325452067 bad=0/8 FX=4 CUDA_nodes=4
2026-10-01T17:09:03+00:00 check softmax amsgradmd seed=2 step=4250 val=1.5371739839713692 best=1.5325357325452067 bad=1/8 FX=4 CUDA_nodes=4
2026-10-01T17:09:04+00:00 check softmax amsgradmd seed=2 step=4500 val=1.533241806293054 best=1.5325357325452067 bad=2/8 FX=4 CUDA_nodes=4
2026-10-01T17:09:06+00:00 check softmax amsgradmd seed=2 step=4750 val=1.529620620604908 best=1.529620620604908 bad=0/8 FX=4 CUDA_nodes=4
2026-10-01T17:09:07+00:00 check softmax amsgradmd seed=2 step=5000 val=1.5295333073963118 best=1.5295333073963118 bad=1/8 FX=4 CUDA_nodes=4
2026-10-01T17:09:08+00:00 check softmax amsgradmd seed=2 step=5250 val=1.5280182900850316 best=1.5280182900850316 bad=0/8 FX=4 CUDA_nodes=4
2026-10-01T17:09:09+00:00 check softmax amsgradmd seed=2 step=5500 val=1.5164836966758755 best=1.5164836966758755 bad=0/8 FX=4 CUDA_nodes=4
2026-10-01T17:09:10+00:00 check softmax amsgradmd seed=2 step=5750 val=1.5241727248672503 best=1.5164836966758755 bad=1/8 FX=4 CUDA_nodes=4
2026-10-01T17:09:11+00:00 check softmax amsgradmd seed=2 step=6000 val=1.5130004182064438 best=1.5130004182064438 bad=0/8 FX=4 CUDA_nodes=4
2026-10-01T17:09:12+00:00 check softmax amsgradmd seed=2 step=6250 val=1.5146129796480339 best=1.5130004182064438 bad=1/8 FX=4 CUDA_nodes=4
2026-10-01T17:09:13+00:00 check softmax amsgradmd seed=2 step=6500 val=1.5090543657164897 best=1.5090543657164897 bad=0/8 FX=4 CUDA_nodes=4
2026-10-01T17:09:14+00:00 check softmax amsgradmd seed=2 step=6750 val=1.512115233253803 best=1.5090543657164897 bad=1/8 FX=4 CUDA_nodes=4
2026-10-01T17:09:15+00:00 check softmax amsgradmd seed=2 step=7000 val=1.5090175063683984 best=1.5090175063683984 bad=2/8 FX=4 CUDA_nodes=4
2026-10-01T17:09:16+00:00 check softmax amsgradmd seed=2 step=7250 val=1.518052531438361 best=1.5090175063683984 bad=3/8 FX=4 CUDA_nodes=4
2026-10-01T17:09:17+00:00 check softmax amsgradmd seed=2 step=7500 val=1.5073431389476895 best=1.5073431389476895 bad=0/8 FX=4 CUDA_nodes=4
2026-10-01T17:09:18+00:00 check softmax amsgradmd seed=2 step=7750 val=1.5029312291457377 best=1.5029312291457377 bad=0/8 FX=4 CUDA_nodes=4
2026-10-01T17:09:20+00:00 check softmax amsgradmd seed=2 step=8000 val=1.5019521439527124 best=1.5019521439527124 bad=0/8 FX=4 CUDA_nodes=4
2026-10-01T17:09:21+00:00 check softmax amsgradmd seed=2 step=8250 val=1.5064969155873278 best=1.5019521439527124 bad=1/8 FX=4 CUDA_nodes=4
2026-10-01T17:09:22+00:00 check softmax amsgradmd seed=2 step=8500 val=1.493154812625574 best=1.493154812625574 bad=0/8 FX=4 CUDA_nodes=4
2026-10-01T17:09:23+00:00 check softmax amsgradmd seed=2 step=8750 val=1.4929042251183984 best=1.4929042251183984 bad=0/8 FX=4 CUDA_nodes=4
2026-10-01T17:09:24+00:00 check softmax amsgradmd seed=2 step=9000 val=1.5019685414573767 best=1.4929042251183984 bad=1/8 FX=4 CUDA_nodes=4
2026-10-01T17:09:25+00:00 check softmax amsgradmd seed=2 step=9250 val=1.4976872510942882 best=1.4929042251183984 bad=2/8 FX=4 CUDA_nodes=4
2026-10-01T17:09:26+00:00 check softmax amsgradmd seed=2 step=9500 val=1.4959540208363231 best=1.4929042251183984 bad=3/8 FX=4 CUDA_nodes=4
2026-10-01T17:09:27+00:00 check softmax amsgradmd seed=2 step=9750 val=1.4937430205492968 best=1.4929042251183984 bad=4/8 FX=4 CUDA_nodes=4
2026-10-01T17:09:28+00:00 check softmax amsgradmd seed=2 step=10000 val=1.493536580170063 best=1.4929042251183984 bad=5/8 FX=4 CUDA_nodes=4
2026-10-01T17:09:29+00:00 check softmax amsgradmd seed=2 step=10250 val=1.5008350113913604 best=1.4929042251183984 bad=6/8 FX=4 CUDA_nodes=4
2026-10-01T17:09:30+00:00 check softmax amsgradmd seed=2 step=10500 val=1.4917484112639925 best=1.4917484112639925 bad=0/8 FX=4 CUDA_nodes=4
2026-10-01T17:09:31+00:00 check softmax amsgradmd seed=2 step=10750 val=1.4948928079703645 best=1.4917484112639925 bad=1/8 FX=4 CUDA_nodes=4
2026-10-01T17:09:32+00:00 check softmax amsgradmd seed=2 step=11000 val=1.4939647372362945 best=1.4917484112639925 bad=2/8 FX=4 CUDA_nodes=4
2026-10-01T17:09:34+00:00 check softmax amsgradmd seed=2 step=11250 val=1.5014162118344576 best=1.4917484112639925 bad=3/8 FX=4 CUDA_nodes=4
2026-10-01T17:09:35+00:00 check softmax amsgradmd seed=2 step=11500 val=1.5001739256691302 best=1.4917484112639925 bad=4/8 FX=4 CUDA_nodes=4
2026-10-01T17:09:36+00:00 check softmax amsgradmd seed=2 step=11750 val=1.495035480275904 best=1.4917484112639925 bad=5/8 FX=4 CUDA_nodes=4
2026-10-01T17:09:37+00:00 check softmax amsgradmd seed=2 step=12000 val=1.496001952003803 best=1.4917484112639925 bad=6/8 FX=4 CUDA_nodes=4
2026-10-01T17:09:38+00:00 check softmax amsgradmd seed=2 step=12250 val=1.4981902480536022 best=1.4917484112639925 bad=7/8 FX=4 CUDA_nodes=4
2026-10-01T17:09:39+00:00 check softmax amsgradmd seed=2 step=12500 val=1.498002727872058 best=1.4917484112639925 bad=8/8 FX=4 CUDA_nodes=4
2026-10-01T17:09:40+00:00 run 6/18 END softmax:amsgradmd:2: ok stop=patience updates=12500 best=10500 test=1.6227267732850172
2026-10-01T17:09:40+00:00 run 7/18 START softmax:amsgradmd_guarded:0 lr=0.1
2026-10-01T17:09:41+00:00 check softmax amsgradmd_guarded seed=0 step=0 val=4.208107879323335 best=4.208107879323335 bad=0/8 FX=3 CUDA_nodes=1
2026-10-01T17:10:06+00:00 check softmax amsgradmd_guarded seed=0 step=250 val=2.059286929983496 best=2.059286929983496 bad=0/8 FX=4 CUDA_nodes=4
2026-10-01T17:10:08+00:00 check softmax amsgradmd_guarded seed=0 step=500 val=1.944574612290112 best=1.944574612290112 bad=0/8 FX=4 CUDA_nodes=4
2026-10-01T17:10:09+00:00 check softmax amsgradmd_guarded seed=0 step=750 val=1.8245391320142077 best=1.8245391320142077 bad=0/8 FX=4 CUDA_nodes=4
2026-10-01T17:10:10+00:00 check softmax amsgradmd_guarded seed=0 step=1000 val=1.7590418924009759 best=1.7590418924009759 bad=0/8 FX=4 CUDA_nodes=4
2026-10-01T17:10:11+00:00 check softmax amsgradmd_guarded seed=0 step=1250 val=1.7239327326707807 best=1.7239327326707807 bad=0/8 FX=4 CUDA_nodes=4
2026-10-01T17:10:12+00:00 check softmax amsgradmd_guarded seed=0 step=1500 val=1.7051498816016073 best=1.7051498816016073 bad=0/8 FX=4 CUDA_nodes=4
2026-10-01T17:10:13+00:00 check softmax amsgradmd_guarded seed=0 step=1750 val=1.6721419850118397 best=1.6721419850118397 bad=0/8 FX=4 CUDA_nodes=4
2026-10-01T17:10:14+00:00 check softmax amsgradmd_guarded seed=0 step=2000 val=1.6378412082466274 best=1.6378412082466274 bad=0/8 FX=4 CUDA_nodes=4
2026-10-01T17:10:15+00:00 check softmax amsgradmd_guarded seed=0 step=2250 val=1.6219541284712256 best=1.6219541284712256 bad=0/8 FX=4 CUDA_nodes=4
2026-10-01T17:10:16+00:00 check softmax amsgradmd_guarded seed=0 step=2500 val=1.614244778586036 best=1.614244778586036 bad=0/8 FX=4 CUDA_nodes=4
2026-10-01T17:10:18+00:00 check softmax amsgradmd_guarded seed=0 step=2750 val=1.6008955279940442 best=1.6008955279940442 bad=0/8 FX=4 CUDA_nodes=4
2026-10-01T17:10:19+00:00 check softmax amsgradmd_guarded seed=0 step=3000 val=1.5940384279025546 best=1.5940384279025546 bad=0/8 FX=4 CUDA_nodes=4
2026-10-01T17:10:20+00:00 check softmax amsgradmd_guarded seed=0 step=3250 val=1.5882903316948909 best=1.5882903316948909 bad=0/8 FX=4 CUDA_nodes=4
2026-10-01T17:10:21+00:00 check softmax amsgradmd_guarded seed=0 step=3500 val=1.580537815729047 best=1.580537815729047 bad=0/8 FX=4 CUDA_nodes=4
2026-10-01T17:10:22+00:00 check softmax amsgradmd_guarded seed=0 step=3750 val=1.5761019403433554 best=1.5761019403433554 bad=0/8 FX=4 CUDA_nodes=4
2026-10-01T17:10:23+00:00 check softmax amsgradmd_guarded seed=0 step=4000 val=1.5641502616873564 best=1.5641502616873564 bad=0/8 FX=4 CUDA_nodes=4
2026-10-01T17:10:24+00:00 check softmax amsgradmd_guarded seed=0 step=4250 val=1.55441883319281 best=1.55441883319281 bad=0/8 FX=4 CUDA_nodes=4
2026-10-01T17:10:25+00:00 check softmax amsgradmd_guarded seed=0 step=4500 val=1.553022382453717 best=1.553022382453717 bad=0/8 FX=4 CUDA_nodes=4
2026-10-01T17:10:26+00:00 check softmax amsgradmd_guarded seed=0 step=4750 val=1.5647485603831803 best=1.553022382453717 bad=1/8 FX=4 CUDA_nodes=4
2026-10-01T17:10:28+00:00 check softmax amsgradmd_guarded seed=0 step=5000 val=1.5519391660985935 best=1.5519391660985935 bad=0/8 FX=4 CUDA_nodes=4
2026-10-01T17:10:29+00:00 check softmax amsgradmd_guarded seed=0 step=5250 val=1.5453636265786452 best=1.5453636265786452 bad=0/8 FX=4 CUDA_nodes=4
2026-10-01T17:10:30+00:00 check softmax amsgradmd_guarded seed=0 step=5500 val=1.544267656608783 best=1.544267656608783 bad=0/8 FX=4 CUDA_nodes=4
2026-10-01T17:10:31+00:00 check softmax amsgradmd_guarded seed=0 step=5750 val=1.531075373582807 best=1.531075373582807 bad=0/8 FX=4 CUDA_nodes=4
2026-10-01T17:10:32+00:00 check softmax amsgradmd_guarded seed=0 step=6000 val=1.536041855401478 best=1.531075373582807 bad=1/8 FX=4 CUDA_nodes=4
2026-10-01T17:10:33+00:00 check softmax amsgradmd_guarded seed=0 step=6250 val=1.5377250522477754 best=1.531075373582807 bad=2/8 FX=4 CUDA_nodes=4
2026-10-01T17:10:34+00:00 check softmax amsgradmd_guarded seed=0 step=6500 val=1.5321888622542337 best=1.531075373582807 bad=3/8 FX=4 CUDA_nodes=4
2026-10-01T17:10:35+00:00 check softmax amsgradmd_guarded seed=0 step=6750 val=1.532091458273536 best=1.531075373582807 bad=4/8 FX=4 CUDA_nodes=4
2026-10-01T17:10:36+00:00 check softmax amsgradmd_guarded seed=0 step=7000 val=1.5311943606038318 best=1.531075373582807 bad=5/8 FX=4 CUDA_nodes=4
2026-10-01T17:10:37+00:00 check softmax amsgradmd_guarded seed=0 step=7250 val=1.5269352138795207 best=1.5269352138795207 bad=0/8 FX=4 CUDA_nodes=4
2026-10-01T17:10:39+00:00 check softmax amsgradmd_guarded seed=0 step=7500 val=1.5210839675570464 best=1.5210839675570464 bad=0/8 FX=4 CUDA_nodes=4
2026-10-01T17:10:40+00:00 check softmax amsgradmd_guarded seed=0 step=7750 val=1.5264521181651838 best=1.5210839675570464 bad=1/8 FX=4 CUDA_nodes=4
2026-10-01T17:10:41+00:00 check softmax amsgradmd_guarded seed=0 step=8000 val=1.519693403101679 best=1.519693403101679 bad=0/8 FX=4 CUDA_nodes=4
2026-10-01T17:10:42+00:00 check softmax amsgradmd_guarded seed=0 step=8250 val=1.527538557961395 best=1.519693403101679 bad=1/8 FX=4 CUDA_nodes=4
2026-10-01T17:10:43+00:00 check softmax amsgradmd_guarded seed=0 step=8500 val=1.5203585531626722 best=1.519693403101679 bad=2/8 FX=4 CUDA_nodes=4
2026-10-01T17:10:44+00:00 check softmax amsgradmd_guarded seed=0 step=8750 val=1.5071139943312284 best=1.5071139943312284 bad=0/8 FX=4 CUDA_nodes=4
2026-10-01T17:10:45+00:00 check softmax amsgradmd_guarded seed=0 step=9000 val=1.506494533043915 best=1.506494533043915 bad=0/8 FX=4 CUDA_nodes=4
2026-10-01T17:10:46+00:00 check softmax amsgradmd_guarded seed=0 step=9250 val=1.5188251762521527 best=1.506494533043915 bad=1/8 FX=4 CUDA_nodes=4
2026-10-01T17:10:47+00:00 check softmax amsgradmd_guarded seed=0 step=9500 val=1.5188387707645665 best=1.506494533043915 bad=2/8 FX=4 CUDA_nodes=4
2026-10-01T17:10:49+00:00 check softmax amsgradmd_guarded seed=0 step=9750 val=1.514798257435778 best=1.506494533043915 bad=3/8 FX=4 CUDA_nodes=4
2026-10-01T17:10:50+00:00 check softmax amsgradmd_guarded seed=0 step=10000 val=1.5139633861940298 best=1.506494533043915 bad=4/8 FX=4 CUDA_nodes=4
2026-10-01T17:10:51+00:00 check softmax amsgradmd_guarded seed=0 step=10250 val=1.50803211444281 best=1.506494533043915 bad=5/8 FX=4 CUDA_nodes=4
2026-10-01T17:10:52+00:00 check softmax amsgradmd_guarded seed=0 step=10500 val=1.509502143728473 best=1.506494533043915 bad=6/8 FX=4 CUDA_nodes=4
2026-10-01T17:10:53+00:00 check softmax amsgradmd_guarded seed=0 step=10750 val=1.503032417165973 best=1.503032417165973 bad=0/8 FX=4 CUDA_nodes=4
2026-10-01T17:10:54+00:00 check softmax amsgradmd_guarded seed=0 step=11000 val=1.5065183584780424 best=1.503032417165973 bad=1/8 FX=4 CUDA_nodes=4
2026-10-01T17:10:55+00:00 check softmax amsgradmd_guarded seed=0 step=11250 val=1.5075795713440012 best=1.503032417165973 bad=2/8 FX=4 CUDA_nodes=4
2026-10-01T17:10:56+00:00 check softmax amsgradmd_guarded seed=0 step=11500 val=1.502407349894159 best=1.502407349894159 bad=0/8 FX=4 CUDA_nodes=4
2026-10-01T17:10:57+00:00 check softmax amsgradmd_guarded seed=0 step=11750 val=1.5039815103419203 best=1.502407349894159 bad=1/8 FX=4 CUDA_nodes=4
2026-10-01T17:10:58+00:00 check softmax amsgradmd_guarded seed=0 step=12000 val=1.5048198853239811 best=1.502407349894159 bad=2/8 FX=4 CUDA_nodes=4
2026-10-01T17:11:00+00:00 check softmax amsgradmd_guarded seed=0 step=12250 val=1.5033773253623708 best=1.502407349894159 bad=3/8 FX=4 CUDA_nodes=4
2026-10-01T17:11:01+00:00 check softmax amsgradmd_guarded seed=0 step=12500 val=1.5053687112065872 best=1.502407349894159 bad=4/8 FX=4 CUDA_nodes=4
2026-10-01T17:11:02+00:00 check softmax amsgradmd_guarded seed=0 step=12750 val=1.5055755720346584 best=1.502407349894159 bad=5/8 FX=4 CUDA_nodes=4
2026-10-01T17:11:03+00:00 check softmax amsgradmd_guarded seed=0 step=13000 val=1.510077037439007 best=1.502407349894159 bad=6/8 FX=4 CUDA_nodes=4
2026-10-01T17:11:04+00:00 check softmax amsgradmd_guarded seed=0 step=13250 val=1.5042403666762343 best=1.502407349894159 bad=7/8 FX=4 CUDA_nodes=4
2026-10-01T17:11:05+00:00 check softmax amsgradmd_guarded seed=0 step=13500 val=1.500823378973522 best=1.500823378973522 bad=0/8 FX=4 CUDA_nodes=4
2026-10-01T17:11:06+00:00 check softmax amsgradmd_guarded seed=0 step=13750 val=1.5016738068222588 best=1.500823378973522 bad=1/8 FX=4 CUDA_nodes=4
2026-10-01T17:11:07+00:00 check softmax amsgradmd_guarded seed=0 step=14000 val=1.4997084888059702 best=1.4997084888059702 bad=0/8 FX=4 CUDA_nodes=4
2026-10-01T17:11:08+00:00 check softmax amsgradmd_guarded seed=0 step=14250 val=1.5050124508915759 best=1.4997084888059702 bad=1/8 FX=4 CUDA_nodes=4
2026-10-01T17:11:10+00:00 check softmax amsgradmd_guarded seed=0 step=14500 val=1.4955415605266935 best=1.4955415605266935 bad=0/8 FX=4 CUDA_nodes=4
2026-10-01T17:11:11+00:00 check softmax amsgradmd_guarded seed=0 step=14750 val=1.503818796641791 best=1.4955415605266935 bad=1/8 FX=4 CUDA_nodes=4
2026-10-01T17:11:12+00:00 check softmax amsgradmd_guarded seed=0 step=15000 val=1.496526952452282 best=1.4955415605266935 bad=2/8 FX=4 CUDA_nodes=4
2026-10-01T17:11:13+00:00 check softmax amsgradmd_guarded seed=0 step=15250 val=1.506658788389782 best=1.4955415605266935 bad=3/8 FX=4 CUDA_nodes=4
2026-10-01T17:11:14+00:00 check softmax amsgradmd_guarded seed=0 step=15500 val=1.5064973360361653 best=1.4955415605266935 bad=4/8 FX=4 CUDA_nodes=4
2026-10-01T17:11:15+00:00 check softmax amsgradmd_guarded seed=0 step=15750 val=1.5004208692863805 best=1.4955415605266935 bad=5/8 FX=4 CUDA_nodes=4
2026-10-01T17:11:16+00:00 check softmax amsgradmd_guarded seed=0 step=16000 val=1.5084867597858065 best=1.4955415605266935 bad=6/8 FX=4 CUDA_nodes=4
2026-10-01T17:11:17+00:00 check softmax amsgradmd_guarded seed=0 step=16250 val=1.5068144946092854 best=1.4955415605266935 bad=7/8 FX=4 CUDA_nodes=4
2026-10-01T17:11:18+00:00 check softmax amsgradmd_guarded seed=0 step=16500 val=1.510565879287457 best=1.4955415605266935 bad=8/8 FX=4 CUDA_nodes=4
2026-10-01T17:11:20+00:00 run 7/18 END softmax:amsgradmd_guarded:0: ok stop=patience updates=16500 best=14500 test=1.637221186360864
2026-10-01T17:11:20+00:00 run 8/18 START softmax:amsgradmd_guarded:1 lr=0.1
2026-10-01T17:11:21+00:00 check softmax amsgradmd_guarded seed=1 step=0 val=4.165836513795207 best=4.165836513795207 bad=0/8 FX=3 CUDA_nodes=1
2026-10-01T17:11:25+00:00 check softmax amsgradmd_guarded seed=1 step=250 val=2.0208855157057264 best=2.0208855157057264 bad=0/8 FX=4 CUDA_nodes=4
2026-10-01T17:11:26+00:00 check softmax amsgradmd_guarded seed=1 step=500 val=1.8848682145163604 best=1.8848682145163604 bad=0/8 FX=4 CUDA_nodes=4
2026-10-01T17:11:27+00:00 check softmax amsgradmd_guarded seed=1 step=750 val=1.8436307326797503 best=1.8436307326797503 bad=0/8 FX=4 CUDA_nodes=4
2026-10-01T17:11:28+00:00 check softmax amsgradmd_guarded seed=1 step=1000 val=1.756075205403272 best=1.756075205403272 bad=0/8 FX=4 CUDA_nodes=4
2026-10-01T17:11:29+00:00 check softmax amsgradmd_guarded seed=1 step=1250 val=1.727593300400043 best=1.727593300400043 bad=0/8 FX=4 CUDA_nodes=4
2026-10-01T17:11:30+00:00 check softmax amsgradmd_guarded seed=1 step=1500 val=1.692495913237299 best=1.692495913237299 bad=0/8 FX=4 CUDA_nodes=4
2026-10-01T17:11:31+00:00 check softmax amsgradmd_guarded seed=1 step=1750 val=1.6595624360917767 best=1.6595624360917767 bad=0/8 FX=4 CUDA_nodes=4
2026-10-01T17:11:32+00:00 check softmax amsgradmd_guarded seed=1 step=2000 val=1.6468238173615097 best=1.6468238173615097 bad=0/8 FX=4 CUDA_nodes=4
2026-10-01T17:11:34+00:00 check softmax amsgradmd_guarded seed=1 step=2250 val=1.6359376962094576 best=1.6359376962094576 bad=0/8 FX=4 CUDA_nodes=4
2026-10-01T17:11:35+00:00 check softmax amsgradmd_guarded seed=1 step=2500 val=1.610331661255023 best=1.610331661255023 bad=0/8 FX=4 CUDA_nodes=4
2026-10-01T17:11:36+00:00 check softmax amsgradmd_guarded seed=1 step=2750 val=1.600018611868542 best=1.600018611868542 bad=0/8 FX=4 CUDA_nodes=4
2026-10-01T17:11:37+00:00 check softmax amsgradmd_guarded seed=1 step=3000 val=1.5815894984213548 best=1.5815894984213548 bad=0/8 FX=4 CUDA_nodes=4
2026-10-01T17:11:38+00:00 check softmax amsgradmd_guarded seed=1 step=3250 val=1.5814416405801521 best=1.5814416405801521 bad=0/8 FX=4 CUDA_nodes=4
2026-10-01T17:11:39+00:00 check softmax amsgradmd_guarded seed=1 step=3500 val=1.5749294486850602 best=1.5749294486850602 bad=0/8 FX=4 CUDA_nodes=4
2026-10-01T17:11:40+00:00 check softmax amsgradmd_guarded seed=1 step=3750 val=1.570981434100531 best=1.570981434100531 bad=0/8 FX=4 CUDA_nodes=4
2026-10-01T17:11:41+00:00 check softmax amsgradmd_guarded seed=1 step=4000 val=1.5597893663443598 best=1.5597893663443598 bad=0/8 FX=4 CUDA_nodes=4
2026-10-01T17:11:42+00:00 check softmax amsgradmd_guarded seed=1 step=4250 val=1.5597641394141073 best=1.5597641394141073 bad=1/8 FX=4 CUDA_nodes=4
2026-10-01T17:11:44+00:00 check softmax amsgradmd_guarded seed=1 step=4500 val=1.5526483231379162 best=1.5526483231379162 bad=0/8 FX=4 CUDA_nodes=4
2026-10-01T17:11:45+00:00 check softmax amsgradmd_guarded seed=1 step=4750 val=1.5549204286559988 best=1.5526483231379162 bad=1/8 FX=4 CUDA_nodes=4
2026-10-01T17:11:46+00:00 check softmax amsgradmd_guarded seed=1 step=5000 val=1.5479212168574197 best=1.5479212168574197 bad=0/8 FX=4 CUDA_nodes=4
2026-10-01T17:11:47+00:00 check softmax amsgradmd_guarded seed=1 step=5250 val=1.5419176279061424 best=1.5419176279061424 bad=0/8 FX=4 CUDA_nodes=4
2026-10-01T17:11:48+00:00 check softmax amsgradmd_guarded seed=1 step=5500 val=1.5402443816823335 best=1.5402443816823335 bad=0/8 FX=4 CUDA_nodes=4
2026-10-01T17:11:49+00:00 check softmax amsgradmd_guarded seed=1 step=5750 val=1.5373623450505884 best=1.5373623450505884 bad=0/8 FX=4 CUDA_nodes=4
2026-10-01T17:11:50+00:00 check softmax amsgradmd_guarded seed=1 step=6000 val=1.529978843014495 best=1.529978843014495 bad=0/8 FX=4 CUDA_nodes=4
2026-10-01T17:11:51+00:00 check softmax amsgradmd_guarded seed=1 step=6250 val=1.533568495039825 best=1.529978843014495 bad=1/8 FX=4 CUDA_nodes=4
2026-10-01T17:11:52+00:00 check softmax amsgradmd_guarded seed=1 step=6500 val=1.527169123582807 best=1.527169123582807 bad=0/8 FX=4 CUDA_nodes=4
2026-10-01T17:11:54+00:00 check softmax amsgradmd_guarded seed=1 step=6750 val=1.5270474737191446 best=1.5270474737191446 bad=0/8 FX=4 CUDA_nodes=4
2026-10-01T17:11:55+00:00 check softmax amsgradmd_guarded seed=1 step=7000 val=1.5175147773751436 best=1.5175147773751436 bad=0/8 FX=4 CUDA_nodes=4
2026-10-01T17:11:56+00:00 check softmax amsgradmd_guarded seed=1 step=7250 val=1.5273122163371842 best=1.5175147773751436 bad=1/8 FX=4 CUDA_nodes=4
2026-10-01T17:11:57+00:00 check softmax amsgradmd_guarded seed=1 step=7500 val=1.51596556355841 best=1.51596556355841 bad=0/8 FX=4 CUDA_nodes=4
2026-10-01T17:11:58+00:00 check softmax amsgradmd_guarded seed=1 step=7750 val=1.5178874351948193 best=1.51596556355841 bad=1/8 FX=4 CUDA_nodes=4
2026-10-01T17:11:59+00:00 check softmax amsgradmd_guarded seed=1 step=8000 val=1.5114425151137343 best=1.5114425151137343 bad=0/8 FX=4 CUDA_nodes=4
2026-10-01T17:12:00+00:00 check softmax amsgradmd_guarded seed=1 step=8250 val=1.5146028888759329 best=1.5114425151137343 bad=1/8 FX=4 CUDA_nodes=4
2026-10-01T17:12:02+00:00 check softmax amsgradmd_guarded seed=1 step=8500 val=1.505614393477325 best=1.505614393477325 bad=0/8 FX=4 CUDA_nodes=4
2026-10-01T17:12:03+00:00 check softmax amsgradmd_guarded seed=1 step=8750 val=1.5168059006350458 best=1.505614393477325 bad=1/8 FX=4 CUDA_nodes=4
2026-10-01T17:12:04+00:00 check softmax amsgradmd_guarded seed=1 step=9000 val=1.5141907088655282 best=1.505614393477325 bad=2/8 FX=4 CUDA_nodes=4
2026-10-01T17:12:05+00:00 check softmax amsgradmd_guarded seed=1 step=9250 val=1.518110273078717 best=1.505614393477325 bad=3/8 FX=4 CUDA_nodes=4
2026-10-01T17:12:06+00:00 check softmax amsgradmd_guarded seed=1 step=9500 val=1.5100621815800803 best=1.505614393477325 bad=4/8 FX=4 CUDA_nodes=4
2026-10-01T17:12:07+00:00 check softmax amsgradmd_guarded seed=1 step=9750 val=1.4947993281788174 best=1.4947993281788174 bad=0/8 FX=4 CUDA_nodes=4
2026-10-01T17:12:08+00:00 check softmax amsgradmd_guarded seed=1 step=10000 val=1.5091570953824627 best=1.4947993281788174 bad=1/8 FX=4 CUDA_nodes=4
2026-10-01T17:12:10+00:00 check softmax amsgradmd_guarded seed=1 step=10250 val=1.5095188215323623 best=1.4947993281788174 bad=2/8 FX=4 CUDA_nodes=4
2026-10-01T17:12:11+00:00 check softmax amsgradmd_guarded seed=1 step=10500 val=1.5014710103329507 best=1.4947993281788174 bad=3/8 FX=4 CUDA_nodes=4
2026-10-01T17:12:12+00:00 check softmax amsgradmd_guarded seed=1 step=10750 val=1.502675456102899 best=1.4947993281788174 bad=4/8 FX=4 CUDA_nodes=4
2026-10-01T17:12:13+00:00 check softmax amsgradmd_guarded seed=1 step=11000 val=1.509429686378803 best=1.4947993281788174 bad=5/8 FX=4 CUDA_nodes=4
2026-10-01T17:12:14+00:00 check softmax amsgradmd_guarded seed=1 step=11250 val=1.5061469620048795 best=1.4947993281788174 bad=6/8 FX=4 CUDA_nodes=4
2026-10-01T17:12:15+00:00 check softmax amsgradmd_guarded seed=1 step=11500 val=1.5003470104405856 best=1.4947993281788174 bad=7/8 FX=4 CUDA_nodes=4
2026-10-01T17:12:16+00:00 check softmax amsgradmd_guarded seed=1 step=11750 val=1.5039474539860793 best=1.4947993281788174 bad=8/8 FX=4 CUDA_nodes=4
2026-10-01T17:12:17+00:00 run 8/18 END softmax:amsgradmd_guarded:1: ok stop=patience updates=11750 best=9750 test=1.634873540201636
2026-10-01T17:12:17+00:00 run 9/18 START softmax:amsgradmd_guarded:2 lr=0.1
2026-10-01T17:12:18+00:00 check softmax amsgradmd_guarded seed=2 step=0 val=4.185370566787457 best=4.185370566787457 bad=0/8 FX=3 CUDA_nodes=1
2026-10-01T17:12:22+00:00 check softmax amsgradmd_guarded seed=2 step=250 val=2.0531293166080653 best=2.0531293166080653 bad=0/8 FX=4 CUDA_nodes=4
2026-10-01T17:12:23+00:00 check softmax amsgradmd_guarded seed=2 step=500 val=1.9155137492375862 best=1.9155137492375862 bad=0/8 FX=4 CUDA_nodes=4
2026-10-01T17:12:24+00:00 check softmax amsgradmd_guarded seed=2 step=750 val=1.823919530577282 best=1.823919530577282 bad=0/8 FX=4 CUDA_nodes=4
2026-10-01T17:12:25+00:00 check softmax amsgradmd_guarded seed=2 step=1000 val=1.7643195063594288 best=1.7643195063594288 bad=0/8 FX=4 CUDA_nodes=4
2026-10-01T17:12:26+00:00 check softmax amsgradmd_guarded seed=2 step=1250 val=1.7201116936351895 best=1.7201116936351895 bad=0/8 FX=4 CUDA_nodes=4
2026-10-01T17:12:27+00:00 check softmax amsgradmd_guarded seed=2 step=1500 val=1.688799747506458 best=1.688799747506458 bad=0/8 FX=4 CUDA_nodes=4
2026-10-01T17:12:29+00:00 check softmax amsgradmd_guarded seed=2 step=1750 val=1.6856660021706371 best=1.6856660021706371 bad=0/8 FX=4 CUDA_nodes=4
2026-10-01T17:12:30+00:00 check softmax amsgradmd_guarded seed=2 step=2000 val=1.6534234626148105 best=1.6534234626148105 bad=0/8 FX=4 CUDA_nodes=4
2026-10-01T17:12:31+00:00 check softmax amsgradmd_guarded seed=2 step=2250 val=1.6304172029725172 best=1.6304172029725172 bad=0/8 FX=4 CUDA_nodes=4
2026-10-01T17:12:32+00:00 check softmax amsgradmd_guarded seed=2 step=2500 val=1.6142622972876004 best=1.6142622972876004 bad=0/8 FX=4 CUDA_nodes=4
2026-10-01T17:12:33+00:00 check softmax amsgradmd_guarded seed=2 step=2750 val=1.599829269742035 best=1.599829269742035 bad=0/8 FX=4 CUDA_nodes=4
2026-10-01T17:12:34+00:00 check softmax amsgradmd_guarded seed=2 step=3000 val=1.5908311040201637 best=1.5908311040201637 bad=0/8 FX=4 CUDA_nodes=4
2026-10-01T17:12:35+00:00 check softmax amsgradmd_guarded seed=2 step=3250 val=1.5807633164555828 best=1.5807633164555828 bad=0/8 FX=4 CUDA_nodes=4
2026-10-01T17:12:36+00:00 check softmax amsgradmd_guarded seed=2 step=3500 val=1.581697974221441 best=1.5807633164555828 bad=1/8 FX=4 CUDA_nodes=4
2026-10-01T17:12:37+00:00 check softmax amsgradmd_guarded seed=2 step=3750 val=1.5767359771903702 best=1.5767359771903702 bad=0/8 FX=4 CUDA_nodes=4
2026-10-01T17:12:39+00:00 check softmax amsgradmd_guarded seed=2 step=4000 val=1.5546321409030568 best=1.5546321409030568 bad=0/8 FX=4 CUDA_nodes=4
2026-10-01T17:12:40+00:00 check softmax amsgradmd_guarded seed=2 step=4250 val=1.5562732928655998 best=1.5546321409030568 bad=1/8 FX=4 CUDA_nodes=4
2026-10-01T17:12:41+00:00 check softmax amsgradmd_guarded seed=2 step=4500 val=1.5577365949698623 best=1.5546321409030568 bad=2/8 FX=4 CUDA_nodes=4
2026-10-01T17:12:42+00:00 check softmax amsgradmd_guarded seed=2 step=4750 val=1.5632922657595436 best=1.5546321409030568 bad=3/8 FX=4 CUDA_nodes=4
2026-10-01T17:12:43+00:00 check softmax amsgradmd_guarded seed=2 step=5000 val=1.557222666340772 best=1.5546321409030568 bad=4/8 FX=4 CUDA_nodes=4
2026-10-01T17:12:44+00:00 check softmax amsgradmd_guarded seed=2 step=5250 val=1.5430089729387917 best=1.5430089729387917 bad=0/8 FX=4 CUDA_nodes=4
2026-10-01T17:12:45+00:00 check softmax amsgradmd_guarded seed=2 step=5500 val=1.5365421895181544 best=1.5365421895181544 bad=0/8 FX=4 CUDA_nodes=4
2026-10-01T17:12:46+00:00 check softmax amsgradmd_guarded seed=2 step=5750 val=1.5413681012754736 best=1.5365421895181544 bad=1/8 FX=4 CUDA_nodes=4
2026-10-01T17:12:47+00:00 check softmax amsgradmd_guarded seed=2 step=6000 val=1.5281547958076205 best=1.5281547958076205 bad=0/8 FX=4 CUDA_nodes=4
2026-10-01T17:12:49+00:00 check softmax amsgradmd_guarded seed=2 step=6250 val=1.5302896948550517 best=1.5281547958076205 bad=1/8 FX=4 CUDA_nodes=4
2026-10-01T17:12:50+00:00 check softmax amsgradmd_guarded seed=2 step=6500 val=1.5300804514835677 best=1.5281547958076205 bad=2/8 FX=4 CUDA_nodes=4
2026-10-01T17:12:51+00:00 check softmax amsgradmd_guarded seed=2 step=6750 val=1.5296828470328645 best=1.5281547958076205 bad=3/8 FX=4 CUDA_nodes=4
2026-10-01T17:12:52+00:00 check softmax amsgradmd_guarded seed=2 step=7000 val=1.5284018795744834 best=1.5281547958076205 bad=4/8 FX=4 CUDA_nodes=4
2026-10-01T17:12:53+00:00 check softmax amsgradmd_guarded seed=2 step=7250 val=1.5168002946505454 best=1.5168002946505454 bad=0/8 FX=4 CUDA_nodes=4
2026-10-01T17:12:54+00:00 check softmax amsgradmd_guarded seed=2 step=7500 val=1.515121162143011 best=1.515121162143011 bad=0/8 FX=4 CUDA_nodes=4
2026-10-01T17:12:55+00:00 check softmax amsgradmd_guarded seed=2 step=7750 val=1.5107873156752296 best=1.5107873156752296 bad=0/8 FX=4 CUDA_nodes=4
2026-10-01T17:12:56+00:00 check softmax amsgradmd_guarded seed=2 step=8000 val=1.5134411887378014 best=1.5107873156752296 bad=1/8 FX=4 CUDA_nodes=4
2026-10-01T17:12:57+00:00 check softmax amsgradmd_guarded seed=2 step=8250 val=1.5170285983693312 best=1.5107873156752296 bad=2/8 FX=4 CUDA_nodes=4
2026-10-01T17:12:59+00:00 check softmax amsgradmd_guarded seed=2 step=8500 val=1.5104342788013059 best=1.5104342788013059 bad=0/8 FX=4 CUDA_nodes=4
2026-10-01T17:13:00+00:00 check softmax amsgradmd_guarded seed=2 step=8750 val=1.5060701600172215 best=1.5060701600172215 bad=0/8 FX=4 CUDA_nodes=4
2026-10-01T17:13:01+00:00 check softmax amsgradmd_guarded seed=2 step=9000 val=1.5149445736312428 best=1.5060701600172215 bad=1/8 FX=4 CUDA_nodes=4
2026-10-01T17:13:02+00:00 check softmax amsgradmd_guarded seed=2 step=9250 val=1.5102927276926665 best=1.5060701600172215 bad=2/8 FX=4 CUDA_nodes=4
2026-10-01T17:13:03+00:00 check softmax amsgradmd_guarded seed=2 step=9500 val=1.5072467160142795 best=1.5060701600172215 bad=3/8 FX=4 CUDA_nodes=4
2026-10-01T17:13:04+00:00 check softmax amsgradmd_guarded seed=2 step=9750 val=1.5064384731989093 best=1.5060701600172215 bad=4/8 FX=4 CUDA_nodes=4
2026-10-01T17:13:05+00:00 check softmax amsgradmd_guarded seed=2 step=10000 val=1.5120780936064868 best=1.5060701600172215 bad=5/8 FX=4 CUDA_nodes=4
2026-10-01T17:13:06+00:00 check softmax amsgradmd_guarded seed=2 step=10250 val=1.5164916852037889 best=1.5060701600172215 bad=6/8 FX=4 CUDA_nodes=4
2026-10-01T17:13:07+00:00 check softmax amsgradmd_guarded seed=2 step=10500 val=1.5032134904653416 best=1.5032134904653416 bad=0/8 FX=4 CUDA_nodes=4
2026-10-01T17:13:09+00:00 check softmax amsgradmd_guarded seed=2 step=10750 val=1.503180134857563 best=1.503180134857563 bad=1/8 FX=4 CUDA_nodes=4
2026-10-01T17:13:10+00:00 check softmax amsgradmd_guarded seed=2 step=11000 val=1.5096542060580511 best=1.503180134857563 bad=2/8 FX=4 CUDA_nodes=4
2026-10-01T17:13:11+00:00 check softmax amsgradmd_guarded seed=2 step=11250 val=1.5035222400617108 best=1.503180134857563 bad=3/8 FX=4 CUDA_nodes=4
2026-10-01T17:13:12+00:00 check softmax amsgradmd_guarded seed=2 step=11500 val=1.5094554739075057 best=1.503180134857563 bad=4/8 FX=4 CUDA_nodes=4
2026-10-01T17:13:13+00:00 check softmax amsgradmd_guarded seed=2 step=11750 val=1.508035618183123 best=1.503180134857563 bad=5/8 FX=4 CUDA_nodes=4
2026-10-01T17:13:14+00:00 check softmax amsgradmd_guarded seed=2 step=12000 val=1.5086295722409586 best=1.503180134857563 bad=6/8 FX=4 CUDA_nodes=4
2026-10-01T17:13:15+00:00 check softmax amsgradmd_guarded seed=2 step=12250 val=1.507207614272388 best=1.503180134857563 bad=7/8 FX=4 CUDA_nodes=4
2026-10-01T17:13:16+00:00 check softmax amsgradmd_guarded seed=2 step=12500 val=1.5088483457860935 best=1.503180134857563 bad=8/8 FX=4 CUDA_nodes=4
2026-10-01T17:13:18+00:00 run 9/18 END softmax:amsgradmd_guarded:2: ok stop=patience updates=12500 best=10750 test=1.6336641891952497
2026-10-01T17:13:18+00:00 run 10/18 START sparsemax:amsgradw:0 lr=0.0003
2026-10-01T17:13:19+00:00 check sparsemax amsgradw seed=0 step=0 val=4.200711623672503 best=4.200711623672503 bad=0/8 FX=3 CUDA_nodes=1
2026-10-01T17:13:30+00:00 check sparsemax amsgradw seed=0 step=250 val=1.9732352080492968 best=1.9732352080492968 bad=0/8 FX=4 CUDA_nodes=4
2026-10-01T17:13:31+00:00 check sparsemax amsgradw seed=0 step=500 val=1.8372207098521813 best=1.8372207098521813 bad=0/8 FX=4 CUDA_nodes=4
2026-10-01T17:13:32+00:00 check sparsemax amsgradw seed=0 step=750 val=1.7539300754341274 best=1.7539300754341274 bad=0/8 FX=4 CUDA_nodes=4
2026-10-01T17:13:33+00:00 check sparsemax amsgradw seed=0 step=1000 val=1.7115500939563002 best=1.7115500939563002 bad=0/8 FX=4 CUDA_nodes=4
2026-10-01T17:13:34+00:00 check sparsemax amsgradw seed=0 step=1250 val=1.6670994019535734 best=1.6670994019535734 bad=0/8 FX=4 CUDA_nodes=4
2026-10-01T17:13:35+00:00 check sparsemax amsgradw seed=0 step=1500 val=1.654121687984357 best=1.654121687984357 bad=0/8 FX=4 CUDA_nodes=4
2026-10-01T17:13:37+00:00 check sparsemax amsgradw seed=0 step=1750 val=1.6385526076797503 best=1.6385526076797503 bad=0/8 FX=4 CUDA_nodes=4
2026-10-01T17:13:38+00:00 check sparsemax amsgradw seed=0 step=2000 val=1.6152959006798937 best=1.6152959006798937 bad=0/8 FX=4 CUDA_nodes=4
2026-10-01T17:13:39+00:00 check sparsemax amsgradw seed=0 step=2250 val=1.6066827259435994 best=1.6066827259435994 bad=0/8 FX=4 CUDA_nodes=4
2026-10-01T17:13:40+00:00 check sparsemax amsgradw seed=0 step=2500 val=1.5972729408097732 best=1.5972729408097732 bad=0/8 FX=4 CUDA_nodes=4
2026-10-01T17:13:41+00:00 check sparsemax amsgradw seed=0 step=2750 val=1.586131186764495 best=1.586131186764495 bad=0/8 FX=4 CUDA_nodes=4
2026-10-01T17:13:42+00:00 check sparsemax amsgradw seed=0 step=3000 val=1.5825357886050517 best=1.5825357886050517 bad=0/8 FX=4 CUDA_nodes=4
2026-10-01T17:13:43+00:00 check sparsemax amsgradw seed=0 step=3250 val=1.5681543361168915 best=1.5681543361168915 bad=0/8 FX=4 CUDA_nodes=4
2026-10-01T17:13:44+00:00 check sparsemax amsgradw seed=0 step=3500 val=1.5686159889405138 best=1.5681543361168915 bad=1/8 FX=4 CUDA_nodes=4
2026-10-01T17:13:45+00:00 check sparsemax amsgradw seed=0 step=3750 val=1.5722385761247848 best=1.5681543361168915 bad=2/8 FX=4 CUDA_nodes=4
2026-10-01T17:13:46+00:00 check sparsemax amsgradw seed=0 step=4000 val=1.553565742501435 best=1.553565742501435 bad=0/8 FX=4 CUDA_nodes=4
2026-10-01T17:13:47+00:00 check sparsemax amsgradw seed=0 step=4250 val=1.557827552068384 best=1.553565742501435 bad=1/8 FX=4 CUDA_nodes=4
2026-10-01T17:13:48+00:00 check sparsemax amsgradw seed=0 step=4500 val=1.5444961004771813 best=1.5444961004771813 bad=0/8 FX=4 CUDA_nodes=4
2026-10-01T17:13:49+00:00 check sparsemax amsgradw seed=0 step=4750 val=1.5464506269733065 best=1.5444961004771813 bad=1/8 FX=4 CUDA_nodes=4
2026-10-01T17:13:50+00:00 check sparsemax amsgradw seed=0 step=5000 val=1.5433578053243397 best=1.5433578053243397 bad=0/8 FX=4 CUDA_nodes=4
2026-10-01T17:13:51+00:00 check sparsemax amsgradw seed=0 step=5250 val=1.5337122885422647 best=1.5337122885422647 bad=0/8 FX=4 CUDA_nodes=4
2026-10-01T17:13:52+00:00 check sparsemax amsgradw seed=0 step=5500 val=1.5401929467745408 best=1.5337122885422647 bad=1/8 FX=4 CUDA_nodes=4
2026-10-01T17:13:53+00:00 check sparsemax amsgradw seed=0 step=5750 val=1.533881308974957 best=1.5337122885422647 bad=2/8 FX=4 CUDA_nodes=4
2026-10-01T17:13:54+00:00 check sparsemax amsgradw seed=0 step=6000 val=1.5350470734518513 best=1.5337122885422647 bad=3/8 FX=4 CUDA_nodes=4
2026-10-01T17:13:55+00:00 check sparsemax amsgradw seed=0 step=6250 val=1.5262746887557406 best=1.5262746887557406 bad=0/8 FX=4 CUDA_nodes=4
2026-10-01T17:13:56+00:00 check sparsemax amsgradw seed=0 step=6500 val=1.526027464839265 best=1.526027464839265 bad=0/8 FX=4 CUDA_nodes=4
2026-10-01T17:13:57+00:00 check sparsemax amsgradw seed=0 step=6750 val=1.5283575922969288 best=1.526027464839265 bad=1/8 FX=4 CUDA_nodes=4
2026-10-01T17:13:58+00:00 check sparsemax amsgradw seed=0 step=7000 val=1.521805597911883 best=1.521805597911883 bad=0/8 FX=4 CUDA_nodes=4
2026-10-01T17:13:59+00:00 check sparsemax amsgradw seed=0 step=7250 val=1.5216616642598306 best=1.5216616642598306 bad=0/8 FX=4 CUDA_nodes=4
2026-10-01T17:14:01+00:00 check sparsemax amsgradw seed=0 step=7500 val=1.5169970647065154 best=1.5169970647065154 bad=0/8 FX=4 CUDA_nodes=4
2026-10-01T17:14:02+00:00 check sparsemax amsgradw seed=0 step=7750 val=1.519942448963117 best=1.5169970647065154 bad=1/8 FX=4 CUDA_nodes=4
2026-10-01T17:14:03+00:00 check sparsemax amsgradw seed=0 step=8000 val=1.5188150854800517 best=1.5169970647065154 bad=2/8 FX=4 CUDA_nodes=4
2026-10-01T17:14:04+00:00 check sparsemax amsgradw seed=0 step=8250 val=1.5248528709367823 best=1.5169970647065154 bad=3/8 FX=4 CUDA_nodes=4
2026-10-01T17:14:05+00:00 check sparsemax amsgradw seed=0 step=8500 val=1.5122095539430254 best=1.5122095539430254 bad=0/8 FX=4 CUDA_nodes=4
2026-10-01T17:14:06+00:00 check sparsemax amsgradw seed=0 step=8750 val=1.5135542894751004 best=1.5122095539430254 bad=1/8 FX=4 CUDA_nodes=4
2026-10-01T17:14:07+00:00 check sparsemax amsgradw seed=0 step=9000 val=1.50576183086969 best=1.50576183086969 bad=0/8 FX=4 CUDA_nodes=4
2026-10-01T17:14:08+00:00 check sparsemax amsgradw seed=0 step=9250 val=1.5158062134489811 best=1.50576183086969 bad=1/8 FX=4 CUDA_nodes=4
2026-10-01T17:14:09+00:00 check sparsemax amsgradw seed=0 step=9500 val=1.5187103937195034 best=1.50576183086969 bad=2/8 FX=4 CUDA_nodes=4
2026-10-01T17:14:10+00:00 check sparsemax amsgradw seed=0 step=9750 val=1.5113840727253158 best=1.50576183086969 bad=3/8 FX=4 CUDA_nodes=4
2026-10-01T17:14:11+00:00 check sparsemax amsgradw seed=0 step=10000 val=1.5137172834744546 best=1.50576183086969 bad=4/8 FX=4 CUDA_nodes=4
2026-10-01T17:14:12+00:00 check sparsemax amsgradw seed=0 step=10250 val=1.5122741629143943 best=1.50576183086969 bad=5/8 FX=4 CUDA_nodes=4
2026-10-01T17:14:13+00:00 check sparsemax amsgradw seed=0 step=10500 val=1.5102156454057836 best=1.50576183086969 bad=6/8 FX=4 CUDA_nodes=4
2026-10-01T17:14:14+00:00 check sparsemax amsgradw seed=0 step=10750 val=1.5058817989380022 best=1.50576183086969 bad=7/8 FX=4 CUDA_nodes=4
2026-10-01T17:14:15+00:00 check sparsemax amsgradw seed=0 step=11000 val=1.5121319110576923 best=1.50576183086969 bad=8/8 FX=4 CUDA_nodes=4
2026-10-01T17:14:17+00:00 run 10/18 END sparsemax:amsgradw:0: ok stop=patience updates=11000 best=9000 test=1.6561256872936998
2026-10-01T17:14:17+00:00 run 11/18 START sparsemax:amsgradw:1 lr=0.0003
2026-10-01T17:14:18+00:00 check sparsemax amsgradw seed=1 step=0 val=4.17812399092279 best=4.17812399092279 bad=0/8 FX=3 CUDA_nodes=1
2026-10-01T17:14:22+00:00 check sparsemax amsgradw seed=1 step=250 val=1.9654236890965844 best=1.9654236890965844 bad=0/8 FX=4 CUDA_nodes=4
2026-10-01T17:14:23+00:00 check sparsemax amsgradw seed=1 step=500 val=1.8331734693419919 best=1.8331734693419919 bad=0/8 FX=4 CUDA_nodes=4
2026-10-01T17:14:24+00:00 check sparsemax amsgradw seed=1 step=750 val=1.7632512860128444 best=1.7632512860128444 bad=0/8 FX=4 CUDA_nodes=4
2026-10-01T17:14:25+00:00 check sparsemax amsgradw seed=1 step=1000 val=1.7119761487783438 best=1.7119761487783438 bad=0/8 FX=4 CUDA_nodes=4
2026-10-01T17:14:26+00:00 check sparsemax amsgradw seed=1 step=1250 val=1.680537647549512 best=1.680537647549512 bad=0/8 FX=4 CUDA_nodes=4
2026-10-01T17:14:27+00:00 check sparsemax amsgradw seed=1 step=1500 val=1.6554278823729909 best=1.6554278823729909 bad=0/8 FX=4 CUDA_nodes=4
2026-10-01T17:14:28+00:00 check sparsemax amsgradw seed=1 step=1750 val=1.6302899471243542 best=1.6302899471243542 bad=0/8 FX=4 CUDA_nodes=4
2026-10-01T17:14:29+00:00 check sparsemax amsgradw seed=1 step=2000 val=1.6211802223109213 best=1.6211802223109213 bad=0/8 FX=4 CUDA_nodes=4
2026-10-01T17:14:31+00:00 check sparsemax amsgradw seed=1 step=2250 val=1.611914791277985 best=1.611914791277985 bad=0/8 FX=4 CUDA_nodes=4
2026-10-01T17:14:32+00:00 check sparsemax amsgradw seed=1 step=2500 val=1.5883039262073049 best=1.5883039262073049 bad=0/8 FX=4 CUDA_nodes=4
2026-10-01T17:14:33+00:00 check sparsemax amsgradw seed=1 step=2750 val=1.585552789313648 best=1.585552789313648 bad=0/8 FX=4 CUDA_nodes=4
2026-10-01T17:14:34+00:00 check sparsemax amsgradw seed=1 step=3000 val=1.5749002975656572 best=1.5749002975656572 bad=0/8 FX=4 CUDA_nodes=4
2026-10-01T17:14:35+00:00 check sparsemax amsgradw seed=1 step=3250 val=1.5758855493416333 best=1.5749002975656572 bad=1/8 FX=4 CUDA_nodes=4
2026-10-01T17:14:36+00:00 check sparsemax amsgradw seed=1 step=3500 val=1.5686581739738805 best=1.5686581739738805 bad=0/8 FX=4 CUDA_nodes=4
2026-10-01T17:14:37+00:00 check sparsemax amsgradw seed=1 step=3750 val=1.5597937109823479 best=1.5597937109823479 bad=0/8 FX=4 CUDA_nodes=4
2026-10-01T17:14:38+00:00 check sparsemax amsgradw seed=1 step=4000 val=1.5540601903343858 best=1.5540601903343858 bad=0/8 FX=4 CUDA_nodes=4
2026-10-01T17:14:39+00:00 check sparsemax amsgradw seed=1 step=4250 val=1.5546821743147246 best=1.5540601903343858 bad=1/8 FX=4 CUDA_nodes=4
2026-10-01T17:14:40+00:00 check sparsemax amsgradw seed=1 step=4500 val=1.5502336854639065 best=1.5502336854639065 bad=0/8 FX=4 CUDA_nodes=4
2026-10-01T17:14:41+00:00 check sparsemax amsgradw seed=1 step=4750 val=1.5514876040470724 best=1.5502336854639065 bad=1/8 FX=4 CUDA_nodes=4
2026-10-01T17:14:42+00:00 check sparsemax amsgradw seed=1 step=5000 val=1.5431359484877296 best=1.5431359484877296 bad=0/8 FX=4 CUDA_nodes=4
2026-10-01T17:14:43+00:00 check sparsemax amsgradw seed=1 step=5250 val=1.5316683465933554 best=1.5316683465933554 bad=0/8 FX=4 CUDA_nodes=4
2026-10-01T17:14:44+00:00 check sparsemax amsgradw seed=1 step=5500 val=1.5373865909335533 best=1.5316683465933554 bad=1/8 FX=4 CUDA_nodes=4
2026-10-01T17:14:45+00:00 check sparsemax amsgradw seed=1 step=5750 val=1.5377762068563432 best=1.5316683465933554 bad=2/8 FX=4 CUDA_nodes=4
2026-10-01T17:14:46+00:00 check sparsemax amsgradw seed=1 step=6000 val=1.5354509846351176 best=1.5316683465933554 bad=3/8 FX=4 CUDA_nodes=4
2026-10-01T17:14:47+00:00 check sparsemax amsgradw seed=1 step=6250 val=1.5330289190316446 best=1.5316683465933554 bad=4/8 FX=4 CUDA_nodes=4
2026-10-01T17:14:48+00:00 check sparsemax amsgradw seed=1 step=6500 val=1.526456322653559 best=1.526456322653559 bad=0/8 FX=4 CUDA_nodes=4
2026-10-01T17:14:49+00:00 check sparsemax amsgradw seed=1 step=6750 val=1.5240449084206371 best=1.5240449084206371 bad=0/8 FX=4 CUDA_nodes=4
2026-10-01T17:14:51+00:00 check sparsemax amsgradw seed=1 step=7000 val=1.5193273323137917 best=1.5193273323137917 bad=0/8 FX=4 CUDA_nodes=4
2026-10-01T17:14:52+00:00 check sparsemax amsgradw seed=1 step=7250 val=1.5265283595543915 best=1.5193273323137917 bad=1/8 FX=4 CUDA_nodes=4
2026-10-01T17:14:53+00:00 check sparsemax amsgradw seed=1 step=7500 val=1.515533202003803 best=1.515533202003803 bad=0/8 FX=4 CUDA_nodes=4
2026-10-01T17:14:54+00:00 check sparsemax amsgradw seed=1 step=7750 val=1.522505084627942 best=1.515533202003803 bad=1/8 FX=4 CUDA_nodes=4
2026-10-01T17:14:55+00:00 check sparsemax amsgradw seed=1 step=8000 val=1.5160719371143083 best=1.515533202003803 bad=2/8 FX=4 CUDA_nodes=4
2026-10-01T17:14:56+00:00 check sparsemax amsgradw seed=1 step=8250 val=1.5091022968839696 best=1.5091022968839696 bad=0/8 FX=4 CUDA_nodes=4
2026-10-01T17:14:57+00:00 check sparsemax amsgradw seed=1 step=8500 val=1.518492040623206 best=1.5091022968839696 bad=1/8 FX=4 CUDA_nodes=4
2026-10-01T17:14:58+00:00 check sparsemax amsgradw seed=1 step=8750 val=1.5182291199501292 best=1.5091022968839696 bad=2/8 FX=4 CUDA_nodes=4
2026-10-01T17:14:59+00:00 check sparsemax amsgradw seed=1 step=9000 val=1.5117445375287026 best=1.5091022968839696 bad=3/8 FX=4 CUDA_nodes=4
2026-10-01T17:15:00+00:00 check sparsemax amsgradw seed=1 step=9250 val=1.5136236635332951 best=1.5091022968839696 bad=4/8 FX=4 CUDA_nodes=4
2026-10-01T17:15:01+00:00 check sparsemax amsgradw seed=1 step=9500 val=1.5121568576887199 best=1.5091022968839696 bad=5/8 FX=4 CUDA_nodes=4
2026-10-01T17:15:02+00:00 check sparsemax amsgradw seed=1 step=9750 val=1.5016637160501578 best=1.5016637160501578 bad=0/8 FX=4 CUDA_nodes=4
2026-10-01T17:15:03+00:00 check sparsemax amsgradw seed=1 step=10000 val=1.508948973207879 best=1.5016637160501578 bad=1/8 FX=4 CUDA_nodes=4
2026-10-01T17:15:04+00:00 check sparsemax amsgradw seed=1 step=10250 val=1.5111036333506744 best=1.5016637160501578 bad=2/8 FX=4 CUDA_nodes=4
2026-10-01T17:15:05+00:00 check sparsemax amsgradw seed=1 step=10500 val=1.5076154496448049 best=1.5016637160501578 bad=3/8 FX=4 CUDA_nodes=4
2026-10-01T17:15:06+00:00 check sparsemax amsgradw seed=1 step=10750 val=1.502318495039825 best=1.5016637160501578 bad=4/8 FX=4 CUDA_nodes=4
2026-10-01T17:15:07+00:00 check sparsemax amsgradw seed=1 step=11000 val=1.5073237983011625 best=1.5016637160501578 bad=5/8 FX=4 CUDA_nodes=4
2026-10-01T17:15:08+00:00 check sparsemax amsgradw seed=1 step=11250 val=1.5023992212166333 best=1.5016637160501578 bad=6/8 FX=4 CUDA_nodes=4
2026-10-01T17:15:09+00:00 check sparsemax amsgradw seed=1 step=11500 val=1.4984357901747274 best=1.4984357901747274 bad=0/8 FX=4 CUDA_nodes=4
2026-10-01T17:15:10+00:00 check sparsemax amsgradw seed=1 step=11750 val=1.5064665031214122 best=1.4984357901747274 bad=1/8 FX=4 CUDA_nodes=4
2026-10-01T17:15:12+00:00 check sparsemax amsgradw seed=1 step=12000 val=1.5089100116155998 best=1.4984357901747274 bad=2/8 FX=4 CUDA_nodes=4
2026-10-01T17:15:13+00:00 check sparsemax amsgradw seed=1 step=12250 val=1.5041068040955081 best=1.4984357901747274 bad=3/8 FX=4 CUDA_nodes=4
2026-10-01T17:15:14+00:00 check sparsemax amsgradw seed=1 step=12500 val=1.504673288829291 best=1.4984357901747274 bad=4/8 FX=4 CUDA_nodes=4
2026-10-01T17:15:15+00:00 check sparsemax amsgradw seed=1 step=12750 val=1.510142207008826 best=1.4984357901747274 bad=5/8 FX=4 CUDA_nodes=4
2026-10-01T17:15:16+00:00 check sparsemax amsgradw seed=1 step=13000 val=1.5031848999443886 best=1.4984357901747274 bad=6/8 FX=4 CUDA_nodes=4
2026-10-01T17:15:17+00:00 check sparsemax amsgradw seed=1 step=13250 val=1.4974049897746842 best=1.4974049897746842 bad=0/8 FX=4 CUDA_nodes=4
2026-10-01T17:15:18+00:00 check sparsemax amsgradw seed=1 step=13500 val=1.5013443150832377 best=1.4974049897746842 bad=1/8 FX=4 CUDA_nodes=4
2026-10-01T17:15:19+00:00 check sparsemax amsgradw seed=1 step=13750 val=1.5027484740510189 best=1.4974049897746842 bad=2/8 FX=4 CUDA_nodes=4
2026-10-01T17:15:20+00:00 check sparsemax amsgradw seed=1 step=14000 val=1.509681395082879 best=1.4974049897746842 bad=3/8 FX=4 CUDA_nodes=4
2026-10-01T17:15:21+00:00 check sparsemax amsgradw seed=1 step=14250 val=1.5023238207251004 best=1.4974049897746842 bad=4/8 FX=4 CUDA_nodes=4
2026-10-01T17:15:22+00:00 check sparsemax amsgradw seed=1 step=14500 val=1.4976831867555254 best=1.4974049897746842 bad=5/8 FX=4 CUDA_nodes=4
2026-10-01T17:15:23+00:00 check sparsemax amsgradw seed=1 step=14750 val=1.505829102683697 best=1.4974049897746842 bad=6/8 FX=4 CUDA_nodes=4
2026-10-01T17:15:24+00:00 check sparsemax amsgradw seed=1 step=15000 val=1.5043330055701063 best=1.4974049897746842 bad=7/8 FX=4 CUDA_nodes=4
2026-10-01T17:15:25+00:00 check sparsemax amsgradw seed=1 step=15250 val=1.4982559782218714 best=1.4974049897746842 bad=8/8 FX=4 CUDA_nodes=4
2026-10-01T17:15:26+00:00 run 11/18 END sparsemax:amsgradw:1: ok stop=patience updates=15250 best=13250 test=1.622563498986438
2026-10-01T17:15:26+00:00 run 12/18 START sparsemax:amsgradw:2 lr=0.0003
2026-10-01T17:15:27+00:00 check sparsemax amsgradw seed=2 step=0 val=4.188594848772962 best=4.188594848772962 bad=0/8 FX=3 CUDA_nodes=1
2026-10-01T17:15:31+00:00 check sparsemax amsgradw seed=2 step=250 val=1.987132163326995 best=1.987132163326995 bad=0/8 FX=4 CUDA_nodes=4
2026-10-01T17:15:32+00:00 check sparsemax amsgradw seed=2 step=500 val=1.8262586276101465 best=1.8262586276101465 bad=0/8 FX=4 CUDA_nodes=4
2026-10-01T17:15:33+00:00 check sparsemax amsgradw seed=2 step=750 val=1.7426407438468714 best=1.7426407438468714 bad=0/8 FX=4 CUDA_nodes=4
2026-10-01T17:15:34+00:00 check sparsemax amsgradw seed=2 step=1000 val=1.7051595519248708 best=1.7051595519248708 bad=0/8 FX=4 CUDA_nodes=4
2026-10-01T17:15:35+00:00 check sparsemax amsgradw seed=2 step=1250 val=1.6618899007068024 best=1.6618899007068024 bad=0/8 FX=4 CUDA_nodes=4
2026-10-01T17:15:36+00:00 check sparsemax amsgradw seed=2 step=1500 val=1.6385352291277986 best=1.6385352291277986 bad=0/8 FX=4 CUDA_nodes=4
2026-10-01T17:15:37+00:00 check sparsemax amsgradw seed=2 step=1750 val=1.6197225261911596 best=1.6197225261911596 bad=0/8 FX=4 CUDA_nodes=4
2026-10-01T17:15:38+00:00 check sparsemax amsgradw seed=2 step=2000 val=1.6007771015714696 best=1.6007771015714696 bad=0/8 FX=4 CUDA_nodes=4
2026-10-01T17:15:39+00:00 check sparsemax amsgradw seed=2 step=2250 val=1.5873559542282578 best=1.5873559542282578 bad=0/8 FX=4 CUDA_nodes=4
2026-10-01T17:15:41+00:00 check sparsemax amsgradw seed=2 step=2500 val=1.5804230331963978 best=1.5804230331963978 bad=0/8 FX=4 CUDA_nodes=4
2026-10-01T17:15:42+00:00 check sparsemax amsgradw seed=2 step=2750 val=1.5734414802489953 best=1.5734414802489953 bad=0/8 FX=4 CUDA_nodes=4
2026-10-01T17:15:43+00:00 check sparsemax amsgradw seed=2 step=3000 val=1.5620560060275546 best=1.5620560060275546 bad=0/8 FX=4 CUDA_nodes=4
2026-10-01T17:15:44+00:00 check sparsemax amsgradw seed=2 step=3250 val=1.5573951905137773 best=1.5573951905137773 bad=0/8 FX=4 CUDA_nodes=4
2026-10-01T17:15:45+00:00 check sparsemax amsgradw seed=2 step=3500 val=1.5558919457699483 best=1.5558919457699483 bad=0/8 FX=4 CUDA_nodes=4
2026-10-01T17:15:46+00:00 check sparsemax amsgradw seed=2 step=3750 val=1.5579035131583667 best=1.5558919457699483 bad=1/8 FX=4 CUDA_nodes=4
2026-10-01T17:15:47+00:00 check sparsemax amsgradw seed=2 step=4000 val=1.5392161039753158 best=1.5392161039753158 bad=0/8 FX=4 CUDA_nodes=4
2026-10-01T17:15:48+00:00 check sparsemax amsgradw seed=2 step=4250 val=1.5404319018638777 best=1.5392161039753158 bad=1/8 FX=4 CUDA_nodes=4
2026-10-01T17:15:49+00:00 check sparsemax amsgradw seed=2 step=4500 val=1.5365424698173795 best=1.5365424698173795 bad=0/8 FX=4 CUDA_nodes=4
2026-10-01T17:15:50+00:00 check sparsemax amsgradw seed=2 step=4750 val=1.5335658321971872 best=1.5335658321971872 bad=0/8 FX=4 CUDA_nodes=4
2026-10-01T17:15:51+00:00 check sparsemax amsgradw seed=2 step=5000 val=1.5334440421839122 best=1.5334440421839122 bad=0/8 FX=4 CUDA_nodes=4
2026-10-01T17:15:52+00:00 check sparsemax amsgradw seed=2 step=5250 val=1.5287153942576779 best=1.5287153942576779 bad=0/8 FX=4 CUDA_nodes=4
2026-10-01T17:15:53+00:00 check sparsemax amsgradw seed=2 step=5500 val=1.5290084470974454 best=1.5287153942576779 bad=1/8 FX=4 CUDA_nodes=4
2026-10-01T17:15:54+00:00 check sparsemax amsgradw seed=2 step=5750 val=1.5271851006386337 best=1.5271851006386337 bad=0/8 FX=4 CUDA_nodes=4
2026-10-01T17:15:55+00:00 check sparsemax amsgradw seed=2 step=6000 val=1.519292014611438 best=1.519292014611438 bad=0/8 FX=4 CUDA_nodes=4
2026-10-01T17:15:56+00:00 check sparsemax amsgradw seed=2 step=6250 val=1.5165647031519087 best=1.5165647031519087 bad=0/8 FX=4 CUDA_nodes=4
2026-10-01T17:15:57+00:00 check sparsemax amsgradw seed=2 step=6500 val=1.5172553604423795 best=1.5165647031519087 bad=1/8 FX=4 CUDA_nodes=4
2026-10-01T17:15:58+00:00 check sparsemax amsgradw seed=2 step=6750 val=1.5198538744080081 best=1.5165647031519087 bad=2/8 FX=4 CUDA_nodes=4
2026-10-01T17:15:59+00:00 check sparsemax amsgradw seed=2 step=7000 val=1.5139828669901694 best=1.5139828669901694 bad=0/8 FX=4 CUDA_nodes=4
2026-10-01T17:16:00+00:00 check sparsemax amsgradw seed=2 step=7250 val=1.5138777547807836 best=1.5138777547807836 bad=0/8 FX=4 CUDA_nodes=4
2026-10-01T17:16:02+00:00 check sparsemax amsgradw seed=2 step=7500 val=1.509092065962256 best=1.509092065962256 bad=0/8 FX=4 CUDA_nodes=4
2026-10-01T17:16:03+00:00 check sparsemax amsgradw seed=2 step=7750 val=1.5037093397944172 best=1.5037093397944172 bad=0/8 FX=4 CUDA_nodes=4
2026-10-01T17:16:04+00:00 check sparsemax amsgradw seed=2 step=8000 val=1.5086903971727899 best=1.5037093397944172 bad=1/8 FX=4 CUDA_nodes=4
2026-10-01T17:16:05+00:00 check sparsemax amsgradw seed=2 step=8250 val=1.5065170971315298 best=1.5037093397944172 bad=2/8 FX=4 CUDA_nodes=4
2026-10-01T17:16:06+00:00 check sparsemax amsgradw seed=2 step=8500 val=1.5010247739667049 best=1.5010247739667049 bad=0/8 FX=4 CUDA_nodes=4
2026-10-01T17:16:07+00:00 check sparsemax amsgradw seed=2 step=8750 val=1.499804631440155 best=1.499804631440155 bad=0/8 FX=4 CUDA_nodes=4
2026-10-01T17:16:08+00:00 check sparsemax amsgradw seed=2 step=9000 val=1.5053255451259329 best=1.499804631440155 bad=1/8 FX=4 CUDA_nodes=4
2026-10-01T17:16:09+00:00 check sparsemax amsgradw seed=2 step=9250 val=1.5091711103437142 best=1.499804631440155 bad=2/8 FX=4 CUDA_nodes=4
2026-10-01T17:16:10+00:00 check sparsemax amsgradw seed=2 step=9500 val=1.5053495107096728 best=1.499804631440155 bad=3/8 FX=4 CUDA_nodes=4
2026-10-01T17:16:11+00:00 check sparsemax amsgradw seed=2 step=9750 val=1.499127008063648 best=1.499127008063648 bad=0/8 FX=4 CUDA_nodes=4
2026-10-01T17:16:12+00:00 check sparsemax amsgradw seed=2 step=10000 val=1.5036714993990385 best=1.499127008063648 bad=1/8 FX=4 CUDA_nodes=4
2026-10-01T17:16:13+00:00 check sparsemax amsgradw seed=2 step=10250 val=1.5042071512180684 best=1.499127008063648 bad=2/8 FX=4 CUDA_nodes=4
2026-10-01T17:16:14+00:00 check sparsemax amsgradw seed=2 step=10500 val=1.4984050974095866 best=1.4984050974095866 bad=0/8 FX=4 CUDA_nodes=4
2026-10-01T17:16:15+00:00 check sparsemax amsgradw seed=2 step=10750 val=1.4989785896239953 best=1.4984050974095866 bad=1/8 FX=4 CUDA_nodes=4
2026-10-01T17:16:16+00:00 check sparsemax amsgradw seed=2 step=11000 val=1.5045547222571038 best=1.4984050974095866 bad=2/8 FX=4 CUDA_nodes=4
2026-10-01T17:16:17+00:00 check sparsemax amsgradw seed=2 step=11250 val=1.5035899323245552 best=1.4984050974095866 bad=3/8 FX=4 CUDA_nodes=4
2026-10-01T17:16:18+00:00 check sparsemax amsgradw seed=2 step=11500 val=1.5031804151567882 best=1.4984050974095866 bad=4/8 FX=4 CUDA_nodes=4
2026-10-01T17:16:19+00:00 check sparsemax amsgradw seed=2 step=11750 val=1.501072144535735 best=1.4984050974095866 bad=5/8 FX=4 CUDA_nodes=4
2026-10-01T17:16:20+00:00 check sparsemax amsgradw seed=2 step=12000 val=1.50375965350531 best=1.4984050974095866 bad=6/8 FX=4 CUDA_nodes=4
2026-10-01T17:16:21+00:00 check sparsemax amsgradw seed=2 step=12250 val=1.4940594783743542 best=1.4940594783743542 bad=0/8 FX=4 CUDA_nodes=4
2026-10-01T17:16:23+00:00 check sparsemax amsgradw seed=2 step=12500 val=1.4986617113501004 best=1.4940594783743542 bad=1/8 FX=4 CUDA_nodes=4
2026-10-01T17:16:24+00:00 check sparsemax amsgradw seed=2 step=12750 val=1.49826536824591 best=1.4940594783743542 bad=2/8 FX=4 CUDA_nodes=4
2026-10-01T17:16:25+00:00 check sparsemax amsgradw seed=2 step=13000 val=1.4978331468409156 best=1.4940594783743542 bad=3/8 FX=4 CUDA_nodes=4
2026-10-01T17:16:26+00:00 check sparsemax amsgradw seed=2 step=13250 val=1.496841167883539 best=1.4940594783743542 bad=4/8 FX=4 CUDA_nodes=4
2026-10-01T17:16:27+00:00 check sparsemax amsgradw seed=2 step=13500 val=1.5001617326528416 best=1.4940594783743542 bad=5/8 FX=4 CUDA_nodes=4
2026-10-01T17:16:28+00:00 check sparsemax amsgradw seed=2 step=13750 val=1.4985211412887485 best=1.4940594783743542 bad=6/8 FX=4 CUDA_nodes=4
2026-10-01T17:16:29+00:00 check sparsemax amsgradw seed=2 step=14000 val=1.5009420856953215 best=1.4940594783743542 bad=7/8 FX=4 CUDA_nodes=4
2026-10-01T17:16:30+00:00 check sparsemax amsgradw seed=2 step=14250 val=1.5072011673902124 best=1.4940594783743542 bad=8/8 FX=4 CUDA_nodes=4
2026-10-01T17:16:31+00:00 run 12/18 END sparsemax:amsgradw:2: ok stop=patience updates=14250 best=12250 test=1.6381170226840558
2026-10-01T17:16:31+00:00 run 13/18 START softmax:amsgradw:0 lr=0.0003
2026-10-01T17:16:32+00:00 check softmax amsgradw seed=0 step=0 val=4.208107879323335 best=4.208107879323335 bad=0/8 FX=3 CUDA_nodes=1
2026-10-01T17:16:43+00:00 check softmax amsgradw seed=0 step=250 val=1.9527212289663463 best=1.9527212289663463 bad=0/8 FX=4 CUDA_nodes=4
2026-10-01T17:16:44+00:00 check softmax amsgradw seed=0 step=500 val=1.8263324864559414 best=1.8263324864559414 bad=0/8 FX=4 CUDA_nodes=4
2026-10-01T17:16:45+00:00 check softmax amsgradw seed=0 step=750 val=1.7334655691643943 best=1.7334655691643943 bad=0/8 FX=4 CUDA_nodes=4
2026-10-01T17:16:46+00:00 check softmax amsgradw seed=0 step=1000 val=1.6822127157182836 best=1.6822127157182836 bad=0/8 FX=4 CUDA_nodes=4
2026-10-01T17:16:47+00:00 check softmax amsgradw seed=0 step=1250 val=1.6408869396257892 best=1.6408869396257892 bad=0/8 FX=4 CUDA_nodes=4
2026-10-01T17:16:48+00:00 check softmax amsgradw seed=0 step=1500 val=1.637162323523608 best=1.637162323523608 bad=0/8 FX=4 CUDA_nodes=4
2026-10-01T17:16:49+00:00 check softmax amsgradw seed=0 step=1750 val=1.6105347380435562 best=1.6105347380435562 bad=0/8 FX=4 CUDA_nodes=4
2026-10-01T17:16:50+00:00 check softmax amsgradw seed=0 step=2000 val=1.5922567058786596 best=1.5922567058786596 bad=0/8 FX=4 CUDA_nodes=4
2026-10-01T17:16:51+00:00 check softmax amsgradw seed=0 step=2250 val=1.579277870712543 best=1.579277870712543 bad=0/8 FX=4 CUDA_nodes=4
2026-10-01T17:16:52+00:00 check softmax amsgradw seed=0 step=2500 val=1.5726052075111223 best=1.5726052075111223 bad=0/8 FX=4 CUDA_nodes=4
2026-10-01T17:16:53+00:00 check softmax amsgradw seed=0 step=2750 val=1.5575736009705081 best=1.5575736009705081 bad=0/8 FX=4 CUDA_nodes=4
2026-10-01T17:16:54+00:00 check softmax amsgradw seed=0 step=3000 val=1.5557407243380454 best=1.5557407243380454 bad=0/8 FX=4 CUDA_nodes=4
2026-10-01T17:16:55+00:00 check softmax amsgradw seed=0 step=3250 val=1.5448618909658438 best=1.5448618909658438 bad=0/8 FX=4 CUDA_nodes=4
2026-10-01T17:16:56+00:00 check softmax amsgradw seed=0 step=3500 val=1.5488372347248134 best=1.5448618909658438 bad=1/8 FX=4 CUDA_nodes=4
2026-10-01T17:16:57+00:00 check softmax amsgradw seed=0 step=3750 val=1.5448658151549943 best=1.5448618909658438 bad=2/8 FX=4 CUDA_nodes=4
2026-10-01T17:16:58+00:00 check softmax amsgradw seed=0 step=4000 val=1.5380302981038318 best=1.5380302981038318 bad=0/8 FX=4 CUDA_nodes=4
2026-10-01T17:16:59+00:00 check softmax amsgradw seed=0 step=4250 val=1.5299792634633325 best=1.5299792634633325 bad=0/8 FX=4 CUDA_nodes=4
2026-10-01T17:17:00+00:00 check softmax amsgradw seed=0 step=4500 val=1.5215976158869116 best=1.5215976158869116 bad=0/8 FX=4 CUDA_nodes=4
2026-10-01T17:17:01+00:00 check softmax amsgradw seed=0 step=4750 val=1.5265074772621268 best=1.5215976158869116 bad=1/8 FX=4 CUDA_nodes=4
2026-10-01T17:17:02+00:00 check softmax amsgradw seed=0 step=5000 val=1.5242673258556976 best=1.5215976158869116 bad=2/8 FX=4 CUDA_nodes=4
2026-10-01T17:17:03+00:00 check softmax amsgradw seed=0 step=5250 val=1.5192401592548077 best=1.5192401592548077 bad=0/8 FX=4 CUDA_nodes=4
2026-10-01T17:17:04+00:00 check softmax amsgradw seed=0 step=5500 val=1.5208249710731199 best=1.5192401592548077 bad=1/8 FX=4 CUDA_nodes=4
2026-10-01T17:17:06+00:00 check softmax amsgradw seed=0 step=5750 val=1.5127611828178817 best=1.5127611828178817 bad=0/8 FX=4 CUDA_nodes=4
2026-10-01T17:17:07+00:00 check softmax amsgradw seed=0 step=6000 val=1.5165642827030712 best=1.5127611828178817 bad=1/8 FX=4 CUDA_nodes=4
2026-10-01T17:17:08+00:00 check softmax amsgradw seed=0 step=6250 val=1.5123150866012485 best=1.5123150866012485 bad=0/8 FX=4 CUDA_nodes=4
2026-10-01T17:17:09+00:00 check softmax amsgradw seed=0 step=6500 val=1.5040712060939294 best=1.5040712060939294 bad=0/8 FX=4 CUDA_nodes=4
2026-10-01T17:17:10+00:00 check softmax amsgradw seed=0 step=6750 val=1.5059731764853617 best=1.5040712060939294 bad=1/8 FX=4 CUDA_nodes=4
2026-10-01T17:17:11+00:00 check softmax amsgradw seed=0 step=7000 val=1.5136550570464984 best=1.5040712060939294 bad=2/8 FX=4 CUDA_nodes=4
2026-10-01T17:17:12+00:00 check softmax amsgradw seed=0 step=7250 val=1.5046783342153416 best=1.5040712060939294 bad=3/8 FX=4 CUDA_nodes=4
2026-10-01T17:17:13+00:00 check softmax amsgradw seed=0 step=7500 val=1.5081191473521813 best=1.5040712060939294 bad=4/8 FX=4 CUDA_nodes=4
2026-10-01T17:17:14+00:00 check softmax amsgradw seed=0 step=7750 val=1.5027976665650116 best=1.5027976665650116 bad=0/8 FX=4 CUDA_nodes=4
2026-10-01T17:17:15+00:00 check softmax amsgradw seed=0 step=8000 val=1.497968951815442 best=1.497968951815442 bad=0/8 FX=4 CUDA_nodes=4
2026-10-01T17:17:16+00:00 check softmax amsgradw seed=0 step=8250 val=1.507572984312213 best=1.497968951815442 bad=1/8 FX=4 CUDA_nodes=4
2026-10-01T17:17:17+00:00 check softmax amsgradw seed=0 step=8500 val=1.5004767889817738 best=1.497968951815442 bad=2/8 FX=4 CUDA_nodes=4
2026-10-01T17:17:18+00:00 check softmax amsgradw seed=0 step=8750 val=1.495738470732276 best=1.495738470732276 bad=0/8 FX=4 CUDA_nodes=4
2026-10-01T17:17:19+00:00 check softmax amsgradw seed=0 step=9000 val=1.4924658371304536 best=1.4924658371304536 bad=0/8 FX=4 CUDA_nodes=4
2026-10-01T17:17:20+00:00 check softmax amsgradw seed=0 step=9250 val=1.4992640743846872 best=1.4924658371304536 bad=1/8 FX=4 CUDA_nodes=4
2026-10-01T17:17:21+00:00 check softmax amsgradw seed=0 step=9500 val=1.496401098100244 best=1.4924658371304536 bad=2/8 FX=4 CUDA_nodes=4
2026-10-01T17:17:22+00:00 check softmax amsgradw seed=0 step=9750 val=1.4967091469485505 best=1.4924658371304536 bad=3/8 FX=4 CUDA_nodes=4
2026-10-01T17:17:23+00:00 check softmax amsgradw seed=0 step=10000 val=1.4928513887144805 best=1.4924658371304536 bad=4/8 FX=4 CUDA_nodes=4
2026-10-01T17:17:24+00:00 check softmax amsgradw seed=0 step=10250 val=1.4912178048310132 best=1.4912178048310132 bad=0/8 FX=4 CUDA_nodes=4
2026-10-01T17:17:25+00:00 check softmax amsgradw seed=0 step=10500 val=1.4908569195787889 best=1.4908569195787889 bad=0/8 FX=4 CUDA_nodes=4
2026-10-01T17:17:26+00:00 check softmax amsgradw seed=0 step=10750 val=1.4928129877206515 best=1.4908569195787889 bad=1/8 FX=4 CUDA_nodes=4
2026-10-01T17:17:27+00:00 check softmax amsgradw seed=0 step=11000 val=1.4916123259902412 best=1.4908569195787889 bad=2/8 FX=4 CUDA_nodes=4
2026-10-01T17:17:28+00:00 check softmax amsgradw seed=0 step=11250 val=1.4926055662941302 best=1.4908569195787889 bad=3/8 FX=4 CUDA_nodes=4
2026-10-01T17:17:29+00:00 check softmax amsgradw seed=0 step=11500 val=1.4932770230876866 best=1.4908569195787889 bad=4/8 FX=4 CUDA_nodes=4
2026-10-01T17:17:30+00:00 check softmax amsgradw seed=0 step=11750 val=1.4930233522890355 best=1.4908569195787889 bad=5/8 FX=4 CUDA_nodes=4
2026-10-01T17:17:31+00:00 check softmax amsgradw seed=0 step=12000 val=1.4901197326169633 best=1.4901197326169633 bad=0/8 FX=4 CUDA_nodes=4
2026-10-01T17:17:32+00:00 check softmax amsgradw seed=0 step=12250 val=1.4887075851212686 best=1.4887075851212686 bad=0/8 FX=4 CUDA_nodes=4
2026-10-01T17:17:33+00:00 check softmax amsgradw seed=0 step=12500 val=1.4966413145360935 best=1.4887075851212686 bad=1/8 FX=4 CUDA_nodes=4
2026-10-01T17:17:34+00:00 check softmax amsgradw seed=0 step=12750 val=1.49702182073407 best=1.4887075851212686 bad=2/8 FX=4 CUDA_nodes=4
2026-10-01T17:17:35+00:00 check softmax amsgradw seed=0 step=13000 val=1.5001363655729765 best=1.4887075851212686 bad=3/8 FX=4 CUDA_nodes=4
2026-10-01T17:17:36+00:00 check softmax amsgradw seed=0 step=13250 val=1.489248002027124 best=1.4887075851212686 bad=4/8 FX=4 CUDA_nodes=4
2026-10-01T17:17:37+00:00 check softmax amsgradw seed=0 step=13500 val=1.4889329456981917 best=1.4887075851212686 bad=5/8 FX=4 CUDA_nodes=4
2026-10-01T17:17:38+00:00 check softmax amsgradw seed=0 step=13750 val=1.4888854349795493 best=1.4887075851212686 bad=6/8 FX=4 CUDA_nodes=4
2026-10-01T17:17:39+00:00 check softmax amsgradw seed=0 step=14000 val=1.4932883752063002 best=1.4887075851212686 bad=7/8 FX=4 CUDA_nodes=4
2026-10-01T17:17:40+00:00 check softmax amsgradw seed=0 step=14250 val=1.4895968344126722 best=1.4887075851212686 bad=8/8 FX=4 CUDA_nodes=4
2026-10-01T17:17:42+00:00 run 13/18 END softmax:amsgradw:0: ok stop=patience updates=14250 best=12250 test=1.6234006126219862
2026-10-01T17:17:42+00:00 run 14/18 START softmax:amsgradw:1 lr=0.0003
2026-10-01T17:17:43+00:00 check softmax amsgradw seed=1 step=0 val=4.165836513795207 best=4.165836513795207 bad=0/8 FX=3 CUDA_nodes=1
2026-10-01T17:17:45+00:00 check softmax amsgradw seed=1 step=250 val=1.9228058737263203 best=1.9228058737263203 bad=0/8 FX=4 CUDA_nodes=4
2026-10-01T17:17:46+00:00 check softmax amsgradw seed=1 step=500 val=1.791951824411596 best=1.791951824411596 bad=0/8 FX=4 CUDA_nodes=4
2026-10-01T17:17:47+00:00 check softmax amsgradw seed=1 step=750 val=1.7356647968839696 best=1.7356647968839696 bad=0/8 FX=4 CUDA_nodes=4
2026-10-01T17:17:48+00:00 check softmax amsgradw seed=1 step=1000 val=1.6781443126166045 best=1.6781443126166045 bad=0/8 FX=4 CUDA_nodes=4
2026-10-01T17:17:49+00:00 check softmax amsgradw seed=1 step=1250 val=1.6447197512288318 best=1.6447197512288318 bad=0/8 FX=4 CUDA_nodes=4
2026-10-01T17:17:50+00:00 check softmax amsgradw seed=1 step=1500 val=1.6265018432477039 best=1.6265018432477039 bad=0/8 FX=4 CUDA_nodes=4
2026-10-01T17:17:51+00:00 check softmax amsgradw seed=1 step=1750 val=1.5997981565280568 best=1.5997981565280568 bad=0/8 FX=4 CUDA_nodes=4
2026-10-01T17:17:52+00:00 check softmax amsgradw seed=1 step=2000 val=1.5890231740187284 best=1.5890231740187284 bad=0/8 FX=4 CUDA_nodes=4
2026-10-01T17:17:53+00:00 check softmax amsgradw seed=1 step=2250 val=1.5767869916493256 best=1.5767869916493256 bad=0/8 FX=4 CUDA_nodes=4
2026-10-01T17:17:54+00:00 check softmax amsgradw seed=1 step=2500 val=1.5635120203519661 best=1.5635120203519661 bad=0/8 FX=4 CUDA_nodes=4
2026-10-01T17:17:55+00:00 check softmax amsgradw seed=1 step=2750 val=1.5605048301162456 best=1.5605048301162456 bad=0/8 FX=4 CUDA_nodes=4
2026-10-01T17:17:56+00:00 check softmax amsgradw seed=1 step=3000 val=1.5487968716364093 best=1.5487968716364093 bad=0/8 FX=4 CUDA_nodes=4
2026-10-01T17:17:57+00:00 check softmax amsgradw seed=1 step=3250 val=1.5525966079308984 best=1.5487968716364093 bad=1/8 FX=4 CUDA_nodes=4
2026-10-01T17:17:59+00:00 check softmax amsgradw seed=1 step=3500 val=1.544974991703143 best=1.544974991703143 bad=0/8 FX=4 CUDA_nodes=4
2026-10-01T17:18:00+00:00 check softmax amsgradw seed=1 step=3750 val=1.5369027944711537 best=1.5369027944711537 bad=0/8 FX=4 CUDA_nodes=4
2026-10-01T17:18:01+00:00 check softmax amsgradw seed=1 step=4000 val=1.53169035008252 best=1.53169035008252 bad=0/8 FX=4 CUDA_nodes=4
2026-10-01T17:18:02+00:00 check softmax amsgradw seed=1 step=4250 val=1.5289418760315012 best=1.5289418760315012 bad=0/8 FX=4 CUDA_nodes=4
2026-10-01T17:18:03+00:00 check softmax amsgradw seed=1 step=4500 val=1.5291937248851895 best=1.5289418760315012 bad=1/8 FX=4 CUDA_nodes=4
2026-10-01T17:18:04+00:00 check softmax amsgradw seed=1 step=4750 val=1.5337348526298795 best=1.5289418760315012 bad=2/8 FX=4 CUDA_nodes=4
2026-10-01T17:18:05+00:00 check softmax amsgradw seed=1 step=5000 val=1.5252657516952497 best=1.5252657516952497 bad=0/8 FX=4 CUDA_nodes=4
2026-10-01T17:18:06+00:00 check softmax amsgradw seed=1 step=5250 val=1.5196747632032146 best=1.5196747632032146 bad=0/8 FX=4 CUDA_nodes=4
2026-10-01T17:18:07+00:00 check softmax amsgradw seed=1 step=5500 val=1.5221605968803817 best=1.5196747632032146 bad=1/8 FX=4 CUDA_nodes=4
2026-10-01T17:18:08+00:00 check softmax amsgradw seed=1 step=5750 val=1.5193923617339984 best=1.5193923617339984 bad=0/8 FX=4 CUDA_nodes=4
2026-10-01T17:18:09+00:00 check softmax amsgradw seed=1 step=6000 val=1.5099050738644517 best=1.5099050738644517 bad=0/8 FX=4 CUDA_nodes=4
2026-10-01T17:18:10+00:00 check softmax amsgradw seed=1 step=6250 val=1.5177052406985505 best=1.5099050738644517 bad=1/8 FX=4 CUDA_nodes=4
2026-10-01T17:18:11+00:00 check softmax amsgradw seed=1 step=6500 val=1.509950902787744 best=1.5099050738644517 bad=2/8 FX=4 CUDA_nodes=4
2026-10-01T17:18:12+00:00 check softmax amsgradw seed=1 step=6750 val=1.510662582520092 best=1.5099050738644517 bad=3/8 FX=4 CUDA_nodes=4
2026-10-01T17:18:13+00:00 check softmax amsgradw seed=1 step=7000 val=1.5046183501811854 best=1.5046183501811854 bad=0/8 FX=4 CUDA_nodes=4
2026-10-01T17:18:14+00:00 check softmax amsgradw seed=1 step=7250 val=1.5046257781106487 best=1.5046183501811854 bad=1/8 FX=4 CUDA_nodes=4
2026-10-01T17:18:15+00:00 check softmax amsgradw seed=1 step=7500 val=1.502251223225818 best=1.502251223225818 bad=0/8 FX=4 CUDA_nodes=4
2026-10-01T17:18:16+00:00 check softmax amsgradw seed=1 step=7750 val=1.5051689980087544 best=1.502251223225818 bad=1/8 FX=4 CUDA_nodes=4
2026-10-01T17:18:17+00:00 check softmax amsgradw seed=1 step=8000 val=1.4969852416852039 best=1.4969852416852039 bad=0/8 FX=4 CUDA_nodes=4
2026-10-01T17:18:18+00:00 check softmax amsgradw seed=1 step=8250 val=1.4923699747954937 best=1.4923699747954937 bad=0/8 FX=4 CUDA_nodes=4
2026-10-01T17:18:19+00:00 check softmax amsgradw seed=1 step=8500 val=1.4977211673005166 best=1.4923699747954937 bad=1/8 FX=4 CUDA_nodes=4
2026-10-01T17:18:20+00:00 check softmax amsgradw seed=1 step=8750 val=1.5036916809432406 best=1.4923699747954937 bad=2/8 FX=4 CUDA_nodes=4
2026-10-01T17:18:21+00:00 check softmax amsgradw seed=1 step=9000 val=1.4960144253193168 best=1.4923699747954937 bad=3/8 FX=4 CUDA_nodes=4
2026-10-01T17:18:23+00:00 check softmax amsgradw seed=1 step=9250 val=1.5011426397908294 best=1.4923699747954937 bad=4/8 FX=4 CUDA_nodes=4
2026-10-01T17:18:24+00:00 check softmax amsgradw seed=1 step=9500 val=1.502104346431903 best=1.4923699747954937 bad=5/8 FX=4 CUDA_nodes=4
2026-10-01T17:18:25+00:00 check softmax amsgradw seed=1 step=9750 val=1.4901753720131314 best=1.4901753720131314 bad=0/8 FX=4 CUDA_nodes=4
2026-10-01T17:18:26+00:00 check softmax amsgradw seed=1 step=10000 val=1.4923568007319172 best=1.4901753720131314 bad=1/8 FX=4 CUDA_nodes=4
2026-10-01T17:18:27+00:00 check softmax amsgradw seed=1 step=10250 val=1.4928561538013059 best=1.4901753720131314 bad=2/8 FX=4 CUDA_nodes=4
2026-10-01T17:18:28+00:00 check softmax amsgradw seed=1 step=10500 val=1.493608196622058 best=1.4901753720131314 bad=3/8 FX=4 CUDA_nodes=4
2026-10-01T17:18:29+00:00 check softmax amsgradw seed=1 step=10750 val=1.4894154808140787 best=1.4894154808140787 bad=0/8 FX=4 CUDA_nodes=4
2026-10-01T17:18:30+00:00 check softmax amsgradw seed=1 step=11000 val=1.4989525217960677 best=1.4894154808140787 bad=1/8 FX=4 CUDA_nodes=4
2026-10-01T17:18:31+00:00 check softmax amsgradw seed=1 step=11250 val=1.4897884189329793 best=1.4894154808140787 bad=2/8 FX=4 CUDA_nodes=4
2026-10-01T17:18:32+00:00 check softmax amsgradw seed=1 step=11500 val=1.4893131715969432 best=1.4893131715969432 bad=0/8 FX=4 CUDA_nodes=4
2026-10-01T17:18:33+00:00 check softmax amsgradw seed=1 step=11750 val=1.4921486785573335 best=1.4893131715969432 bad=1/8 FX=4 CUDA_nodes=4
2026-10-01T17:18:34+00:00 check softmax amsgradw seed=1 step=12000 val=1.4948527251811854 best=1.4893131715969432 bad=2/8 FX=4 CUDA_nodes=4
2026-10-01T17:18:35+00:00 check softmax amsgradw seed=1 step=12250 val=1.4881551153487371 best=1.4881551153487371 bad=0/8 FX=4 CUDA_nodes=4
2026-10-01T17:18:36+00:00 check softmax amsgradw seed=1 step=12500 val=1.4915314596638203 best=1.4881551153487371 bad=1/8 FX=4 CUDA_nodes=4
2026-10-01T17:18:37+00:00 check softmax amsgradw seed=1 step=12750 val=1.4912685389907434 best=1.4881551153487371 bad=2/8 FX=4 CUDA_nodes=4
2026-10-01T17:18:38+00:00 check softmax amsgradw seed=1 step=13000 val=1.48566984227002 best=1.48566984227002 bad=0/8 FX=4 CUDA_nodes=4
2026-10-01T17:18:39+00:00 check softmax amsgradw seed=1 step=13250 val=1.4915929853437142 best=1.48566984227002 bad=1/8 FX=4 CUDA_nodes=4
2026-10-01T17:18:40+00:00 check softmax amsgradw seed=1 step=13500 val=1.4859207100764207 best=1.48566984227002 bad=2/8 FX=4 CUDA_nodes=4
2026-10-01T17:18:41+00:00 check softmax amsgradw seed=1 step=13750 val=1.486305000313935 best=1.48566984227002 bad=3/8 FX=4 CUDA_nodes=4
2026-10-01T17:18:42+00:00 check softmax amsgradw seed=1 step=14000 val=1.4909986108370408 best=1.48566984227002 bad=4/8 FX=4 CUDA_nodes=4
2026-10-01T17:18:43+00:00 check softmax amsgradw seed=1 step=14250 val=1.488964339211395 best=1.48566984227002 bad=5/8 FX=4 CUDA_nodes=4
2026-10-01T17:18:44+00:00 check softmax amsgradw seed=1 step=14500 val=1.4922201548597158 best=1.48566984227002 bad=6/8 FX=4 CUDA_nodes=4
2026-10-01T17:18:45+00:00 check softmax amsgradw seed=1 step=14750 val=1.4860197958524684 best=1.48566984227002 bad=7/8 FX=4 CUDA_nodes=4
2026-10-01T17:18:46+00:00 check softmax amsgradw seed=1 step=15000 val=1.4850293585408294 best=1.4850293585408294 bad=0/8 FX=4 CUDA_nodes=4
2026-10-01T17:18:47+00:00 check softmax amsgradw seed=1 step=15250 val=1.4820258121950345 best=1.4820258121950345 bad=0/8 FX=4 CUDA_nodes=4
2026-10-01T17:18:48+00:00 check softmax amsgradw seed=1 step=15500 val=1.4881973003821038 best=1.4820258121950345 bad=1/8 FX=4 CUDA_nodes=4
2026-10-01T17:18:49+00:00 check softmax amsgradw seed=1 step=15750 val=1.4923165777931258 best=1.4820258121950345 bad=2/8 FX=4 CUDA_nodes=4
2026-10-01T17:18:50+00:00 check softmax amsgradw seed=1 step=16000 val=1.488530295861438 best=1.4820258121950345 bad=3/8 FX=4 CUDA_nodes=4
2026-10-01T17:18:51+00:00 check softmax amsgradw seed=1 step=16250 val=1.4927523029384329 best=1.4820258121950345 bad=4/8 FX=4 CUDA_nodes=4
2026-10-01T17:18:52+00:00 check softmax amsgradw seed=1 step=16500 val=1.492718246582592 best=1.4820258121950345 bad=5/8 FX=4 CUDA_nodes=4
2026-10-01T17:18:53+00:00 check softmax amsgradw seed=1 step=16750 val=1.4887756978329507 best=1.4820258121950345 bad=6/8 FX=4 CUDA_nodes=4
2026-10-01T17:18:54+00:00 check softmax amsgradw seed=1 step=17000 val=1.4881909936495408 best=1.4820258121950345 bad=7/8 FX=4 CUDA_nodes=4
2026-10-01T17:18:55+00:00 check softmax amsgradw seed=1 step=17250 val=1.4975742905066016 best=1.4820258121950345 bad=8/8 FX=4 CUDA_nodes=4
2026-10-01T17:18:56+00:00 run 14/18 END softmax:amsgradw:1: ok stop=patience updates=17250 best=15250 test=1.6260903639853617
2026-10-01T17:18:56+00:00 run 15/18 START softmax:amsgradw:2 lr=0.0003
2026-10-01T17:18:57+00:00 check softmax amsgradw seed=2 step=0 val=4.185370566787457 best=4.185370566787457 bad=0/8 FX=3 CUDA_nodes=1
2026-10-01T17:18:59+00:00 check softmax amsgradw seed=2 step=250 val=1.9548707035734787 best=1.9548707035734787 bad=0/8 FX=4 CUDA_nodes=4
2026-10-01T17:19:00+00:00 check softmax amsgradw seed=2 step=500 val=1.8009753572133325 best=1.8009753572133325 bad=0/8 FX=4 CUDA_nodes=4
2026-10-01T17:19:01+00:00 check softmax amsgradw seed=2 step=750 val=1.7229149661847014 best=1.7229149661847014 bad=0/8 FX=4 CUDA_nodes=4
2026-10-01T17:19:02+00:00 check softmax amsgradw seed=2 step=1000 val=1.678749338493829 best=1.678749338493829 bad=0/8 FX=4 CUDA_nodes=4
2026-10-01T17:19:04+00:00 check softmax amsgradw seed=2 step=1250 val=1.6439430420762773 best=1.6439430420762773 bad=0/8 FX=4 CUDA_nodes=4
2026-10-01T17:19:05+00:00 check softmax amsgradw seed=2 step=1500 val=1.6277673942487083 best=1.6277673942487083 bad=0/8 FX=4 CUDA_nodes=4
2026-10-01T17:19:06+00:00 check softmax amsgradw seed=2 step=1750 val=1.6114241274845724 best=1.6114241274845724 bad=0/8 FX=4 CUDA_nodes=4
2026-10-01T17:19:07+00:00 check softmax amsgradw seed=2 step=2000 val=1.5936684329255166 best=1.5936684329255166 bad=0/8 FX=4 CUDA_nodes=4
2026-10-01T17:19:08+00:00 check softmax amsgradw seed=2 step=2250 val=1.5730777920045207 best=1.5730777920045207 bad=0/8 FX=4 CUDA_nodes=4
2026-10-01T17:19:09+00:00 check softmax amsgradw seed=2 step=2500 val=1.5657645049242968 best=1.5657645049242968 bad=0/8 FX=4 CUDA_nodes=4
2026-10-01T17:19:10+00:00 check softmax amsgradw seed=2 step=2750 val=1.560303014674225 best=1.560303014674225 bad=0/8 FX=4 CUDA_nodes=4
2026-10-01T17:19:11+00:00 check softmax amsgradw seed=2 step=3000 val=1.5509277063450775 best=1.5509277063450775 bad=0/8 FX=4 CUDA_nodes=4
2026-10-01T17:19:12+00:00 check softmax amsgradw seed=2 step=3250 val=1.5485779579416619 best=1.5485779579416619 bad=0/8 FX=4 CUDA_nodes=4
2026-10-01T17:19:13+00:00 check softmax amsgradw seed=2 step=3500 val=1.5439111159945464 best=1.5439111159945464 bad=0/8 FX=4 CUDA_nodes=4
2026-10-01T17:19:14+00:00 check softmax amsgradw seed=2 step=3750 val=1.5461075407218714 best=1.5439111159945464 bad=1/8 FX=4 CUDA_nodes=4
2026-10-01T17:19:15+00:00 check softmax amsgradw seed=2 step=4000 val=1.5260078438935132 best=1.5260078438935132 bad=0/8 FX=4 CUDA_nodes=4
2026-10-01T17:19:16+00:00 check softmax amsgradw seed=2 step=4250 val=1.5311542778146527 best=1.5260078438935132 bad=1/8 FX=4 CUDA_nodes=4
2026-10-01T17:19:17+00:00 check softmax amsgradw seed=2 step=4500 val=1.5296031019033438 best=1.5260078438935132 bad=2/8 FX=4 CUDA_nodes=4
2026-10-01T17:19:19+00:00 check softmax amsgradw seed=2 step=4750 val=1.5261442094664897 best=1.5260078438935132 bad=3/8 FX=4 CUDA_nodes=4
2026-10-01T17:19:20+00:00 check softmax amsgradw seed=2 step=5000 val=1.5207840473862657 best=1.5207840473862657 bad=0/8 FX=4 CUDA_nodes=4
2026-10-01T17:19:21+00:00 check softmax amsgradw seed=2 step=5250 val=1.5196066504915327 best=1.5196066504915327 bad=0/8 FX=4 CUDA_nodes=4
2026-10-01T17:19:22+00:00 check softmax amsgradw seed=2 step=5500 val=1.5255334374551521 best=1.5196066504915327 bad=1/8 FX=4 CUDA_nodes=4
2026-10-01T17:19:23+00:00 check softmax amsgradw seed=2 step=5750 val=1.51916447846405 best=1.51916447846405 bad=0/8 FX=4 CUDA_nodes=4
2026-10-01T17:19:24+00:00 check softmax amsgradw seed=2 step=6000 val=1.5116886178333093 best=1.5116886178333093 bad=0/8 FX=4 CUDA_nodes=4
2026-10-01T17:19:25+00:00 check softmax amsgradw seed=2 step=6250 val=1.5068701340054536 best=1.5068701340054536 bad=0/8 FX=4 CUDA_nodes=4
2026-10-01T17:19:26+00:00 check softmax amsgradw seed=2 step=6500 val=1.5074929588834673 best=1.5068701340054536 bad=1/8 FX=4 CUDA_nodes=4
2026-10-01T17:19:27+00:00 check softmax amsgradw seed=2 step=6750 val=1.5125211065316446 best=1.5068701340054536 bad=2/8 FX=4 CUDA_nodes=4
2026-10-01T17:19:28+00:00 check softmax amsgradw seed=2 step=7000 val=1.5080094102055828 best=1.5068701340054536 bad=3/8 FX=4 CUDA_nodes=4
2026-10-01T17:19:29+00:00 check softmax amsgradw seed=2 step=7250 val=1.5041824848862657 best=1.5041824848862657 bad=0/8 FX=4 CUDA_nodes=4
2026-10-01T17:19:30+00:00 check softmax amsgradw seed=2 step=7500 val=1.5001618728024542 best=1.5001618728024542 bad=0/8 FX=4 CUDA_nodes=4
2026-10-01T17:19:31+00:00 check softmax amsgradw seed=2 step=7750 val=1.500204057835821 best=1.5001618728024542 bad=1/8 FX=4 CUDA_nodes=4
2026-10-01T17:19:32+00:00 check softmax amsgradw seed=2 step=8000 val=1.5027013837812142 best=1.5001618728024542 bad=2/8 FX=4 CUDA_nodes=4
2026-10-01T17:19:33+00:00 check softmax amsgradw seed=2 step=8250 val=1.5033895183786596 best=1.5001618728024542 bad=3/8 FX=4 CUDA_nodes=4
2026-10-01T17:19:34+00:00 check softmax amsgradw seed=2 step=8500 val=1.489986450335462 best=1.489986450335462 bad=0/8 FX=4 CUDA_nodes=4
2026-10-01T17:19:36+00:00 check softmax amsgradw seed=2 step=8750 val=1.4925054994707951 best=1.489986450335462 bad=1/8 FX=4 CUDA_nodes=4
2026-10-01T17:19:37+00:00 check softmax amsgradw seed=2 step=9000 val=1.498173570249713 best=1.489986450335462 bad=2/8 FX=4 CUDA_nodes=4
2026-10-01T17:19:38+00:00 check softmax amsgradw seed=2 step=9250 val=1.4945794334367823 best=1.489986450335462 bad=3/8 FX=4 CUDA_nodes=4
2026-10-01T17:19:39+00:00 check softmax amsgradw seed=2 step=9500 val=1.499970288282147 best=1.489986450335462 bad=4/8 FX=4 CUDA_nodes=4
2026-10-01T17:19:40+00:00 check softmax amsgradw seed=2 step=9750 val=1.492177409227899 best=1.489986450335462 bad=5/8 FX=4 CUDA_nodes=4
2026-10-01T17:19:41+00:00 check softmax amsgradw seed=2 step=10000 val=1.4907623185903416 best=1.489986450335462 bad=6/8 FX=4 CUDA_nodes=4
2026-10-01T17:19:42+00:00 check softmax amsgradw seed=2 step=10250 val=1.49609375 best=1.489986450335462 bad=7/8 FX=4 CUDA_nodes=4
2026-10-01T17:19:43+00:00 check softmax amsgradw seed=2 step=10500 val=1.4991055651729335 best=1.489986450335462 bad=8/8 FX=4 CUDA_nodes=4
2026-10-01T17:19:44+00:00 run 15/18 END softmax:amsgradw:2: ok stop=patience updates=10500 best=8500 test=1.6266331634346298
2026-10-01T17:19:44+00:00 run 16/18 START sparsemax:amsgradmd_guarded:0 lr=0.1
2026-10-01T17:19:45+00:00 check sparsemax amsgradmd_guarded seed=0 step=0 val=4.200711623672503 best=4.200711623672503 bad=0/8 FX=3 CUDA_nodes=1
2026-10-01T17:20:11+00:00 check sparsemax amsgradmd_guarded seed=0 step=250 val=2.0598353354172647 best=2.0598353354172647 bad=0/8 FX=4 CUDA_nodes=4
2026-10-01T17:20:13+00:00 check sparsemax amsgradmd_guarded seed=0 step=500 val=1.9345918955403272 best=1.9345918955403272 bad=0/8 FX=4 CUDA_nodes=4
2026-10-01T17:20:14+00:00 check sparsemax amsgradmd_guarded seed=0 step=750 val=1.833365053862299 best=1.833365053862299 bad=0/8 FX=4 CUDA_nodes=4
2026-10-01T17:20:15+00:00 check sparsemax amsgradmd_guarded seed=0 step=1000 val=1.7921113146706371 best=1.7921113146706371 bad=0/8 FX=4 CUDA_nodes=4
2026-10-01T17:20:16+00:00 check sparsemax amsgradmd_guarded seed=0 step=1250 val=1.7468138387090988 best=1.7468138387090988 bad=0/8 FX=4 CUDA_nodes=4
2026-10-01T17:20:17+00:00 check sparsemax amsgradmd_guarded seed=0 step=1500 val=1.7276551063791619 best=1.7276551063791619 bad=0/8 FX=4 CUDA_nodes=4
2026-10-01T17:20:19+00:00 check sparsemax amsgradmd_guarded seed=0 step=1750 val=1.6967707567182118 best=1.6967707567182118 bad=0/8 FX=4 CUDA_nodes=4
2026-10-01T17:20:20+00:00 check sparsemax amsgradmd_guarded seed=0 step=2000 val=1.6732769165739811 best=1.6732769165739811 bad=0/8 FX=4 CUDA_nodes=4
2026-10-01T17:20:21+00:00 check sparsemax amsgradmd_guarded seed=0 step=2250 val=1.6548210345508036 best=1.6548210345508036 bad=0/8 FX=4 CUDA_nodes=4
2026-10-01T17:20:22+00:00 check sparsemax amsgradmd_guarded seed=0 step=2500 val=1.6468643205995264 best=1.6468643205995264 bad=0/8 FX=4 CUDA_nodes=4
2026-10-01T17:20:24+00:00 check sparsemax amsgradmd_guarded seed=0 step=2750 val=1.6336028036649684 best=1.6336028036649684 bad=0/8 FX=4 CUDA_nodes=4
2026-10-01T17:20:25+00:00 check sparsemax amsgradmd_guarded seed=0 step=3000 val=1.62714933445752 best=1.62714933445752 bad=0/8 FX=4 CUDA_nodes=4
2026-10-01T17:20:26+00:00 check sparsemax amsgradmd_guarded seed=0 step=3250 val=1.613618029518872 best=1.613618029518872 bad=0/8 FX=4 CUDA_nodes=4
2026-10-01T17:20:27+00:00 check sparsemax amsgradmd_guarded seed=0 step=3500 val=1.6103190477898968 best=1.6103190477898968 bad=0/8 FX=4 CUDA_nodes=4
2026-10-01T17:20:29+00:00 check sparsemax amsgradmd_guarded seed=0 step=3750 val=1.6125486879753874 best=1.6103190477898968 bad=1/8 FX=4 CUDA_nodes=4
2026-10-01T17:20:30+00:00 check sparsemax amsgradmd_guarded seed=0 step=4000 val=1.593857634902411 best=1.593857634902411 bad=0/8 FX=4 CUDA_nodes=4
2026-10-01T17:20:31+00:00 check sparsemax amsgradmd_guarded seed=0 step=4250 val=1.5898918213170925 best=1.5898918213170925 bad=0/8 FX=4 CUDA_nodes=4
2026-10-01T17:20:32+00:00 check sparsemax amsgradmd_guarded seed=0 step=4500 val=1.5800606062984357 best=1.5800606062984357 bad=0/8 FX=4 CUDA_nodes=4
2026-10-01T17:20:33+00:00 check sparsemax amsgradmd_guarded seed=0 step=4750 val=1.588785480275904 best=1.5800606062984357 bad=1/8 FX=4 CUDA_nodes=4
2026-10-01T17:20:35+00:00 check sparsemax amsgradmd_guarded seed=0 step=5000 val=1.5780029296875 best=1.5780029296875 bad=0/8 FX=4 CUDA_nodes=4
2026-10-01T17:20:36+00:00 check sparsemax amsgradmd_guarded seed=0 step=5250 val=1.5702756406519087 best=1.5702756406519087 bad=0/8 FX=4 CUDA_nodes=4
2026-10-01T17:20:37+00:00 check sparsemax amsgradmd_guarded seed=0 step=5500 val=1.5707137483406286 best=1.5702756406519087 bad=1/8 FX=4 CUDA_nodes=4
2026-10-01T17:20:38+00:00 check sparsemax amsgradmd_guarded seed=0 step=5750 val=1.5604693722642795 best=1.5604693722642795 bad=0/8 FX=4 CUDA_nodes=4
2026-10-01T17:20:39+00:00 check sparsemax amsgradmd_guarded seed=0 step=6000 val=1.5670058100423363 best=1.5604693722642795 bad=1/8 FX=4 CUDA_nodes=4
2026-10-01T17:20:41+00:00 check sparsemax amsgradmd_guarded seed=0 step=6250 val=1.5631383814850028 best=1.5604693722642795 bad=2/8 FX=4 CUDA_nodes=4
2026-10-01T17:20:42+00:00 check sparsemax amsgradmd_guarded seed=0 step=6500 val=1.5592879110307836 best=1.5592879110307836 bad=0/8 FX=4 CUDA_nodes=4
2026-10-01T17:20:43+00:00 check sparsemax amsgradmd_guarded seed=0 step=6750 val=1.5591448182764065 best=1.5591448182764065 bad=0/8 FX=4 CUDA_nodes=4
2026-10-01T17:20:44+00:00 check sparsemax amsgradmd_guarded seed=0 step=7000 val=1.5570155252134759 best=1.5570155252134759 bad=0/8 FX=4 CUDA_nodes=4
2026-10-01T17:20:45+00:00 check sparsemax amsgradmd_guarded seed=0 step=7250 val=1.5540017479459673 best=1.5540017479459673 bad=0/8 FX=4 CUDA_nodes=4
2026-10-01T17:20:46+00:00 check sparsemax amsgradmd_guarded seed=0 step=7500 val=1.5438762187410304 best=1.5438762187410304 bad=0/8 FX=4 CUDA_nodes=4
2026-10-01T17:20:47+00:00 check sparsemax amsgradmd_guarded seed=0 step=7750 val=1.543964933445752 best=1.5438762187410304 bad=1/8 FX=4 CUDA_nodes=4
2026-10-01T17:20:49+00:00 check sparsemax amsgradmd_guarded seed=0 step=8000 val=1.5385380601499712 best=1.5385380601499712 bad=0/8 FX=4 CUDA_nodes=4
2026-10-01T17:20:50+00:00 check sparsemax amsgradmd_guarded seed=0 step=8250 val=1.5460835751381314 best=1.5385380601499712 bad=1/8 FX=4 CUDA_nodes=4
2026-10-01T17:20:51+00:00 check sparsemax amsgradmd_guarded seed=0 step=8500 val=1.5386852172431114 best=1.5385380601499712 bad=2/8 FX=4 CUDA_nodes=4
2026-10-01T17:20:52+00:00 check sparsemax amsgradmd_guarded seed=0 step=8750 val=1.5287969613321613 best=1.5287969613321613 bad=0/8 FX=4 CUDA_nodes=4
2026-10-01T17:20:53+00:00 check sparsemax amsgradmd_guarded seed=0 step=9000 val=1.5252188015750574 best=1.5252188015750574 bad=0/8 FX=4 CUDA_nodes=4
2026-10-01T17:20:54+00:00 check sparsemax amsgradmd_guarded seed=0 step=9250 val=1.5336482401693456 best=1.5252188015750574 bad=1/8 FX=4 CUDA_nodes=4
2026-10-01T17:20:55+00:00 check sparsemax amsgradmd_guarded seed=0 step=9500 val=1.5363157077443312 best=1.5252188015750574 bad=2/8 FX=4 CUDA_nodes=4
2026-10-01T17:20:56+00:00 check sparsemax amsgradmd_guarded seed=0 step=9750 val=1.533335286084601 best=1.5252188015750574 bad=3/8 FX=4 CUDA_nodes=4
2026-10-01T17:20:58+00:00 check sparsemax amsgradmd_guarded seed=0 step=10000 val=1.5281141524199915 best=1.5252188015750574 bad=4/8 FX=4 CUDA_nodes=4
2026-10-01T17:20:59+00:00 check sparsemax amsgradmd_guarded seed=0 step=10250 val=1.5290255453501722 best=1.5252188015750574 bad=5/8 FX=4 CUDA_nodes=4
2026-10-01T17:21:00+00:00 check sparsemax amsgradmd_guarded seed=0 step=10500 val=1.5247096380327927 best=1.5247096380327927 bad=0/8 FX=4 CUDA_nodes=4
2026-10-01T17:21:01+00:00 check sparsemax amsgradmd_guarded seed=0 step=10750 val=1.520953067818958 best=1.520953067818958 bad=0/8 FX=4 CUDA_nodes=4
2026-10-01T17:21:02+00:00 check sparsemax amsgradmd_guarded seed=0 step=11000 val=1.52700150464624 best=1.520953067818958 bad=1/8 FX=4 CUDA_nodes=4
2026-10-01T17:21:03+00:00 check sparsemax amsgradmd_guarded seed=0 step=11250 val=1.5247160849149684 best=1.520953067818958 bad=2/8 FX=4 CUDA_nodes=4
2026-10-01T17:21:04+00:00 check sparsemax amsgradmd_guarded seed=0 step=11500 val=1.5150447806041907 best=1.5150447806041907 bad=0/8 FX=4 CUDA_nodes=4
2026-10-01T17:21:06+00:00 check sparsemax amsgradmd_guarded seed=0 step=11750 val=1.525600989568384 best=1.5150447806041907 bad=1/8 FX=4 CUDA_nodes=4
2026-10-01T17:21:07+00:00 check sparsemax amsgradmd_guarded seed=0 step=12000 val=1.5201645860989523 best=1.5150447806041907 bad=2/8 FX=4 CUDA_nodes=4
2026-10-01T17:21:08+00:00 check sparsemax amsgradmd_guarded seed=0 step=12250 val=1.5157776229280282 best=1.5150447806041907 bad=3/8 FX=4 CUDA_nodes=4
2026-10-01T17:21:09+00:00 check sparsemax amsgradmd_guarded seed=0 step=12500 val=1.5213376383556976 best=1.5150447806041907 bad=4/8 FX=4 CUDA_nodes=4
2026-10-01T17:21:10+00:00 check sparsemax amsgradmd_guarded seed=0 step=12750 val=1.5226368252637055 best=1.5150447806041907 bad=5/8 FX=4 CUDA_nodes=4
2026-10-01T17:21:11+00:00 check sparsemax amsgradmd_guarded seed=0 step=13000 val=1.517207289125287 best=1.5150447806041907 bad=6/8 FX=4 CUDA_nodes=4
2026-10-01T17:21:12+00:00 check sparsemax amsgradmd_guarded seed=0 step=13250 val=1.5258591451546355 best=1.5150447806041907 bad=7/8 FX=4 CUDA_nodes=4
2026-10-01T17:21:14+00:00 check sparsemax amsgradmd_guarded seed=0 step=13500 val=1.5129655209529276 best=1.5129655209529276 bad=0/8 FX=4 CUDA_nodes=4
2026-10-01T17:21:15+00:00 check sparsemax amsgradmd_guarded seed=0 step=13750 val=1.5187545408474454 best=1.5129655209529276 bad=1/8 FX=4 CUDA_nodes=4
2026-10-01T17:21:16+00:00 check sparsemax amsgradmd_guarded seed=0 step=14000 val=1.517977551395666 best=1.5129655209529276 bad=2/8 FX=4 CUDA_nodes=4
2026-10-01T17:21:17+00:00 check sparsemax amsgradmd_guarded seed=0 step=14250 val=1.5211149406214122 best=1.5129655209529276 bad=3/8 FX=4 CUDA_nodes=4
2026-10-01T17:21:18+00:00 check sparsemax amsgradmd_guarded seed=0 step=14500 val=1.5174498881045493 best=1.5129655209529276 bad=4/8 FX=4 CUDA_nodes=4
2026-10-01T17:21:19+00:00 check sparsemax amsgradmd_guarded seed=0 step=14750 val=1.515590943644159 best=1.5129655209529276 bad=5/8 FX=4 CUDA_nodes=4
2026-10-01T17:21:20+00:00 check sparsemax amsgradmd_guarded seed=0 step=15000 val=1.515927723163031 best=1.5129655209529276 bad=6/8 FX=4 CUDA_nodes=4
2026-10-01T17:21:21+00:00 check sparsemax amsgradmd_guarded seed=0 step=15250 val=1.519399088915399 best=1.5129655209529276 bad=7/8 FX=4 CUDA_nodes=4
2026-10-01T17:21:23+00:00 check sparsemax amsgradmd_guarded seed=0 step=15500 val=1.5192545946648968 best=1.5129655209529276 bad=8/8 FX=4 CUDA_nodes=4
2026-10-01T17:21:24+00:00 run 16/18 END sparsemax:amsgradmd_guarded:0: ok stop=patience updates=15500 best=13500 test=1.6755945707161308
2026-10-01T17:21:24+00:00 run 17/18 START sparsemax:amsgradmd_guarded:1 lr=0.1
2026-10-01T17:21:25+00:00 check sparsemax amsgradmd_guarded seed=1 step=0 val=4.17812399092279 best=4.17812399092279 bad=0/8 FX=3 CUDA_nodes=1
2026-10-01T17:21:32+00:00 check sparsemax amsgradmd_guarded seed=1 step=250 val=2.094149005946828 best=2.094149005946828 bad=0/8 FX=4 CUDA_nodes=4
2026-10-01T17:21:33+00:00 check sparsemax amsgradmd_guarded seed=1 step=500 val=1.9555266037600458 best=1.9555266037600458 bad=0/8 FX=4 CUDA_nodes=4
2026-10-01T17:21:35+00:00 check sparsemax amsgradmd_guarded seed=1 step=750 val=1.8674516820195894 best=1.8674516820195894 bad=0/8 FX=4 CUDA_nodes=4
2026-10-01T17:21:36+00:00 check sparsemax amsgradmd_guarded seed=1 step=1000 val=1.8016056100208093 best=1.8016056100208093 bad=0/8 FX=4 CUDA_nodes=4
2026-10-01T17:21:37+00:00 check sparsemax amsgradmd_guarded seed=1 step=1250 val=1.7459897589875144 best=1.7459897589875144 bad=0/8 FX=4 CUDA_nodes=4
2026-10-01T17:21:38+00:00 check sparsemax amsgradmd_guarded seed=1 step=1500 val=1.7377262575344432 best=1.7377262575344432 bad=0/8 FX=4 CUDA_nodes=4
2026-10-01T17:21:39+00:00 check sparsemax amsgradmd_guarded seed=1 step=1750 val=1.6888895834080797 best=1.6888895834080797 bad=0/8 FX=4 CUDA_nodes=4
2026-10-01T17:21:40+00:00 check sparsemax amsgradmd_guarded seed=1 step=2000 val=1.6739095519248708 best=1.6739095519248708 bad=0/8 FX=4 CUDA_nodes=4
2026-10-01T17:21:41+00:00 check sparsemax amsgradmd_guarded seed=1 step=2250 val=1.6702949532685132 best=1.6702949532685132 bad=0/8 FX=4 CUDA_nodes=4
2026-10-01T17:21:42+00:00 check sparsemax amsgradmd_guarded seed=1 step=2500 val=1.6466114906985505 best=1.6466114906985505 bad=0/8 FX=4 CUDA_nodes=4
2026-10-01T17:21:44+00:00 check sparsemax amsgradmd_guarded seed=1 step=2750 val=1.6321322137808554 best=1.6321322137808554 bad=0/8 FX=4 CUDA_nodes=4
2026-10-01T17:21:45+00:00 check sparsemax amsgradmd_guarded seed=1 step=3000 val=1.6132498564867968 best=1.6132498564867968 bad=0/8 FX=4 CUDA_nodes=4
2026-10-01T17:21:46+00:00 check sparsemax amsgradmd_guarded seed=1 step=3250 val=1.6096307730428387 best=1.6096307730428387 bad=0/8 FX=4 CUDA_nodes=4
2026-10-01T17:21:47+00:00 check sparsemax amsgradmd_guarded seed=1 step=3500 val=1.6039548538856199 best=1.6039548538856199 bad=0/8 FX=4 CUDA_nodes=4
2026-10-01T17:21:48+00:00 check sparsemax amsgradmd_guarded seed=1 step=3750 val=1.6006675045744834 best=1.6006675045744834 bad=0/8 FX=4 CUDA_nodes=4
2026-10-01T17:21:49+00:00 check sparsemax amsgradmd_guarded seed=1 step=4000 val=1.5871354988877726 best=1.5871354988877726 bad=0/8 FX=4 CUDA_nodes=4
2026-10-01T17:21:50+00:00 check sparsemax amsgradmd_guarded seed=1 step=4250 val=1.5827314374641217 best=1.5827314374641217 bad=0/8 FX=4 CUDA_nodes=4
2026-10-01T17:21:52+00:00 check sparsemax amsgradmd_guarded seed=1 step=4500 val=1.5823324315172933 best=1.5823324315172933 bad=0/8 FX=4 CUDA_nodes=4
2026-10-01T17:21:53+00:00 check sparsemax amsgradmd_guarded seed=1 step=4750 val=1.5874186011050517 best=1.5823324315172933 bad=1/8 FX=4 CUDA_nodes=4
2026-10-01T17:21:54+00:00 check sparsemax amsgradmd_guarded seed=1 step=5000 val=1.5768829941338978 best=1.5768829941338978 bad=0/8 FX=4 CUDA_nodes=4
2026-10-01T17:21:55+00:00 check sparsemax amsgradmd_guarded seed=1 step=5250 val=1.5676432104800517 best=1.5676432104800517 bad=0/8 FX=4 CUDA_nodes=4
2026-10-01T17:21:56+00:00 check sparsemax amsgradmd_guarded seed=1 step=5500 val=1.5658317767383036 best=1.5658317767383036 bad=0/8 FX=4 CUDA_nodes=4
2026-10-01T17:21:57+00:00 check sparsemax amsgradmd_guarded seed=1 step=5750 val=1.5565105661595866 best=1.5565105661595866 bad=0/8 FX=4 CUDA_nodes=4
2026-10-01T17:21:58+00:00 check sparsemax amsgradmd_guarded seed=1 step=6000 val=1.5513642723880596 best=1.5513642723880596 bad=0/8 FX=4 CUDA_nodes=4
2026-10-01T17:22:00+00:00 check sparsemax amsgradmd_guarded seed=1 step=6250 val=1.5572764837919777 best=1.5513642723880596 bad=1/8 FX=4 CUDA_nodes=4
2026-10-01T17:22:01+00:00 check sparsemax amsgradmd_guarded seed=1 step=6500 val=1.5534707210641503 best=1.5513642723880596 bad=2/8 FX=4 CUDA_nodes=4
2026-10-01T17:22:02+00:00 check sparsemax amsgradmd_guarded seed=1 step=6750 val=1.551475831479621 best=1.5513642723880596 bad=3/8 FX=4 CUDA_nodes=4
2026-10-01T17:22:03+00:00 check sparsemax amsgradmd_guarded seed=1 step=7000 val=1.5425606343283582 best=1.5425606343283582 bad=0/8 FX=4 CUDA_nodes=4
2026-10-01T17:22:04+00:00 check sparsemax amsgradmd_guarded seed=1 step=7250 val=1.5474196213942308 best=1.5425606343283582 bad=1/8 FX=4 CUDA_nodes=4
2026-10-01T17:22:05+00:00 check sparsemax amsgradmd_guarded seed=1 step=7500 val=1.5381463419829937 best=1.5381463419829937 bad=0/8 FX=4 CUDA_nodes=4
2026-10-01T17:22:06+00:00 check sparsemax amsgradmd_guarded seed=1 step=7750 val=1.5376614243236941 best=1.5376614243236941 bad=0/8 FX=4 CUDA_nodes=4
2026-10-01T17:22:07+00:00 check sparsemax amsgradmd_guarded seed=1 step=8000 val=1.5364178768118542 best=1.5364178768118542 bad=0/8 FX=4 CUDA_nodes=4
2026-10-01T17:22:09+00:00 check sparsemax amsgradmd_guarded seed=1 step=8250 val=1.5312963895217422 best=1.5312963895217422 bad=0/8 FX=4 CUDA_nodes=4
2026-10-01T17:22:10+00:00 check sparsemax amsgradmd_guarded seed=1 step=8500 val=1.528836343373278 best=1.528836343373278 bad=0/8 FX=4 CUDA_nodes=4
2026-10-01T17:22:11+00:00 check sparsemax amsgradmd_guarded seed=1 step=8750 val=1.5410316020558266 best=1.528836343373278 bad=1/8 FX=4 CUDA_nodes=4
2026-10-01T17:22:12+00:00 check sparsemax amsgradmd_guarded seed=1 step=9000 val=1.5320082094037026 best=1.528836343373278 bad=2/8 FX=4 CUDA_nodes=4
2026-10-01T17:22:13+00:00 check sparsemax amsgradmd_guarded seed=1 step=9250 val=1.5354909272746842 best=1.528836343373278 bad=3/8 FX=4 CUDA_nodes=4
2026-10-01T17:22:14+00:00 check sparsemax amsgradmd_guarded seed=1 step=9500 val=1.5257802409227899 best=1.5257802409227899 bad=0/8 FX=4 CUDA_nodes=4
2026-10-01T17:22:15+00:00 check sparsemax amsgradmd_guarded seed=1 step=9750 val=1.515781687266791 best=1.515781687266791 bad=0/8 FX=4 CUDA_nodes=4
2026-10-01T17:22:17+00:00 check sparsemax amsgradmd_guarded seed=1 step=10000 val=1.5248321287941302 best=1.515781687266791 bad=1/8 FX=4 CUDA_nodes=4
2026-10-01T17:22:18+00:00 check sparsemax amsgradmd_guarded seed=1 step=10250 val=1.5250958903648824 best=1.515781687266791 bad=2/8 FX=4 CUDA_nodes=4
2026-10-01T17:22:19+00:00 check sparsemax amsgradmd_guarded seed=1 step=10500 val=1.5174602591758755 best=1.515781687266791 bad=3/8 FX=4 CUDA_nodes=4
2026-10-01T17:22:20+00:00 check sparsemax amsgradmd_guarded seed=1 step=10750 val=1.520465347167408 best=1.515781687266791 bad=4/8 FX=4 CUDA_nodes=4
2026-10-01T17:22:21+00:00 check sparsemax amsgradmd_guarded seed=1 step=11000 val=1.5155905231953215 best=1.5155905231953215 bad=0/8 FX=4 CUDA_nodes=4
2026-10-01T17:22:22+00:00 check sparsemax amsgradmd_guarded seed=1 step=11250 val=1.5170570487406716 best=1.5155905231953215 bad=1/8 FX=4 CUDA_nodes=4
2026-10-01T17:22:23+00:00 check sparsemax amsgradmd_guarded seed=1 step=11500 val=1.522841023249139 best=1.5155905231953215 bad=2/8 FX=4 CUDA_nodes=4
2026-10-01T17:22:25+00:00 check sparsemax amsgradmd_guarded seed=1 step=11750 val=1.519467201627081 best=1.5155905231953215 bad=3/8 FX=4 CUDA_nodes=4
2026-10-01T17:22:26+00:00 check sparsemax amsgradmd_guarded seed=1 step=12000 val=1.518393094996771 best=1.5155905231953215 bad=4/8 FX=4 CUDA_nodes=4
2026-10-01T17:22:27+00:00 check sparsemax amsgradmd_guarded seed=1 step=12250 val=1.516288468265643 best=1.5155905231953215 bad=5/8 FX=4 CUDA_nodes=4
2026-10-01T17:22:28+00:00 check sparsemax amsgradmd_guarded seed=1 step=12500 val=1.5147193532039323 best=1.5147193532039323 bad=0/8 FX=4 CUDA_nodes=4
2026-10-01T17:22:29+00:00 check sparsemax amsgradmd_guarded seed=1 step=12750 val=1.5158317206784586 best=1.5147193532039323 bad=1/8 FX=4 CUDA_nodes=4
2026-10-01T17:22:30+00:00 check sparsemax amsgradmd_guarded seed=1 step=13000 val=1.5094128684253014 best=1.5094128684253014 bad=0/8 FX=4 CUDA_nodes=4
2026-10-01T17:22:32+00:00 check sparsemax amsgradmd_guarded seed=1 step=13250 val=1.5106133900060994 best=1.5094128684253014 bad=1/8 FX=4 CUDA_nodes=4
2026-10-01T17:22:33+00:00 check sparsemax amsgradmd_guarded seed=1 step=13500 val=1.5173426736509759 best=1.5094128684253014 bad=2/8 FX=4 CUDA_nodes=4
2026-10-01T17:22:34+00:00 check sparsemax amsgradmd_guarded seed=1 step=13750 val=1.5153082618757177 best=1.5094128684253014 bad=3/8 FX=4 CUDA_nodes=4
2026-10-01T17:22:35+00:00 check sparsemax amsgradmd_guarded seed=1 step=14000 val=1.5106161929983497 best=1.5094128684253014 bad=4/8 FX=4 CUDA_nodes=4
2026-10-01T17:22:36+00:00 check sparsemax amsgradmd_guarded seed=1 step=14250 val=1.5154300518889925 best=1.5094128684253014 bad=5/8 FX=4 CUDA_nodes=4
2026-10-01T17:22:37+00:00 check sparsemax amsgradmd_guarded seed=1 step=14500 val=1.513789320375287 best=1.5094128684253014 bad=6/8 FX=4 CUDA_nodes=4
2026-10-01T17:22:39+00:00 check sparsemax amsgradmd_guarded seed=1 step=14750 val=1.516586846790686 best=1.5094128684253014 bad=7/8 FX=4 CUDA_nodes=4
2026-10-01T17:22:40+00:00 check sparsemax amsgradmd_guarded seed=1 step=15000 val=1.5028919872542337 best=1.5028919872542337 bad=0/8 FX=4 CUDA_nodes=4
2026-10-01T17:22:41+00:00 check sparsemax amsgradmd_guarded seed=1 step=15250 val=1.5067013938719862 best=1.5028919872542337 bad=1/8 FX=4 CUDA_nodes=4
2026-10-01T17:22:42+00:00 check sparsemax amsgradmd_guarded seed=1 step=15500 val=1.5101506159855769 best=1.5028919872542337 bad=2/8 FX=4 CUDA_nodes=4
2026-10-01T17:22:43+00:00 check sparsemax amsgradmd_guarded seed=1 step=15750 val=1.5108020313845436 best=1.5028919872542337 bad=3/8 FX=4 CUDA_nodes=4
2026-10-01T17:22:44+00:00 check sparsemax amsgradmd_guarded seed=1 step=16000 val=1.5103835446415759 best=1.5028919872542337 bad=4/8 FX=4 CUDA_nodes=4
2026-10-01T17:22:45+00:00 check sparsemax amsgradmd_guarded seed=1 step=16250 val=1.506553115581946 best=1.5028919872542337 bad=5/8 FX=4 CUDA_nodes=4
2026-10-01T17:22:46+00:00 check sparsemax amsgradmd_guarded seed=1 step=16500 val=1.510219849894159 best=1.5028919872542337 bad=6/8 FX=4 CUDA_nodes=4
2026-10-01T17:22:48+00:00 check sparsemax amsgradmd_guarded seed=1 step=16750 val=1.5102708643531142 best=1.5028919872542337 bad=7/8 FX=4 CUDA_nodes=4
2026-10-01T17:22:49+00:00 check sparsemax amsgradmd_guarded seed=1 step=17000 val=1.5115622028828215 best=1.5028919872542337 bad=8/8 FX=4 CUDA_nodes=4
2026-10-01T17:22:50+00:00 run 17/18 END sparsemax:amsgradmd_guarded:1: ok stop=patience updates=17000 best=15000 test=1.6538994106989093
2026-10-01T17:22:50+00:00 run 18/18 START sparsemax:amsgradmd_guarded:2 lr=0.1
2026-10-01T17:22:51+00:00 check sparsemax amsgradmd_guarded seed=2 step=0 val=4.188594848772962 best=4.188594848772962 bad=0/8 FX=3 CUDA_nodes=1
2026-10-01T17:22:58+00:00 check sparsemax amsgradmd_guarded seed=2 step=250 val=2.0771698803907146 best=2.0771698803907146 bad=0/8 FX=4 CUDA_nodes=4
2026-10-01T17:22:59+00:00 check sparsemax amsgradmd_guarded seed=2 step=500 val=1.9309997208219718 best=1.9309997208219718 bad=0/8 FX=4 CUDA_nodes=4
2026-10-01T17:23:00+00:00 check sparsemax amsgradmd_guarded seed=2 step=750 val=1.8398423485038748 best=1.8398423485038748 bad=0/8 FX=4 CUDA_nodes=4
2026-10-01T17:23:01+00:00 check sparsemax amsgradmd_guarded seed=2 step=1000 val=1.7911784788497416 best=1.7911784788497416 bad=0/8 FX=4 CUDA_nodes=4
2026-10-01T17:23:03+00:00 check sparsemax amsgradmd_guarded seed=2 step=1250 val=1.7516127015912026 best=1.7516127015912026 bad=0/8 FX=4 CUDA_nodes=4
2026-10-01T17:23:04+00:00 check sparsemax amsgradmd_guarded seed=2 step=1500 val=1.7372354535914178 best=1.7372354535914178 bad=0/8 FX=4 CUDA_nodes=4
2026-10-01T17:23:05+00:00 check sparsemax amsgradmd_guarded seed=2 step=1750 val=1.721146418224383 best=1.721146418224383 bad=0/8 FX=4 CUDA_nodes=4
2026-10-01T17:23:06+00:00 check sparsemax amsgradmd_guarded seed=2 step=2000 val=1.6767694449178387 best=1.6767694449178387 bad=0/8 FX=4 CUDA_nodes=4
2026-10-01T17:23:07+00:00 check sparsemax amsgradmd_guarded seed=2 step=2250 val=1.658155474131745 best=1.658155474131745 bad=0/8 FX=4 CUDA_nodes=4
2026-10-01T17:23:08+00:00 check sparsemax amsgradmd_guarded seed=2 step=2500 val=1.6350613406824053 best=1.6350613406824053 bad=0/8 FX=4 CUDA_nodes=4
2026-10-01T17:23:09+00:00 check sparsemax amsgradmd_guarded seed=2 step=2750 val=1.6296653003013777 best=1.6296653003013777 bad=0/8 FX=4 CUDA_nodes=4
2026-10-01T17:23:11+00:00 check sparsemax amsgradmd_guarded seed=2 step=3000 val=1.610527310114093 best=1.610527310114093 bad=0/8 FX=4 CUDA_nodes=4
2026-10-01T17:23:12+00:00 check sparsemax amsgradmd_guarded seed=2 step=3250 val=1.6106322821738663 best=1.610527310114093 bad=1/8 FX=4 CUDA_nodes=4
2026-10-01T17:23:13+00:00 check sparsemax amsgradmd_guarded seed=2 step=3500 val=1.6057100876327497 best=1.6057100876327497 bad=0/8 FX=4 CUDA_nodes=4
2026-10-01T17:23:14+00:00 check sparsemax amsgradmd_guarded seed=2 step=3750 val=1.591133406734357 best=1.591133406734357 bad=0/8 FX=4 CUDA_nodes=4
2026-10-01T17:23:15+00:00 check sparsemax amsgradmd_guarded seed=2 step=4000 val=1.576191495945752 best=1.576191495945752 bad=0/8 FX=4 CUDA_nodes=4
2026-10-01T17:23:16+00:00 check sparsemax amsgradmd_guarded seed=2 step=4250 val=1.580087655173651 best=1.576191495945752 bad=1/8 FX=4 CUDA_nodes=4
2026-10-01T17:23:17+00:00 check sparsemax amsgradmd_guarded seed=2 step=4500 val=1.576522529330511 best=1.576191495945752 bad=2/8 FX=4 CUDA_nodes=4
2026-10-01T17:23:19+00:00 check sparsemax amsgradmd_guarded seed=2 step=4750 val=1.58076261570752 best=1.576191495945752 bad=3/8 FX=4 CUDA_nodes=4
2026-10-01T17:23:20+00:00 check sparsemax amsgradmd_guarded seed=2 step=5000 val=1.5782148359016217 best=1.576191495945752 bad=4/8 FX=4 CUDA_nodes=4
2026-10-01T17:23:21+00:00 check sparsemax amsgradmd_guarded seed=2 step=5250 val=1.564188802830798 best=1.564188802830798 bad=0/8 FX=4 CUDA_nodes=4
2026-10-01T17:23:22+00:00 check sparsemax amsgradmd_guarded seed=2 step=5500 val=1.5518315311961826 best=1.5518315311961826 bad=0/8 FX=4 CUDA_nodes=4
2026-10-01T17:23:23+00:00 check sparsemax amsgradmd_guarded seed=2 step=5750 val=1.5640099719252296 best=1.5518315311961826 bad=1/8 FX=4 CUDA_nodes=4
2026-10-01T17:23:24+00:00 check sparsemax amsgradmd_guarded seed=2 step=6000 val=1.5470975575846728 best=1.5470975575846728 bad=0/8 FX=4 CUDA_nodes=4
2026-10-01T17:23:25+00:00 check sparsemax amsgradmd_guarded seed=2 step=6250 val=1.5426494891826923 best=1.5426494891826923 bad=0/8 FX=4 CUDA_nodes=4
2026-10-01T17:23:26+00:00 check sparsemax amsgradmd_guarded seed=2 step=6500 val=1.5397471308571327 best=1.5397471308571327 bad=0/8 FX=4 CUDA_nodes=4
2026-10-01T17:23:28+00:00 check sparsemax amsgradmd_guarded seed=2 step=6750 val=1.5447514530711826 best=1.5397471308571327 bad=1/8 FX=4 CUDA_nodes=4
2026-10-01T17:23:29+00:00 check sparsemax amsgradmd_guarded seed=2 step=7000 val=1.5408740738913604 best=1.5397471308571327 bad=2/8 FX=4 CUDA_nodes=4
2026-10-01T17:23:30+00:00 check sparsemax amsgradmd_guarded seed=2 step=7250 val=1.5382424846171785 best=1.5382424846171785 bad=0/8 FX=4 CUDA_nodes=4
2026-10-01T17:23:31+00:00 check sparsemax amsgradmd_guarded seed=2 step=7500 val=1.5371794498062572 best=1.5371794498062572 bad=0/8 FX=4 CUDA_nodes=4
2026-10-01T17:23:32+00:00 check sparsemax amsgradmd_guarded seed=2 step=7750 val=1.5322416986581515 best=1.5322416986581515 bad=0/8 FX=4 CUDA_nodes=4
2026-10-01T17:23:33+00:00 check sparsemax amsgradmd_guarded seed=2 step=8000 val=1.523516264082233 best=1.523516264082233 bad=0/8 FX=4 CUDA_nodes=4
2026-10-01T17:23:34+00:00 check sparsemax amsgradmd_guarded seed=2 step=8250 val=1.5285144197133325 best=1.523516264082233 bad=1/8 FX=4 CUDA_nodes=4
2026-10-01T17:23:36+00:00 check sparsemax amsgradmd_guarded seed=2 step=8500 val=1.5250992539555828 best=1.523516264082233 bad=2/8 FX=4 CUDA_nodes=4
2026-10-01T17:23:37+00:00 check sparsemax amsgradmd_guarded seed=2 step=8750 val=1.5241047523051807 best=1.523516264082233 bad=3/8 FX=4 CUDA_nodes=4
2026-10-01T17:23:38+00:00 check sparsemax amsgradmd_guarded seed=2 step=9000 val=1.5244593308248422 best=1.523516264082233 bad=4/8 FX=4 CUDA_nodes=4
2026-10-01T17:23:39+00:00 check sparsemax amsgradmd_guarded seed=2 step=9250 val=1.5212150074447475 best=1.5212150074447475 bad=0/8 FX=4 CUDA_nodes=4
2026-10-01T17:23:40+00:00 check sparsemax amsgradmd_guarded seed=2 step=9500 val=1.5253341447061568 best=1.5212150074447475 bad=1/8 FX=4 CUDA_nodes=4
2026-10-01T17:23:41+00:00 check sparsemax amsgradmd_guarded seed=2 step=9750 val=1.5175910187643513 best=1.5175910187643513 bad=0/8 FX=4 CUDA_nodes=4
2026-10-01T17:23:42+00:00 check sparsemax amsgradmd_guarded seed=2 step=10000 val=1.5199383846243542 best=1.5175910187643513 bad=1/8 FX=4 CUDA_nodes=4
2026-10-01T17:23:44+00:00 check sparsemax amsgradmd_guarded seed=2 step=10250 val=1.523295808741748 best=1.5175910187643513 bad=2/8 FX=4 CUDA_nodes=4
2026-10-01T17:23:45+00:00 check sparsemax amsgradmd_guarded seed=2 step=10500 val=1.51484296516217 best=1.51484296516217 bad=0/8 FX=4 CUDA_nodes=4
2026-10-01T17:23:46+00:00 check sparsemax amsgradmd_guarded seed=2 step=10750 val=1.5208218877816446 best=1.51484296516217 bad=1/8 FX=4 CUDA_nodes=4
2026-10-01T17:23:47+00:00 check sparsemax amsgradmd_guarded seed=2 step=11000 val=1.5230150890678817 best=1.51484296516217 bad=2/8 FX=4 CUDA_nodes=4
2026-10-01T17:23:48+00:00 check sparsemax amsgradmd_guarded seed=2 step=11250 val=1.5185682820124138 best=1.51484296516217 bad=3/8 FX=4 CUDA_nodes=4
2026-10-01T17:23:49+00:00 check sparsemax amsgradmd_guarded seed=2 step=11500 val=1.5114360682315586 best=1.5114360682315586 bad=0/8 FX=4 CUDA_nodes=4
2026-10-01T17:23:51+00:00 check sparsemax amsgradmd_guarded seed=2 step=11750 val=1.5194878036201205 best=1.5114360682315586 bad=1/8 FX=4 CUDA_nodes=4
2026-10-01T17:23:52+00:00 check sparsemax amsgradmd_guarded seed=2 step=12000 val=1.5201303895934988 best=1.5114360682315586 bad=2/8 FX=4 CUDA_nodes=4
2026-10-01T17:23:53+00:00 check sparsemax amsgradmd_guarded seed=2 step=12250 val=1.513515748331659 best=1.5114360682315586 bad=3/8 FX=4 CUDA_nodes=4
2026-10-01T17:23:54+00:00 check sparsemax amsgradmd_guarded seed=2 step=12500 val=1.5172166791493256 best=1.5114360682315586 bad=4/8 FX=4 CUDA_nodes=4
2026-10-01T17:23:55+00:00 check sparsemax amsgradmd_guarded seed=2 step=12750 val=1.5077715763131458 best=1.5077715763131458 bad=0/8 FX=4 CUDA_nodes=4
2026-10-01T17:23:56+00:00 check sparsemax amsgradmd_guarded seed=2 step=13000 val=1.5138864440567594 best=1.5077715763131458 bad=1/8 FX=4 CUDA_nodes=4
2026-10-01T17:23:58+00:00 check sparsemax amsgradmd_guarded seed=2 step=13250 val=1.5103834044919633 best=1.5077715763131458 bad=2/8 FX=4 CUDA_nodes=4
2026-10-01T17:23:59+00:00 check sparsemax amsgradmd_guarded seed=2 step=13500 val=1.5134472151711396 best=1.5077715763131458 bad=3/8 FX=4 CUDA_nodes=4
2026-10-01T17:24:00+00:00 check sparsemax amsgradmd_guarded seed=2 step=13750 val=1.5097338110379592 best=1.5077715763131458 bad=4/8 FX=4 CUDA_nodes=4
2026-10-01T17:24:01+00:00 check sparsemax amsgradmd_guarded seed=2 step=14000 val=1.5119082322761195 best=1.5077715763131458 bad=5/8 FX=4 CUDA_nodes=4
2026-10-01T17:24:02+00:00 check sparsemax amsgradmd_guarded seed=2 step=14250 val=1.5136923368434272 best=1.5077715763131458 bad=6/8 FX=4 CUDA_nodes=4
2026-10-01T17:24:03+00:00 check sparsemax amsgradmd_guarded seed=2 step=14500 val=1.5131118371483927 best=1.5077715763131458 bad=7/8 FX=4 CUDA_nodes=4
2026-10-01T17:24:05+00:00 check sparsemax amsgradmd_guarded seed=2 step=14750 val=1.504920652895379 best=1.504920652895379 bad=0/8 FX=4 CUDA_nodes=4
2026-10-01T17:24:06+00:00 check sparsemax amsgradmd_guarded seed=2 step=15000 val=1.5056945590556832 best=1.504920652895379 bad=1/8 FX=4 CUDA_nodes=4
2026-10-01T17:24:07+00:00 check sparsemax amsgradmd_guarded seed=2 step=15250 val=1.5111892647639207 best=1.504920652895379 bad=2/8 FX=4 CUDA_nodes=4
2026-10-01T17:24:08+00:00 check sparsemax amsgradmd_guarded seed=2 step=15500 val=1.510425309226105 best=1.504920652895379 bad=3/8 FX=4 CUDA_nodes=4
2026-10-01T17:24:09+00:00 check sparsemax amsgradmd_guarded seed=2 step=15750 val=1.5172427469772531 best=1.504920652895379 bad=4/8 FX=4 CUDA_nodes=4
2026-10-01T17:24:10+00:00 check sparsemax amsgradmd_guarded seed=2 step=16000 val=1.5071585619080081 best=1.504920652895379 bad=5/8 FX=4 CUDA_nodes=4
2026-10-01T17:24:12+00:00 check sparsemax amsgradmd_guarded seed=2 step=16250 val=1.5113350203609357 best=1.504920652895379 bad=6/8 FX=4 CUDA_nodes=4
2026-10-01T17:24:13+00:00 check sparsemax amsgradmd_guarded seed=2 step=16500 val=1.5052547695716132 best=1.504920652895379 bad=7/8 FX=4 CUDA_nodes=4
2026-10-01T17:24:14+00:00 check sparsemax amsgradmd_guarded seed=2 step=16750 val=1.5122822915919203 best=1.504920652895379 bad=8/8 FX=4 CUDA_nodes=4
2026-10-01T17:24:15+00:00 run 18/18 END sparsemax:amsgradmd_guarded:2: ok stop=patience updates=16750 best=14750 test=1.6381219279204937
2026-10-01T17:24:18+00:00 checkpoint audit 1/18: sparsemax:amsgradmd:0
2026-10-01T17:24:20+00:00 checkpoint audit 2/18: sparsemax:amsgradmd:1
2026-10-01T17:24:22+00:00 checkpoint audit 3/18: sparsemax:amsgradmd:2
2026-10-01T17:24:25+00:00 checkpoint audit 4/18: softmax:amsgradmd:0
2026-10-01T17:24:27+00:00 checkpoint audit 5/18: softmax:amsgradmd:1
2026-10-01T17:24:29+00:00 checkpoint audit 6/18: softmax:amsgradmd:2
2026-10-01T17:24:31+00:00 checkpoint audit 7/18: softmax:amsgradmd_guarded:0
2026-10-01T17:24:34+00:00 checkpoint audit 8/18: softmax:amsgradmd_guarded:1
2026-10-01T17:24:36+00:00 checkpoint audit 9/18: softmax:amsgradmd_guarded:2
2026-10-01T17:24:38+00:00 checkpoint audit 10/18: sparsemax:amsgradw:0
2026-10-01T17:24:41+00:00 checkpoint audit 11/18: sparsemax:amsgradw:1
2026-10-01T17:24:43+00:00 checkpoint audit 12/18: sparsemax:amsgradw:2
2026-10-01T17:24:45+00:00 checkpoint audit 13/18: softmax:amsgradw:0
2026-10-01T17:24:47+00:00 checkpoint audit 14/18: softmax:amsgradw:1
2026-10-01T17:24:49+00:00 checkpoint audit 15/18: softmax:amsgradw:2
2026-10-01T17:24:52+00:00 checkpoint audit 16/18: sparsemax:amsgradmd_guarded:0
2026-10-01T17:24:54+00:00 checkpoint audit 17/18: sparsemax:amsgradmd_guarded:1
2026-10-01T17:24:57+00:00 checkpoint audit 18/18: sparsemax:amsgradmd_guarded:2
2026-10-01T17:24:57+00:00 COMPLETE: all18 runs, stopping replay, compiled checkpoint audits and combined rankings saved
