EOS_loss,answer_loss,batch_size,epoch_tail,epoch_wraps_in_batch,exp_avg_l2,exp_avg_sq_l2,gradient_l2,joint_relative_update,learning_rate,parameter_before_l2,parameter_l2,step,temperature_max,temperature_min,update_l2
5.7859296798706055,5.854888916015625,512,False,0,0.6128902845417759,0.03391830363397883,6.128902646502042,0.0,0.0,14.07698477711838,14.07698477711838,1,5.656854152679443,5.656854152679443,0.0
0.0035133664496243,5.259490013122559,512,False,0,0.06280202211612315,0.014512927236687559,0.2707009643188224,0.003158507593264835,0.001,16.64328019966329,16.648530750191462,249,5.476448059082031,5.324639797210693,0.052567926887470785
0.0034784008748829365,5.233185291290283,512,False,0,0.06197501465343662,0.014224977244756187,0.24503445805895155,0.003148927200801723,0.001,16.648530750191462,16.653818242410765,250,5.476062774658203,5.323641777038574,0.05242501133266181
0.003440801752731204,5.259862899780273,512,False,0,0.06028606484176656,0.013942997540111033,0.2582878442627655,0.0030612635241682447,0.001,16.653818242410765,16.65908055792681,251,5.475547790527344,5.322576522827148,0.05098172632361978
0.00028612447204068303,5.228150367736816,512,False,0,0.05010926021340845,0.001794312922392398,0.2732031729355737,0.00385463495882721,0.001,18.358110900248086,18.365332473260057,499,5.2842183113098145,5.045412540435791,0.07076381605412313
0.00028338294941931963,5.249683380126953,512,False,0,0.05134102126690814,0.0017954732502173162,0.2651592230266014,0.004015385367675669,0.001,18.365332473260057,18.372610545035407,500,5.283326625823975,5.044612884521484,0.07374388728562724
0.00028054951690137386,5.256674766540527,512,False,0,0.05171530435746095,0.0017900276863258258,0.24429639917307372,0.003874722803896828,0.001,18.372610545035407,18.379954226834943,501,5.28244161605835,5.043824672698975,0.07118877304596402
5.7556408137315884e-05,5.2413835525512695,512,False,0,0.05027487235819653,0.002913887841644842,0.24614820340954155,0.003743559455535225,0.001,20.670656653441398,20.681365112170557,749,5.027280330657959,4.794924259185791,0.07738183216711265
5.737527317251079e-05,5.210427284240723,512,False,0,0.05091673610989802,0.002897468997454179,0.2752351901460915,0.00443608358798952,0.001,20.681365112170557,20.692960039485094,750,5.026431083679199,4.794102668762207,0.09174426435131885
5.709892138838768e-05,5.2458906173706055,512,False,0,0.04537698556155089,0.0028701066949902983,0.24108846537930811,0.005057376632611561,0.001,20.692960039485094,20.705404770733512,751,5.02557897567749,4.793208599090576,0.10465209256325671
2.3688840883551165e-05,5.264209270477295,96,True,0,0.07421077442012632,0.002981393427451051,0.5620195057716647,0.0028174738897887666,0.001,23.78035901545667,23.7913643886794,999,4.915435791015625,4.605130195617676,0.06700054061585207
2.3640179279027507e-05,5.244866371154785,512,False,0,0.0695117355992075,0.0029657437585580105,0.24605600432001318,0.002584429352063822,0.001,23.7913643886794,23.802599596159016,1000,4.914649486541748,4.603192329406738,0.061487100451749
2.358197161811404e-05,5.2149810791015625,512,False,0,0.06839834487146831,0.0029594799258213,0.2614148942891187,0.0025844625985513604,0.001,23.802599596159016,23.813917446900906,1001,4.913865089416504,4.600649356842041,0.0615169284045667
1.315440567850601e-05,5.22014856338501,512,False,0,0.0508082594212472,0.0030161507329847887,0.2517272520512447,0.0027390760703315787,0.001,27.08770245861749,27.0993158559653,1249,4.768747329711914,4.392158031463623,0.07419527760466103
0.00011967738828388974,5.207572937011719,512,False,0,0.05098948864926462,0.0030079619455550006,0.2645628704495529,0.0038465886551571587,0.001,27.0993158559653,27.115054825091715,1250,4.769253730773926,4.391704559326172,0.10423992093407664
1.136928767664358e-05,5.221949577331543,512,False,0,0.04594017952054735,0.0029940815603572636,0.22605106140827946,0.0035208008062384256,0.001,27.115054825091715,27.130739264099557,1251,4.769619464874268,4.391271591186523,0.09546670688938202
9.139025678450707e-06,5.216298580169678,512,False,0,0.04439476315672626,0.003472975143004765,0.22767390781783062,0.0029887837392486953,0.001,29.851923664041735,29.8623081675835,1499,4.729496955871582,4.20452356338501,0.08922094403238127
9.150201549346093e-06,5.21691370010376,512,False,0,0.0463583190316925,0.0034779604719415566,0.27306023481743447,0.0029984267261388693,0.001,29.8623081675835,29.87198074932272,1500,4.72907829284668,4.200605392456055,0.08953994291387742
9.140888323599938e-06,5.2348761558532715,512,False,0,0.04485606930925121,0.003465253908444106,0.24077034084872123,0.002890918541012093,0.001,29.87198074932272,29.88172357912901,1501,4.728635311126709,4.1971917152404785,0.08635746300497336
0.0001329640217591077,4.5688629150390625,512,False,0,0.07829171998361653,0.00310804521882898,0.3882193720768539,0.00482682180924762,0.001,35.524693416521686,35.550427175644174,1749,4.803308486938477,4.021236896514893,0.17147136494970222
0.00013197746011428535,4.597954750061035,512,False,0,0.08113094227746247,0.003102595595719418,0.521064559950848,0.005221598208256283,0.001,35.550427175644174,35.57498539847002,1750,4.807507514953613,4.020939826965332,0.1856300468430891
0.00013196677900850773,4.580199241638184,512,False,0,0.08150992860730644,0.003091563313411871,0.42672642578410697,0.005498346965104757,0.001,35.57498539847002,35.602138964942405,1751,4.811586380004883,4.02017879486084,0.19560361299932366
0.00015924518811516464,2.7329647541046143,512,False,0,0.25976684059716426,0.05043195793542061,2.7968775915934856,0.003041470905777067,0.001,43.50152195689647,43.52840381336317,1999,4.896848201751709,3.8362314701080322,0.13230861338892289
0.0001475223689340055,2.7153029441833496,512,False,0,0.2463259413971751,0.051202384617065624,2.2654239231747484,0.00307500730584142,0.001,43.52840381336317,43.553864115082355,2000,4.895124912261963,3.8359858989715576,0.13385015973770728
0.00014485212159343064,2.699352979660034,512,False,0,0.2206970992201292,0.05310422404424382,2.623159365306887,0.00272634161437096,0.001,43.553864115082355,43.578997776446684,2001,4.894389629364014,3.835716724395752,0.11874271220360706
0.0001931895239977166,2.1989479064941406,512,False,0,0.13259089051839643,0.07015717946046027,1.2064560707726555,0.0018525390818717906,0.001,49.74586193316176,49.769078482380024,2249,4.690528869628906,3.68699049949646,0.09215615339258035
0.00019334458920639008,2.1809563636779785,512,False,0,0.15143511430696047,0.06970207304858726,1.522900515798057,0.0019672744010505176,0.001,49.769078482380024,49.792990274815836,2250,4.689981937408447,3.6866211891174316,0.09790943406226037
0.00019097968470305204,2.167952060699463,512,False,0,0.1263805344440893,0.06871716974351594,1.381993109544901,0.0018569748245056365,0.001,49.792990274815836,49.816865986320934,2251,4.689331531524658,3.685939311981201,0.092464329377187
0.00018343950796406716,1.9463605880737305,512,False,0,0.1581272596234027,0.06666971455900478,2.1851968770162746,0.0015985856450105957,0.001,54.329539124520906,54.345672626789366,2499,4.524513244628906,3.5551962852478027,0.08685042134450065
0.000183444150025025,1.950177788734436,512,False,0,0.16763522365997885,0.06581721375295874,1.6763725267191314,0.00165203828726069,0.001,54.345672626789366,54.36198660470376,2500,4.523988723754883,3.5544421672821045,0.08978113192639127
0.00018379426910541952,1.9570871591567993,512,False,0,0.18528495467619283,0.06572544231577483,1.931379524970721,0.0015938487273409613,0.001,54.36198660470376,54.37833718061423,2501,4.523507118225098,3.554187059402466,0.08664478316563347
0.0002126273902831599,1.8010923862457275,512,False,0,0.19053109520685815,0.12460972781384631,3.0496875556248524,0.0016963033948095172,0.001,57.11012896729062,57.118159445039794,2749,4.3626532554626465,3.4321465492248535,0.09687610564522443
0.00021328023285605013,1.8206658363342285,512,False,0,0.31217401836967057,0.12486488462052518,3.2940530780230124,0.001991718188500306,0.001,57.118159445039794,57.12447726244885,2750,4.362464427947998,3.4319052696228027,0.11376327706034631
0.00021664387895725667,1.7981107234954834,512,False,0,0.27324846443861195,0.12692054793780502,3.3483177156055763,0.0018966226816189886,0.001,57.12447726244885,57.13019966230512,2751,4.36225700378418,3.43178391456604,0.10834357925158868
0.0002556509571149945,1.7020527124404907,512,False,0,0.261349469560623,0.17684476849181938,3.2730969395828153,0.0017537864539112831,0.001,58.4083657358983,58.41134046964413,2999,4.215859889984131,3.3157525062561035,0.10243580062271437
0.00025595916667953134,1.6990176439285278,512,False,0,0.33056677023166225,0.17547700338694952,2.5931833332440353,0.0018368142191027555,0.001,58.41134046964413,58.4130135709321,3000,4.215445518493652,3.315443992614746,0.10729078073149456
0.0002559401036705822,1.6980926990509033,512,False,0,0.2358934851107801,0.17405077158853885,2.587022405538714,0.0017166344807375193,0.001,58.4130135709321,58.41506628546499,3001,4.215091228485107,3.314997434616089,0.1002737932196507
0.00030311814043670893,1.5915915966033936,512,False,0,0.25778764047315894,0.11047409895235469,2.415629401874171,0.0015070431952075745,0.001,58.460372255122586,58.459626003734755,3249,4.077308177947998,3.208441972732544,0.08810230619638418
0.0003045318881049752,1.5924564599990845,512,False,0,0.2641337828619845,0.11251731849001653,3.1486360238045576,0.0015177776377742979,0.001,58.459626003734755,58.45963340702898,3250,4.076747894287109,3.2081215381622314,0.08872871306111746
0.0003043047618120909,1.6014882326126099,512,False,0,0.28667518636665407,0.1119762860877897,2.580973819680405,0.001450066035745763,0.001,58.45963340702898,58.459949688779595,3251,4.076778888702393,3.207918405532837,0.08477032886568109
0.00036594754783436656,1.5170879364013672,512,False,0,0.25214924078989626,0.16339344815609222,2.692552904834234,0.0015604553578300792,0.001,58.181379398013405,58.179377552130966,3499,3.946338415145874,3.112609624862671,0.0907894452075746
0.0003636966575868428,1.4792900085449219,512,False,0,0.2667556555448868,0.1608020249525367,1.9903620938538673,0.001624015047293391,0.001,58.179377552130966,58.17629423273715,3500,3.9462902545928955,3.112006664276123,0.09448418458682402
0.0003652077866718173,1.5166141986846924,512,False,0,0.23220709105281523,0.15890039275669557,2.3298682637981254,0.0015701393781013952,0.001,58.17629423273715,58.17283009290182,3501,3.9462504386901855,3.1115872859954834,0.0913448904468337
0.00041374520515091717,1.4259915351867676,512,False,0,0.22373469101816387,0.15513172104362188,1.78325656771728,0.0014965752131639882,0.001,57.53010105868656,57.527232017481374,3749,3.823378324508667,3.0181241035461426,0.08609812325524963
0.00041449296986684203,1.4375925064086914,512,False,0,0.2332351078337419,0.15332837802785332,2.247969445853797,0.0014653594962401421,0.001,57.527232017481374,57.52421340627207,3750,3.8227577209472656,3.017860174179077,0.08429807572922628
0.0004167113802395761,1.424717903137207,512,False,0,0.22931610568723568,0.15068921851549802,1.7235882873546513,0.0013551523100549282,0.001,57.52421340627207,57.52114551250401,3751,3.8221588134765625,3.0176825523376465,0.07795407068160226
0.0004741760203614831,1.4350550174713135,512,False,0,0.29982930454990925,0.14930215687752765,3.664790890488047,0.0015507891920057326,0.001,56.5784542852525,56.57233878152537,3999,3.7090201377868652,2.9386398792266846,0.08774125540596
0.0004819419118575752,1.4122854471206665,512,False,0,0.3438888855256067,0.1483979368299748,2.9735537159856342,0.0016400637843883392,0.001,56.57233878152537,56.5672525203486,4000,3.7080633640289307,2.9377641677856445,0.0927822440337277
0.0004741285811178386,1.4177837371826172,512,False,0,0.3830097242875749,0.15253323169241878,4.381782443821555,0.0016250593978732765,0.001,56.5672525203486,56.56265970046009,4001,3.707545757293701,2.937453508377075,0.09192514532006328
0.0005152056692168117,1.3643184900283813,512,False,0,0.31137832876693794,0.17383165525413066,3.602816872019556,0.0017162267395130206,0.001,55.78477985229632,55.78061305487825,4249,3.600715398788452,2.862727642059326,0.09573933084035816
0.0005140547873452306,1.3719866275787354,512,False,0,0.3599572255941613,0.17339301588309683,3.918190166443972,0.0017805430991914282,0.001,55.78061305487825,55.776643445853615,4250,3.5998897552490234,2.86212420463562,0.09931978564353076
0.0005147297633811831,1.361284852027893,512,False,0,0.25425812723897157,0.17226443658192908,3.3595498328844373,0.0016481125190916384,0.001,55.776643445853615,55.77239773276564,4251,3.5992376804351807,2.8618404865264893,0.09192618433602193
0.0005696400767192245,1.3206416368484497,512,False,0,0.316214932567891,0.19529918796597803,2.55883312763533,0.0016028567053999198,0.001,55.06510282756658,55.06383872755683,4499,3.49845814704895,2.791579246520996,0.08826146930070117
0.0005722363712266088,1.3456535339355469,512,False,0,0.3869286984525406,0.19687369379143888,4.4284867100354495,0.0015720403948150017,0.001,55.06383872755683,55.06198801627893,4500,3.497889280319214,2.7912023067474365,0.08656257877329801
0.000574548845179379,1.312036395072937,512,False,0,0.3445979476983624,0.19764050235490777,3.6348544422560853,0.0015886878625950866,0.001,55.06198801627893,55.05933443588395,4501,3.4975478649139404,2.7907917499542236,0.08747631205181845
0.0006174685549922287,1.2829445600509644,512,False,0,0.35847841577471407,0.18809858642225513,3.9793666006260415,0.0017002925834136704,0.001,54.348073172802664,54.3474497859554,4749,3.4021666049957275,2.7246577739715576,0.09240762573853983
0.0006170447450131178,1.2950019836425781,512,False,0,0.3599086633255612,0.18773661801994995,3.823620724602509,0.0016054091947695318,0.001,54.3474497859554,54.34679727992545,4750,3.401890993118286,2.724331855773926,0.08724989559864822
0.0006187339313328266,1.2812700271606445,512,False,0,0.43074010239637917,0.19010925645878832,4.275600551661748,0.0016859738645128484,0.001,54.34679727992545,54.34612697338032,4751,3.4014556407928467,2.723721742630005,0.09162727983393226
0.0006624541711062193,1.2413283586502075,512,False,0,0.46386500969456634,0.21223214035450544,3.4365820516776,0.0018834147091885969,0.001,53.74891089317444,53.747454016773794,4999,3.310333013534546,2.6599700450897217,0.10123148937907195
0.0006559336325153708,1.2688570022583008,512,False,0,0.35659777042275287,0.21223902484508972,4.498939178517615,0.0017352035267056947,0.001,53.747454016773794,53.744656019679304,5000,3.3101041316986084,2.6596314907073975,0.09326277176135804
0.0006584628135897219,1.2709107398986816,512,False,0,0.46750059023615254,0.21506550338761385,4.622034050587857,0.0018208299376534145,0.001,53.744656019679304,53.741265329519926,5001,3.3098397254943848,2.6592423915863037,0.09785987866951687
0.0006878686835989356,1.1423897743225098,512,False,0,0.3146517763680351,0.20208904255361818,3.1449194922636616,0.0015950510752252484,0.001,53.24714925178338,53.24656136885232,5249,3.2247283458709717,2.59568190574646,0.08493192266673635
0.000690477667376399,1.2133071422576904,512,False,0,0.34906985989110606,0.20084947111730853,4.280939369645846,0.0016036714198212905,0.001,53.24656136885232,53.245910573795165,5250,3.2245290279388428,2.595547914505005,0.08538998867098888
0.0006903886096552014,1.1855497360229492,512,False,0,0.33350326445320555,0.19871599073325663,3.0865234111899187,0.0015951894373829746,0.001,53.245910573795165,53.245486830245895,5251,3.224257469177246,2.5955862998962402,0.08493731413115649
0.000709837069734931,1.1579655408859253,512,False,0,0.3935648662528274,0.263512852404393,2.781383250110134,0.00165834774436961,0.001,52.904508907039855,52.904155741034764,5499,3.169766664505005,2.539250373840332,0.08773407301297148
0.0007144371047616005,1.2278772592544556,512,False,0,0.3925398300704857,0.2640959101299856,4.988931952252978,0.0016624687980026144,0.001,52.904155741034764,52.903800301923816,5500,3.1701319217681885,2.5387442111968994,0.08795150820414117
0.0007193773053586483,1.1347534656524658,512,False,0,0.36505859931253704,0.2603134554085349,2.784060220994356,0.0016477485227092503,0.001,52.903800301923816,52.90316269088982,5501,3.1699092388153076,2.538247585296631,0.08717215879320016
0.0007294956594705582,1.147348403930664,512,False,0,0.38152923847657794,0.23190896949002282,3.9362972873881743,0.0016364907992392627,0.001,52.42381648795509,52.42249538187861,5749,3.116321563720703,2.488635778427124,0.08579109334354605
0.0007278693956322968,1.1136958599090576,512,False,0,0.41292552034609675,0.22915463597758537,3.138257566949847,0.0017102762222785171,0.001,52.42249538187861,52.42123473831692,5750,3.116891860961914,2.4884819984436035,0.08965694736413236
0.0007286788895726204,1.2124370336532593,512,False,0,0.4335737883672643,0.23088287976907818,5.1771509537341425,0.00169337454910313,0.001,52.42123473831692,52.419267024644476,5751,3.11673903465271,2.488544225692749,0.08876878473842675
0.0007519383216276765,1.106571912765503,512,False,0,0.44665999853950417,0.22504950325096942,3.7537497874258565,0.0018505995572695203,0.001,51.98806017417487,51.98445809349185,5999,3.0649755001068115,2.4368531703948975,0.0962090811416292
0.0007591122412122786,1.2460771799087524,512,False,0,0.5065065741211477,0.2299988164018155,6.333396320356604,0.0019742567968859576,0.001,51.98445809349185,51.9804762886092,6000,3.0648202896118164,2.4369406700134277,0.10263066972350952
0.0007579709053970873,1.126675009727478,512,False,0,0.4548212833083833,0.22859458850337994,3.977013674145619,0.0019546194110416173,0.001,51.9804762886092,51.97714430334172,6001,3.0646560192108154,2.436708450317383,0.10160204794890407
0.0007922241929918528,1.0201239585876465,512,False,0,0.3215582331901712,0.22063328761597914,3.0786798548348426,0.0014644310464712621,0.001,51.59563259451539,51.59490986481941,6249,3.0172035694122314,2.3882224559783936,0.07555824623373295
0.0007918389746919274,1.031753659248352,512,False,0,0.2633177773779028,0.21746477336785078,2.8787399194597967,0.001404263186191184,0.001,51.59490986481941,51.593848551545655,6250,3.016763687133789,2.3879926204681396,0.07245283251801825
0.0007835724391043186,1.048959732055664,512,False,0,0.3507527802673304,0.21522844881829845,3.103959111833311,0.0015834703809622726,0.001,51.593848551545655,51.592602236248126,6251,3.0163352489471436,2.387740135192871,0.0816973310212258
0.0007718534325249493,1.0260059833526611,512,False,0,0.4377317934651316,0.2152868403864012,3.2496270157327167,0.0016574686941097042,0.001,51.18898629726115,51.189030527064105,6499,2.973846673965454,2.337782859802246,0.08484414227092099
0.0007687505567446351,1.0407594442367554,512,False,0,0.3776245483203056,0.21459021773244055,4.249497516530398,0.0015782858446712728,0.001,51.189030527064105,51.18905577287835,6500,2.9737908840179443,2.3378589153289795,0.08079092228331095
0.0007672592764720321,1.0223760604858398,512,False,0,0.35937804364938286,0.21182303444711123,3.2074928326428602,0.0015960665787048854,0.001,51.18905577287835,51.18939574956866,6501,2.973933696746826,2.3379509449005127,0.08170114111455151
0.0007783925393596292,1.009469985961914,512,False,0,0.4134019409572405,0.21774158289412235,3.3112299022667133,0.0016975069107459761,0.001,50.896801062464206,50.89624955809349,6749,2.9263923168182373,2.291618585586548,0.08639767153839613
0.0007847875240258873,1.041704773902893,512,False,0,0.40650403691288495,0.21697037675570677,4.355999057962244,0.001612253762569823,0.001,50.89624955809349,50.89566691817617,6750,2.9259228706359863,2.291522264480591,0.08205766985072892
0.0007794499979354441,1.0479004383087158,512,False,0,0.4502393883720639,0.2193999903342833,5.190214219120877,0.0016873551865355658,0.001,50.89566691817617,50.89540918849139,6751,2.925767421722412,2.2914485931396484,0.08587906754657118
0.0007577958167530596,1.1604053974151611,512,False,0,0.5801919470562851,0.2603609262478516,8.369224374309493,0.0018438641811552524,0.001,50.53565946917544,50.53500777671489,6999,2.8867084980010986,2.248692035675049,0.09318089236627186
0.0007568378932774067,1.040807843208313,512,False,0,0.5758446211809511,0.26160324793325657,5.193219665869637,0.0018091908547783638,0.001,50.53500777671489,50.53462136577921,7000,2.886948347091675,2.248443841934204,0.09142747391578608
0.0007595296483486891,1.1050361394882202,512,False,0,0.5358360875263796,0.2695820284207733,7.303634906632216,0.0018973226908633304,0.001,50.53462136577921,50.533962303944556,7001,2.8865089416503906,2.248365640640259,0.09588048379147976
0.0007658058311790228,0.9645633101463318,512,False,0,0.37969532387025634,0.20205738983191696,3.444621649975193,0.0016250053777946585,0.001,50.358860454742235,50.35598891289722,7249,2.8492698669433594,2.206770658493042,0.08183341905856689
0.0007589171873405576,0.9510241746902466,512,False,0,0.33281467539296905,0.19996184707022635,3.1968665209306644,0.001545773006583353,0.001,50.35598891289722,50.35330893992689,7250,2.848925828933716,2.206561803817749,0.07783892838136712
0.000763546209782362,0.945441722869873,512,False,0,0.3725505903558203,0.19720974156095517,2.686022572665022,0.0015587903152807859,0.001,50.35330893992689,50.35043865656663,7251,2.8483619689941406,2.206315755844116,0.07849025031789945
0.0007358207367360592,0.9730339050292969,512,False,0,0.44182312152985853,0.2178201269692831,4.532413535262194,0.001713837386867007,0.001,50.23642241498701,50.23838778442725,7499,2.8137400150299072,2.1680309772491455,0.08609705891724848
0.0007356205605901778,0.967660129070282,512,False,0,0.35713679899011214,0.21664182205589516,4.070924274570466,0.0016143817189717645,0.001,50.23838778442725,50.239648241512256,7500,2.8134946823120117,2.167684555053711,0.08110393482979376
0.0007556952186860144,0.9557832479476929,512,False,0,0.3958328846506303,0.21462345325583979,3.9639444861573883,0.001668313918875188,0.001,50.239648241512256,50.24010862554427,7501,2.8133628368377686,2.1677610874176025,0.08381550444070826
0.0007285538595169783,0.9643952250480652,512,False,0,0.3829848655066808,0.21377013963373798,4.3798529632491805,0.0016657924496887378,0.001,50.07299008420493,50.072921634143334,7749,2.7791080474853516,2.129089832305908,0.08341120881560761
0.0007280420977622271,0.9933809638023376,512,False,0,0.5117018959899432,0.21343511602179935,4.533866234866913,0.0019242895532426904,0.001,50.072921634143334,50.072995273515296,7750,2.778454065322876,2.1290738582611084,0.09635480000092192
0.0007227427558973432,0.9468038082122803,512,False,0,0.4469259250648323,0.21132078923139935,3.7612494841439448,0.0018102659172285164,0.001,50.072995273515296,50.0737744753977,7751,2.7780866622924805,2.1292858123779297,0.09064543671718933
0.0006987168453633785,0.9269223213195801,512,False,0,0.44975254543552373,0.21648214709157848,3.4255991941437745,0.0017407550189684358,0.001,49.95883816438371,49.958630677532256,7999,2.7443859577178955,2.092594861984253,0.08696609827648277
0.0006985142827033997,0.9440349340438843,512,False,0,0.446891068716692,0.21616894130123884,4.2857447027805975,0.001772652944118312,0.001,49.958630677532256,49.95816837213621,8000,2.7445995807647705,2.0927000045776367,0.08855931375464697
0.000707322615198791,0.9580999612808228,512,False,0,0.4222270632675425,0.21496636082912218,4.206009935120537,0.0017038260391804133,0.001,49.95816837213621,49.95799749390051,8001,2.7445640563964844,2.0925514698028564,0.08512002814220503
0.0006595394806936383,0.8985180258750916,512,False,0,0.4730242991110526,0.23068657411285926,4.720935274903397,0.001572597667983354,0.001,49.823299092145525,49.82204931803038,8249,2.717406749725342,2.057211399078369,0.0783520039635452
0.0006621828651987016,0.9085243940353394,512,False,0,0.37598212591360053,0.228595436009233,3.357439425780344,0.0015923757123332092,0.001,49.82204931803038,49.82056996120952,8250,2.7173640727996826,2.0571436882019043,0.07933542127269891
0.0006620380445383489,0.8688921332359314,96,True,0,0.5058393525879484,0.2275196892159887,4.437223067525684,0.002002248263436707,0.001,49.82056996120952,49.81847998704993,8251,2.717308759689331,2.0569441318511963,0.09975314968825871
0.0006540328031405807,0.8902424573898315,512,False,0,0.4417422158893148,0.22774103952477048,4.4510656215606375,0.001673414856049051,0.001,49.64879310005761,49.64919629181543,8499,2.688697099685669,2.0229573249816895,0.08308302795854201
0.0006527402438223362,0.907474160194397,512,False,0,0.49154232233065753,0.2270881454625197,4.579441323624757,0.0017156938557852544,0.001,49.64919629181543,49.649535227280516,8500,2.6885342597961426,2.022587299346924,0.08518282102254376
0.000655664480291307,0.899286687374115,512,False,0,0.4909313226462833,0.22705792022989474,4.619675825284856,0.001753190087613491,0.001,49.649535227280516,49.64996505514732,8501,2.688568115234375,2.0222601890563965,0.08704507301508504
0.0006496377754956484,0.9679129123687744,512,False,0,0.5184120424328483,0.23967736377814097,5.946521458186538,0.00207815653948845,0.001,49.48259055100888,49.483151934783514,8749,2.6610453128814697,1.9898592233657837,0.10283256914440848
0.0006435471586883068,0.9423213005065918,512,False,0,0.6472865375617392,0.24083272118289392,5.181232534715103,0.0020734743340340084,0.001,49.483151934783514,49.48378054414125,8750,2.661552906036377,1.9894081354141235,0.1026020455038789
0.0006440128781832755,0.9609323740005493,512,False,0,0.5546012929126902,0.2445772664997122,6.115412369667423,0.001959308142292084,0.001,49.48378054414125,49.4844394413021,8751,2.6622748374938965,1.9892983436584473,0.09695397413153055
0.0006310174940153956,0.9120957851409912,512,False,0,0.48774999385235535,0.2236372094362913,4.466893716218817,0.0018918483438872485,0.001,49.397344051045195,49.39785209142606,8999,2.637502670288086,1.9574781656265259,0.09345228353539849
0.0006273369654081762,0.8688112497329712,512,False,0,0.4885163182516999,0.222495256593316,4.141609557399556,0.0018509129169304859,0.001,49.39785209142606,49.39804096492975,9000,2.6370930671691895,1.9574034214019775,0.09143112250464211
0.0006336979568004608,0.8793567419052124,512,False,0,0.5516621270087879,0.22174313459521144,4.633577639995409,0.001919692440981996,0.001,49.39804096492975,49.39818570911611,9001,2.6369969844818115,1.9572455883026123,0.09482904583969462
0.0005917408270761371,0.851393461227417,512,False,0,0.48048278866048333,0.18171000112307228,4.538764908423736,0.0017070001369928753,0.001,49.34910032722816,49.34856385714791,9249,2.6135942935943604,1.9262545108795166,0.08423892101905361
0.0005930681945756078,0.811204195022583,96,True,0,0.5369598151551588,0.18146821966106136,4.700633046994605,0.0020094976401234706,0.001,49.34856385714791,49.34794368421689,9250,2.6138317584991455,1.9260954856872559,0.09916582261442111
0.0005947434110566974,0.8874964714050293,512,False,0,0.5089803902669933,0.18472887435177313,5.706348015569255,0.001913519169429859,0.001,49.34794368421689,49.347964731546476,9251,2.6139471530914307,1.9259206056594849,0.09442823621169416
0.000560147687792778,0.8124821186065674,512,False,0,0.482689073881419,0.22441496323176116,3.601532505883339,0.001776519638011567,0.001,49.3271426574381,49.32767227642028,9499,2.5910918712615967,1.899885654449463,0.08763063761793687
0.0005596427945420146,0.8171795010566711,512,False,0,0.4296899044391945,0.22300983458629614,4.074902239069973,0.0016665270750198628,0.001,49.32767227642028,49.32837163845454,9500,2.5910396575927734,1.899598479270935,0.08220590139636107
0.0005630515515804291,0.884589672088623,512,False,0,0.5022227075365772,0.22240876649848074,4.660431116242805,0.001705654904232373,0.001,49.32837163845454,49.328448370562576,9501,2.5911600589752197,1.8992702960968018,0.08413717900292708
0.0005362165393307805,0.9676669836044312,512,False,0,0.6974269344532554,0.2726348558563208,7.51180972170667,0.0020785556624072538,0.001,49.211449753815195,49.211389525492514,9749,2.5674638748168945,1.871070384979248,0.10228873754106263
0.0005352024454623461,0.9041022062301636,512,False,0,0.6828810182436469,0.2702975501833576,4.323401329912688,0.0020784408920498025,0.001,49.211389525492514,49.21172127943637,9750,2.5678651332855225,1.8709444999694824,0.10228296434437498
0.0005420624511316419,1.049553632736206,512,False,0,0.5987467709014533,0.2810693751945446,8.436813886620786,0.0020961500893937027,0.001,49.21172127943637,49.21245736736678,9751,2.56766939163208,1.870808482170105,0.10315515395910853
0.0005156405968591571,0.7900606393814087,512,False,0,0.49303775312229686,0.19779547835936545,4.577542770865982,0.0018237241104725969,0.001,49.034958506644294,49.034855393063516,9999,2.5401558876037598,1.8462060689926147,0.08942623608459056
0.0005143477465026081,0.8279056549072266,512,False,0,0.4254891681920269,0.19790312631688578,4.448418831832813,0.0017273510153579925,0.001,49.034855393063516,49.034115334851506,10000,2.5398075580596924,1.846147060394287,0.0847004072511406
0.0005130908684805036,0.8296964168548584,512,False,0,0.49874886683054653,0.19738931933794912,4.438843331094742,0.0018599067495687406,0.001,49.034115334851506,49.03299405330728,10001,2.539611577987671,1.8460772037506104,0.0911988820704224
0.0005027343286201358,0.9129524230957031,96,True,0,0.9212192197952994,0.2240766098363873,10.000027463091218,0.002602571768435581,0.001,48.95235653945844,48.951860963535275,10249,2.5251047611236572,1.8214441537857056,0.12740202112798743
0.0005425007548183203,0.9507027864456177,512,False,0,0.6687526059876326,0.25102501983784614,9.63825001087232,0.0022675716043368344,0.001,48.951860963535275,48.95213070776128,10250,2.5252606868743896,1.821303367614746,0.11100184990035734
0.0005374879110604525,0.9130733609199524,512,False,0,0.8319640760612271,0.25498060565496383,6.109076756207689,0.0022902681412448815,0.001,48.95213070776128,48.952544774157964,10251,2.5247745513916016,1.8211169242858887,0.1121135054060409
0.0004767424543388188,0.7142796516418457,512,False,0,0.46099915350041365,0.21832210318556117,3.097664569564974,0.0016647682600515988,0.001,48.74395618335015,48.74321722203946,10499,2.502070426940918,1.7984052896499634,0.0811473911233872
0.00047395279398187995,0.765222430229187,512,False,0,0.3755932378551803,0.21877455328608011,4.6351230134755905,0.0016174570395843556,0.001,48.74321722203946,48.74278026465474,10500,2.5017952919006348,1.7982027530670166,0.07884005982777713
0.0004759446601383388,0.7550456523895264,512,False,0,0.5146673682116271,0.21768879552711076,4.141956215267007,0.0017576829904387679,0.001,48.74278026465474,48.74274840163635,10501,2.5017166137695312,1.7982410192489624,0.0856743557778781
0.0004598218365572393,0.7810291051864624,512,False,0,0.5336893365351684,0.20364921293116314,3.6523779974565413,0.0018287495699717837,0.001,48.61888110482002,48.61909213699623,10749,2.4844722747802734,1.7756291627883911,0.08891175791294889
0.0004604908754117787,0.8599944114685059,512,False,0,0.5136996231472775,0.20826243829777202,6.150111532381311,0.0018588461492055914,0.001,48.61909213699623,48.619341270257465,10750,2.48391056060791,1.7758060693740845,0.09037541219672729
0.00045945122838020325,0.8117936253547668,512,False,0,0.5962330446959035,0.20893265802643987,5.01749004889989,0.002042625350661284,0.001,48.619341270257465,48.61940508351741,10751,2.483768939971924,1.7762336730957031,0.09931109901108029
0.0004519389185588807,0.8865447044372559,512,False,0,0.5886233144786092,0.2411247249590832,5.996714306627614,0.00205914127862086,0.001,48.48374814801859,48.4830148429862,10999,2.465543508529663,1.7545222043991089,0.09983488715384276
0.00044315005652606487,0.8072531223297119,512,False,0,0.7203128150810981,0.24131834459710602,4.896996543676017,0.002229631123629456,0.001,48.4830148429862,48.482525016543406,11000,2.465726613998413,1.7547099590301514,0.10809923886131093
0.00045922474237158895,0.8197488188743591,512,False,0,0.5785072131413231,0.2390601760166507,4.195275646044257,0.002039281103621625,0.001,48.482525016543406,48.482001308318395,11001,2.465935230255127,1.754673719406128,0.09886949712209968
0.0004419429460540414,0.7943719625473022,512,False,0,0.5038319908443238,0.173155777812582,5.189379768064135,0.002082020511543043,0.001,48.3491985130949,48.34841974018455,11249,2.4487645626068115,1.7347300052642822,0.10066402302092999
0.00044182920828461647,0.8011666536331177,512,False,0,0.5470171675702101,0.17705410294003834,5.621485531371627,0.002143341274086655,0.001,48.34841974018455,48.3473444222656,11250,2.449237823486328,1.734752893447876,0.10362716356600353
0.00044375465949997306,0.748367190361023,512,False,0,0.551994816608125,0.17624293583096926,3.9003364559687275,0.0021523029604477023,0.001,48.3473444222656,48.34665873459414,11251,2.449615001678467,1.7346736192703247,0.10405813252982696
0.00042292644502595067,0.7362537384033203,512,False,0,0.5093476236173172,0.19036788344130223,4.463506485667465,0.001887150680812189,0.001,48.262299499663705,48.2617432072552,11499,2.4350905418395996,1.7141966819763184,0.09107823135835212
0.0004254913656041026,0.6919560432434082,512,False,0,0.45751781534268005,0.1896766779888458,3.927612038440795,0.0018566240372615032,0.001,48.2617432072552,48.26081327713245,11500,2.434715509414673,1.7141306400299072,0.08960391251873208
0.0004235311353113502,0.7326856851577759,512,False,0,0.46890308151792776,0.18921464818467643,4.117729189747781,0.0018533363053630447,0.001,48.26081327713245,48.25961350547758,11501,2.434539556503296,1.7141942977905273,0.08944351737285643
0.00040984252700582147,0.7227548360824585,512,False,0,0.5224150237188433,0.20817569276503914,4.179362833955827,0.00192823404441311,0.001,48.16947599392367,48.169331704202826,11749,2.4195940494537354,1.6953481435775757,0.09288202351302365
0.0004099954676348716,0.7064719796180725,512,False,0,0.42107629054707385,0.2068674433270031,3.526870965826634,0.001827532386645826,0.001,48.169331704202826,48.169300396242235,11750,2.4195668697357178,1.6952952146530151,0.08803101373251625
0.00041051680454984307,0.7382984757423401,512,False,0,0.5544594077971347,0.21316306999026258,6.137200800341385,0.001922455976435095,0.001,48.169300396242235,48.169021121145875,11751,2.419764995574951,1.6952685117721558,0.09260335942745328
0.0003903080360032618,0.7963787317276001,512,False,0,0.5816357653916691,0.21159005371244424,5.023392905963511,0.0023023215274828725,0.001,48.065392814045474,48.065268531294656,11999,2.401529550552368,1.6790685653686523,0.11066198860269746
0.000394996750401333,0.7711332440376282,512,False,0,0.5867405562430543,0.21027632463494556,4.355055983360325,0.0023566960916743844,0.001,48.065268531294656,48.065079735759916,12000,2.401756763458252,1.6789748668670654,0.1132752304929819
0.0003917865687981248,0.7722729444503784,512,False,0,0.5694969166256136,0.20955578547404802,4.551811823022712,0.002253370508882366,0.001,48.065079735759916,48.064694311404935,12001,2.4019463062286377,1.6787419319152832,0.10830843318364082
0.00037955891457386315,0.7416958808898926,512,False,0,0.49628977945958747,0.17717130875957596,4.59573009483127,0.002087872555079098,0.001,47.982820097227,47.98169498961814,12249,2.387053966522217,1.6608209609985352,0.10018201319629802
0.00037908810190856457,0.6851615905761719,512,False,0,0.4876779092938799,0.1753886035452723,3.3663646469903843,0.001993577574803145,0.001,47.98169498961814,47.98058684516983,12250,2.3867650032043457,1.6607728004455566,0.09565523113234714
0.000378853059373796,0.715225338935852,512,False,0,0.42239008771750514,0.17650496830809584,4.834194869247162,0.0018957719953025223,0.001,47.98058684516983,47.97939996320211,12251,2.386740207672119,1.660628080368042,0.09096025285925356
0.00036798708606511354,0.6474291682243347,512,False,0,0.44119339937428614,0.18843349538577348,3.381880303110035,0.0018612469606949737,0.001,47.85517748099064,47.854669068706045,12499,2.3760201930999756,1.6454459428787231,0.08907030364001238
0.0003662641975097358,0.652531623840332,512,False,0,0.41272747564456275,0.1871313180921068,3.5749207912044514,0.0018868765882675397,0.001,47.854669068706045,47.85413250733812,12500,2.375817060470581,1.645339846611023,0.09029585470503222
0.00036858647945337,0.6430286169052124,512,False,0,0.40426499528369725,0.1847104208260336,2.9905829827789185,0.0019318893074974474,0.001,47.85413250733812,47.8533214351274,12501,2.3756511211395264,1.6452361345291138,0.09244888691049254
0.0003623358497861773,0.6379042863845825,512,False,0,0.43986535281887784,0.18293557445820022,3.232344155254903,0.0020867234578823804,0.001,47.7499190829431,47.74928195907187,12749,2.3629918098449707,1.6293721199035645,0.0996408762623629
0.0003617839829530567,0.6720796823501587,512,False,0,0.4276707594920952,0.18327064770143084,4.324009942530531,0.0020361299690800395,0.001,47.74928195907187,47.748506404756796,12750,2.3630526065826416,1.6295628547668457,0.0972237439989191
0.0003631256986409426,0.6131685972213745,512,False,0,0.4537331627941895,0.18151604632467266,3.408921438716488,0.002004101011243346,0.001,47.748506404756796,47.747541777219624,12751,2.3631560802459717,1.629534125328064,0.09569282997113249
0.0003535694268066436,0.6133265495300293,512,False,0,0.5010739032922432,0.19927597942029956,3.372904125828767,0.0020205793381751435,0.001,47.59383212902213,47.59381354820205,12999,2.348334312438965,1.612214207649231,0.09616711382447841
0.0003523037885315716,0.6272212266921997,512,False,0,0.42965148124927915,0.1970173888172426,3.0721607759747696,0.0019055470767122514,0.001,47.59381354820205,47.594063123321206,13000,2.3484394550323486,1.6121985912322998,0.09069225227636436
0.0003550516557879746,0.6490289568901062,512,False,0,0.4274698534795193,0.19527764292995367,3.9104671546120917,0.001896120264365277,0.001,47.594063123321206,47.5941214659762,13001,2.3487753868103027,1.6121519804000854,0.09024406755160948
0.0003450355143286288,0.6378939747810364,512,False,0,0.4847304459570084,0.19638616363087355,3.675572340076959,0.0020202647253321,0.001,47.48372871090502,47.48347108005262,13249,2.3331613540649414,1.5950844287872314,0.09592970214188047
0.00034405908081680536,0.6960212588310242,512,False,0,0.5376722442642473,0.19558266764094637,4.468077725376054,0.0020852342662639307,0.001,47.48347108005262,47.482951680818275,13250,2.333401679992676,1.5952363014221191,0.0990141609772781
0.0003429481585044414,0.6484858393669128,512,False,0,0.5075963878401815,0.19383410191046183,3.7659162556012262,0.0019878857917080724,0.001,47.482951680818275,47.48215335465486,13251,2.333268165588379,1.5954378843307495,0.09439068499465958
0.00033210954279638827,0.659493625164032,512,False,0,0.4858421386277868,0.16957126233726139,4.225030611977918,0.0021161473393765,0.001,47.38611534098311,47.38616071232707,13499,2.31827449798584,1.586900234222412,0.10027600190220935
0.00034385075559839606,0.6507614850997925,512,False,0,0.5428076342321444,0.17074983934286345,4.381073471839847,0.0022336965452784134,0.001,47.38616071232707,47.38599589860349,13500,2.31823992729187,1.5864304304122925,0.10584630347713266
0.00033277797047048807,0.6653455495834351,512,False,0,0.48328057905811306,0.1703515004605549,4.181693990916178,0.002214810765894742,0.001,47.38599589860349,47.38581009896995,13501,2.3180007934570312,1.5858852863311768,0.1049510138688711
0.0003271296445745975,0.6714705228805542,512,False,0,0.4743027666442469,0.20670398974033194,4.842798929890352,0.0019499909694945872,0.001,47.31086935141981,47.311697194886406,13749,2.301386833190918,1.573652982711792,0.09225576799420687
0.00032661104341968894,0.6460387110710144,512,False,0,0.5614944955417643,0.20609231242012133,4.386393085536455,0.00204532778241158,0.001,47.311697194886406,47.312644840649256,13750,2.3013525009155273,1.5737978219985962,0.09676792870574519
0.00032912567257881165,0.6105211973190308,512,False,0,0.47706532873556073,0.20446979180637964,3.611615240623932,0.001931044693397888,0.001,47.312644840649256,47.31368023499282,13751,2.3014941215515137,1.5738619565963745,0.09136283175015471
0.00031810355721972883,0.6789583563804626,512,False,0,0.5099574635310712,0.20187695296847671,4.489774372541372,0.0022646088621089883,0.001,47.3521762340549,47.35219783488673,13999,2.2825965881347656,1.5605145692825317,0.10723415793978736
0.00031423161271959543,0.63120436668396,512,False,0,0.551377925580432,0.20006822467772936,3.6205531040368,0.002256901816180252,0.001,47.35219783488673,47.3523541028813,14000,2.2830443382263184,1.5603041648864746,0.10686926129368246
0.0003187311813235283,0.6503567695617676,512,False,0,0.4766639653518827,0.19802130139138413,3.5554005615052464,0.002159792097428757,0.001,47.3523541028813,47.35233081477019,14001,2.28358793258667,1.5602905750274658,0.10227124018605122
0.00031219678930938244,0.6071323156356812,512,False,0,0.46474869277519676,0.18055302334856305,3.2699651567364696,0.0021011980158403797,0.001,47.30140097812303,47.301265053332315,14249,2.2721164226531982,1.5489426851272583,0.0993896098817023
0.0003121360205113888,0.6401340365409851,512,False,0,0.4799230531804502,0.18019607721109696,4.286520841531339,0.0020079402324763834,0.001,47.301265053332315,47.30123200432792,14250,2.2718653678894043,1.548782229423523,0.09497811314761512
0.00031133703305386007,0.6132420301437378,512,False,0,0.4895044190411226,0.1785167701720691,3.305657458188962,0.002013474123677458,0.001,47.30123200432792,47.3011550507936,14251,2.2719199657440186,1.548667550086975,0.09523980665877829
0.0003115704166702926,0.5776135921478271,512,False,0,0.5417095488457093,0.1792592470177986,4.174481486767751,0.0021471246209190443,0.001,47.24009270276278,47.24034453376812,14499,2.2582828998565674,1.5402778387069702,0.10143036613660004
0.00031329900957643986,0.634946346282959,512,False,0,0.520972369283506,0.1801756848706824,4.911227265510869,0.002114793561163503,0.001,47.24034453376812,47.240985922405294,14500,2.258047342300415,1.5403839349746704,0.09990357644715832
0.00031107664108276367,0.6386003494262695,512,False,0,0.5518769823617881,0.17996302014418014,4.493205909680546,0.002136001360107862,0.001,47.240985922405294,47.24188756719489,14501,2.2577481269836426,1.5404824018478394,0.10090681018309408
0.00036074552917853,0.6559851765632629,512,False,0,0.5392549487185724,0.24259135824332645,4.765136213445787,0.002091188554532789,0.001,47.22867216559471,47.228534926322176,14749,2.2454464435577393,1.5293546915054321,0.09876405867847296
0.00031349691562354565,0.6756786704063416,512,False,0,0.5778141997136904,0.2435158550076208,5.183802596288366,0.002082037760612425,0.001,47.228534926322176,47.22823980792186,14750,2.245094060897827,1.5295923948287964,0.09833159309500553
0.0003295504138804972,0.6273993849754333,512,False,0,0.6063785875447643,0.24137246871637832,4.024340556178538,0.0021272025235063003,0.001,47.22823980792186,47.22827588641398,14751,2.245208740234375,1.529837965965271,0.10046403090017209
0.0003041138406842947,0.5706027746200562,512,False,0,0.5129262644429196,0.20292667502458675,3.8108372584596495,0.0019146317751572248,0.001,47.19171082719164,47.19184601639502,14999,2.233727216720581,1.5230844020843506,0.09035474907377236
0.000300196697935462,0.5985795259475708,512,False,0,0.4968514566124831,0.2018303325333261,4.0208005859141025,0.0018987007815063806,0.001,47.19184601639502,47.192080555177235,15000,2.23380970954895,1.5229536294937134,0.089603194912058
0.0002994482056237757,0.5963834524154663,512,False,0,0.5344601335402108,0.2013539585100952,4.372997529436789,0.0019912918894459046,0.001,47.192080555177235,47.192574408027745,15001,2.2340564727783203,1.522922158241272,0.09397320725560221
0.000299036328215152,0.6646341681480408,512,False,0,0.6230935962800382,0.21454599811092193,3.9783017549582183,0.0021696729434316727,0.001,47.18863543947284,47.18773615125066,15249,2.2186901569366455,1.5122501850128174,0.10238390555048518
0.00029844726668670774,0.696495771408081,512,False,0,0.5141706085082361,0.21433262870044253,4.718852999537749,0.0021493639035173305,0.001,47.18773615125066,47.18689098913137,15250,2.2191548347473145,1.5124083757400513,0.10142361677219797
0.0003023650497198105,0.6898157596588135,512,False,0,0.6943386887090901,0.216678620017633,5.200093592663274,0.0024065330290773505,0.001,47.18689098913137,47.18633166979079,15251,2.2198474407196045,1.5126404762268066,0.11355681170481705
0.0002933750511147082,0.5532911419868469,512,False,0,0.4739551716214461,0.20223846771140264,3.6182553239876376,0.0020826290971875405,0.001,47.116104083728544,47.11588524982266,15499,2.208465337753296,1.5050468444824219,0.09812536931088976
0.00029486112180165946,0.560143232345581,512,False,0,0.467638336939881,0.20187700932610203,4.206544532804447,0.0020052242863882,0.001,47.11588524982266,47.11570009725492,15500,2.2084121704101562,1.5051387548446655,0.09447791737762397
0.0002936754608526826,0.5710402131080627,512,False,0,0.5277345233163948,0.20119939401034664,4.163730072224997,0.0020775786279498692,0.001,47.11570009725492,47.115399081813365,15501,2.20843505859375,1.5051143169403076,0.09788657156295241
0.0002920370316132903,0.4939350187778473,512,False,0,0.4938778501603727,0.16849416880107707,2.871894159982895,0.001973638041041274,0.001,47.09984138265825,47.10035382244782,15749,2.1954801082611084,1.4968851804733276,0.09295803867982434
0.00028937909519299865,0.5310712456703186,512,False,0,0.44333529047769477,0.17022768841910224,4.5155264566262705,0.001938121992068951,0.001,47.10035382244782,47.10098253347134,15750,2.1954376697540283,1.4970167875289917,0.091286231577515
0.00029250694205984473,0.5448977947235107,512,False,0,0.49299173988798795,0.1703688197146056,4.235431366911143,0.0020744106230620066,0.001,47.10098253347134,47.10188688985263,15751,2.195322275161743,1.497096061706543,0.09770677852409097
0.00028793024830520153,0.5812833905220032,512,False,0,0.4892995857431607,0.17491414685454035,4.349648096694731,0.002120889081536514,0.001,47.10217458164511,47.101924548643346,15999,2.182457685470581,1.4886187314987183,0.09989848778683783
0.0003090519458055496,0.5273271799087524,512,False,0,0.5248513093936861,0.17418895336701926,3.7780428859218844,0.002129153431595089,0.001,47.101924548643346,47.10211654749458,16000,2.1823647022247314,1.4885739088058472,0.10028722428747694
0.0002890845062211156,0.5426514148712158,512,False,0,0.4806575129789383,0.17389314910395096,3.8290357592240603,0.002029421396198621,0.001,47.10211654749458,47.10216399462611,16001,2.1825571060180664,1.488736867904663,0.0955900431277266
0.0002902221749536693,0.607860267162323,512,False,0,0.6676383330201805,0.20868013468937172,5.4596219745823475,0.0021728808428493683,0.001,47.04583732851178,47.04593757500303,16249,2.172039031982422,1.4782130718231201,0.10222499866693095
0.0002902458654716611,0.5687749981880188,512,False,0,0.530506447873708,0.20869040991183538,4.74802413518073,0.002119090602334187,0.001,47.04593757500303,47.04620533014289,16250,2.171797513961792,1.4781644344329834,0.09969460419318973
0.00029052741592749953,0.5837109088897705,512,False,0,0.572201573086617,0.21226130332102744,5.210395196825416,0.002205506449310779,0.001,47.04620533014289,47.046230282869736,16251,2.1714389324188232,1.478164792060852,0.1037607092712293
0.000284821551758796,0.4994654357433319,512,False,0,0.4742403894561053,0.181039216203591,3.3209103157090696,0.002119569912395708,0.001,47.030613136813116,47.03005747334807,16499,2.1595349311828613,1.4711958169937134,0.0996846725663114
0.00029881889349780977,0.5560078024864197,512,False,0,0.4714386724447019,0.18125219534962106,4.4001141470252865,0.002072974202595298,0.001,47.03005747334807,47.029674767867405,16500,2.1596438884735107,1.4713096618652344,0.09749209588882476
0.00033521384466439486,0.5341131687164307,512,False,0,0.5526752806802324,0.18133107256830266,4.208594023766253,0.0021748676540416074,0.001,47.029674767867405,47.029359949677904,16501,2.1592602729797363,1.4713470935821533,0.10228331843273156
0.00027884120936505497,0.549888014793396,512,False,0,0.5685707523322587,0.16892687762888858,4.075091371408082,0.0022346086432742216,0.001,47.0200552837791,47.019386599748636,16749,2.155500650405884,1.4652233123779297,0.10507142194436452
0.000277878949418664,0.5216796398162842,512,False,0,0.5142097395908263,0.16929380679289627,4.128678290918719,0.0022408977020229857,0.001,47.019386599748636,47.01888210999294,16750,2.1551129817962646,1.4654464721679688,0.10536563538190707
0.0002769882557913661,0.5281516313552856,512,False,0,0.48865263341216236,0.1686914390059368,4.027139186561851,0.0022075233113594776,0.001,47.01888210999294,47.01856763390799,16751,2.15462064743042,1.4655046463012695,0.1037952783318725
0.00027747111744247377,0.4870862662792206,512,False,0,0.41849414815582303,0.1969363748974983,2.9988619021407423,0.0018130741669157846,0.001,46.9143563693818,46.91390333523009,16999,2.139653444290161,1.45766282081604,0.08505920759080714
0.00027836370281875134,0.4573516547679901,512,False,0,0.4176292134440362,0.194541472835569,2.9248860214321097,0.0018981213868875415,0.001,46.91390333523009,46.91315672508897,17000,2.139631509780884,1.4576992988586426,0.089048283262975
0.00027802595286630094,0.44088494777679443,512,False,0,0.4338846740000558,0.19246508667925272,3.020695323262625,0.0018748379378287728,0.001,46.91315672508897,46.912212526254834,17001,2.1397016048431396,1.4578899145126343,0.08795456601150382
0.0002768888953141868,0.5530006289482117,512,False,0,0.5703997233553886,0.18053628991744308,4.842707953469794,0.0023242396109758976,0.001,46.87890277035882,46.87864720850937,17249,2.1329185962677,1.4530442953109741,0.10895780273795572
0.0002849676238838583,0.5117076635360718,512,False,0,0.5205347891778067,0.17977598527034044,3.9333724115175177,0.0022093555306612156,0.001,46.87864720850937,46.87875150104291,17250,2.133305311203003,1.4530032873153687,0.10357159848003614
0.000280481472145766,0.5660088062286377,512,False,0,0.5210363647906405,0.18191389420352747,4.719005550356604,0.002187838888480421,0.001,46.87875150104291,46.87924716764541,17251,2.1336801052093506,1.452911615371704,0.10256315557739158
0.00027332917670719326,0.5272167921066284,512,False,0,0.542303560573091,0.1885671055553608,4.4657683698822215,0.0021351708740582234,0.001,46.91880360088827,46.91816186236347,17499,2.1245734691619873,1.4439738988876343,0.10017966289427471
0.000278978404821828,0.5641300678253174,512,False,0,0.53857436956199,0.19107764896123827,4.968286628559938,0.0021217753549310674,0.001,46.91816186236347,46.91799708353293,17500,2.124720573425293,1.4439713954925537,0.09954979953822951
0.00027189176762476563,0.5229240655899048,96,True,0,0.708658511763075,0.19266069874084862,5.9304322760576875,0.0027230761474569517,0.001,46.91799708353293,46.91790091513589,17501,2.1249897480010986,1.4438451528549194,0.12776127874462334
0.00027915622922591865,0.46369442343711853,512,False,0,0.43329292287332877,0.18012678069969132,3.505736524951413,0.00200199285948512,0.001,46.868605723260664,46.868415325210854,17749,2.1177055835723877,1.4380439519882202,0.09383061399199127
0.00027660466730594635,0.503444492816925,512,False,0,0.5408562775071968,0.18346113647039497,5.080720941967048,0.0020573648139416267,0.001,46.868415325210854,46.86837031017431,17750,2.117647886276245,1.4380704164505005,0.09642542857529131
0.0002778051421046257,0.5128558874130249,512,False,0,0.49839653916847615,0.18270284871210615,3.947965601379517,0.0021382083472652664,0.001,46.86837031017431,46.86828098111551,17751,2.1178154945373535,1.438090205192566,0.1002143406199343
0.00029383227229118347,0.486793577671051,512,False,0,0.4881971866449812,0.1737424119678323,3.6960903065129536,0.002216160469745287,0.001,46.85511163245037,46.85462639830299,17999,2.1064999103546143,1.4311442375183105,0.10383844620533907
0.0002902112319134176,0.4827823340892792,512,False,0,0.5037043264151874,0.17285203611521685,3.9663354932288506,0.0022452558736949547,0.001,46.85462639830299,46.85459873439906,18000,2.1065821647644043,1.430884838104248,0.10520062513057248
0.00028123543597757816,0.4705160856246948,512,False,0,0.448624028788324,0.17127531980127847,3.413388348103315,0.002202879581704518,0.001,46.85459873439906,46.85509759133387,18001,2.1070332527160645,1.4305962324142456,0.10321503886096604
0.00027428759494796395,0.5053797960281372,512,False,0,0.6261553624069185,0.21851140569528332,3.69540571769936,0.0022385074849334153,0.001,46.82531037042672,46.82530630973192,18249,2.097257375717163,1.4279694557189941,0.10481880774853049
0.0002769280690699816,0.540581226348877,512,False,0,0.5971575971059689,0.21663723745799235,3.928103170837192,0.0022028198445056607,0.001,46.82530630973192,46.82547519808125,18250,2.097057342529297,1.4277515411376953,0.1031477139641336
0.00027725083054974675,0.5660457611083984,512,False,0,0.5428384142737321,0.21592605848203963,4.543913060257753,0.0022110269648032933,0.001,46.82547519808125,46.8253739631166,18251,2.0970895290374756,1.4275728464126587,0.10353238830268548
0.0002706888481043279,0.43303921818733215,512,False,0,0.42578510172610445,0.17299071303900654,3.6123615477750826,0.0019514271624876886,0.001,46.864658080475074,46.86422940103948,18499,2.088070869445801,1.4231958389282227,0.0914529667389372
0.000267390365479514,0.4431668221950531,96,True,0,0.511167457421147,0.17288090428245947,4.371486864164827,0.0022675764340410677,0.001,46.86422940103948,46.863775462872724,18500,2.0881106853485107,1.4230506420135498,0.10626822218929168
0.0002686414518393576,0.4182995557785034,512,False,0,0.4467481948715883,0.1716482503720501,3.268723045997277,0.0021290578108552356,0.001,46.863775462872724,46.863562885823555,18501,2.087890863418579,1.422800898551941,0.0997756871953951
0.0002701357298064977,0.44481754302978516,512,False,0,0.43366307145969857,0.19402583367091614,3.3896168773761417,0.0018946562179987883,0.001,46.900622861262846,46.900417890301874,18749,2.082040786743164,1.4184963703155518,0.08886055673210777
0.00027238798793405294,0.44080379605293274,512,False,0,0.47678218428544866,0.19363465545332414,3.9865131748376625,0.0019606978386385843,0.001,46.900417890301874,46.90005639982597,18750,2.082284927368164,1.4183857440948486,0.09195754798876127
0.00026899733347818255,0.4141758680343628,512,False,0,0.43857939662997997,0.1911763302306001,2.7522644986774094,0.0019639674604097477,0.001,46.90005639982597,46.89987729207909,18751,2.082505226135254,1.418212652206421,0.09211018466064014
0.00027467356994748116,0.4727780818939209,512,False,0,0.5280024677284919,0.18966531269683143,4.468837047744006,0.002130964652461097,0.001,46.91495718135537,46.91418983282862,18999,2.0778870582580566,1.4108418226242065,0.09997411542519417
0.0002739522897172719,0.4367012679576874,512,False,0,0.5717989083788347,0.18889216964899153,4.045620411192423,0.002236085453898995,0.001,46.91418983282862,46.91301531996719,19000,2.07763671875,1.411105751991272,0.10490413746664419
0.00027262786170467734,0.46480152010917664,512,False,0,0.5175205707635662,0.19075458415888769,4.862142170102582,0.0021625812475588296,0.001,46.91301531996719,46.91180172688238,19001,2.0776374340057373,1.4111852645874023,0.10145320719740111
0.0002633749390952289,0.5698775053024292,512,False,0,0.5971387888576848,0.2187108802625051,5.555007256956733,0.0023766837656203407,0.001,46.89905202865971,46.898439070245864,19249,2.07488751411438,1.4055479764938354,0.11146421557949923
0.00026517934747971594,0.4911702871322632,512,False,0,0.6708071052718881,0.21674204141572515,3.4760692513060993,0.002409183690771686,0.001,46.898439070245864,46.89780308806386,19250,2.0755255222320557,1.4060758352279663,0.11298695453068597
0.00026444008108228445,0.521850049495697,512,False,0,0.5618285770543823,0.21712212620357932,4.544993479088579,0.0023389992166721915,0.001,46.89780308806386,46.8971272843132,19251,2.0760281085968018,1.4066054821014404,0.10969392468662804
0.0002666962391231209,0.3798592984676361,96,True,0,0.5192800802316065,0.1589059633895649,4.612717082828032,0.002487239328322158,0.001,46.94980679458161,46.94998615258266,19499,2.0631465911865234,1.4037047624588013,0.11677540591661027
0.0002656406140886247,0.4114862382411957,512,False,0,0.46892790775958837,0.15768715527780564,3.122899426182815,0.0022976102331912765,0.001,46.94998615258266,46.9505473406589,19500,2.06356143951416,1.4035316705703735,0.10787276863236264
0.0002714188885875046,0.47474366426467896,512,False,0,0.47777594786758926,0.15721380064403545,3.747706683202217,0.0022046983911604024,0.001,46.9505473406589,46.95130636447047,19501,2.064004898071289,1.40341317653656,0.103511796186051
0.00026404287200421095,0.44857221841812134,512,False,0,0.4334868886388342,0.1642605737437393,4.422736693321143,0.002018503247874487,0.001,46.99681216751782,46.99685909285438,19749,2.0597550868988037,1.40182363986969,0.09486321799988193
0.000263561203610152,0.4072735011577606,512,False,0,0.4599780381125368,0.1633045812172284,3.358498491363366,0.0020548020315434828,0.001,46.99685909285438,46.99718363632797,19750,2.059904098510742,1.4014981985092163,0.09656924154015997
0.000261731562204659,0.3787619471549988,512,False,0,0.404278159961897,0.16162013196023295,3.1622221078016644,0.0019535269232334785,0.001,46.99718363632797,46.997597812401054,19751,2.0598933696746826,1.4011179208755493,0.09181026354971457
0.0002649819361977279,0.5197509527206421,512,False,0,0.5606280504358606,0.2178552730065964,5.2819630269482465,0.0022597992796897447,0.001,47.04379162844557,47.04462785803823,19999,2.0535526275634766,1.3987278938293457,0.10630952643583573
0.0003492807736620307,0.46861475706100464,512,False,0,0.6028411447374766,0.2161645754221162,4.013771767196489,0.0022808679784991712,0.001,47.04462785803823,47.045485118567505,20000,2.052947998046875,1.3986525535583496,0.10730258524180947
0.0002633870462886989,0.4549500048160553,512,False,0,0.5030702023686423,0.21564257761598343,4.061651626305277,0.0021794498688403156,0.001,47.045485118567505,47.04568463949587,20001,2.052769184112549,1.3985857963562012,0.10253327637119097
0.00026039817021228373,0.5916741490364075,512,False,0,0.6922641597859247,0.20299870525541253,6.322449079452689,0.0025891204860098256,0.001,47.05398149691924,47.05449246968024,20249,2.0487749576568604,1.396276593208313,0.12182842744200088
0.00025904286303557456,0.5591683983802795,512,False,0,0.7489893656026528,0.2070064650033297,6.16111871614862,0.0026800063873728686,0.001,47.05449246968024,47.05487377083588,20250,2.048564910888672,1.3960909843444824,0.1261063403733316
0.00026018606149591506,0.5265023708343506,512,False,0,0.6609807862592837,0.20598456123219014,4.400687273443848,0.0025617502349137037,0.001,47.05487377083588,47.055389253255754,20251,2.048415184020996,1.39580500125885,0.1205428339362735
0.0002583967871032655,0.4783204197883606,512,False,0,0.557276163324433,0.18891337904535727,4.968865548905219,0.002414103387000486,0.001,47.06369895924213,47.063848849415145,20499,2.040926456451416,1.393054723739624,0.11361663506227766
0.00025947188260033727,0.5148354768753052,512,False,0,0.6968253014069137,0.19153181486444754,5.399356152726685,0.0024454871110982904,0.001,47.063848849415145,47.064353900916934,20500,2.041203498840332,1.3930014371871948,0.11509403575992283
0.00025994807947427034,0.5447880625724792,512,False,0,0.6247108386161009,0.19169658136609197,4.739513065943085,0.002484201236007705,0.001,47.064353900916934,47.06491709146672,20501,2.0414013862609863,1.3929784297943115,0.1169173261325619
0.00025736138923093677,0.42631644010543823,512,False,0,0.5310072364412561,0.18301598612790693,3.9276252346118126,0.0021262123356423127,0.001,47.098376336223296,47.09867770049449,20749,2.0324344635009766,1.3903188705444336,0.10014114875480197
0.00025673251366242766,0.4232846200466156,512,False,0,0.5622463114217074,0.18406627339837472,4.294672901054652,0.0021278915348810178,0.001,47.09867770049449,47.09911421339421,20750,2.0328633785247803,1.39055597782135,0.10022087758297159
0.0002582599699962884,0.4354901909828186,512,False,0,0.4916545557904758,0.18357481044888602,4.054003651445479,0.0020817761975431173,0.001,47.09911421339421,47.09983096328338,20751,2.0328762531280518,1.3905583620071411,0.09804981489480878
0.00025825219927355647,0.4174494743347168,512,False,0,0.49888266172279805,0.20196195336574846,3.1249821684153334,0.002113419492487914,0.001,47.12868030955626,47.128934772295295,20999,2.022148609161377,1.3874489068984985,0.09960267162144752
0.00026119902031496167,0.4282545745372772,512,False,0,0.4949833519085748,0.20172840347152546,4.14447939647154,0.002120652224468283,0.001,47.128934772295295,47.129101267879555,21000,2.022195339202881,1.3875212669372559,0.09994408036168864
0.00025698624085634947,0.43345293402671814,512,False,0,0.5353699968109559,0.20052758063260728,3.8059024667942607,0.0021761350667753986,0.001,47.129101267879555,47.129093427237514,21001,2.022233486175537,1.3876780271530151,0.1025592899346416
0.00025856978027150035,0.4364855885505676,512,False,0,0.5584049765917787,0.16691109526328352,4.301189701740371,0.002282175581758966,0.001,47.14371484752294,47.14360860924161,21249,2.0117435455322266,1.3855807781219482,0.10759023485842449
0.0002582298475317657,0.414934366941452,512,False,0,0.5512512616779341,0.16622344678678103,3.6188716980666134,0.0022123177411626288,0.001,47.14360860924161,47.143650732790285,21250,2.011707305908203,1.3857567310333252,0.10429664170865247
0.00025491873384453356,0.46494561433792114,512,False,0,0.5352492732786641,0.16694033921259066,4.533723749574038,0.0021904777843685273,0.001,47.143650732790285,47.143855242850144,21251,2.0118911266326904,1.3856168985366821,0.10326711960420616
0.00025227118749171495,0.5513732433319092,512,False,0,0.585196664700582,0.18286485123096682,5.050685077492042,0.0024764987399426537,0.001,47.155404042685205,47.15545031126125,21499,2.008760452270508,1.3853144645690918,0.11678029869319663
0.00025353586534038186,0.47387373447418213,512,False,0,0.5913388438268425,0.1821251180120002,4.032344478815437,0.002435098759163001,0.001,47.15545031126125,47.15573029046694,21500,2.0087602138519287,1.3851497173309326,0.1148281785407248
0.00025663006817921996,0.42888587713241577,512,False,0,0.5282587349212009,0.18004793750777992,3.086006377266083,0.0023337851664138867,0.001,47.15573029046694,47.155899545039325,21501,2.008530378341675,1.3850207328796387,0.11005134386330576
0.0002497723326086998,0.3997352123260498,512,False,0,0.49809018134421673,0.21443866270031203,3.5235911153934163,0.002218163231748667,0.001,47.14304884432648,47.1425855673587,21749,2.0065507888793945,1.3882759809494019,0.10457097757901648
0.0002491417108103633,0.39609813690185547,512,False,0,0.47157190495001194,0.21212353655856658,3.174561481365488,0.0021595935994051657,0.001,47.1425855673587,47.142311097879826,21750,2.0059502124786377,1.3883472681045532,0.1018088260506782
0.00025050988188013434,0.4104446768760681,512,False,0,0.46363946247126925,0.2106390215675585,3.4161352445850395,0.0020880510095729514,0.001,47.142311097879826,47.141632854202335,21751,2.0055124759674072,1.388443112373352,0.09843555028153012
0.0002478339592926204,0.3849334418773651,512,False,0,0.4792847367832393,0.2054158118101755,3.194117760595313,0.00214736315384401,0.001,47.16340926163987,47.16375452331764,21999,1.9999669790267944,1.3847144842147827,0.10127696725811078
0.00025129306595772505,0.4173092842102051,512,False,0,0.4623883560088,0.20467085141421842,3.713810010530024,0.0021510093284888834,0.001,47.16375452331764,47.16414098856356,22000,1.9997832775115967,1.3845982551574707,0.10144967594621603
0.0002495376975275576,0.4022849202156067,512,False,0,0.49719456689443464,0.20285957699225107,3.3554073231548807,0.0020952249871838526,0.001,47.16414098856356,47.164394241682515,22001,1.999591588973999,1.3845964670181274,0.0988194866983005
0.0002561210421845317,0.4049097001552582,512,False,0,0.5088952388486611,0.18421692335332673,3.5449460656484733,0.0021564379948389055,0.001,47.18582135842373,47.18564260691821,22249,1.9914605617523193,1.381359338760376,0.10175329799498607
0.0002467472804710269,0.4316008687019348,512,False,0,0.47179082726966065,0.18261886161637003,3.456648221971464,0.002115585604165706,0.001,47.18564260691821,47.18549266915423,22250,1.9914640188217163,1.3814774751663208,0.09982526622250414
0.0002464777498971671,0.4109208583831787,512,False,0,0.522816725357396,0.18137282788904716,3.769313489414462,0.002158303825929081,0.001,47.18549266915423,47.18505438753953,22251,1.991432785987854,1.3814533948898315,0.10184062935618418
0.00024622015189379454,0.42009294033050537,512,False,0,0.5816547476392135,0.18233244239280436,3.513894789365415,0.0024250624354415474,0.001,47.194610904078544,47.194772234240865,22499,1.9832319021224976,1.3816815614700317,0.11444987805876093
0.0002459774841554463,0.4600391089916229,512,False,0,0.5812732074139529,0.18913774358511473,5.659646359401298,0.0024598539697408047,0.001,47.194772234240865,47.194781394425696,22500,1.9833781719207764,1.3816479444503784,0.11609224783141049
0.0002461097901687026,0.4334576427936554,512,False,0,0.6050372683334432,0.1886527389644329,4.048353067973484,0.002433490145836517,0.001,47.194781394425696,47.19454121711044,22501,1.9838111400604248,1.3817594051361084,0.11484803545824351
0.00024531222879886627,0.39570605754852295,512,False,0,0.5428682636399599,0.1685813233578648,3.473453526856168,0.0023126486350780622,0.001,47.23198019457462,47.23154586580219,22749,1.9792468547821045,1.3803050518035889,0.10923097452901706
0.0002445319260004908,0.39533793926239014,512,False,0,0.47599048062327337,0.1680764496381712,3.4233274212616096,0.0022478118492331124,0.001,47.23154586580219,47.23083365248653,22750,1.9787737131118774,1.3801476955413818,0.10616762845474739
0.00024313073663506657,0.4336857795715332,512,False,0,0.539541279436294,0.16857050607919538,4.360256829678576,0.0023323632679256396,0.001,47.23083365248653,47.230198576346474,22751,1.9779341220855713,1.3799740076065063,0.11015946152456575
0.0002438288793200627,0.43130117654800415,512,False,0,0.669319155181481,0.20206913756301373,5.225451298200135,0.002396213197114347,0.001,47.19686810304232,47.19586871603613,22999,1.9768372774124146,1.3804606199264526,0.11309375821097517
0.0002471051993779838,0.453981876373291,512,False,0,0.6539414911026319,0.20338094462459488,5.166855269733237,0.0023988198836013344,0.001,47.19586871603613,47.19465622593368,23000,1.9771308898925781,1.3803819417953491,0.11321438829986566
0.00024438841501250863,0.45501673221588135,512,False,0,0.6234264019828171,0.20672917375525082,5.458222376098641,0.0023212494211476923,0.001,47.19465622593368,47.19366496249047,23001,1.9775828123092651,1.3803479671478271,0.10955056844571288
0.00024181214394047856,0.4060957431793213,512,False,0,0.572586095502963,0.19196708273729302,3.902592792597941,0.002379269802060206,0.001,47.21196467069642,47.21185366416966,23249,1.9733240604400635,1.378170132637024,0.1123300018369213
0.00024139384913723916,0.4106375575065613,512,False,0,0.5708386189668315,0.19136514795673842,4.016499063013038,0.00231859665625828,0.001,47.21185366416966,47.21176945186588,23250,1.9734760522842407,1.378294825553894,0.109465246041499
0.00024077696434687823,0.3784131407737732,512,False,0,0.5312756457322875,0.1896595744155369,3.6384985307938424,0.0022078310457724617,0.001,47.21176945186588,47.21187651770385,23251,1.9738136529922485,1.3783143758773804,0.1042356103216814
0.00023511017207056284,0.45319753885269165,512,False,0,0.6114074764642893,0.17549758657407813,3.918932637472021,0.0024309404569359864,0.001,47.25750565318033,47.25797272443581,23499,1.9691956043243408,1.3722329139709473,0.11488018238619715
0.00023496546782553196,0.470267653465271,512,False,0,0.6267497606555,0.17675390568723956,4.513718011371861,0.0024141709460182674,0.001,47.25797272443581,47.258216683366406,23500,1.9695851802825928,1.3722639083862305,0.11408882471905668
0.00023599853739142418,0.4476202726364136,512,False,0,0.5946963922767896,0.1762387055884608,3.7999254767110107,0.002408586057310983,0.001,47.258216683366406,47.2585859142048,23501,1.9699784517288208,1.3724620342254639,0.11382548179693762
0.00023631771910004318,0.39099714159965515,512,False,0,0.5646614406151634,0.17908534304539092,4.044825639646366,0.0023357418608335053,0.001,47.2705042800394,47.27047834787972,23749,1.9625850915908813,1.3682737350463867,0.11041169562959739
0.00023646446061320603,0.38830143213272095,512,False,0,0.5668984881410787,0.17871336206932645,3.7312550473209187,0.0022921607776029648,0.001,47.27047834787972,47.27029468537415,23750,1.9624406099319458,1.3682061433792114,0.10835153640754008
0.0002355661999899894,0.3506912291049957,512,False,0,0.5061164644081539,0.17639448007586134,2.935377416794893,0.002174666960167697,0.001,47.27029468537415,47.270300474308875,23751,1.9623209238052368,1.368176817893982,0.10279714804967384
0.00023331928241532296,0.38850948214530945,512,False,0,0.5424743872461933,0.16329584429246574,4.060004197616628,0.002306163262138443,0.001,47.30265041184299,47.30283327362745,23999,1.9545451402664185,1.362016201019287,0.10908763458157018
0.00023342351778410375,0.364984929561615,512,False,0,0.5264923561807897,0.16234647953878506,3.6040651697569177,0.002273592753711039,0.001,47.30283327362745,47.30333779049662,24000,1.9537155628204346,1.3622736930847168,0.1075473789609208
0.00023465993581339717,0.3828602433204651,512,False,0,0.5131710886328358,0.1655933094208934,4.893074904249943,0.0022190589633686235,0.001,47.30333779049662,47.30415188921473,24001,1.95350182056427,1.3625571727752686,0.10496889572125526
0.00023168622283264995,0.3990294337272644,512,False,0,0.5129473417702093,0.1538825019717907,4.402464079464093,0.002395955338904025,0.001,47.365626530488434,47.36663699923087,24249,1.9460806846618652,1.356919527053833,0.1134859257662579
0.00023041525855660439,0.3878212869167328,512,False,0,0.5243455322022623,0.15354519375087994,3.546614226621983,0.0023579378741298653,0.001,47.36663699923087,47.36738519202558,24250,1.946294903755188,1.356781244277954,0.11168758735064746
0.00023110715846996754,0.3974132835865021,512,False,0,0.5413183960959418,0.15314418949946793,3.974376764023045,0.0024324013640480225,0.001,47.36738519202558,47.368050717862005,24251,1.94650399684906,1.3566094636917114,0.11521649235247111
0.00023470891756005585,0.3976518511772156,512,False,0,0.5237961469732665,0.17341333336250428,4.093548259060932,0.002298572821582603,0.001,47.37627346018784,47.37598380693131,24499,1.9414738416671753,1.3518658876419067,0.10889781456345296
0.00023344361397903413,0.3939850330352783,512,False,0,0.4747748605880833,0.17173460918247252,3.2902969866406977,0.002236737778242942,0.001,47.37598380693131,47.37553242676761,24500,1.9414695501327515,1.351694941520691,0.10596765276238913
0.00023474932822864503,0.42355412244796753,512,False,0,0.5463896398765999,0.17420225088831978,5.151303493159427,0.0023105429601434553,0.001,47.37553242676761,47.37471965893435,24501,1.9413646459579468,1.351507544517517,0.1094632029317159
0.0002372046874370426,0.3972700238227844,512,False,0,0.5490211619399257,0.21959011287209088,4.020567037119683,0.002203581318869081,0.001,47.30307742922143,47.30196925196084,24749,1.9404383897781372,1.3471767902374268,0.10423617774805001
0.00023652617528568953,0.3990429639816284,512,False,0,0.5514072252949438,0.2198529219750458,4.401864886158586,0.0022365389792993406,0.001,47.30196925196084,47.3014412185241,24750,1.9404295682907104,1.3471684455871582,0.10579269802962929
0.00023718932061456144,0.42359215021133423,512,False,0,0.6430053889533062,0.22084035299043983,4.737863552862955,0.002315256168554823,0.001,47.3014412185241,47.30115594468305,24751,1.9410231113433838,1.3472034931182861,0.10951495356272127
0.0002320188214071095,0.35022199153900146,512,False,0,0.48570360129668694,0.158721839302545,3.4059623717688767,0.002349054254750274,0.001,47.34048725844834,47.340722666901065,24999,1.9326132535934448,1.3420253992080688,0.1112053730164092
0.00023324601352214813,0.32096219062805176,512,False,0,0.47537911511308617,0.15860891551710707,3.6896376407575726,0.002278648271833237,0.001,47.340722666901065,47.34077111308477,25000,1.9327198266983032,1.3420414924621582,0.10787285589227068
0.00023136462550610304,0.3156840205192566,512,False,0,0.4521331906496127,0.15694214748983193,2.847673662450424,0.0021899191367177346,0.001,47.34077111308477,47.34048597188902,25001,1.9326400756835938,1.3420394659042358,0.10367246060751847
0.00023056622012518346,0.4004857540130615,512,False,0,0.5537790372498724,0.15751265475534704,4.307992369332969,0.0025450005541701004,0.001,47.41114671068889,47.4114114629044,25249,1.9261083602905273,1.336929440498352,0.12066139465254316
0.0002294480800628662,0.3691105842590332,512,False,0,0.546330775302665,0.1565068191477129,3.2590875661266154,0.0025558103135249937,0.001,47.4114114629044,47.411600753711,25250,1.9258449077606201,1.336928367614746,0.12117457439566817
0.00022902806813362986,0.3626354932785034,512,False,0,0.5309470578986039,0.15670297725243168,4.198418398226117,0.0024890896864616665,0.001,47.411600753711,47.41181908968026,25251,1.9256705045700073,1.3368713855743408,0.11801172645470022
0.00022391369566321373,0.436593234539032,512,False,0,0.5662053838136635,0.1814188835968684,4.8508612833753375,0.002312715712479677,0.001,47.44191333850918,47.44275090646286,25499,1.9175359010696411,1.3330494165420532,0.10971965840806935
0.00022520807397086173,0.4215282201766968,512,False,0,0.5502633570379085,0.1810952999844602,4.534402670253242,0.002286844883594701,0.001,47.44275090646286,47.44327062276553,25500,1.9174911975860596,1.3329551219940186,0.10849421217410246
0.00022490505944006145,0.41068607568740845,512,False,0,0.5963984338145778,0.18038911743613747,4.07693962977666,0.0023661242870511735,0.001,47.44327062276553,47.443595971182006,25501,1.9175264835357666,1.3330440521240234,0.11225667487766697
0.00022279410040937364,0.3349398076534271,512,False,0,0.5008135626223928,0.18508258628628854,3.4121158475364024,0.0021934422988415816,0.001,47.47761927651938,47.47793617076694,25749,1.9066509008407593,1.3287923336029053,0.10413941836941404
0.0002254330611322075,0.37710049748420715,512,False,0,0.5132902919904386,0.18520562381613548,4.225364034899741,0.0021797651890361086,0.001,47.47793617076694,47.478255478841085,25750,1.9066271781921387,1.3285773992538452,0.10349075251231608
0.00022164714755490422,0.3141455054283142,512,False,0,0.5065182357956632,0.18275520366474293,2.630473811492688,0.002213947765151805,0.001,47.478255478841085,47.478363953209254,25751,1.906754970550537,1.328377604484558,0.10511437761068668
0.0002229877281934023,0.37284284830093384,512,False,0,0.4960501456242211,0.15830479203377348,4.512160409918775,0.002109996724440159,0.001,47.45583904843748,47.456570418318954,25999,1.8953953981399536,1.3248889446258545,0.10013166494776249
0.0002236311265733093,0.3583439588546753,512,False,0,0.5483471727622325,0.15995905246537245,4.2988247710884,0.0021882757787693584,0.001,47.456570418318954,47.4574543236047,26000,1.8953639268875122,1.3246105909347534,0.1038480635898698
0.000223414390347898,0.3277488946914673,512,False,0,0.5444399701522199,0.1584031817405595,3.073563481256191,0.002153664833693688,0.001,47.4574543236047,47.457898450440666,26001,1.8954046964645386,1.3242594003677368,0.1022074504733719
0.00022238880046643317,0.3342404365539551,512,False,0,0.483545531195246,0.14098569799139496,3.0096203797323597,0.00224918869612798,0.001,47.48857004731497,47.48864694176747,26249,1.888314127922058,1.32012939453125,0.10681075494570261
0.00022192514734342694,0.32447367906570435,512,False,0,0.4559846465248262,0.13932123756116382,2.9210318656255683,0.002207396224624076,0.001,47.48864694176747,47.489144824227274,26250,1.887877345085144,1.320338487625122,0.1048262599717632
0.00022088352125138044,0.306776762008667,512,False,0,0.4199588658824945,0.1381337128726512,2.8147243102300763,0.0021960793665399252,0.001,47.489144824227274,47.48984239513963,26251,1.8875634670257568,1.3203551769256592,0.1042899310831118
0.0002208492369391024,0.4521435499191284,512,False,0,0.5794570792629736,0.19457480695223087,4.536064357326432,0.002512253342413128,0.001,47.60142668235535,47.600993499053445,26499,1.8824918270111084,1.316402554512024,0.1195868432863807
0.000222799411858432,0.4303504228591919,512,False,0,0.5678825072848814,0.19299797702917185,4.081560609886436,0.0025102534548638498,0.001,47.600993499053445,47.60081048897899,26500,1.8822606801986694,1.316297173500061,0.11949055838595056
0.00022286115563474596,0.3553735017776489,512,False,0,0.6046533821558595,0.1913277141749556,3.6982123245793903,0.002500156865147974,0.001,47.60081048897899,47.600606949182136,26501,1.8818070888519287,1.316320538520813,0.11900949313062852
0.00022377699497155845,0.32871299982070923,512,False,0,0.48168240718651745,0.15220175076326736,3.8676770058026784,0.0021152461529356753,0.001,47.65696501651783,47.656603532845956,26749,1.8744674921035767,1.3130033016204834,0.1008062119117794
0.0002226998476544395,0.32025957107543945,512,False,0,0.49725741022969444,0.15181066115483727,3.216397372809962,0.0021547411621169184,0.001,47.656603532845956,47.656204468683974,26750,1.874467372894287,1.3130861520767212,0.10268764527890974
0.0002226169453933835,0.4039655923843384,96,True,0,0.7881636991768631,0.16122258532645606,6.738856257488743,0.0027778609176348887,0.001,47.656204468683974,47.655684819701115,26751,1.8744357824325562,1.313466191291809,0.13238230787637434
0.00021719557116739452,0.32839953899383545,512,False,0,0.5045619635118624,0.1541095892543849,3.026235883703804,0.0023180111571276594,0.001,47.70087971355519,47.701247270657,26999,1.867474913597107,1.3092352151870728,0.11057117138082535
0.0002256274747196585,0.34938833117485046,512,False,0,0.4973567182983788,0.15282734413401536,3.1442376665733267,0.0022851519102211155,0.001,47.701247270657,47.701723446664346,27000,1.8669284582138062,1.3091734647750854,0.10900459632047162
0.00021943030878901482,0.3205593228340149,512,False,0,0.509900371894323,0.15147812295014051,3.096493028612225,0.002247409153487906,0.001,47.701723446664346,47.70219154628968,27001,1.8665482997894287,1.3091703653335571,0.10720528991118211
0.00021238945191726089,0.36451297998428345,512,False,0,0.5892229780191133,0.15371603428353364,4.825582953760466,0.0023870761662364375,0.001,47.79605285027706,47.796847675912815,27249,1.8538748025894165,1.3054484128952026,0.11409281859907351
0.00021210186241660267,0.3475438952445984,512,False,0,0.5075591049197404,0.15325537846328097,3.749509976125217,0.0023568753973043865,0.001,47.796847675912815,47.79791209659934,27250,1.8538811206817627,1.3055458068847656,0.11265121435606426
0.00021221952920313925,0.35811251401901245,512,False,0,0.5062139718134897,0.15314614542549881,3.9279299252617133,0.0023562522802511613,0.001,47.79791209659934,47.7989609636152,27251,1.8539143800735474,1.3057385683059692,0.11262393936885676
0.0002074087387882173,0.3321419954299927,512,False,0,0.5323892400680283,0.13188925793290837,3.891533763328136,0.002517581153888677,0.001,47.75024157208521,47.750402624695866,27499,1.8436182737350464,1.3027560710906982,0.12021510827551335
0.00020822891383431852,0.37476134300231934,512,False,0,0.5013706557197213,0.13216630753858633,4.041826148449365,0.0024311582571135333,0.001,47.750402624695866,47.75098302338143,27500,1.843387246131897,1.3025856018066406,0.11608878562152508
0.00020817799668293446,0.35955810546875,512,False,0,0.48344206460691186,0.1311820664163323,3.2948433230428753,0.00242346636458372,0.001,47.75098302338143,47.75157856612018,27501,1.8429951667785645,1.3023511171340942,0.11572290123297313
0.00021260013454593718,0.32164329290390015,512,False,0,0.48045185875287194,0.13457234497028775,3.72551588990146,0.0022019119158161885,0.001,47.796168475152,47.79669155950921,27749,1.8389384746551514,1.2998394966125488,0.10524295289579526
0.00020366194075904787,0.3484610915184021,96,True,0,0.6689369555890061,0.13872489476390368,5.523163624484609,0.002882093455640363,0.001,47.79669155950921,47.79705971220185,27750,1.8387694358825684,1.300027847290039,0.1377545319449225
0.00020740629406645894,0.33909714221954346,512,False,0,0.5792313965625854,0.13789419980860565,3.0893736109711827,0.0027209467067598934,0.001,47.79705971220185,47.797536391900614,27751,1.8387523889541626,1.300057053565979,0.1300532522167216
0.00019996485207229853,0.3700826168060303,512,False,0,0.5715180717842013,0.1540581160807221,3.8877717934341067,0.0025182759309417854,0.001,47.82166776681317,47.82140790317684,27999,1.837629795074463,1.2958197593688965,0.12042815491466022
0.00019914295990020037,0.33933722972869873,512,False,0,0.5408127039943256,0.15244641368796955,3.0469888763301545,0.002583790309552513,0.001,47.82140790317684,47.8212295832479,28000,1.837874412536621,1.2960268259048462,0.12356049032938626
0.00020045317069161683,0.403315007686615,512,False,0,0.5467264909133109,0.1566329581666953,5.040390686238685,0.0025818308809932994,0.001,47.8212295832479,47.82110824201782,28001,1.8382025957107544,1.2962522506713867,0.12346632730509975
0.00019778331625275314,0.3751654028892517,512,False,0,0.5117403210263395,0.14455916969029153,3.508693153454179,0.00251897805921091,0.001,47.905998929083815,47.905953893381906,28249,1.837048053741455,1.2932674884796143,0.12067416020694346
0.00019609907758422196,0.3896624445915222,512,False,0,0.5087126934109668,0.14612186781220077,4.264677820785835,0.0025776139032025564,0.001,47.905953893381906,47.905743334013124,28250,1.836982011795044,1.2930419445037842,0.12348305280176185
0.00019756899564526975,0.37546393275260925,512,False,0,0.5817701974733674,0.1490832495479824,4.462207185159611,0.002610957173384166,0.001,47.905743334013124,47.90557428324598,28251,1.8366680145263672,1.2927449941635132,0.12507984420424226
0.00019774760585278273,0.33321404457092285,512,False,0,0.5815050769924878,0.15630266920656732,3.748868473136156,0.002521813217417256,0.001,47.9466028296803,47.94582786228889,28499,1.839672565460205,1.2908735275268555,0.1209123767461434
0.00019807839998975396,0.3363189399242401,512,False,0,0.5578855022375211,0.15519124485756033,3.2085503475097914,0.0024880989603077996,0.001,47.94582786228889,47.945152636028745,28500,1.8396577835083008,1.290849208831787,0.11929396445525771
0.00019719661213457584,0.3291703760623932,512,False,0,0.5303579721594108,0.15468840202181322,3.515715650984851,0.002430913348991257,0.001,47.945152636028745,47.94460741675235,28501,1.8395634889602661,1.2907127141952515,0.11655051156234564
0.0001973971229745075,0.26576554775238037,96,True,0,0.6023394400362679,0.1453144599198212,4.530806656517923,0.0027191231168529795,0.001,47.91650858688778,47.91655260589294,28749,1.8402804136276245,1.2871677875518799,0.13029088617749085
0.0001985786366276443,0.3179853558540344,512,False,0,0.5130370086363764,0.14635033258812297,4.17712583939251,0.002527599476687504,0.001,47.91655260589294,47.916716405010916,28750,1.8405003547668457,1.2870908975601196,0.12111385329132424
0.00019919102487619966,0.34577617049217224,512,False,0,0.5268311790736394,0.1478484008357751,4.054986278665788,0.002438733157128569,0.001,47.916716405010916,47.91677799304612,28751,1.8405474424362183,1.2871893644332886,0.11685608507762657
0.00020276481518521905,0.3564005494117737,512,False,0,0.5693521643791362,0.1624070328089705,3.385599773840071,0.0023897222174441277,0.001,48.00573960216251,48.00740009683077,28999,1.8386152982711792,1.2839412689208984,0.11472038249212517
0.0001986651332117617,0.3323378562927246,512,False,0,0.5250359131038445,0.1612867051477898,3.295190383949001,0.0023259970631680166,0.001,48.00740009683077,48.00884529483779,29000,1.838558554649353,1.2840800285339355,0.11166507163556033
0.00019868588424287736,0.3457578420639038,512,False,0,0.49605626351403537,0.16052817583072523,3.6914547178943407,0.0023142355081494353,0.001,48.00884529483779,48.00980626837966,29001,1.8386571407318115,1.2842167615890503,0.11110377448656655
0.00019728275947272778,0.29317912459373474,512,False,0,0.5045290031432382,0.15213307969914772,3.053132789571078,0.0022422067879793125,0.001,48.08165542173026,48.081220233458424,29249,1.8419594764709473,1.2818635702133179,0.10780901416388591
0.00019774484098888934,0.3472682237625122,512,False,0,0.4584438157624748,0.15173852336478744,3.7824489722687806,0.002254129658110712,0.001,48.081220233458424,48.07972946699665,29250,1.8418316841125488,1.282061219215393,0.10838130452639147
0.00019662878185044974,0.33116814494132996,512,False,0,0.5463731319966669,0.15339700650009175,3.94756233521857,0.002245180863313846,0.001,48.07972946699665,48.07821613667445,29251,1.8417551517486572,1.2821053266525269,0.1079476885126077
0.00019432669796515256,0.2863406836986542,512,False,0,0.45001443322540396,0.12707807982450553,3.05509889457603,0.002276034205039335,0.001,48.14945893640341,48.14924698691207,29499,1.846662998199463,1.2795507907867432,0.10958981549339104
0.00019263727881480008,0.3171219825744629,512,False,0,0.44192128434094347,0.12706364553080957,3.385381162975636,0.002300751868955111,0.001,48.14924698691207,48.14939013579691,29500,1.8472228050231934,1.279597520828247,0.1107794699939192
0.0001951881858985871,0.28050491213798523,512,False,0,0.49968574734298465,0.12697743016053403,3.388408058100508,0.002311090856582005,0.001,48.14939013579691,48.149840487017876,29501,1.8478695154190063,1.2796231508255005,0.11127761529284001
0.00019501085625961423,0.38892862200737,512,False,0,0.6082388680783094,0.14781971003140065,4.0121084783529515,0.0027458882624355314,0.001,48.19980651810595,48.19941776905055,29749,1.8487540483474731,1.2777471542358398,0.13235128296973075
0.00019547031843103468,0.419638454914093,512,False,0,0.6073267618252852,0.14913944574554597,4.474810351499946,0.0027139922219090013,0.001,48.19941776905055,48.19921261692501,29750,1.848716378211975,1.2775813341140747,0.13081284492574569
0.00019663253624457866,0.4188230633735657,512,False,0,0.6200637612845057,0.14934318587179687,4.076372667505969,0.0027145367565464705,0.001,48.19921261692501,48.198942442899714,29751,1.8489713668823242,1.277714490890503,0.13083853428524134
0.00019435837748460472,0.3082618713378906,512,False,0,0.5370154581776658,0.17118597757464568,3.622241078541824,0.002419714758186867,0.001,48.26100636167296,48.26103976626348,29999,1.853954792022705,1.2767890691757202,0.11677786933829033
0.00019482229254208505,0.2763066589832306,512,False,0,0.513721121074717,0.16937438829096607,2.983559556838833,0.0023648425205997615,0.001,48.26103976626348,48.260993210727094,30000,1.85411536693573,1.2766824960708618,0.11412975892761586
0.000193566462257877,0.26680588722229004,512,False,0,0.4825529500965869,0.16740577147982622,2.787441037205185,0.002259245007547744,0.001,48.260993210727094,48.26104489745109,30001,1.8544483184814453,1.27666175365448,0.10903340797063077
0.00019337533740326762,0.33564090728759766,512,False,0,0.5411161195473077,0.11984706242538366,3.9857757470853903,0.0025235224654095935,0.001,48.25014028124171,48.25018092816285,30249,1.8521788120269775,1.274379014968872,0.12176031295887782
0.00019509601406753063,0.3061559796333313,512,False,0,0.545290000569136,0.12030816764317273,3.6665466233122386,0.0025090530981346586,0.001,48.25018092816285,48.25044831902993,30250,1.852128505706787,1.2741562128067017,0.12106226594336482
0.00019293493824079633,0.3253988027572632,512,False,0,0.5513766451573204,0.12095258422884829,3.8791255032420233,0.0025416238690724995,0.001,48.25044831902993,48.251000850591495,30251,1.8520857095718384,1.2738326787948608,0.12263449114109554
0.00019675324438139796,0.36134764552116394,512,False,0,0.6392258329154978,0.1257531594572441,4.734556058330024,0.0025228725602312024,0.001,48.26193489814794,48.260948002029,30499,1.854583978652954,1.272452712059021,0.12175871125820212
0.000195675267605111,0.32154256105422974,512,False,0,0.549993294281786,0.12528455666868296,3.578034043947439,0.0024294836643437216,0.001,48.260948002029,48.260550010112766,30500,1.8544374704360962,1.272273063659668,0.11724918479667121
0.00019670317124109715,0.35533928871154785,512,False,0,0.5367731394014738,0.12608027185411053,4.162086296848244,0.00243427357927339,0.001,48.260550010112766,48.2603846937605,30501,1.8545736074447632,1.272078514099121,0.11747938181081963
0.00019723002333194017,0.3519132733345032,512,False,0,0.5908651356260838,0.1373496723891259,3.7982690723755765,0.0026450011052699092,0.001,48.22158112070889,48.22147041085418,30749,1.8538111448287964,1.2705636024475098,0.1275461353621376
0.00019540039647836238,0.36948245763778687,512,False,0,0.526855405017533,0.1369193672539954,3.5665951738255885,0.0024895785766958466,0.001,48.22147041085418,48.221559545737634,30750,1.8539879322052002,1.270713210105896,0.12005113967163523
0.00019551912555471063,0.4095761179924011,512,False,0,0.569999924504196,0.13705346409770125,4.248363524457835,0.002506706239742722,0.001,48.221559545737634,48.22195121598446,30751,1.8541587591171265,1.2707929611206055,0.12087728420342574
0.0002003238769248128,0.28809717297554016,512,False,0,0.46459961080377105,0.11269512593902709,3.045193691785284,0.002271147965776554,0.001,48.268286596937706,48.26883441699654,30999,1.8563050031661987,1.2688188552856445,0.10962442091615478
0.00020292215049266815,0.28027021884918213,512,False,0,0.48327792428739264,0.11216174698697062,3.192074378483792,0.002268635211060704,0.001,48.26883441699654,48.26936830478936,31000,1.8563404083251953,1.2688285112380981,0.10950437735525712
0.0001968277501873672,0.2861732840538025,512,False,0,0.45620399598822636,0.11255163186806641,3.356065587020387,0.002263812215352209,0.001,48.26936830478936,48.269909595219325,31001,1.856241226196289,1.2687351703643799,0.10927278559571692
0.00020249345107004046,0.3104371130466461,512,False,0,0.44925446880094466,0.13529832030134786,3.461330324325427,0.002466559956447059,0.001,48.327177853553465,48.328374994141456,31249,1.8602341413497925,1.266484260559082,0.1192018817016701
0.00019879487808793783,0.30764052271842957,512,False,0,0.496057394016463,0.13521090815711792,3.335094942718959,0.002508054867360298,0.001,48.328374994141456,48.32936066075373,31250,1.8602159023284912,1.2661175727844238,0.1212102161356702
0.0002015394129557535,0.31462571024894714,512,False,0,0.5348310826829107,0.1348113871289602,3.203656488085066,0.0024818507431641538,0.001,48.32936066075373,48.33025165860295,31251,1.8599883317947388,1.2657792568206787,0.11994625967254005
0.0001985591370612383,0.27227675914764404,512,False,0,0.4393530583300974,0.11949528152927834,3.2292149032001443,0.0021464366631274057,0.001,48.36290648170914,48.36330563012792,31499,1.8589543104171753,1.2658252716064453,0.10380791560774254
0.00019586665439419448,0.24347347021102905,512,False,0,0.43237443244489404,0.11812587007166507,2.394451968871769,0.002137177159460157,0.001,48.36330563012792,48.36383989025296,31500,1.858799934387207,1.2658950090408325,0.10336095214870021
0.00019577784405555576,0.23596055805683136,512,False,0,0.428132515519573,0.11675314754124837,2.4711008217268904,0.002146520237267424,0.001,48.36383989025296,48.36410017075504,31501,1.8589553833007812,1.2659199237823486,0.10381396107638949
0.00019430826068855822,0.2978411912918091,512,False,0,0.5368679057503569,0.15769312039931238,2.983865568367277,0.002589913996946207,0.001,48.364285757127156,48.36371660451294,31749,1.8635318279266357,1.2638005018234253,0.12525934063468971
0.0002005747373914346,0.3594849705696106,512,False,0,0.5519257619301021,0.15803158114628094,3.972373004866324,0.0024940408353655835,0.001,48.36371660451294,48.3632284146934,31750,1.863452672958374,1.2637712955474854,0.12062108416170378
0.00019429009989835322,0.3456884026527405,512,False,0,0.5537143350633941,0.15796983743440582,3.870707442885516,0.0024567087072424176,0.001,48.3632284146934,48.36288719589316,31751,1.8631960153579712,1.2639236450195312,0.11881436435673119
0.0001937962369993329,0.2550954222679138,512,False,0,0.407805149199666,0.10868320938300104,2.694437641360065,0.0022985668890149196,0.001,48.300248642827185,48.30072145093802,31999,1.8660869598388672,1.2606236934661865,0.11102135226159036
0.00019461993360891938,0.268890917301178,512,False,0,0.43863625120560035,0.10762497300710505,2.8188107937380513,0.0024293473475188545,0.001,48.30072145093802,48.301128937919074,32000,1.8658894300460815,1.2605369091033936,0.11733922954008331
0.00019369111396372318,0.27458059787750244,512,False,0,0.4306323192058075,0.10709131102079152,2.931435381806758,0.002458340076559177,0.001,48.301128937919074,48.301548946208136,32001,1.865810513496399,1.260358214378357,0.11874060101113865
0.00019117632473353297,0.3122236728668213,512,False,0,0.49311500587855484,0.1409582137950075,3.6557196319546774,0.002460820803201802,0.001,48.25707207655647,48.25753090743211,32249,1.8675992488861084,1.2598860263824463,0.11875200686759893
0.00019218309898860753,0.32650095224380493,512,False,0,0.547884371183704,0.14225746856640617,4.009751454051705,0.002554614182401559,0.001,48.25753090743211,48.25823310214393,32250,1.8677105903625488,1.2595704793930054,0.12327937286380763
0.00019212556071579456,0.328136682510376,512,False,0,0.5687686613988983,0.1433458931781579,4.1038845864587925,0.0026610834982851456,0.001,48.25823310214393,48.25912356306184,32251,1.8681672811508179,1.2593562602996826,0.1284191877645132
0.00019279509433545172,0.3516910672187805,512,False,0,0.5388493273915704,0.12946218834065645,4.264904225842115,0.002829579946394635,0.001,48.300462770981284,48.30020905828505,32499,1.864815592765808,1.2569602727890015,0.13667002085834928
0.00019102657097391784,0.305136501789093,512,False,0,0.5691748555879593,0.12937570084441805,3.3582191023576597,0.002774759767882304,0.001,48.30020905828505,48.300345561328506,32500,1.8649251461029053,1.2568888664245605,0.13402147687523377
0.00019166320271324366,0.33473995327949524,512,False,0,0.5443074659596392,0.1288176726253203,3.3764507043504346,0.002746037628624925,0.001,48.300345561328506,48.30026194201762,32501,1.8651082515716553,1.2568564414978027,0.13263456638699495
0.00019241026893723756,0.37655317783355713,512,False,0,0.5381949023064191,0.13505822894952874,5.2869783590695985,0.0024467676357796285,0.001,48.25798070939813,48.257558828872185,32749,1.8681080341339111,1.2556302547454834,0.11807606536783298
0.00019196135690435767,0.31097716093063354,512,False,0,0.5681959341693156,0.13451338028180101,3.342960429584011,0.0024603388664031687,0.001,48.257558828872185,48.25704316541441,32750,1.8684996366500854,1.2556431293487549,0.1187299475844116
0.00019815025734715164,0.33102649450302124,512,False,0,0.5415090907993697,0.13510487081394731,3.926434433436471,0.0024287999417451677,0.001,48.25704316541441,48.256901899084355,32751,1.8685365915298462,1.2554867267608643,0.11720670362895255
0.00019164771947544068,0.37701696157455444,512,False,0,0.5718311890046373,0.14202446089986576,4.033420300890091,0.0025539891900229626,0.001,48.262387148879334,48.26241008718555,32999,1.8664851188659668,1.254590630531311,0.12326161506294098
0.00019310228526592255,0.3094866871833801,512,False,0,0.6166233570364982,0.14235498777506353,3.9022159848837945,0.0025539402833349724,0.001,48.26241008718555,48.262967365516445,33000,1.866646647453308,1.2546497583389282,0.12325931329249529
0.00019309530034661293,0.3318960666656494,512,False,0,0.5768501505955427,0.14265551637539622,3.7916610043112504,0.0024765224796199333,0.001,48.262967365516445,48.26324505170972,33001,1.8669005632400513,1.2547693252563477,0.11952432361386471
0.00019180365779902786,0.2844228446483612,512,False,0,0.548838803116655,0.11462883955042721,3.2959231614485742,0.002491185345272535,0.001,48.25733295527776,48.25765008751533,33249,1.8690202236175537,1.253438949584961,0.12021796066012531
0.00019313606026116759,0.31425437331199646,512,False,0,0.5449862008935342,0.11487119213445966,3.514869259880026,0.0025649521761209266,0.001,48.25765008751533,48.25778435426614,33250,1.8693692684173584,1.2535066604614258,0.12377856460645466
0.0001907493860926479,0.30825483798980713,512,False,0,0.5285506807785362,0.1152356365329582,3.6429185271571587,0.0025817269385669155,0.001,48.25778435426614,48.25792869198469,33251,1.870102047920227,1.2536290884017944,0.12458842186296192
0.00018939696019515395,0.3144853115081787,512,False,0,0.5204746375502107,0.13808057885875472,3.282261133875889,0.0025209919211008967,0.001,48.31939149826421,48.31976724171342,33499,1.8665244579315186,1.2525725364685059,0.12181279559963543
0.000194243824807927,0.3301074504852295,512,False,0,0.5187696128469367,0.13743412485211737,3.304670300885742,0.0025024716054571567,0.001,48.31976724171342,48.32021980586494,33500,1.8665623664855957,1.2527142763137817,0.1209188455046867
0.00019103402155451477,0.31451690196990967,512,False,0,0.5206440834804534,0.13600045168169525,3.138047047593724,0.0025491425919100157,0.001,48.32021980586494,48.320976070486516,33501,1.8667216300964355,1.2528502941131592,0.12317513035758422
0.00019143566896673292,0.2805730104446411,512,False,0,0.5350590320575808,0.12626478546573242,3.607566886286486,0.002521559888827229,0.001,48.44596937661762,48.4461939233427,33749,1.868047833442688,1.2514373064041138,0.12215941315543126
0.00019141912343911827,0.29075270891189575,512,False,0,0.5423491574676698,0.12613011986171735,3.4235013307831643,0.0025061655613838533,0.001,48.4461939233427,48.446756696392775,33750,1.868445873260498,1.2515226602554321,0.12141418279080517
0.0001916168403113261,0.29649147391319275,512,False,0,0.49710918761030704,0.12718910870837333,3.712610863422906,0.0025588446081920495,0.001,48.446756696392775,48.4476561354064,33751,1.8684204816818237,1.2514103651046753,0.12396772215695673
0.00019327164045535028,0.26669934391975403,512,False,0,0.4941061812208134,0.10830074263111417,3.2398834337274636,0.002396063166688028,0.001,48.600145164737974,48.59915636364145,33999,1.8685184717178345,1.2502094507217407,0.11644901772491992
0.00019357507699169219,0.31031128764152527,512,False,0,0.5268710344576045,0.10903913987082876,3.7854385591428223,0.002465069489629529,0.001,48.59915636364145,48.59827570968251,34000,1.8682600259780884,1.2504457235336304,0.11980029757374731
0.00019243007409386337,0.2660527229309082,512,False,0,0.49372135951601703,0.10918700239983235,3.389408587611877,0.0024287726935440543,0.001,48.59827570968251,48.597420582009725,34001,1.8682140111923218,1.2506113052368164,0.11803416499700219
0.00019342753512319177,0.26669842004776,512,False,0,0.4292467731965002,0.1103838690258898,2.887756430149567,0.002470671051491877,0.001,48.64607874173646,48.64616911413641,34249,1.8693890571594238,1.2494944334030151,0.12018845851580266
0.00019347223860677332,0.2724107801914215,512,False,0,0.4408789407450286,0.10991127972303734,2.9495771391464283,0.002526224396831288,0.001,48.64616911413641,48.64650952053034,34250,1.869557499885559,1.24944007396698,0.12289113922851208
0.00019211186736356467,0.2617857754230499,512,False,0,0.47596695618486257,0.10964929045001094,3.18755173313397,0.00250533096254613,0.001,48.64650952053034,48.64647482588354,34251,1.869734287261963,1.249548316001892,0.12187560652157975
0.00019125797552987933,0.30270326137542725,512,False,0,0.49056408043897903,0.11261581055496,3.9585060688139415,0.0022782103627129297,0.001,48.730146285948166,48.73100405259009,34499,1.8735469579696655,1.2468395233154297,0.11101752424516409
0.00019098893972113729,0.24190586805343628,512,False,0,0.5076606850045006,0.11204832755586645,2.907137602974405,0.002316767405714296,0.001,48.73100405259009,48.7318808583141,34500,1.873307228088379,1.2468605041503906,0.11289840183677197
0.00019186438294127584,0.23514848947525024,512,False,0,0.46406493256440456,0.11137366835672832,2.8465511110010615,0.0022652896643434554,0.001,48.7318808583141,48.73252266006645,34501,1.8729562759399414,1.2468818426132202,0.11039182603235562
0.00018741897656582296,0.2963492274284363,512,False,0,0.4781430906591666,0.09510132449680611,3.928188628324455,0.0022779153538479108,0.001,48.70303734950307,48.70222961753822,34749,1.8784828186035156,1.2454712390899658,0.1109413965574613
0.0001864062069216743,0.23860657215118408,512,False,0,0.4754712352010942,0.09437097197057343,2.5336853591172606,0.0023157334544801136,0.001,48.70222961753822,48.70137673685179,34750,1.8785244226455688,1.2451708316802979,0.1127813824331055
0.00018517460557632148,0.2764202952384949,512,False,0,0.4751088004740501,0.09507276305829654,3.5055260151543814,0.0023024210867177135,0.001,48.70137673685179,48.70066717058103,34751,1.8784643411636353,1.2450274229049683,0.11213107675111109
0.00018858537077903748,0.25676429271698,512,False,0,0.49332741702305766,0.1079753945069466,2.722336354508851,0.0025285225082026753,0.001,48.7713852182118,48.772264549035704,34999,1.8854042291641235,1.2434660196304321,0.12331954528047177
0.00018781643302645534,0.27178955078125,512,False,0,0.4864689256251888,0.10849384082041676,3.8072884985221283,0.002502606650209991,0.001,48.772264549035704,48.77265824894698,35000,1.8857009410858154,1.2433031797409058,0.12205779360621774
0.00018865059246309102,0.3010978400707245,512,False,0,0.5001487254473468,0.10787410639376549,3.1408874026261544,0.0024562002353257814,0.001,48.77265824894698,48.7726228136576,35001,1.8857324123382568,1.2432119846343994,0.1197954146685275
0.00018933333922177553,0.2995506823062897,512,False,0,0.4840665388264148,0.11234860420341614,3.5690097825251645,0.002493489057530564,0.001,48.8351754892228,48.83639008691257,35249,1.8900351524353027,1.2413697242736816,0.12176997570496184
0.00019015613361261785,0.27413901686668396,512,False,0,0.5329036029020681,0.11208443945509863,3.206151489589519,0.002504762756295156,0.001,48.83639008691257,48.83810431069137,35250,1.889991044998169,1.2414945363998413,0.12232357104160056
0.00018958174041472375,0.27440983057022095,512,False,0,0.4972935676531735,0.11152528191262404,2.9745265458772,0.002476110842341765,0.001,48.83810431069137,48.83921797251272,35251,1.8904136419296265,1.241646647453308,0.120928559603121
0.00019106075342278928,0.2354111671447754,512,False,0,0.4180497878104499,0.08457570807664642,2.642975428148788,0.0024683254555265166,0.001,48.910731530223835,48.91179179531907,35499,1.894180417060852,1.2412807941436768,0.12072760368447491
0.0001908093981910497,0.23004451394081116,512,False,0,0.41131742895534146,0.08438185561056984,2.689827292702277,0.0025206175788373563,0.001,48.91179179531907,48.912837695254304,35500,1.8941659927368164,1.2414391040802002,0.12328792221171402
0.0001909583224914968,0.2205541431903839,512,False,0,0.3911552687035132,0.0835478033290005,2.1880507705810373,0.0024379233157422985,0.001,48.912837695254304,48.913833252787,35501,1.8943012952804565,1.241552472114563,0.11924574745637925
0.00019320534192956984,0.26762327551841736,512,False,0,0.47676925277107907,0.09694107249364455,2.8203550384286964,0.0024349308069950494,0.001,48.94756620388956,48.9474635622059,35749,1.898693561553955,1.2421144247055054,0.1191839368772804
0.00018824117432814091,0.28259506821632385,512,False,0,0.4875495835358206,0.09784336885186674,3.5281967697160925,0.002437995699267068,0.001,48.9474635622059,48.94742007651848,35750,1.8984813690185547,1.2419618368148804,0.1193337056546895
0.00018947392527479678,0.24535700678825378,512,False,0,0.45508549188175795,0.0972972522413483,2.841377883983311,0.002376949512850706,0.001,48.94742007651848,48.947612548542814,35751,1.8982324600219727,1.2418526411056519,0.11634554630617948
0.00019132276065647602,0.28247129917144775,512,False,0,0.45780847097323285,0.1006188432829951,3.354711372032872,0.0025482046511938854,0.001,49.061292454240984,49.06056165592933,35999,1.9111543893814087,1.2411251068115234,0.12501821362548035
0.00019065444939769804,0.27446699142456055,512,False,0,0.5053723116863532,0.10016429757574592,2.994156297532398,0.002568288573803082,0.001,49.06056165592933,49.05991617772005,36000,1.9106245040893555,1.2412440776824951,0.1260016799252849
0.0001901765790535137,0.2382546365261078,96,True,0,0.6121554477066125,0.1020529664624401,4.560866288285417,0.0028686662898343897,0.001,49.05991617772005,49.059476088293536,36001,1.9099839925765991,1.2410660982131958,0.14073652772112633
0.0001966153213288635,0.2827121317386627,512,False,0,0.4581671522622503,0.08565904898290172,2.545821146795268,0.0024962898428079927,0.001,49.251496056282186,49.25232994463307,36249,1.9141908884048462,1.2389363050460815,0.12294600934839514
0.00019669834000524133,0.28378963470458984,512,False,0,0.46773070969274466,0.08644056928136017,3.4959862694425436,0.0025695912527980286,0.001,49.25232994463307,49.25308280505233,36250,1.914746642112732,1.2389485836029053,0.12655835620565153
0.000197211978957057,0.28486067056655884,512,False,0,0.4608335245392461,0.08660885021791184,2.9372206608934746,0.002565891551763797,0.001,49.25308280505233,49.254172267219026,36251,1.9152805805206299,1.2389193773269653,0.1263780690678065
0.00019696634262800217,0.2849224805831909,512,False,0,0.44447946451868436,0.0845542310731144,3.025855768463066,0.002517915119833615,0.001,49.37068965723328,49.37276996314289,36499,1.9192332029342651,1.2396109104156494,0.12431120596456074
0.00019679596880450845,0.25546926259994507,512,False,0,0.45266679973623103,0.0841630244338456,2.457615299291474,0.0024737524595821467,0.001,49.37276996314289,49.37484488346311,36500,1.9198979139328003,1.2393896579742432,0.12213601113270828
0.000197187764570117,0.28577592968940735,512,False,0,0.4632124046056138,0.08380388233012274,2.892043846890311,0.002448366026583755,0.001,49.37484488346311,49.37672196175913,36501,1.9203362464904785,1.2392979860305786,0.12088769278051384
0.00020070813479833305,0.27371150255203247,512,False,0,0.4533562140630171,0.07882790487454476,2.6995792761737287,0.002602364380871407,0.001,49.60353823137063,49.604972091501544,36749,1.9276883602142334,1.2381139993667603,0.129086481058512
0.000203746443730779,0.27482834458351135,512,False,0,0.45112167784530666,0.0785626229201259,2.8517126588401283,0.002639812366790129,0.001,49.604972091501544,49.60620382688884,36750,1.9274868965148926,1.2379893064498901,0.130947818781425
0.00020296042202971876,0.24913430213928223,512,False,0,0.41988347830880735,0.07784253529324149,2.216211491247313,0.002608450009036783,0.001,49.60620382688884,49.60745603592884,36751,1.9272514581680298,1.2379405498504639,0.1293953028205287
0.00021074718097224832,0.2400701940059662,512,False,0,0.4038715648904362,0.08554349286715782,2.6393815073492184,0.0024424396418301184,0.001,49.847215438799786,49.849261797384415,36999,1.9346609115600586,1.237318515777588,0.12174881502257089
0.00021328584989532828,0.2958424687385559,96,True,0,0.5742167543772781,0.08681786113987695,4.756732948944314,0.0032249916526157518,0.001,49.849261797384415,49.85081650021014,37000,1.934531569480896,1.237044095993042,0.16076345318562202
0.00021029810886830091,0.2527264952659607,512,False,0,0.5183429959170797,0.08653201198420483,2.7870515239688443,0.0029922417361728923,0.001,49.85081650021014,49.85175874050023,37001,1.9343746900558472,1.2366883754730225,0.14916569371422506
0.00021689959976356477,0.21536248922348022,512,False,0,0.4312934223544308,0.09501871002123696,2.4435669982937562,0.0024385548490217512,0.001,50.126628064426306,50.127287782835786,37249,1.944866418838501,1.2360764741897583,0.12223653193161657
0.00021670208661817014,0.26388248801231384,512,False,0,0.4084996139297997,0.09988918942997994,3.457595200304808,0.0024571410333200827,0.001,50.127287782835786,50.127510343289096,37250,1.9450364112854004,1.2358595132827759,0.12316981570025028
0.00021954902331344783,0.20582610368728638,512,False,0,0.42904161800036744,0.09928940233935848,2.334833692786333,0.0024371828630627462,0.001,50.127510343289096,50.12798620719306,37251,1.9454541206359863,1.2354788780212402,0.12216990917666475
0.00022192002506926656,0.22256352007389069,512,False,0,0.4085291258270479,0.11015168069435739,2.190610636531,0.0025434616661157944,0.001,50.45146279158424,50.45295231471059,37499,1.9572396278381348,1.2351187467575073,0.12832136160986185
0.00022200355306267738,0.19816386699676514,512,False,0,0.39267948059213054,0.1083993809689061,1.8722132772752658,0.0025504020033806957,0.001,50.45295231471059,50.45499213297918,37500,1.956822156906128,1.2351360321044922,0.12867531065990861
0.00022003933554515243,0.24399781227111816,512,False,0,0.3779276767351484,0.10710422525331433,2.1873197294232636,0.002475285993136349,0.001,50.45499213297918,50.456983658204436,37501,1.9563528299331665,1.2352408170700073,0.12489053531056804
0.00023249740479514003,0.26314353942871094,512,False,0,0.35936755653824554,0.08596229441441253,2.2487228333029354,0.002569350817243335,0.001,50.75798925825521,50.75949966027447,37749,1.9632104635238647,1.2329479455947876,0.13041508118232642
0.00023626393522135913,0.25290507078170776,512,False,0,0.38791720169537974,0.08516582014989009,2.591523205718065,0.0025690521461441663,0.001,50.75949966027447,50.760621166863864,37750,1.9631643295288086,1.23289155960083,0.1304038015394322
0.00023273800616152585,0.24480676651000977,512,False,0,0.41210821551042415,0.08595172006512591,2.4026095358342068,0.0026084341923192024,0.001,50.760621166863864,50.761081621783674,37751,1.9626139402389526,1.2328155040740967,0.13240573987500956
0.00023473493638448417,0.16657619178295135,96,True,0,0.3695440677004436,0.10863970323881224,2.9298938097529628,0.002553056920954829,0.001,51.12696151176199,51.12812390421833,37999,1.9709314107894897,1.2339894771575928,0.13053004293499512
0.00023587868781760335,0.1758670210838318,512,False,0,0.34919729523160137,0.1086393048713272,2.0423614336234532,0.0024592553389471772,0.001,51.12812390421833,51.128934450557196,38000,1.9712066650390625,1.2342363595962524,0.1257371116818017
0.0002350548020331189,0.22577491402626038,512,False,0,0.35529756953204583,0.10714141925619342,2.1064381253022333,0.0024489425327785604,0.001,51.128934450557196,51.12963446785153,38001,1.971551537513733,1.234433889389038,0.12521182223161653
0.0002385274856351316,0.21225790679454803,512,False,0,0.3125318375857128,0.13610017506152666,2.826826163159925,0.0023676099840459616,0.001,51.381392610979404,51.38335994315532,38249,1.9809434413909912,1.233259677886963,0.12165109813994024
0.00023755396250635386,0.20563220977783203,512,False,0,0.3629995998849464,0.1388089132363371,2.3984322380791685,0.0024026001704898774,0.001,51.38335994315532,51.384890016565315,38250,1.981127142906189,1.2331163883209229,0.12345366935976772
0.00023769168183207512,0.1741185188293457,512,False,0,0.335984618246417,0.1364846663340515,1.692124075073348,0.002373239341662557,0.001,51.384890016565315,51.3865891174657,38251,1.9813793897628784,1.2330282926559448,0.12194864255431637
0.00023892289027571678,0.15563559532165527,512,False,0,0.2612052831629804,0.113991826954538,1.6428567216133254,0.002283539233265129,0.001,51.71779598433179,51.719956990977224,38499,1.985644817352295,1.2334986925125122,0.11809961618822336
0.00024170748656615615,0.13599631190299988,512,False,0,0.28881463458849843,0.1159777030404709,1.897518642988233,0.002272669929516963,0.001,51.719956990977224,51.7215888493438,38500,1.9857524633407593,1.2334479093551636,0.11754239100930457
0.00024201034102588892,0.14521272480487823,512,False,0,0.2398085305601231,0.11556704110752673,1.6783014178779718,0.002236510805285754,0.001,51.7215888493438,51.72331805919761,38501,1.9859775304794312,1.2332558631896973,0.11567589232810457
0.00022902089403942227,0.1738642454147339,512,False,0,0.36110266276343234,0.15640531552720052,1.7163250680869313,0.002773843827007225,0.001,51.89062602085059,51.893301968494576,38749,1.986009120941162,1.232606053352356,0.1439364926674769
0.00022956650354899466,0.1998111605644226,512,False,0,0.3146827095439057,0.15868530322377533,2.458002591062309,0.0026963201394010947,0.001,51.893301968494576,51.89514943888897,38750,1.986157774925232,1.2326276302337646,0.1399209551976744
0.0002298623148817569,0.20486506819725037,512,False,0,0.3643913912122091,0.15870701612733426,2.211368099746488,0.002758792999730302,0.001,51.89514943888897,51.896732336452736,38751,1.9860668182373047,1.232601523399353,0.1431679749919648
0.0002230240497738123,0.09185539931058884,512,False,0,0.23225189309469976,0.12484938791256911,0.9640911602759908,0.0023341194107023102,0.001,52.221122204862375,52.220794068760654,38999,1.9927059412002563,1.2362686395645142,0.1218903349870267
0.00022237088705878705,0.12306587398052216,512,False,0,0.21379987003940695,0.12261643140989986,1.2717858476691595,0.0022981227974333824,0.001,52.220794068760654,52.220411000327616,39000,1.992935061454773,1.2364779710769653,0.12000979734949281
0.00022189345327205956,0.144828200340271,512,False,0,0.2201032052695361,0.12183136885053156,1.7241465739084467,0.002405213702844782,0.001,52.220411000327616,52.21989400496132,39001,1.9936752319335938,1.2364388704299927,0.12560124810617437
0.00020358807523734868,0.09176287800073624,512,False,0,0.25317471785110746,0.14364379393016757,1.5716462906034219,0.002443495859132536,0.001,52.468042737594395,52.46855566198613,39249,1.9975694417953491,1.234397292137146,0.12820544516610083
0.00020138564286753535,0.10903793573379517,512,False,0,0.1991153779315274,0.14963386097030787,2.4097755664052434,0.00233804085226917,0.001,52.46855566198613,52.47011025906208,39250,1.9978954792022705,1.2342426776885986,0.12267362659728245
0.0002009019226534292,0.10800202190876007,512,False,0,0.1931741123445662,0.14675786377890118,1.0045901155471302,0.002275869401921841,0.001,52.47011025906208,52.472421686577476,39251,1.9982267618179321,1.2341914176940918,0.11941511845406468
0.00017474996275268495,0.05103861540555954,512,False,0,0.13917070648915675,0.06924222534865726,0.911034747717167,0.002467394321302188,0.001,52.69895700583379,52.701538176468574,39499,1.9987525939941406,1.235355019569397,0.13002910725474245
0.00017502180708106607,0.055614687502384186,512,False,0,0.15243219496068758,0.07079045125990456,1.3836876511236442,0.002330943435163655,0.001,52.701538176468574,52.704406440221824,39500,1.9988353252410889,1.2354469299316406,0.12284430443546615
0.00017483167175669223,0.061538152396678925,512,False,0,0.13487626601704547,0.06943167358160479,0.6342656930402667,0.00226694667647344,0.001,52.704406440221824,52.707006990818286,39501,1.9988315105438232,1.2353867292404175,0.11947807901516623
0.00015259766951203346,0.08430095762014389,512,False,0,0.14857796024566644,0.07842509546002242,1.0298915697188238,0.002554655258563854,0.001,52.91383956843881,52.916107903899025,39749,1.995550274848938,1.2326408624649048,0.13517661850431634
0.00015241652727127075,0.07979490607976913,512,False,0,0.1607231509113825,0.07721000829412952,0.9130009192976083,0.0026195995172487436,0.001,52.916107903899025,52.9184251481811,39750,1.9956822395324707,1.2324674129486084,0.1386190107197363
0.0001524754479760304,0.06627745926380157,512,False,0,0.15474929364916146,0.07704085145377307,1.1636146376029406,0.0025526303722834052,0.001,52.9184251481811,52.919941392136465,39751,1.9956607818603516,1.2323929071426392,0.13508117928665303
0.0001253230293514207,0.04745853692293167,512,False,0,0.1301378310763125,0.09030100761652284,1.718136516956713,0.0018415415215763213,0.001,52.91273406567003,52.91044705744592,39999,1.9872839450836182,1.2372795343399048,0.09744099680205724
0.00012528042134363204,0.027615418657660484,512,False,0,0.12109919131706777,0.08852435026321136,0.41059635009575246,0.0017380310346799474,0.001,52.91044705744592,52.908392927529604,40000,1.9872674942016602,1.2370598316192627,0.09195999904463131
0.00012507018982432783,0.03387938812375069,512,False,0,0.11466507752854513,0.08682888471453933,0.5558379303883982,0.0017150825290588466,0.001,52.908392927529604,52.90677460898579,40001,1.987390160560608,1.2368967533111572,0.09074226035058666
7.636833470314741e-05,0.003729217918589711,512,False,0,0.0027721112504048963,0.0007690914780157273,0.018935510466324447,0.0008790967175327761,0.001,52.37772150642108,52.37769903964587,40249,1.9667601585388184,1.2289214134216309,0.046045083048140666
7.602376717841253e-05,0.0036532063968479633,512,False,0,0.003206105686286703,0.0007538684545123618,0.01919193203605217,0.0008739327606280217,0.001,52.37769903964587,52.37747418887168,40250,1.9665379524230957,1.228884220123291,0.045774587117061394
7.558817742392421e-05,0.003756760386750102,512,False,0,0.0029628208759562642,0.0007390082673402492,0.01684034563885194,0.000854763112348566,0.001,52.37747418887168,52.37726876492194,40251,1.966347575187683,1.2288721799850464,0.04477033285463664
6.584722723346204e-05,0.0030476264655590057,512,False,0,0.003601673567854615,0.019550533343760897,0.011679434277105532,0.0003831867945500613,0.001,51.847219093834646,51.84367973058768,40499,1.9437193870544434,1.2238879203796387,0.019867169690901233
6.589519034605473e-05,0.002936359029263258,512,False,0,0.003033250441737752,0.01915961522353464,0.01247676400330922,0.00038658006973652084,0.001,51.84367973058768,51.84013394781436,40500,1.9435920715332031,1.223874568939209,0.020041733325648438
6.591847341042012e-05,0.00286687514744699,512,False,0,0.0027801243275824236,0.018776497049602308,0.011714379900678506,0.00039536558933218153,0.001,51.84013394781436,51.836594375797155,40501,1.9434683322906494,1.223861575126648,0.020495805109336854
3.999205364380032e-05,0.09167030453681946,512,False,0,0.280950123830458,0.3804235892727939,1.4728259771005434,0.003123929149097301,0.001,51.44153946374039,51.444878431079005,40749,1.922267198562622,1.2204458713531494,0.16069972460521775
4.0057479054667056e-05,0.08086573332548141,512,False,0,0.2641828931093295,0.3756946817866362,1.6320778813906482,0.0030517150799773286,0.001,51.444878431079005,51.44789239265588,40750,1.9222533702850342,1.2202746868133545,0.15699511129572422
4.016434104414657e-05,0.0720328539609909,512,False,0,0.2663684182738389,0.3683804912862914,0.9985756069657685,0.0029804464198035707,0.001,51.44789239265588,51.450840654217316,40751,1.9222443103790283,1.2201417684555054,0.15333768668813058
4.491504660109058e-05,0.0015705343103036284,512,False,0,0.0016395584252228998,0.002682494779536139,0.008696137519430299,0.000489242041128168,0.001,50.57570664878393,50.57268779860495,40999,1.8951163291931152,1.2165807485580444,0.024743761952350507
4.488641570787877e-05,0.0015918912831693888,512,False,0,0.0018908344429311177,0.0026289460113919556,0.013039676295608121,0.00047070163496471266,0.001,50.57268779860495,50.56971265393887,41000,1.895015001296997,1.2165485620498657,0.023804646831363328
4.479910421650857e-05,0.001578360446728766,512,False,0,0.002004867016491305,0.002576382178282045,0.0062830231462184215,0.00044928359209478214,0.001,50.56971265393887,50.56676007623153,41001,1.8949084281921387,1.2165145874023438,0.022720142152362614
2.0963387214578688e-05,0.04249081388115883,512,False,0,0.19419081553037115,0.3713841558725719,0.8546110165863643,0.0018956625849610518,0.001,50.26520432192237,50.26468458362226,41249,1.8821781873703003,1.2207934856414795,0.09528586715849079
2.09340505534783e-05,0.033695563673973083,512,False,0,0.17553032609669109,0.3640607547464406,0.5901511457695541,0.0017925211796122388,0.001,50.26468458362226,50.26387251382007,41250,1.882206916809082,1.2208083868026733,0.09010051170267169
2.092264185193926e-05,0.03521160036325455,512,False,0,0.18480814980307056,0.3578438556472428,0.972324956686724,0.0017124593634645865,0.001,50.26387251382007,50.26274255044061,41251,1.8821161985397339,1.2208272218704224,0.08607483913028144
2.516681342967786e-05,0.001089127967134118,512,False,0,0.0012212562698921592,0.0024188839461511367,0.004931628991994363,0.00032213153987755425,0.001,49.26666009127895,49.26302985839067,41499,1.8573812246322632,1.2115968465805054,0.015870345079827736
2.515656888135709e-05,0.0010647651506587863,512,False,0,0.001178939186642224,0.0023705095437853616,0.004348451738459013,0.00031644129038935014,0.001,49.26302985839067,49.25940545028073,41500,1.8572685718536377,1.2115784883499146,0.015588856736878227
2.5133518647635356e-05,0.0010522513184696436,512,False,0,0.0011757771737521034,0.0023231010108471536,0.004002585249045825,0.0003198380768312023,0.001,49.25940545028073,49.25577774962507,41501,1.8571618795394897,1.2115592956542969,0.015755033505066234
9.73413625615649e-06,0.0004325825721025467,512,False,0,0.0005212149797841161,1.6321550369611747e-05,0.0026907482548678145,0.0007684585731285167,0.001,48.76366243959668,48.76391195033408,41749,1.8365914821624756,1.2054215669631958,0.03747285445885311
9.652646440372337e-06,0.00044928083661943674,512,False,0,0.0005436844317614353,1.6037957748906102e-05,0.005595003812754356,0.000755129308240543,0.001,48.76391195033408,48.7643018842897,41750,1.8365494012832642,1.2054277658462524,0.03682305909815852
9.600726116332226e-06,0.00042221497278660536,512,False,0,0.00047737674865934465,1.572091516778682e-05,0.002362535947499201,0.0007376820518045634,0.001,48.7643018842897,48.764651715060694,41751,1.8364808559417725,1.2054377794265747,0.035972550268819965
9.26382199395448e-06,0.050134703516960144,512,False,0,0.24397343144494654,0.09837762543202341,1.1656002118978745,0.0031468964067352606,0.001,48.38765859550695,48.38746102180857,41999,1.8531675338745117,1.203454852104187,0.15227094896453336
9.279887308366597e-06,0.05284581333398819,512,False,0,0.23853320475504003,0.10130661288059886,1.9774136633201824,0.003047368947766851,0.001,48.38746102180857,48.386358941719756,42000,1.8533146381378174,1.203127384185791,0.1474544461791383
9.286872227676213e-06,0.05742670223116875,512,False,0,0.2459489403257112,0.09973004377592772,1.4202981092146651,0.003002071873130549,0.001,48.386358941719756,48.38532738213918,42001,1.853450894355774,1.2026894092559814,0.14525932722213572
1.2085465641575865e-05,0.004938673228025436,512,False,0,0.049342134572077,0.061098715351871134,0.19251058144817598,0.0010235192160306203,0.001,47.92492259373646,47.92122507058396,42249,1.8399327993392944,1.2051059007644653,0.049052079201469305
1.2057993444614112e-05,0.011686519719660282,512,False,0,0.06576617647946834,0.06023605964863007,0.590390008913316,0.0011641878134306433,0.001,47.92122507058396,47.91785735475027,42250,1.8400901556015015,1.205094814300537,0.05578930623184086
1.2057760613970459e-05,0.006054165307432413,512,False,0,0.07385444238304208,0.05908033271196898,0.2998859671784184,0.0012082656307889393,0.001,47.91785735475027,47.91458155994588,42251,1.8402554988861084,1.205103874206543,0.05789750014279175
1.604702447366435e-05,0.0017000777879729867,512,False,0,0.01135224312041161,0.029911409319053762,0.016612744339610977,0.0003963162772538346,0.001,47.502001769762394,47.49792142152712,42499,1.8322464227676392,1.2019944190979004,0.018825816503497295
1.59054652613122e-05,0.0016080248169600964,512,False,0,0.010087473396498115,0.029313294370993222,0.013928671561654494,0.00036538651347555937,0.001,47.49792142152712,47.4938049270609,42500,1.8321917057037354,1.2019985914230347,0.01735509990554788
1.602537122380454e-05,0.0015524771297350526,512,False,0,0.009372178322509358,0.02872704803703884,0.01142789114159298,0.00035456656412386585,0.001,47.4938049270609,47.4897335909848,42501,1.832132339477539,1.2020045518875122,0.016839715230157114
1.599976167199202e-05,0.0005619199946522713,512,False,0,0.0004085523557705963,0.00019192602381382868,0.001985456608941494,0.0003866790088460682,0.001,46.690505281402196,46.68880159758678,42749,1.8064886331558228,1.1962867975234985,0.018054238304734713
1.594574496266432e-05,0.0005582676967605948,512,False,0,0.00039655799360517927,0.00018808830787163738,0.001771024238164036,0.000393122808942485,0.001,46.68880159758678,46.68712505376563,42750,1.8063876628875732,1.1962909698486328,0.018354432830201696
1.5911751688690856e-05,0.0005657185101881623,512,False,0,0.0004202323504049271,0.000184330167126622,0.002185680806989488,0.00039836185451318684,0.001,46.68712505376563,46.68544513471854,42751,1.806290626525879,1.196288824081421,0.018598369718307143
3.969987119489815e-06,0.00015780569810885936,512,False,0,0.0002546471290286848,1.3803608748124447e-06,0.0012620126627204266,0.0009137966493019087,0.001,46.69508018049711,46.69675563279993,42999,1.7856489419937134,1.1917505264282227,0.04266980780782222
3.9620708776055835e-06,0.0001657512184465304,512,False,0,0.00022111404455503564,1.3755450635935305e-06,0.003589778776635329,0.0009287680722036844,0.001,46.69675563279993,46.69868213113548,43000,1.7856967449188232,1.191737413406372,0.04337045570724213
3.9585784179507755e-06,0.0001595784560777247,512,False,0,0.00028294203927900773,1.3491730092177247e-06,0.001857967766308049,0.0010507546684573293,0.001,46.69868213113548,46.70061826196363,43001,1.7857143878936768,1.191725730895996,0.049068858260095466
4.862190507992636e-06,0.0004970904556103051,512,False,0,0.0009548868691636217,0.01962416628580855,0.003257384065128268,0.000289308400631667,0.001,46.24925353864412,46.244912846865596,43249,1.7660154104232788,1.1929045915603638,0.013380297571673595
4.8763931772555225e-06,0.0004859407199546695,512,False,0,0.0009430283150169013,0.01923168507211116,0.0028374854094134886,0.00027977121866685475,0.001,46.244912846865596,46.24055471981873,43250,1.765918493270874,1.1928807497024536,0.012937995624310075
4.8745305321062915e-06,0.0004635096120182425,512,False,0,0.000930872816705496,0.018847052449280546,0.0030115852650508834,0.00028065106214085055,0.001,46.24055471981873,46.23618174614019,43251,1.7658227682113647,1.192859411239624,0.012977460796099247
5.976045940769836e-06,0.0002220169990323484,512,False,0,0.00021236370662777425,0.00012573059289046391,0.0011350508564077048,0.0003170414027260119,0.001,45.33590237636917,45.333240579735346,43499,1.7424887418746948,1.1874736547470093,0.014373358083253617
5.9448475440149195e-06,0.00022105834796093404,512,False,0,0.0001831117812280237,0.00012321683842889683,0.0010708472262741314,0.00031732149941103517,0.001,45.333240579735346,45.330567343468054,43500,1.7424014806747437,1.1874457597732544,0.014385211873922804
5.942984898865689e-06,0.00022105174139142036,512,False,0,0.0002105593225616116,0.0001207554876109401,0.001445896295119306,0.0003307372667006599,0.001,45.330567343468054,45.32793684295973,43501,1.7423174381256104,1.1874221563339233,0.014992507941168817
2.142039647878846e-06,7.824153726687655e-05,512,False,0,6.43338243266198e-05,8.172744091754287e-07,0.00038156303048082437,0.0005997564077042171,0.001,45.165990166939096,45.16773847378104,43749,1.722061038017273,1.1820847988128662,0.027088592012927383
2.090351244987687e-06,7.739363354630768e-05,512,False,0,6.314281132847852e-05,8.014069504070015e-07,0.0005821274007643219,0.0005955745110378965,0.001,45.16773847378104,45.169420288852336,43750,1.721968650817871,1.1820974349975586,0.02690075375620973
2.0642742128984537e-06,7.650963380001485e-05,512,False,0,7.146427460622667e-05,7.85428241778697e-07,0.00037466874457094384,0.0005920599318707827,0.001,45.169420288852336,45.171116235592805,43751,1.721892237663269,1.1821098327636719,0.026743003898860664
2.27102782446309e-06,0.10401888191699982,512,False,0,0.39690991992101804,0.13648383501842765,1.9391955899237934,0.004426582166435018,0.001,44.9837565785299,44.98714406898086,43999,1.718726396560669,1.1835522651672363,0.19912429464977435
2.2645085664407816e-06,0.11611512303352356,512,False,0,0.3624459873087396,0.13820214510030138,2.797150633767713,0.0043591336612314405,0.001,44.98714406898086,44.98935538666372,44000,1.7187448740005493,1.1838955879211426,0.19610497403376284
2.2738213374395855e-06,0.08052627742290497,512,False,0,0.36169210646691835,0.13724466952970438,2.112792873391652,0.004389913539599979,0.001,44.98935538666372,44.991411438852055,44001,1.7188700437545776,1.1841086149215698,0.19749938034979028
3.301300239400007e-06,0.01936299353837967,512,False,0,0.1104670627041194,0.045164147888710274,0.6660049356806882,0.0020625320375851387,0.001,44.82425612245148,44.82172061771258,44249,1.7245674133300781,1.201386570930481,0.09245146431347798
3.2442569590784842e-06,0.01059598196297884,512,False,0,0.11256274396318508,0.04454361245922582,0.5428703975004744,0.0021044931771791358,0.001,44.82172061771258,44.81954193180171,44250,1.7244659662246704,1.2013626098632812,0.09432700522940553
3.2661428122082725e-06,0.007619163021445274,512,False,0,0.10899752121010343,0.04387935347631199,0.4027655017555671,0.001971750183438791,0.001,44.81954193180171,44.81750615904143,44251,1.7244696617126465,1.2012875080108643,0.08837294002567261
4.336927304393612e-06,0.000515693100169301,512,False,0,0.0010576580472950836,0.010697223693836072,0.0028950377647464615,0.0002057452396663357,0.001,44.41669517930781,44.412821635658936,44499,1.7086818218231201,1.1982442140579224,0.009138523594853263
4.339488441473804e-06,0.0005032094195485115,512,False,0,0.00103912969102433,0.010483280904094075,0.0029889661059601187,0.00020021508987274331,0.001,44.412821635658936,44.40896523830529,44500,1.708594560623169,1.1982120275497437,0.008892117075285573
4.36509981227573e-06,0.0004806527867913246,512,False,0,0.0010082689281104742,0.010273616619081292,0.002449959203494916,0.00019772387892321802,0.001,44.40896523830529,44.40510017474102,44501,1.7085083723068237,1.198180913925171,0.008780712865884074
4.993738912162371e-06,0.00022718052787240595,512,False,0,0.00020709563713215145,6.855290895791451e-05,0.0008487712027090888,0.00030722474838102044,0.001,43.72033170422418,43.718707309702154,44749,1.6882355213165283,1.1898576021194458,0.013431967906965023
4.993738912162371e-06,0.00022141501540318131,512,False,0,0.00021351364565580898,6.718200058817619e-05,0.0006542030748535842,0.0003030462859220368,0.001,43.718707309702154,43.71709256999818,44750,1.6881601810455322,1.1898152828216553,0.01324879187551784
4.984425686416216e-06,0.0002206064818892628,512,False,0,0.00020441611632743213,6.583851680671133e-05,0.0008062805504660393,0.00030621398886472183,0.001,43.71709256999818,43.71550269653422,44751,1.6880885362625122,1.189772367477417,0.013386785297427435
1.558101303089643e-06,7.00838427292183e-05,512,False,0,4.745297892725264e-05,4.445582632824327e-07,0.00023208187874631132,0.0006325854888411715,0.001,43.759660935009606,43.76182806030751,44999,1.6714558601379395,1.1826316118240356,0.027681726504096966
1.5587997950206045e-06,7.081906369421631e-05,512,False,0,4.983615617573976e-05,4.357369204499228e-07,0.0002833320544558407,0.0006534636361524197,0.001,43.76182806030751,43.76393442479898,45000,1.671397089958191,1.1826285123825073,0.028596763288965536
1.5555401660094503e-06,6.854029197711498e-05,512,False,0,4.816303529614522e-05,4.27028071681354e-07,0.00017396554426349388,0.0006477598702534542,0.001,43.76393442479898,43.76605547182791,45001,1.6713508367538452,1.182607650756836,0.028348520484788465
1.4922104583092732e-06,0.03835666924715042,512,False,0,0.18379762382205128,0.0739914774669091,0.8672829175011348,0.003160617883530533,0.001,43.84907378262779,43.85023423333552,45249,1.6678649187088013,1.1814275979995728,0.13859016677362324
1.4798704341956181e-06,0.020757600665092468,512,False,0,0.18428549446347436,0.07382699964524764,0.9983348359604778,0.0030908147779273656,0.001,43.85023423333552,43.85151988446191,45250,1.6678431034088135,1.1816486120224,0.1355329519839699
1.4888731811879552e-06,0.017213670536875725,96,True,0,0.24902425296055367,0.07406784698031747,1.7414511425918975,0.0032308158067543974,0.001,43.85151988446191,43.85304991116838,45251,1.667945146560669,1.1819393634796143,0.1416761835929243
2.0123534341109917e-06,0.026015987619757652,512,False,0,0.14791613621644958,0.048005065741525015,1.1195473351690748,0.0027129813973872066,0.001,44.06074111820338,44.06357723180928,45499,1.6612260341644287,1.183542013168335,0.11953597100877936
2.0016432245029137e-06,0.02739022485911846,512,False,0,0.1768735790321361,0.04790513143711419,1.0928813829530672,0.002721233633026031,0.001,44.06357723180928,44.06648953614533,45500,1.6613588333129883,1.1836496591567993,0.11990728835463947
2.028884182436741e-06,0.01880207285284996,512,False,0,0.15925663474910684,0.04726933810351723,0.7019035342070523,0.002648894415320352,0.001,44.06648953614533,44.06871048678111,45501,1.6613858938217163,1.183724045753479,0.1167274780350681
2.755313744273735e-06,0.020641332492232323,512,False,0,0.17448952448857158,0.04240920050295661,0.7271616558809042,0.003254765306194061,0.001,44.258155647427124,44.26086341673558,45749,1.6430790424346924,1.1863675117492676,0.14404990951738256
2.7616001716523897e-06,0.03606010973453522,512,False,0,0.15201694545023778,0.04266696440013136,1.0249098455502583,0.0032163379007609824,0.001,44.26086341673558,44.26339408423371,45750,1.6430208683013916,1.1864644289016724,0.14235789252765188
2.7692835828929674e-06,0.041642479598522186,512,False,0,0.16913073635756878,0.04289201464373073,1.4035880450525966,0.003362509451090382,0.001,44.26339408423371,44.26526157255938,45751,1.6428903341293335,1.1864358186721802,0.14883608094557396
3.459857452980941e-06,0.0012489473447203636,512,False,0,0.008744337213971779,0.09296533848610242,0.03973996413770326,0.0004991451860371543,0.001,44.648818460926535,44.64659714937081,45999,1.64177668094635,1.1689574718475342,0.022286242797018307
3.479880888335174e-06,0.0009504480985924602,512,False,0,0.008168888437622363,0.09110621639447797,0.012716380149379184,0.00048021172933143663,0.001,44.64659714937081,44.64433108141744,46000,1.6416829824447632,1.1689640283584595,0.021439819625863346
3.4738272916001733e-06,0.0009251480223610997,512,False,0,0.0076320752945572,0.0892841118606034,0.011028150345387972,0.00046011026169925646,0.001,44.64433108141744,44.64201245793699,46001,1.6415895223617554,1.16896653175354,0.020541314857259227
4.5059614421916194e-06,0.0002697412564884871,512,False,0,0.00024735778977171577,0.0005955200806235902,0.0009709280305364888,0.00035169040394581965,0.001,44.16538372797265,44.164354473676454,46249,1.6222063302993774,1.1624975204467773,0.015532541643712833
4.486482339416398e-06,0.00025270096375606954,96,True,0,0.00036235291199642833,0.0005836165164158845,0.0021583260136415986,0.0003916855265725192,0.001,44.164354473676454,44.16336477480868,46250,1.622137427330017,1.1624717712402344,0.017298538437757357
4.505262950260658e-06,0.00026428126147948205,512,False,0,0.0003250460523968553,0.0005719443339232029,0.0006557230171214269,0.0003825500696495272,0.001,44.16336477480868,44.16237179627374,46251,1.6220672130584717,1.1624464988708496,0.016894698270560535
1.927835910464637e-06,0.00010579536319710314,512,False,0,5.5840301075108096e-05,3.8190002349132175e-06,0.00024004986645734044,0.0005594712604424724,0.001,44.1917897556568,44.19328553068072,46499,1.604784369468689,1.1541364192962646,0.024724036315806046
1.900827555800788e-06,0.00010289436613675207,512,False,0,5.5179097261412196e-05,3.7426316298655586e-06,0.00020399821013312433,0.0005607387377804728,0.001,44.19328553068072,44.19476757427689,46500,1.604708194732666,1.154058575630188,0.024780887146845936
1.8631089915288612e-06,0.00010335117258364335,512,False,0,5.832073476060915e-05,3.6678628999943433e-06,0.00029326294222251667,0.0005719840321167427,0.001,44.19476757427689,44.19629295639885,46501,1.6046243906021118,1.1539945602416992,0.025278701355597174
3.576278118089249e-07,1.6162266547326e-05,512,False,0,1.2252815150293752e-05,2.527887880534734e-08,0.00011681777801289284,0.000698660813831923,0.001,44.90361317759255,44.90729073796834,46749,1.590808391571045,1.1495097875595093,0.03137239492665067
3.576278118089249e-07,1.581814831297379e-05,512,False,0,1.1862999298536112e-05,2.4773676060584538e-08,4.837947783193568e-05,0.0007045083569766089,0.001,44.90729073796834,44.91098484484071,46750,1.590734601020813,1.1495426893234253,0.031637561614076964
3.576278118089249e-07,1.6037936802604236e-05,512,False,0,1.0417301162977732e-05,2.4287976142748343e-08,8.004687016849463e-05,0.0006720615820056801,0.001,44.91098484484071,44.91477837978018,46751,1.5906630754470825,1.1495325565338135,0.030182947524256775
2.39582675476413e-07,0.00022475603327620775,512,False,0,0.003853614570112277,0.13592233826844136,0.007222676378631805,0.0001657072822566323,0.001,45.3173539297175,45.31323490352222,46999,1.585235834121704,1.1577852964401245,0.007509415558755403
2.393498448327591e-07,0.00039563473546877503,512,False,0,0.006079657089654427,0.1332078665703307,0.05069640597070572,0.00017257562382655243,0.001,45.31323490352222,45.30912203557394,47000,1.5851762294769287,1.1577584743499756,0.007819959781074456
2.3911701418910525e-07,0.00026479578809812665,512,False,0,0.0058896584101400815,0.13054381456902361,0.008244254957260623,0.00017420534274003837,0.001,45.30912203557394,45.305011609985584,47001,1.5851163864135742,1.1577320098876953,0.007893091133457384
3.6507842082755815e-07,4.872013960266486e-05,96,True,0,0.00016098661252954836,0.0008706341509008068,0.0006879259476348204,0.0001941699937494144,0.001,44.29271170084404,44.288725884374664,47249,1.5678268671035767,1.1524134874343872,0.008600315554097501
3.5949045695815585e-07,5.041983968112618e-05,512,False,0,0.00014646977089814034,0.0008532216525584592,0.00037153282984458096,0.000194826213459136,0.001,44.288725884374664,44.28474848940407,47250,1.5677580833435059,1.1523865461349487,0.00862860476298234
3.620515940383484e-07,4.9978589231614023e-05,512,False,0,0.00013894077259439278,0.0008361573068124299,0.00034842433693503885,0.0001910136403264162,0.001,44.28474848940407,44.28077414591943,47251,1.5676894187927246,1.1523592472076416,0.008458991019900833
4.847532864005188e-07,2.318358383490704e-05,512,False,0,2.2832570656347186e-05,5.57721988125504e-06,9.977997542668569e-05,0.00022536176897961028,0.001,43.39350374097322,43.390535362908544,47499,1.5514161586761475,1.1451448202133179,0.009779236765289061
4.868487621934037e-07,2.3267260985448956e-05,512,False,0,2.336235555776395e-05,5.465689747752267e-06,0.00014287852637862857,0.00023658368978880524,0.001,43.390535362908544,43.387551782258804,47500,1.5513516664505005,1.1451081037521362,0.010265492958068539
4.84520455756865e-07,2.2035294023226015e-05,512,False,0,2.366932624999957e-05,5.356378283736994e-06,8.348694040473688e-05,0.00023602194844558322,0.001,43.387551782258804,43.3845789409271,47501,1.5512868165969849,1.1450742483139038,0.01024041450993236
2.2025776047485124e-07,1.0151129572477657e-05,512,False,0,8.18948551737408e-06,3.58206121919197e-08,3.0416093541249882e-05,0.00035070102477341105,0.001,43.097461697501444,43.0988135065901,47749,1.5372098684310913,1.1370446681976318,0.015114323982446588
1.7881390590446244e-07,1.0035180821432732e-05,512,False,0,6.944843960443512e-06,3.510563930750354e-08,3.296350623180774e-05,0.000353354570157603,0.001,43.0988135065901,43.10017725086263,47750,1.5371685028076172,1.1370233297348022,0.015229162720923837
1.539010270334984e-07,1.0128078429261222e-05,512,False,0,6.66085429840325e-06,3.440756984523919e-08,4.7711556752953633e-05,0.0003566700146829466,0.001,43.10017725086263,43.10155080620266,47751,1.53714120388031,1.1370033025741577,0.015372540852902775
1.5599651348452426e-08,1.6991964457702124e-06,512,False,0,1.4322852140853612e-06,2.467616959275948e-10,1.5100655673050843e-05,0.00045950078989053335,0.001,43.87580213736911,43.87948619718454,47999,1.5291392803192139,1.1323410272598267,0.020160965739201855
1.257285298095212e-08,1.6684629144947394e-06,512,False,0,1.8643817175093566e-06,2.4212667250032605e-10,1.3020635687766153e-05,0.0004637808995745395,0.001,43.87948619718454,43.883179555131186,48000,1.5290759801864624,1.132341742515564,0.020350467581398836
1.4202667486529208e-08,1.6551916814933065e-06,512,False,0,1.352746076877194e-06,2.374713617377344e-10,1.0812789367792383e-05,0.0004532501293397709,0.001,43.883179555131186,43.88694756226071,48001,1.5290518999099731,1.1323413848876953,0.0198900568092036
1.210719204891575e-07,0.03338678926229477,512,False,0,0.36528432056572296,0.3403501913386335,0.9973646067424762,0.002685088368606496,0.001,44.385793459384296,44.38273478845913,48249,1.5280410051345825,1.1502408981323242,0.11917977774916307
1.2316739628204232e-07,0.016764149069786072,512,False,0,0.28128316558904204,0.33774922010202596,1.6623888120216765,0.002610528651883339,0.001,44.38273478845913,44.380062866433505,48250,1.5281636714935303,1.1502398252487183,0.115862400814212
1.210719204891575e-07,0.02194727584719658,512,False,0,0.2788947639048786,0.34002274858737414,2.275913149399963,0.0025673164949718847,0.001,44.380062866433505,44.377398038824644,48251,1.5283393859863281,1.150080680847168,0.11393766744488397
2.3841855067985307e-07,0.02469923160970211,512,False,0,0.28618344871488055,0.29016752961035475,1.287395521544371,0.002664673530483146,0.001,44.365676257375576,44.36530732884365,48499,1.5296556949615479,1.1455695629119873,0.11822004318501327
2.3841855067985307e-07,0.04882506653666496,512,False,0,0.25151063866604645,0.29685634373935355,2.7266601472035483,0.00264018833447016,0.001,44.36530732884365,44.364697195779975,48500,1.5294991731643677,1.1456307172775269,0.11713276686479648
2.3841855067985307e-07,0.03749562054872513,512,False,0,0.2869661214956391,0.2931959553847774,1.7485357517615014,0.0027571069169397794,0.001,44.364697195779975,44.364702777812816,48501,1.529526948928833,1.1458402872085571,0.1223182135064238
2.3911701418910525e-07,0.021232854574918747,512,False,0,0.112268986886812,0.05248353408682478,0.6969734560152006,0.0025939811505448153,0.001,44.1335498852921,44.132229735524454,48749,1.5222902297973633,1.1408073902130127,0.114481596509077
2.39582675476413e-07,0.025472251698374748,512,False,0,0.19467019906352265,0.05601997532040704,1.6509184708775229,0.002877756858900924,0.001,44.132229735524454,44.130760739582385,48750,1.5224655866622925,1.141021966934204,0.1270018268199968
2.3911701418910525e-07,0.006214960478246212,512,False,0,0.18774572383659313,0.05501218863208152,0.36812548364281766,0.002705472643250976,0.001,44.130760739582385,44.12932828853897,48751,1.5225991010665894,1.1412110328674316,0.11939456590679434
2.440064577058365e-07,0.005741138011217117,512,False,0,0.13405546468199053,0.17712349053357543,0.24975844005226655,0.0018910887307324808,0.001,44.09324882862455,44.09189452235528,48999,1.5368037223815918,1.1457566022872925,0.08338424596119505
2.4749891736064455e-07,0.006892727687954903,512,False,0,0.11295732016268195,0.17366285448694135,0.27921745961604255,0.0017693568839572725,0.001,44.09189452235528,44.09064416649887,49000,1.5366995334625244,1.145762324333191,0.07801429709984728
2.442392883494904e-07,0.008732960559427738,512,False,0,0.11457334621376176,0.17062351169318785,0.6242855701181144,0.001731978828644225,0.001,44.09064416649887,44.08931667265766,49001,1.5365349054336548,1.145667552947998,0.07636406223766204
2.433079657748749e-07,0.005579018034040928,512,False,0,0.1272850098831666,0.05447146327000542,0.42235827111571567,0.0017484927330053807,0.001,43.8026832111585,43.79965897315134,49249,1.5251892805099487,1.1380451917648315,0.07658867328084744
2.4586910285506747e-07,0.009853647090494633,512,False,0,0.10318860008794456,0.054093300367088405,0.7918042794213365,0.0019695892721112666,0.001,43.79965897315134,43.79665763345135,49250,1.524674415588379,1.137871503829956,0.08626733843565085
2.447049496367981e-07,0.012906934134662151,512,False,0,0.136093757418419,0.05741285634752671,1.5694569870476203,0.00207176172726977,0.001,43.79665763345135,43.793930952422016,49251,1.5243456363677979,1.1376807689666748,0.09073623906732194
3.6158593275104067e-07,0.014605730772018433,512,False,0,0.14357129312905176,0.10554432929827906,1.0853698464841042,0.002504936504042787,0.001,43.845953737972415,43.84633318724754,49499,1.5161203145980835,1.1220753192901611,0.10983133007281838
3.620515940383484e-07,0.011681586503982544,512,False,0,0.10035901558167312,0.1049624529114174,0.8777958118712123,0.002566798172467424,0.001,43.84633318724754,43.846791565396195,49500,1.5160855054855347,1.1224026679992676,0.11254468789442473
3.6251725532565615e-07,0.003323821583762765,512,False,0,0.08874916528297486,0.10290058724839367,0.17115122294946197,0.0023685711452430956,0.001,43.846791565396195,43.847195648774225,49501,1.516037106513977,1.122715711593628,0.10385424531328577
5.168839152247529e-07,0.004256513901054859,512,False,0,0.0845862995836235,0.022265976707397352,0.25757138999822954,0.002567461669853408,0.001,43.943194055495525,43.942876855111074,49749,1.503434658050537,1.122964859008789,0.1128224663884149
5.41563963452063e-07,0.012854104861617088,512,False,0,0.08335087999183219,0.021912645441035154,0.5213969173882156,0.0026917497019705514,0.001,43.942876855111074,43.94263326118191,49750,1.503068447113037,1.1232188940048218,0.11828322567847388
5.471518988997559e-07,0.006658895872533321,512,False,0,0.07242693749888064,0.021524533694116606,0.2954551328217854,0.002538218545140224,0.001,43.94263326118191,43.94257912036628,49751,1.502927303314209,1.1235297918319702,0.11153600666582757
6.218904218258103e-07,0.026693157851696014,512,False,0,0.1475391464818659,0.06920196772388326,0.8283986692006673,0.003762268437102139,0.001,44.09352978375396,44.100368731983345,49999,1.503095269203186,1.1011910438537598,0.16589169538584062
6.323678007902345e-07,0.03526778519153595,512,False,0,0.16645549067185955,0.06889201257357849,1.1622078096163502,0.003715298215233533,0.001,44.100368731983345,44.106577972005304,50000,1.5030096769332886,1.1008375883102417,0.16384602124107842
6.176994702400407e-07,0.04989946633577347,512,False,0,0.18109538078422896,0.06817594355446627,1.2150371863019152,0.0038442041177888693,0.001,44.106577972005304,44.11228262526641,50001,1.5028650760650635,1.1006553173065186,0.16955468866155862
8.80099491951114e-07,0.004326337948441505,512,False,0,0.05550816808026695,0.014738119730202606,0.1978775692091642,0.0019972778408572905,0.001,44.404706723847085,44.40489203189643,50249,1.4952061176300049,1.1106334924697876,0.08868853676930652
8.803323225947679e-07,0.005303456913679838,512,False,0,0.05351566237823564,0.014456684005137796,0.2133423721575981,0.0020358210297967425,0.001,44.40489203189643,44.40518168169683,50250,1.495173692703247,1.1108344793319702,0.09040041302438856
8.761413710089982e-07,0.006007703486829996,512,False,0,0.056194770522097225,0.01419373356316525,0.3379822424443993,0.0021170215019702455,0.001,44.40518168169683,44.4054953820863,50251,1.4951255321502686,1.1108448505401611,0.09400672441904746
1.3455273801810108e-06,0.00014243210898712277,512,False,0,0.00014713717442875465,0.0001082862706281159,0.00042543071362133273,0.00030175274828730573,0.001,43.85297744881019,43.85091041157661,50499,1.4796937704086304,1.0974094867706299,0.013232756465759717
1.3511153156287037e-06,0.00013766071060672402,512,False,0,0.00015669804152616232,0.00010612086970642522,0.0005272815834395984,0.0002994014985822253,0.001,43.85091041157661,43.84887517927757,50500,1.4796420335769653,1.0973825454711914,0.013129028291420944
1.345061718893703e-06,0.00013581204984802753,512,False,0,0.00015606213236987672,0.00010399851665752913,0.00040136308066283797,0.00030148958853547193,0.001,43.84887517927757,43.8468336451501,50501,1.4795891046524048,1.0973553657531738,0.013219979335543662
8.486673550578416e-07,5.013152986066416e-05,512,False,0,3.48784640866554e-05,6.952741700025309e-07,0.00013733214331676565,0.0004319093288083318,0.001,43.56121032128753,43.56122246549495,50749,1.4667749404907227,1.0885776281356812,0.018814493111945874
8.493658469888032e-07,4.865685332333669e-05,512,False,0,3.735130024742067e-05,6.813801229728312e-07,0.00012072325030024284,0.00043646897933895056,0.001,43.56122246549495,43.56128066803217,50750,1.4667303562164307,1.0885508060455322,0.019013122308271544
8.463390486213029e-07,4.865708979195915e-05,512,False,0,3.425362119766381e-05,6.677581603274711e-07,0.00010552331371073691,0.0004404953875984929,0.001,43.56128066803217,43.56135008305274,50751,1.466685175895691,1.0885193347930908,0.019188543212151566
1.2316739628204232e-07,1.0004679097619373e-05,512,False,0,5.0810997404560525e-06,4.544114722864295e-09,2.345090063382099e-05,0.00045503076649409507,0.001,43.938992257654974,43.94194758360009,50999,1.4558297395706177,1.0784801244735718,0.019993593325978852
1.2270173499473458e-07,9.583027349435724e-06,512,False,0,5.3516399439557635e-06,4.453306683411418e-09,1.8004045404777515e-05,0.00045765208862878467,0.001,43.94194758360009,43.94491541324731,51000,1.4557946920394897,1.0784577131271362,0.020110124090051158
1.2270173499473458e-07,9.710151061881334e-06,512,False,0,5.254433686131165e-06,4.364782300939642e-09,2.428574847036761e-05,0.0004598813931546637,0.001,43.94491541324731,43.94792205923392,51001,1.4557430744171143,1.0784351825714111,0.020209448922308026
1.4435498130183078e-08,1.302453711105045e-06,512,False,0,8.199526503793555e-07,3.4420005099816097e-11,4.819676534465568e-06,0.0003516855621909132,0.001,44.77084770536828,44.773921220158265,51249,1.447725772857666,1.0716071128845215,0.0157452607450262
1.3969836842875338e-08,1.2957016224390827e-06,512,False,0,7.895002932283676e-07,3.37323694023388e-11,2.717916801328593e-06,0.000348411581094357,0.001,44.773921220158265,44.77697574747402,51250,1.4477242231369019,1.0715646743774414,0.015599752684109522
1.4668328773836947e-08,1.2884838724858128e-06,512,False,0,6.923134497853395e-07,3.309596017483646e-11,5.559988815614549e-06,0.000343009163186454,0.001,44.77697574747402,44.78001566764891,51251,1.4477132558822632,1.0715214014053345,0.01535891298116121
4.982575063650074e-08,0.002687852829694748,512,False,0,0.08888452114395193,0.24465453045270405,0.3482026370433582,0.0008328651957349915,0.001,45.22078176503792,45.21701798057359,51499,1.4554715156555176,1.0787458419799805,0.03766281525602764
4.749744419996205e-08,0.0009010036010295153,512,False,0,0.08302075250570953,0.23976483669527301,0.07118462322641422,0.0007702846505987412,0.001,45.21701798057359,45.213279746509635,51500,1.455423355102539,1.0787341594696045,0.034829974896283124
4.1443847464961436e-08,0.0013747059274464846,512,False,0,0.08235623139491607,0.23498951474593519,0.15130487170704687,0.00073287423958992,0.001,45.213279746509635,45.20957154078683,51501,1.4553719758987427,1.078727126121521,0.03313564801358958
1.0686925122627144e-07,0.006495026871562004,512,False,0,0.13418576622963388,0.08528403790053887,0.39978015675885853,0.0018022740662114623,0.001,44.9354963271745,44.933064856833774,51749,1.4572739601135254,1.0794795751571655,0.08098607968280701
1.0849906573184853e-07,0.0013927796389907598,512,False,0,0.11553421466374815,0.0836313026340598,0.18970268814598315,0.001669836815008435,0.001,44.933064856833774,44.93063952727791,51750,1.4571970701217651,1.0795823335647583,0.07503088590910274
1.0617075929530984e-07,0.005844901315867901,512,False,0,0.09671416536382531,0.0823046183952114,0.626744210119857,0.0016855276593498439,0.001,44.93063952727791,44.92817725111278,51751,1.4571044445037842,1.079573392868042,0.07573183567550432
1.4808023252044222e-07,0.019210388883948326,512,False,0,0.21287257232035978,0.12008568854195996,1.7108496437244238,0.003119394200862035,0.001,44.82806871664758,44.82781345835237,51999,1.46005117893219,1.0810189247131348,0.13983641759055526
1.3201494653003465e-07,0.02751278504729271,512,False,0,0.3245779150837912,0.12565023429556788,2.319671920897063,0.003171648393880531,0.001,44.82781345835237,44.82744788475891,52000,1.4602452516555786,1.0810116529464722,0.14217806255635934
1.4202666420715104e-07,0.03648462891578674,512,False,0,0.2861318083337428,0.12381870410193811,1.0273818899769371,0.0031760380964255468,0.001,44.82744788475891,44.82677234045871,52001,1.4605027437210083,1.0810151100158691,0.14237368224752509
1.3993118841426622e-07,0.023984171450138092,512,False,0,0.17503515220141952,0.08447026597035534,0.9068943059074474,0.00356003226249374,0.001,44.61035392185936,44.61306033446951,52249,1.4536330699920654,1.0734292268753052,0.15881429920308346
1.2991948494800454e-07,0.043018124997615814,512,False,0,0.1923269372822909,0.08488001027360781,1.8297828531929807,0.0036368603150663385,0.001,44.61306033446951,44.61496773452371,52250,1.4535902738571167,1.0732780694961548,0.16225146866409235
1.315492852427269e-07,0.010261940769851208,512,False,0,0.19037182581186876,0.08386991662666059,0.6774674825237953,0.003448249303625953,0.001,44.61496773452371,44.616709128106116,52251,1.453621745109558,1.0731456279754639,0.15384353142186574
1.301523013808037e-07,8.637409337097779e-05,512,False,0,0.0003009351727907775,0.004087893433387242,0.0008215223946012818,0.0001874152963166788,0.001,44.189075861099916,44.18522448726409,52499,1.4482817649841309,1.0684819221496582,0.008281708746468238
1.3061796266811143e-07,7.866920350352302e-05,512,False,0,0.0003020745513371298,0.004006137641188336,0.0010992682909291376,0.00019482822934118038,0.001,44.18522448726409,44.18135962973209,52500,1.4482300281524658,1.0684713125228882,0.008608529049896226
1.2991948494800454e-07,8.685124339535832e-05,512,False,0,0.00031836233028121366,0.003926015658718523,0.0008632085471786484,0.0001914288612184881,0.001,44.18135962973209,44.17750683656207,52501,1.4481780529022217,1.068461537361145,0.008457587361004097
1.960433735348488e-07,2.7662619686452672e-05,512,False,0,3.6228669981661566e-05,2.618440057011114e-05,0.0001286237507008866,0.0002765424058480958,0.001,43.30752300127753,43.304395649237534,52749,1.4356228113174438,1.064670205116272,0.011976366602095036
2.0232980091350328e-07,2.7258200134383515e-05,512,False,0,3.661026494412734e-05,2.5660725497920432e-05,0.00012964054973186106,0.0002860299122298239,0.001,43.304395649237534,43.30127156160478,52750,1.4355732202529907,1.0646476745605469,0.012386352486716979
2.0046715576427232e-07,2.620723535073921e-05,512,False,0,3.647273525256237e-05,2.5147527470619874e-05,0.00012602728787972005,0.00028188636827579416,0.001,43.30127156160478,43.29814357657216,52751,1.4355237483978271,1.0646247863769531,0.012206038182224696
1.4808026094215165e-07,9.347405466542114e-06,512,False,0,6.699648905162868e-06,1.6776190088714194e-07,2.762543021466938e-05,0.0003212666603860989,0.001,42.68323474285048,42.68178310552852,52999,1.4235516786575317,1.0574870109558105,0.013712700280311482
1.5064139802234422e-07,9.450082870898768e-06,512,False,0,6.084766786033471e-06,1.644071299423537e-07,2.4097080077001003e-05,0.0003196453953672351,0.001,42.68178310552852,42.68034976583594,53000,1.4235031604766846,1.0574582815170288,0.01364303543574524
1.462176157929207e-07,9.447288903174922e-06,512,False,0,6.141628254970666e-06,1.6111968592306617e-07,2.6597236996778962e-05,0.00031729011161813907,0.001,42.68034976583594,42.67892888658818,53001,1.4234583377838135,1.0574240684509277,0.013542052941103302
3.096647205325098e-08,2.6260931917931885e-06,512,False,0,1.350763463796557e-06,1.0806837940571414e-09,5.363555215442579e-06,0.00034867871436547525,0.001,42.83346379432103,42.8360092711835,53249,1.4135111570358276,1.0478442907333374,0.014935117087623987
3.143213334055872e-08,2.6191082724835724e-06,512,False,0,1.4278808639428517e-06,1.0590933437943853e-09,6.065771693846436e-06,0.0003533654199743174,0.001,42.8360092711835,42.838553845497074,53250,1.4134719371795654,1.047796368598938,0.01513676440613551
3.236345236246052e-08,2.5629963147366652e-06,512,False,0,1.3922054829928547e-06,1.037921013107673e-09,4.573694732234723e-06,0.00035393406141952504,0.001,42.838553845497074,42.841100350596626,53251,1.4134290218353271,1.0477464199066162,0.015162023347875793
1.0477377188067294e-08,4.7637138322897954e-07,512,False,0,3.081280558254254e-07,7.150447667089609e-12,1.6200528255419747e-06,0.0002587492896308736,0.001,43.53267295162157,43.53466974793776,53499,1.4066691398620605,1.0423035621643066,0.011264048201965228
9.546055501630235e-09,4.7613855258532567e-07,512,False,0,3.0950492792246593e-07,7.015151368972971e-12,2.393733606596594e-06,0.00025614586473294345,0.001,43.53466974793776,43.53667385290018,53500,1.4066325426101685,1.0423222780227661,0.011151225628448632
1.0943038475375033e-08,4.582105930239777e-07,512,False,0,3.4812259155608893e-07,6.876586442214285e-12,1.4431367736998473e-06,0.0002574136399569363,0.001,43.53667385290018,43.53865954798392,53501,1.4066193103790283,1.0423493385314941,0.01120693368809301
2.0954755708402217e-09,1.8719580907600175e-07,512,False,0,1.3954981209053113e-07,2.2245189261515342e-13,6.184891114178003e-07,0.0001815554620105699,0.001,43.6757643031129,43.675332224614216,53749,1.4045337438583374,1.0446298122406006,0.007929573566716419
2.7939675018018306e-09,1.837033494211937e-07,512,False,0,1.4478881622926483e-07,2.2021846657757453e-13,1.0380550555225753e-06,0.00018361141418626994,0.001,43.675332224614216,43.67488720103233,53750,1.404544711112976,1.0446783304214478,0.008019289514816584
3.259628567064965e-09,1.8812713165061723e-07,512,False,0,1.3123870495476142e-07,2.1617272057509088e-13,5.992938405533772e-07,0.0001770872948905483,0.001,43.67488720103233,43.67444490387569,53751,1.4045445919036865,1.044724941253662,0.007734267629080646
0.0,1.38534204552343e-07,512,False,0,1.0564554859048769e-07,9.850203567429487e-14,8.887805819028611e-07,0.00015711421908154829,0.001,43.45643748983523,43.45527051972153,53999,1.4064157009124756,1.0488823652267456,0.006827624240281581
4.6566125955216364e-10,1.2922097880618821e-07,512,False,0,1.2036398807019284e-07,9.670064834424146e-14,5.492052285147771e-07,0.00016596360969728141,0.001,43.45527051972153,43.45408551528336,54000,1.4064021110534668,1.0489003658294678,0.0072119935558248435
4.6566125955216364e-10,1.3341194460281258e-07,512,False,0,9.97880928893484e-08,9.513854681070618e-14,7.318189315532221e-07,0.00015715617557445695,0.001,43.45408551528336,43.45288505533517,54001,1.4063258171081543,1.0489088296890259,0.006829077892667339
0.0,1.2130475113281136e-07,512,False,0,9.375030926515469e-08,2.578932150083806e-14,6.86075578921537e-07,0.00015640996139989715,0.001,43.13877636873202,43.1374447522405,54249,1.4090673923492432,1.0531378984451294,0.006747334346672171
1.1641531072470457e-09,1.1967493662723427e-07,512,False,0,9.414242853078719e-08,2.539895094930209e-14,5.163871229774983e-07,0.00015642348210238787,0.001,43.1374447522405,43.13610433372688,54250,1.4089590311050415,1.0531744956970215,0.006747709317144837
4.6566125955216364e-10,1.1711379954704171e-07,512,False,0,9.756560078611632e-08,2.5032438540981388e-14,5.837399391106942e-07,0.0001581489001740378,0.001,43.13610433372688,43.13475883173237,54251,1.4088624715805054,1.0531591176986694,0.0068219274581714515
6.984918754504577e-10,1.0454094478973275e-07,512,False,0,7.851490417873011e-08,9.2064487507339e-15,3.5431464980315725e-07,0.00013966322105391215,0.001,42.79885481226859,42.79746546111179,54499,1.4107110500335693,1.0564175844192505,0.005977425920500159
4.6566125955216364e-10,1.1059454152473336e-07,512,False,0,7.424458376647365e-08,9.070647155987358e-15,3.8743002012982663e-07,0.0001356208131880313,0.001,42.79746546111179,42.796089738886295,54500,1.4107269048690796,1.0564123392105103,0.005804227068222664
0.0,1.0182459675434075e-07,96,True,0,8.897189754971143e-08,8.957157147165214e-15,5.320154200774062e-07,0.00016129382495966443,0.001,42.796089738886295,42.794688334475765,54501,1.4107855558395386,1.056406021118164,0.006902745007302017
2.3283062977608182e-10,1.0011716256030923e-07,512,False,0,7.975452496190976e-08,7.29833326925204e-15,4.6532004674973834e-07,0.00014210309965762358,0.001,42.45010771811571,42.44871040364525,54749,1.411708116531372,1.0594279766082764,0.006032291887544252
6.984918754504577e-10,9.709036419280892e-08,512,False,0,7.123811609888884e-08,7.246660356363395e-15,4.971140918405783e-07,0.00013130327953158805,0.001,42.44871040364525,42.44730748692811,54750,1.411687970161438,1.0594905614852905,0.005573654887885262
2.3283062977608182e-10,9.56933803308857e-08,512,False,0,8.269249389459915e-08,7.225488607658913e-15,5.626572794720029e-07,0.00014381397043209497,0.001,42.44730748692811,42.44589409078364,54751,1.411689281463623,1.0595200061798096,0.006104515823847123
6.984918754504577e-10,9.359790453800088e-08,512,False,0,7.572195835365635e-08,7.336203964917597e-15,6.150338204242772e-07,0.0001357261136065461,0.001,42.10580385989135,42.104461195782136,54999,1.4160327911376953,1.0614899396896362,0.005714857118182561
0.0,1.0081565449127083e-07,512,False,0,7.808733441020817e-08,7.348555592041436e-15,4.987838204965914e-07,0.0001384182685928094,0.001,42.104461195782136,42.103124931777295,55000,1.4160490036010742,1.0615280866622925,0.005828026618753293
2.3283062977608182e-10,9.825451741107827e-08,512,False,0,7.687501043882816e-08,7.32638612025189e-15,5.287054952145846e-07,0.00013731169562004734,0.001,42.103124931777295,42.101796468322235,55001,1.416085958480835,1.061558485031128,0.00578125147528503
6.984918754504577e-10,9.406356582530861e-08,512,False,0,1.0326241258697863e-07,1.111091868221882e-14,8.966404086469665e-07,0.00016349240351458814,0.001,41.78381122546997,41.78256725665723,55249,1.4242846965789795,1.0636024475097656,0.006831335725251914
2.3283062977608182e-10,9.918583998569375e-08,512,False,0,7.981905577777234e-08,1.116477897190927e-14,7.190850154871723e-07,0.00014204457040522313,0.001,41.78256725665723,41.78134680538683,55250,1.4243546724319458,1.0636343955993652,0.005934986816399219
2.3283062977608182e-10,9.220092067607766e-08,512,False,0,9.671791365185736e-08,1.1310642455272723e-14,8.050273751770586e-07,0.00016096169171967532,0.001,41.78134680538683,41.78013197705777,55251,1.4244087934494019,1.0636851787567139,0.0067251962641215164
4.6566125955216364e-10,8.591449329742318e-08,512,False,0,7.529180668800488e-08,1.2484038694276258e-14,4.1848924890963134e-07,0.00013458398322244844,0.001,41.490281257975404,41.489153995847744,55499,1.4332411289215088,1.0657330751419067,0.005583927316718029
0.0,8.195637946073475e-08,96,True,0,8.379258466889112e-08,1.2300191021649619e-14,5.477483231998154e-07,0.000150922044198669,0.001,41.489153995847744,41.48800191853936,55500,1.4333380460739136,1.0657223463058472,0.006261627933126718
0.0,9.895300934203988e-08,512,False,0,8.52726961885414e-08,1.2228503512640161e-14,7.087373354216727e-07,0.00015124836856476937,0.001,41.48800191853936,41.4868845507083,55501,1.4333776235580444,1.0657788515090942,0.0062749926051911
4.6566125955216364e-10,9.49948883999241e-08,512,False,0,9.174710702787838e-08,1.33235274569045e-14,7.10878599800748e-07,0.00015932634107523164,0.001,41.225026214513775,41.224030616337544,55749,1.4412568807601929,1.0680334568023682,0.006568232587488987
2.3283062977608182e-10,9.918583998569375e-08,512,False,0,8.004065846910687e-08,1.3259778070220254e-14,6.637231976262138e-07,0.0001405722968262745,0.001,41.224030616337544,41.2230490226944,55750,1.4413080215454102,1.0680639743804932,0.005794956668175229
4.6566125955216364e-10,8.8009969090308e-08,512,False,0,8.59488363871854e-08,1.3268304915040105e-14,7.155327059244812e-07,0.00014742535446312326,0.001,41.2230490226944,41.22205215560527,55751,1.4414215087890625,1.068115234375,0.0060773226142214285
2.3283062977608182e-10,8.707865362111988e-08,512,False,0,8.123041316795958e-08,2.167500922126056e-14,6.092050379176241e-07,0.000144921093770806,0.001,40.98673405482512,40.98585019442054,55999,1.447675347328186,1.0703123807907104,0.0059398423293184
6.984918754504577e-10,8.777713844665413e-08,512,False,0,8.829450505168067e-08,2.132104158489907e-14,5.066378345284741e-07,0.0001510343287326284,0.001,40.98585019442054,40.98495302941227,56000,1.4477472305297852,1.070304274559021,0.006190270371650374
9.313225191043273e-10,9.49948883999241e-08,512,False,0,8.514941553143926e-08,2.116393521720486e-14,6.31184993870186e-07,0.0001418485701202168,0.001,40.98495302941227,40.98405061697886,56001,1.4477726221084595,1.070314645767212,0.005813656983666378
1.629814394554785e-09,9.243375131973153e-08,512,False,0,8.313655036567832e-08,1.675552164848975e-14,6.353968601151854e-07,0.0001446892610974017,0.001,40.77466432049876,40.77389084092851,56249,1.455649733543396,1.072839617729187,0.005899656052027555
9.313225191043273e-10,8.591449329742318e-08,512,False,0,8.743613466730898e-08,1.6630131419088802e-14,6.045386076934001e-07,0.0001486311278591102,0.001,40.77389084092851,40.773104534786874,56250,1.4556082487106323,1.072869896888733,0.006060269382891447
9.313225191043273e-10,8.824280683938923e-08,512,False,0,8.449568043703936e-08,1.6572740471529677e-14,8.084266164005011e-07,0.00014838830423106152,0.001,40.773104534786874,40.77230582211609,56251,1.4554967880249023,1.0728930234909058,0.006050251840152829
1.2417633588057697e-09,8.195637946073475e-08,96,True,0,9.48238337346415e-08,1.4920098052226084e-14,6.639917478070485e-07,0.00017152587566277686,0.001,40.58886331404392,40.58812901968249,56499,1.461764931678772,1.075613021850586,0.0069620403220981425
6.984918754504577e-10,1.0314396092780953e-07,512,False,0,9.228101744630101e-08,1.4889824502061076e-14,8.556907592415835e-07,0.000162284159752503,0.001,40.58812901968249,40.587433229542626,56500,1.4618251323699951,1.0756515264511108,0.006586810413885357
9.313225191043273e-10,1.0058282384761696e-07,512,False,0,1.231926357725047e-07,1.5965902521879735e-14,1.2465089701920467e-06,0.00018769470871245916,0.001,40.587433229542626,40.5867501163067,56501,1.4618207216262817,1.075614094734192,0.007618046457405389
1.408625109888817e-07,0.030209779739379883,512,False,0,0.749999333005189,143.25245032416788,0.7575287862900772,0.0017555830768630986,0.001,41.10762920362285,41.110307657196614,56749,1.4840139150619507,1.0991395711898804,0.07216785815984357
1.3969837198146706e-07,0.027675816789269447,512,False,0,0.6791324771165556,140.3874566718482,0.8070256977746404,0.0016695251792908142,0.001,41.110307657196614,41.112486538383145,56750,1.484060525894165,1.0992015600204468,0.06863469376208171
1.355074203956974e-07,0.033281389623880386,512,False,0,0.617222957436847,137.57979532175818,0.9221934187645244,0.0015859917571252567,0.001,41.112486538383145,41.11421060849894,56751,1.4841057062149048,1.0992599725723267,0.06520406476479874
2.463347641423752e-07,0.00012311810860410333,512,False,0,0.0007330051640642588,0.9175388422382749,0.0019215726281253244,0.00016593966398536903,0.001,40.23081090086651,40.22694529873628,56999,1.471288800239563,1.0971099138259888,0.00667588724274871
2.50292885084491e-07,0.0001255394017789513,512,False,0,0.0007198738565921806,0.8991880468732144,0.0016604402670447745,0.0001655230924736726,0.001,40.22694529873628,40.22308089659296,57000,1.4712328910827637,1.0970979928970337,0.006658488386616095
2.50292885084491e-07,0.00011822384840343148,512,False,0,0.0007133919895148281,0.8812043853582058,0.0015506756417183482,0.0001652866817528363,0.001,40.22308089659296,40.21921392440028,57001,1.471177101135254,1.0970863103866577,0.006648339571273749
3.918539164260437e-07,1.4601313523598947e-05,512,False,0,6.626108986744149e-05,0.00587686181970402,0.00018692990628029282,0.00020903871747551925,0.001,39.31813140527246,39.314781682397964,57249,1.4577394723892212,1.0938857793807983,0.00821901176249209
3.9092259385142825e-07,1.464903834857978e-05,512,False,0,6.77671442893077e-05,0.00575932475660388,0.00019621473129295228,0.0002032413053383759,0.001,39.314781682397964,39.311435429861056,57250,1.4576865434646606,1.093872308731079,0.007990387548223832
3.8463616647277377e-07,1.5097015420906246e-05,512,False,0,6.779829871950188e-05,0.005644138217064553,0.00016444857485527166,0.00020839568591928735,0.001,39.311435429861056,39.308104657145996,57251,1.457633376121521,1.0938588380813599,0.00819233355087767
3.5855915569982244e-08,2.6680020255298587e-06,512,False,0,9.178965175892501e-06,3.7641467458141654e-05,2.8019499609572335e-05,0.00029816102213804424,0.001,38.54643492948108,38.54350692047717,57499,1.444707989692688,1.0904144048690796,0.01149304443835169
3.352760913344355e-08,2.745068286458263e-06,512,False,0,9.070476494782377e-06,3.688864032870947e-05,3.8619474323687265e-05,0.00029563218497057715,0.001,38.54350692047717,38.54055963020857,57500,1.4446576833724976,1.0903992652893066,0.011394701167329227
3.259628655882807e-08,2.6335428628954105e-06,512,False,0,9.34524274693005e-06,3.615086668696127e-05,3.0412037369996298e-05,0.00030838841005596194,0.001,38.54055963020857,38.53760417622311,57501,1.4446076154708862,1.0903836488723755,0.011885461907027012
3.306194429342213e-08,9.404025149706285e-07,512,False,0,1.4050207359402077e-06,2.4109474810420455e-07,5.1017892718128846e-06,0.00023664122622118444,0.001,37.93428427753407,37.93276558491497,57749,1.4323244094848633,1.0861653089523315,0.00897681554725866
3.282911720248194e-08,9.171194506052416e-07,512,False,0,1.3519571370623134e-06,2.3627284246570438e-07,5.97964237293876e-06,0.00022788363539516678,0.001,37.93276558491497,37.93126417578056,57750,1.4322787523269653,1.0861438512802124,0.008644256522083093
4.027969779940577e-08,9.261998457077425e-07,512,False,0,1.2746705953885923e-06,2.315474008012031e-07,5.150309324869592e-06,0.0002207473410853365,0.001,37.93126417578056,37.929776190168354,57751,1.4322326183319092,1.0861220359802246,0.008373225710809036
4.7963105487269786e-08,4.121101824239304e-07,512,False,0,4.782607895782435e-07,1.544246937325083e-09,3.176198351669603e-06,0.00024455018792597774,0.001,38.01838661055439,38.0202981360014,57999,1.421453595161438,1.0804933309555054,0.009297403590253552
4.2840831326884654e-08,4.172324281626061e-07,512,False,0,4.849772339984003e-07,1.5133625268528904e-09,2.8076726712982986e-06,0.00024290922442124494,0.001,38.0202981360014,38.02223629165655,58000,1.4214144945144653,1.0804722309112549,0.009235481132480605
3.864988329382868e-08,4.044267711833527e-07,512,False,0,5.292084356307291e-07,1.4830966922580498e-09,3.82577100490979e-06,0.00025269194851569387,0.001,38.02223629165655,38.02417704774069,58001,1.4213693141937256,1.0804508924484253,0.009607912975462823
1.1897644469627267e-07,0.0036719415802508593,512,False,0,0.05950524072126667,0.3161705813618246,0.31301396791942365,0.0004549733296118927,0.001,38.59859943526494,38.59525652313043,58249,1.4152717590332031,1.090981125831604,0.01756133330341821
1.224689043510807e-07,0.0023260489106178284,512,False,0,0.05527087719801643,0.3098485018205308,0.15089871032280985,0.00043385612273049286,0.001,38.59525652313043,38.591903177528245,58250,1.4152374267578125,1.0909541845321655,0.01674478835091413
1.1525115439781075e-07,0.0019911504350602627,512,False,0,0.05138818474162144,0.30365234269729696,0.11117839059875947,0.00041462025451798523,0.001,38.591903177528245,38.588537099287095,58251,1.4152013063430786,1.0909311771392822,0.016000984717800204
5.145556514207783e-08,7.220180850708857e-05,512,False,0,0.0003727645372663179,0.0020252604226467285,0.0007610094155563531,0.0001752891736033333,0.001,37.69102851982472,37.68749636586628,58499,1.403358817100525,1.0880634784698486,0.006606829241499742
5.16883957857317e-08,6.699730147374794e-05,512,False,0,0.00036056760829548707,0.0019847552294732338,0.0006190615191640717,0.00017315596475749322,0.001,37.68749636586628,37.68396464586853,58500,1.4033122062683105,1.0880508422851562,0.0065258147925260955
4.982575063650074e-08,6.850313366157934e-05,512,False,0,0.0003506333920346663,0.0019450602482017996,0.0008738389696456576,0.0001769237011135979,0.001,37.68396464586853,37.68043775642508,58501,1.4032654762268066,1.0880382061004639,0.006667186497781034
1.1920928244535389e-07,1.194643755297875e-05,512,False,0,3.6956153411925893e-05,1.2971982450763685e-05,0.0001118219994053872,0.0001958931978403876,0.001,36.86918728647994,36.866206138157736,58749,1.3919411897659302,1.0846977233886719,0.0072224229993247185
1.1920928244535389e-07,1.2002064977423288e-05,512,False,0,3.821355650439214e-05,1.2712543945850687e-05,0.00012740545633248913,0.00020780383842941216,0.001,36.866206138157736,36.863243407800155,58750,1.3918967247009277,1.084681510925293,0.007660939143839134
1.194421059835804e-07,1.1012341929017566e-05,512,False,0,3.7251193789099825e-05,1.2458293714297968e-05,8.854604856270608e-05,0.00020030243111620442,0.001,36.863243407800155,36.86027746914099,58751,1.3918521404266357,1.084665298461914,0.007383797273410767
1.2037342855819588e-07,2.605836925795302e-06,512,False,0,4.298306180325759e-06,8.308823110433797e-08,1.484864714070101e-05,0.00020241134623776675,0.001,36.206082772571186,36.20390927577327,58999,1.3810334205627441,1.0804762840270996,0.0073285219559921485
1.2200324306377297e-07,2.566255716374144e-06,512,False,0,4.30645716703646e-06,8.142648245106758e-08,1.1886606569379822e-05,0.00020116276342450524,0.001,36.20390927577327,36.20172612356212,59000,1.380990982055664,1.0804567337036133,0.007282878436684629
1.2014059791454201e-07,2.589771611383185e-06,512,False,0,4.469780488111437e-06,7.979797682477382e-08,1.407054423162164e-05,0.00020848105141787674,0.001,36.20172612356212,36.19953545411401,59001,1.3809484243392944,1.080438256263733,0.007547373925382245
1.1920928244535389e-07,1.1911608908121707e-06,512,False,0,1.1399930194388229e-06,5.323225880764321e-10,4.305442613665802e-06,0.0002255047542999859,0.001,35.97440017225042,35.97538377858711,59249,1.370786190032959,1.0748878717422485,0.008112398271932702
1.1920928244535389e-07,1.1795193586294772e-06,512,False,0,1.1031786256694118e-06,5.216785761354067e-10,4.758976260703959e-06,0.00022204963011962042,0.001,35.97538377858711,35.97639150400286,59250,1.37074875831604,1.0748624801635742,0.00798832066144666
1.1920928244535389e-07,1.163686874861014e-06,512,False,0,1.1170903642605616e-06,5.112476310946082e-10,4.543181077015409e-06,0.00022352684659421388,0.001,35.97639150400286,35.97742523836023,59251,1.3707125186920166,1.0748364925384521,0.008041689344728627
2.1886076950750066e-08,3.7555577137027285e-07,512,False,0,2.8365626547662596e-07,3.434347222442371e-12,1.4483455762278755e-06,0.00026312774429633864,0.001,36.66604214426125,36.66926658436466,59499,1.3621567487716675,1.068359136581421,0.009647852961693949
1.6763804566721774e-08,3.767199245885422e-07,512,False,0,2.7641796478962075e-07,3.365937880294048e-12,1.5902169608421248e-06,0.0002558707043327915,0.001,36.66926658436466,36.67249270541271,59500,1.362125277519226,1.0683144330978394,0.00938259106830828
1.2107191693644381e-08,3.729946342900803e-07,512,False,0,2.6375312277712384e-07,3.2988422385737077e-12,1.3404616125179276e-06,0.0002519301237975187,0.001,36.67249270541271,36.67571589791943,59501,1.3620915412902832,1.068291187286377,0.009238905627238225
5.4249532865924266e-08,0.02476123534142971,512,False,0,0.2500162215108744,0.17065858230735223,1.0164852498693702,0.001382123483795628,0.001,38.02893661869925,38.02941718777995,59749,1.3680455684661865,1.0849186182022095,0.05256068636447973
4.3073661970538524e-08,0.015481475740671158,512,False,0,0.2370328349060116,0.1673195724576041,0.7799021669754709,0.0013104364359400515,0.001,38.02941718777995,38.02973351459609,59750,1.3679488897323608,1.0849087238311768,0.04983513392043169
3.77185607192132e-08,0.02519824355840683,512,False,0,0.21839559260028668,0.16431258636691196,1.573748676751883,0.0012787472487989743,0.001,38.02973351459609,38.02984188956957,59751,1.367817759513855,1.0848865509033203,0.048630417104347894
2.630985918017359e-08,0.014407902956008911,512,False,0,0.1425970236046995,0.025040581864479387,0.8214216720243886,0.0020081629405866324,0.001,38.48656096321461,38.489044825553705,59999,1.3667982816696167,1.0923298597335815,0.07728728543695575
2.7241181754789068e-08,0.02187454327940941,512,False,0,0.1691920919376819,0.02464117318203795,1.1603526159441133,0.0023951388342903115,0.001,38.489044825553705,38.49141723867108,60000,1.366925597190857,1.092742681503296,0.09218660595642425
2.630985918017359e-08,0.009875612333416939,512,False,0,0.15919884141845714,0.024179274049176927,0.5148487220050834,0.0022622968579684237,0.001,38.49141723867108,38.49371229821607,60001,1.3670562505722046,1.0931791067123413,0.08707901227779721
2.2118907594403936e-08,0.05534074455499649,512,False,0,0.37597322341857964,0.03159412398360174,1.3802313253374932,0.004520764502239962,0.001,39.19925778127662,39.207989260022046,60249,1.3633410930633545,1.1034740209579468,0.17721061309174896
1.6996633434018804e-08,0.08553271740674973,512,False,0,0.3806681544881662,0.03218385410701803,2.363133646836251,0.004548121476973979,0.001,39.207989260022046,39.2172001584134,60250,1.3635345697402954,1.1040352582931519,0.17832269802247136
1.4901159417490817e-08,0.06597651541233063,512,False,0,0.3533671481967577,0.03254579161475291,1.807191258619116,0.004432947022961946,0.001,39.2172001584134,39.22555697539327,60251,1.3636667728424072,1.1044560670852661,0.17384777069114143
4.586762969438496e-08,0.022416509687900543,512,False,0,0.20318725780435556,0.037350620011980175,0.7917016305593159,0.0027952996878069392,0.001,39.90979862128961,39.91421027110073,60499,1.359321117401123,1.1022995710372925,0.11155984762652867
3.3294774937076e-08,0.013991344720125198,512,False,0,0.19665610965243713,0.036691146101941984,0.6754856070473523,0.002633832354166356,0.001,39.91421027110073,39.918487441032504,60500,1.359326720237732,1.1024144887924194,0.10512733840302417
4.610046033803883e-08,0.015250978991389275,512,False,0,0.1817319311817603,0.03605641490329371,0.6304589669275202,0.0025830795016976655,0.001,39.918487441032504,39.92169180871261,60501,1.3592901229858398,1.1025677919387817,0.10311262664770675
1.0523943672069436e-07,0.007564151659607887,512,False,0,0.07068199102777807,0.018451169759560584,0.49462065245626213,0.0013628988175646898,0.001,40.31135960512082,40.31079267605803,60749,1.3510165214538574,1.104232668876648,0.05494030434024416
1.0733491251357918e-07,0.005887534469366074,512,False,0,0.07170019912124616,0.01810298430123249,0.36498534501996566,0.0014164882800547314,0.001,40.31079267605803,40.310196132164066,60750,1.3510679006576538,1.1041254997253418,0.057099765385352295
1.0454094478973275e-07,0.0027543227188289165,512,False,0,0.06941661341358653,0.017749603558448006,0.19048419394411795,0.001350249531014582,0.001,40.310196132164066,40.30961294399053,60751,1.3511056900024414,1.1040416955947876,0.05442882342256034
1.301523013808037e-07,0.000312287564156577,512,False,0,0.006585752402369269,0.003779628977751257,0.0047645935886559765,0.0004131144300585087,0.001,40.44868346951349,40.44571600585664,60999,1.3420095443725586,1.1039280891418457,0.016709934818125088
1.3061797687896615e-07,0.0002556366380304098,512,False,0,0.005928515520058402,0.0037040371959313847,0.0033158010983148044,0.00040538055885395026,0.001,40.44571600585664,40.44277131696523,61000,1.3419628143310547,1.103904366493225,0.016395906957702325
1.308507933117653e-07,0.0003019527648575604,512,False,0,0.005302645055489427,0.003629960893463461,0.004852515203953873,0.00040793229969411724,0.001,40.44277131696523,40.43982221887049,61001,1.3419175148010254,1.1038812398910522,0.01649791270933291
2.4284230448756716e-07,7.026486855465919e-05,512,False,0,0.00010458941438069441,2.421102134851407e-05,0.0002844825343160253,0.00030323607848052624,0.001,39.900522748088804,39.898762798991974,61249,1.3323906660079956,1.0982928276062012,0.01209927804745348
2.423766432002594e-07,6.615150050492957e-05,512,False,0,0.00010278742504662073,2.3726817045493046e-05,0.0002498594062805148,0.00030970644231546565,0.001,39.898762798991974,39.896990920164434,61250,1.332353949546814,1.0982587337493896,0.012356903879264454
2.3981550612006686e-07,6.401830614777282e-05,512,False,0,0.00010184728660232433,2.3252287941784647e-05,0.00022017337882756263,0.0003235133291374827,0.001,39.896990920164434,39.895210645845516,61251,1.332316517829895,1.0982249975204468,0.012907208355150315
3.622844246820023e-07,1.611360494280234e-05,512,False,0,1.473951499533647e-05,1.5511653095950464e-07,3.934824168408152e-05,0.000431184830463559,0.001,39.50740299903169,39.50619972652853,61499,1.323624849319458,1.0870648622512817,0.017034992864192983
3.6251725532565615e-07,1.6103593225125223e-05,512,False,0,1.4144001476485325e-05,1.5201436366257481e-07,3.679255802265442e-05,0.0004187767674526879,0.001,39.50619972652853,39.505023140109124,61500,1.3235950469970703,1.0870260000228882,0.01654427861581588
3.6112027146373293e-07,1.6004643839551136e-05,512,False,0,1.378035956756419e-05,1.489743549490184e-07,3.7884899441994244e-05,0.00041067522043926926,0.001,39.505023140109124,39.50385973212728,61501,1.3235644102096558,1.0869858264923096,0.016223734086522747
2.3841855067985307e-07,4.571851604850963e-06,512,False,0,2.8387589884423724e-06,9.952484848159102e-10,8.954442112242713e-06,0.0003515731152915119,0.001,39.456624811226,39.45812225803996,61749,1.3167630434036255,1.0795925855636597,0.013871888503771086
2.3841855067985307e-07,4.596298822434619e-06,512,False,0,2.8537527494999893e-06,9.753545805430903e-10,1.010474476422622e-05,0.0003649460014546008,0.001,39.45812225803996,39.45965201432683,61750,1.3167372941970825,1.0795930624008179,0.014400083942978467
2.3841855067985307e-07,4.586054274113849e-06,512,False,0,2.775033509781525e-06,9.558599421654174e-10,9.620593090648114e-06,0.0003567641219920902,0.001,39.45965201432683,39.46116716577415,61751,1.3167140483856201,1.0795841217041016,0.014077788105004723
2.0954756152491427e-08,8.826606290313066e-07,512,False,0,4.994173070980794e-07,6.476730022624517e-12,2.434300603605998e-06,0.00030764469154356496,0.001,40.207649128273864,40.21125638237671,61999,1.3120752573013306,1.0769003629684448,0.012369669813759702
2.0954754376134588e-08,8.777711855145753e-07,512,False,0,4.816879905235972e-07,6.347834262002904e-12,2.0442922684059888e-06,0.0003053875497663391,0.001,40.21125638237671,40.214898620272145,62000,1.312058925628662,1.0769169330596924,0.012280017059640089
2.2584568881711675e-08,8.631028549643815e-07,512,False,0,4.6991910418247545e-07,6.222627757726047e-12,2.5066874101612775e-06,0.00029727774231886337,0.001,40.214898620272145,40.218549070275515,62001,1.312046766281128,1.0769201517105103,0.011954994269416477
9.313225191043273e-10,2.3981550612006686e-07,512,False,0,1.4174621405085193e-07,5.399631467364151e-14,7.334522326812954e-07,0.00020055768952656488,0.001,40.83026544829286,40.83156479003988,62249,1.3095120191574097,1.0773018598556519,0.00818882370106595
1.629814394554785e-09,2.3841852225814364e-07,512,False,0,1.4395112538576246e-07,5.3172576606299085e-14,9.451060244273175e-07,0.0001990987308305311,0.001,40.83156479003988,40.83285310694212,62250,1.3095126152038574,1.0773195028305054,0.008129512727521541
6.984918754504577e-10,2.4004833676372073e-07,512,False,0,1.5160128848267235e-07,5.247406972130116e-14,1.0510424658831623e-06,0.0002102100111933553,0.001,40.83285310694212,40.834145990695816,62251,1.309459924697876,1.0773223638534546,0.008583474508666936
1.1641531072470457e-09,1.5064139802234422e-07,512,False,0,1.0198842360860688e-07,9.356164767956778e-15,7.148290102753962e-07,0.0001742050721851831,0.001,40.98067724190936,40.98080214319665,62499,1.3134701251983643,1.0797276496887207,0.007139041837124511
1.1641531072470457e-09,1.4365647871272813e-07,512,False,0,1.0202873705997861e-07,9.227622613454784e-15,4.4090763474660463e-07,0.00017399239275576136,0.001,40.98080214319665,40.98093104011343,62500,1.3134572505950928,1.0797114372253418,0.007130347821945218
0.0,1.4528629321830522e-07,512,False,0,9.798621551897105e-08,9.358085239523099e-15,7.373783766881187e-07,0.0001706532839425192,0.001,40.98093104011343,40.98104640230676,62501,1.313431739807129,1.079725980758667,0.006993530461017276
1.3969837509009153e-09,1.2223607370742684e-07,512,False,0,9.498766237082666e-08,8.45072989957141e-15,8.19215777191464e-07,0.00016296407149001338,0.001,40.97080688924461,40.97066224893465,62749,1.318764090538025,1.0803298950195312,0.006676769502902391
1.8626450382086546e-09,1.278240091551197e-07,512,False,0,9.684383594424687e-08,8.50787150927404e-15,7.108543345466688e-07,0.0001617491650644933,0.001,40.97066224893465,40.97049737382913,62750,1.3188694715499878,1.080350637435913,0.0066269704109045355
2.0954755708402217e-09,1.2619419464954262e-07,512,False,0,9.820641198652691e-08,8.656381753597437e-15,8.178815336010897e-07,0.00016752350617433106,0.001,40.97049737382913,40.97033652669777,62751,1.3188984394073486,1.0803207159042358,0.006863521369770079
2.3283062144940914e-09,1.0291113028415566e-07,512,False,0,8.347018379608993e-08,7.429189374544603e-15,4.2614154611067806e-07,0.0001500736390661729,0.001,40.90063307863012,40.90023925131673,62999,1.3235106468200684,1.0806269645690918,0.006138106846220309
2.3283062977608182e-10,1.0523943672069436e-07,512,False,0,8.454565241594384e-08,7.355277066191466e-15,5.610587400305918e-07,0.0001504151063223294,0.001,40.90023925131673,40.899847737860284,63000,1.3235833644866943,1.0806266069412231,0.006152013835595516
1.8626450382086546e-09,1.0826623508819466e-07,512,False,0,8.838276790477485e-08,7.354406694968932e-15,6.734965098255575e-07,0.00015749270162285545,0.001,40.899847737860284,40.89944641790892,63001,1.3237038850784302,1.080618143081665,0.006441427516199049
2.3283062977608182e-10,1.0081565449127083e-07,512,False,0,8.722119549235913e-08,1.1619443371310176e-14,9.351587512545685e-07,0.00014839735672799904,0.001,40.786707899007354,40.78621269483592,63249,1.3294733762741089,1.080727458000183,0.006052639641849691
6.984918754504577e-10,9.383073518165475e-08,512,False,0,7.861369052080032e-08,1.1476560023342036e-14,4.6393113036249984e-07,0.00013956931726533803,0.001,40.78621269483592,40.78572277483384,63250,1.3294684886932373,1.0807130336761475,0.005692503859657112
1.1641531072470457e-09,1.0314396092780953e-07,512,False,0,9.113827800205127e-08,1.1684502884244692e-14,7.869937580332489e-07,0.00015276454235233316,0.001,40.78572277483384,40.78526289702524,63251,1.3295594453811646,1.0806925296783447,0.0062306122742066235
4.6566125955216364e-10,9.03382755268467e-08,512,False,0,8.479310112515526e-08,1.1963207989738788e-14,7.401538628043453e-07,0.00014364322825862144,0.001,40.6710588113013,40.670637214461465,63499,1.3368622064590454,1.08107590675354,0.0058421221843515695
9.313225191043273e-10,8.521600136646157e-08,512,False,0,9.678372293815527e-08,1.2013505139419782e-14,8.160933023993264e-07,0.00016101812792226793,0.001,40.670637214461465,40.67021719205394,63500,1.3369096517562866,1.0810394287109375,0.0065487098656783075
1.1641531072470457e-09,1.0756774315723305e-07,512,False,0,9.716969601475006e-08,1.228791557190468e-14,9.980908881579935e-07,0.0001607764852006369,0.001,40.67021719205394,40.66976373847597,63501,1.3368345499038696,1.0810656547546387,0.006538814572484948
1.3969837509009153e-09,9.26665819633854e-08,512,False,0,8.080910278763548e-08,1.3381422281732457e-14,6.660761571481204e-07,0.00013936690441826763,0.001,40.571942073964564,40.57159953969238,63749,1.3420621156692505,1.0813920497894287,0.005654385973085711
1.1641531072470457e-09,7.054767792169514e-08,512,False,0,8.557581859465588e-08,1.3206592870722545e-14,6.216721722529848e-07,0.0001442850465914993,0.001,40.57159953969238,40.57124975158521,63750,1.3421831130981445,1.0813581943511963,0.005853875129876167
0.0,1.0306635545020981e-07,96,True,0,1.0418679255801307e-07,1.3362406069295293e-14,1.134555579318622e-06,0.00017536664429220334,0.001,40.57124975158521,40.57086861002927,63751,1.3422056436538696,1.081398844718933,0.007114843923676387
1.3969837509009153e-09,9.522771904357796e-08,512,False,0,9.110779670471706e-08,1.3663733700492885e-14,9.767170375663023e-07,0.00015123416241427797,0.001,40.48986993145962,40.489551950572086,63999,1.3462740182876587,1.0817320346832275,0.006123451565347355
2.561136858147961e-09,6.915069405977192e-08,512,False,0,9.490873990800431e-08,1.3562365962785996e-14,8.491962672802159e-07,0.00015963589722203193,0.001,40.489551950572086,40.48924701710817,64000,1.3464133739471436,1.0817012786865234,0.006463585953747648
1.629814394554785e-09,1.1315567860492592e-07,512,False,0,9.373777126804758e-08,1.3769077840835574e-14,1.110815220149122e-06,0.0001534932413746317,0.001,40.48924701710817,40.48894907108319,64001,1.3463584184646606,1.0817298889160156,0.006214825765474071
1.462176157929207e-07,0.01612035185098648,512,False,0,0.19452455909887278,0.3547045544758445,1.001351659039424,0.0013223276251146114,0.001,41.01949432205038,41.016482970662594,64249,1.3586541414260864,1.0882134437561035,0.054241210510279164
1.49244414160421e-07,0.00949737336486578,512,False,0,0.1885675020549167,0.3476275366549033,0.7422935698906787,0.0013164618070621032,0.001,41.016482970662594,41.013563071292566,64250,1.3585237264633179,1.08819580078125,0.05399663329089047
1.4342364806907426e-07,0.009785596281290054,512,False,0,0.186689345791418,0.340748052211785,1.0644431432003527,0.001275027980412993,0.001,41.013563071292566,41.01070441028479,64251,1.3584119081497192,1.0881695747375488,0.05229344049233107
1.294538236606968e-07,0.026549458503723145,512,False,0,0.25696305785769874,0.027085685224038907,1.2494049862400198,0.0024844540025607226,0.001,41.61318394361842,41.61640943328148,64499,1.354196548461914,1.0941026210784912,0.10338604140801837
1.2922099301704293e-07,0.012900121510028839,512,False,0,0.2404159476191214,0.026586333659235236,0.6156793183903357,0.0023453941933869586,0.001,41.61640943328148,41.6197240950985,64500,1.3542149066925049,1.0940643548965454,0.09760688503443263
1.2596136400588875e-07,0.01783330738544464,512,False,0,0.22611228719586635,0.026208943660660827,0.9048906620120354,0.002282058252063684,0.001,41.6197240950985,41.62296086014538,64501,1.3543651103973389,1.0939998626708984,0.09497863481983328
1.7671843011157762e-07,0.00011247569636907429,512,False,0,0.0008967189596282825,0.002855139081207246,0.0012660892127945025,0.0004179664952670432,0.001,41.97937667007889,41.97641998867771,64749,1.3510336875915527,1.0950652360916138,0.017545972940287955
1.86264500712241e-07,0.00010943548841169104,96,True,0,0.000850437939002048,0.0027980365829106016,0.0016263935486938532,0.00034330132850860987,0.001,41.97641998867771,41.973440267474764,64750,1.3509947061538696,1.0950582027435303,0.014410560748148424
1.7625276882426988e-07,0.00010636227671056986,512,False,0,0.0008240862848725811,0.0027420763108820696,0.0013860034559584878,0.0003158408484166814,0.001,41.973440267474764,41.97042901691346,64751,1.3509552478790283,1.0950512886047363,0.013256926985046127
8.195637946073475e-08,2.1177045709919184e-05,512,False,0,5.811720783990877e-05,1.828769920534292e-05,0.00012707991543379224,0.00036432072063605117,0.001,41.1844974195325,41.181196894956386,64999,1.340932011604309,1.0909630060195923,0.01500436577891767
8.07922262424654e-08,2.090440466417931e-05,512,False,0,5.765554079156718e-05,1.7921946961229896e-05,0.00012034419581796492,0.0003693471257933156,0.001,41.181196894956386,41.177911740264776,65000,1.340893030166626,1.0909396409988403,0.015210156709880756
7.986090366784993e-08,2.0228282664902508e-05,512,False,0,5.701902002180635e-05,1.7563509782429412e-05,0.00013038320089442962,0.0003723311174872022,0.001,41.177911740264776,41.174617828840546,65001,1.3408540487289429,1.090916395187378,0.015331817894042166
7.77654278749651e-08,3.730637672560988e-06,512,False,0,6.23873690754577e-06,1.1714006166064415e-07,1.4466722518914959e-05,0.0002480099107044269,0.001,40.378528250699084,40.375496100802394,65249,1.3314626216888428,1.0834640264511108,0.01001427518583206
7.916241173688832e-08,3.7869822335778736e-06,512,False,0,6.008367802083224e-06,1.1479729931128362e-07,1.692108328656484e-05,0.0002413638482919932,0.001,40.375496100802394,40.37247434434074,65250,1.3314257860183716,1.0834277868270874,0.009745185115588032
8.172354881708088e-08,3.885003025061451e-06,512,False,0,5.937530697100265e-06,1.1250140476740249e-07,2.117442473292546e-05,0.00023689806867670758,0.001,40.37247434434074,40.36946385207452,65251,1.3313878774642944,1.0833879709243774,0.009564161199874247
1.1920928244535389e-07,1.3539092833525501e-06,512,False,0,1.344660817766068e-06,7.505188742145499e-10,3.6610041723143077e-06,0.0002239173297072752,0.001,39.76062476066994,39.759132301687295,65499,1.3230403661727905,1.075369954109192,0.008903092923902182
1.1920928244535389e-07,1.3355156625038944e-06,512,False,0,1.3061525669870233e-06,7.355102570042756e-10,4.180402382127748e-06,0.00021915050734818082,0.001,39.759132301687295,39.75765624177709,65500,1.3230082988739014,1.075345754623413,0.008713234015638215
1.1920928244535389e-07,1.3459930414683186e-06,512,False,0,1.2706264859967085e-06,7.208029773733465e-10,4.658667333469515e-06,0.00021679733271080467,0.001,39.75765624177709,39.75617848074522,65501,1.3229767084121704,1.0753198862075806,0.008619353828050349
3.104408463627806e-08,5.190570959712204e-07,96,True,0,3.756706788568832e-07,4.827913726095221e-12,3.222000084653455e-06,0.0002580015508459706,0.001,39.86150960990103,39.86358933552326,65749,1.3160333633422852,1.0721628665924072,0.010284331298416027
2.607702853651972e-08,5.061737056166749e-07,512,False,0,3.503338780399447e-07,4.7317008607460106e-12,2.1626233062463124e-06,0.00024886659661804076,0.001,39.86358933552326,39.86566766273619,65750,1.3160042762756348,1.0721837282180786,0.0099207158069109
2.0954754376134588e-08,4.982574637324433e-07,512,False,0,3.5361882889593967e-07,4.637381768302915e-12,1.5343389424926158e-06,0.000251132078174718,0.001,39.86566766273619,39.86773520808851,65751,1.3159708976745605,1.0721956491470337,0.010011547967965594
4.6566125955216364e-10,2.0535659928100358e-07,512,False,0,1.2647799575789725e-07,4.795928103627568e-14,8.369321937159234e-07,0.0001894059818429556,0.001,40.369588190607075,40.37114006024884,65999,1.3118261098861694,1.0736348628997803,0.007646241487837718
0.0,2.1001321215408097e-07,512,False,0,1.422324217969939e-07,4.729477970313493e-14,9.394593730264316e-07,0.00020113399272806,0.001,40.37114006024884,40.372681835818454,66000,1.31184983253479,1.0736455917358398,0.008120008591301582
9.313225191043273e-10,2.0535659928100358e-07,512,False,0,1.287843825740902e-07,4.6722412216501654e-14,9.840822814235963e-07,0.0001938972175457673,0.001,40.372681835818454,40.3742343990892,66001,1.3118032217025757,1.0736565589904785,0.007828150672825739
3.4924594327634395e-09,1.278240091551197e-07,512,False,0,1.0655338991178075e-07,4.511448386215752e-14,7.489925514547252e-07,0.00017203666762211775,0.001,40.63697232401554,40.63768927064127,66249,1.313861608505249,1.077400803565979,0.006991049300875859
6.51925713412993e-09,1.3038514623531228e-07,512,False,0,1.1821261481680773e-07,4.439046779734648e-14,8.675362612053558e-07,0.000184958584768318,0.001,40.63768927064127,40.63839317009949,66250,1.313968300819397,1.0773649215698242,0.00751628949575247
5.122273716295922e-09,1.4132817227618943e-07,512,False,0,1.1435543501725587e-07,4.35549646464486e-14,5.75268507728802e-07,0.00018064625042732579,0.001,40.63839317009949,40.639100433348275,66251,1.3140196800231934,1.0773420333862305,0.0073411733495699185
0.0,1.2153758177646523e-07,512,False,0,1.0370446616695873e-07,2.4050522597087812e-14,9.074281274637591e-07,0.0001674457080701057,0.001,40.78252291123504,40.782958981276614,66499,1.3174152374267578,1.0800281763076782,0.00682885842575706
4.6566125955216364e-10,1.224689043510807e-07,512,False,0,1.06515019674888e-07,2.374213633926113e-14,8.125520192980511e-07,0.00016957388312919755,0.001,40.782958981276614,40.78336180912957,66500,1.317439079284668,1.0800763368606567,0.006915724719953858
6.053595846822191e-09,1.315492852427269e-07,512,False,0,1.0072890200130226e-07,2.345830169415366e-14,8.494053868029944e-07,0.00016373208007152174,0.001,40.78336180912957,40.78380105689976,66501,1.3173929452896118,1.0801019668579102,0.006677544661318245
0.0,9.592621097453957e-08,512,False,0,9.875212370455648e-08,2.9754519692181924e-14,6.787840750971418e-07,0.00015835042261261965,0.001,40.850640036490304,40.850670152717456,66749,1.3209786415100098,1.0834803581237793,0.00646871611377424
0.0,1.0780057380088692e-07,512,False,0,9.442540677831785e-08,2.9504196441908566e-14,8.141293067218225e-07,0.00015440921012068357,0.001,40.850670152717456,40.85071762660666,66750,1.3209412097930908,1.083509087562561,0.006307719711181686
0.0,1.1431983182319527e-07,512,False,0,9.914490431265486e-08,2.915272007942374e-14,7.916123673928353e-07,0.00015851455214660525,0.001,40.85071762660666,40.85075391334038,66751,1.3208929300308228,1.0835425853729248,0.006475433209448988
2.561136858147961e-09,1.064035899389637e-07,512,False,0,1.1746599914832922e-07,3.5128490284143373e-14,1.644374940563912e-06,0.00015911509247371956,0.001,40.84636402357749,40.84632442381163,66999,1.3244479894638062,1.0865304470062256,0.006499272988826744
1.1641531072470457e-09,5.750916187707844e-08,512,False,0,1.2438522268483095e-07,3.4993881041138105e-14,1.2418851381591982e-06,0.00017615594418690937,0.001,40.84632442381163,40.846242720601126,67000,1.3244682550430298,1.086509108543396,0.007195322845441355
2.7939675018018306e-09,1.2270173499473458e-07,512,False,0,1.4135577001639432e-07,3.686370669120422e-14,1.8736844997489564e-06,0.00016955349922340103,0.001,40.846242720601126,40.846198693123995,67001,1.3244456052780151,1.0864866971969604,0.006925623383406293
2.3283062977608182e-10,9.662470290550118e-08,512,False,0,1.033850648609352e-07,3.1445158491984945e-14,9.010749061803449e-07,0.00015090355788571273,0.001,40.82912080461587,40.82907369378922,67249,1.329933524131775,1.0895146131515503,0.006161259594762108
2.3283062977608182e-10,8.242203364261513e-08,512,False,0,9.740005132704163e-08,3.1252174058435925e-14,9.203832789950426e-07,0.00014698428739677068,0.001,40.82907369378922,40.829025508523976,67250,1.3299331665039062,1.089492678642273,0.006001232301951844
0.0,1.0407528350242501e-07,512,False,0,9.847652257043311e-08,3.096624791040901e-14,9.397077610234166e-07,0.00015084187808733359,0.001,40.829025508523976,40.829001208370784,67251,1.3299685716629028,1.0894933938980103,0.006158726888181407
0.0,7.869675044958058e-08,512,False,0,9.320399258298525e-08,2.6671832532942995e-14,7.927435160263724e-07,0.00015127593131161862,0.001,40.81206377639243,40.81199699061067,67499,1.33522367477417,1.0923229455947876,0.006173882956522939
0.0,9.220092067607766e-08,512,False,0,9.25332957184394e-08,2.6192030762610713e-14,5.487835892753273e-07,0.00014995456716834443,0.001,40.81199699061067,40.811932045552254,67500,1.3351820707321167,1.0923128128051758,0.006119945344002799
4.6566125955216364e-10,9.941867062934762e-08,512,False,0,9.513562899407462e-08,2.577043288196582e-14,7.650608315095682e-07,0.0001474735398249943,0.001,40.811932045552254,40.81188231980006,67501,1.3352115154266357,1.0922925472259521,0.006018680085854712
0.0,8.149071817342701e-08,512,False,0,1.1881243310112732e-07,3.1472767759623446e-14,1.2342178267807791e-06,0.00017829350900546294,0.001,40.79935792104927,40.7993744921424,67749,1.3392306566238403,1.0946004390716553,0.007274260688913704
0.0,9.988433191665536e-08,512,False,0,1.1224865855539493e-07,3.139358222771498e-14,1.2337653789156396e-06,0.00016250268791915474,0.001,40.7993744921424,40.79937440828582,67750,1.3393014669418335,1.0946615934371948,0.006630008020393339
0.0,8.917412941400471e-08,512,False,0,1.0896353216951617e-07,3.1090934157943357e-14,9.965243621625075e-07,0.00016309701611902282,0.001,40.79937440828582,40.79935816114211,67751,1.3393547534942627,1.0946992635726929,0.00665425622551424
0.0,9.173525938876992e-08,512,False,0,8.857787575932293e-08,2.7740922633348667e-14,7.190320790209516e-07,0.00013588420556960337,0.001,40.792167958597474,40.7921310012781,67999,1.3428287506103516,1.0970990657806396,0.005543011336515848
0.0,6.891786341611805e-08,512,False,0,9.288056716787902e-08,2.748066788556e-14,8.671386842640952e-07,0.00014228314774793383,0.001,40.7921310012781,40.792062492118326,68000,1.3427808284759521,1.0970977544784546,0.005804032802207924
0.0,1.0780057380088692e-07,512,False,0,8.955888934188333e-08,2.7139678263244556e-14,8.922022438580633e-07,0.00013449844319035482,0.001,40.792062492118326,40.79204106597352,68001,1.3427931070327759,1.0970711708068848,0.00548646889971358
0.0,1.0593792865165597e-07,512,False,0,1.375303384576191e-07,3.0892836705427974e-14,1.7539118397103181e-06,0.00020368547407145763,0.001,40.795489320281746,40.79549247757033,68249,1.3467713594436646,1.0989923477172852,0.008309448582178674
0.0,6.356275861207905e-08,512,False,0,1.0415754524981854e-07,3.0782265545562354e-14,1.147380076795247e-06,0.00015376127674672073,0.001,40.79549247757033,40.7954402239902,68250,1.346730351448059,1.0989909172058105,0.006272767008862455
0.0,9.406356582530861e-08,512,False,0,1.3270077720263149e-07,3.0521240934416215e-14,1.3311576499582857e-06,0.00019631996381431701,0.001,40.7954402239902,40.795371879788625,68251,1.3467239141464233,1.0989702939987183,0.008008959348562888
6.237530669750413e-07,0.002387570682913065,512,False,0,0.10820367702943605,8.242212146488981,0.15532184207526734,0.0009572229195887359,0.001,41.16323753115185,41.15986678178572,68499,1.3508434295654297,1.09831964969635,0.0394023944092938
6.225889137567719e-07,0.0023391167633235455,512,False,0,0.09795334348445435,8.077368381888313,0.12149596257296866,0.0008861186033429554,0.001,41.15986678178572,41.15646005905728,68500,1.3507905006408691,1.098307728767395,0.03647252366645807
6.067564868317277e-07,0.003930841572582722,512,False,0,0.09632594243007261,7.915831000722655,0.4750053661758219,0.0008406711584510698,0.001,41.15646005905728,41.15302986074593,68501,1.3507410287857056,1.0982944965362549,0.03459904895559287
5.525070037037949e-07,0.018141381442546844,512,False,0,0.17377416235241916,0.06448868129420852,0.7729163662329239,0.0015279606282656132,0.001,40.64036415299524,40.638530250550694,68749,1.3525464534759521,1.0997952222824097,0.062096876344153916
5.555338020712952e-07,0.024129534140229225,512,False,0,0.1670493516495851,0.06327373306235119,1.0818738737010751,0.0016272136058169064,0.001,40.638530250550694,40.63645331901506,68750,1.3526268005371094,1.099774718284607,0.06612756934409803
5.536711569220643e-07,0.01471050176769495,512,False,0,0.18190782078826395,0.062081083771002424,0.954702680578201,0.0017638835369804126,0.001,40.63645331901506,40.63422633290212,68751,1.3527703285217285,1.0997600555419922,0.07167797101068371
1.6554255921619188e-07,0.032186999917030334,512,False,0,0.2730412493781584,0.039849163254467634,1.5202808534054126,0.002926090126932415,0.001,41.159493506953986,41.16075805138993,68999,1.3590857982635498,1.1279687881469727,0.1204363875802369
1.669395430781151e-07,0.02849443070590496,512,False,0,0.23497006389427139,0.03931332633702319,1.0475605303544366,0.002815933429496076,0.001,41.16075805138993,41.16205260728906,69000,1.3591398000717163,1.1279704570770264,0.11590595458030865
1.6111877698676835e-07,0.05532369017601013,512,False,0,0.25397150849512695,0.039207048711627425,1.8423523727820295,0.003003374077790878,0.001,41.16205260728906,41.16306327355873,69001,1.359124779701233,1.1280063390731812,0.12362504178939639
1.6205009956138383e-07,0.01732802763581276,512,False,0,0.18418776392020403,0.025387131948598592,0.9222524455521764,0.002664910335106169,0.001,41.66605175086746,41.66696221922886,69249,1.356920599937439,1.1485967636108398,0.11103629193395519
1.552980108954216e-07,0.01079220324754715,512,False,0,0.17152778447220562,0.02492280146408949,0.5933631432052648,0.002508106726478923,0.001,41.66696221922886,41.6680547270223,69250,1.3569461107254028,1.1486319303512573,0.10450518821399105
1.5576367218272935e-07,0.006841210648417473,512,False,0,0.1544040244895066,0.024451634847192042,0.36926410450707914,0.0023223671354392025,0.001,41.6680547270223,41.66935994849908,69251,1.3569051027297974,1.1487127542495728,0.0967685208957187
9.802167255656968e-08,0.017357133328914642,512,False,0,0.17187878425183367,0.01141942983051329,0.6970444927238696,0.0027695392198540383,0.001,41.94607519391633,41.94942647412185,69499,1.3555047512054443,1.149989366531372,0.11617130036849786
8.963978359588509e-08,0.04714544117450714,512,False,0,0.17578886466524912,0.011568821736945366,1.5004663016249569,0.002941067069740702,0.001,41.94942647412185,41.95297762974211,69500,1.355557918548584,1.1498628854751587,0.12337607679754857
8.218920299896126e-08,0.022939229384064674,512,False,0,0.18184857580881947,0.011403051637546733,0.8561587862059477,0.002960512608451424,0.001,41.95297762974211,41.95658400820298,69501,1.3557072877883911,1.1496516466140747,0.12420231923493205
6.263143603746357e-08,0.027854803949594498,512,False,0,0.20598651754542027,0.005982925951690162,0.944845282413012,0.004060852345912604,0.001,42.39473600784642,42.39905032938533,69749,1.3664031028747559,1.147382378578186,0.1721587631718087
6.705521116145974e-08,0.04542548209428787,512,False,0,0.18212711540756618,0.006161154294268589,1.1746114163480557,0.004072812136501067,0.001,42.39905032938533,42.40336894107425,69750,1.3665800094604492,1.1472119092941284,0.17268336675764015
6.705521116145974e-08,0.04660502448678017,512,False,0,0.20538118906579508,0.006464633418618403,1.399914826472291,0.004255591501265403,0.001,42.40336894107425,42.40757316486483,69751,1.3672419786453247,1.1469522714614868,0.1804514164906569
1.43889309356382e-07,0.004105856642127037,512,False,0,0.10820199957631578,0.0058360932471477715,0.25302907239945494,0.0024507750466196366,0.001,42.89303503864677,42.89290996109979,69999,1.3966295719146729,1.1509323120117188,0.10512117994649725
1.3457608361022722e-07,0.022731110453605652,512,False,0,0.13271831961319192,0.005960124110707577,0.9512409337051205,0.0026648816206765683,0.001,42.89290996109979,42.89265354963766,70000,1.3972790241241455,1.1509379148483276,0.11430452741266973
1.3899986583965074e-07,0.0067792669869959354,512,False,0,0.12710271530925388,0.005876144532312025,0.4283814724292774,0.0026279076582005727,0.001,42.89265354963766,42.892557807842785,70001,1.397911787033081,1.1509507894515991,0.11271793274363677
1.4784743029849778e-07,0.02297069877386093,512,False,0,0.14896551389187726,0.011158541269186409,0.975929080508905,0.003807227053779006,0.001,43.3503464790056,43.3565220572168,70249,1.428916335105896,1.1438406705856323,0.1650446119055636
1.5250404317157518e-07,0.06504299491643906,512,False,0,0.18955836943756008,0.011297127473085672,1.3995938988248964,0.004114819480549985,0.001,43.3565220572168,43.3619939682644,70250,1.429502248764038,1.14353609085083,0.1784042615699308
1.4365647871272813e-07,0.021550467237830162,512,False,0,0.19553965646528987,0.011124530339401724,0.7300213217542652,0.0041041829830872215,0.001,43.3619939682644,43.367495522385674,70251,1.4300121068954468,1.143155574798584,0.17796555775728148
1.3108362395541917e-07,9.719936497276649e-05,512,False,0,0.00022201533460330824,0.00015812224312344744,0.00040167831396761936,0.0002886888878280423,0.001,43.2885523391786,43.286717234485934,70499,1.4286701679229736,1.1373614072799683,0.01249692403048347
1.2503004143127328e-07,9.090122330235317e-05,512,False,0,0.00021824218267912663,0.00015495981839753158,0.00033897745196160667,0.0003116837469765846,0.001,43.286717234485934,43.284885356576694,70500,1.4285911321640015,1.1373379230499268,0.013491766221960477
1.285224868752266e-07,9.137825691141188e-05,512,False,0,0.00021989015175644518,0.0001518606584036057,0.00039041307343254866,0.00033023092404890547,0.001,43.284885356576694,43.283069489265166,70501,1.4285093545913696,1.1373145580291748,0.014294007688653259
1.3737005133407365e-07,3.1046278309077024e-05,512,False,0,2.9718887659781548e-05,1.0128637357315859e-06,6.366088574263987e-05,0.0003215840018863662,0.001,42.930766875655145,42.92955425991197,70749,1.4115042686462402,1.1284958124160767,0.013805847815923832
1.3969835777061235e-07,3.114964783890173e-05,512,False,0,2.9214081784252627e-05,9.92606899612575e-07,7.250438533919647e-05,0.0003271732214642817,0.001,42.92955425991197,42.928345949248616,70750,1.4114484786987305,1.128446102142334,0.014045400563241075
1.378357126213814e-07,3.169235787936486e-05,512,False,0,2.9410672490734944e-05,9.72755209872704e-07,7.642022602104185e-05,0.000328068170318236,0.001,42.928345949248616,42.92716064147758,70751,1.4113950729370117,1.1283951997756958,0.014083423910358252
2.1862794596927415e-07,7.559515324828681e-06,512,False,0,4.833886290223249e-06,6.490431952413643e-09,1.3346483748188748e-05,0.000339253044330298,0.001,42.77526084437171,42.77545194526578,70999,1.3973841667175293,1.1183565855026245,0.014511637463475694
2.2072342176215898e-07,7.535300937888678e-06,512,False,0,4.748186542493381e-06,6.360644010383479e-09,1.308435005145472e-05,0.00034483989573215153,0.001,42.77545194526578,42.775638065146154,71000,1.3973050117492676,1.118341326713562,0.014750682388701109
2.174637927510048e-07,7.479655323550105e-06,512,False,0,4.668594297472918e-06,6.233448335458992e-09,1.3137558831686138e-05,0.000337492948106123,0.001,42.775638065146154,42.77583328886722,71001,1.3972419500350952,1.1183243989944458,0.01443647619772667
4.656612162534657e-08,1.6125836737046484e-06,512,False,0,9.107945822035309e-07,4.170242306503085e-11,2.8506741355909223e-06,0.00032629926164751474,0.001,43.11216086446536,43.114586748715254,71249,1.3844293355941772,1.1155215501785278,0.014067466258103928
8.172354881708088e-08,1.6314428421537741e-06,512,False,0,8.899870738872345e-07,4.086906530951672e-11,2.6890907642818415e-06,0.00031579314156392614,0.001,43.114586748715254,43.11702302626277,71250,1.3843883275985718,1.1155188083648682,0.013615290796607211
1.0896473412458363e-07,1.5944228834996466e-06,512,False,0,9.002489466010977e-07,4.005284525989286e-11,2.682991148683014e-06,0.00030344756242572696,0.001,43.11702302626277,43.119463719700754,71251,1.384348750114441,1.1155163049697876,0.013083755536373379
2.561136858147961e-09,3.5087572314296267e-07,512,False,0,1.9453222062658938e-07,2.7643025544507664e-13,7.29150473561346e-07,0.00021279637685041344,0.001,43.69444259630366,43.69618644088595,71499,1.3735109567642212,1.1149526834487915,0.00929801907299179
1.629814394554785e-09,3.4947873928103945e-07,512,False,0,1.8431857432155418e-07,2.7099253382165135e-13,7.810030694397988e-07,0.00020843059419679293,0.001,43.69618644088595,43.69792745431349,71500,1.373442530632019,1.1149653196334839,0.009107622104007706
2.561136858147961e-09,3.408640054658463e-07,512,False,0,1.8557707415093796e-07,2.657646432408125e-13,9.14858167039615e-07,0.0002084637808731548,0.001,43.69792745431349,43.69965645232661,71501,1.373388648033142,1.1149752140045166,0.009109435173447023
3.259628567064965e-09,1.7206181723850023e-07,512,False,0,1.055681500970542e-07,1.034345006962107e-14,5.873819235099666e-07,0.0001663509166972614,0.001,43.94433039395503,43.94473400263228,71749,1.3642996549606323,1.1168817281723022,0.0073101796446817455
2.7939675018018306e-09,1.7206181723850023e-07,512,False,0,1.0658552159889186e-07,1.0288083211425252e-14,5.962309059215409e-07,0.00016673314363021367,0.001,43.94473400263228,43.945149697496326,71750,1.3643314838409424,1.1168758869171143,0.007327043646252422
1.3969837509009153e-09,1.6577538985984575e-07,512,False,0,1.033823246684264e-07,1.0174193623478536e-14,5.386914593671778e-07,0.00016364491045137565,0.001,43.945149697496326,43.94556612643283,71751,1.3642573356628418,1.1168904304504395,0.007191400087019084
3.4924592107188346e-09,1.3038513202445756e-07,512,False,0,8.801972307700114e-08,9.111550094635822e-15,5.752732973912597e-07,0.00013923272070253268,0.001,43.98672540139684,43.98674097798866,71999,1.3557828664779663,1.1184383630752563,0.006124391452431687
2.3283062144940914e-09,1.4062968034522783e-07,512,False,0,9.834289282148024e-08,9.093265457867336e-15,7.019248926229833e-07,0.00015304754882362222,0.001,43.98674097798866,43.986748533095806,72000,1.355790376663208,1.1184576749801636,0.006732062887420743
1.8626450382086546e-09,1.4272515613811265e-07,512,False,0,9.358224317469882e-08,9.3211496266453e-15,7.527009817931752e-07,0.00014423662651971315,0.001,43.986748533095806,43.98677714690637,72001,1.355804443359375,1.1184898614883423,0.00634450021998468
5.587935003603661e-09,1.2665984172599565e-07,512,False,0,8.982838318486881e-08,8.290525487768986e-15,5.832144530252109e-07,0.0001423847231952428,0.001,43.97234838976345,43.97224940678349,72249,1.348636507987976,1.1195740699768066,0.006260990653721248
3.25962878910957e-09,1.264270252931965e-07,512,False,0,9.978685613767208e-08,8.431655772495361e-15,8.227299132723208e-07,0.00015394434497899878,0.001,43.97224940678349,43.97214077274642,72250,1.348641276359558,1.1195873022079468,0.006769279132180452
5.355104359949792e-09,1.1618247697242623e-07,512,False,0,8.6425830700222e-08,8.422987307874917e-15,6.114333986229193e-07,0.00013939975273811022,0.001,43.97214077274642,43.972027530918446,72251,1.348555564880371,1.1195909976959229,0.006129705551086226
4.1909511416804435e-09,1.1082737216838723e-07,512,False,0,8.255027818403638e-08,1.2654769141661776e-14,6.229599464821866e-07,0.0001319591219356556,0.001,43.91978605202903,43.91945084453426,72499,1.3429750204086304,1.1207431554794312,0.005795616403027605
2.0954755708402217e-09,1.0267829964050179e-07,512,False,0,8.574939207598661e-08,1.2501133016694337e-14,6.05300555997879e-07,0.00013755328730393856,0.001,43.91945084453426,43.91913052887792,72500,1.3430505990982056,1.1207497119903564,0.006041264840249428
2.0954755708402217e-09,9.010544488319283e-08,512,False,0,8.575673879075411e-08,1.2351368068446662e-14,5.208836432636285e-07,0.00013946132106703446,0.001,43.91913052887792,43.91877669013769,72501,1.343146800994873,1.120741367340088,0.006125019963672838
2.3283062977608182e-10,8.963978359588509e-08,512,False,0,8.858457272522627e-08,1.2073284193111294e-14,8.81334176626228e-07,0.00013634155148110235,0.001,43.809225571442624,43.80876515785818,72749,1.3384528160095215,1.1221160888671875,0.00597301778359607
0.0,8.684582297746601e-08,512,False,0,8.463834339411904e-08,1.2092725725195547e-14,6.655050460206018e-07,0.0001351479958764312,0.001,43.80876515785818,43.808266119091904,72750,1.3384565114974976,1.122130274772644,0.00592066681290576
2.561136858147961e-09,9.313224325069314e-08,512,False,0,8.594737952123242e-08,1.1970794796027575e-14,6.081356338815238e-07,0.00013589224868098445,0.001,43.808266119091904,43.80778372571585,72751,1.338577389717102,1.1221458911895752,0.005953203793738382
6.7520877777837995e-09,8.847563037761574e-08,512,False,0,9.241690777264577e-08,1.8726638131193168e-14,6.112049966547736e-07,0.00013730303341709317,0.001,43.70028761877143,43.699871661003336,72999,1.334273338317871,1.1235198974609375,0.006000182051256757
1.8626450382086546e-09,9.941867062934762e-08,512,False,0,8.490903800589135e-08,1.880067994883248e-14,8.531085448990153e-07,0.00012587993444997814,0.001,43.699871661003336,43.69949311675259,73000,1.3342736959457397,1.123518705368042,0.005500936980159557
3.725290076417309e-09,8.319814526203118e-08,96,True,0,9.334740555769578e-08,1.8558439887111302e-14,7.691375671852711e-07,0.00015190610141560342,0.001,43.69949311675259,43.699077654628745,73001,1.3343267440795898,1.1235302686691284,0.0066382196332038824
2.3283062977608182e-10,9.848734805473214e-08,512,False,0,8.935482670155283e-08,1.3293411496049158e-14,7.523505721940339e-07,0.00013656031206648762,0.001,43.60158206235883,43.60121608484855,73249,1.3301656246185303,1.1247446537017822,0.005954245653028291
2.7939675018018306e-09,8.405184814819222e-08,512,False,0,9.229028229372202e-08,1.3315212817831091e-14,7.614350433670572e-07,0.0001390381511613755,0.001,43.60121608484855,43.60082959786801,73250,1.330171823501587,1.124729037284851,0.00606223247282497
8.381902283360887e-09,9.452922711261635e-08,512,False,0,1.0161956946792456e-07,1.37251345323214e-14,1.064290058853047e-06,0.00014502242471948064,0.001,43.60082959786801,43.60045624952279,73251,1.3302232027053833,1.1247413158416748,0.006323098028063716
3.4924592107188346e-09,8.987261423953896e-08,512,False,0,8.708566218934706e-08,1.5831005791950232e-14,6.154473416107825e-07,0.00013196488301160487,0.001,43.51509763984886,43.514766745835814,73499,1.3363295793533325,1.1261787414550781,0.005742464769281219
4.656612428988183e-09,1.0314396092780953e-07,512,False,0,9.08103648248725e-08,1.5696281349548634e-14,7.914788950189384e-07,0.0001382635989758237,0.001,43.514766745835814,43.514466703612584,73500,1.3363864421844482,1.1261847019195557,0.0060165082588727525
5.355104359949792e-09,8.544883201011544e-08,512,False,0,8.72079838920334e-08,1.5523634714809726e-14,6.683616885076683e-07,0.00013411894558686013,0.001,43.514466703612584,43.51413088931545,73501,1.3364382982254028,1.1261863708496094,0.005836114392063053
1.0943039363553453e-08,9.383073518165475e-08,512,False,0,1.0090970988894489e-07,1.9734552345912455e-14,9.098351185403725e-07,0.00014016353488101576,0.001,43.43893242053647,43.43865540505079,73749,1.3414679765701294,1.127236008644104,0.006088554319519949
3.4924594327634395e-09,8.870846102126961e-08,512,False,0,9.626927421644805e-08,1.9943617492361826e-14,1.1005646570028224e-06,0.0001413286835430552,0.001,43.43865540505079,43.438399235013534,73750,1.3414889574050903,1.1272333860397339,0.006139127983276246
9.313225191043273e-10,7.986089656242257e-08,512,False,0,9.580672768312443e-08,1.9690146685646008e-14,6.258935594933975e-07,0.0001425189019977692,0.001,43.438399235013534,43.43813208746292,73751,1.3415501117706299,1.1272475719451904,0.0061907929635148665
3.4924594327634395e-09,8.847563037761574e-08,512,False,0,9.23405684578627e-08,1.957791304520696e-14,7.289458506738439e-07,0.00013453327233209995,0.001,43.37832114832756,43.37813810692949,73999,1.3454039096832275,1.1283067464828491,0.005835827492357242
1.1175870007207322e-08,8.692343556049309e-08,96,True,0,1.1638263978988695e-07,1.9558995929813232e-14,1.1873065444769762e-06,0.0001767135738225396,0.001,43.37813810692949,43.37789847375063,74000,1.3453916311264038,1.1283072233200073,0.007665505810643202
4.6566125955216364e-10,8.381902460996571e-08,512,False,0,1.0849718849342134e-07,1.9358414870430897e-14,7.776841157766521e-07,0.00015810868762337326,0.001,43.37789847375063,43.37766267754716,74001,1.3454231023788452,1.1283048391342163,0.006858422599544639
1.629814394554785e-09,7.427296822015705e-08,512,False,0,9.55098141836162e-08,1.8640772878065145e-14,9.202553719244413e-07,0.00013440988499545053,0.001,43.33167827624652,43.33152339535241,74249,1.3483648300170898,1.1292717456817627,0.0058242058937701575
1.8393617295942022e-08,1.0919755766281014e-07,512,False,0,1.1033201463377391e-07,1.9125087166596982e-14,1.2051502303004271e-06,0.0001517337680840432,0.001,43.33152339535241,43.331365019284256,74250,1.3483216762542725,1.1292792558670044,0.006574855321598695
4.6566125955216364e-10,8.405184814819222e-08,512,False,0,8.89276774640512e-08,1.912195171678306e-14,9.489417180663122e-07,0.0001307905105348549,0.001,43.331365019284256,43.331236767173735,74251,1.3483576774597168,1.129277229309082,0.005667331353044341
0.0,9.56933803308857e-08,512,False,0,9.7248236255832e-08,1.990864880366516e-14,9.138059026938535e-07,0.00013923839610815837,0.001,43.286559780901115,43.286306867523656,74499,1.3512276411056519,1.1305477619171143,0.006027151156932586
0.0,9.988433191665536e-08,512,False,0,9.562065886951022e-08,1.9772658819053318e-14,9.020181301866347e-07,0.00013814096741494796,0.001,43.286306867523656,43.286066143933354,74500,1.3511730432510376,1.130558729171753,0.005979612306500024
0.0,8.451750943549996e-08,512,False,0,9.544700219483182e-08,1.9606592216945584e-14,8.139290946638084e-07,0.00013899334634068268,0.001,43.286066143933354,43.28582564439274,74501,1.3512061834335327,1.1305214166641235,0.006016475183269428
0.0,8.8009969090308e-08,512,False,0,9.888066974655443e-08,2.1469097959073827e-14,1.042864072567119e-06,0.00014705919292946727,0.001,43.25093135469829,43.250768614392115,74749,1.353685736656189,1.1314036846160889,0.00636044705846972
0.0,8.917412230857735e-08,512,False,0,9.7305319777861e-08,2.111582561665422e-14,6.575914777994059e-07,0.00014286385144758054,0.001,43.250768614392115,43.25061692131202,74750,1.3537415266036987,1.131402850151062,0.006178971382320194
0.0,9.825451741107827e-08,512,False,0,1.1194296784448106e-07,2.124048962819932e-14,1.0804580739400373e-06,0.00015837255331929858,0.001,43.25061692131202,43.25043063418732,74751,1.3536828756332397,1.1313856840133667,0.006849710634463046
1.9172798602085095e-06,0.0002512941136956215,96,True,0,0.0027418673636653676,2.0669112254087785,0.020578362551662413,0.00028269205044892083,0.001,43.32619672737223,43.32242138575161,74999,1.3559426069259644,1.1312326192855835,0.012247971391014177
1.8286485783391981e-06,0.00017678744916338474,512,False,0,0.0025669256830870226,2.025573046824354,0.003034293989561206,0.0002923888124352754,0.001,43.32242138575161,43.31864937923509,75000,1.3559033870697021,1.1312181949615479,0.012666991340800491
1.8554244434199063e-06,0.00017557867977302521,512,False,0,0.0023786105708581114,1.9850616880442318,0.0032915328549407686,0.0003197148277224886,0.001,43.31864937923509,43.31489713560124,75001,1.3558639287948608,1.1312036514282227,0.013849614523453036
3.590247956708481e-07,2.3564476578030735e-05,512,False,0,0.00012637673009344386,0.013238623912374584,0.0003804366021174897,0.0003083400560986533,0.001,42.46283809432587,42.45951094249124,75249,1.3460694551467896,1.127695918083191,0.01309299388011247
3.4342514254603884e-07,2.2465055735665374e-05,512,False,0,0.00012805628274040401,0.012973851907516015,0.0003253227681576373,0.00031774562953802677,0.001,42.45951094249124,42.45618700688918,75250,1.346030592918396,1.127681851387024,0.013491324034298617
3.30619457145076e-07,2.088935798383318e-05,512,False,0,0.0001244730711211304,0.012714375550330389,0.00034891279469280966,0.00031330459132371887,0.001,42.45618700688918,42.45286600877424,75251,1.3459913730621338,1.1276679039001465,0.013301718319356799
2.025626244517298e-08,3.5692851270141546e-06,512,False,0,1.427916093627984e-05,8.479375977579379e-05,4.8335499312733e-05,0.00023806713965633414,0.001,41.58817105464266,41.584762059568426,75499,1.3365761041641235,1.1241899728775024,0.009900776926517127
1.7462296497683383e-08,3.5304030916449847e-06,512,False,0,1.521379882996011e-05,8.309788852550494e-05,6.38513845691406e-05,0.0002678394865154604,0.001,41.584762059568426,41.58135583689253,75500,1.3365390300750732,1.124176025390625,0.011138041316902407
1.327134491191373e-08,3.5911707527702674e-06,512,False,0,1.547407422021028e-05,8.143593240678162e-05,4.2693065679461604e-05,0.00027390635425923146,0.001,41.58135583689253,41.577954597112466,75501,1.3365020751953125,1.1241618394851685,0.011389397582439046
1.0477378076245714e-08,8.873171282175463e-07,512,False,0,2.1235498635790726e-06,5.43106541684857e-07,8.391442922484183e-06,0.00020507092861048895,0.001,40.78910673616305,40.78624580762544,75749,1.3275011777877808,1.1207852363586426,0.008364659995577306
8.847563570668626e-09,8.749771041038912e-07,512,False,0,2.146297815478115e-06,5.322444097826269e-07,9.002525693883055e-06,0.00021192088955623327,0.001,40.78624580762544,40.7833866877253,75750,1.327465534210205,1.120772361755371,0.008643457493211174
9.080394214322496e-09,9.005884749058168e-07,512,False,0,2.145874052217047e-06,5.215995412772009e-07,8.099960155462331e-06,0.00021851021565759494,0.001,40.7833866877253,40.7805382213809,75751,1.3274297714233398,1.1207596063613892,0.008911586620381941
2.761370865300705e-07,0.00028731810743920505,512,False,0,0.0015592140131105044,0.05401633670994057,0.0032762271755107605,0.000534204771767995,0.001,40.833621210883244,40.82986557063521,75999,1.3266724348068237,1.1194580793380737,0.021813515299420643
2.9243517474242253e-07,0.0002689870889298618,512,False,0,0.001517014460017313,0.05293601136778607,0.0030415654790927507,0.000507349422936483,0.001,40.82986557063521,40.82614127748567,76000,1.326635718345642,1.11944580078125,0.020715008735835948
2.8568311449816974e-07,0.00027615082217380404,512,False,0,0.0015238995785914115,0.05187729299021796,0.003405725239166848,0.0004878779332400048,0.001,40.82614127748567,40.8224669079479,76001,1.32659912109375,1.1194337606430054,0.019918173428624158
1.338775916792656e-07,3.755388024728745e-05,512,False,0,0.0001280214535287541,0.0003459774189292014,0.0003276980908532506,0.0003942973288749338,0.001,39.974268705524885,39.971346107749795,76249,1.3175493478775024,1.1165674924850464,0.01576174737431732
1.2968664009349595e-07,3.732438199222088e-05,512,False,0,0.0001252725128343392,0.00033905788956567446,0.0003125477667381768,0.00037428731655137084,0.001,39.971346107749795,39.96841230807668,76250,1.3175137042999268,1.1165554523468018,0.014960767873615752
1.1920926112907182e-07,3.6505072785075754e-05,512,False,0,0.00012412359817936302,0.00033227674393911154,0.00032592708701578894,0.00036156720829953694,0.001,39.96841230807668,39.96545219583072,76251,1.3174777030944824,1.1165440082550049,0.014451267258396136
1.8160788428644992e-08,6.710154139000224e-06,512,False,0,1.4587553667216433e-05,2.2160316974860768e-06,5.2087225317586696e-05,0.00029312901905910335,0.001,39.278160778077954,39.2754621757371,76499,1.3087310791015625,1.11355721950531,0.011513568739323738
1.7462296497683383e-08,6.8205144998501055e-06,512,False,0,1.460433959080323e-05,2.171711573078838e-06,5.973772473543701e-05,0.0003173937849187436,0.001,39.2754621757371,39.27276200820553,76500,1.3086961507797241,1.1135472059249878,0.01246578759439015
1.6065312635760165e-08,6.610968739551026e-06,512,False,0,1.4661941646033702e-05,2.128277479066765e-06,4.232117605749504e-05,0.0003316578588080924,0.001,39.27276200820553,39.270064169896386,76501,1.3086611032485962,1.1135374307632446,0.013025120157121246
1.257285298095212e-08,2.3134025468607433e-06,512,False,0,2.484809658212769e-06,1.4195429662136023e-08,1.8245809422482326e-05,0.00025323682227461076,0.001,38.73001300607279,38.7286569947108,76749,1.3003158569335938,1.111053228378296,0.009807865420312218
1.3969836842875338e-08,2.342506377317477e-06,512,False,0,2.5321824731475624e-06,1.3911547615779273e-08,1.72180379646307e-05,0.0002650524519770174,0.001,38.7286569947108,38.7273268812886,76750,1.3002841472625732,1.1110481023788452,0.010265125498224965
1.862644971595273e-08,2.278477950312663e-06,512,False,0,2.4012812589954964e-06,1.363332778476345e-08,1.1277157774161036e-05,0.0002514521379111808,0.001,38.7273268812886,38.72602715035887,76751,1.3002525568008423,1.1110416650772095,0.00973806913988516
2.2584568881711675e-08,7.99772919890529e-07,512,False,0,6.157885520510152e-07,9.116326410668073e-11,5.532037674317763e-06,0.0002666142624338298,0.001,38.90647542616177,38.909297576526434,76999,1.2928653955459595,1.1105940341949463,0.010373021249646043
2.537853660555811e-08,8.011699037524522e-07,512,False,0,7.394223490172035e-07,8.934244279290868e-11,5.625471734851895e-06,0.00028127129425480876,0.001,38.909297576526434,38.91212318704093,77000,1.2928370237350464,1.1105995178222656,0.010944068487895085
1.4435498130183078e-08,8.139755891534151e-07,512,False,0,8.110633285122717e-07,8.756265788773382e-11,9.615665527316613e-06,0.00029745831103258875,0.001,38.91212318704093,38.915005316536984,77001,1.2928091287612915,1.1106055974960327,0.01157473444190923
1.7462296497683383e-08,0.0008592390222474933,512,False,0,0.05108387191822469,0.3192908730749636,0.03744483362347963,0.0004316307759400004,0.001,39.59997943118057,39.5964947585335,77249,1.298869252204895,1.1145836114883423,0.017092569849088527
2.2351738238057806e-08,0.003779068123549223,512,False,0,0.06122002603726777,0.31291004268975586,0.4281036899926911,0.0004913434671196276,0.001,39.5964947585335,39.592966091078615,77250,1.2988717555999756,1.114573359489441,0.01945547902044201
1.6763804566721774e-08,0.0011594193056225777,512,False,0,0.05760148986467989,0.3066525313077221,0.16282852431690925,0.0004657547083569997,0.001,39.592966091078615,39.589443377989205,77251,1.2988568544387817,1.1145628690719604,0.0184406103747389
1.0780057380088692e-07,0.05534613877534866,512,False,0,0.333173206289454,0.03079560157308815,1.5895571621032183,0.003294732022163675,0.001,39.57735208876853,39.58089227993992,77499,1.30380380153656,1.1126292943954468,0.13039676927931207
1.0174697706588631e-07,0.043883416801691055,512,False,0,0.3278059104869739,0.030591371236540953,1.5221786963579529,0.003215362198438413,0.001,39.58089227993992,39.58465609682721,77500,1.303809642791748,1.1126192808151245,0.12726690481738162
9.825451741107827e-08,0.012814845889806747,512,False,0,0.29061042377065915,0.03002863095992319,0.5692520321071077,0.002932483656347242,0.001,39.58465609682721,39.58871781049216,77501,1.3038511276245117,1.1126302480697632,0.11608135704607199
2.002342824880543e-08,0.03543676435947418,512,False,0,0.19719419456093218,0.017736604348868423,1.2350849880335384,0.0025363233431587744,0.001,40.24816313118185,40.25030836907067,77749,1.312218189239502,1.1197702884674072,0.10208235566887887
8.614732927014757e-09,0.012667607516050339,512,False,0,0.18528984017426245,0.017428298548167742,0.6516471958145431,0.0024246897442035597,0.001,40.25030836907067,40.25259857770483,77750,1.3124245405197144,1.119918942451477,0.09759450990351637
1.303851426825986e-08,0.03213966637849808,512,False,0,0.1841721537578515,0.01758006963819791,1.4508850622501321,0.0025013587441896053,0.001,40.25259857770483,40.25472295495479,77751,1.31266450881958,1.1199655532836914,0.10068618942869605
3.539021520282404e-08,0.011727454140782356,512,False,0,0.12633845361382515,0.006669714435527274,0.5090468738018163,0.002322364374413683,0.001,41.205912514592995,41.20900200998058,77999,1.3485814332962036,1.1180808544158936,0.09569514323909772
1.217683518461854e-07,0.011917483061552048,512,False,0,0.11943954017328093,0.006571182336990442,0.542074284565849,0.0023317437015772714,0.001,41.20900200998058,41.21188508824352,78000,1.3486703634262085,1.117905616760254,0.09608883088505733
3.073362364602872e-08,0.018570927903056145,512,False,0,0.12299224970548764,0.006593529528919407,0.9478501213551728,0.002433930569328215,0.001,41.21188508824352,41.21458071691285,78001,1.3487650156021118,1.117753028869629,0.10030686693591753
2.491287531825037e-08,0.01473933644592762,512,False,0,0.11665427460944966,0.006435581880491005,0.654547621788814,0.0027132313029673664,0.001,42.14837981434958,42.15357511338403,78249,1.3711611032485962,1.1061333417892456,0.11435830348165116
2.1653246307096197e-08,0.005396655295044184,512,False,0,0.10750764392090462,0.006319222266361806,0.2982744268592002,0.0025466328233796948,0.001,42.15357511338403,42.15864088792047,78250,1.3714447021484375,1.1067533493041992,0.10734967800654521
2.0721923732480718e-08,0.012908878736197948,512,False,0,0.10171171554716303,0.00628988781809931,0.6780458723495346,0.0025039942770135803,0.001,42.15864088792047,42.16363357330379,78251,1.3717377185821533,1.107306718826294,0.10556499551002359
7.40400167842381e-08,0.013880692422389984,512,False,0,0.09703981334844217,0.009281336239659715,0.571951846272733,0.001582542755279559,0.001,43.513219200472015,43.516144419969294,78499,1.400312900543213,1.0987428426742554,0.06886152980459839
5.4016677353274645e-08,0.00680188275873661,512,False,0,0.07966132324939917,0.009154867897448174,0.5301261101463325,0.0014855568965287814,0.001,43.516144419969294,43.518895934744826,78500,1.4002652168273926,1.0985264778137207,0.06464570845342783
1.0500637870336504e-07,0.007796794641762972,512,False,0,0.08184524335644026,0.0090208631471351,0.496277049193455,0.0014739504076486214,0.001,43.518895934744826,43.521637146976886,78501,1.4001694917678833,1.0982335805892944,0.06414469440343507
2.537853660555811e-08,0.002536805346608162,512,False,0,0.03780740507972261,0.0033029827477200793,0.24231250542853233,0.001198545976667809,0.001,44.40262825337911,44.40322580431563,78749,1.4068200588226318,1.0935190916061401,0.05321859144656392
3.236345236246052e-08,0.0030775535851716995,512,False,0,0.049039428721590575,0.0032547251183437415,0.2962289209922099,0.0013848292279144512,0.001,44.40322580431563,44.403995620269,78750,1.4067164659500122,1.0934361219406128,0.06149088490750145
2.1420415663442327e-08,0.0010361257009208202,512,False,0,0.04486207986368702,0.0031899268369400004,0.061822424165993276,0.0012910868831445522,0.001,44.403995620269,44.40480626615275,78751,1.4066565036773682,1.0933501720428467,0.057329416304537445
3.213062527152033e-08,0.000132989720441401,512,False,0,0.00037079632167538984,0.0005328908119524666,0.0008825622855127875,0.00032247453015501744,0.001,45.09696098314533,45.095515637742075,78999,1.4250482320785522,1.0884805917739868,0.014542621304458945
3.4458931708059026e-08,0.0001345512573607266,512,False,0,0.000363854932268964,0.0005222331023197806,0.0006125766327625754,0.00035021854550624083,0.001,45.095515637742075,45.094073856926464,79000,1.424988031387329,1.0884654521942139,0.015793285895503967
3.469175879899922e-08,0.00012862052244599909,512,False,0,0.0003471699967217794,0.0005117884884631753,0.0005063437572136205,0.00032359394745334755,0.001,45.094073856926464,45.09262672202722,79001,1.4249283075332642,1.0884504318237305,0.014592169366115636
4.8661597418231395e-08,5.151583536644466e-05,512,False,0,5.04465974668879e-05,3.4134078626761095e-06,0.00011362631869335548,0.00034618442075314937,0.001,44.86534386068911,44.86465626864925,79249,1.4092893600463867,1.0819419622421265,0.015531683076303525
5.355104093496266e-08,5.141865403857082e-05,512,False,0,5.050579579822426e-05,3.3451442554643745e-06,0.00015085930202640826,0.0003453338235098813,0.001,44.86465626864925,44.86396335736185,79250,1.4092295169830322,1.0818986892700195,0.01549328328970921
5.215405707303944e-08,5.03587543789763e-05,512,False,0,4.953138361928979e-05,3.2782429916668004e-06,0.0001063122343886547,0.00034291747747358604,0.001,44.86396335736185,44.86325522572835,79251,1.4091705083847046,1.0818555355072021,0.015384637143973921
8.614732394107705e-08,1.4222119716578163e-05,512,False,0,8.569060519913371e-06,2.1872727031166497e-08,2.3260571236576817e-05,0.00034351433412468967,0.001,44.731733696839036,44.731713644413894,79499,1.3941348791122437,1.0738893747329712,0.015365991715112604
8.31205326790041e-08,1.4194181858329102e-05,512,False,0,8.582127596048746e-06,2.14353246563074e-08,2.249148073558693e-05,0.00033228290953102194,0.001,44.731713644413894,44.73171632869597,79500,1.3940764665603638,1.0738736391067505,0.01486358395807436
8.475034718458119e-08,1.4004893273522612e-05,512,False,0,8.300323205649649e-06,2.100665212799418e-08,2.282710970030969e-05,0.0003195970934590329,0.001,44.73171632869597,44.731739884447194,79501,1.3940199613571167,1.073859691619873,0.014296126524085193
5.4948024796885875e-08,2.8083991310268175e-06,512,False,0,1.388751233093308e-06,1.403509148729764e-10,3.9170348913259455e-06,0.0002960890272299384,0.001,45.03593087979605,45.03821587522983,79749,1.3819339275360107,1.0722421407699585,0.013334644964593556
5.634500865880909e-08,2.7597372991294833e-06,512,False,0,1.408865936703329e-06,1.3754564502789831e-10,4.357326339749563e-06,0.0003052937271690892,0.001,45.03821587522983,45.04051621775127,79750,1.3818882703781128,1.072241187095642,0.01374988478959496
6.23986053938097e-08,2.7543824216991197e-06,512,False,0,1.405920876359701e-06,1.347965131191032e-10,4.010263774596783e-06,0.0003015072109193156,0.001,45.04051621775127,45.04279984686575,79751,1.3818336725234985,1.0722352266311646,0.013580040423180386
1.0011716788937974e-08,4.561151172310929e-07,512,False,0,2.423025092779541e-07,9.057289690454183e-13,8.906843753368309e-07,0.00022230138723794044,0.001,45.595599427916405,45.59714893199516,79999,1.3729162216186523,1.0717391967773438,0.01013596500477126
7.683410352399278e-09,4.412139560372452e-07,512,False,0,2.3760280378502687e-07,8.876656726808841e-13,7.480502734981696e-07,0.00022074006093365716,0.001,45.59714893199516,45.598688945421756,80000,1.3728644847869873,1.0717341899871826,0.010065117433649651
3.7252898543727042e-09,4.458705689103226e-07,512,False,0,2.3622246561153386e-07,8.699772686184837e-13,8.513879922455749e-07,0.00021970756329004766,0.001,45.598688945421756,45.600243750161,80001,1.3728290796279907,1.0717241764068604,0.010018376837419447
4.6566125955216364e-10,1.8114221234100114e-07,512,False,0,1.0480513038141572e-07,8.541885230396925e-15,4.2945693856806084e-07,0.0001604647896955499,0.001,45.781569006432385,45.78162028882379,80249,1.3688867092132568,1.0729013681411743,0.007346329842549478
6.984918754504577e-10,1.8696297843234788e-07,512,False,0,1.0970786876785752e-07,8.497894418208884e-15,6.156559615173995e-07,0.00016561700230783918,0.001,45.78162028882379,45.7816593548782,80250,1.3688600063323975,1.0729234218597412,0.007582214713030747
4.6566125955216364e-10,1.76019938180616e-07,512,False,0,1.0545574069620976e-07,8.36129776375067e-15,3.9270915716348306e-07,0.00016189871522298674,0.001,45.7816593548782,45.781700859616976,80251,1.3688300848007202,1.072943925857544,0.007411991830331212
3.259628567064965e-09,1.364387429703129e-07,512,False,0,8.543731948983838e-08,3.883539830731926e-15,2.933555478208682e-07,0.00013839716824825093,0.001,45.720623697222024,45.72022593158255,80499,1.3668979406356812,1.07465660572052,0.006327604850239405
4.1909511416804435e-09,1.3899986583965074e-07,512,False,0,8.56958318525501e-08,3.880337743631727e-15,3.9933865408740175e-07,0.0001377938195130716,0.001,45.72022593158255,45.719819787653805,80500,1.3668949604034424,1.0746710300445557,0.006299964560113341
3.725290076417309e-09,1.38534204552343e-07,512,False,0,8.533195220394083e-08,3.837517574480937e-15,3.4292381183105035e-07,0.00013639720275079723,0.001,45.719819787653805,45.719414931298196,80501,1.3669127225875854,1.0746945142745972,0.006236055529306527
1.8626450382086546e-09,1.210719204891575e-07,512,False,0,8.256416105782907e-08,4.528540505514628e-15,3.8455579411537053e-07,0.00013415282835724693,0.001,45.60557898143637,45.60506035284137,80749,1.3643226623535156,1.07565176486969,0.006118117409229502
1.1641531072470457e-09,1.2665985593685036e-07,512,False,0,8.337883594230342e-08,4.488118703398817e-15,4.1183441161725135e-07,0.00013419908937874897,0.001,45.60506035284137,45.60455476289254,80750,1.3643051385879517,1.0756586790084839,0.0061201575704142004
2.3283062144940914e-09,1.2828967044242745e-07,512,False,0,8.429663232332511e-08,4.45011166762948e-15,4.049164647845767e-07,0.00013557025552791318,0.001,45.60455476289254,45.60405260522206,80751,1.3642829656600952,1.0756701231002808,0.006182621142442052
3.259628567064965e-09,1.2270173499473458e-07,512,False,0,8.784326293378466e-08,5.199048576795622e-15,6.912809497383477e-07,0.00014147510116798302,0.001,45.46248042754433,45.46180430872984,80999,1.3607302904129028,1.076400876045227,0.006431809017834282
1.1641531072470457e-09,1.0943038830646401e-07,512,False,0,8.270099778772248e-08,5.159739095141823e-15,4.271494233269636e-07,0.0001330229370724763,0.001,45.46180430872984,45.461143891641946,81000,1.3607066869735718,1.0763925313949585,0.006047462733761402
6.984918754504577e-10,1.0430811414607888e-07,512,False,0,8.314472406450426e-08,5.122467746706191e-15,4.823605924879946e-07,0.00013467492976243216,0.001,45.461143891641946,45.460484519460486,81001,1.3606996536254883,1.0763835906982422,0.006122476360526701
0.0,9.732319483646279e-08,512,False,0,8.17627590150925e-08,6.674170407480771e-15,5.829062266036828e-07,0.00012894628269642186,0.001,45.28910073416062,45.28842814855518,81249,1.3572355508804321,1.0772390365600586,0.005839861186333802
0.0,1.0244546899684792e-07,512,False,0,7.769655003378306e-08,6.6189641097401475e-15,3.9135092926434194e-07,0.00012501697620405586,0.001,45.28842814855518,45.28772881802364,81250,1.357208490371704,1.0772510766983032,0.005661822344167016
2.3283062977608182e-10,1.0710208186992531e-07,512,False,0,8.312314570419813e-08,6.626221869356609e-15,5.692050645458841e-07,0.0001312037105710109,0.001,45.28772881802364,45.287001944001126,81251,1.3571935892105103,1.0772582292556763,0.005941918064258403
0.0,9.3365073894347e-08,512,False,0,9.549380579735162e-08,1.002264272460178e-14,9.876344429918788e-07,0.00014159475645706386,0.001,45.10960795185553,45.1089057569679,81499,1.353507161140442,1.0783357620239258,0.006387283951816615
0.0,9.126959810146218e-08,512,False,0,9.090138640073455e-08,1.0266050203707722e-14,7.944768110638349e-07,0.0001404312475785538,0.001,45.1089057569679,45.10818554193842,81500,1.353520154953003,1.0783308744430542,0.00633469991235441
0.0,1.0430811414607888e-07,512,False,0,1.0055189337034969e-07,1.0365313929840161e-14,9.323600914234895e-07,0.0001499702225746068,0.001,45.10818554193842,45.10739501357501,81501,1.3534518480300903,1.07833993434906,0.006764884625661165
5.820765647257531e-09,9.732319483646279e-08,512,False,0,8.632114347336726e-08,9.551109654592194e-15,5.865808305753153e-07,0.00013337910677006695,0.001,44.93953540989146,44.93891477824088,81749,1.3496818542480469,1.0799412727355957,0.005993995091633118
1.629814394554785e-09,8.847563037761574e-08,512,False,0,7.941989951074388e-08,9.426068831595252e-15,4.623855753539908e-07,0.0001282793247447197,0.001,44.93891477824088,44.93827307320571,81750,1.3496187925338745,1.0799380540847778,0.005764733642513244
4.6566125955216364e-10,9.196809003242379e-08,512,False,0,8.408186767904124e-08,9.348922687644443e-15,4.987497911039246e-07,0.00013382678915804124,0.001,44.93827307320571,44.93762024915679,81751,1.3495476245880127,1.0799423456192017,0.006013944795694382
0.0,1.1269001731761819e-07,512,False,0,1.0765336849137827e-07,1.423440322129237e-14,1.2028579363472198e-06,0.00015545454396554103,0.001,44.791458151328726,44.79081446332119,81999,1.3457633256912231,1.0817490816116333,0.006963035700466423
0.0,9.615904161819344e-08,512,False,0,8.966242748246241e-08,1.4214944771060423e-14,8.57879366793607e-07,0.00013872264597504543,0.001,44.79081446332119,44.7901943011153,82000,1.345733404159546,1.0817441940307617,0.0062135002977292495
0.0,8.451750943549996e-08,512,False,0,1.0585432291383316e-07,1.4106167667471287e-14,7.93496863138921e-07,0.00015473769326201283,0.001,44.7901943011153,44.78959224955465,82001,1.345752477645874,1.0817288160324097,0.006930731346911934
1.1641531072470457e-09,7.287598435823384e-08,512,False,0,9.604316525700201e-08,1.7626795006945443e-14,1.1354214720374803e-06,0.00014620661146219532,0.001,44.646161273064955,44.64569748742411,82249,1.3411338329315186,1.0835381746292114,0.006527563954529519
2.3283062977608182e-10,9.848734805473214e-08,512,False,0,1.0590681618255691e-07,1.750241683488457e-14,8.669941424303637e-07,0.00015352778185789785,0.001,44.64569748742411,44.64518956399961,82250,1.3410882949829102,1.0835412740707397,0.006854354904742947
6.208816571984244e-09,1.1424222634559555e-07,96,True,0,1.0927320389049333e-07,1.763954975677352e-14,1.2162250196173791e-06,0.00016707481780541607,0.001,44.64518956399961,44.64469140375642,82251,1.341046929359436,1.0835515260696411,0.007459086912293498
6.984918754504577e-10,8.07922262424654e-08,512,False,0,1.0219485563111764e-07,1.6772004360481735e-14,9.424469349754698e-07,0.00015025454601303259,0.001,44.51218852269776,44.511782692290424,82499,1.3415542840957642,1.085614562034607,0.0066881586785244715
5.355103915860582e-09,1.033767915714634e-07,512,False,0,9.707363730146824e-08,1.67481510042871e-14,9.34955577282121e-07,0.00013916288386173797,0.001,44.511782692290424,44.51134297006566,82500,1.341576337814331,1.0856342315673828,0.006194388045286131
3.958120498026574e-09,9.220092067607766e-08,512,False,0,9.704248723309208e-08,1.6853366315648838e-14,9.71685450281109e-07,0.0001404641610955608,0.001,44.51134297006566,44.51090850444657,82501,1.3416266441345215,1.0856245756149292,0.006252248449527061
1.6298143279414035e-08,1.0849906573184853e-07,512,False,0,1.1211069517144158e-07,2.025883207021848e-14,1.3445588859723164e-06,0.00015967075350479311,0.001,44.3745654531748,44.37404711695435,82749,1.3474539518356323,1.087613582611084,0.007085320302356182
0.0,8.894129166492348e-08,512,False,0,8.31833361757931e-08,2.005043585372299e-14,8.229207154169879e-07,0.00012526335287049871,0.001,44.37404711695435,44.373602558310786,82750,1.3474855422973633,1.087621808052063,0.0055584419223031895
0.0,8.125788752977314e-08,512,False,0,1.1612415114198336e-07,1.9937216529741376e-14,1.0029396180055482e-06,0.00016475487635093553,0.001,44.373602558310786,44.373225250170655,82751,1.3475185632705688,1.0876212120056152,0.007310767402740051
2.2584568881711675e-08,9.56933803308857e-08,512,False,0,1.1029362521451989e-07,1.9270983438066293e-14,1.475909340477206e-06,0.0001555098404793228,0.001,44.23928158540205,44.2388656088731,82999,1.3529926538467407,1.0896602869033813,0.006879643622265715
0.0,6.70552182668871e-08,512,False,0,1.1121021205198155e-07,1.9019439107900414e-14,7.749515074881933e-07,0.0001594889848635942,0.001,44.2388656088731,44.23838959600435,83000,1.352997899055481,1.089656114578247,0.007055611767476139
0.0,1.0407528350242501e-07,512,False,0,1.2427055187843828e-07,1.9555923195942064e-14,1.4350914748684407e-06,0.00016821590312575383,0.001,44.23838959600435,44.2379833619109,83001,1.3530948162078857,1.0896888971328735,0.007441600658720825
1.8160788428644992e-08,1.0523943672069436e-07,512,False,0,1.3227312742979685e-07,2.0979360667389302e-14,1.439546535375083e-06,0.00018144166126754301,0.001,44.08700086597127,44.08664560120314,83249,1.357297658920288,1.0916500091552734,0.007999218677425434
0.0,1.0430812125150624e-07,96,True,0,1.1461799175584797e-07,2.1038890260790507e-14,1.1966142074942468e-06,0.0001686464555818619,0.001,44.08664560120314,44.086288701245785,83250,1.3573472499847412,1.0916640758514404,0.007435056519136592
0.0,8.218920299896126e-08,512,False,0,1.4339791321457886e-07,2.0987820893954374e-14,1.3473148925221152e-06,0.00019617885722945122,0.001,44.086288701245785,44.08592697118962,83251,1.3573538064956665,1.0916774272918701,0.008648797736898065
0.0,8.684581587203866e-08,512,False,0,1.162474505443233e-07,2.2070229330866247e-14,1.0816563121489271e-06,0.00016709308529644481,0.001,43.94903730714286,43.94829605695326,83499,1.3635386228561401,1.0933271646499634,0.007343580239459057
0.0,9.778885612377053e-08,512,False,0,9.994084644319792e-08,2.2094399875075975e-14,1.2121490246909817e-06,0.0001484330730920411,0.001,43.94829605695326,43.94750534422475,83500,1.3636484146118164,1.0933245420455933,0.006523380640892406
0.0,7.287598435823384e-08,512,False,0,1.02201935488805e-07,2.1865820320648394e-14,8.167854182229394e-07,0.00014598737900823098,0.001,43.94750534422475,43.94673865695066,83501,1.3637380599975586,1.0933164358139038,0.006415781119153596
0.0,8.963978359588509e-08,512,False,0,9.546024865561066e-08,2.104494793538828e-14,9.30584114133829e-07,0.0001415787134591271,0.001,43.82698175219808,43.82644877609181,83749,1.3685866594314575,1.0946097373962402,0.006204967691272844
0.0,7.753259723131123e-08,512,False,0,1.1163918685757059e-07,2.1062065410620518e-14,1.0245844497837993e-06,0.00015073282211706317,0.001,43.82644877609181,43.825880522022096,83750,1.3685780763626099,1.0946308374404907,0.006606084307389227
0.0,9.662470290550118e-08,512,False,0,1.0036327874053399e-07,2.119120915404162e-14,1.1436924482191565e-06,0.00014311690260145984,0.001,43.825880522022096,43.82524017919132,83751,1.3685734272003174,1.0946334600448608,0.006272224274093453
0.0,6.47269118303484e-08,512,False,0,1.0492971212384982e-07,2.2660609966152063e-14,1.0181542136535167e-06,0.00015625025834041547,0.001,43.72355922680296,43.72331748776527,83999,1.3731485605239868,1.0954999923706055,0.006831817424750419
2.3283062977608182e-10,9.965150127300149e-08,512,False,0,1.2600741053847817e-07,2.2935362767248417e-14,1.2749622817937981e-06,0.0001719437046753243,0.001,43.72331748776527,43.723142363141406,84000,1.3731836080551147,1.0954899787902832,0.007517949189541755
4.6566125955216364e-10,8.591450040285054e-08,512,False,0,9.306436515758716e-08,2.2922036753784853e-14,1.110729938293127e-06,0.0001407583362056051,0.001,43.723142363141406,43.72289919713784,84001,1.373180866241455,1.0955008268356323,0.006154396772716593
0.0,1.1051693604713364e-07,96,True,0,1.6527515126252e-07,3.832330836895673e-14,2.047543880744089e-06,0.00022256776115465245,0.001,43.58797627185212,43.58745730667668,84249,1.3775559663772583,1.0968244075775146,0.009701278292088241
0.0,1.133885092485798e-07,512,False,0,1.6502253827901752e-07,3.8137961097887304e-14,1.4787896542348844e-06,0.0002163615314405082,0.001,43.58745730667668,43.58699158997157,84250,1.3776103258132935,1.0967895984649658,0.009430649014470336
0.0,9.49948883999241e-08,512,False,0,1.6051285891367053e-07,3.8794602628750486e-14,1.7630544901175641e-06,0.00021079350714669348,0.001,43.58699158997157,43.58658765077031,84251,1.377559781074524,1.0967986583709717,0.00918785482322354
0.0,0.008867441676557064,512,False,0,0.18362963846591523,0.13296817160614588,0.8866347356773967,0.0009045003946967119,0.001,44.13909254410346,44.13537305546508,84499,1.3936299085617065,1.1125987768173218,0.03992382662769627
2.3283062977608182e-10,0.003390371333807707,512,False,0,0.19397277201079197,0.13033450572832447,0.5607604961947766,0.000917074401950751,0.001,44.13537305546508,44.13163225777478,84500,1.3935444355010986,1.1125942468643188,0.04047542084971393
2.3283062977608182e-10,0.011865062639117241,512,False,0,0.19484557039713438,0.12780597374021127,1.0684127750367423,0.0009797844460515334,0.001,44.13163225777478,44.127846809610716,84501,1.3935402631759644,1.1125863790512085,0.043239486865033844
1.6763802790364934e-08,0.04264582693576813,512,False,0,0.25082027138307444,0.03107116395267503,2.5597549831262905,0.0020001719038123893,0.001,44.66275013362209,44.66694179279045,84749,1.3992058038711548,1.1246739625930786,0.08933317796426395
8.614732038836337e-09,0.028586793690919876,512,False,0,0.3036031537446301,0.031010562946258022,1.5046241468802166,0.0020462034253113555,0.001,44.66694179279045,44.67103355940117,84750,1.3995178937911987,1.1244677305221558,0.09139764929459077
8.149071639707017e-09,0.01809670962393284,512,False,0,0.27877855114372657,0.030540537107642488,0.9700989610988352,0.001995846243634923,0.001,44.67103355940117,44.67517416854134,84751,1.399814248085022,1.1240918636322021,0.0891565145288204
2.561136858147961e-09,0.03265620768070221,512,False,0,0.2523192980871391,0.028288576486230683,1.1613067537865809,0.002320283612310233,0.001,45.51241481735553,45.51310410749938,84999,1.4016659259796143,1.1271806955337524,0.10560171025737547
3.259628567064965e-09,0.04081517457962036,512,False,0,0.22664882839264103,0.028321206049068216,1.7489502477817926,0.0023084028991115987,0.001,45.51310410749938,45.51387405456503,85000,1.4013609886169434,1.1274220943450928,0.10506258146931959
7.916240996053148e-09,0.04649853706359863,512,False,0,0.2568459001542157,0.028173698454159388,1.3459821159635184,0.0023407911840239585,0.001,45.51387405456503,45.51475892119946,85001,1.400858998298645,1.127656102180481,0.1065384751377026
0.0,0.001598189934156835,512,False,0,0.1083390747419678,0.011780401270241457,0.1124136329227712,0.0014742180911889665,0.001,45.91572035527489,45.91567457626065,85249,1.3979120254516602,1.1314085721969604,0.06768978561771972
0.0,0.0013103432720527053,512,False,0,0.09559836590573641,0.011546711570156892,0.09113178777405183,0.0013700303890164351,0.001,45.91567457626065,45.91547023974434,85250,1.397707223892212,1.1313997507095337,0.06290586950166642
0.0,0.007489799056202173,512,False,0,0.09028181544008203,0.01149321080432094,0.7278741064863635,0.0016805776646235686,0.001,45.91547023974434,45.91512397254281,85251,1.3975510597229004,1.1313706636428833,0.0771645137456025
4.6566125955216364e-10,0.036708537489175797,512,False,0,0.24554616333532941,0.01830355810902793,1.9974205991644782,0.003022135789972812,0.001,46.354584478618406,46.35526047553326,85499,1.4209164381027222,1.1335299015045166,0.1400898487821509
4.6566123179658803e-10,0.02370244264602661,512,False,0,0.22907944343911105,0.01820469304578178,1.216094270058724,0.002941355725364451,0.001,46.35526047553326,46.355779385800005,85500,1.4206068515777588,1.133617877960205,0.1363473108004702
0.0,0.03738708049058914,512,False,0,0.2670756179807618,0.018423794175207255,1.5378994298725328,0.0030532536967520303,0.001,46.355779385800005,46.35623997515807,85501,1.4200791120529175,1.1337321996688843,0.14153595477551542
2.3283062977608182e-10,0.010076520964503288,512,False,0,0.1076612740551663,0.022178164185206874,0.51183403656384,0.0016567195572658115,0.001,46.90303903851451,46.90491054250499,85749,1.443518042564392,1.1184886693954468,0.07770518207030883
4.6566123179658803e-10,0.0069782063364982605,512,False,0,0.10307152238498815,0.02174548918766144,0.348529337697181,0.0015756365160894442,0.001,46.90491054250499,46.9065207904237,85750,1.4435704946517944,1.1184836626052856,0.07390508983467961
2.3283062977608182e-10,0.01239105686545372,512,False,0,0.11415964377151822,0.0213484691127935,0.5969906061896515,0.0015815305331780066,0.001,46.9065207904237,46.90797095423635,85751,1.4436111450195312,1.1184943914413452,0.07418409483520404
4.656609320363714e-09,0.016673628240823746,512,False,0,0.11753264480955218,0.010174531562819522,0.9677054396417969,0.00227062643775946,0.001,47.482713412557565,47.48389062629958,85999,1.4564378261566162,1.1005886793136597,0.10781550441110892
1.2107181035503345e-08,0.010584680363535881,512,False,0,0.1385964398291185,0.010244939122615959,0.8613600336148095,0.002248434408537497,0.001,47.48389062629958,47.48489389419717,86000,1.4565708637237549,1.1004517078399658,0.1067644135354031
1.2805643656577104e-08,0.0041968063451349735,512,False,0,0.1244883773022366,0.010048994229725437,0.21262741482990857,0.0021005923200787583,0.001,47.48489389419717,47.485802206653986,86001,1.4566137790679932,1.1002497673034668,0.0997464034339053
0.0,0.03295904025435448,512,False,0,0.3345778138350778,0.021580237750117307,1.8380175391413762,0.004085626610254157,0.001,47.512712766309136,47.51480774970227,86249,1.4647682905197144,1.0918298959732056,0.19411920360339502
2.6076858006263137e-08,0.015458794310688972,512,False,0,0.293348812372119,0.021283595333777515,0.8906766746197179,0.003902733047601046,0.001,47.51480774970227,47.51776375341711,86250,1.464073657989502,1.091871738433838,0.18543761045517335
1.8626442610525373e-09,0.03555843234062195,512,False,0,0.23193063045407367,0.021637354755789023,1.2150634681294659,0.0037072930600169393,0.001,47.51776375341711,47.520834840463145,86251,1.463898777961731,1.0918179750442505,0.1761622757905677
0.0,7.84043877501972e-05,512,False,0,0.00021036415227484515,0.0003290663411420685,0.0004062936033468431,0.00014512633075075361,0.001,47.45486875096743,47.452135389342146,86499,1.4625948667526245,1.0782241821289062,0.006886950978086501
0.0,7.889606058597565e-05,512,False,0,0.0002108501960009288,0.00032248504731520195,0.0005033587373896669,0.00014446837017591146,0.001,47.452135389342146,47.449406444096475,86500,1.462526798248291,1.0782045125961304,0.00685533266106495
0.0,7.66334414947778e-05,512,False,0,0.00021768309214852433,0.0003160354737690474,0.0006239461369660947,0.00014550364944417667,0.001,47.449406444096475,47.446669091562434,86501,1.4624587297439575,1.0781846046447754,0.006904061801576071
0.0,2.7041216526413336e-05,512,False,0,2.9641844148328607e-05,2.107800650952417e-06,9.823924323745392e-05,0.00025449351449166445,0.001,46.80136175529176,46.798811534396414,86749,1.4439398050308228,1.0688979625701904,0.011910643036099972
0.0,2.6457535568624735e-05,512,False,0,2.9632363087850977e-05,2.0656452661439578e-06,7.329947504786785e-05,0.0002578132834997332,0.001,46.798811534396414,46.79627070282597,86750,1.4438542127609253,1.0688507556915283,0.012065355265567927
0.0,2.6082478143507615e-05,512,False,0,2.9454570503321094e-05,2.024332929929486e-06,6.450966413545143e-05,0.0002568119576129699,0.001,46.79627070282597,46.79374076934834,86751,1.4437733888626099,1.0688029527664185,0.012017841888179209
0.0,6.3357665567309596e-06,512,False,0,4.413157598037376e-06,1.350341375905099e-08,1.2549108876072898e-05,0.0002858142510501433,0.001,46.246741418460985,46.24515141396066,86999,1.4260822534561157,1.063348412513733,0.013217977762027069
0.0,6.252180810406571e-06,512,False,0,4.325206779491859e-06,1.3233359571739712e-08,1.2265947335978492e-05,0.00028768788433719046,0.001,46.24515141396066,46.2435747329895,87000,1.4260237216949463,1.0633422136306763,0.013304169771135375
2.3283062977608182e-10,6.308525371423457e-06,512,False,0,4.327024758789952e-06,1.2968705904845377e-08,1.3636386336127956e-05,0.0002849770743482894,0.001,46.2435747329895,46.24202091261204,87001,1.4259724617004395,1.0633374452590942,0.013178358634813826
6.984918754504577e-10,1.4256208942242665e-06,512,False,0,8.930026476496338e-07,8.65860034494351e-11,4.45205664128297e-06,0.0002741884810755283,0.001,46.16911812488967,46.17008044816757,87249,1.4144041538238525,1.0640228986740112,0.01265904037126014
1.629814394554785e-09,1.4505337730952306e-06,512,False,0,7.903817320025318e-07,8.485548330111088e-11,4.837368946488676e-06,0.00026122192144983545,0.001,46.17008044816757,46.171055106984326,87250,1.4143403768539429,1.0640267133712769,0.012060637128163812
4.6566125955216364e-10,1.4314416603156133e-06,512,False,0,8.623868370881141e-07,8.315947550625578e-11,4.54249855006302e-06,0.0002690827173680258,0.001,46.171055106984326,46.172029252359366,87251,1.4142866134643555,1.0639749765396118,0.012423832971936206
1.1641531072470457e-09,3.336462555125763e-07,512,False,0,1.777810445867346e-07,5.684245105318771e-13,8.207562872132572e-07,0.000191142385230287,0.001,46.460984863661444,46.46180061243023,87499,1.4056652784347534,1.0642406940460205,0.008880663466988509
4.6566125955216364e-10,3.3038662650142214e-07,512,False,0,2.096905857173044e-07,5.574023856488606e-13,1.6464440933250283e-06,0.00020161245005317487,0.001,46.46180061243023,46.46263566234832,87500,1.4056422710418701,1.0642138719558716,0.00936727745535416
9.313225191043273e-10,3.355089006618073e-07,512,False,0,2.1214479651882393e-07,5.469971364804458e-13,2.2127874318752367e-06,0.00019680503337101072,0.001,46.46263566234832,46.46345166274532,87501,1.4055930376052856,1.0642330646514893,0.009144080562033573
1.8626450382086546e-09,1.853331639267708e-07,512,False,0,1.202626908385396e-07,3.044304324602023e-14,1.1314536178090843e-06,0.00017012522604433142,0.001,46.539835439659484,46.53967395212206,87749,1.4013751745224,1.0625412464141846,0.007917600024238056
1.8626450382086546e-09,1.592561318375374e-07,512,False,0,1.0560081016661742e-07,2.998523111966749e-14,7.39701923414399e-07,0.00015239582057213682,0.001,46.53967395212206,46.53954194917839,87750,1.40138578414917,1.0624918937683105,0.007092451801093342
2.3283062144940914e-09,1.6414557535426866e-07,512,False,0,1.1091012416560159e-07,2.9492105666866907e-14,7.364440524034897e-07,0.0001593945828827078,0.001,46.53954194917839,46.53943569938232,87751,1.4014166593551636,1.0624308586120605,0.007418150876541572
5.122273716295922e-09,1.3620591232665902e-07,512,False,0,1.0670754797908789e-07,3.204819796265256e-14,9.335683759156402e-07,0.00014435407905761567,0.001,46.4766640457127,46.47634343554422,87999,1.3976579904556274,1.0601987838745117,0.006709096035989056
5.355104359949792e-09,1.4575195450561296e-07,512,False,0,1.0285399579928472e-07,3.152438756683088e-14,5.725466319480266e-07,0.0001417712381570562,0.001,46.47634343554422,46.47600139329168,88000,1.39763605594635,1.0601770877838135,0.006589008753869676
5.122273716295922e-09,1.5483234960811387e-07,512,False,0,1.1831409419342715e-07,3.187615829876857e-14,1.1976554735799352e-06,0.00014983310678903892,0.001,46.47600139329168,46.47568141594923,88001,1.3975950479507446,1.060232400894165,0.0069636436798885945
1.8626449271863521e-09,1.3061796266811143e-07,512,False,0,1.0933669873228097e-07,2.5389676068657343e-14,8.995056069233816e-07,0.00015518466797572616,0.001,46.39282355747257,46.39247881370296,88249,1.393744945526123,1.058764100074768,0.007199454920222828
6.984918754504577e-10,1.2945380944984208e-07,512,False,0,1.1824734378406699e-07,2.5573713841985713e-14,1.123736489594761e-06,0.0001530729772735015,0.001,46.39247881370296,46.39209780204999,88250,1.3937292098999023,1.058747410774231,0.007101434855111353
2.7939675018018306e-09,1.3154929945358163e-07,512,False,0,1.0844996790551575e-07,2.575864304954274e-14,1.100938308691556e-06,0.00015212776260859382,0.001,46.39209780204999,46.39170931189048,88251,1.3936727046966553,1.0587550401687622,0.007057526041344927
9.313225191043273e-10,1.240987188566578e-07,512,False,0,1.0361096665619367e-07,2.0453372310380506e-14,9.883053189675087e-07,0.0001431380749210829,0.001,46.29960083650785,46.29915304455238,88499,1.389513373374939,1.0579872131347656,0.006627235733352294
2.561136858147961e-09,1.1618247697242623e-07,512,False,0,9.50319971812353e-08,2.052926087252017e-14,1.0211168643701742e-06,0.00013436971039008664,0.001,46.29915304455238,46.29876276548341,88500,1.3895150423049927,1.0579787492752075,0.006221203785902801
9.778886145284105e-09,1.0710208186992531e-07,512,False,0,9.684902541631514e-08,2.0197602919098188e-14,5.64387212378452e-07,0.00013850173153399543,0.001,46.29876276548341,46.298355747604624,88501,1.3895131349563599,1.0579568147659302,0.006412458810901127
1.1641531072470457e-09,1.1990775306003343e-07,512,False,0,1.1266802990263918e-07,1.911436272051005e-14,1.0509657588431436e-06,0.00015152604188550396,0.001,46.19302289189548,46.19258441867267,88749,1.3850401639938354,1.0578774213790894,0.006999445921535398
6.984918754504577e-10,1.0291113028415566e-07,512,False,0,9.803711650131616e-08,1.9172351866490837e-14,9.507505475453723e-07,0.00013985689665515206,0.001,46.19258441867267,46.1921627658571,88750,1.3850256204605103,1.0578792095184326,0.006460351505276692
1.3969837509009153e-09,1.0617075929530984e-07,512,False,0,1.0002576913674195e-07,1.9034004540919415e-14,8.045710201719498e-07,0.00014324248206740061,0.001,46.1921627658571,46.191723315411124,88751,1.3849866390228271,1.0578806400299072,0.0066166800466427355
7.916240996053148e-09,8.707864651569253e-08,512,False,0,1.1382315892017163e-07,1.9400741488766094e-14,1.030122279708849e-06,0.00016026493460562802,0.001,46.07616867465707,46.07570787094861,88999,1.38033127784729,1.0584520101547241,0.007384394159521801
1.0943038475375033e-08,1.0989604959377175e-07,512,False,0,9.548771030021272e-08,1.9263037359982677e-14,9.353073145703014e-07,0.0001429002876057655,0.001,46.07570787094861,46.07522512165024,89000,1.3803141117095947,1.0584545135498047,0.00658423190639779
6.984918754504577e-10,1.1152586409934884e-07,512,False,0,1.0715928285218557e-07,1.9059774065125935e-14,8.134567809036844e-07,0.00015315446029272946,0.001,46.07522512165024,46.07471594839274,89001,1.380279541015625,1.058483362197876,0.007056626236372353
0.0,9.778885612377053e-08,512,False,0,1.097443872853889e-07,2.240853962924321e-14,9.642647108740875e-07,0.0001511488202579709,0.001,45.94366744386301,45.94316549887806,89249,1.3754537105560303,1.0596750974655151,0.00694433113246444
0.0,1.1804512212165719e-07,512,False,0,1.01026483046724e-07,2.2328836910871212e-14,1.0237154128160233e-06,0.00014480624933804534,0.001,45.94316549887806,45.94262778602601,89250,1.3754600286483765,1.0596848726272583,0.006652857478609619
2.3283062977608182e-10,8.847563037761574e-08,512,False,0,9.602741098683813e-08,2.2074910043972414e-14,7.739966853850128e-07,0.00013594619109654233,0.001,45.94262778602601,45.94205730583654,89251,1.3754642009735107,1.0596948862075806,0.0062457252564764075
9.313225191043273e-10,1.2503004143127328e-07,512,False,0,1.3768258138192492e-07,1.9557582103537423e-14,1.681506504603423e-06,0.00017386105119571754,0.001,45.8010406940562,45.800525409958084,89499,1.3731203079223633,1.0614421367645264,0.007963017080926447
2.3283062977608182e-10,7.241031596549874e-08,512,False,0,1.0188958625780327e-07,1.9798126702244913e-14,1.3782552525299035e-06,0.00014457488692131242,0.001,45.800525409958084,45.8000483296976,89500,1.3730568885803223,1.0614408254623413,0.006621605782081386
2.561136858147961e-09,1.0197980770954018e-07,512,False,0,1.2639465957746645e-07,2.0071683309728362e-14,1.2114198910641977e-06,0.00015673756089249792,0.001,45.8000483296976,45.799546537165185,89501,1.3730299472808838,1.0614192485809326,0.007178587863955326
5.355104359949792e-09,1.0896472701915627e-07,512,False,0,1.0867431815810148e-07,2.1000171436420575e-14,1.1752133070049825e-06,0.00014934460243506953,0.001,45.65981296417342,45.659360947676056,89749,1.3792673349380493,1.0637656450271606,0.0068190466143941125
2.3283062144940914e-09,7.916240463146096e-08,512,False,0,8.921579097558817e-08,2.0810159259088927e-14,8.272008806061517e-07,0.00012985189488191255,0.001,45.659360947676056,45.65893080215785,89750,1.3792476654052734,1.0637587308883667,0.005928954538152934
3.25962878910957e-09,9.732319483646279e-08,512,False,0,9.803927123824858e-08,2.0610120449413863e-14,8.003921200730298e-07,0.00013573114787129764,0.001,45.65893080215785,45.6584850828687,89751,1.3792976140975952,1.0637670755386353,0.006197339088353034
0.0,1.0058282384761696e-07,512,False,0,1.0895110724224286e-07,1.7220146016733078e-14,1.1532184488922919e-06,0.00014506033997304152,0.001,45.52428952546223,45.52355431259876,89999,1.3840440511703491,1.0662845373153687,0.006603768915594724
0.0,9.80216867674244e-08,512,False,0,1.1926501985495376e-07,1.723515824716711e-14,1.1438446760443937e-06,0.00016152543086353922,0.001,45.52355431259876,45.522828023161644,90000,1.384189486503601,1.0662966966629028,0.007353211724782244
0.0,7.636843690761452e-08,512,False,0,1.1022773948626099e-07,1.729666416336952e-14,1.0774472663112581e-06,0.00015553913934306826,0.001,45.522828023161644,45.522112772415284,90001,1.3841952085494995,1.0663026571273804,0.007080581491185072
2.561136858147961e-09,7.334164564554158e-08,512,False,0,1.0044828752835208e-07,2.053170623262335e-14,1.0579723731483897e-06,0.00014668130124127583,0.001,45.38055380929432,45.380037984286886,90249,1.3892756700515747,1.068852424621582,0.006656478683797028
7.334164564554158e-08,9.289941260703927e-08,512,False,0,1.4634418368192328e-07,2.0832644745706066e-14,1.4811459828946432e-06,0.00018466830408630662,0.001,45.380037984286886,45.379609305208625,90250,1.3893455266952515,1.0688668489456177,0.008380254653930436
0.0,9.196809003242379e-08,512,False,0,1.1979514077421183e-07,2.0784906103849254e-14,8.821010389695186e-07,0.00016191692785550474,0.001,45.379609305208625,45.37916695952746,90251,1.3892909288406372,1.0688824653625488,0.007347726925982456
1.3504175555567599e-08,1.1292284796127205e-07,512,False,0,1.1352557567696132e-07,1.8398210230754935e-14,1.5678665632098319e-06,0.00015686337477125508,0.001,45.25439656002711,45.25412947119054,90499,1.3937474489212036,1.071193814277649,0.007098757367642529
0.0,7.264315371457997e-08,512,False,0,1.0981772782976867e-07,1.829351699931939e-14,9.395745215092212e-07,0.00014634057672062542,0.001,45.25412947119054,45.253809165561115,90500,1.3936718702316284,1.0712096691131592,0.006622515405803875
0.0,9.103676745780831e-08,512,False,0,1.0517188105340213e-07,1.8357189175068175e-14,1.1195900228246567e-06,0.0001413375183268915,0.001,45.253809165561115,45.253474245241875,90501,1.393597960472107,1.0712498426437378,0.006396061082299145
1.1641531072470457e-09,7.334164564554158e-08,512,False,0,1.0797611377133554e-07,2.012531500093436e-14,7.863483014713898e-07,0.0001483050139820764,0.001,45.08482541620765,45.08416743700311,90749,1.3978134393692017,1.0733370780944824,0.006686305663730149
8.54488391155428e-08,1.003499932039631e-07,512,False,0,1.4451926794058743e-07,2.0964265395016897e-14,1.7629885184737012e-06,0.00018130193901072446,0.001,45.08416743700311,45.08354438905125,90750,1.3978464603424072,1.0733637809753418,0.008173846975012828
0.0,6.6589549874152e-08,512,False,0,1.3310675837050393e-07,2.0776374111986275e-14,9.575532572704033e-07,0.00016927078489007246,0.001,45.08354438905125,45.08294484543448,90751,1.3978915214538574,1.0733624696731567,0.0076313269443611265
0.0,8.475034007915383e-08,512,False,0,1.185053568411257e-07,2.1206748245702954e-14,1.18040395673944e-06,0.00016234772405118264,0.001,44.86035023579305,44.85948001012954,90999,1.4014710187911987,1.0756272077560425,0.007282975760919936
0.0,8.870846102126961e-08,512,False,0,1.233346565628173e-07,2.1124260109100264e-14,1.1492604643252516e-06,0.00017696758569877492,0.001,44.85948001012954,44.85872324938503,91000,1.4015111923217773,1.0755925178527832,0.007938673873095079
1.1408700650861192e-08,1.0384245285877114e-07,512,False,0,1.385533046081471e-07,2.142883736191282e-14,1.5388226887498456e-06,0.00018456226785725877,0.001,44.85872324938503,44.85794483961418,91001,1.4015636444091797,1.0755817890167236,0.00827922769608764
0.0,1.0128131577857857e-07,512,False,0,1.128038207924833e-07,1.8639897714318005e-14,1.328190094028003e-06,0.00016054789039883315,0.001,44.66631312727625,44.66509009340529,91249,1.4048292636871338,1.0772333145141602,0.007171082344477909
0.0,5.960463766996327e-08,512,False,0,1.1236560837624438e-07,1.8524812193564963e-14,1.071680048385167e-06,0.00016047487698606585,0.001,44.66509009340529,44.663823883736285,91250,1.404855728149414,1.0772595405578613,0.007167624838310762
0.0,9.755602548011666e-08,512,False,0,1.2057505076808384e-07,1.8773939393410805e-14,1.2479064192802002e-06,0.00016693922148586332,0.001,44.663823883736285,44.66254623619177,91251,1.404930830001831,1.0772879123687744,0.007456143987732644
0.0,9.196809003242379e-08,512,False,0,9.785276328709561e-08,2.0530406150030207e-14,9.688026889545415e-07,0.00014014057887364194,0.001,44.490245895965835,44.48945593007779,91499,1.4091547727584839,1.0790915489196777,0.006234888814091325
0.0,6.984918599073353e-08,512,False,0,1.0451445654528549e-07,2.028884549318849e-14,8.503618079645242e-07,0.00015219539270162828,0.001,44.48945593007779,44.48855770492534,91500,1.409009575843811,1.0790812969207764,0.006771090216359974
0.0,9.93410651517479e-08,96,True,0,1.2076878398454564e-07,2.0313243151325986e-14,1.2869844174713834e-06,0.0001736167854050934,0.001,44.48855770492534,44.48767503790936,91501,1.4089397192001343,1.0790767669677734,0.007723960376038137
0.0,6.519257311765614e-08,512,False,0,1.2745116596429053e-07,2.0758427942402583e-14,1.0430682422858154e-06,0.00017979910354293374,0.001,44.31330795828083,44.31297149971699,91749,1.4125217199325562,1.0807205438613892,0.007967493045920844
0.0,9.941867062934762e-08,512,False,0,1.289547081778992e-07,2.0905011350756565e-14,1.643113458078255e-06,0.00017564016138214497,0.001,44.31297149971699,44.31269555090261,91750,1.4125758409500122,1.0807366371154785,0.007783137465532683
0.0,9.429639646896248e-08,512,False,0,1.1886530859160535e-07,2.083665898958013e-14,1.0692968616449095e-06,0.00017290548862894292,0.001,44.31269555090261,44.31240573293006,91751,1.4125990867614746,1.0807664394378662,0.007661908276694401
0.0,9.243375131973153e-08,512,False,0,1.2319643737126535e-07,2.2843459599185797e-14,1.5811835193965385e-06,0.00017241087324112387,0.001,44.14950343745105,44.148852147815745,91999,1.4158077239990234,1.0823591947555542,0.007611854440812936
0.0,4.3073661970538524e-08,512,False,0,1.232323275528869e-07,2.279429235831449e-14,1.3057088278800162e-06,0.00017702537555803832,0.001,44.148852147815745,44.14814804795641,92000,1.41582453250885,1.0823848247528076,0.007815467131923388
0.0,1.0384245285877114e-07,512,False,0,1.2182766516095587e-07,2.2753594381536064e-14,1.3121930420525028e-06,0.00016575037562884066,0.001,44.14814804795641,44.14749075337174,92001,1.4159207344055176,1.082436442375183,0.007317572122266443
0.0,9.010545198862019e-08,512,False,0,1.0245594299377311e-07,2.069181045258731e-14,9.687070077686056e-07,0.0001525808969554917,0.001,44.012436268374636,44.01157837917803,92249,1.4189246892929077,1.0836211442947388,0.006715457003025016
0.0,7.660127465669575e-08,512,False,0,1.0722744250945931e-07,2.0487076227041088e-14,9.688535830262902e-07,0.0001563071301568561,0.001,44.01157837917803,44.01073943279769,92250,1.4190335273742676,1.0836522579193115,0.006879323510122855
0.0,8.451751654092732e-08,512,False,0,1.0227478126972874e-07,2.0284993826768534e-14,8.981955621936972e-07,0.00014624006823728928,0.001,44.01073943279769,44.009875076874096,92251,1.4190760850906372,1.0836373567581177,0.0064361335378258925
0.0,1.0384245285877114e-07,512,False,0,2.2292693162038084e-07,2.187996609475739e-14,2.3765563915078176e-06,0.0002796539791067469,0.001,43.853441735198345,43.852891152223116,92499,1.4218169450759888,1.0851868391036987,0.0122637894787741
0.0,8.692343556049309e-08,96,True,0,1.78431019836763e-07,2.397506275882456e-14,2.7252153923257156e-06,0.0002496234189457462,0.001,43.852891152223116,43.85248755534421,92500,1.421779990196228,1.0851813554763794,0.010946708620073596
0.0,5.122273449842396e-08,512,False,0,1.973733093807943e-07,2.409312153921885e-14,1.5712161051632124e-06,0.0002654885213306774,0.001,43.85248755534421,43.852022771259755,92501,1.4218403100967407,1.0851625204086304,0.011642332077740266
6.551726983161643e-07,0.00904405489563942,512,False,0,0.117260962605342,12.940430766918118,0.6976413632810765,0.0004477492530959869,0.001,44.186762857241526,44.18323293132806,92749,1.4214165210723877,1.104871392250061,0.01978459006605939
8.796113206699374e-07,0.008292080834507942,512,False,0,0.11798115162325448,12.68163215544752,0.443361119775817,0.0004304893103297331,0.001,44.18323293132806,44.17971775870795,92750,1.4213638305664062,1.1048710346221924,0.019020409472745366
4.419106574005127e-07,0.007853861898183823,512,False,0,0.11653224962195241,12.42800199888694,0.2697996677636272,0.0004153413209743427,0.001,44.17971775870795,44.17620183004842,92751,1.4213050603866577,1.104870080947876,0.018349662334175388
1.2572806440402928e-07,0.0001973127364180982,512,False,0,0.0009403060503935034,0.08288510017019313,0.002494868744486334,0.00026498606567343976,0.001,43.214155192394934,43.210307187275525,92999,1.4096367359161377,1.102047085762024,0.011451148965834181
9.802158018601403e-08,0.0002019377425312996,512,False,0,0.0009131468750134811,0.08122740213664549,0.0027098659724322533,0.00025545645358831354,0.001,43.210307187275525,43.206460983015646,93000,1.4095890522003174,1.1020352840423584,0.011038351832523021
9.452914184748806e-08,0.00018827556050382555,512,False,0,0.0009191235085757456,0.0796028550996317,0.002428426141210197,0.00025507992890968123,0.001,43.206460983015646,43.20262159850274,93001,1.4095412492752075,1.1020233631134033,0.011021100995986546
1.932493631784382e-08,2.0988454707548954e-05,512,False,0,8.567838634789305e-05,0.0005308820293191651,0.000299625685213257,0.00024128138939177206,0.001,42.29788043054294,42.29443571640985,93249,1.398078441619873,1.0990341901779175,0.010205691358608446
2.142040500530129e-08,1.9519578927429393e-05,512,False,0,8.132729548205773e-05,0.0005202643994707596,0.00026040095087792565,0.00023603738151163216,0.001,42.29443571640985,42.290986871221506,93250,1.398032784461975,1.099022388458252,0.009983067859013433
1.885927858324976e-08,2.036913610936608e-05,512,False,0,8.202821723129763e-05,0.0005098591342338821,0.00038318149746849057,0.00023342322419963937,0.001,42.290986871221506,42.287531323994166,93251,1.3979873657226562,1.0990105867385864,0.009871698510065143
1.2417633588057697e-09,3.1938102438289206e-06,96,True,0,1.2201312608687458e-05,3.4003302427242696e-06,0.00011133366941884705,0.0002483889234257476,0.001,41.47643406699293,41.47338391830142,93499,1.3870952129364014,1.0958935022354126,0.010302286805439376
3.0267979234110953e-09,3.0468163458863273e-06,512,False,0,1.0939954825324485e-05,3.3323238444473434e-06,4.100189480170418e-05,0.00023510749943101125,0.001,41.47338391830142,41.47033044919165,93500,1.3870506286621094,1.0958806276321411,0.009750703585974163
2.0954755708402217e-09,3.0479804991045967e-06,512,False,0,9.958151457423572e-06,3.2656775539004593e-06,5.183342674368441e-05,0.00023075161986573373,0.001,41.47033044919165,41.46726955082477,93501,1.3870078325271606,1.0958672761917114,0.009569345927518234
2.7939675018018306e-09,6.77769776302739e-07,512,False,0,1.938400605000962e-06,2.177997354691215e-08,1.4263069739927333e-05,0.0002200913938631832,0.001,40.82255297388918,40.82065422355472,93749,1.376674771308899,1.0926486253738403,0.008984692585076904
2.561136858147961e-09,6.740444860042771e-07,512,False,0,1.5845062011371907e-06,2.1344383400919705e-08,1.3541793164007297e-05,0.00021537353166281817,0.001,40.82065422355472,40.81875676097939,93750,1.3766330480575562,1.0926363468170166,0.008791688464913714
5.122273716295922e-09,6.8685017140524e-07,512,False,0,1.4924494403225278e-06,2.0917500928029843e-08,1.1382756847977703e-05,0.0002132230521976484,0.001,40.81875676097939,40.81687032873467,93751,1.3765937089920044,1.0926226377487183,0.008703499903489422
4.6566125955216364e-10,0.0006447654450312257,512,False,0,0.0023243186313568406,0.054816016254666464,0.00524664628466959,0.0002613910350677652,0.001,40.768331860599275,40.764557386845,93999,1.3736693859100342,1.1010334491729736,0.010656476463028194
0.0,0.0006236862391233444,512,False,0,0.002290952838125006,0.053719696205470825,0.004922318463821443,0.00025662182802305475,0.001,40.764557386845,40.760786258213116,94000,1.3736273050308228,1.1010196208953857,0.010461075235162884
6.984918754504577e-10,0.0006146582309156656,512,False,0,0.002241333132659359,0.05264530535946725,0.004342656477831191,0.0002446955177576793,0.001,40.760786258213116,40.75701743867491,94001,1.3735848665237427,1.1010059118270874,0.009973981697663557
2.3283062977608182e-10,5.529672489501536e-05,512,False,0,0.00017433440630078135,0.000351101564263431,0.00042155228532876187,0.00025436869801099095,0.001,39.8678636217568,39.86446936709235,94249,1.363181471824646,1.0976239442825317,0.010141136561946026
4.6566125955216364e-10,5.344421515474096e-05,512,False,0,0.00017064423033910398,0.000344079565073557,0.0004459682058891867,0.00025082261435732444,0.001,39.86446936709235,39.86106244667569,94250,1.3631407022476196,1.0976099967956543,0.009998910426621578
9.313224635931761e-10,5.025394420954399e-05,512,False,0,0.00016316493321637054,0.0003371979907988659,0.0004889903658494632,0.00024322429938740517,0.001,39.86106244667569,39.85766527954605,94251,1.3630988597869873,1.0975961685180664,0.0096951789864303
6.28642649047606e-09,7.960676157381386e-06,512,False,0,2.0474885601663818e-05,2.2488741488517573e-06,7.231713749812181e-05,0.00028328517754678135,0.001,39.11047089185603,39.10785054923516,94499,1.353198528289795,1.0943503379821777,0.01107941669053766
6.053595846822191e-09,7.932271728350315e-06,512,False,0,1.9833670370866204e-05,2.203897248905126e-06,8.952664213073709e-05,0.0002819218437885775,0.001,39.10785054923516,39.105238388455675,94500,1.3531635999679565,1.0943377017974854,0.01102535733344851
6.984918421437669e-09,7.805845598340966e-06,512,False,0,1.8360037365178853e-05,2.1598202018689084e-06,9.020414019241881e-05,0.0002804838594845767,0.001,39.105238388455675,39.10262629767649,94501,1.3531272411346436,1.0943248271942139,0.010968388189258476
8.614732038836337e-09,2.138780018867692e-06,512,False,0,3.6380257671559567e-06,1.440840197708058e-08,2.9821863569828898e-05,0.00027036810392291254,0.001,38.5974242521902,38.596120074096675,94749,1.3443152904510498,1.0914653539657593,0.010435512411372905
1.0244547432591844e-08,2.1413411559478845e-06,512,False,0,3.1470409204209676e-06,1.4120268802044661e-08,3.3519861412641307e-05,0.00025373540484383396,0.001,38.596120074096675,38.594835140647795,94750,1.3442829847335815,1.091454029083252,0.009793202152402147
7.683410352399278e-09,2.1285354705469217e-06,512,False,0,2.7556749515519707e-06,1.3837889785936951e-08,1.9489735649694596e-05,0.00024016153711091913,0.001,38.594835140647795,38.593560386288004,94751,1.344253659248352,1.091442584991455,0.009268994931920491
2.814921913341095e-07,0.012033944949507713,512,False,0,0.13987770600060537,1.0105508305084423,0.9333249052750264,0.0012628793478679035,0.001,38.78438141681868,38.781339533492485,94999,1.3457199335098267,1.104041576385498,0.048979994311132015
2.6589253820930026e-07,0.009324909187853336,512,False,0,0.14512708881977898,0.9903530660956686,0.620874698864325,0.0012511366045297287,0.001,38.781339533492485,38.7782837953371,95000,1.3456743955612183,1.104018211364746,0.04852075346304832
2.793967155412247e-07,0.003843100741505623,512,False,0,0.1331045341872596,0.9705519137570376,0.2777536691782513,0.001200834663171962,0.001,38.7782837953371,38.77522316396359,95001,1.3456307649612427,1.1039959192276,0.04656630735976038
6.589105794319039e-08,0.025354264304041862,512,False,0,0.28438355069632226,0.03348032050380899,1.4138366680356644,0.002384720022340376,0.001,38.223740870587974,38.222172141873266,95249,1.347764015197754,1.097684621810913,0.0911529201828413
7.520428368934517e-08,0.10246247798204422,512,False,0,0.39689261216186905,0.03639621333807813,4.308320878129211,0.003000335886666271,0.001,38.222172141873266,38.22063967009457,95250,1.3474587202072144,1.0975546836853027,0.11467935474359817
6.332992086299782e-08,0.007694459520280361,512,False,0,0.36790362186434566,0.03572612918371702,0.637671255439919,0.0027920304276928876,0.001,38.22063967009457,38.21945864320905,95251,1.3471812009811401,1.0974565744400024,0.1067131889247899
4.6566125955216364e-10,0.020884789526462555,512,False,0,0.18529994369511596,0.017854114443407374,1.233898524428834,0.0020900712319696546,0.001,38.72366484167382,38.72434043263921,95499,1.3545114994049072,1.0873805284500122,0.08093521788201721
0.0,0.002818452659994364,512,False,0,0.16894944597712333,0.017501469803590387,0.1766078589648166,0.0019301861144785557,0.001,38.72434043263921,38.72502671483642,95500,1.3545613288879395,1.087197184562683,0.07474518419542071
4.6566125955216364e-10,0.004502838011831045,512,False,0,0.14543562874330782,0.017173853677704694,0.3726061530974493,0.00178980171524767,0.001,38.72502671483642,38.7256177424453,95501,1.3546167612075806,1.0870177745819092,0.06931011923722606
3.4924592107188346e-09,0.008302074857056141,512,False,0,0.13179713928763825,0.011073503783095772,0.6909509263488498,0.002191971934377854,0.001,39.89049511688598,39.89302166205361,95749,1.3587912321090698,1.0688074827194214,0.08743884574465091
9.080393326144076e-09,0.009905215352773666,512,False,0,0.13465087783353455,0.010932538255791343,0.6626356834943915,0.002186107992348456,0.001,39.89302166205361,39.89580832940599,95750,1.358826994895935,1.0688979625701904,0.08721045349434549
7.217749065091539e-09,0.015783630311489105,512,False,0,0.14688246911120625,0.010845320705329974,0.9238397947227343,0.002311989387800163,0.001,39.89580832940599,39.898482530427145,95751,1.3586559295654297,1.0688390731811523,0.092238685475296
3.632156619914895e-08,0.01934823766350746,512,False,0,0.1825994314290977,0.017414269759459335,1.0091357257489402,0.0025825613957761156,0.001,41.10023123743019,41.110317825243534,95999,1.36658775806427,1.0661741495132446,0.10614387055125882
4.540190801094468e-08,0.011827263981103897,512,False,0,0.17288276016213158,0.01710620651805347,0.5004063168214965,0.0025480684016197276,0.001,41.110317825243534,41.12063562291863,96000,1.3666517734527588,1.066226601600647,0.1047519018310473
3.864985131940557e-08,0.015350280329585075,512,False,0,0.18214283254745736,0.01699278100087604,1.0638568898480507,0.002511673417749294,0.001,41.12063562291863,41.131016873673225,96001,1.3666448593139648,1.0662683248519897,0.1032816074150394
1.932494164691434e-08,7.764293695800006e-05,512,False,0,0.00017186969082326527,0.0001335420942113213,0.00032376806397265724,0.00037899714847688606,0.001,41.16907531460445,41.168455750586276,96249,1.3555221557617188,1.058947205543518,0.015602962149665247
2.0721925508837558e-08,7.942954107420519e-05,512,False,0,0.00017132977111580897,0.00013087127191371744,0.000338877428917251,0.0003777566785545585,0.001,41.168455750586276,41.16784928339746,96250,1.3554706573486328,1.0589231252670288,0.015551659105561784
2.514570596190424e-08,7.969496073201299e-05,512,False,0,0.00017107143549538126,0.00012825386924784695,0.00039121461445532275,0.00037192224059337894,0.001,41.16784928339746,41.167219986834326,96251,1.3554198741912842,1.0588990449905396,0.015311238745891713
2.677552046748133e-08,2.702054007386323e-05,512,False,0,2.762538507429233e-05,8.554169291079061e-07,7.46245610559461e-05,0.0003784944909605024,0.001,40.999540506190066,40.99875587506506,96499,1.344632863998413,1.050940752029419,0.015518100213504908
3.4691762351712896e-08,2.6574445655569434e-05,512,False,0,2.7573453835681114e-05,8.383091235054258e-07,6.986016465819365e-05,0.0003658131621443461,0.001,40.99875587506506,40.997994933261765,96500,1.344594120979309,1.0509169101715088,0.014997884530641636
2.514570596190424e-08,2.6277833967469633e-05,512,False,0,2.721249911550419e-05,8.215433681698657e-07,6.297877000444464e-05,0.0003602208443099947,0.001,40.997994933261765,40.997255570242004,96501,1.3445566892623901,1.0508942604064941,0.014768332349876437
2.607702853651972e-08,8.474532478430774e-06,512,False,0,5.008169200832355e-06,5.481975210404982e-09,1.4215739249282339e-05,0.00032958300337849485,0.001,40.94301871443761,40.94386281762351,96749,1.3362963199615479,1.0488098859786987,0.01349412307528627
2.7939673685750677e-08,8.407710993196815e-06,512,False,0,4.806941716243218e-06,5.372364509326704e-09,1.67875582330645e-05,0.0003126105761548581,0.001,40.94386281762351,40.94474597525055,96750,1.3362646102905273,1.0488038063049316,0.012799484545422757
2.7706843042096807e-08,8.491529115417507e-06,512,False,0,4.842671404702934e-06,5.264943185866056e-09,1.8203391794967585e-05,0.00031857044944175287,0.001,40.94474597525055,40.94566089467767,96751,1.3362332582473755,1.048798680305481,0.013043786127613968
2.7706843042096807e-08,1.6423859960923437e-06,512,False,0,8.449098070455924e-07,3.525320637244607e-11,3.7633596725760164e-06,0.00030268312304484644,0.001,41.54126363692826,41.5447266751493,96999,1.3288670778274536,1.0490449666976929,0.01257383941285476
2.654268982382746e-08,1.6505350686202291e-06,512,False,0,8.478111750813771e-07,3.4549166607499966e-11,4.088083734154855e-06,0.000301111674722054,0.001,41.5447266751493,41.54817349725314,97000,1.328844666481018,1.0490448474884033,0.012509602225024197
3.6321573304576305e-08,1.6111866898427252e-06,512,False,0,8.658594355190481e-07,3.385940095715858e-11,4.767295151202888e-06,0.00031004219753950603,0.001,41.54817349725314,41.5515931301739,97001,1.3288222551345825,1.0490723848342896,0.012881687014841027
4.889443072642052e-09,3.3015379585776827e-07,512,False,0,1.7299408833758776e-07,2.3453257956877816e-13,6.467642409169208e-07,0.0002119463912633283,0.001,42.28763707993884,42.28980525820769,97249,1.32313072681427,1.0500662326812744,0.008962712074146346
5.587934559514451e-09,3.366730538800766e-07,512,False,0,1.7285840713620773e-07,2.2990938634547056e-13,7.706387016334458e-07,0.00021087774856609788,0.001,42.28980525820769,42.29195602899532,97250,1.323122262954712,1.0500667095184326,0.008917978920149566
1.0244547432591844e-08,3.292224732831528e-07,512,False,0,1.7466127262862978e-07,2.2536354538638508e-13,6.506614620507737e-07,0.0002099053680787718,0.001,42.29195602899532,42.29410941671788,97251,1.3231207132339478,1.0500805377960205,0.008877308597037496
2.3283062977608182e-10,1.6903501887099992e-07,512,False,0,1.1886034511595423e-07,1.9617846046339528e-14,1.3183793422454907e-06,0.00017731496241222902,0.001,42.641105295025675,42.64189546682252,97499,1.3224660158157349,1.0512570142745972,0.007560905982603377
2.3283062977608182e-10,1.6042028505580674e-07,512,False,0,1.195088680323512e-07,1.9522496596436908e-14,8.825397336081536e-07,0.0001793060818775377,0.001,42.64189546682252,42.64267038250302,97500,1.32234525680542,1.0512546300888062,0.007645951199987481
1.1641531072470457e-09,1.7741692204253923e-07,512,False,0,1.261571105553928e-07,1.9989361223120308e-14,1.2709516539310604e-06,0.0001853323264311282,0.001,42.64267038250302,42.64350323710774,97501,1.322340965270996,1.0512616634368896,0.007903065307225052
4.889443072642052e-09,1.431908174254204e-07,512,False,0,9.250521746346125e-08,1.6968285520871084e-14,5.702184430298957e-07,0.00014594783101644888,0.001,42.79657195450331,42.797068908282554,97749,1.326844334602356,1.052936315536499,0.006246066851699144
9.313225191043273e-10,1.431908174254204e-07,512,False,0,9.457364575954718e-08,1.672612258750119e-14,5.771985283916286e-07,0.00014839670953787544,0.001,42.797068908282554,42.79758690594932,97750,1.326930046081543,1.0529505014419556,0.006350944203854846
9.313225191043273e-10,1.4295800099262124e-07,512,False,0,9.190228806423335e-08,1.653529956452885e-14,5.693348965758119e-07,0.00014453398767262705,0.001,42.79758690594932,42.79809040549886,97751,1.327046513557434,1.052952766418457,0.006185705898282665
8.381902283360887e-09,1.4109534163253556e-07,512,False,0,1.0547352921750805e-07,1.2995991558392214e-14,8.65497911264263e-07,0.00015476456323961667,0.001,42.89338534047365,42.89370808995691,97999,1.331418752670288,1.0550273656845093,0.006638376048086981
1.839361907229886e-08,1.2014059791454201e-07,512,False,0,9.717939697900715e-08,1.3300455075584768e-14,9.79125458159206e-07,0.00014797367514593588,0.001,42.89370808995691,42.894072050362546,98000,1.3314250707626343,1.0550205707550049,0.006347139626707885
4.6566125955216364e-10,1.224689043510807e-07,512,False,0,9.55178495779171e-08,1.3096132184231626e-14,5.106444298532275e-07,0.00014623386315940472,0.001,42.894072050362546,42.89443709691781,98001,1.3313652276992798,1.055025577545166,0.006272565862562363
0.0,1.057050980080021e-07,512,False,0,8.959658961579389e-08,1.6032807684713187e-14,6.022651807094999e-07,0.00013987079999623985,0.001,42.944596517051934,42.94451893075226,98249,1.3358184099197388,1.0570824146270752,0.00600669507035579
0.0,1.0849906573184853e-07,512,False,0,9.185074132890973e-08,1.5826656769617902e-14,6.410962848094065e-07,0.00014548160352656806,0.001,42.94451893075226,42.94441754714062,98250,1.3358778953552246,1.0570887327194214,0.006247637476722897
0.0,1.1012888023742562e-07,512,False,0,8.778430297895451e-08,1.5571012711624024e-14,5.94411318380455e-07,0.0001374489965060201,0.001,42.94441754714062,42.944296576439534,98251,1.3359712362289429,1.057104229927063,0.005902667097389998
0.0,1.278240091551197e-07,512,False,0,1.5926075320709325e-07,2.02477746088702e-14,2.0220378498011143e-06,0.0002111360029479399,0.001,42.89069039774655,42.89047213782527,98499,1.339990258216858,1.0593019723892212,0.009055768934257795
0.0,9.895300934203988e-08,512,False,0,1.1900374858002991e-07,2.0430854956319322e-14,1.3875304339258604e-06,0.00017150606866459312,0.001,42.89047213782527,42.89032072527049,98500,1.3400143384933472,1.0593187808990479,0.007355976259526679
0.0,7.939523527511483e-08,512,False,0,1.3893911775656795e-07,2.1397175261723604e-14,1.529819053065829e-06,0.0001955440139794107,0.001,42.89032072527049,42.890154777159474,98501,1.340012550354004,1.0593336820602417,0.0083869454754837
0.0,8.149071817342701e-08,512,False,0,9.058055274016334e-08,1.4677161027857557e-14,7.645205988193694e-07,0.00014334639954378543,0.001,42.81422851568678,42.8136939879244,98749,1.3440308570861816,1.061776041984558,0.006137265506968569
0.0,1.1129303345569497e-07,512,False,0,8.142557944498038e-08,1.4539611902629953e-14,7.808625492798938e-07,0.00012867682172223056,0.001,42.8136939879244,42.8131611024405,98750,1.3441098928451538,1.0617895126342773,0.005509130068554282
0.0,8.638015458473092e-08,512,False,0,7.556205561108476e-08,1.430213497656877e-14,5.426187054434193e-07,0.00012120933048688245,0.001,42.8131611024405,42.81258064192686,98751,1.3441646099090576,1.0618009567260742,0.005189354593253852
0.0,9.150242874511605e-08,512,False,0,9.144181159907805e-08,1.0159064931770124e-14,8.475656023500531e-07,0.000141629726221088,0.001,42.685714420584176,42.68526725764908,98999,1.3472185134887695,1.0641074180603027,0.0060455660469388856
1.1641531072470457e-09,5.774199252073231e-08,512,False,0,1.0668252637486387e-07,1.0218654515588943e-14,9.462627629912662e-07,0.0001668007754256734,0.001,42.68526725764908,42.6848098177078,99000,1.3472089767456055,1.0641157627105713,0.007119935677827974
6.47269118303484e-08,1.194421059835804e-07,512,False,0,1.2128894594678522e-07,1.103421895740036e-14,1.5351617110015815e-06,0.00017951155907595882,0.001,42.6848098177078,42.68439057149272,99001,1.3472777605056763,1.064134120941162,0.007662416759237521
0.0,7.683410530034962e-08,512,False,0,9.578650782888137e-08,1.3905657488429436e-14,6.844139199473126e-07,0.00014710259632022985,0.001,42.57959986814555,42.57937764806321,99249,1.3516600131988525,1.0664112567901611,0.006263569690880727
0.0,1.1269001731761819e-07,512,False,0,1.1147829248587431e-07,1.408543349747737e-14,1.2494443554838493e-06,0.000169446846593989,0.001,42.57937764806321,42.579141461208586,99250,1.3515721559524536,1.0664360523223877,0.00721494127239889
0.0,7.078050856534901e-08,512,False,0,8.945743896811513e-08,1.40687158215097e-14,9.493714397297883e-07,0.00014212571151244507,0.001,42.579141461208586,42.57894023296593,99251,1.351508378982544,1.0664573907852173,0.00605159077576332
0.0,1.0058282384761696e-07,512,False,0,1.0414662621754419e-07,1.5992615132230366e-14,1.0465996481605236e-06,0.0001601926088241609,0.001,42.47675846903245,42.476463953436784,99499,1.3548814058303833,1.0685828924179077,0.006804462753548078
0.0,8.824279973396187e-08,512,False,0,9.242427626570945e-08,1.581307259124549e-14,8.053039215730695e-07,0.00014304569362018596,0.001,42.476463953436784,42.476180046979216,99500,1.354845404624939,1.0685899257659912,0.006076075248752191
0.0,7.357447628919545e-08,512,False,0,9.727495771784351e-08,1.5696590535417066e-14,8.735260435281427e-07,0.0001512646401700196,0.001,42.476180046979216,42.475866706712765,99501,1.354758858680725,1.0686233043670654,0.006425144090603278
0.0,9.872017869838601e-08,512,False,0,1.0125134381329529e-07,1.9663958178346644e-14,9.452424429416804e-07,0.00014645371212072863,0.001,42.397093639759106,42.396319966126384,99749,1.359488844871521,1.070717453956604,0.006209211746672855
0.0,8.54488391155428e-08,512,False,0,1.012306535513239e-07,1.9479375801332094e-14,9.471204735815595e-07,0.00015263556616085724,0.001,42.396319966126384,42.39555265670911,99750,1.3594553470611572,1.0707343816757202,0.006471186301166556
0.0,4.982575063650074e-08,512,False,0,1.1989152523490344e-07,1.9565647846920948e-14,1.1334488594044393e-06,0.00017770367955116374,0.001,42.39555265670911,42.39473590417634,99751,1.3594589233398438,1.070764183998108,0.007533845703702324
3.0267981454557003e-09,6.728804891054097e-08,512,False,0,9.060188928330994e-08,1.5931922538224497e-14,8.544060645278019e-07,0.00014012050794962692,0.001,42.31515760321087,42.31501945555329,99999,1.3633408546447754,1.0725700855255127,0.005929221377330425
0.0,8.707865362111988e-08,512,False,0,9.772459498959777e-08,1.57052510136414e-14,6.904790582707327e-07,0.00014925882493261653,0.001,42.31501945555329,42.314910304428665,100000,1.3634976148605347,1.0725867748260498,0.006315890080936691
2.3283062977608182e-10,1.003499932039631e-07,512,False,0,9.089158430198443e-08,1.5611131125552073e-14,8.950533068547835e-07,0.00013789050665017523,0.001,42.314910304428665,42.31479451127405,100001,1.3634917736053467,1.0726161003112793,0.00583482442073439
0.0,7.939524238054219e-08,512,False,0,1.0855822238651598e-07,1.3738568682706372e-14,9.186029513845438e-07,0.00015878282049610603,0.001,42.226593561245245,42.22618981175729,100249,1.3659436702728271,1.0743664503097534,0.00670485762559723
0.0,1.0360962221511727e-07,512,False,0,1.1263983784973232e-07,1.3919076022071143e-14,1.233168972376423e-06,0.0001671724694489137,0.001,42.22618981175729,42.22575217427558,100250,1.366005301475525,1.0743753910064697,0.007059056426250027
0.0,7.031484727804127e-08,512,False,0,8.885058869030663e-08,1.3845795107156796e-14,9.075158764654301e-07,0.00013167482297794065,0.001,42.22575217427558,42.225273618280184,100251,1.36604642868042,1.0743837356567383,0.005560068442658129
0.0,5.634500865880909e-08,512,False,0,9.844675527278773e-08,1.560913819597077e-14,9.706012711207883e-07,0.0001530530345917193,0.001,42.102743037027295,42.102420044784445,100499,1.3693199157714844,1.0759776830673218,0.006443952586452408
0.0,9.31322503561205e-08,512,False,0,1.0335541529607916e-07,1.5427346153400524e-14,8.902815999034643e-07,0.0001598942321563725,0.001,42.102420044784445,42.10205847833072,100500,1.3693331480026245,1.075999140739441,0.006731934124985874
0.0,1.0360962221511727e-07,512,False,0,1.0104604349239862e-07,1.533086502447996e-14,9.331238346044012e-07,0.0001570577121286914,0.001,42.10205847833072,42.10167239361733,100501,1.3693535327911377,1.075984239578247,0.006612452980514998
0.0,9.988433191665536e-08,512,False,0,1.427303341196293e-07,2.2989437231433787e-14,1.2879146740644347e-06,0.00019827695488365907,0.001,42.0411327018312,42.04098026071675,100749,1.3730578422546387,1.0775351524353027,0.008335787771978909
0.0,4.9360089349193004e-08,512,False,0,1.28334149608292e-07,2.2863644039830035e-14,1.315993331682672e-06,0.00018330135302944522,0.001,42.04098026071675,42.04074551575073,100750,1.3729503154754639,1.0775483846664429,0.007706168564473579
0.0,8.195637946073475e-08,96,True,0,1.372400879946939e-07,2.2463342904240806e-14,8.339973781259625e-07,0.00020738267646601137,0.001,42.04074551575073,42.040484178732235,100751,1.3729572296142578,1.0775270462036133,0.008718522325682852
0.0,8.381902460996571e-08,512,False,0,8.931856213493232e-08,4.196710820242612e-14,5.796941747781157e-07,0.00013677852413482934,0.001,41.97394550171374,41.97354120587466,100999,1.379167914390564,1.0790361166000366,0.005741134317840165
0.0,1.0151414642223244e-07,512,False,0,9.957729790036424e-08,4.125101955319971e-14,7.877386262553716e-07,0.00014594790214064122,0.001,41.97354120587466,41.97314235097567,101000,1.3792356252670288,1.0790268182754517,0.006125950284411167
0.0,6.728804891054097e-08,512,False,0,8.811662651783054e-08,4.0529300939536214e-14,7.865970470386564e-07,0.00013382160213848545,0.001,41.97314235097567,41.972702115197144,101001,1.3792256116867065,1.0790261030197144,0.00561691315619428
6.984918754504577e-10,9.359790453800088e-08,512,False,0,1.307855511356627e-07,1.7393116416512916e-14,1.3512460318391546e-06,0.00019058047546093398,0.001,41.89950286000761,41.89966634763724,101249,1.3819996118545532,1.0795009136199951,0.007985227176637013
0.0,4.1443847464961436e-08,512,False,0,1.257468147128007e-07,1.7457881311255428e-14,1.3342266238806561e-06,0.00018289148887054243,0.001,41.89966634763724,41.89973699896858,101250,1.3818553686141968,1.0794739723205566,0.007663092361498338
0.0,8.987261423953896e-08,512,False,0,1.3983128413594845e-07,1.7852377870763018e-14,1.4236256894745916e-06,0.0002020755877401049,0.001,41.89973699896858,41.89974358404616,101251,1.3817274570465088,1.0794757604599,0.008466913980222394
0.0,9.522771904357796e-08,512,False,0,1.04746464617629e-07,1.6556487988421695e-14,9.2988136818432e-07,0.00016741949127178278,0.001,41.842641567747044,41.841803200676615,101499,1.3858230113983154,1.0805819034576416,0.007005273764739762
0.0,7.892958109323445e-08,512,False,0,9.839574238826435e-08,1.637055215427373e-14,7.710662746039674e-07,0.00016121380056764896,0.001,41.841803200676615,41.84093726786895,101500,1.3858858346939087,1.0805926322937012,0.006745476116584695
0.0,8.288769492992287e-08,512,False,0,1.0472449289053263e-07,1.6230241893968538e-14,8.616741006445179e-07,0.00016387990571162088,0.001,41.84093726786895,41.84008586072233,101501,1.385942816734314,1.0805919170379639,0.0068568888543442084
2.030504674621625e-06,0.0015394998481497169,512,False,0,0.014398783451802396,4.4224534603723304,0.027318665958694064,0.00021340577088567163,0.001,42.613976323102634,42.609907849457485,101749,1.4058386087417603,1.0994043350219727,0.009094068467735476
1.428024006600026e-06,0.0021918579004704952,96,True,0,0.019006275963951588,4.334005299711341,0.11930287888507342,0.0002456293515746366,0.001,42.609907849457485,42.60581158985573,101750,1.4057952165603638,1.0993914604187012,0.01046624403571726
1.586268126629875e-06,0.001465536537580192,512,False,0,0.017667453502303847,4.247325227583159,0.02237795727815821,0.00023888702889951548,0.001,42.60581158985573,42.60172367516312,101751,1.4057528972625732,1.0993787050247192,0.010177975744553178
9.080392260329972e-08,0.00010099998326040804,512,False,0,0.0005360560630677803,0.028325955019524014,0.0012844782401430954,0.0002003640366310754,0.001,41.611498955677966,41.60768922311725,101999,1.3952398300170898,1.0963510274887085,0.008337447901029416
8.079220492618333e-08,0.00010834712884388864,512,False,0,0.0005561974528102745,0.02775943490560487,0.0019084724707368632,0.00019827046563119526,0.001,41.60768922311725,41.60388370166636,102000,1.3951971530914307,1.0963387489318848,0.008249575916105522
1.2526280102065357e-07,0.00010856294102268293,512,False,0,0.0005624926365976883,0.027204248719097168,0.0013311553126428499,0.00020268451851260746,0.001,41.60388370166636,41.600087600858735,102001,1.3951548337936401,1.0963265895843506,0.008432463136326764
4.1909511416804435e-09,1.0918978659901768e-05,512,False,0,4.649543637009935e-05,0.00018142862356507856,0.0001694520158253497,0.00019816283156235044,0.001,40.7351429232859,40.731831054896645,102249,1.3848434686660767,1.0932981967926025,0.008072191265775375
2.7939675018018306e-09,1.0963680324493907e-05,512,False,0,4.6334433926594066e-05,0.00017780004780332742,0.00012906846922061015,0.00019482898101876953,0.001,40.731831054896645,40.72851167922217,102250,1.3848031759262085,1.0932856798171997,0.007935741139454186
3.7252898543727042e-09,1.0846572877198923e-05,512,False,0,4.4557041717674597e-05,0.00017424406093382558,0.00012199597215306574,0.0001905688715296234,0.001,40.72851167922217,40.72519432205334,102251,1.3847631216049194,1.093273401260376,0.007761586509790456
2.3283062144940914e-09,1.7357506294501945e-06,512,False,0,5.2394234070591755e-06,1.1620585504631852e-06,2.0130385065986792e-05,0.00020814962581839486,0.001,39.93740797388056,39.93440622744249,102499,1.3751477003097534,1.0901858806610107,0.008312956525919818
2.7939675018018306e-09,1.7713738316160743e-06,512,False,0,5.272375964545063e-06,1.1388174278028517e-06,2.810517250915715e-05,0.00021580425084144527,0.001,39.93440622744249,39.93139465450472,102500,1.3751099109649658,1.090173602104187,0.008618014618711173
2.561136858147961e-09,1.6775431959104026e-06,512,False,0,4.8993386459534365e-06,1.1160410994966888e-06,1.8385515671617204e-05,0.00020575924227685168,0.001,39.93139465450472,39.928384737488244,102501,1.3750730752944946,1.0901613235473633,0.008216253507168817
0.0,0.18242327868938446,96,True,0,1.1303339150888598,2.1451833474250286,5.170991508770221,0.0037470303298566382,0.001,39.557954365533654,39.56563282000819,102749,1.3803491592407227,1.1037880182266235,0.1482248547947394
0.0,0.1946001648902893,512,False,0,1.0102392320019637,2.1033684304284597,3.493674486485207,0.00347803942901466,0.001,39.56563282000819,39.57263297175231,102750,1.3804543018341064,1.103969931602478,0.137610830981905
0.0,0.17942985892295837,512,False,0,0.9535971534204144,2.0626275171655517,3.743243286418275,0.003335645574840723,0.001,39.57263297175231,39.57902541300349,102751,1.380436897277832,1.1041289567947388,0.1320002780570217
0.0,0.00014766561798751354,512,False,0,0.000710675038030707,0.01379331372316361,0.0017376017231186096,0.00021079242284645448,0.001,38.90748993513351,38.90431328929375,102999,1.37564218044281,1.102368712425232,0.008201404070300835
0.0,0.00013856709119863808,512,False,0,0.0007174315363177285,0.013517448619866038,0.001719286911692221,0.00021012743582868987,0.001,38.90431328929375,38.901136622928,103000,1.3756029605865479,1.10235595703125,0.00817486359415532
0.0,0.00013542023953050375,512,False,0,0.0007137160135334434,0.013247099761711133,0.0015716857311609982,0.0002200190052371667,0.001,38.901136622928,38.89795403785661,103001,1.3755635023117065,1.1023433208465576,0.008558989382371733
4.889443072642052e-09,2.1659689082298428e-05,512,False,0,7.953088223133628e-05,8.834681950058814e-05,0.00019325210707094663,0.000315544452633408,0.001,38.191806391118426,38.18925443564856,103249,1.3659175634384155,1.0990124940872192,0.012051212642766556
5.820765647257531e-09,2.083387880702503e-05,512,False,0,7.883427387660077e-05,8.657988371907861e-05,0.00015832691889744964,0.00030746688411889,0.001,38.18925443564856,38.186711480629015,103250,1.3658795356750488,1.0989983081817627,0.011741931068152363
5.587935003603661e-09,2.1094414478284307e-05,512,False,0,7.703276038419538e-05,8.484829031310065e-05,0.0001585935219647927,0.00029173838153296114,0.001,38.186711480629015,38.18417753045913,103251,1.3658413887023926,1.0989840030670166,0.011140529403424854
7.916240996053148e-09,4.284772330720443e-06,512,False,0,8.438406964173486e-06,5.658708700088223e-07,2.5668256450159393e-05,0.00030994087820886845,0.001,37.598033007953504,37.59584074367013,103499,1.3560986518859863,1.0952857732772827,0.011653167369411133
7.217749065091539e-09,4.2880319597315975e-06,512,False,0,8.293313741614096e-06,5.545535345055791e-07,2.5237252700772822e-05,0.00031305947161634973,0.001,37.59584074367013,37.59362548406767,103500,1.35606050491333,1.0952708721160889,0.011769734038185804
6.28642693456527e-09,4.284073838789482e-06,512,False,0,8.113876884874427e-06,5.434625552910625e-07,2.665567473589421e-05,0.0002929536846915574,0.001,37.59362548406767,37.591439355265614,103501,1.3560227155685425,1.0952558517456055,0.011013191106472057
1.1874361049990512e-08,1.690581825641857e-06,512,False,0,1.7819729940529528e-06,3.6253385507967724e-09,6.9307591476042055e-06,0.0002730030155572482,0.001,37.24860321821768,37.24861736511076,103749,1.3474493026733398,1.0915104150772095,0.010168981003868847
1.1641531294515062e-08,1.690116278041387e-06,512,False,0,1.6559282635538425e-06,3.5528588754857706e-09,1.094756686594065e-05,0.00026780641105321793,0.001,37.24861736511076,37.24864874559172,103750,1.3474218845367432,1.0914961099624634,0.009975418533244884
1.3969836842875338e-08,1.6728868104110006e-06,512,False,0,1.5904353031979316e-06,3.4818089190886043e-09,7.046463108120706e-06,0.00025725748755448045,0.001,37.24864874559172,37.24868721296903,103751,1.3473929166793823,1.09148108959198,0.009582493791090276
1.0011715900759555e-08,4.98723125019751e-07,512,False,0,4.3460895484031276e-07,2.3446476604848996e-11,3.7234941015954397e-06,0.0002739119296220077,0.001,37.783346790458616,37.78686571375457,103999,1.342017650604248,1.0882680416107178,0.01034930942695201
1.6298143279414035e-08,5.036125685364823e-07,512,False,0,4.596078377795545e-07,2.2982571578655208e-11,4.383757144416007e-06,0.0002791130622716691,0.001,37.78686571375457,37.79038227330574,104000,1.3420255184173584,1.088256597518921,0.010546807803014379
1.1408700650861192e-08,4.966276492268662e-07,512,False,0,3.910316338358713e-07,2.252682737805071e-11,4.126434396008562e-06,0.00027216467484817916,0.001,37.79038227330574,37.79385913976303,104001,1.3420155048370361,1.0882439613342285,0.01028520710380265
7.217749065091539e-09,0.00047306835767813027,512,False,0,0.0028592881883748563,0.052334071901315594,0.006518222274510857,0.00044446591516925375,0.001,38.41484632467659,38.41190150239094,104249,1.35463547706604,1.0903173685073853,0.017074089827783624
1.1874361049990512e-08,0.00043797053513117135,512,False,0,0.002769715938152768,0.05128739492946921,0.005698805671320741,0.0004591730574270242,0.001,38.41190150239094,38.40894141847936,104250,1.3545986413955688,1.0902997255325317,0.01763771025443855
1.1175869119028903e-08,0.0004319934523664415,512,False,0,0.0027246416074430237,0.050261653500945656,0.005232266339808985,0.00044731858686741175,0.001,38.40894141847936,38.406024823351714,104251,1.3545615673065186,1.0902820825576782,0.017181033398387387
2.4447214030942632e-08,3.881812153849751e-05,512,False,0,0.00017604843596311938,0.0003352046105030554,0.00032479721502719965,0.0003290653576695667,0.001,37.782836623468214,37.78063304427179,104499,1.3458726406097412,1.0859476327896118,0.012433022647272371
2.4680044674596502e-08,3.778228347073309e-05,512,False,0,0.0001711946814834361,0.00032850052970119547,0.0003132697646098579,0.00032053097660284294,0.001,37.78063304427179,37.778437331869576,104500,1.3458387851715088,1.0859297513961792,0.012109863206354075
2.1886078727106906e-08,4.059561251779087e-05,512,False,0,0.00017116518508240186,0.0003219305255705606,0.00040140047858740565,0.00032646402595014676,0.001,37.778437331869576,37.77621855279777,104501,1.3458048105239868,1.085911512374878,0.012333300745467462
2.1886076950750066e-08,6.545310952787986e-06,512,False,0,1.8075082756267936e-05,2.14702457287307e-06,4.01094651518352e-05,0.00024491826835009556,0.001,37.2085149572992,37.20614774849151,104749,1.337261438369751,1.0811445713043213,0.00911304505122035
2.0954754376134588e-08,6.7557884904090315e-06,512,False,0,1.8231061154570213e-05,2.104084372436502e-06,4.696028865550392e-05,0.00025281118635752525,0.001,37.20614774849151,37.20376159458312,104750,1.3372255563735962,1.0811243057250977,0.009406130352089506
2.3515891456327154e-08,6.43052635496133e-06,512,False,0,1.7680447697593926e-05,2.0620027840547186e-06,3.839851964766707e-05,0.00023968028097821743,0.001,37.20376159458312,37.2013781179899,104751,1.3371901512145996,1.0811039209365845,0.008917008032436297
2.491287531825037e-08,2.1753344299213495e-06,512,False,0,2.5472729828358464e-06,1.3753160057280026e-08,8.450188148102465e-06,0.00021082694580594087,0.001,36.67038887601556,36.6688113886536,104999,1.3285012245178223,1.0760869979858398,0.007731106088246509
1.6530973923067904e-08,2.178128397645196e-06,512,False,0,2.4833487192465364e-06,1.347810921322927e-08,9.896167262005934e-06,0.00020544805190892616,0.001,36.6688113886536,36.667234196827856,105000,1.3284670114517212,1.0760687589645386,0.0075335358656147275
1.7462296497683383e-08,2.162295913876733e-06,512,False,0,2.4243073760207425e-06,1.320856352993321e-08,1.1562756988283813e-05,0.00020693102949459558,0.001,36.667234196827856,36.66567327548704,105001,1.3284310102462769,1.0760514736175537,0.007587588521069028
1.6763804566721774e-08,9.392383617523592e-07,512,False,0,5.820010925749774e-07,8.831147496926174e-11,3.4919809383569086e-06,0.00023198542757959096,0.001,36.76466249222975,36.767466249684595,105249,1.3210318088531494,1.0724860429763794,0.00852886594807927
1.839361907229886e-08,9.266655069950502e-07,512,False,0,5.910572762319092e-07,8.65461774888179e-11,3.1359345754136173e-06,0.00023619938154426272,0.001,36.767466249684595,36.770276950120994,105250,1.321004033088684,1.0724706649780273,0.008684452789125054
1.5599651348452426e-08,9.322534424427431e-07,512,False,0,5.956596137986741e-07,8.481693871317897e-11,4.052185091302956e-06,0.0002373669785732517,0.001,36.770276950120994,36.77310818526521,105251,1.320979356765747,1.0724555253982544,0.008728049540951901
6.170009783090791e-07,0.002057678299024701,512,False,0,0.07921905635654311,0.700311890530307,0.1983087910005034,0.0005636533510960448,0.001,37.459566390277324,37.45625410569552,105499,1.3340431451797485,1.088023066520691,0.021114210126484585
6.284096798481187e-07,0.001686225412413478,512,False,0,0.071031513839587,0.6863062978448213,0.0962567398459798,0.0005219331377607459,0.001,37.45625410569552,37.45294892383565,105500,1.334030270576477,1.0880118608474731,0.019549660234149484
6.249172201933106e-07,0.0013035573065280914,512,False,0,0.06341519410663897,0.6725804528641637,0.06525163858905712,0.00047722513166687647,0.001,37.45294892383565,37.44963473068739,105501,1.3340178728103638,1.0880017280578613,0.017873488481490268
2.677552046748133e-08,0.025892090052366257,512,False,0,0.3833139414676442,0.035229279095931265,1.6085801622034024,0.002681172573943038,0.001,37.336029622412624,37.33707355858878,105749,1.3501875400543213,1.0857234001159668,0.10010433864353757
2.1886076950750066e-08,0.09209069609642029,512,False,0,0.39705775709872776,0.03839117377320452,4.087114896994532,0.0029625850282638043,0.001,37.33707355858878,37.33816065267582,105750,1.350467562675476,1.0858535766601562,0.11061425512385947
2.2118909370760775e-08,0.05053698271512985,512,False,0,0.39339838877345407,0.03802780433726286,1.501144821761022,0.002978444158749131,0.001,37.33816065267582,37.33914376856117,105751,1.3506358861923218,1.0859605073928833,0.11120962649439892
8.707864651569253e-08,0.039252229034900665,512,False,0,0.24380154429183196,0.029760524238799223,1.3939458640918598,0.002786914935477378,0.001,38.22028559864143,38.22489311505063,105999,1.3589661121368408,1.079776644706726,0.10651668477306475
9.03382755268467e-08,0.03520621731877327,512,False,0,0.250482126073905,0.02948617584024929,1.3443009073964072,0.0028399347233699686,0.001,38.22489311505063,38.22920781082549,106000,1.3591409921646118,1.079729676246643,0.10855620125453792
9.15024358505434e-08,0.02404148504137993,512,False,0,0.24285085149262853,0.02920771721550247,1.308004386390893,0.002801785590510902,0.001,38.22920781082549,38.23357012747939,106001,1.3593449592590332,1.0796430110931396,0.1071100435810177
2.3515891456327154e-08,0.005994169041514397,512,False,0,0.09383292972841754,0.010317964205141228,0.5265109820200201,0.001459037209294144,0.001,39.29343967396737,39.294934755504734,106249,1.3574007749557495,1.062667727470398,0.05733059056547315
2.3748722099981023e-08,0.0035112579353153706,512,False,0,0.08219098851273521,0.010122230694145142,0.27112755600264143,0.001396320753016905,0.001,39.294934755504734,39.29643014576175,106250,1.3574540615081787,1.0625478029251099,0.05486833288755652
2.2351738238057806e-08,0.009461814537644386,512,False,0,0.08106702187955021,0.009982333882872639,0.6739027432865847,0.0014588816219883542,0.001,39.29643014576175,39.29796429437075,106251,1.3575645685195923,1.0624210834503174,0.05732883974940096
3.166496043149891e-08,0.037741877138614655,512,False,0,0.1621357081431698,0.01401274575072535,0.7851879556215492,0.0031091461740559677,0.001,40.790442264482074,40.799382034088055,106499,1.3542414903640747,1.0533576011657715,0.1268234475046653
3.6088746213636114e-08,0.006263226270675659,512,False,0,0.14652964203082502,0.01374900076986073,0.32299130795855346,0.0028890882407611317,0.001,40.799382034088055,40.80812698946089,106500,1.3543843030929565,1.0533885955810547,0.11787301486500479
1.30383213559071e-07,0.013787083327770233,512,False,0,0.15028073870397285,0.013648445955860324,0.8081113353659053,0.002771066299967435,0.001,40.80812698946089,40.816739549856536,106501,1.3544760942459106,1.0533312559127808,0.1130820254652866
4.09781861776537e-08,0.0005519026890397072,512,False,0,0.011192119123877667,0.0031455314638009816,0.03864328803937883,0.0004984626314698577,0.001,42.254343605153046,42.253504136783306,106749,1.3498672246932983,1.035718560218811,0.02106221130445614
3.864988329382868e-08,0.00040763738797977567,512,False,0,0.010139499480697239,0.003082685964241756,0.01961314618512349,0.000495932759505154,0.001,42.253504136783306,42.25263143177719,106750,1.3498611450195312,1.0356780290603638,0.020954896905317384
3.934837167207661e-08,0.000319067359669134,512,False,0,0.009112006393172169,0.003021043012358633,0.007434351896922983,0.0004736247545875123,0.001,42.25263143177719,42.25173750811437,106751,1.3498523235321045,1.0356472730636597,0.02001189219255208
5.890614573900166e-08,5.9805141063407063e-05,512,False,0,9.444940020041514e-05,2.0151730971722202e-05,0.00020878900332253782,0.00040643928617120536,0.001,42.000790647189554,42.00010465565797,106999,1.340549349784851,1.0311349630355835,0.01707077136926996
5.052424256746235e-08,6.196030881255865e-05,512,False,0,9.44031207869591e-05,1.9748702777208103e-05,0.00022409007745641444,0.00039649360178305984,0.001,42.00010465565797,41.9994001212962,107000,1.3405143022537231,1.0310953855514526,0.01665277277018729
5.3783871578616527e-08,5.957714165560901e-05,512,False,0,9.482216872525517e-05,1.9353736065743332e-05,0.0002215511203727682,0.0003962267983967106,0.001,41.9994001212962,41.99866896302076,107001,1.3404792547225952,1.0310543775558472,0.016641287844643613
9.010545198862019e-08,1.7429309082217515e-05,512,False,0,1.5098755696499989e-05,1.291001842752876e-07,5.1228959820848226e-05,0.0003081294022583042,0.001,41.794868051374685,41.79412428892995,107249,1.331616759300232,1.023998737335205,0.012878227710134778
9.31322503561205e-08,1.742558742989786e-05,512,False,0,1.5026219110270077e-05,1.2651837286531305e-07,3.867700234756902e-05,0.0003023482920632342,0.001,41.79412428892995,41.79337063293895,107250,1.331579327583313,1.0239938497543335,0.012636382097036502
9.31322503561205e-08,1.7425352780264802e-05,512,False,0,1.485134152476547e-05,1.239882371185118e-07,4.453796380517137e-05,0.00031638799558693885,0.001,41.79337063293895,41.792614408412504,107251,1.3315421342849731,1.0239893198013306,0.01322292076337759
8.195637946073475e-08,4.954157702741213e-06,512,False,0,2.6910936599287982e-06,8.279924383022257e-10,9.991658188347037e-06,0.00029939139078382406,0.001,41.84365180250299,41.84521875117607,107499,1.3229666948318481,1.023350715637207,0.012527629108625437
8.940696005765858e-08,4.903866283711977e-06,512,False,0,2.5966014240362724e-06,8.114446104954597e-10,9.92748687293262e-06,0.0002838776585979894,0.001,41.84521875117607,41.84680520680613,107500,1.322933316230774,1.023357629776001,0.011878922722604544
8.358619396631184e-08,4.907824404654093e-06,512,False,0,2.6195214353287623e-06,7.952245642978511e-10,9.00717468935454e-06,0.0002985892746645689,0.001,41.84680520680613,41.84845915248636,107501,1.3229011297225952,1.0233694314956665,0.012495007213729748
3.6321573304576305e-08,8.349303470822633e-07,512,False,0,4.483955161299269e-07,5.349592572145898e-12,1.8939220095353776e-06,0.0002669710717355907,0.001,42.50558262848055,42.50848166724497,107749,1.3153306245803833,1.0235493183135986,0.011347760949071159
2.002343357787595e-08,8.251514600488008e-07,512,False,0,4.5698154809631475e-07,5.2429565494275306e-12,1.7614708578708408e-06,0.00026922219211454135,0.001,42.50848166724497,42.51142098679405,107750,1.3153084516525269,1.0235480070114136,0.011444226617916485
1.0710208719899583e-08,8.316707180711091e-07,512,False,0,4.434534957629202e-07,5.1384639904028774e-12,2.0450076708913535e-06,0.00026536661453542294,0.001,42.51142098679405,42.514361271802635,107751,1.3152915239334106,1.0235592126846313,0.011281111866355666
1.1641531072470457e-09,2.312008007265831e-07,512,False,0,1.2698838965305087e-07,4.0426354209570894e-14,9.695217878037194e-07,0.00017660857348141942,0.001,42.987861452173554,42.98891347926761,107999,1.3095009326934814,1.023168683052063,0.00759202488808527
3.0267981454557003e-09,2.2887249429004441e-07,512,False,0,1.279306990933546e-07,3.9677828351348443e-14,5.455961178774744e-07,0.0001769282003268279,0.001,42.98891347926761,42.98995205597031,108000,1.3094691038131714,1.0231616497039795,0.007605951095892532
2.0954755708402217e-09,2.2840683300273668e-07,512,False,0,1.3222875010941146e-07,3.905626974160073e-14,7.86946189821629e-07,0.00017979047651313913,0.001,42.98995205597031,42.99098167795441,108001,1.309454083442688,1.0231521129608154,0.007729183965419908
0.0,1.43889309356382e-07,512,False,0,9.618757107209723e-08,1.220629035535093e-14,5.641411789599226e-07,0.00015288024228908887,0.001,43.09837418941448,43.09849160501428,108249,1.3114417791366577,1.0208384990692139,0.006588889888343499
0.0,1.4808026094215165e-07,512,False,0,9.204440601988214e-08,1.211233670385679e-14,6.206986845357183e-07,0.00014956111501082984,0.001,43.09849160501428,43.098616205799246,108250,1.311456561088562,1.0208333730697632,0.006445858459730825
0.0,1.485459222294594e-07,512,False,0,9.42377082840088e-08,1.1949480315981697e-14,5.133532486881864e-07,0.00015195111014355115,0.001,43.098616205799246,43.098740618213505,108251,1.3114827871322632,1.0208309888839722,0.00654888257812204
3.958120498026574e-09,1.1990776727088814e-07,512,False,0,8.846338721279661e-08,1.1894644188938257e-14,5.874903512145101e-07,0.0001436914605890504,0.001,43.10225226094854,43.102175516597164,108499,1.3193787336349487,1.0185436010360718,0.006193425582053396
3.7252898543727042e-09,1.247972107876194e-07,512,False,0,8.660846191000557e-08,1.1694085942072863e-14,3.7283928107483524e-07,0.00014296587969018948,0.001,43.102175516597164,43.10208807024736,108500,1.3194235563278198,1.0185281038284302,0.0061621404392912605
3.958120498026574e-09,1.3806854326503526e-07,512,False,0,9.762649241649886e-08,1.1690365225359517e-14,7.308871651851721e-07,0.0001546618186397759,0.001,43.10208807024736,43.10200966308788,108501,1.319333791732788,1.0185343027114868,0.006666247328116246
9.546054613451815e-09,1.0384245285877114e-07,512,False,0,9.474699768813285e-08,1.3114452712963561e-14,5.789189828941454e-07,0.00014833026764629996,0.001,43.06099186841727,43.060726012379476,108749,1.3255847692489624,1.0170596837997437,0.00638724844895748
1.8626450382086546e-09,1.2014059791454201e-07,512,False,0,1.2619752613509832e-07,1.4433182161437446e-14,1.352213299173482e-06,0.0001657115610251009,0.001,43.060726012379476,43.06042380082343,108750,1.3256804943084717,1.0170971155166626,0.007135660126385571
2.3283062977608182e-10,1.0407528350242501e-07,512,False,0,9.432555141093639e-08,1.550076557325369e-14,1.2971965418041658e-06,0.00014813190823151928,0.001,43.06042380082343,43.06012772181561,108751,1.3257761001586914,1.0170965194702148,0.006378622746873905
0.0,8.07922262424654e-08,512,False,0,1.2494986078977861e-07,2.6752812824576237e-14,1.3571819426856425e-06,0.00017321323684964504,0.001,42.95350306950635,42.95307145115401,108999,1.3314241170883179,1.0165987014770508,0.0074401153007003585
1.1641531072470457e-09,9.03382755268467e-08,512,False,0,1.1012981234151262e-07,2.6494383771228178e-14,9.098604317674457e-07,0.0001664730811086733,0.001,42.95307145115401,42.95260226490854,109000,1.33150053024292,1.0165659189224243,0.0071505301475546
1.3969837509009153e-09,1.1199152538665658e-07,512,False,0,1.2801205407157156e-07,2.7270375077758302e-14,1.5048331622571268e-06,0.00017590459242936606,0.001,42.95260226490854,42.952059760518374,109001,1.3313888311386108,1.0165809392929077,0.007555559995189403
4.6566125955216364e-10,8.917412230857735e-08,512,False,0,7.755637779202503e-08,1.2947779553031137e-14,5.603475470340586e-07,0.0001292560433868895,0.001,42.81388816722593,42.81334352558675,109249,1.3368409872055054,1.0168445110321045,0.005533953786504391
2.3283062977608182e-10,7.729976658765736e-08,512,False,0,8.63699808976976e-08,1.2851059960268693e-14,6.138696478072307e-07,0.00013769847246954082,0.001,42.81334352558675,42.812806066897274,109250,1.3368281126022339,1.0168206691741943,0.005895332004787001
1.3969837509009153e-09,1.064035899389637e-07,512,False,0,8.388021889840341e-08,1.2970731579671925e-14,8.462493547556839e-07,0.00013388113313904287,0.001,42.812806066897274,42.812241326810216,109251,1.3367888927459717,1.0168507099151611,0.005731826989098296
0.0,7.799825851861897e-08,512,False,0,1.1026558213590132e-07,1.659286114403632e-14,9.945674796734086e-07,0.00016463802429095593,0.001,42.68740765891634,42.68695058763864,109499,1.3418463468551636,1.0174366235733032,0.007027970459066607
0.0,1.0244546899684792e-07,512,False,0,1.0183087229212661e-07,1.697687987761952e-14,1.2381673637180022e-06,0.000151821380528728,0.001,42.68695058763864,42.68642727865418,109500,1.3418971300125122,1.0174616575241089,0.006480791768776896
0.0,8.055938849338418e-08,512,False,0,9.46516518016752e-08,1.6818507600885662e-14,7.795089943479045e-07,0.00014917854074644545,0.001,42.68642727865418,42.68588636434637,109501,1.3419185876846313,1.0174641609191895,0.0063678989311088926
0.0,7.194466178361836e-08,512,False,0,8.702103891946855e-08,1.3505233677132543e-14,1.0293277505480967e-06,0.00013884753293125693,0.001,42.51530428966787,42.514643120360134,109749,1.3459933996200562,1.0184521675109863,0.005903145112442068
0.0,9.010545198862019e-08,512,False,0,9.277103806718384e-08,1.3399784875504257e-14,6.953833178965349e-07,0.00014673170244492852,0.001,42.514643120360134,42.5139432292595,109750,1.3460347652435303,1.0184611082077026,0.00623824596388901
0.0,9.825451741107827e-08,512,False,0,9.317229279362812e-08,1.3458504005306612e-14,9.152624723610138e-07,0.00014330119583969966,0.001,42.5139432292595,42.51321847881001,109751,1.3459877967834473,1.018489122390747,0.006092298904613989
6.984918754504577e-10,1.0477377543338662e-07,512,False,0,1.2762568938427372e-07,1.9096639550328513e-14,1.5330305554120309e-06,0.0001800281989721598,0.001,42.3916507665846,42.391350348979884,109999,1.3500092029571533,1.0196951627731323,0.007631692538965003
3.0267981454557003e-09,8.358619396631184e-08,512,False,0,9.369603298855076e-08,1.9005203783871144e-14,9.699801309285518e-07,0.0001444638040679053,0.001,42.391350348979884,42.3910014002504,110000,1.3499820232391357,1.0197046995162964,0.0061240157309889595
3.725290076417309e-09,9.0648725858955e-08,96,True,0,1.2785393076128548e-07,1.907135818260203e-14,1.2118584098055199e-06,0.00019454979823587087,0.001,42.3910014002504,42.390616597618944,110001,1.3498601913452148,1.0197135210037231,0.008247160769435236
0.0,9.057110617050057e-08,512,False,0,8.287559046770464e-08,1.6667164126746843e-14,6.312270457798999e-07,0.000132036271585934,0.001,42.311783034957756,42.31126341514386,110249,1.3530243635177612,1.021244764328003,0.005586690076088798
0.0,9.31322503561205e-08,512,False,0,8.506858936505611e-08,1.6503822117241176e-14,7.40393900336824e-07,0.0001307382621704957,0.001,42.31126341514386,42.310770332731,110250,1.3531163930892944,1.021253228187561,0.005531701049133981
0.0,8.288770203535023e-08,512,False,0,7.853817501476635e-08,1.6244749721138483e-14,5.77735868361307e-07,0.00012432192597503313,0.001,42.310770332731,42.31026661198344,110251,1.3530782461166382,1.0212429761886597,0.0052601564572524115
0.0,8.917412941400471e-08,512,False,0,1.2116867334475276e-07,3.156236158069636e-14,1.4652891836235558e-06,0.00016876924816803263,0.001,42.17443321101547,42.17396900160398,110499,1.3550629615783691,1.0229599475860596,0.0071177473849359865
0.0,8.102505688611927e-08,512,False,0,1.2767039191188348e-07,3.1291178266237224e-14,1.2176499716696065e-06,0.00018476797934904876,0.001,42.17396900160398,42.1735148650472,110500,1.3551173210144043,1.0229933261871338,0.007792399033555786
0.0,8.428467879184609e-08,512,False,0,1.2381491697478626e-07,3.126657357322275e-14,1.3229618034452364e-06,0.00017332774027791034,0.001,42.1735148650472,42.17315683585659,110501,1.3552449941635132,1.0229793787002563,0.007309840031135493
0.0,8.54488391155428e-08,512,False,0,9.647776279067396e-08,2.1743256772007714e-14,6.880830165382033e-07,0.0001502857542093839,0.001,42.08507448047687,42.08445270426425,110749,1.356640100479126,1.0248610973358154,0.006324787159256562
3.911554102842274e-08,9.033828263227406e-08,512,False,0,9.618427330793633e-08,2.1569143676854293e-14,9.567932927729975e-07,0.0001485432475972392,0.001,42.08445270426425,42.083934891278254,110750,1.3566373586654663,1.0248807668685913,0.006251361278043828
0.0,7.753259723131123e-08,512,False,0,8.896746000132957e-08,2.120661729345643e-14,6.193950301034849e-07,0.0001396265089840262,0.001,42.083934891278254,42.08344148048458,110751,1.3566771745681763,1.0248900651931763,0.005876032913180238
8.568166975919667e-08,5.774199252073231e-08,512,False,0,1.8740010886539283e-07,4.824529014896883e-14,1.6831105904728044e-06,0.0002470433127395879,0.001,42.0225316551746,42.02249162532645,110999,1.3591965436935425,1.0267306566238403,0.010381385429798532
0.0,1.0554988705280266e-07,96,True,0,1.8629461658279226e-07,4.905548276764945e-14,2.216066267960418e-06,0.0002545746884525878,0.001,42.02249162532645,42.02234536854318,111000,1.3592026233673096,1.0267874002456665,0.010697862713518962
0.0,6.286426668111744e-08,512,False,0,1.6768317453654109e-07,4.847728297458821e-14,1.317968664053038e-06,0.00024166984754844372,0.001,42.02234536854318,42.02214930833598,111001,1.359229564666748,1.0268239974975586,0.01015553379884388
0.0,6.868503277246418e-08,512,False,0,1.0924031032005602e-07,2.1231380087915568e-14,7.803007506648512e-07,0.0001653171542650162,0.001,41.886661224039166,41.886203727764865,111249,1.361868977546692,1.0286403894424438,0.0069245836352209555
0.0,1.1781229147800332e-07,512,False,0,1.3170269199915463e-07,2.1916894925086468e-14,1.60417009612971e-06,0.00018294329434315017,0.001,41.886203727764865,41.88572336646773,111250,1.3618556261062622,1.0286977291107178,0.007662800097485641
0.0,1.0011716966573658e-07,512,False,0,1.2826103471465324e-07,2.253456532467034e-14,1.6605601180184505e-06,0.00018639347106213245,0.001,41.88572336646773,41.88542322472696,111251,1.361810326576233,1.0286924839019775,0.007807225366224187
0.0,9.476205775627022e-08,512,False,0,1.2221498727331405e-07,2.673448089970766e-14,1.2050793674726627e-06,0.00017908399763183255,0.001,41.783964171142614,41.78337473361426,111499,1.3677927255630493,1.0305520296096802,0.00748283934067348
0.0,5.797482316438618e-08,512,False,0,1.2960795309660926e-07,2.6921101446597393e-14,1.3628022738137062e-06,0.00018611931723703934,0.001,41.78337473361426,41.78285357122838,111500,1.367883324623108,1.0305355787277222,0.007776693177279646
0.0,1.0873190348092976e-07,512,False,0,1.3452534476307946e-07,2.7211679714676037e-14,1.6725825848626584e-06,0.0001928069624391356,0.001,41.78285357122838,41.78235407850166,111501,1.3679767847061157,1.0305657386779785,0.008056025079107732
7.012393325567245e-05,0.20032557845115662,512,False,0,3.914546067054639,134.51581120973736,3.872417394293813,0.003461509035064145,0.001,42.166005501312114,42.17245994448345,111749,1.3715671300888062,1.0463829040527344,0.14595800901535633
7.086919504217803e-05,0.1789405643939972,512,False,0,3.585551192998311,131.8264980978725,4.179770369147275,0.0033306230173646067,0.001,42.17245994448345,42.17832953227459,111750,1.3716589212417603,1.046557068824768,0.14046056578998348
6.271438905969262e-05,0.17113319039344788,512,False,0,3.2754324730979474,129.19055551865318,3.722212109806005,0.003191897423574225,0.001,42.17832953227459,42.18370977570252,111751,1.371743083000183,1.0467122793197632,0.1346289013647319
8.841350336297182e-07,0.00011161038128193468,96,True,0,0.0010509388081349725,0.8616793028651091,0.00432517243163164,0.00019604681983969671,0.001,41.313597301425865,41.3095623449529,111999,1.3636393547058105,1.0469938516616821,0.008099399367082417
1.0591454611130757e-06,0.00011049251770600677,512,False,0,0.0010181749367214892,0.8444457291751452,0.0023016817911861946,0.0001966148901921843,0.001,41.3095623449529,41.305512719990624,112000,1.363599181175232,1.0469884872436523,0.008122075064340106
9.87899511528667e-07,0.00010428342648083344,512,False,0,0.00099069139958066,0.8275568361025198,0.0018198861640767805,0.00019512262435377798,0.001,41.305512719990624,41.30147496533037,112001,1.3635586500167847,1.0469831228256226,0.008059640042202929
1.308507933117653e-07,1.6441832485725172e-05,512,False,0,0.0001322775502053576,0.005519098460658595,0.00026513828815281676,0.00020412615323554478,0.001,40.36780039364518,40.364358213027565,112249,1.3538868427276611,1.0455617904663086,0.008240123808935101
1.33179099748304e-07,1.636102024349384e-05,512,False,0,0.00012997885461032142,0.005408716641020845,0.00027467546109445547,0.00020460025194591716,0.001,40.364358213027565,40.36092289410152,112250,1.3538494110107422,1.045555591583252,0.00825855786002069
1.3830137390868913e-07,1.559759766678326e-05,512,False,0,0.00013000526263748537,0.005300542352761005,0.000271819309898334,0.00020609901369277468,0.001,40.36092289410152,40.35749517407486,112251,1.3538122177124023,1.0455493927001953,0.008318346400204452
1.0244546544413424e-08,2.3525171854998916e-06,512,False,0,9.909644667519569e-06,3.5349980438706055e-05,2.954322290158016e-05,0.00022179365878077678,0.001,39.542366440733275,39.539201946592414,112499,1.3443665504455566,1.0439454317092896,0.008770246129740434
1.1175870007207322e-08,2.4000137273105793e-06,512,False,0,1.0925577879700104e-05,3.464298311886891e-05,5.809343652332217e-05,0.0002284034678166252,0.001,39.539201946592414,39.53603791293012,112500,1.3443280458450317,1.0439385175704956,0.009030890839303564
1.3969836842875338e-08,2.308046759935678e-06,512,False,0,1.1425681599515644e-05,3.395012320241358e-05,3.968786261873525e-05,0.0002536125037182703,0.001,39.53603791293012,39.53287736830203,112501,1.344289779663086,1.0439313650131226,0.010026833562198665
5.587934559514451e-09,7.292252917068254e-07,512,False,0,2.1541359265549573e-06,2.264177760890662e-07,7.3156507104385905e-06,0.0002595486008627398,0.001,38.82478633027205,38.82244937018797,112749,1.3348370790481567,1.0421754121780396,0.010076918970816934
9.313224857976365e-09,7.282940259756288e-07,512,False,0,1.8272003281054833e-06,2.2188943701231187e-07,9.413026739585546e-06,0.00022882035846317372,0.001,38.82244937018797,38.82012442306726,112750,1.3347997665405273,1.0421676635742188,0.008883366781304823
1.0011716788937974e-08,7.44359226700908e-07,512,False,0,1.8665119733994448e-06,2.1745165794373066e-07,1.2309435902475702e-05,0.00024355525148559925,0.001,38.82012442306726,38.817808266313925,112751,1.3347625732421875,1.0421593189239502,0.009454845166562401
6.984911351537448e-07,0.0002616717538330704,512,False,0,0.0012466071045696072,0.01672743335275915,0.0022962056830548873,0.0003126429373790734,0.001,38.7009301918153,38.697585241019304,112999,1.341606616973877,1.0613223314285278,0.012099572494471604
6.253827677937807e-07,0.0002773950109258294,512,False,0,0.0012378069453172118,0.016392885961472897,0.0027003068832619145,0.0003166036813552769,0.001,38.697585241019304,38.6942420289308,113000,1.3415791988372803,1.0613117218017578,0.01225179794686634
7.154877721404773e-07,0.00025491529959253967,512,False,0,0.0012066371852724742,0.016065028558494114,0.0019821644522126547,0.00030407104201307027,0.001,38.6942420289308,38.69089698774923,113001,1.3415515422821045,1.0613011121749878,0.011765798493642928
5.611217801515522e-08,3.0132854590192437e-05,512,False,0,9.768215323233946e-05,0.00010714071100310269,0.0002366319436106646,0.00026228774899375107,0.001,37.96568697434893,37.962996881068456,113249,1.3334050178527832,1.058706521987915,0.009957934575503355
4.8428766774577525e-08,3.0625036743003875e-05,512,False,0,9.692404707567156e-05,0.00010499789929673217,0.00026222447002340353,0.0002796963960262192,0.001,37.962996881068456,37.96030569609994,113250,1.3333693742752075,1.0586953163146973,0.010618113409989447
6.007029185184365e-08,2.998245690832846e-05,512,False,0,9.66336187122732e-05,0.00010289794783907478,0.00023577100502331192,0.00028016235269255624,0.001,37.96030569609994,37.95768639464696,113251,1.333333134651184,1.0586841106414795,0.010635048552748003
7.4505797087454084e-09,5.6607946135045495e-06,512,False,0,1.154945677279877e-05,6.862664119661058e-07,4.010232159939327e-05,0.00025567163141261535,0.001,37.35511867169588,37.352872275662286,113499,1.3244290351867676,1.0560235977172852,0.009550644132404333
8.381902283360887e-09,5.681981747329701e-06,512,False,0,1.1762477579525887e-05,6.725413330509721e-07,4.428479279664443e-05,0.0002760404503343332,0.001,37.352872275662286,37.35064351308293,113500,1.3243913650512695,1.056013584136963,0.010310903684254647
9.546055501630235e-09,5.536929165828042e-06,512,False,0,1.115634104228592e-05,6.590905609018678e-07,3.4677591568692375e-05,0.00026044828904492193,0.001,37.35064351308293,37.34842970157886,113501,1.3243545293807983,1.0560033321380615,0.009727911197709261
1.234002322547667e-08,2.1394785107986536e-06,512,False,0,2.156853689576992e-06,4.3986943974239565e-09,1.295796744549507e-05,0.0002263056917950888,0.001,36.98013042934972,36.97995297483894,113749,1.3167035579681396,1.0540833473205566,0.008368813999486602
1.0943039363553453e-08,2.1499558897630777e-06,512,False,0,1.9927799314769015e-06,4.310738029920677e-09,1.2748380977877906e-05,0.00022549879247851464,0.001,36.97995297483894,36.979777676715194,113750,1.3166882991790771,1.0540764331817627,0.008338934741738436
1.1641531294515062e-08,2.1320279302017298e-06,512,False,0,2.095924057969755e-06,4.224540599874622e-09,1.1081181822935822e-05,0.00023039542103810533,0.001,36.979777676715194,36.979613326814494,113751,1.3166694641113281,1.0540696382522583,0.008519971447722326
8.381902283360887e-09,6.251500508369645e-07,512,False,0,5.287533569547724e-07,2.87672685259523e-11,5.396195022357588e-06,0.0002713582536366127,0.001,37.48873521567034,37.49237932778147,113999,1.3125274181365967,1.052979588508606,0.010172877719169688
8.149071639707017e-09,6.144398412288865e-07,512,False,0,5.060709592332217e-07,2.8196055673470384e-11,5.276036924918933e-06,0.0002727831411480583,0.001,37.49237932778147,37.496009844824364,114000,1.312538743019104,1.0529762506484985,0.010227289002146757
1.1641531294515062e-08,6.146726718725404e-07,512,False,0,4.485498549969954e-07,2.7633807704269755e-11,3.5987663259330503e-06,0.00025998844791729647,0.001,37.496009844824364,37.4996437035617,114001,1.3125479221343994,1.052972435951233,0.009748529402647555
1.1571631830520346e-06,0.0008649062365293503,512,False,0,0.00973439165300927,0.6217529459665748,0.015257503205199644,0.0001554459424060725,0.001,38.078416728423875,38.074918882841,114249,1.3276327848434448,1.0630457401275635,0.005919135373681005
1.04238051790162e-06,0.0007993170293048024,512,False,0,0.009196732386647,0.6093179222572892,0.011543813990844096,0.00015260439981755106,0.001,38.074918882841,38.07141503757634,114250,1.3276042938232422,1.0630348920822144,0.005810400144217892
9.839408221523627e-07,0.0008241363102570176,512,False,0,0.008714717977143557,0.5971315949066719,0.015886281033259893,0.00018117567608983825,0.001,38.07141503757634,38.06791636951837,114251,1.3275750875473022,1.0630244016647339,0.0068976143591297275
6.728804180511361e-08,8.030862954910845e-05,512,False,0,0.00033186101273238614,0.003982347335280479,0.0006993410972530687,0.0001604115082849863,0.001,37.23796717596856,37.234749277837736,114499,1.3189594745635986,1.0600210428237915,0.005973398480163929
6.332992086299782e-08,7.599940727232024e-05,512,False,0,0.00033181485515429546,0.003902700297131235,0.0006793499230122503,0.00015973366288623056,0.001,37.234749277837736,37.23154599674674,114500,1.318923830986023,1.06000816822052,0.00594764288879945
6.635671923049813e-08,7.777921564411372e-05,512,False,0,0.00033163517428127083,0.0038246465024283937,0.0006361620079191213,0.00016274579490691034,0.001,37.23154599674674,37.22834390539769,114501,1.318887710571289,1.0599952936172485,0.006059277548853744
2.7008351111135198e-08,1.0011891390604433e-05,512,False,0,3.052077740861804e-05,2.550706690522302e-05,6.236799692627577e-05,0.0002515022760486031,0.001,36.48952921416189,36.48685874195395,114749,1.3105435371398926,1.05624520778656,0.009177199649303712
2.8638165616712286e-08,9.946233149094041e-06,512,False,0,3.0134915852931623e-05,2.499692575058475e-05,6.0263790642114234e-05,0.00023936269482858919,0.001,36.48685874195395,36.48419695653494,114750,1.310510516166687,1.0562293529510498,0.008733592834304166
2.630985918017359e-08,9.530402167001739e-06,512,False,0,3.0013013693256695e-05,2.449698735921449e-05,7.151318821414225e-05,0.00023906780814030251,0.001,36.48419695653494,36.481532793792866,114751,1.3104768991470337,1.0562139749526978,0.008722196998157903
3.143213334055872e-08,2.680808393051848e-06,512,False,0,4.39411680249795e-06,1.633742209928285e-07,1.1327897584481401e-05,0.0002050009856553748,0.001,35.93277043744824,35.93113254245845,114999,1.3024330139160156,1.0517394542694092,0.007366253357005203
2.7706843042096807e-08,2.674754796316847e-06,512,False,0,4.179870708749479e-06,1.6010673442737045e-07,1.1767098545516844e-05,0.00020278665654012315,0.001,35.93113254245845,35.92949367428479,115000,1.3024027347564697,1.0517197847366333,0.007286354233985164
2.4680044674596502e-08,2.607932628961862e-06,512,False,0,4.0990434972006974e-06,1.5690461277268843e-07,9.763963423035127e-06,0.0002038215034185183,0.001,35.92949367428479,35.92786337736618,115001,1.3023736476898193,1.0516996383666992,0.0073232034177588695
2.0256264221529818e-08,1.1124641332571628e-06,512,False,0,8.185042758496891e-07,1.0464881196426357e-09,2.823846234034341e-06,0.00021594337021786409,0.001,35.91630128758128,35.91847847802898,115249,1.2958468198776245,1.0467050075531006,0.007755887145800513
2.561136724921198e-08,1.1222430202906253e-06,512,False,0,7.849611521327278e-07,1.0255591160269292e-09,3.059163187823938e-06,0.00021383510274260346,0.001,35.91847847802898,35.92067296506866,115250,1.2958284616470337,1.046687364578247,0.007680631535707318
3.259628655882807e-08,1.1194490525667788e-06,512,False,0,7.845522242403898e-07,1.005048403588266e-09,3.238280110206296e-06,0.00021736696701886186,0.001,35.92067296506866,35.922900723969704,115251,1.295809030532837,1.046668529510498,0.007807967735693402
1.0477377188067294e-08,3.154854653075745e-07,512,False,0,2.1873909577107988e-07,6.7116416736989835e-12,7.926888491594741e-07,0.00022898039915632528,0.001,36.783094430597,36.786625652078875,115499,1.292663335800171,1.0427041053771973,0.008422607644922905
2.3283062144940914e-09,3.171152798131516e-07,512,False,0,2.0933556304889068e-07,6.577527382122683e-12,1.0695859146433247e-06,0.00022947578159879315,0.001,36.786625652078875,36.79012889490337,115500,1.2926788330078125,1.0426898002624512,0.008441639673893013
4.656612428988183e-09,3.282911507085373e-07,512,False,0,2.119288940650323e-07,6.446166053310235e-12,1.2028353472947763e-06,0.00022850347043072833,0.001,36.79012889490337,36.79363396229118,115501,1.2926762104034424,1.0426740646362305,0.008406672130079236
0.0,0.016423285007476807,512,False,0,0.28853009450993383,0.9466648159985164,0.8565289514217436,0.0014372345355149858,0.001,38.22486343693779,38.22662029666116,115749,1.3174835443496704,1.0527567863464355,0.05493809384691105
0.0,0.01385536603629589,512,False,0,0.2660994689000453,0.9277697878406334,0.8512731732853467,0.0013980165278143582,0.001,38.22662029666116,38.22797627449791,115750,1.3176894187927246,1.0527467727661133,0.0534414469772161
0.0,0.016383875161409378,512,False,0,0.26601227833693764,0.9092638551225047,0.9971456500445832,0.0013756163809648312,0.001,38.22797627449791,38.22893962340549,115751,1.3179044723510742,1.0527359247207642,0.05258703037433425
2.3283062977608182e-10,0.023398296907544136,512,False,0,0.2592126813925366,0.026952751109299698,1.4978370430405366,0.002349243341494141,0.001,38.231235903932756,38.23458656384149,115999,1.3275052309036255,1.0498658418655396,0.08981447638440576
0.0,0.020766299217939377,512,False,0,0.24363875842648214,0.026676701655354785,1.186470417776011,0.0023108929578070166,0.001,38.23458656384149,38.23813991410835,116000,1.3274613618850708,1.0498082637786865,0.08835603683504407
2.3283062977608182e-10,0.00749936792999506,512,False,0,0.2202515078511449,0.026175913847466557,0.4299167694739073,0.0021412169167126034,0.001,38.23813991410835,38.24179404691369,116001,1.3274370431900024,1.049739956855774,0.08187615204771222
1.1408697986325933e-08,0.03125984966754913,512,False,0,0.2390520889493711,0.022862998834408055,1.530041313533008,0.0030761903112527674,0.001,39.2275422437178,39.2347796772771,116249,1.3353453874588013,1.0467941761016846,0.12067138538438334
6.984918421437669e-09,0.040863100439310074,512,False,0,0.2300513820308314,0.022621621105457092,1.1521461064459955,0.0029843771292055107,0.001,39.2347796772771,39.24212990385752,116250,1.3354778289794922,1.046995997428894,0.11709137913828296
1.0477377188067294e-08,0.034976959228515625,512,False,0,0.22632994022601824,0.02257017148965907,1.4217994172257058,0.00314033446345337,0.001,39.24212990385752,39.24957867214746,116251,1.3355125188827515,1.047141671180725,0.12323341295639785
2.0954755708402217e-09,0.02405460551381111,512,False,0,0.23836588529424949,0.0224134005575799,1.1623147201498591,0.0038258256095820104,0.001,40.100695618167016,40.10708493470897,116499,1.3371286392211914,1.0322957038879395,0.15341826825803648
2.0954755708402217e-09,0.019706426188349724,512,False,0,0.20737082061514678,0.022037274030870607,0.7640354181417857,0.003652477409071229,0.001,40.10708493470897,40.11417517881802,116500,1.3371104001998901,1.03249192237854,0.14649022166772555
5.448188034051782e-08,0.030327245593070984,512,False,0,0.20397090866917778,0.02183118108701112,1.1240476346214754,0.003796574362287445,0.001,40.11417517881802,40.12218152501552,116501,1.3371715545654297,1.032907247543335,0.15229644904820788
3.259628655882807e-08,0.02067166566848755,512,False,0,0.20530696095695658,0.034874714223079605,0.8266824254000713,0.0030314401105695403,0.001,41.123807006891234,41.13009030083,116749,1.3330456018447876,1.0224775075912476,0.12466435806001079
3.352760913344355e-08,0.02240299992263317,512,False,0,0.21537561846486675,0.03434119279150526,0.9459196534686555,0.0030535064460887602,0.001,41.13009030083,41.13659451106888,116750,1.3330851793289185,1.022473692893982,0.1255909958617972
3.655440750094385e-08,0.01250496506690979,512,False,0,0.195983549285328,0.03369745099759326,0.5512418584611635,0.002958524982021774,0.001,41.13659451106888,41.14321788862385,116751,1.333139419555664,1.0224509239196777,0.12170364253629706
3.25962878910957e-09,7.460764027200639e-05,512,False,0,0.00020581067424520544,0.00024203519033094912,0.000427424897199345,0.00026157898343826436,0.001,40.8583153930386,40.85655455306759,116999,1.3253942728042603,1.0189993381500244,0.010687676605511027
2.7939675018018306e-09,6.82390236761421e-05,512,False,0,0.00019671346007097312,0.0002371944981821512,0.0003746153392284713,0.0002504529039218551,0.001,40.85655455306759,40.85477631350855,117000,1.325360894203186,1.0189805030822754,0.010232642732057467
3.7252898543727042e-09,7.04053818481043e-05,512,False,0,0.00019198828766752005,0.00023245062739945545,0.00036740768626629833,0.00024148940867773966,0.001,40.85477631350855,40.852993630485784,117001,1.3253275156021118,1.0189619064331055,0.009865995773610504
1.7695127141337252e-08,1.7442571333958767e-05,512,False,0,2.3514245368991576e-05,1.5503065767490104e-06,6.010286061853856e-05,0.0003800042406541455,0.001,40.42678567347158,40.42492767157524,117249,1.3169898986816406,1.0112932920455933,0.015362349991935455
1.5832481992106295e-08,1.743419124977663e-05,512,False,0,2.328009723972247e-05,1.5193009579603287e-06,7.702838309402007e-05,0.00039347017426739927,0.001,40.42492767157524,40.423061275916815,117250,1.3169550895690918,1.0112590789794922,0.01590600333568172
1.5832481992106295e-08,1.7132679204223678e-05,512,False,0,2.3315294755629297e-05,1.4889154394567064e-06,6.482113079246679e-05,0.00039958554031951167,0.001,40.423061275916815,40.421176284608535,117251,1.316921353340149,1.011222004890442,0.01615247078130595
2.677552046748133e-08,4.972551323589869e-06,512,False,0,3.7147176662193804e-06,9.931550863161247e-09,1.536037390715287e-05,0.00032348649824350044,0.001,40.00518026323802,40.00415848789943,117499,1.3087198734283447,1.0067805051803589,0.012941135674954862
2.3981552743634893e-08,4.936230197927216e-06,512,False,0,3.572961142426443e-06,9.732937858439541e-09,1.5054461706389094e-05,0.0003057719846656225,0.001,40.00415848789943,40.00313261862991,117500,1.3086899518966675,1.0067739486694336,0.012232150935723118
3.09664685005373e-08,4.957650162396021e-06,512,False,0,3.441676033403798e-06,9.538292527224752e-09,1.3996152137930505e-05,0.00028918641957806503,0.001,40.00313261862991,40.00213318673042,117501,1.3086576461791992,1.0067682266235352,0.01156836269388809
2.607702853651972e-08,1.4035020967639866e-06,512,False,0,7.671494189670767e-07,6.372434319227358e-11,3.712170380868177e-06,0.0002832077932241849,0.001,40.20920707336406,40.2118241247694,117749,1.301232099533081,1.0052731037139893,0.011387560802541722
2.0256264221529818e-08,1.4030364354766789e-06,512,False,0,7.741949201349078e-07,6.245102799662452e-11,4.217660723605332e-06,0.0002884962707499055,0.001,40.2118241247694,40.214417809408715,117750,1.3012055158615112,1.0052728652954102,0.011600961300047057
2.7008351111135198e-08,1.412349547535996e-06,512,False,0,7.761609434162863e-07,6.120366669713151e-11,4.743780556796119e-06,0.0002867664749811926,0.001,40.214417809408715,40.21707395194294,117751,1.3011749982833862,1.0052680969238281,0.01153214683862503
3.958120498026574e-09,3.122258362964203e-07,512,False,0,1.826261098935557e-07,4.1538591731749375e-13,9.906200225414216e-07,0.00021728456674307217,0.001,40.88214745825073,40.884129909965395,117999,1.2951421737670898,1.0049090385437012,0.008883059697992399
4.1909511416804435e-09,3.1338998951468966e-07,512,False,0,1.733158840233215e-07,4.0720624335779693e-13,1.1985628021107398e-06,0.0002108152154870704,0.001,40.884129909965395,40.88612215274002,118000,1.2951101064682007,1.0049059391021729,0.008618996656970735
5.355104359949792e-09,3.1571829595122836e-07,512,False,0,1.7788018337833164e-07,3.991247925837081e-13,8.463688660718099e-07,0.0002144750960093518,0.001,40.88612215274002,40.88813999297395,118001,1.295074224472046,1.004895567893982,0.008769054974159002
1.3969837509009153e-09,1.5785914797561418e-07,512,False,0,1.1954658643228486e-07,1.481807835389705e-14,9.627094647606535e-07,0.00018216692108241817,0.001,41.19305597876006,41.193745516987335,118249,1.2933939695358276,1.0050345659255981,0.007504012177626417
3.4924592107188346e-09,1.622829302050377e-07,512,False,0,1.0583753127267674e-07,1.4837997592453928e-14,1.0100236007160545e-06,0.00016643598043654872,0.001,41.193745516987335,41.194427901996086,118250,1.293409824371338,1.0050352811813354,0.00685612142297347
2.7939675018018306e-09,1.4482063193099748e-07,512,False,0,1.1096499479993787e-07,1.4635738527494086e-14,5.767598297020641e-07,0.00017078366688569132,0.001,41.194427901996086,41.19509228716151,118251,1.293434739112854,1.0050427913665771,0.007035335452361128
9.313225191043273e-10,1.38534204552343e-07,512,False,0,9.444980241851645e-08,1.2460932715473979e-14,6.235516650836873e-07,0.00015760736261552483,0.001,41.31166189254462,41.31197919213904,118499,1.2979832887649536,1.0058233737945557,0.006511022076148239
3.0267981454557003e-09,1.247972107876194e-07,512,False,0,9.299983847570082e-08,1.2297618722079672e-14,5.612440107370561e-07,0.00015413840537931473,0.001,41.31197919213904,41.312317272150416,118500,1.297956109046936,1.0058174133300781,0.006367762595739743
2.561136858147961e-09,1.240987188566578e-07,512,False,0,8.91976396425879e-08,1.2091739375528488e-14,4.8786715467079e-07,0.00014875281623656986,0.001,41.312317272150416,41.31264535822325,118501,1.297929048538208,1.0058276653289795,0.0061453235394910615
3.7252898543727042e-09,1.1152586409934884e-07,512,False,0,8.692806007062975e-08,7.791394056075167e-15,5.305251608700047e-07,0.00014695340689748528,0.001,41.3603956704806,41.36040629065552,118749,1.3032844066619873,1.0070526599884033,0.006078051054405124
1.8626449271863521e-09,1.1455266246684914e-07,512,False,0,9.028518164335932e-08,7.77459623669946e-15,7.297442809073206e-07,0.00015165785166337703,0.001,41.36040629065552,41.360443620208216,118750,1.3032777309417725,1.0070492029190063,0.006272630361965241
2.7939675018018306e-09,1.0081565449127083e-07,512,False,0,8.416158347617597e-08,7.844573521011263e-15,7.328402356468319e-07,0.00014077587919714412,0.001,41.360443620208216,41.3604620385625,118751,1.3033159971237183,1.0070534944534302,0.005822552814618722
1.1641531072470457e-09,9.057110617050057e-08,512,False,0,9.90925886141759e-08,1.3331132407304967e-14,7.606096042825966e-07,0.00016255255547548679,0.001,41.32053101561513,41.32031328963351,118999,1.308143973350525,1.008575677871704,0.006716757910192351
1.1641531072470457e-09,7.334164564554158e-08,512,False,0,9.577571939072063e-08,1.3172024228952482e-14,6.947961421903248e-07,0.00015954422056479894,0.001,41.32031328963351,41.320032076755574,119000,1.3081506490707397,1.0085934400558472,0.006592417177287882
2.3283062977608182e-10,1.0430811414607888e-07,512,False,0,1.0496187672738107e-07,1.313579947083442e-14,1.0932199617170357e-06,0.000170380935985174,0.001,41.320032076755574,41.31978348956046,119001,1.3082300424575806,1.0085915327072144,0.007040145740175028
1.5133990061144686e-08,9.173525938876992e-08,512,False,0,8.9015724396616e-08,9.752049913363977e-15,6.351069641110219e-07,0.00014592723232921282,0.001,41.25663020638508,41.25640425311112,119249,1.3114910125732422,1.0103799104690552,0.006020465861247575
2.3283062977608182e-10,1.0756774315723305e-07,512,False,0,9.761449745216211e-08,9.93453750731525e-15,1.0248995858558887e-06,0.00015273635873477276,0.001,41.25640425311112,41.25620023988207,119250,1.3114943504333496,1.010381817817688,0.006301352960109985
0.0,6.45716937697216e-08,96,True,0,9.670646747518385e-08,1.0009588863157007e-14,1.0125855346272576e-06,0.0001671056960333818,0.001,41.25620023988207,41.25595581518252,119251,1.3115512132644653,1.0103938579559326,0.006894146056778066
0.0,9.150242874511605e-08,512,False,0,9.598934903742222e-08,1.2109770071221875e-14,1.1998336026260879e-06,0.00014932357362281681,0.001,41.18568518254021,41.18541910709386,119499,1.315710425376892,1.0124638080596924,0.006149993693561198
0.0,8.358619396631184e-08,512,False,0,9.202075329986232e-08,1.2106302502992156e-14,8.994581066629131e-07,0.00014623811273072152,0.001,41.18541910709386,41.18505830976815,119500,1.3157240152359009,1.0124592781066895,0.006022877962245203
0.0,9.033828263227406e-08,512,False,0,9.497977229097056e-08,1.211385062720654e-14,7.930153883144487e-07,0.00014617499540294198,0.001,41.18505830976815,41.18466518066341,119501,1.315743088722229,1.0124623775482178,0.006020225709100257
0.0,7.264315371457997e-08,512,False,0,8.803918866943976e-08,1.20352503409676e-14,8.24107678424791e-07,0.00014617111171047318,0.001,41.13789759568061,41.13764598878849,119749,1.319541573524475,1.0146903991699219,0.0060131722249922364
0.0,7.171183113996449e-08,512,False,0,9.618072273256263e-08,1.1916105683485917e-14,6.733073939438293e-07,0.00015735956520629868,0.001,41.13764598878849,41.137380624895776,119750,1.319565773010254,1.0147018432617188,0.006473402086406394
4.586762969438496e-08,1.0966321895011788e-07,512,False,0,9.662271174685999e-08,1.185048427161226e-14,1.0256604528170258e-06,0.0001553860291275726,0.001,41.137380624895776,41.137208720327074,119751,1.3195419311523438,1.0146992206573486,0.006392174224012096
9.080394214322496e-09,8.707865362111988e-08,512,False,0,1.0426388675532438e-07,1.726322101347132e-14,1.1744705828861262e-06,0.0001594902477738506,0.001,41.09020836869126,41.09020823271818,119999,1.3240352869033813,1.017119288444519,0.0065534875138017175
2.3283062144940914e-09,7.380730693284931e-08,512,False,0,8.997372442133145e-08,1.7072530552334672e-14,8.096944379930226e-07,0.00014345634754073244,0.001,41.09020823271818,41.0901494547388,120000,1.3240853548049927,1.0171332359313965,0.005894651192753885
4.6566125955216364e-10,9.38307422870821e-08,512,False,0,9.957990290939804e-08,1.6941783794158787e-14,8.516584797194026e-07,0.0001560234563911504,0.001,41.0901494547388,41.09004594909986,120001,1.3241541385650635,1.0171313285827637,0.0064110271415572925
3.86265924134932e-07,0.001306177582591772,512,False,0,0.03683960708399591,1.8327911367454923,0.34428487198342445,0.0004334549470147014,0.001,41.25163078625175,41.247756908548894,120249,1.3429728746414185,1.0363578796386719,0.01788072343672478
3.9736423218528216e-07,0.00011933586210943758,96,True,0,0.033181279622416765,1.796135321235581,0.003825766238496179,0.00039739800863432164,0.001,41.247756908548894,41.24388549248149,120250,1.3429287672042847,1.036344289779663,0.016391776456089913
3.776511903197388e-07,0.00021448443294502795,512,False,0,0.029626473144258227,1.7602125927548684,0.014136557838927317,0.00036726982852379366,0.001,41.24388549248149,41.240011726867195,120251,1.3428854942321777,1.036331295967102,0.015147634752478658
1.0943039363553453e-08,2.3610813514096662e-05,512,False,0,0.00016223108813028574,0.011739085543889156,0.0003152018701918098,0.00017585350887941597,0.001,40.32298941485852,40.319409132608975,120499,1.3338669538497925,1.0352243185043335,0.0070909391771104184
9.778886145284105e-09,2.237592707388103e-05,512,False,0,0.00015900780005292982,0.011504304022872497,0.00032224657026858495,0.0001767496626745009,0.001,40.319409132608975,40.31582440438969,120500,1.3338313102722168,1.0352187156677246,0.0071264419634238275
1.0477378076245714e-08,2.262574344058521e-05,512,False,0,0.00015963315127674957,0.011274217705985839,0.00031542324449526074,0.00017856985087878554,0.001,40.31582440438969,40.312245010847256,120501,1.3337960243225098,1.0352131128311157,0.007199190751947169
1.1874361938168931e-08,3.972545528085902e-06,512,False,0,1.7345295846540748e-05,7.518917255287302e-05,4.006238296559507e-05,0.00026863858630018486,0.001,39.47909521466601,39.47590925521882,120749,1.3255093097686768,1.0334632396697998,0.01060560832687827
6.984918421437669e-09,3.9115438994485885e-06,512,False,0,1.736681784598717e-05,7.368539258771826e-05,3.878918945622576e-05,0.0002704357291847811,0.001,39.47590925521882,39.47272631864225,120750,1.3254754543304443,1.0334552526474,0.010675696304667352
8.847563570668626e-09,3.912242846126901e-06,512,False,0,1.7309152457473586e-05,7.221168692733877e-05,3.594872634212122e-05,0.00027462192232636807,0.001,39.47272631864225,39.46954462607239,120751,1.3254414796829224,1.033447265625,0.010840075981088156
8.381902283360887e-09,8.933707817959657e-07,512,False,0,1.9564649564488595e-06,4.81588804087841e-07,4.914653653772168e-06,0.00017904287266578463,0.001,38.71916608264297,38.71639998691661,120999,1.316938042640686,1.0311061143875122,0.006932390722660013
1.280568362460599e-08,8.980273378256243e-07,512,False,0,1.93416109360158e-06,4.7195704542903317e-07,5.639801274653506e-06,0.00018248329940507356,0.001,38.71639998691661,38.713647574921985,121000,1.3169043064117432,1.0310935974121094,0.007065096410699091
1.3504175555567599e-08,9.075733942154329e-07,512,False,0,1.947265608252282e-06,4.6251792032558455e-07,5.246372398182492e-06,0.000197078637058204,0.001,38.713647574921985,38.71091083348056,121001,1.3168705701828003,1.0310814380645752,0.00762963289961727
1.4901160305669237e-08,4.867712277700775e-07,96,True,0,5.27101497825668e-07,3.0845967560017835e-09,3.080414229957888e-06,0.00019873925540701248,0.001,38.26031853319989,38.26000777047138,121249,1.3090153932571411,1.0284487009048462,0.007603827216923267
1.6298143279414035e-08,4.668253268391709e-07,512,False,0,4.7564094473241036e-07,3.02290556573695e-09,2.5749295359785566e-06,0.000178986583161466,0.001,38.26000777047138,38.25969025898409,121250,1.308989405632019,1.0284446477890015,0.006848028062567812
1.4668328773836947e-08,4.7171477035590215e-07,512,False,0,4.933360192410984e-07,2.9624476737749103e-09,2.3218553151792177e-06,0.00018484110089748488,0.001,38.25969025898409,38.25938993917959,121251,1.3089616298675537,1.028440237045288,0.007071963267467397
9.080394214322496e-09,2.4377362706218264e-07,512,False,0,1.7491063796628545e-07,1.976516321072257e-11,1.191476766345574e-06,0.00018544082732627803,0.001,38.60512195340643,38.60741928155046,121499,1.3042980432510376,1.0265661478042603,0.007158965754071547
3.4924592107188346e-09,2.433079657748749e-07,512,False,0,1.684888311583534e-07,1.936990686578179e-11,1.0272632378070456e-06,0.00018240877667683743,0.001,38.60741928155046,38.6097420141019,121500,1.3042750358581543,1.0265803337097168,0.007042332121797366
3.25962878910957e-09,2.470332560733368e-07,512,False,0,1.7419772922908015e-07,1.8982610455021508e-11,1.2533879880094268e-06,0.00018689427890940716,0.001,38.6097420141019,38.61210050388118,121501,1.3042633533477783,1.0265822410583496,0.007215939892603816
2.8172504329404546e-08,0.056809358298778534,512,False,0,0.576585802079572,0.8852747105782061,1.8675016839569034,0.0023042995682245548,0.001,39.76449019390848,39.772162413650825,121749,1.3194224834442139,1.038963794708252,0.09162929758449286
2.584419789286585e-08,0.05410144478082657,512,False,0,0.5082001887753198,0.8678907068424909,1.737995948377195,0.0021441937311381695,0.001,39.772162413650825,39.77912267074887,121750,1.3196648359298706,1.0389963388442993,0.08527922132115923
2.0954754376134588e-08,0.06479192525148392,512,False,0,0.4488895727286888,0.8513146784005755,2.589550976910942,0.002081497183450988,0.001,39.77912267074887,39.78564468288845,121751,1.3198590278625488,1.0390031337738037,0.08280013179931513
4.423781785334313e-09,8.050906762946397e-05,512,False,0,0.0005637655428236537,0.005739081444668836,0.0009545189268568326,0.00014034805992943128,0.001,39.07759743555656,39.07439862380091,121999,1.3149698972702026,1.0376695394515991,0.005484464986783682
6.7520877777837995e-09,7.992306200321764e-05,512,False,0,0.0005625295169667643,0.005624300464996868,0.0011274263061520878,0.0001376720071682199,0.001,39.07439862380091,39.07119690459468,122000,1.3149385452270508,1.0376640558242798,0.005379450887429801
5.122273716295922e-09,7.123409886844456e-05,512,False,0,0.0005543875197319315,0.005511814547004577,0.0008974649825261876,0.00014305657520496576,0.001,39.07119690459468,39.0680051655786,122001,1.3149073123931885,1.0376585721969604,0.005589391618330174
4.423781785334313e-09,1.0411887160444167e-05,512,False,0,4.774762934152481e-05,3.67591419888422e-05,8.113499247877843e-05,0.00022291766047034442,0.001,38.32344134014529,38.32046625714041,122249,1.3069368600845337,1.0360883474349976,0.008542971884717669
4.656612428988183e-09,1.0169741472054739e-05,512,False,0,4.720541964298252e-05,3.602396010937703e-05,8.808267881312199e-05,0.00021104394019368883,0.001,38.32046625714041,38.31747877831959,122250,1.3069056272506714,1.0360811948776245,0.008087302188966212
4.423781785334313e-09,1.0329229553462937e-05,512,False,0,4.63003392485667e-05,3.530348207486872e-05,9.288334921983389e-05,0.0002089779471302237,0.001,38.31747877831959,38.31448377792441,122251,1.30687415599823,1.036073923110962,0.00800750805429914
9.313224857976365e-09,2.0684651644842234e-06,512,False,0,4.8141194887202725e-06,2.3544524861138693e-07,1.2218679044097751e-05,0.00019242735158731537,0.001,37.579877646344094,37.576999849320416,122499,1.2988548278808594,1.034066915512085,0.007231396328461349
1.1175870007207322e-08,2.0272541405574884e-06,512,False,0,4.814589182257161e-06,2.3073635969998775e-07,1.145893830472763e-05,0.00020039714446247386,0.001,37.576999849320416,37.574130692091906,122500,1.298824429512024,1.034057855606079,0.007530323467270622
1.0710207831721164e-08,2.0109559955017176e-06,512,False,0,4.757287052301211e-06,2.2612164577976654e-07,1.0916438802837563e-05,0.00020095901821931637,0.001,37.574130692091906,37.571263691316936,122501,1.2987936735153198,1.0340489149093628,0.007550860414327071
1.1641530406336642e-08,9.338832569483202e-07,512,False,0,8.458568562984963e-07,1.508134160305681e-09,3.133625376064787e-06,0.00015822517332840128,0.001,37.00444241721132,37.00322681922103,122749,1.2915709018707275,1.0317882299423218,0.005855034315384106
1.0943038475375033e-08,9.397040230396669e-07,512,False,0,8.577283859497341e-07,1.477972832850233e-09,3.642343923778791e-06,0.00015971809925655782,0.001,37.00322681922103,37.00201859302451,122750,1.291545033454895,1.0317802429199219,0.005910085053925267
1.6298143279414035e-08,9.408681762579363e-07,512,False,0,8.589806026475762e-07,1.4484144114045475e-09,2.994222146370975e-06,0.0001670857783746609,0.001,37.00201859302451,37.00082444289319,122751,1.2915180921554565,1.0317721366882324,0.006182511078049175
3.23634559151742e-08,4.244501496941666e-07,512,False,0,2.626342492798898e-07,9.674314992229062e-12,1.3521797723149102e-06,0.00021895232762209733,0.001,37.252810539213435,37.2556010087569,122999,1.2867224216461182,1.0299047231674194,0.00815658957802578
4.1909511416804435e-09,4.1676676687529834e-07,512,False,0,2.579118117334229e-07,9.48099088761483e-12,1.275834345249769e-06,0.00021774841805749317,0.001,37.2556010087569,37.258400668089955,123000,1.2867109775543213,1.029897689819336,0.008112348183437961
2.3283062977608182e-10,4.197935368210892e-07,512,False,0,2.5355079320655503e-07,9.291462179920406e-12,1.0037272284012068e-06,0.00021669527418006451,0.001,37.258400668089955,37.261204962863715,123001,1.286702275276184,1.0298922061920166,0.008073719348282452
2.3283062977608182e-10,1.9115393001811753e-07,512,False,0,2.08689949989967e-07,8.745213418016341e-14,2.805322594897802e-06,0.0002710065859479638,0.001,37.92280098317942,37.92503007578425,123249,1.2877538204193115,1.0291833877563477,0.010277328824035538
4.6566125955216364e-10,1.776497526861931e-07,512,False,0,1.7601058431242837e-07,8.659951048845003e-14,1.8571270513935139e-06,0.00024107630540613263,0.001,37.92503007578425,37.927166138708046,123250,1.2877451181411743,1.029234766960144,0.00914282613308653
2.561136858147961e-09,1.9045543808715593e-07,512,False,0,1.9787529952771885e-07,8.607415660038577e-14,2.209933432426053e-06,0.0002511359858845444,0.001,37.927166138708046,37.92929565872923,123251,1.2877997159957886,1.0292729139328003,0.009524876260051354
6.28642649047606e-09,0.04874076321721077,512,False,0,0.48823060687674497,0.06118888964577339,1.7963403122068702,0.0035975456495258434,0.001,39.18631807985866,39.19956192173697,123499,1.3105117082595825,1.0423839092254639,0.14097456812913142
3.4924592107188346e-09,0.05598156154155731,512,False,0,0.45542019176439125,0.060387928445197706,1.660362891312742,0.003498885213707752,0.001,39.19956192173697,39.212438705838295,123500,1.3105405569076538,1.0422892570495605,0.13715476759178694
2.7939675018018306e-09,0.10410331189632416,512,False,0,0.40594162754508034,0.06052978089247045,2.7802302422490093,0.003437613491216151,0.001,39.212438705838295,39.225057291873405,123501,1.3107397556304932,1.0422323942184448,0.13479720831867611
1.0011715012581135e-08,0.03560742363333702,512,False,0,0.2908616706456903,0.023846550369308463,1.969679486148397,0.0028757012090034105,0.001,40.57298668728221,40.574868692324884,123749,1.3222166299819946,1.0364903211593628,0.11667578686949673
6.984918421437669e-09,0.02485254779458046,512,False,0,0.2866023248622725,0.023823072902419477,1.3811131172515254,0.002827475005144441,0.001,40.574868692324884,40.57692540712788,123750,1.32249116897583,1.0363777875900269,0.11472442706456633
9.080393326144076e-09,0.03162863850593567,512,False,0,0.2836299125244384,0.02377572478960698,1.3605289479749698,0.0027966308544093823,0.001,40.57692540712788,40.57956226770553,123751,1.3227078914642334,1.0362242460250854,0.11347868157064181
3.958120498026574e-09,0.009959232062101364,512,False,0,0.2035314813994283,0.022889404599130143,0.5671090505244439,0.002236398283594856,0.001,41.59771430463931,41.60048862293811,123999,1.334410548210144,1.0344833135604858,0.09302905687236455
2.7939675018018306e-09,0.024949273094534874,512,False,0,0.20738944644248772,0.022692178574543274,1.170164395733196,0.0022586580503723987,0.001,41.60048862293811,41.60355812460388,124000,1.3343884944915771,1.0346174240112305,0.09396127852762455
1.629814394554785e-09,0.011031495407223701,512,False,0,0.2004233561741963,0.022327752542064778,0.6565206493426018,0.002149424304850996,0.001,41.60355812460388,41.60692627141148,124001,1.3342535495758057,1.0346317291259766,0.0894236990013047
2.3283062977608182e-10,0.02287144772708416,512,False,0,0.1700017786321802,0.007682368190833351,1.4323717930758078,0.0028282862308344967,0.001,42.29871846144313,42.302153819893306,124249,1.3380228281021118,1.0221410989761353,0.11963288300644453
0.0,0.03183427453041077,512,False,0,0.18629557541621308,0.007878401757440848,1.3689319116570433,0.0031493789515767536,0.001,42.302153819893306,42.30500982759884,124250,1.338221549987793,1.0220392942428589,0.13322551284673415
9.313225191043273e-10,0.01897640898823738,512,False,0,0.19786230489443102,0.007926934051165747,0.9380268088350414,0.003186301181898873,0.001,42.30500982759884,42.30803650412262,124251,1.3384571075439453,1.0219480991363525,0.1347965028139216
2.3981552743634893e-08,0.011950158514082432,512,False,0,0.1048172105823053,0.010938842126252875,0.6904461474029085,0.0020074744604219098,0.001,43.17138090526151,43.17474710701707,124499,1.3326072692871094,1.0046886205673218,0.08666544458845858
2.630985918017359e-08,0.0037280654069036245,512,False,0,0.09412430741890938,0.010725037582789879,0.17868899280475256,0.0018836964941542792,0.001,43.17474710701707,43.17814203101786,124500,1.3325284719467163,1.0048810243606567,0.08132811976148566
4.237514872329484e-08,0.016875596717000008,512,False,0,0.12752395541083972,0.010654365627761161,0.9207288314551785,0.0020909323044061697,0.001,43.17814203101786,43.181415858520594,124501,1.332526445388794,1.0051790475845337,0.09028257201689308
0.0,0.002550647594034672,512,False,0,0.09406674226288521,0.0064007458666686876,0.18608280940939104,0.0020500301434021803,0.001,44.25138526929667,44.25905724710664,124749,1.3304604291915894,0.9907166361808777,0.09071667368936137
4.6566125955216364e-10,0.006762344390153885,512,False,0,0.0881946133557301,0.006295556582579119,0.38232632828438745,0.002134296245282935,0.001,44.25905724710664,44.26696815309563,124750,1.3304460048675537,0.9908545017242432,0.09446193970226217
2.3283062977608182e-10,0.0051613906398415565,512,False,0,0.09013012717706953,0.006193440206102278,0.33185661807422046,0.002076984719478561,0.001,44.26696815309563,44.274739547194,124751,1.3303853273391724,0.9910231828689575,0.09194181643162372
6.286425957569008e-08,0.03414697200059891,512,False,0,0.1918939325940566,0.011349712031365793,1.2089770902591344,0.0034903659155186883,0.001,45.65622867611127,45.668417860160794,124999,1.3570942878723145,0.9746845364570618,0.1593569444022257
6.1234445070113e-08,0.013894219882786274,512,False,0,0.18303608472242508,0.011150316349676226,0.47796773148906024,0.00334113011705378,0.001,45.668417860160794,45.68020070559405,125000,1.3572056293487549,0.9743868112564087,0.15258412631077997
6.728804180511361e-08,0.0280967615544796,512,False,0,0.16732119850493932,0.011032293984757682,0.7472774871660398,0.003258757620495968,0.001,45.68020070559405,45.69180988063914,125001,1.3572965860366821,0.9740986824035645,0.1488607021551399
4.377215390150013e-08,0.00867986585944891,512,False,0,0.08498501381346377,0.004014987479264352,0.5632632553321983,0.0017617334046870915,0.001,47.14425276393455,47.14961000095476,125249,1.3826708793640137,0.9652134776115417,0.08305560493323524
5.098990030205641e-08,0.0020988748874515295,512,False,0,0.0787526600890607,0.00393697439991879,0.13141906442674858,0.0016719482830807213,0.001,47.14961000095476,47.15473710969346,125250,1.3825510740280151,0.965295135974884,0.07883170948902192
4.726461355630818e-08,0.005570787005126476,512,False,0,0.0775610781116621,0.003913478076073678,0.44949561857471537,0.0016984480556486564,0.001,47.15473710969346,47.159590888838274,125251,1.3825764656066895,0.9654392600059509,0.0800898715585824
3.154764840473945e-07,0.11390744149684906,512,False,0,0.351227086750455,0.03478760158353282,3.1574525679963155,0.004548275520908758,0.001,48.183312959152936,48.19803578807738,125499,1.3941209316253662,0.9517437815666199,0.21915098284840104
1.2898789236714947e-07,0.021040331572294235,512,False,0,0.35914095755028774,0.03438080679521263,0.9389820997954016,0.004430430201403236,0.001,48.19803578807738,48.21411712514614,125500,1.39418363571167,0.9515299201011658,0.21353803340381203
1.5855752621973807e-07,0.01682140864431858,512,False,0,0.3133979116685087,0.0337393190823633,0.5965510202159426,0.004200586575719989,0.001,48.21411712514614,48.2305277889669,125501,1.3943296670913696,0.9512265920639038,0.2025275731560801
1.699663414456154e-07,0.03168407455086708,512,False,0,0.13177605476034535,0.0041294320354859785,0.9050538565558915,0.0030514776055999043,0.001,49.707244753333484,49.71595413864017,125749,1.4093501567840576,0.9448519349098206,0.15168054420087046
2.3725398534679698e-07,0.016861140727996826,512,False,0,0.1308019505571724,0.00416530114755391,0.7774521587599459,0.0030118707840697044,0.001,49.71595413864017,49.72510486781063,125750,1.409372091293335,0.9446876049041748,0.14973802977231965
1.6670671243446122e-07,0.022770417854189873,512,False,0,0.13875335436416913,0.004279283599775452,0.8432315007959071,0.0029027028922795285,0.001,49.72510486781063,49.7342197270888,125751,1.4094860553741455,0.9444528222084045,0.14433720571869676
1.5320253510253679e-07,0.00011231240932829678,512,False,0,0.00022843901556437925,0.00018435660644847813,0.0004457531184359853,0.00022420183351852912,0.001,50.29984994062376,50.298439533147125,125999,1.4030930995941162,0.93303382396698,0.011277318582394724
1.539010270334984e-07,0.00010909848060691729,512,False,0,0.00022375150266038638,0.00018066950176572633,0.00040165741928351755,0.00022400465482502394,0.001,50.298439533147125,50.29704930525868,126000,1.4030276536941528,0.933030366897583,0.01126708458585996
1.5739348668830644e-07,0.00010914356971625239,512,False,0,0.00022461320984671742,0.00017705614959710777,0.0004508898784143372,0.0002391242852444013,0.001,50.29704930525868,50.29566828718317,126001,1.4029618501663208,0.9330273866653442,0.012027245965022393
2.412124899819901e-07,4.5767803385388106e-05,512,False,0,3.788739694903258e-05,1.1809182093535156e-06,8.633835581798666e-05,0.0003261840205608663,0.001,50.004727714331224,50.00361051839928,126249,1.386496663093567,0.9286006093025208,0.016310743132911937
2.388841835454514e-07,4.5452328777173534e-05,512,False,0,3.7334332428121236e-05,1.157300484648462e-06,7.991362580327828e-05,0.00032013127214941116,0.001,50.00361051839928,50.00249734754718,126250,1.3864245414733887,0.9285703301429749,0.01600771944731884
2.402811674073746e-07,4.5546858018497005e-05,512,False,0,3.6211573720136526e-05,1.1341558870160793e-06,0.00010143173816137167,0.00031167986394777295,0.001,50.00249734754718,50.00138206779172,126251,1.3863542079925537,0.9285394549369812,0.015584771570332381
2.39582675476413e-07,1.1769049706344958e-05,512,False,0,6.488546350138527e-06,7.567893400664115e-09,1.5899152256315684e-05,0.00030618681913962355,0.001,49.80007796858131,49.79987039430406,126499,1.372150182723999,0.9250531792640686,0.015248127466105158
2.388841835454514e-07,1.1963228644162882e-05,512,False,0,6.45855587368953e-06,7.416560479904525e-09,1.54684085621294e-05,0.0003060056846810838,0.001,49.79987039430406,49.79965866019848,126500,1.372113823890686,0.9250540733337402,0.015239043437038248
2.3911701418910525e-07,1.1596990589168854e-05,512,False,0,6.4612206428301645e-06,7.268250404843772e-09,1.622987997391504e-05,0.00030983189169140024,0.001,49.79965866019848,49.79947337455594,126501,1.372091293334961,0.9250516295433044,0.015429522448275317
2.537853660555811e-08,1.9518170120136347e-06,512,False,0,9.801543835385674e-07,4.859537120022455e-11,2.446774459257739e-06,0.0002636120200193279,0.001,49.9586557526577,49.95982579123185,126749,1.360217809677124,0.9272448420524597,0.013169702160408312
3.189779462786646e-08,1.8672997157409554e-06,512,False,0,9.65451068969732e-07,4.762395425302136e-11,2.4071474877969307e-06,0.0002625308054296647,0.001,49.95982579123185,49.96099016745266,126750,1.360185146331787,0.92725670337677,0.013115993304097835
3.5855915569982244e-08,1.952282900674618e-06,512,False,0,9.643764624447361e-07,4.667196133039075e-11,2.5445883634114035e-06,0.0002635683570610961,0.001,49.96099016745266,49.96214639720012,126751,1.360152244567871,0.9272711873054504,0.013168136095581075
3.958120498026574e-09,3.415624973968079e-07,512,False,0,1.760464211599998e-07,3.147774056422813e-13,6.377399798444751e-07,0.00018241565274633768,0.001,50.143356016143564,50.1432886391038,126999,1.3489729166030884,0.9307482242584229,0.009146933018576827
5.122273716295922e-09,3.3737154581103823e-07,512,False,0,1.747614227874881e-07,3.085173308288098e-13,5.424588312858021e-07,0.00018141940268924503,0.001,50.1432886391038,50.14321317311758,127000,1.3489248752593994,0.9307706356048584,0.009096965473780617
5.355104359949792e-09,3.3737154581103823e-07,512,False,0,1.7580045459660033e-07,3.0239761648629534e-13,6.764789791416824e-07,0.00018220219972959415,0.001,50.14321317311758,50.143129156056354,127001,1.348890781402588,0.930786669254303,0.009136203741651985
1.1641531072470457e-09,1.5436668832080613e-07,512,False,0,1.0081374027358288e-07,4.667308194767915e-15,4.307161720802316e-07,0.00015092814340434533,0.001,49.96335287466094,49.96211248844205,127249,1.3390942811965942,0.9351633787155151,0.007540876087628736
1.629814394554785e-09,1.508742286659981e-07,512,False,0,1.0132680301367011e-07,4.677542904329367e-15,5.024780962382515e-07,0.00015259876908571172,0.001,49.96211248844205,49.96087450445562,127250,1.339049220085144,0.9351564645767212,0.007624156866658122
2.0954755708402217e-09,1.569278254009987e-07,512,False,0,1.0117573242724687e-07,4.661623073355302e-15,5.312604841734317e-07,0.00015185290018314554,0.001,49.96087450445562,49.95965284408909,127251,1.3390779495239258,0.9351334571838379,0.00758670368918776
3.0267979234110953e-09,1.2665985593685036e-07,512,False,0,8.038231950879454e-08,2.0531050208920156e-15,3.3259862620872426e-07,0.00013088375018594902,0.001,49.61388715790618,49.61240941909437,127499,1.331767201423645,0.9367284178733826,0.006493651612529256
3.259628567064965e-09,1.2549570271858101e-07,512,False,0,8.379171865658731e-08,2.0797324629033575e-15,3.44525305502566e-07,0.00013374623082151288,0.001,49.61240941909437,49.61093273920305,127500,1.3317290544509888,0.93672114610672,0.006635472761777596
3.259628567064965e-09,1.264270252931965e-07,512,False,0,8.07986905197763e-08,2.068804919027624e-15,3.383155448277338e-07,0.0001306675752807231,0.001,49.61093273920305,49.60945074438984,127501,1.3317234516143799,0.9367297887802124,0.006482540288446704
1.1641531072470457e-09,9.709037129823628e-08,512,False,0,7.460348386477e-08,1.687362538801037e-15,3.420511819976782e-07,0.00012878288231300502,0.001,49.2135314508715,49.211718136438485,127749,1.3270151615142822,0.9371074438095093,0.006337860429044956
1.3969837509009153e-09,1.0081565449127083e-07,512,False,0,7.549196265900707e-08,1.6962743022887476e-15,3.236892340553512e-07,0.0001288732562941954,0.001,49.211718136438485,49.209890737926955,127750,1.327004075050354,0.9371073246002197,0.006342074364074941
1.1641531072470457e-09,9.918583998569375e-08,512,False,0,7.837762114405521e-08,1.744422720683735e-15,4.317987122585537e-07,0.0001316866447326143,0.001,49.209890737926955,49.208066507173505,127751,1.3269987106323242,0.9371190071105957,0.006480285398936154
1.1641531072470457e-09,8.54488391155428e-08,512,False,0,8.100361622422082e-08,3.2130328548821915e-15,5.499210745083237e-07,0.00013070190174697445,0.001,48.74740953891193,48.74556817210531,127999,1.323861002922058,0.9371762871742249,0.006371379131974392
1.3969837509009153e-09,1.0523943672069436e-07,512,False,0,7.560026380717981e-08,3.3768255903109596e-15,6.789130804559123e-07,0.00012568242138506663,0.001,48.74556817210531,48.74373786536535,128000,1.3238894939422607,0.937195360660553,0.006126461039661031
1.629814394554785e-09,8.31205326790041e-08,512,False,0,7.731998631855747e-08,3.3598388010789763e-15,3.951921613146081e-07,0.0001270500294913863,0.001,48.74373786536535,48.741912804722546,128001,1.3239154815673828,0.9371810555458069,0.0061928933333150705
1.3969837509009153e-09,1.0896472701915627e-07,512,False,0,8.701009071478133e-08,4.863809472042748e-15,6.049308257282387e-07,0.00013949328355806548,0.001,48.305397463511476,48.30367796975978,128249,1.320308804512024,0.937594473361969,0.006738278505762663
1.629814394554785e-09,8.381901750453835e-08,512,False,0,7.620809401517538e-08,4.901393982179956e-15,6.158277618954257e-07,0.0001259069960129111,0.001,48.30367796975978,48.30198860953699,128250,1.3202924728393555,0.93757164478302,0.006081770989547487
1.629814394554785e-09,8.591449329742318e-08,512,False,0,8.340336905012779e-08,4.862352924981821e-15,4.906796919863531e-07,0.0001350829672063273,0.001,48.30198860953699,48.30031048183685,128251,1.3203259706497192,0.9375370144844055,0.0065247759433424805
2.3283062144940914e-09,8.754430780300027e-08,512,False,0,7.704722112258698e-08,5.74712328239118e-15,3.954814653700766e-07,0.00012499829034433383,0.001,47.897337053169835,47.89580692935335,128499,1.316776156425476,0.9381317496299744,0.0059870852436925415
1.8626449271863521e-09,9.546054968723183e-08,512,False,0,8.538037074820736e-08,5.866041194989881e-15,6.999741695862949e-07,0.00013165868096258357,0.001,47.89580692935335,47.89426434672962,128500,1.3167153596878052,0.9381185173988342,0.0063058987639572316
2.4835267176115394e-09,8.071461365943833e-08,96,True,0,8.741449611942563e-08,5.852871444519733e-15,6.062211913530634e-07,0.00014165204992140705,0.001,47.89426434672962,47.892703307593266,128501,1.3166543245315552,0.9381139874458313,0.00678432072419201
1.1641531072470457e-09,9.848734805473214e-08,512,False,0,7.757415911491627e-08,9.200057340115998e-15,6.481424970192527e-07,0.00012176684517789891,0.001,47.52441677386436,47.52297999091079,128749,1.314123272895813,0.9388840794563293,0.005786898299473084
3.0267981454557003e-09,8.614732394107705e-08,512,False,0,7.72059479856612e-08,9.048115875609645e-15,4.4609366655610556e-07,0.0001251190832897,0.001,47.52297999091079,47.52154058539391,128750,1.3140672445297241,0.9388991594314575,0.005946031691657514
3.25962878910957e-09,6.752087955419483e-08,512,False,0,9.283278509120276e-08,9.124332160510328e-15,7.870951445924405e-07,0.00014160194242660262,0.001,47.52154058539391,47.520123478073046,128751,1.3141155242919922,0.9388763904571533,0.006729142453996408
4.6566125955216364e-10,9.080393681415444e-08,512,False,0,9.054035442155139e-08,1.3692304886418399e-14,9.50022033391337e-07,0.00013493194088377836,0.001,47.18580407574797,47.18454215214049,128999,1.316151738166809,0.9400667548179626,0.0063668721261023725
2.561136858147961e-09,6.961635534707966e-08,512,False,0,1.0197462845316889e-07,1.3504758814230708e-14,5.904749008124139e-07,0.0001444410371759044,0.001,47.18454215214049,47.183249883410355,129000,1.316130518913269,0.9400570392608643,0.006815384207125352
3.0267981454557003e-09,1.0733491251357918e-07,512,False,0,1.0199353647674789e-07,1.4142122899000818e-14,1.2173233029238993e-06,0.00014089958193742435,0.001,47.183249883410355,47.18194418828856,129001,1.3161420822143555,0.9400980472564697,0.006648100183021545
2.561136858147961e-09,7.078050856534901e-08,512,False,0,9.10833851714001e-08,1.0172662601470946e-14,6.105544000175031e-07,0.00013753670244996273,0.001,46.88105967983198,46.8799270640142,129249,1.3191064596176147,0.9417937994003296,0.006447866355723995
2.3283062977608182e-10,9.452922711261635e-08,512,False,0,8.260851275585827e-08,1.0252892224366234e-14,8.135608463540141e-07,0.00012574746353467484,0.001,46.8799270640142,46.878762084318005,129250,1.3190590143203735,0.9418038725852966,0.0058950319189903415
4.6566125955216364e-10,7.77654278749651e-08,512,False,0,8.953063332919678e-08,1.0153368489521847e-14,5.826501091567574e-07,0.00013632057151222095,0.001,46.878762084318005,46.87758783963844,129251,1.3190498352050781,0.9418017268180847,0.006390539639119665
1.1641531072470457e-09,1.187436140526188e-07,512,False,0,9.955556544795571e-08,1.4532758084235228e-14,1.4205846661955577e-06,0.00014344268146576655,0.001,46.60856130916739,46.60751357809496,129499,1.3213677406311035,0.9438878297805786,0.006685657013448549
0.0,9.0648725858955e-08,96,True,0,1.179310425912834e-07,1.4413052711044966e-14,8.06279530290808e-07,0.0001619736272000285,0.001,46.60751357809496,46.60645174578958,129500,1.321300745010376,0.9439242482185364,0.007549188029018619
5.587935003603661e-09,5.3783871578616527e-08,512,False,0,1.1728903721638725e-07,1.5172149970241113e-14,1.4772850344180433e-06,0.00016907894275038389,0.001,46.60645174578958,46.60544195081427,129501,1.3214573860168457,0.9439157247543335,0.007880169586524885
4.6566125955216364e-10,1.0686925122627144e-07,512,False,0,8.888810031868422e-08,1.0099142321860346e-14,8.440736607529948e-07,0.00013438927262767565,0.001,46.363912920683646,46.362971229374445,129749,1.3242807388305664,0.9463821053504944,0.006230812533583568
2.0954755708402217e-09,8.707864651569253e-08,512,False,0,9.367462846272948e-08,1.006651583576757e-14,7.606482421033299e-07,0.00013931236849110644,0.001,46.362971229374445,46.362065888454254,129750,1.324366807937622,0.9463871121406555,0.0064589353322491785
5.820765647257531e-09,8.894129877035084e-08,512,False,0,8.86828426999949e-08,1.0024579731308036e-14,7.861937673152803e-07,0.0001347088682977899,0.001,46.362065888454254,46.361145194866175,129751,1.3244690895080566,0.9463914632797241,0.006245381427781242
4.423781785334313e-09,9.522771904357796e-08,512,False,0,9.185275096381595e-08,1.1045721351528083e-14,6.448068902062541e-07,0.00013679798461373212,0.001,46.143565507305304,46.142720975776264,129999,1.3271764516830444,0.9490241408348083,0.006312346764291091
3.259628567064965e-09,8.31205326790041e-08,512,False,0,8.711296608517083e-08,1.0983263793053432e-14,7.228576950276065e-07,0.00013154302246408826,0.001,46.142720975776264,46.141895411404754,130000,1.3271865844726562,0.9490207433700562,0.0060697529818706936
3.0267981454557003e-09,7.590278272573414e-08,512,False,0,1.0011869309302575e-07,1.097322614014165e-14,8.018353250148717e-07,0.0001453037251719261,0.001,46.141895411404754,46.141058059304484,130001,1.3271551132202148,0.9490345120429993,0.006704589289770514
3.4924592107188346e-09,9.825451741107827e-08,512,False,0,1.0686483648958431e-07,1.8075355245446328e-14,6.91924376397862e-07,0.00014898264797522047,0.001,45.94805373548247,45.94733496981215,130249,1.3299537897109985,0.9519248604774475,0.006845462714819898
3.25962878910957e-09,7.799825851861897e-08,512,False,0,1.00740128512533e-07,1.8039659873463858e-14,1.0653645919519293e-06,0.00013953099684708466,0.001,45.94733496981215,45.94665521388893,130250,1.3299812078475952,0.9519347548484802,0.006411077450804802
1.629814394554785e-09,8.684581587203866e-08,512,False,0,9.747081536395468e-08,1.7824837566629584e-14,7.959643208563651e-07,0.00013871607540992298,0.001,45.94665521388893,45.94593560902522,130251,1.3299429416656494,0.9519487619400024,0.0063735396894835485
1.2417633588057697e-09,1.167257579481884e-07,96,True,0,1.4395125032873428e-07,1.582015303680182e-14,1.8679309669215475e-06,0.00019093451096971958,0.001,45.77654758018419,45.77585557989867,130499,1.3332265615463257,0.9549298286437988,0.008740322726104569
0.0,1.0314396092780953e-07,512,False,0,1.17716851020563e-07,1.5813840348066163e-14,1.3292944097000838e-06,0.00016840501139276558,0.001,45.77585557989867,45.77527906949529,130500,1.3333415985107422,0.9549623131752014,0.007708883480446427
4.6566125955216364e-10,5.634500865880909e-08,512,False,0,1.2893983471170413e-07,1.6189130672633557e-14,1.3119401109376362e-06,0.0001741727540526143,0.001,45.77527906949529,45.77470673429567,130501,1.33352530002594,0.9549576044082642,0.007972806423060986
2.561136858147961e-09,6.23986053938097e-08,512,False,0,1.0064454243229268e-07,2.0068459930917036e-14,1.0206751362950502e-06,0.00014144295861421053,0.001,45.62772832733514,45.62715400812117,130749,1.3360905647277832,0.9580997824668884,0.006453720889463706
1.629814394554785e-09,1.0291113028415566e-07,512,False,0,1.1236914940073759e-07,2.0041490705645207e-14,1.117117790242785e-06,0.00014776268778251663,0.001,45.62715400812117,45.626597910484506,130750,1.3360661268234253,0.9581049680709839,0.00674199091210681
6.984918754504577e-10,1.0291113028415566e-07,512,False,0,1.0748911222998574e-07,1.9825543982407395e-14,9.547759462225201e-07,0.0001498006449729879,0.001,45.626597910484506,45.62605493274855,130751,1.3360403776168823,0.9581192135810852,0.0068348937949137606
1.1641531072470457e-09,9.383073518165475e-08,512,False,0,1.0503518441546796e-07,2.4273259227826185e-14,9.879739220596326e-07,0.00014270046200311065,0.001,45.494314045133265,45.49385686843029,130999,1.3394277095794678,0.9614169597625732,0.006492059632755123
1.1641531072470457e-09,7.683409819492226e-08,512,False,0,1.0178484845535632e-07,2.3839613719477262e-14,6.631294514648992e-07,0.00014061741970290259,0.001,45.49385686843029,45.493364605112795,131000,1.3394354581832886,0.9614272117614746,0.00639722876517184
5.587934559514451e-09,9.080393681415444e-08,512,False,0,1.0404077054980289e-07,2.3589645364847674e-14,1.0068837892300946e-06,0.00014385055892313756,0.001,45.493364605112795,45.49286549849588,131001,1.339373230934143,0.961437463760376,0.006544245925739559
0.0,6.379558925573292e-08,512,False,0,8.911111636584796e-08,1.4273945468542542e-14,1.1392740918813051e-06,0.00013120910852407652,0.001,45.37793879776758,45.37733792010177,131249,1.342653751373291,0.9647156596183777,0.005953998896315189
0.0,7.520429079477253e-08,512,False,0,1.0617002617289325e-07,1.4081676025493625e-14,6.81905344014379e-07,0.00015264975505371016,0.001,45.37733792010177,45.376710986385305,131250,1.3426814079284668,0.9647061228752136,0.006926839518492969
0.0,1.0989604959377175e-07,512,False,0,1.0687601373771886e-07,1.424014447656299e-14,1.2302077221459808e-06,0.00014869929335969208,0.001,45.376710986385305,45.3760623672361,131251,1.3426281213760376,0.9647482633590698,0.006747484858662471
0.0,1.2060625920184975e-07,512,False,0,2.3609930182549717e-07,1.9017183006651577e-14,3.695295687522577e-06,0.0003045412225221252,0.001,45.276198976014015,45.27592643559583,131499,1.3467239141464233,0.9678860306739807,0.013788468987310301
4.423781785334313e-09,8.381901750453835e-08,512,False,0,1.352564353418349e-07,1.968100224475665e-14,2.1120240058170323e-06,0.00019145603870855188,0.001,45.27592643559583,45.27552812562999,131500,1.3468126058578491,0.9679017663002014,0.008668349524218983
5.93718070263094e-08,7.24103230709261e-08,512,False,0,1.8629476116742646e-07,2.010533295071294e-14,1.9374519549627665e-06,0.00024163228047831866,0.001,45.27552812562999,45.27503158037377,131501,1.346749186515808,0.967944860458374,0.01094002911085623
0.0,1.0803340444454079e-07,512,False,0,1.1331584841706796e-07,1.9397875636427333e-14,1.273352813081097e-06,0.0001559529348720605,0.001,45.14063191288356,45.14015965738789,131749,1.3503568172454834,0.9713234305381775,0.007039814028793586
0.0,6.309709732477131e-08,512,False,0,1.1136183623506119e-07,1.9303426933564645e-14,1.0911372202843618e-06,0.00014554527334937175,0.001,45.14015965738789,45.1396793130256,131750,1.350408673286438,0.9713155031204224,0.006569936876368803
0.0,9.010545198862019e-08,512,False,0,1.0633508665405072e-07,1.931941719795889e-14,1.1193716862891436e-06,0.0001453990704048988,0.001,45.1396793130256,45.1391488375388,131751,1.3503634929656982,0.9713229537010193,0.006563267410489164
0.0,9.592621097453957e-08,512,False,0,2.236378675966686e-07,3.608186918875195e-14,2.751063591505418e-06,0.0002692555529890931,0.001,45.05045463310087,45.05014362438838,131999,1.3546838760375977,0.9744017720222473,0.012130085074645625
0.0,5.4016702222270396e-08,512,False,0,1.818355019879641e-07,3.581941931857567e-14,1.6382823873841582e-06,0.00023008361235528222,0.001,45.05014362438838,45.04982065578299,132000,1.354813814163208,0.9743909239768982,0.010365299782223565
0.0,1.0314396092780953e-07,512,False,0,2.484227292977105e-07,3.6971710424658126e-14,2.8172910760347473e-06,0.00028834635796658615,0.001,45.04982065578299,45.04954435310094,132001,1.3549220561981201,0.9744433164596558,0.012989951713142909
2.872659706554259e-06,0.02364860288798809,512,False,0,0.26172617641618456,0.4566634745342258,0.8998099023075309,0.0014716195703539338,0.001,44.75873002724016,44.757122172174434,132249,1.3879131078720093,1.0041085481643677,0.06586782305227488
2.8614838356588734e-06,0.01737595908343792,512,False,0,0.24643032938234907,0.4475596262213554,0.9997911170706602,0.0014189863130537079,0.001,44.757122172174434,44.75535737091658,132250,1.3880980014801025,1.0041364431381226,0.06350974377398816
2.9590396479761694e-06,0.061595723032951355,512,False,0,0.27994206784000986,0.43878847816259825,2.3073386821009754,0.0016237014499958624,0.001,44.75535737091658,44.75346560214875,132251,1.3882766962051392,1.0041121244430542,0.07266933865824025
1.7392446238773118e-07,0.0142695102840662,512,False,0,0.1410238893625085,0.01669760753049782,1.4294509181564723,0.0013755958498712448,0.001,44.415720682782414,44.41287658892745,132499,1.397969126701355,1.0072243213653564,0.0610980810402759
1.699663414456154e-07,0.010641991160809994,512,False,0,0.14887465289142335,0.016480313657436643,0.7308022515581732,0.0014667624858126544,0.001,44.41287658892745,44.41001241941643,132500,1.3978537321090698,1.0071252584457397,0.06514314126766588
1.8044372041003953e-07,0.005231824703514576,512,False,0,0.1398395058504449,0.01619110933633669,0.5140297453696983,0.0014206645539496909,0.001,44.41001241941643,44.407066426685844,132501,1.397760033607483,1.0070043802261353,0.06309173048473048
5.820765647257531e-09,0.047804251313209534,512,False,0,0.19703670434233775,0.016343835394972795,2.0015920584199383,0.0028397097778798176,0.001,44.83718794685615,44.840885356706494,132749,1.4002094268798828,1.0077165365219116,0.1273246010253225
1.2340007238265116e-08,0.02025391161441803,512,False,0,0.23115583786122154,0.016279555407616483,1.1166436315934358,0.002866359925898636,0.001,44.840885356706494,44.84494309051358,132750,1.3999216556549072,1.0077362060546875,0.12853011682827847
5.587935003603661e-09,0.010218995623290539,512,False,0,0.21695525672533741,0.016059670846392236,0.7123819135465514,0.002704140143989797,0.001,44.84494309051358,44.84908324063625,132751,1.3995792865753174,1.0078593492507935,0.12126701086599564
1.3969836398786128e-09,0.010982970707118511,512,False,0,0.11327035044362149,0.02132031292887935,0.6789814615342913,0.0015580752746571069,0.001,45.49575191536275,45.496643801241426,132999,1.4014029502868652,1.0090755224227905,0.07088580616126042
2.561136858147961e-09,0.008057203143835068,512,False,0,0.10967587341822013,0.020936018955468223,0.48462378259783057,0.0015109219443297378,0.001,45.496643801241426,45.49728101562256,133000,1.4012835025787354,1.0089199542999268,0.06874187751264921
1.629814394554785e-09,0.0022049504332244396,512,False,0,0.09967421120734825,0.020520372722326725,0.12477695342576424,0.0014247298234602325,0.001,45.49728101562256,45.49765324350997,133001,1.4011671543121338,1.0087934732437134,0.06482133314930852
4.656612428988183e-09,3.9739963540341705e-05,512,False,0,0.00013422349477777107,0.00013866091287488536,0.00028531663481993417,0.0004252174590504655,0.001,44.68656082558338,44.68327815761942,133249,1.3904087543487549,1.0074787139892578,0.019001505847958636
2.561136858147961e-09,4.196278314338997e-05,512,False,0,0.0001349427922340816,0.0001358877040666545,0.00028812635556278287,0.00041131985391677973,0.001,44.68327815761942,44.67997322378833,133250,1.3903625011444092,1.0074665546417236,0.018379119444314855
1.8626449271863521e-09,4.063035157741979e-05,512,False,0,0.0001338052189832281,0.00013316995924641796,0.00022272964060547344,0.00040623523780552653,0.001,44.67997322378833,44.676655911075564,133251,1.390316367149353,1.007454752922058,0.01815057954771021
5.820765203168321e-09,8.812595297058579e-06,512,False,0,1.7232641283811095e-05,8.881598678730779e-07,4.135562573576581e-05,0.00032436398943169303,0.001,43.872425296432624,43.869354988959024,133499,1.3792656660079956,1.0025566816329956,0.014230634895194813
3.7252898543727042e-09,8.982325198303442e-06,512,False,0,1.6790013772154648e-05,8.703968910267404e-07,3.8466684478520535e-05,0.0003245563815298037,0.001,43.869354988959024,43.866289972587154,133500,1.3792219161987305,1.0025396347045898,0.014238079115262984
5.122273716295922e-09,8.728777174837887e-06,512,False,0,1.662542052735971e-05,8.529890903363775e-07,3.522464045800988e-05,0.00032721797448400557,0.001,43.866289972587154,43.863236475082786,133501,1.3791778087615967,1.0025243759155273,0.014353838552958012
9.313224857976365e-09,2.3113070710678585e-06,512,False,0,2.2033724687660774e-06,5.689417648887927e-09,9.229237694109454e-06,0.0002392984292700405,0.001,43.17074088160523,43.16846972698902,133749,1.3686387538909912,0.9997575283050537,0.010330690483392054
4.656612428988183e-09,2.3113070710678585e-06,512,False,0,2.1852871756957163e-06,5.5756351908963555e-09,7.846840689746229e-06,0.00023875415560106433,0.001,43.16846972698902,43.166210086955225,133750,1.3686003684997559,0.9997538924217224,0.010306651538257371
6.053595846822191e-09,2.251469595648814e-06,512,False,0,2.141904641387002e-06,5.4641273932998075e-09,7.972058548396626e-06,0.00023574292000899888,0.001,43.166210086955225,43.16393234850943,133751,1.3685609102249146,0.9997501969337463,0.010176128411620727
6.0535962909114005e-09,8.000057505341829e-07,512,False,0,4.953610504140515e-07,3.648791049135123e-11,2.9486922110094966e-06,0.00021637297938850296,0.001,42.947119443366034,42.94798255009661,133999,1.3593508005142212,0.9994356036186218,0.009292596190115014
5.122273716295922e-09,7.937193231555284e-07,512,False,0,5.580578621526861e-07,3.575897827393159e-11,3.6093947152603293e-06,0.00024005648423181263,0.001,42.94798255009661,42.94880558990095,134000,1.3593159914016724,0.9994489550590515,0.010309941695825432
7.4505797087454084e-09,8.048951940509141e-07,512,False,0,4.934202811112878e-07,3.5045356777351574e-11,4.776505780527239e-06,0.0002244980637948843,0.001,42.94880558990095,42.94973684463725,134001,1.35928475856781,0.999450147151947,0.009641923697235667
1.3969837509009153e-09,2.726446268752625e-07,512,False,0,1.6117638487232684e-07,2.4215691923913717e-13,9.505727115197658e-07,0.00018884004245464317,0.001,43.377302944345686,43.379177173458956,134249,1.3524154424667358,0.9999895691871643,0.008191371729578158
9.313225191043273e-10,2.7893105425391695e-07,512,False,0,1.7511145454738344e-07,2.375604223126848e-13,1.3750612691469509e-06,0.00020048806679613112,0.001,43.379177173458956,43.3811154507317,134250,1.352415680885315,0.9999765753746033,0.008697007370713645
2.0954755708402217e-09,2.7217896558795474e-07,512,False,0,1.5952733351592217e-07,2.32973110372337e-13,1.2200017719819995e-06,0.00018917356323472833,0.001,43.3811154507317,43.383005109042934,134251,1.3523998260498047,0.9999780654907227,0.008206560186912043
4.6566125955216364e-10,1.6903501887099992e-07,512,False,0,1.1926393135222887e-07,2.8771447694852577e-14,1.3214587266804558e-06,0.00016658630091766,0.001,43.73015826442994,43.73118458262348,134499,1.3518365621566772,1.001886010169983,0.007284845303815222
4.6566125955216364e-10,1.615844382740761e-07,512,False,0,1.337800251897518e-07,2.8311326374241974e-14,7.043413404816333e-07,0.0001749954850461107,0.001,43.73118458262348,43.73220252072206,134500,1.3518909215927124,1.001898169517517,0.0076527598576771935
9.313225191043273e-10,1.65309728572538e-07,512,False,0,1.199645549449228e-07,2.8245472250047987e-14,1.2640942548325428e-06,0.00016585772605340324,0.001,43.73220252072206,43.73315651981093,134501,1.3519073724746704,1.0019221305847168,0.00725332366539387
1.1175869119028903e-08,1.629814221359993e-07,512,False,0,1.2130440948041953e-07,1.8785838679797767e-14,1.1540144068705394e-06,0.00015990352076589788,0.001,43.95284268648893,43.95367418571291,134749,1.355705976486206,1.0039441585540771,0.007028214293239225
7.217749065091539e-09,1.3899986583965074e-07,512,False,0,1.0462567418258396e-07,1.8783095815771337e-14,1.0107582690707531e-06,0.00015180492239105978,0.001,43.95367418571291,43.954437718783254,134750,1.3556538820266724,1.0039743185043335,0.006672384098564077
2.7939675018018306e-09,1.3271345267185097e-07,512,False,0,1.2232046725244687e-07,1.8707226560684186e-14,8.263661293522001e-07,0.00016526146127143458,0.001,43.954437718783254,43.95518773688294,134751,1.355576753616333,1.0039880275726318,0.007263974606770382
0.0,1.1757946083434945e-07,512,False,0,9.663652116303953e-08,1.1562440267263201e-14,6.212590515733079e-07,0.00014014392113588221,0.001,44.11051687624449,44.110918475915355,134999,1.3586887121200562,1.0062880516052246,0.006181820798367409
0.0,1.3946552712695848e-07,512,False,0,1.0177872442280835e-07,1.1507017189992946e-14,8.060491204194837e-07,0.0001459888558617232,0.001,44.110918475915355,44.11133294888005,135000,1.3586796522140503,1.0062966346740723,0.00643970251930863
0.0,1.2549570271858101e-07,512,False,0,9.311319941995776e-08,1.1392907214446938e-14,6.20185953001582e-07,0.00013769744337657064,0.001,44.11133294888005,44.11173923130667,135001,1.358673095703125,1.0062909126281738,0.006074017770993465
3.050081076594324e-08,1.0686925122627144e-07,512,False,0,9.531876013702128e-08,1.1817717557419785e-14,6.794731604310691e-07,0.00013846679602068094,0.001,44.20898623030032,44.209151361640046,135249,1.3641258478164673,1.0084364414215088,0.006121476678632087
0.0,1.2060625920184975e-07,512,False,0,9.892122010183902e-08,1.1689252878782574e-14,6.684349398538645e-07,0.00014142575518784873,0.001,44.209151361640046,44.209322115856374,135250,1.3641128540039062,1.0084558725357056,0.006252312617533854
0.0,1.271255172241581e-07,512,False,0,9.305142770196944e-08,1.1561843310746926e-14,7.648959086571143e-07,0.0001361300924778093,0.001,44.209322115856374,44.209549914345715,135251,1.364242672920227,1.0084640979766846,0.006018219108012788
0.0,9.685753354915505e-08,512,False,0,1.0105532352819951e-07,1.2653367290314634e-14,7.449735527586162e-07,0.00014504042905267415,0.001,44.241144467873966,44.24101238241082,135499,1.368547797203064,1.0106143951416016,0.006416754575401781
0.0,1.1851078340896493e-07,512,False,0,1.0457601318963722e-07,1.2528733786694542e-14,8.525245837344514e-07,0.00015226113600794622,0.001,44.24101238241082,44.24092240927697,135500,1.3685911893844604,1.010614037513733,0.006736186803487487
0.0,1.0407528350242501e-07,512,False,0,1.0014089870039076e-07,1.2329662003509518e-14,5.648959076544548e-07,0.00014313437257588155,0.001,44.24092240927697,44.24081172260785,135501,1.368566870689392,1.010619044303894,0.006332396671230117
0.0,9.522771904357796e-08,512,False,0,1.0587981269286077e-07,1.2030579003190974e-14,7.112680996504628e-07,0.00015014668537737612,0.001,44.20692078919784,44.20673232094214,135749,1.3727402687072754,1.0128984451293945,0.006637522627238276
6.053595846822191e-09,1.1571681568511849e-07,512,False,0,1.0231826140317741e-07,1.2001805894843742e-14,9.001855826891524e-07,0.00014310545657719788,0.001,44.20673232094214,44.206583750816,135750,1.3726966381072998,1.0129010677337646,0.006326224612574395
1.122243631357378e-07,9.057110617050057e-08,512,False,0,1.4199445373511488e-07,1.3643776211158688e-14,1.62400268514305e-06,0.0001768376602554223,0.001,44.206583750816,44.206513947675475,135751,1.3727229833602905,1.0128991603851318,0.007817388838379673
0.0,1.1594964632877236e-07,512,False,0,1.0240662285345623e-07,1.2084316338968327e-14,1.059627468506231e-06,0.00015319527616598213,0.001,44.11308639397534,44.112712591837465,135999,1.3766639232635498,1.0152167081832886,0.00675791645265888
0.0,7.264314660915261e-08,512,False,0,9.550823020928205e-08,1.2041577145720329e-14,9.003403254147443e-07,0.00013925790049728015,0.001,44.112712591837465,44.11236024760803,136000,1.3767495155334473,1.0152455568313599,0.006143043740779219
0.0,1.0523943672069436e-07,512,False,0,9.818930735863593e-08,1.2076937403661457e-14,1.04110759112022e-06,0.00014137433889368066,0.001,44.11236024760803,44.1120340660382,136001,1.3767454624176025,1.0152605772018433,0.006236355767045464
0.0,9.220092067607766e-08,512,False,0,9.454272013910255e-08,1.187128627616413e-14,6.827609285987202e-07,0.00014017093465160484,0.001,44.0324042268808,44.03230179374004,136249,1.3806958198547363,1.0174243450164795,0.006172063255439157
0.0,1.0756774315723305e-07,512,False,0,1.068343733175596e-07,1.1840846834801314e-14,1.0171762063621662e-06,0.00015539288860438546,0.001,44.03230179374004,44.032232751014305,136250,1.3807823657989502,1.0174394845962524,0.006842306567629328
4.6566125955216364e-10,6.752087244876748e-08,512,False,0,9.630411218641943e-08,1.179106396758998e-14,8.901271396229331e-07,0.0001428200722945347,0.001,44.032232751014305,44.032134418070406,136251,1.3808071613311768,1.017434000968933,0.006288686664789641
0.0,1.0197980770954018e-07,512,False,0,1.1848423456660748e-07,1.4790928645552867e-14,1.141829980269969e-06,0.00016383580759364035,0.001,43.88010613570963,43.87962630958259,136499,1.3831697702407837,1.0194905996322632,0.00718913262603864
0.0,7.660127465669575e-08,512,False,0,1.0187531823884145e-07,1.4628343887533068e-14,8.780506530209197e-07,0.0001421408037126607,0.001,43.87962630958259,43.8790674729301,136500,1.3832646608352661,1.0194779634475708,0.006237085350255281
0.0,7.078050856534901e-08,512,False,0,1.16183163913692e-07,1.4602458954988504e-14,1.0669730727689406e-06,0.0001671614122189225,0.001,43.8790674729301,43.87844345528863,136501,1.3832316398620605,1.0194711685180664,0.0073348868856243825
0.0,1.0896472701915627e-07,512,False,0,1.0245029955325784e-07,1.377135381712579e-14,1.1502126594405205e-06,0.00014876294652903338,0.001,43.74457933860594,43.74382484331127,136749,1.3860560655593872,1.0212310552597046,0.006507572517084094
0.0,8.475034718458119e-08,512,False,0,9.217921899396339e-08,1.3599905688852336e-14,7.880503600956122e-07,0.0001362429711143449,0.001,43.74382484331127,43.74306780238554,136750,1.3860679864883423,1.0212419033050537,0.005959788664558221
0.0,5.4948024796885875e-08,512,False,0,1.011062334472717e-07,1.3548912266467738e-14,1.02128244977621e-06,0.0001490318756949026,0.001,43.74306780238554,43.742263493078816,136751,1.3860708475112915,1.0212544202804565,0.006519111443238818
0.0,8.358619396631184e-08,512,False,0,9.121724437677608e-08,1.3006709199710156e-14,7.463798016074566e-07,0.00014391034061758963,0.001,43.582225379927635,43.58095386404182,136999,1.3899312019348145,1.022840976715088,0.006271932899297945
0.0,8.335335621723061e-08,512,False,0,8.69211187562823e-08,1.2831343676480787e-14,6.768005097845755e-07,0.0001404395538349235,0.001,43.58095386404182,43.57962906696487,137000,1.389891266822815,1.022850751876831,0.006120489716366417
0.0,7.613561336938801e-08,512,False,0,8.428974934907097e-08,1.2634625147687416e-14,5.496633572801178e-07,0.00013518810102801856,0.001,43.57962906696487,43.578294310805184,137001,1.389833688735962,1.0228687524795532,0.005891447297068421
0.0,5.890614573900166e-08,512,False,0,1.0653080711910393e-07,1.4856345072470892e-14,1.0814331715820856e-06,0.00016153556145150102,0.001,43.387264315219326,43.386438073375245,137249,1.3917516469955444,1.0242600440979004,0.007008586101003629
0.0,6.542540376131001e-08,512,False,0,1.136546042512103e-07,1.4726465578238637e-14,1.0180899145159588e-06,0.00017300973716663376,0.001,43.386438073375245,43.38552090751567,137250,1.39167058467865,1.0242581367492676,0.007506276247671083
0.0,1.057050980080021e-07,512,False,0,1.0473114405563723e-07,1.4676603474585874e-14,1.1444860928355452e-06,0.0001572947685737751,0.001,43.38552090751567,43.384607580840665,137251,1.3917286396026611,1.0242435932159424,0.006824315470600357
0.0,5.797482316438618e-08,512,False,0,1.1809646173756702e-07,1.6824966642854758e-14,1.332447653504333e-06,0.00017074187642684592,0.001,43.273947743811185,43.27369178452448,137499,1.394579529762268,1.0256870985031128,0.007388675038175597
0.0,7.078050856534901e-08,512,False,0,1.462836975627394e-07,1.6895203239934248e-14,1.2812642121760955e-06,0.00020110456014571566,0.001,43.27369178452448,43.27344359362294,137500,1.394767165184021,1.0257270336151123,0.008702536752208065
0.0,9.895300934203988e-08,512,False,0,1.2675827494227925e-07,1.724744273093596e-14,1.4897511796079545e-06,0.0001797649268724604,0.001,43.27344359362294,43.27314382951931,137501,1.3947416543960571,1.0257067680358887,0.007779047423127169
2.409776698186761e-07,0.0007054530433379114,512,False,0,0.004448774313815926,1.9846046188104298,0.008616536589925223,0.000373784578294261,0.001,43.69487460451385,43.69021335135577,137749,1.405438780784607,1.052230954170227,0.016332470277668824
1.5343515258336993e-07,0.0006949770031496882,512,False,0,0.00436962239723863,1.9449125012441704,0.00900095354535932,0.0003562659971937531,0.001,43.69021335135577,43.68557040060265,137750,1.4053930044174194,1.0522220134735107,0.015565337427228591
3.874273204473866e-07,0.0006838098051957786,96,True,0,0.005089675993717889,1.90601438919802,0.025217408307740292,0.00039440324771693365,0.001,43.68557040060265,43.68094688062837,137751,1.4053477048873901,1.0522129535675049,0.01722973084436443
7.241023070037045e-08,5.0879010814242065e-05,512,False,0,0.00024227903942214727,0.012711449406510176,0.0005963712208950809,0.00034886312550304506,0.001,42.65015146550022,42.646232073664166,137999,1.3939141035079956,1.0501545667648315,0.014879065143432686
8.754394542620503e-08,4.942489613313228e-05,512,False,0,0.00024036819580147697,0.012457220780702527,0.000483479427502773,0.0003505362968836369,0.001,42.646232073664166,42.64231879637624,138000,1.3938682079315186,1.0501463413238525,0.01494905226714242
6.589088741293381e-08,5.238359153736383e-05,512,False,0,0.0002443873409804688,0.012208076372198612,0.0005954296588398976,0.00034849170825811175,0.001,42.64231879637624,42.638399521092666,138001,1.3938223123550415,1.050137996673584,0.014860494521436143
7.734582823104574e-07,0.000687357853166759,512,False,0,0.0029115294619992006,0.07363179597430118,0.005815434915159088,0.0003595785144045762,0.001,42.314485516295164,42.310624969461855,138249,1.4162726402282715,1.0586305856704712,0.015215379839743371
6.942987056390848e-07,0.000664139399304986,512,False,0,0.0028667913460835447,0.07215916152638621,0.006311144234805228,0.0003547951556151954,0.001,42.310624969461855,42.3067458973623,138250,1.4162304401397705,1.0586141347885132,0.01501160477021639
7.45519855627208e-07,0.0006790796178393066,512,False,0,0.0028429072437869064,0.07071598424979098,0.005523142283594144,0.0003433549267752057,0.001,42.3067458973623,42.302884129553654,138251,1.4161889553070068,1.058597445487976,0.014526229639686066
1.327134402373531e-08,6.404065788956359e-05,512,False,0,0.00019671987963677462,0.0004716178024055209,0.0005085667610595324,0.0002828661621491479,0.001,41.35724544284837,41.353794595234284,138499,1.4047026634216309,1.0547118186950684,0.011698565295478854
2.4680028687384947e-08,6.202836084412411e-05,512,False,0,0.00019451547542969095,0.00046218549461696484,0.0004321324395468366,0.00028144242269904896,0.001,41.353794595234284,41.35035078252435,138500,1.4046545028686523,1.054694414138794,0.011638712138681574
1.7229464077672674e-08,6.130624387878925e-05,512,False,0,0.0001944379815691738,0.00045294178807564,0.00043910256821578706,0.0002848788313643982,0.001,41.35035078252435,41.34692559439859,138501,1.4046056270599365,1.054677128791809,0.011779839607433465
6.984918754504577e-10,7.65869663155172e-06,512,False,0,1.9027670241783568e-05,3.0207781030400704e-06,6.14447570729973e-05,0.0002990301791973124,0.001,40.53918835425612,40.53607113781154,138749,1.392815351486206,1.0506610870361328,0.012122440758086807
0.0,7.59707609176985e-06,96,True,0,2.0498295061723196e-05,2.9603631551064614e-06,8.886082418507632e-05,0.00032317194972781877,0.001,40.53607113781154,40.532937798895915,138750,1.392768144607544,1.0506463050842285,0.013100121143912116
2.561136858147961e-09,7.20025764167076e-06,512,False,0,1.996264255130108e-05,2.901156385807753e-06,9.046474351584365e-05,0.00029859060609217704,0.001,40.532937798895915,40.52977435168709,138751,1.3927241563796997,1.050632357597351,0.012102754464068844
2.0954755708402217e-09,1.385341192872147e-06,512,False,0,2.2646047437152997e-06,1.9349957564433197e-08,1.4274834680820784e-05,0.00021948038318354805,0.001,39.80712170515191,39.80456662897578,138999,1.3817497491836548,1.0478445291519165,0.008736882325280873
3.259628567064965e-09,1.405131797582726e-06,512,False,0,2.1351885377882685e-06,1.8962970047026342e-08,1.1353737538585937e-05,0.00021610640149642314,0.001,39.80456662897578,39.802031708259264,139000,1.381706953048706,1.0478355884552002,0.008602021657312565
3.7252898543727042e-09,1.3723029042012058e-06,512,False,0,2.199611395221108e-06,1.858371804351473e-08,9.34584807900253e-06,0.00021999483183188622,0.001,39.802031708259264,39.79950673483098,139001,1.381664514541626,1.0478254556655884,0.0087562412722259
6.28642649047606e-09,4.936008508593659e-07,512,False,0,5.870240718784015e-07,1.246798344054495e-10,4.2465415010767e-06,0.0002009360738781295,0.001,39.46050811626061,39.460691283875185,139249,1.3725336790084839,1.046155333518982,0.007929039574117471
6.51925713412993e-09,5.078035201222519e-07,512,False,0,6.174476333670932e-07,1.2219284349636034e-10,8.208130215245553e-06,0.0001993635405212495,0.001,39.460691283875185,39.46087434842981,139250,1.3725135326385498,1.0461491346359253,0.007867023125769368
4.889443072642052e-09,5.019827540309052e-07,512,False,0,5.73963636699963e-07,1.197542998657296e-10,7.556941004270425e-06,0.00020368624722268402,0.001,39.46087434842981,39.46105594130233,139251,1.3724807500839233,1.046139121055603,0.008037637408157544
1.1641530406336642e-08,0.011500025168061256,512,False,0,0.2313520761031622,0.06899846058699768,0.6528117789574465,0.0017023748269027123,0.001,39.46168112674925,39.46015039103219,139499,1.388742208480835,1.0578210353851318,0.06717857257743978
1.3038508939189342e-08,0.02116459608078003,512,False,0,0.22451535057432007,0.06784883044785857,1.1219598875708774,0.0016938315511891798,0.001,39.46015039103219,39.45854931079834,139500,1.3888870477676392,1.0577882528305054,0.06683884774700037
1.1175869119028903e-08,0.014570068567991257,512,False,0,0.21360372794212684,0.06661818125974209,0.7515899093881596,0.0016114276396922273,0.001,39.45854931079834,39.456916300041435,139501,1.3890471458435059,1.0577713251113892,0.06358459698157913
1.2417633588057697e-09,0.002600052859634161,96,True,0,0.2053155253678722,0.02459038298699016,0.14787063852527985,0.003015369496588226,0.001,39.414597345263324,39.41890180477434,139749,1.3964918851852417,1.0541993379592896,0.11884957455521429
0.0,0.021456880494952202,512,False,0,0.2033232212219388,0.02428972783641755,1.0127445576098677,0.0030594755682839614,0.001,39.41890180477434,39.42368800260338,139750,1.3966789245605469,1.0539956092834473,0.12060116700029165
0.0,0.02229488454759121,512,False,0,0.2081565217123321,0.024080937644188127,1.2073148726986438,0.0029567413515072666,0.001,39.42368800260338,39.428949328490035,139751,1.3966457843780518,1.0538479089736938,0.11656564854621833
0.0,0.0013989103026688099,512,False,0,0.12830289541606715,0.015975040545095142,0.07454052857265592,0.002109790904037225,0.001,40.13048804162553,40.1338828379077,139999,1.4022419452667236,1.038842797279358,0.08466693864479619
0.0,0.003126360010355711,512,False,0,0.11019688664187617,0.015663456730787013,0.2355466105348137,0.0019176926493443915,0.001,40.1338828379077,40.13727517115579,140000,1.402079463005066,1.0389400720596313,0.07696445210790462
0.0,0.015215116553008556,512,False,0,0.10232649355410105,0.015452759680003151,0.7633353861289469,0.0019543261976377162,0.001,40.13727517115579,40.14064763746012,140001,1.402101755142212,1.0390406847000122,0.07844132836878362
7.916240107874728e-09,0.015380499884486198,512,False,0,0.16947650045020263,0.023770290466795997,1.159161079694202,0.002778582989837803,0.001,41.20250915891953,41.20869685506651,140249,1.4028007984161377,1.025730848312378,0.11448459108761008
1.699661211773673e-08,0.004858873318880796,512,False,0,0.15116464735121898,0.02330408550579097,0.22367957417255616,0.002581108942314537,0.001,41.20869685506651,41.21458712221437,140250,1.4028053283691406,1.0259860754013062,0.10636413595374113
3.888245103667032e-08,0.015194104984402657,512,False,0,0.15105035102778455,0.022970983517462483,0.8156151410949388,0.002493968549371669,0.001,41.21458712221437,41.219912968185604,140251,1.4028335809707642,1.0262200832366943,0.10278788405814124
4.6566123179658803e-10,0.005991475656628609,512,False,0,0.09849905346237507,0.0055210811864455,0.42524580632982484,0.0022072249182629026,0.001,42.185252634847714,42.18667168829813,140499,1.3998465538024902,1.018381118774414,0.09311234079885164
0.0,0.007901563309133053,512,False,0,0.0939386507810938,0.005474275218837998,0.5465455539994198,0.002183061750354344,0.001,42.18667168829813,42.188749229622566,140500,1.3999375104904175,1.01846444606781,0.09209610933748015
0.0,0.01765071228146553,512,False,0,0.11207894946277827,0.005511942785654417,0.8198994677877709,0.002434517929475762,0.001,42.188749229622566,42.191556089900125,140501,1.3996922969818115,1.018576741218567,0.10270926642167288
9.313224635931761e-10,0.015098508447408676,512,False,0,0.14892385770343564,0.010140556306066513,0.7167784539724262,0.003046164374082924,0.001,43.54647804369311,43.55699946012332,140749,1.3936436176300049,1.0170906782150269,0.1326497300334822
1.885919509447831e-08,0.018236299976706505,512,False,0,0.14110069751090606,0.010090225096421006,0.9399452513277237,0.0029775568473756355,0.001,43.55699946012332,43.56746016059977,140750,1.3936280012130737,1.016903281211853,0.12969344199362706
6.984918754504577e-10,0.01920461468398571,512,False,0,0.14120793704562046,0.00997513873975097,0.6572884930236764,0.002906419862034845,0.001,43.56746016059977,43.577946642763514,140751,1.393686294555664,1.016788125038147,0.126625331549179
1.0943034922661354e-08,0.03145488351583481,512,False,0,0.1811198762109597,0.007454167698630205,1.692284014960987,0.003066983869834202,0.001,45.05398819499863,45.06327839841867,140999,1.3931448459625244,0.9953528642654419,0.13817985506576136
3.864975894884992e-08,0.010057395324110985,512,False,0,0.18514507176949488,0.007409611628553491,0.6281751454811692,0.0030953956411913764,0.001,45.06327839841867,45.07240140069477,141000,1.3935399055480957,0.994830310344696,0.13948867553225866
2.2351734685344127e-08,0.002008918672800064,512,False,0,0.17064513362731626,0.007268839399321741,0.15123389071608306,0.0028664161101423463,0.001,45.07240140069477,45.081081719366175,141001,1.3939071893692017,0.9943256974220276,0.12919625749775396
0.0,0.0001287283666897565,512,False,0,0.0005517535282249245,0.001392925913014927,0.0006697947759866784,0.00027741656492324143,0.001,46.08980586411688,46.088360693190225,141249,1.3962974548339844,0.9898178577423096,0.012786075620802376
0.0,0.00013111470616422594,512,False,0,0.0005340972948688946,0.001365067524740123,0.0007015546737075336,0.000265940107407178,0.001,46.088360693190225,46.08691462239996,141250,1.3962602615356445,0.9898167252540588,0.012256743592967767
0.0,0.00014098135579843074,512,False,0,0.0005622842513863854,0.0013377665334427219,0.0014444155227756226,0.0002659552910220069,0.001,46.08691462239996,46.0854892369283,141251,1.3962228298187256,0.989815354347229,0.012257058790706767
1.1641531072470457e-09,5.3026233217678964e-05,512,False,0,6.321768439829317e-05,8.922091037454397e-06,0.00017167221957924554,0.00031345033761897147,0.001,45.84216178120045,45.84141612606472,141499,1.3844316005706787,0.9869887828826904,0.014369241087500793
1.1641531072470457e-09,5.400879308581352e-05,512,False,0,6.308390436667786e-05,8.74365155114924e-06,0.00013635477158337547,0.0003156157610947633,0.001,45.84141612606472,45.840658833932714,141500,1.3843770027160645,0.9869698882102966,0.014468273440289675
2.3283062144940914e-09,5.2807412430411205e-05,512,False,0,6.13956479105884e-05,8.56878122820453e-06,0.0001295206476441434,0.000319340376760047,0.001,45.840658833932714,45.83990565048466,141501,1.384322166442871,0.9869502186775208,0.01463877326295685
4.656612428988183e-09,1.5886136679910123e-05,512,False,0,1.0767201836805433e-05,5.715758016457021e-08,3.212735867749265e-05,0.000320850472577081,0.001,45.63221292813597,45.63166376604795,141749,1.3700811862945557,0.9831511974334717,0.014641117082730411
6.0535962909114005e-09,1.5438876289408654e-05,512,False,0,1.0524741701740637e-05,5.6014484800379256e-08,2.2889011566977415e-05,0.00031635937762237613,0.001,45.63166376604795,45.63111269116968,141750,1.3700308799743652,0.9831498861312866,0.014436004748900461
7.4505797087454084e-09,1.5463789168279618e-05,512,False,0,1.0408624755410467e-05,5.489426045358176e-08,2.386052930982787e-05,0.00031136592522114023,0.001,45.63111269116968,45.63055168262237,141751,1.3699790239334106,0.9831495881080627,0.014207973621956162
6.984918421437669e-09,3.313639808766311e-06,512,False,0,1.653318652860197e-06,3.6645895203720494e-10,4.575626081183409e-06,0.0002787662869950168,0.001,45.753483652818744,45.755143709643285,141999,1.359894871711731,0.9834071397781372,0.01275452875498348
7.4505797087454084e-09,3.3001356314343866e-06,512,False,0,1.6529175402098215e-06,3.591321741788181e-10,5.098154504483847e-06,0.0002813122988131486,0.001,45.755143709643285,45.7568163037046,142000,1.359867811203003,0.9834108948707581,0.012871484659485727
1.1874361049990512e-08,3.206072506145574e-06,512,False,0,1.6345472989345476e-06,3.519509841225488e-10,4.293022979178727e-06,0.00028082737792158545,0.001,45.7568163037046,45.75849930209979,142001,1.3598400354385376,0.9834153652191162,0.012849766744609015
5.122273716295922e-09,5.017499233872513e-07,512,False,0,2.6466372885895955e-07,2.356524205772039e-12,1.0378280979894474e-06,0.00022453318768896353,0.001,46.22914813663017,46.23061912735972,142249,1.3523998260498047,0.984826922416687,0.010379977995262881
9.080394214322496e-09,4.975589718014817e-07,512,False,0,2.678138497309866e-07,2.3094527289925326e-12,7.679038901770246e-07,0.0002252351104364176,0.001,46.23061912735972,46.23208964678339,142250,1.3523706197738647,0.9848285913467407,0.010412758604694825
5.122273716295922e-09,5.033797378928284e-07,512,False,0,2.656825313968671e-07,2.2632979767226173e-12,7.633591801446863e-07,0.0002240615505372357,0.001,46.23208964678339,46.233548546075774,142251,1.3523489236831665,0.9848369359970093,0.01035883369083477
6.984918754504577e-10,1.9231808323638688e-07,512,False,0,1.1412637726452647e-07,1.7222414725147733e-14,4.516287423833775e-07,0.00016907484517928757,0.001,46.4279580227122,46.42808166001812,142499,1.3477821350097656,0.9856657981872559,0.007849799814680527
1.629814394554785e-09,1.9185242194907914e-07,512,False,0,1.1218702425798043e-07,1.6905864134747714e-14,4.5364533205433663e-07,0.0001666622269085589,0.001,46.42808166001812,46.42819951221512,142500,1.3477400541305542,0.9856653809547424,0.007737807480551042
9.313225191043273e-10,1.9557771224754106e-07,512,False,0,1.1071170551454088e-07,1.6602233812899648e-14,4.898938473315925e-07,0.0001658206663906657,0.001,46.42819951221512,46.42829821981099,142501,1.3476589918136597,0.9856681823730469,0.007698754982434291
3.4924594327634395e-09,1.522712125279213e-07,512,False,0,1.0364578584884548e-07,4.358006482451552e-15,6.635050366620053e-07,0.00015950428533609526,0.001,46.383328290913404,46.38300593418441,142749,1.3456752300262451,0.9848510026931763,0.007398339630551631
3.0267981454557003e-09,1.4482063193099748e-07,512,False,0,8.890516533202518e-08,4.41800158610901e-15,6.340885739118282e-07,0.00013990676122351196,0.001,46.38300593418441,46.38270857992171,142750,1.3456634283065796,0.9848459959030151,0.006489296136062676
1.1641531072470457e-09,1.4901158351676713e-07,512,False,0,1.0514857268006656e-07,4.449196064844403e-15,6.997597980487024e-07,0.00016143793477149679,0.001,46.38270857992171,46.382465144591606,142751,1.3458330631256104,0.9848023653030396,0.007487928682250746
3.7252898543727042e-09,1.3201496074088936e-07,512,False,0,8.901583012353355e-08,4.832750753221333e-15,4.723852305165793e-07,0.00013613654680572404,0.001,46.30038163247863,46.29998714162341,142999,1.3523961305618286,0.9837786555290222,0.006303174071232814
3.958120498026574e-09,1.2619419464954262e-07,512,False,0,8.634176487207819e-08,4.976156735495348e-15,5.86121002411317e-07,0.0001327038948454248,0.001,46.29998714162341,46.29960162110603,143000,1.3524513244628906,0.9837650060653687,0.006144188624986514
5.355103915860582e-09,1.3434326717742806e-07,512,False,0,8.421685395181253e-08,4.955312775901559e-15,4.877206586141338e-07,0.00013125454380368213,0.001,46.29960162110603,46.29922968211895,143001,1.3524328470230103,0.9837509393692017,0.006077033089070493
2.3283062977608182e-10,1.187436140526188e-07,512,False,0,8.18426943205021e-08,5.896368577778068e-15,3.637885685259427e-07,0.00012675031185890658,0.001,46.195121621153675,46.19465057756191,143249,1.3584202527999878,0.9831838607788086,0.005855246071841346
6.0535962909114005e-09,1.1851078340896493e-07,512,False,0,8.379423043729719e-08,5.8636970700424714e-15,5.22700554363213e-07,0.00012988802028114193,0.001,46.19465057756191,46.19418501402035,143250,1.3583110570907593,0.9831657409667969,0.006000131711098627
1.5366820704798556e-08,1.210719204891575e-07,512,False,0,8.006993572486248e-08,5.767330659994933e-15,4.0067751712617874e-07,0.00012475774758856717,0.001,46.19418501402035,46.1937408499549,143251,1.3583005666732788,0.9831581711769104,0.005763082474038723
3.25962878910957e-09,1.0780057380088692e-07,512,False,0,8.727872866778682e-08,7.901947368980993e-15,6.052544308607205e-07,0.00013344087797042116,0.001,46.06883357774483,46.068294735900984,143499,1.3645085096359253,0.9828811287879944,0.006147465599687489
6.984918421437669e-09,1.1315567860492592e-07,512,False,0,9.364692270724138e-08,7.860191465932508e-15,7.096345670505495e-07,0.00014072639021686322,0.001,46.068294735900984,46.0677817950997,143500,1.3645564317703247,0.982909619808197,0.006483024821629868
6.28642693456527e-09,1.0128131577857857e-07,512,False,0,8.814014195456116e-08,7.765771972676014e-15,4.851263721719963e-07,0.00013658142304867846,0.001,46.0677817950997,46.06727226591527,143501,1.3645687103271484,0.9829095602035522,0.00629200319427072
6.7520877777837995e-09,9.965150127300149e-08,512,False,0,8.708243270266582e-08,9.683531704002732e-15,1.0518215597941285e-06,0.0001331279129823348,0.001,45.91717275852978,45.916474634339,143749,1.3702329397201538,0.983039915561676,0.006112857379392387
6.28642693456527e-09,1.0081565449127083e-07,512,False,0,9.62765337886702e-08,9.537090182835492e-15,4.987855161113507e-07,0.00014174368729279099,0.001,45.916474634339,45.915786737370986,143750,1.3703266382217407,0.9830213785171509,0.006508370422157116
2.3283062977608182e-10,1.1199152538665658e-07,512,False,0,1.1148055461678124e-07,1.0186775012883087e-14,1.2419347138065566e-06,0.00015580873272661938,0.001,45.915786737370986,45.915058979502376,143751,1.3703038692474365,0.9830551147460938,0.007154080543695491
0.0,9.313224325069314e-08,512,False,0,8.026812754756781e-08,1.142692533410163e-14,5.817752719888716e-07,0.0001229447632071193,0.001,45.74158642289281,45.740796303402824,143999,1.3749148845672607,0.9834858775138855,0.005623688511480539
0.0,8.894129166492348e-08,512,False,0,7.937115143738944e-08,1.1232314325888304e-14,4.623303417674498e-07,0.00012267289639489204,0.001,45.740796303402824,45.73999562799677,144000,1.3748525381088257,0.9834862947463989,0.005611155965947195
0.0,9.49948883999241e-08,512,False,0,7.822432344867283e-08,1.107064178507777e-14,4.995326630807815e-07,0.00012103910385437293,0.001,45.73999562799677,45.73918365411353,144001,1.374782681465149,0.9834909439086914,0.005536328081115665
0.0,8.963978359588509e-08,512,False,0,8.224786757328875e-08,1.1271676222843052e-14,7.023123326185854e-07,0.00012305549991420287,0.001,45.56697164579007,45.56637776327698,144249,1.3795543909072876,0.9844254851341248,0.0056072664754490045
0.0,7.729976658765736e-08,512,False,0,9.384056151161757e-08,1.120315087545514e-14,6.811708565997047e-07,0.00013499858671547565,0.001,45.56637776327698,45.56576867634613,144250,1.3795552253723145,0.9844139814376831,0.006151396599785869
0.0,1.0780057380088692e-07,512,False,0,9.408104726454829e-08,1.1351159695433995e-14,1.032691673812063e-06,0.000136581116493183,0.001,45.56576867634613,45.56516838157697,144251,1.3795429468154907,0.9844315052032471,0.00622342355968546
0.0,7.31088150018877e-08,512,False,0,1.0172310813915789e-07,1.26629530903509e-14,8.290248222390351e-07,0.000150825162182997,0.001,45.41993482966151,45.419408063547586,144499,1.3844335079193115,0.9856895804405212,0.006850469037024852
0.0,1.1757946083434945e-07,512,False,0,1.1355458565997144e-07,1.2936207339558763e-14,1.3425340105804952e-06,0.0001599146095430637,0.001,45.419408063547586,45.41880562615913,144500,1.3843576908111572,0.9857122302055359,0.007263226906159291
0.0,9.383073518165475e-08,512,False,0,9.142133234645356e-08,1.293158049655385e-14,9.376221124782542e-07,0.00013724247656176418,0.001,45.41880562615913,45.41826818504878,144501,1.3843233585357666,0.9857025146484375,0.006233389366611467
0.0,1.0523943672069436e-07,512,False,0,1.022840476751143e-07,1.2293864319640275e-14,9.067792441345903e-07,0.00014985164907893058,0.001,45.25312537727868,45.252342730475625,144749,1.3877429962158203,0.9873610734939575,0.006781255463760813
0.0,8.8009969090308e-08,512,False,0,9.08088553485406e-08,1.2272550803353603e-14,9.921979498201757e-07,0.00013712882526923834,0.001,45.252342730475625,45.25160566071649,144750,1.387859582901001,0.9873620271682739,0.00620540059931108
0.0,7.334164564554158e-08,512,False,0,9.230173093063882e-08,1.214994079299622e-14,7.235001417925314e-07,0.00013786615911839004,0.001,45.25160566071649,45.25082506052093,144751,1.3879512548446655,0.9873469471931458,0.00623866506638298
0.0,1.1245718667396432e-07,512,False,0,1.0734353688204897e-07,1.550726254768397e-14,1.3481979305906432e-06,0.00014840544006770493,0.001,45.06831845469891,45.0675396293976,144999,1.3905102014541626,0.9891628623008728,0.006688383633381059
0.0,8.754431490842762e-08,512,False,0,8.934763172265205e-08,1.535117976255506e-14,8.371751092107408e-07,0.00013124877467108115,0.001,45.0675396293976,45.066818926039275,145000,1.3904908895492554,0.9891729950904846,0.005915059353798826
0.0,6.379558925573292e-08,512,False,0,1.0803364361496699e-07,1.5347383255605893e-14,1.031577836577066e-06,0.0001516638557303593,0.001,45.066818926039275,45.06614353842977,145001,1.390541434288025,0.9891495704650879,0.006835007523825047
0.0,7.147900049631062e-08,512,False,0,9.11597768634944e-08,1.1442716891624075e-14,9.188144548301325e-07,0.00013683548018021796,0.001,44.894851524679204,44.89380599361305,145249,1.3930329084396362,0.9910093545913696,0.0061432085659990695
0.0,8.917412230857735e-08,512,False,0,9.656064706387619e-08,1.141536524948014e-14,8.201602416912991e-07,0.00014025487521154376,0.001,44.89380599361305,44.89276197607704,145250,1.3930456638336182,0.9910164475440979,0.006296575157405454
0.0,8.218920299896126e-08,512,False,0,9.583598121988093e-08,1.1348686554244578e-14,7.302079655319137e-07,0.00014128161626699267,0.001,44.89276197607704,44.89170037632404,145251,1.3930296897888184,0.9910507202148438,0.006342521970669556
0.0,9.965150127300149e-08,512,False,0,9.607244975170164e-08,1.3965380054493972e-14,9.281537932582843e-07,0.0001363149936667161,0.001,44.737741581389045,44.737264540516094,145499,1.39453125,0.9929651618003845,0.006098424960330229
1.8626450382086546e-09,7.380730693284931e-08,512,False,0,9.148162027481418e-08,1.3853238676264257e-14,8.268642870007686e-07,0.00013389535647539914,0.001,44.737264540516094,44.73681409427378,145500,1.39467191696167,0.9929603338241577,0.005990111983386636
3.329477848978968e-08,8.84756374830431e-08,512,False,0,1.0058314960576372e-07,1.3737199440829098e-14,8.89263583437722e-07,0.00014436891542208026,0.001,44.73681409427378,44.73636285410356,145501,1.3947341442108154,0.9929684996604919,0.00645860533022954
0.0,9.965150127300149e-08,512,False,0,1.188175252701782e-07,1.7747115869611546e-14,1.489315976722552e-06,0.0001646695137224323,0.001,44.531517541837545,44.53079356830198,145749,1.3969193696975708,0.9949808716773987,0.007332983338936352
0.0,6.612389569227162e-08,512,False,0,1.1197909071328027e-07,1.749107443572592e-14,7.275430472493395e-07,0.00016422846236099762,0.001,44.53079356830198,44.53005193163858,145750,1.3968931436538696,0.9950048327445984,0.007313223755437237
0.0,1.064035899389637e-07,512,False,0,1.2503948133889233e-07,1.7875232640785326e-14,1.5536901153770365e-06,0.00016977954965531256,0.001,44.53005193163858,44.52938661879191,145751,1.3969618082046509,0.995015025138855,0.007560292163081279
0.0,7.473862950746479e-08,512,False,0,1.298895542367029e-07,1.9228137141320968e-14,1.2881931386100396e-06,0.0001748960610330481,0.001,44.34845524947772,44.34763514854594,145999,1.398834228515625,0.9969499707221985,0.0077563701360340576
0.0,1.0011716966573658e-07,512,False,0,1.2225555024279698e-07,1.9251621624842377e-14,1.4593510904642069e-06,0.00016812210953399094,0.001,44.34763514854594,44.346822968172404,146000,1.398875117301941,0.9969493746757507,0.007455817974017307
0.0,8.335336332265797e-08,512,False,0,1.1626133087457465e-07,1.914988416094478e-14,1.0509847725353704e-06,0.00016279047586138218,0.001,44.346822968172404,44.345929225342374,146001,1.3987387418746948,0.9969726800918579,0.007219240413929258
0.0,1.0547226736434823e-07,512,False,0,1.1258968483832042e-07,1.5732890068913797e-14,1.4446038450146371e-06,0.0001617653199794526,0.001,44.139409278096394,44.13878758377626,146249,1.400136947631836,0.9988424181938171,0.0071402256655752816
0.0,7.590278272573414e-08,512,False,0,8.852980162394576e-08,1.5634453797910934e-14,8.565742701932985e-07,0.00013255079500786786,0.001,44.13878758377626,44.138198353181096,146250,1.4002553224563599,0.9988538026809692,0.005850631384912951
0.0,6.868503277246418e-08,512,False,0,1.0954923841574737e-07,1.5552482253288376e-14,1.002383012647686e-06,0.0001555615297243011,0.001,44.138198353181096,44.13761354001625,146251,1.4003747701644897,0.998833417892456,0.006866205655095479
0.0,8.894129877035084e-08,512,False,0,1.1577280842261427e-07,1.9144268622769876e-14,1.2560398961092766e-06,0.0001627707179365589,0.001,43.93627316220941,43.93507922595899,146499,1.4021695852279663,1.0005894899368286,0.0071515387260695906
0.0,8.614732394107705e-08,512,False,0,1.2954600392378332e-07,1.9025828859673344e-14,1.0401308655496209e-06,0.00018828232312392086,0.001,43.93507922595899,43.93382525549565,146500,1.4021662473678589,1.0006245374679565,0.008272198783297073
0.0,9.662471001092854e-08,512,False,0,1.1387508703094817e-07,1.9006839898086486e-14,1.3118661102247883e-06,0.00016489293204568228,0.001,43.93382525549565,43.93264112542556,146501,1.4021354913711548,1.000643014907837,0.007244377262361324
0.0,4.8195936130923656e-08,512,False,0,1.0826351097826847e-07,1.680776615309872e-14,1.1161138778563345e-06,0.0001578130251095533,0.001,43.76398415675276,43.76350052928274,146749,1.4036407470703125,1.0023294687271118,0.0069065267306237165
0.0,1.0803341154996815e-07,512,False,0,1.7596386146784104e-07,1.7861759267427382e-14,2.0161221448110276e-06,0.00023695888450195806,0.001,43.76350052928274,43.76288819798802,146750,1.403580665588379,1.0023974180221558,0.010370150267319689
0.0,9.755602548011666e-08,512,False,0,1.5144599173837735e-07,1.9162019982884612e-14,2.5069443940160504e-06,0.00021159732831786037,0.001,43.76288819798802,43.76242577625456,146751,1.4036836624145508,1.0023802518844604,0.009260110222167488
0.0,7.660127465669575e-08,512,False,0,1.043391583517968e-07,1.935168586240801e-14,7.352883985525595e-07,0.0001471186145839487,0.001,43.59650884609553,43.595821252602256,146999,1.406986951828003,1.0040582418441772,0.006413857982134439
0.0,1.1129303345569497e-07,512,False,0,1.02442665893154e-07,1.9309399657440452e-14,1.167411592745935e-06,0.00014465874000847183,0.001,43.595821252602256,43.595187243104824,147000,1.4069563150405884,1.004083275794983,0.006306516572036001
4.967053435223079e-09,6.332993507385254e-08,96,True,0,1.049076784590248e-07,1.9125564369092707e-14,9.774978797845213e-07,0.00015588748835864127,0.001,43.595187243104824,43.59459687579956,147001,1.4069217443466187,1.004087209701538,0.00679594424385229
0.0,1.0081566159669819e-07,512,False,0,1.1452660918142263e-07,2.3757047411379823e-14,1.190410343226222e-06,0.00016740311345837838,0.001,43.45864929253269,43.45744020664913,147249,1.4097962379455566,1.005773663520813,0.007275113198265726
0.0,6.77537101978487e-08,512,False,0,1.1627385627822148e-07,2.35559874996985e-14,1.0462680806588183e-06,0.00017225879924804863,0.001,43.45744020664913,43.4562709020506,147250,1.4098386764526367,1.0057655572891235,0.00748592646839125
0.0,9.359791164342823e-08,512,False,0,1.0235444432798584e-07,2.3314236668500126e-14,1.074875031314726e-06,0.00015272781418843652,0.001,43.4562709020506,43.455127302588025,147251,1.4099081754684448,1.0057828426361084,0.006636981267650745
9.313225191043273e-10,5.075707321111622e-08,512,False,0,1.0254405835885451e-07,1.4661520953035963e-14,1.093317507441664e-06,0.00015296307770956648,0.001,43.33363999377921,43.333603203268744,147499,1.4131178855895996,1.0073829889297485,0.006628446941806827
1.629814394554785e-09,9.825452451650563e-08,512,False,0,1.1233353231152057e-07,1.463939492312283e-14,1.064747048365913e-06,0.0001582411522386028,0.001,43.333603203268744,43.33358728436968,147500,1.4131864309310913,1.0073933601379395,0.006857159301535655
9.313225191043273e-10,9.825452451650563e-08,512,False,0,1.0284171259803005e-07,1.4696869471168114e-14,1.1484115830889705e-06,0.00015281535103292727,0.001,43.33358728436968,43.333587743508566,147501,1.413199782371521,1.007406234741211,0.006622037352376946
0.0,7.869674334415322e-08,512,False,0,1.7734267635251438e-07,4.458327195060992e-14,2.114369069445966e-06,0.0002385684153483157,0.001,43.2629143323437,43.26224047719743,147749,1.4182114601135254,1.0092159509658813,0.010321164915617171
0.0,1.1315567860492592e-07,512,False,0,3.3078941481986686e-07,4.811138405188651e-14,3.663369933643068e-06,0.00036902421432421974,0.001,43.26224047719743,43.261617205345416,147750,1.4185261726379395,1.0092309713363647,0.01596481430200324
0.0,8.521600136646157e-08,512,False,0,1.879506332138919e-07,4.8484743842790835e-14,2.359162486877897e-06,0.0002455456783468658,0.001,43.261617205345416,43.260901942821874,147751,1.418626308441162,1.0092533826828003,0.010622703143068981
1.4706958609167486e-05,0.8412680625915527,512,False,0,0.44553001152740557,1.7481952419644664,2.8377748096597704,0.0032045242721842043,0.001,48.54319776353017,48.554770929863025,147999,1.4000167846679688,1.0350288152694702,0.15555785548267043
7.861023732402828e-06,0.8785978555679321,96,True,0,0.6031888774184124,1.7242369508159126,5.477779729028938,0.0032819768388913715,0.001,48.554770929863025,48.565915668777514,148000,1.400002360343933,1.0349518060684204,0.1593556336094865
4.080893631908111e-06,0.8070640563964844,512,False,0,0.5535997185124232,1.698027636787555,5.834434097708566,0.0030775591319063354,0.001,48.565915668777514,48.57656911689561,148001,1.4000564813613892,1.0348855257034302,0.14946447726583922
5.4714899277996665e-08,0.002170541789382696,512,False,0,0.006074429088308462,0.5568293998905874,0.012539430660518946,0.0001955279583963593,0.001,47.885828040962764,47.881489553847636,148249,1.4003875255584717,1.0352911949157715,0.009363018192968583
1.1385345999315177e-07,0.0021303175017237663,512,False,0,0.005585237742587096,0.5456928286894867,0.01208396463696695,0.00020136713952033117,0.001,47.881489553847636,47.87716093914063,148250,1.400348424911499,1.0352798700332642,0.009641758587430917
6.682179076733519e-08,0.0021162726916372776,512,False,0,0.005317254589303187,0.5347790282340564,0.01563219675092358,0.0002000667251411332,0.001,47.87716093914063,47.87285775865011,148251,1.4003077745437622,1.0352696180343628,0.009578626798148847
6.612349778833959e-08,0.0001958479406312108,512,False,0,0.00044118932978842707,0.0035666905178497596,0.0014006478084436747,0.0003307633145710229,0.001,46.922791107853115,46.91943922463719,148499,1.3900247812271118,1.0325376987457275,0.015520337915757217
3.888263222506794e-08,0.00019570611766539514,512,False,0,0.000430707745668809,0.0034953570814383367,0.001349152522327937,0.00033550643692605356,0.001,46.91943922463719,46.91609405863488,148500,1.3899842500686646,1.032530426979065,0.01574177387682654
2.1653228543527803e-08,0.00019764954049605876,512,False,0,0.000432256230424405,0.003425450414096648,0.001298583286148659,0.00033091890340135246,0.001,46.91609405863488,46.9127534188589,148501,1.3899447917938232,1.0325227975845337,0.015525422397758164
7.916238331517889e-09,1.759437145665288e-05,512,False,0,3.4489367405275204e-05,2.2847212755609466e-05,0.00013918974177953603,0.0003026736611451855,0.001,46.157094427054986,46.1541522211813,148749,1.380013346672058,1.0302693843841553,0.013970536758060773
2.630982542939364e-08,1.720555155770853e-05,512,False,0,3.7313466274842176e-05,2.2390281291213518e-05,0.00014810025818286695,0.00030608238161624094,0.001,46.1541522211813,46.151201333498676,148750,1.379975438117981,1.0302586555480957,0.014126972833337689
2.3283062977608182e-10,1.7541286069899797e-05,512,False,0,3.6475855069542074e-05,2.1942488142436948e-05,0.00015658351875476266,0.00031257379056471,0.001,46.151201333498676,46.148247317034944,148751,1.3799375295639038,1.030251145362854,0.01442565593992678
0.0,2.283600224473048e-06,96,True,0,4.5807976995185126e-06,1.463819758183223e-07,4.577491381815163e-05,0.00030073768308958373,0.001,45.43065274368674,45.427906781741015,148999,1.3701095581054688,1.0286842584609985,0.013662709247383793
0.0,2.1392454527813243e-06,512,False,0,4.662461890423864e-06,1.434544464244201e-07,2.1595247781735867e-05,0.00029495171359237877,0.001,45.427906781741015,45.42516550392459,149000,1.3700748682022095,1.028680443763733,0.013399038950189356
1.1641529962247432e-09,2.1473945253092097e-06,512,False,0,4.610007153885045e-06,1.4058543952993511e-07,1.7756492608649212e-05,0.0002861552587364917,0.001,45.42516550392459,45.422427509510875,149001,1.3700389862060547,1.0286797285079956,0.0129986499879235
2.3283062977608182e-10,4.575121010930161e-07,512,False,0,9.194692579872911e-07,9.402557284208018e-10,1.0296114589230582e-05,0.00023652830168244675,0.001,44.857429275910015,44.855780655160515,149249,1.3612040281295776,1.0277855396270752,0.010610051564471463
2.3283062977608182e-10,4.475003834158997e-07,512,False,0,6.511405745894963e-07,9.21485613559583e-10,9.02736116831331e-06,0.00022170278569024095,0.001,44.855780655160515,44.85412125672696,149250,1.361175775527954,1.0277807712554932,0.009944651525559508
2.3283062977608182e-10,4.4563773826666875e-07,512,False,0,6.785792232142796e-07,9.030595456221266e-10,4.662857554513034e-06,0.00022246960057750495,0.001,44.85412125672696,44.85248249686039,149251,1.3611458539962769,1.027776837348938,0.009978678440239022
3.5669484077516245e-07,0.0008356153848581016,512,False,0,0.0036920317263479407,0.3867607095919208,0.010923255930747663,0.00037300559670231905,0.001,44.48962128457269,44.485525451238814,149499,1.3721263408660889,1.0404384136199951,0.01659487773431223
2.5541442028043093e-07,0.0008242959156632423,512,False,0,0.003634454012458111,0.3790255688895546,0.010144718547672866,0.0004048880368469519,0.001,44.485525451238814,44.48142703674468,149500,1.3720893859863281,1.040427803993225,0.0180116570680572
3.529687546688365e-07,0.0008133058436214924,512,False,0,0.003709766165182342,0.37144512721753215,0.011876126094361748,0.0003977439416974159,0.001,44.48142703674468,44.47733295399292,149501,1.3720533847808838,1.0404173135757446,0.017692218121920834
1.739240929055086e-07,5.414804763859138e-05,512,False,0,0.00020154624168974408,0.002477256389857425,0.001059771981791587,0.0002916074636029956,0.001,43.485280596442514,43.48132527564143,149749,1.3625158071517944,1.038083791732788,0.012680632378793162
1.129227911178532e-07,5.2509261877276e-05,512,False,0,0.00021926673350408687,0.0024277116188461787,0.0007463216949217184,0.0002935889674362895,0.001,43.48132527564143,43.47737000830088,149750,1.362478256225586,1.0380741357803345,0.012765637390437004
1.4016370641911635e-07,5.262310878606513e-05,512,False,0,0.00021976976888855515,0.0023791574114752543,0.00046677718584714305,0.0002964040761809006,0.001,43.47737000830088,43.47342109097303,149751,1.3624414205551147,1.0380644798278809,0.012886869692085618
1.4202666598350788e-08,7.884076694608666e-06,512,False,0,2.3130119336344884e-05,1.5867514065337365e-05,8.715802993819965e-05,0.0002761897737250594,0.001,42.5446919389445,42.541167960828815,149999,1.3529940843582153,1.035813808441162,0.011750408839819442
1.327134402373531e-08,7.942284355522133e-06,512,False,0,2.318396365442152e-05,1.555016832054702e-05,0.00011438825009516551,0.00027316755558260856,0.001,42.541167960828815,42.53763858957129,150000,1.3529566526412964,1.0358048677444458,0.011620866863488791
